<?xml version="1.0" encoding="utf-8"?>
<COLLADA xmlns="http://www.collada.org/2005/11/COLLADASchema" version="1.4.1">
  <asset />
  <library_images>
    <image id="mPltTreeOakLeafColor_Grd">
      <init_from>mPltTreeOakLeafColor_Grd.png</init_from>
    </image>
    <image id="mPltTreeOakTrunkColor_Grd">
      <init_from>mPltTreeOakTrunkColor_Grd.png</init_from>
    </image>
    <image id="mPltTreeOakTrunk_AlbGry">
      <init_from>mPltTreeOakTrunk_AlbGry.png</init_from>
    </image>
    <image id="mPltTreeOakTrunk_Mix">
      <init_from>mPltTreeOakTrunk_Mix.png</init_from>
    </image>
    <image id="mPltTreeOakTrunk_Nrm">
      <init_from>mPltTreeOakTrunk_Nrm.png</init_from>
    </image>
    <image id="mTreeOakLeafBack_AlbGry">
      <init_from>mTreeOakLeafBack_AlbGry.png</init_from>
    </image>
    <image id="mTreeOakLeafBack_Mix">
      <init_from>mTreeOakLeafBack_Mix.png</init_from>
    </image>
    <image id="mTreeOakLeafBack_Nrm">
      <init_from>mTreeOakLeafBack_Nrm.png</init_from>
    </image>
    <image id="mTreeOakLeafBack_OP">
      <init_from>mTreeOakLeafBack_OP.png</init_from>
    </image>
    <image id="mTreeOakLeaf_AlbGry">
      <init_from>mTreeOakLeaf_AlbGry.png</init_from>
    </image>
    <image id="mTreeOakLeaf_Mix">
      <init_from>mTreeOakLeaf_Mix.png</init_from>
    </image>
    <image id="mTreeOakLeaf_Nrm">
      <init_from>mTreeOakLeaf_Nrm.png</init_from>
    </image>
    <image id="mTreeOakLeaf_OP">
      <init_from>mTreeOakLeaf_OP.png</init_from>
    </image>
  </library_images>
  <library_materials>
    <material id="mPltTreeOakTrunk">
      <instance_effect url="#Effect_mPltTreeOakTrunk" />
    </material>
    <material id="mShadow">
      <instance_effect url="#Effect_mShadow" />
    </material>
    <material id="mShadowShake">
      <instance_effect url="#Effect_mShadowShake" />
    </material>
    <material id="mTreeOakLeaf">
      <instance_effect url="#Effect_mTreeOakLeaf" />
    </material>
    <material id="mTreeOakLeafBack">
      <instance_effect url="#Effect_mTreeOakLeafBack" />
    </material>
  </library_materials>
  <library_effects>
    <effect id="Effect_mPltTreeOakTrunk">
      <profile_COMMON>
        <newparam sid="surface_mPltTreeOakTrunk-bump">
          <surface type="2D">
            <init_from>mPltTreeOakTrunk_Nrm</init_from>
            <format>A8R8G8B8</format>
          </surface>
        </newparam>
        <newparam sid="sampler_mPltTreeOakTrunk-bump">
          <sampler2D>
            <source>surface_mPltTreeOakTrunk-bump</source>
            <wrap_s>WRAP</wrap_s>
            <wrap_t>WRAP</wrap_t>
          </sampler2D>
        </newparam>
        <newparam sid="surface_mPltTreeOakTrunk-diffuse">
          <surface type="2D">
            <init_from>mPltTreeOakTrunk_AlbGry</init_from>
            <format>A8R8G8B8</format>
          </surface>
        </newparam>
        <newparam sid="sampler_mPltTreeOakTrunk-diffuse">
          <sampler2D>
            <source>surface_mPltTreeOakTrunk-diffuse</source>
            <wrap_s>WRAP</wrap_s>
            <wrap_t>WRAP</wrap_t>
          </sampler2D>
        </newparam>
        <newparam sid="surface_mPltTreeOakTrunk-specular">
          <surface type="2D">
            <init_from>mPltTreeOakTrunk_Mix</init_from>
            <format>A8R8G8B8</format>
          </surface>
        </newparam>
        <newparam sid="sampler_mPltTreeOakTrunk-specular">
          <sampler2D>
            <source>surface_mPltTreeOakTrunk-specular</source>
            <wrap_s>WRAP</wrap_s>
            <wrap_t>WRAP</wrap_t>
          </sampler2D>
        </newparam>
        <technique sid="common">
          <phong>
            <bump>
              <texture texture="sampler_mPltTreeOakTrunk-bump" texcoord="CHANNEL0" />
            </bump>
            <diffuse>
              <texture texture="sampler_mPltTreeOakTrunk-diffuse" texcoord="CHANNEL0" />
            </diffuse>
            <specular>
              <texture texture="sampler_mPltTreeOakTrunk-specular" texcoord="CHANNEL0" />
            </specular>
            <emission>
              <color sid="emission">0 0 0 1</color>
            </emission>
          </phong>
        </technique>
      </profile_COMMON>
    </effect>
    <effect id="Effect_mShadow">
      <profile_COMMON>
        <technique sid="common">
          <phong>
            <diffuse>
              <color sid="diffuse">1 1 1 1</color>
            </diffuse>
            <emission>
              <color sid="emission">0 0 0 1</color>
            </emission>
            <specular>
              <color sid="specular">0 0 0 1</color>
            </specular>
          </phong>
        </technique>
      </profile_COMMON>
    </effect>
    <effect id="Effect_mShadowShake">
      <profile_COMMON>
        <technique sid="common">
          <phong>
            <diffuse>
              <color sid="diffuse">1 1 1 1</color>
            </diffuse>
            <emission>
              <color sid="emission">0 0 0 1</color>
            </emission>
            <specular>
              <color sid="specular">0 0 0 1</color>
            </specular>
          </phong>
        </technique>
      </profile_COMMON>
    </effect>
    <effect id="Effect_mTreeOakLeaf">
      <profile_COMMON>
        <newparam sid="surface_mTreeOakLeaf-bump">
          <surface type="2D">
            <init_from>mTreeOakLeaf_Nrm</init_from>
            <format>A8R8G8B8</format>
          </surface>
        </newparam>
        <newparam sid="sampler_mTreeOakLeaf-bump">
          <sampler2D>
            <source>surface_mTreeOakLeaf-bump</source>
            <wrap_s>WRAP</wrap_s>
            <wrap_t>WRAP</wrap_t>
          </sampler2D>
        </newparam>
        <newparam sid="surface_mTreeOakLeaf-specular">
          <surface type="2D">
            <init_from>mTreeOakLeaf_Mix</init_from>
            <format>A8R8G8B8</format>
          </surface>
        </newparam>
        <newparam sid="sampler_mTreeOakLeaf-specular">
          <sampler2D>
            <source>surface_mTreeOakLeaf-specular</source>
            <wrap_s>WRAP</wrap_s>
            <wrap_t>WRAP</wrap_t>
          </sampler2D>
        </newparam>
        <newparam sid="surface_mTreeOakLeaf-diffuse">
          <surface type="2D">
            <init_from>mTreeOakLeaf_AlbGry</init_from>
            <format>A8R8G8B8</format>
          </surface>
        </newparam>
        <newparam sid="sampler_mTreeOakLeaf-diffuse">
          <sampler2D>
            <source>surface_mTreeOakLeaf-diffuse</source>
            <wrap_s>WRAP</wrap_s>
            <wrap_t>WRAP</wrap_t>
          </sampler2D>
        </newparam>
        <technique sid="common">
          <phong>
            <bump>
              <texture texture="sampler_mTreeOakLeaf-bump" texcoord="CHANNEL0" />
            </bump>
            <specular>
              <texture texture="sampler_mTreeOakLeaf-specular" texcoord="CHANNEL0" />
            </specular>
            <diffuse>
              <texture texture="sampler_mTreeOakLeaf-diffuse" texcoord="CHANNEL0" />
            </diffuse>
            <emission>
              <color sid="emission">0 0 0 1</color>
            </emission>
          </phong>
        </technique>
      </profile_COMMON>
    </effect>
    <effect id="Effect_mTreeOakLeafBack">
      <profile_COMMON>
        <newparam sid="surface_mTreeOakLeafBack-bump">
          <surface type="2D">
            <init_from>mTreeOakLeafBack_Nrm</init_from>
            <format>A8R8G8B8</format>
          </surface>
        </newparam>
        <newparam sid="sampler_mTreeOakLeafBack-bump">
          <sampler2D>
            <source>surface_mTreeOakLeafBack-bump</source>
            <wrap_s>WRAP</wrap_s>
            <wrap_t>WRAP</wrap_t>
          </sampler2D>
        </newparam>
        <newparam sid="surface_mTreeOakLeafBack-diffuse">
          <surface type="2D">
            <init_from>mTreeOakLeafBack_AlbGry</init_from>
            <format>A8R8G8B8</format>
          </surface>
        </newparam>
        <newparam sid="sampler_mTreeOakLeafBack-diffuse">
          <sampler2D>
            <source>surface_mTreeOakLeafBack-diffuse</source>
            <wrap_s>WRAP</wrap_s>
            <wrap_t>WRAP</wrap_t>
          </sampler2D>
        </newparam>
        <newparam sid="surface_mTreeOakLeafBack-specular">
          <surface type="2D">
            <init_from>mTreeOakLeafBack_Mix</init_from>
            <format>A8R8G8B8</format>
          </surface>
        </newparam>
        <newparam sid="sampler_mTreeOakLeafBack-specular">
          <sampler2D>
            <source>surface_mTreeOakLeafBack-specular</source>
            <wrap_s>WRAP</wrap_s>
            <wrap_t>WRAP</wrap_t>
          </sampler2D>
        </newparam>
        <technique sid="common">
          <phong>
            <bump>
              <texture texture="sampler_mTreeOakLeafBack-bump" texcoord="CHANNEL0" />
            </bump>
            <diffuse>
              <texture texture="sampler_mTreeOakLeafBack-diffuse" texcoord="CHANNEL0" />
            </diffuse>
            <specular>
              <texture texture="sampler_mTreeOakLeafBack-specular" texcoord="CHANNEL0" />
            </specular>
            <emission>
              <color sid="emission">0 0 0 1</color>
            </emission>
          </phong>
        </technique>
      </profile_COMMON>
    </effect>
  </library_effects>
  <library_geometries>
    <geometry id="L01_01__mTreeOakLeaf-mesh" name="L01_01__mTreeOakLeaf">
      <mesh>
        <source id="L01_01__mTreeOakLeaf-position">
          <float_array id="L01_01__mTreeOakLeaf-position-array" count="2898">11.28492 19.41274 2.09684 8.415536 20.93531 2.201429 10.07683 19.4906 3.967041 8.556966 20.37118 3.782155 8.863264 21.18681 0.5992283 8.415536 20.93531 2.201429 10.42987 20.42963 0.3018413 11.28492 19.41274 2.09684 12.74881 16.1254 4.054978 11.13527 18.92454 3.703105 10.93175 16.58022 5.261059 10.22678 18.1581 4.89649 12.37505 19.11624 2.581969 11.13527 18.92454 3.703105 13.4057 17.68322 2.595895 12.74881 16.1254 4.054978 2.504152 24.47785 2.238321 1.546172 27.39278 1.166888 0.3494258 25.0387 2.162154 0.07244606 26.67037 1.5453 3.216595 27.51668 1.008467 1.546172 27.39278 1.166888 3.970071 26.01289 1.544107 2.504152 24.47785 2.238321 7.174294 27.14185 -2.511758 4.70566 29.24816 -2.690126 5.780046 27.44752 -0.8012509 4.519148 28.63966 -1.130677 5.399047 29.42418 -4.21295 4.70566 29.24816 -2.690126 6.793548 28.35066 -4.350513 7.174294 27.14185 -2.511758 7.459257 22.83007 -0.9970846 6.05706 25.75381 -0.7778149 6.069686 23.33166 0.6704559 5.432125 24.97629 0.5793333 6.969901 25.93101 -2.179985 6.05706 25.75381 -0.7778149 7.840621 24.4307 -2.506965 7.459257 22.83007 -0.9970846 0.6070712 20.97326 2.245245 1.073623 24.18448 2.063921 -1.102831 22.38801 2.050526 -0.6048732 24.08068 1.970057 2.656324 23.62893 2.195015 1.073623 24.18448 2.063921 2.652433 21.86744 2.30959 0.6070712 20.97326 2.245245 -5.536904 10.05358 3.799279 -5.682722 13.26031 4.307332 -7.486791 11.11113 4.005934 -7.315542 12.84818 4.275995 -4.019961 13.01401 4.234351 -5.682722 13.26031 4.307332 -3.691863 11.30172 3.957923 -5.536904 10.05358 3.799279 -2.500668 21.93359 3.381484 -2.268745 25.0084 2.354732 -4.249819 23.00461 2.511677 -3.883974 24.66271 2.025393 -0.7011359 24.72276 2.89489 -2.268745 25.0084 2.354732 -0.58476 23.07341 3.513037 -2.500668 21.93359 3.381484 -5.064735 25.08865 0.3247681 -3.596898 27.94433 -0.1782584 -5.84914 26.55451 -1.158186 -4.887125 28.03244 -1.257371 -2.608056 27.26987 1.004139 -3.596898 27.94433 -0.1782584 -3.224928 25.67607 1.446037 -5.064735 25.08865 0.3247681 -5.162796 27.03799 -1.248699 -2.986929 29.45191 -1.281449 -5.129579 28.55205 -2.882623 -3.86089 29.76517 -2.686794 -2.559731 28.64301 0.1306205 -2.986929 29.45191 -1.281449 -3.631525 27.25958 0.3616767 -5.162796 27.03799 -1.248699 -1.923747 13.20013 5.656035 -3.439959 16.05922 5.357302 -4.123432 13.3872 5.955339 -4.721107 15.03538 5.741174 -1.847493 16.49601 5.034767 -3.439959 16.05922 5.357302 -0.8142467 15.0688 5.141936 -1.923747 13.20013 5.656035 5.491348 12.37233 6.581176 5.493909 15.52808 5.804175 3.592472 13.51002 6.329932 3.843822 15.20669 5.908382 7.143469 15.20151 5.859506 5.493909 15.52808 5.804175 7.392066 13.50368 6.273741 5.491348 12.37233 6.581176 -10.88044 14.43612 5.06246 -9.509063 17.35621 4.66885 -11.81198 15.99423 3.771053 -10.88704 17.4977 3.710681 -8.412663 16.61514 5.707836 -9.509063 17.35621 4.66885 -8.962854 14.97761 6.070854 -10.88044 14.43612 5.06246 -11.5357 12.91676 1.602816 -10.78997 15.68785 3.128413 -12.45025 14.85755 1.002726 -11.8936 16.2235 1.974284 -9.83946 14.58322 3.969296 -10.78997 15.68785 3.128413 -10.08496 12.96843 3.299839 -11.5357 12.91676 1.602816 -9.013701 20.15804 1.579216 -7.289173 22.57874 0.2644207 -9.548515 21.0246 -0.4022584 -8.469156 22.32689 -0.9108002 -6.463281 22.33357 1.709603 -7.289173 22.57874 0.2644207 -7.23892 21.03201 2.615328 -9.013701 20.15804 1.579216 -1.20804 22.22283 2.135789 -3.928064 23.25568 0.6876167 -3.173658 22.17547 3.18331 -4.506459 22.786 2.19818 -2.791177 23.51328 -0.5255983 -3.928064 23.25568 0.6876167 -1.198172 23.01282 0.0470053 -1.20804 22.22283 2.135789 4.578227 10.87883 6.004918 5.146033 14.01839 5.385854 2.912436 12.34385 5.799891 3.463832 13.98799 5.464665 6.711648 13.40416 5.434152 5.146033 14.01839 5.385854 6.65228 11.67121 5.764828 4.578227 10.87883 6.004918 10.64668 12.79582 5.012118 9.279188 15.74094 5.148998 8.689789 13.1238 6.025139 8.147182 14.80378 5.971933 10.69198 16.0734 4.297958 9.279188 15.74094 5.148998 11.62032 14.58544 4.097517 10.64668 12.79582 5.012118 3.641581 15.14518 7.065791 4.543574 18.13689 6.172181 2.157483 16.63912 6.338624 2.880497 18.19295 5.91147 6.021447 17.46656 6.616373 4.543574 18.13689 6.172181 5.774229 15.80233 7.150436 3.641581 15.14518 7.065791 2.819281 18.27836 5.708079 2.758406 21.04058 3.996675 0.9563327 18.99127 4.715929 1.165841 20.5136 3.845165 4.363472 21.00041 4.499581 2.758406 21.04058 3.996675 4.638459 19.55153 5.469698 2.819281 18.27836 5.708079 6.997457 20.31136 4.626797 5.031449 22.2341 2.894636 4.82942 20.49276 5.106279 3.964413 21.59385 4.029735 6.502158 22.47956 2.115196 5.031449 22.2341 2.894636 7.751897 21.51245 2.901859 6.997457 20.31136 4.626797 4.779379 28.5284 -3.580181 2.440527 30.15165 -5.14777 2.893666 29.12859 -2.556927 1.773367 29.99935 -3.608733 3.587915 29.97065 -6.364941 2.440527 30.15165 -5.14777 4.983414 29.09536 -5.730561 4.779379 28.5284 -3.580181 0.6303596 14.2198 4.326361 -0.7887292 17.14339 4.362857 -0.9979506 14.70458 5.767467 -1.613981 16.35133 5.599201 0.3278985 17.33515 3.119021 -0.7887292 17.14339 4.362857 1.238318 15.83713 2.911499 0.6303596 14.2198 4.326361 -1.496492 10.92641 2.825691 -2.857829 13.86621 3.084314 -3.696187 11.17147 3.079634 -4.203246 12.85925 3.197536 -1.232894 14.26955 2.917989 -2.857829 13.86621 3.084314 -0.2756262 12.79512 2.757704 -1.496492 10.92641 2.825691 -6.55357 10.87858 1.023415 -6.486357 14.12409 1.180568 -8.429031 12.07867 1.098488 -8.142935 13.81965 1.180558 -4.84358 13.76214 1.148309 -6.486357 14.12409 1.180568 -4.629782 12.01208 1.061338 -6.55357 10.87858 1.023415 -10.57238 12.44167 -1.847669 -8.823408 15.18062 -1.806185 -11.54147 14.4429 -1.986103 -10.39066 15.78209 -1.943616 -7.615264 14.01678 -1.677273 -8.823408 15.18062 -1.806185 -8.345755 12.4098 -1.679407 -10.57238 12.44167 -1.847669 -10.58999 10.54795 -3.455611 -8.767941 13.18169 -2.902396 -11.44889 12.60063 -3.5652 -10.26983 13.87149 -3.227105 -7.640166 11.95112 -2.691278 -8.767941 13.18169 -2.902396 -8.421004 10.38899 -2.948249 -10.58999 10.54795 -3.455611 -6.480501 9.056962 -3.834906 -6.334411 12.23414 -3.166533 -8.325209 10.2909 -3.640894 -7.99701 11.98745 -3.275369 -4.701809 11.82847 -3.194932 -6.334411 12.23414 -3.166533 -4.530752 10.10747 -3.548345 -6.480501 9.056962 -3.834906 -6.266772 11.9326 5.549691 -6.793621 15.13599 5.397286 -8.330101 12.77254 5.53073 -8.366859 14.53627 5.444057 -5.112206 15.07797 5.381808 -6.793621 15.13599 5.397286 -4.582257 13.39595 5.459069 -6.266772 11.9326 5.549691 -11.9084 15.50629 2.495313 -10.69969 18.51886 2.656442 -12.54794 17.0941 1.069461 -11.7566 18.64778 1.351347 -9.890971 17.77139 3.928452 -10.69969 18.51886 2.656442 -10.39978 16.08458 4.03702 -11.9084 15.50629 2.495313 9.299723 10.33847 0.5415751 7.898676 13.2272 1.046354 7.126829 10.51304 1.001196 6.59301 12.18021 1.236057 9.492014 13.68105 0.7530059 7.898676 13.2272 1.046354 10.46524 12.24095 0.4448997 9.299723 10.33847 0.5415751 4.267054 13.35011 -0.9426315 4.576254 16.57519 -1.199046 2.497038 14.69963 -0.8475223 2.910842 16.40899 -1.010059 6.178178 16.0792 -1.335384 4.576254 16.57519 -1.199046 6.259389 14.31949 -1.222107 4.267054 13.35011 -0.9426315 9.32213 10.98701 3.854537 8.190022 14.02966 4.006597 7.28025 11.43121 4.626939 6.886542 13.15296 4.614275 9.725951 14.28163 3.367696 8.190022 14.02966 4.006597 10.55 12.73054 3.191468 9.32213 10.98701 3.854537 13.21717 14.41665 2.838641 11.29788 17.01616 2.490259 11.34994 14.65214 4.030766 10.47269 16.14208 3.670075 12.51717 17.35649 1.381975 11.29788 17.01616 2.490259 13.70441 16.05025 1.396024 13.21717 14.41665 2.838641 6.489188 8.947717 -2.789922 6.348439 12.11482 -2.074263 4.541234 9.99019 -2.503714 4.715194 11.70603 -2.122654 8.010584 11.87331 -2.172816 6.348439 12.11482 -2.074263 8.335941 10.18245 -2.561557 6.489188 8.947717 -2.789922 4.346817 27.62562 -0.2872477 2.704959 29.8563 -1.987502 2.503646 28.58038 0.5216708 1.785548 29.75988 -0.5795531 3.961487 29.4947 -3.046344 2.704959 29.8563 -1.987502 5.009461 28.27476 -2.31868 4.346817 27.62562 -0.2872477 -5.894888 22.26393 3.788028 -7.558528 22.04098 3.64828 -8.055524 20.64446 4.608643 -6.363907 19.65438 5.667593 -4.335057 20.54062 5.3751 -4.32755 21.95107 4.313699 2.079385 20.46912 5.420444 0.4491601 20.34186 5.016578 -0.1988349 18.8164 5.62704 1.311517 17.58492 6.706609 3.37398 18.42723 6.861402 3.551945 20.00418 6.088394 8.362098 19.72027 5.816009 7.222542 18.84209 6.691877 7.993674 17.43552 7.431134 10.16938 17.28159 6.977501 11.04562 18.88112 5.688734 9.872737 20.09772 5.178624 5.33359 23.41223 1.016301 4.171229 23.11177 2.197646 4.907167 22.25009 3.552448 7.080099 21.84936 3.267886 7.997257 22.57236 1.364392 6.854554 23.39179 0.2972664 0.3500543 30.08678 0.6444364 -1.303335 29.85229 0.8641047 -1.571474 28.53972 2.015127 0.3163018 27.64135 2.784817 2.228346 28.50129 2.015534 1.996513 29.81916 0.864244 -4.910259 23.83248 0.2131348 -6.476184 23.58148 0.7804211 -6.418111 22.89483 2.406684 -4.344718 22.59043 3.162706 -2.677959 23.17908 1.797932 -3.228214 23.82845 0.2514732 -5.979595 22.97816 -2.126677 -5.37599 23.00808 -3.698842 -6.66049 22.59465 -4.838459 -8.614439 22.1778 -3.852807 -8.673886 22.33643 -1.626036 -7.124202 22.78391 -0.9089327 -2.999297 22.95353 3.191646 -4.527738 22.68495 3.846374 -4.426654 21.45727 5.112147 -2.362269 20.68055 5.425539 -0.7559199 21.53814 4.13272 -1.340058 22.7554 2.995595 -6.98716 23.1646 1.771316 -8.342736 23.33656 0.7865431 -9.644239 22.29901 1.377441 -9.08613 21.12787 3.18856 -7.018822 21.42118 3.980655 -6.062558 22.57444 3.047086 -6.436241 23.59578 -0.5386209 -7.383324 23.63805 -1.930807 -9.019243 23.08787 -1.555769 -9.294109 22.52994 0.5834752 -7.514115 22.73837 1.915911 -6.075953 23.33465 1.08396 -8.126222 22.26916 -1.226179 -8.132991 22.15347 -2.906508 -9.633785 21.39419 -3.445669 -10.99816 20.84876 -1.771101 -10.29756 21.32462 0.2952769 -8.709136 22.0932 0.3422627 -5.198092 22.75804 -0.9307292 -5.553916 22.36223 -2.528745 -7.175803 21.66944 -2.624268 -8.200636 21.54626 -0.6499999 -7.066583 22.29436 1.122418 -5.458768 22.90504 0.724928 -3.839146 23.04005 -6.971857 -4.960254 22.78798 -8.203325 -6.502078 22.2762 -7.510175 -6.466339 22.13319 -5.287235 -4.5416 22.64223 -4.275571 -3.257471 23.10593 -5.394495 7.790838 21.53846 4.630959 6.56702 20.90883 5.601929 7.223912 19.64145 6.64203 9.403811 19.29419 6.340953 10.42395 20.5606 4.810359 9.34584 21.70727 4.011096 5.375767 21.95184 4.721891 3.701852 21.82634 4.860436 3.292535 20.52674 5.984308 5.077625 19.49962 6.833818 7.077085 20.23569 6.164814 6.988464 21.57383 5.016979 3.544774 22.82291 1.867683 1.904016 22.77633 1.489952 0.994803 22.13303 2.860751 2.279752 21.60456 4.602248 4.474275 21.9521 4.377542 4.925789 22.61932 2.806892 5.938124 22.93347 1.24605 7.571905 22.7237 1.597749 8.501823 22.66465 0.09729815 7.244821 22.88125 -1.729234 5.048278 23.1354 -1.416481 4.572642 23.13251 0.283448 1.396215 31.19479 -0.8475642 -0.03836992 31.00403 0.01412725 0.2468646 29.9855 1.428633 2.358646 29.29973 1.611091 3.778421 29.97654 0.02573061 3.028412 30.99644 -1.204429 -1.682335 30.78089 -1.003109 -3.126294 30.946 -1.854376 -4.353167 29.88265 -1.158914 -3.612747 28.69677 0.5756326 -1.484325 29.00941 1.175034 -0.6347395 30.18786 0.1723156 -0.3365748 31.2925 -3.612854 0.7990252 31.20195 -2.372229 2.412463 30.98083 -3.055979 2.423548 30.89535 -5.282133 0.4500529 31.09542 -6.308043 -0.9054486 31.30151 -5.196225 7.705254 21.11114 -3.511068 9.317819 20.78293 -3.152114 10.07337 19.948 -4.512854 8.68421 19.60754 -6.220926 6.59116 20.34819 -5.980558 6.293694 21.13062 -4.426428 5.300201 22.76637 -0.4561591 6.928463 22.5269 -0.09789228 7.749433 21.82547 -1.495604 6.39987 21.49267 -3.236613 4.259625 22.07567 -2.978423 3.897731 22.7443 -1.385326 -1.697054 29.04623 0.4564123 -3.305079 29.00061 -0.042696 -4.176259 27.76155 0.8657947 -2.898743 26.68675 2.340911 -0.7571902 27.30847 2.461038 -0.3357678 28.60738 1.342457 -4.456574 28.78333 -1.566766 -5.725374 28.52652 -2.644325 -6.779516 27.24923 -2.030399 -6.107044 26.41193 -0.07850409 -4.247853 27.27971 0.8033028 -3.526659 28.55322 -0.1836286 -3.147222 30.34994 -2.386138 -3.877508 30.3651 -3.90383 -5.316157 29.34066 -3.883316 -5.690236 28.38384 -1.906513 -4.23584 28.84068 -0.2745705 -2.939084 29.9311 -0.7699671 -0.9180502 31.44754 -3.694341 -1.806012 31.42668 -5.125432 -3.426142 30.79671 -4.812529 -3.762837 30.24726 -2.67994 -2.054077 30.56084 -1.276724 -0.6141977 31.22196 -2.054966 0.3360014 31.74413 -3.35937 -1.316905 31.61422 -3.062791 -1.58306 31.02418 -1.419436 0.3059082 30.65195 -0.2985272 2.216514 31.06502 -1.378421 1.982728 31.64978 -3.027478 1.76238 31.41393 -3.182058 1.475146 31.05776 -1.561079 2.932156 30.37379 -0.8338251 4.635777 30.20752 -2.259736 4.273372 30.90868 -4.348814 2.639598 31.52239 -4.613661 -0.2385183 30.88782 -4.122416 0.541584 30.77919 -5.611233 -0.6076162 30.26561 -6.85025 -2.665484 29.93587 -6.063072 -2.978317 30.29061 -3.880527 -1.51694 30.80099 -3.032068 -2.375102 30.15937 -3.769614 -1.362149 30.27859 -5.110004 -2.216668 29.72666 -6.553877 -4.305335 29.06789 -6.145615 -5.006127 29.1939 -4.028963 -3.784381 29.81604 -2.917078 -6.881232 19.0291 5.451218 -8.505218 19.12597 5.015073 -9.408401 17.81834 5.785762 -8.139575 16.497 7.053569 -5.965976 16.99629 7.169255 -5.515617 18.41233 6.216366 -2.104437 22.27714 2.500832 -2.879099 21.59443 3.831522 -1.805648 20.43005 4.613517 0.1758952 20.24553 3.612203 0.5178375 21.52177 1.811793 -0.8615627 22.54271 1.398335 -1.698818 20.50483 4.045063 -3.201098 20.24208 4.759941 -3.053361 19.01846 6.025053 -0.9800415 18.23793 6.260238 0.5764637 19.08735 4.902671 -0.04895496 20.30213 3.785018 -8.553473 22.39232 1.109346 -9.500536 22.66236 -0.2570691 -10.96418 21.67742 -0.1720076 -11.08146 20.4279 1.668683 -9.381065 20.59084 3.107199 -8.125472 21.71894 2.590606 -9.451461 21.35207 -0.7813854 -9.565916 21.27564 -2.460073 -10.9602 20.29301 -2.918334 -12.0882 19.4926 -1.171866 -11.32033 20.02918 0.8553649 -9.878395 21.04671 0.817126 -8.408358 21.90725 -3.06283 -7.543217 21.88005 -4.507726 -8.503092 21.09014 -5.762427 -10.49745 20.40252 -5.046262 -10.98972 20.79683 -2.903971 -9.702445 21.62548 -2.025184 -6.269318 21.8823 -3.598602 -4.653472 22.02402 -4.052358 -4.459044 21.51351 -5.731993 -6.365823 20.86362 -6.683317 -8.203214 20.94617 -5.416673 -7.904978 21.53143 -3.778219 -4.286057 22.14701 -6.416152 -4.088269 21.96194 -8.078548 -5.665841 21.76664 -8.84843 -7.364367 21.82672 -7.408084 -6.84953 22.11709 -5.254522 -5.115903 22.26631 -4.957424 4.403842 29.3471 -0.7887044 3.719166 28.85505 0.6693926 4.643568 27.50611 1.336803 6.372653 26.90675 0.06628418 6.686125 28.06204 -1.818988 5.492767 29.33807 -2.071249 2.920693 28.71946 1.23548 1.430465 28.46626 1.978477 1.499425 27.00663 2.970605 3.48512 25.99786 2.919757 5.064981 26.94597 1.657882 4.526812 28.41385 0.8383107 -4.624826 21.00854 4.523633 -6.20395 20.47752 4.771265 -6.19372 19.02513 5.776267 -4.14707 18.38139 6.376285 -2.443937 19.62663 5.644212 -2.947607 21.00014 4.656399 5.402803 19.99916 5.949304 4.007298 19.21518 6.473586 4.443571 17.83314 7.483157 6.643124 17.58013 7.730437 7.950863 19.06645 6.697049 7.052979 20.28645 5.790734 3.131631 19.31354 5.724171 1.564789 18.71412 5.874638 1.594862 17.18033 6.749954 3.64382 16.55037 7.356677 5.324504 17.90718 6.789598 4.803638 19.3456 5.9089 7.680177 18.71107 6.012958 6.094322 18.34122 6.443311 6.043102 16.75991 7.22845 8.042215 15.79031 7.391574 9.781015 16.92079 6.563447 9.340368 18.48122 5.86567 9.962907 20.09064 4.8418 8.968128 19.24483 5.905736 9.7653 17.75048 6.406746 11.77805 17.47447 5.492504 12.48568 19.07954 4.110394 11.33038 20.39927 3.911469 6.777061 22.73283 2.641962 6.009927 22.21018 4.04741 7.131888 21.25119 5.017528 9.148104 21.04807 4.091886 9.459495 22.05633 2.123722 8.031033 22.90955 1.534223 2.501778 21.7344 3.278756 1.159077 21.95786 2.286709 -0.1962867 21.0018 2.893782 0.2959347 19.8388 4.729085 2.374198 20.03877 5.521573 3.391561 21.12173 4.568592 9.129143 21.96823 -0.177794 9.494675 21.53717 1.408872 11.00538 20.62281 1.445182 11.91596 20.34238 -0.5686157 10.82277 21.23096 -2.301405 9.335817 22.06546 -1.844705 9.336329 21.05307 -2.681083 10.52216 20.75517 -1.522641 11.95098 20.06301 -2.296584 11.72834 19.81407 -4.499232 9.785803 20.456 -5.394596 8.641639 21.09657 -4.212838 5.85504 21.63667 -4.593866 7.511152 21.33008 -4.578691 8.011628 20.68143 -6.143418 6.332908 20.48351 -7.594596 4.310592 21.11473 -6.888193 4.297047 21.70648 -5.22517 -4.982553 27.06787 0.03343582 -6.132928 26.94381 -1.190567 -6.822205 25.31764 -1.198152 -5.968696 23.98989 0.374042 -4.406133 24.87527 1.701334 -4.03466 26.55995 1.327373 -0.5531623 27.88715 1.523621 -2.227239 27.77504 1.375855 -2.803716 26.32877 2.209869 -1.171355 25.15019 3.163564 0.9054979 25.93953 2.938109 0.9939824 27.43728 2.00811 4.067985 27.2676 1.167774 3.118063 26.50877 2.333436 3.931527 25.05013 2.90808 5.901315 24.69457 1.929966 6.552904 26.18907 0.4038224 5.394339 27.49811 0.1586089 2.784348 30.24462 -1.017708 1.632869 29.98285 0.1833377 2.178563 28.69485 1.261703 4.163398 27.85415 0.6988068 5.15667 28.73225 -1.098294 4.218981 30.01556 -1.866307 1.203572 30.83389 -3.861408 2.886184 30.78922 -3.800127 3.527698 30.31614 -5.376279 1.943827 29.94097 -6.897393 -0.1723004 30.20782 -6.235577 -0.3270455 30.69523 -4.546056 -1.348703 20.60086 2.914464 -2.050147 19.9649 4.307467 -0.8531294 19.02178 5.200369 1.147005 18.97939 4.220136 1.352679 20.10287 2.301101 -0.1348257 20.9039 1.789551 -2.680511 17.67687 5.687005 -4.043351 17.08311 6.478873 -3.732964 15.44061 7.049334 -1.69073 14.70387 6.549642 -0.3601661 16.10478 5.429698 -1.114442 17.66019 5.072259 -7.467399 21.00283 3.506458 -8.927588 21.12214 2.675465 -10.09612 19.98688 3.357609 -9.281377 18.79428 5.053814 -7.162355 19.18967 5.637441 -6.379667 20.43005 4.655163 -3.922307 19.32347 5.119002 -5.504438 19.04761 5.626637 -5.561943 17.60173 6.639408 -3.573385 16.63477 6.911093 -1.835709 17.60104 5.894232 -2.268533 19.04728 4.97933 -9.298981 19.49969 3.858411 -10.69879 19.62378 2.929931 -11.86441 18.39972 3.442355 -11.12492 17.11969 5.10905 -9.07254 17.55092 5.876513 -8.274087 18.88691 5.043679 -5.936477 21.52727 -2.032177 -4.437167 21.48558 -2.798509 -4.662886 21.29473 -4.539834 -6.80372 21.17389 -5.144333 -8.320991 21.30713 -3.511133 -7.613855 21.49639 -1.904853 -5.58394 21.1935 -6.77954 -6.639269 21.38078 -8.078826 -8.287436 21.00508 -7.566983 -8.433855 20.41972 -5.422431 -6.531133 20.39073 -4.253665 -5.113773 20.84734 -5.201606 -7.738633 20.66442 -4.514754 -7.005218 20.54262 -6.026112 -8.114148 19.77517 -7.166676 -10.07494 19.23016 -6.260341 -10.35588 19.7164 -4.098896 -8.951754 20.49173 -3.361812 2.819475 25.6011 2.127446 1.470008 24.97976 2.921058 1.812723 23.34201 3.48665 3.867282 22.6452 2.980255 5.168447 24.07373 1.860673 4.384084 25.6155 1.508938 -2.391766 26.88632 1.721533 -3.917269 27.33456 1.165783 -5.078896 26.04981 1.511676 -4.173578 24.29609 2.545137 -1.987105 24.40479 2.986411 -1.232115 25.90624 2.44639 9.201478 17.25685 5.698144 7.985542 16.56896 6.639018 8.453547 14.93385 7.115445 10.45046 14.32533 6.33748 11.54933 15.82463 5.099821 10.67386 17.34282 4.888543 -5.986225 17.80193 6.113717 -7.570265 17.29652 6.382617 -7.569651 15.65494 7.034399 -5.525456 14.80509 7.283809 -3.812563 16.11002 6.691902 -4.307577 17.69201 6.085068 -5.079472 22.8964 1.439715 -6.736865 22.60764 1.520946 -7.118132 21.73816 3.010315 -5.328692 21.31519 4.268171 -3.360059 22.02915 3.492314 -3.47325 22.8605 1.939241 6.724957 16.81424 6.88525 5.145785 17.38141 6.738753 4.009781 16.10125 7.174952 5.00778 14.19827 7.76304 7.240461 14.17622 7.719982 7.951547 15.70994 7.211981 1.928371 18.2068 6.020707 0.3048024 18.10692 5.58369 -0.270751 16.45155 5.802959 1.297292 15.06588 6.567388 3.319093 15.93859 6.938742 3.422362 17.66177 6.569971 3.550681 21.7278 3.771237 1.932001 21.40496 4.106765 1.809454 20.44559 5.584666 3.785657 19.98436 6.503949 5.592908 20.7767 5.458361 5.217608 21.69267 3.996806 9.638653 21.98218 2.491173 8.810446 21.5434 3.89063 9.746611 20.34241 4.785502 11.67163 19.80968 3.798744 12.1349 20.83902 1.871818 10.88428 21.97488 1.360194 7.788819 22.26594 1.603551 7.580629 21.97251 3.248996 8.841259 20.87677 3.823244 10.26323 20.25283 2.225781 9.906052 21.07635 0.1809238 8.50507 22.14603 0.08586633 7.639735 22.63027 0.4628551 8.658014 22.61811 1.804457 10.29968 22.20209 1.302994 10.48794 21.83716 -0.886658 8.628296 22.04249 -2.105983 7.206268 22.47959 -1.155836 10.02785 20.43163 -1.162018 10.77324 19.90897 0.2550756 12.20942 18.96052 -0.1416962 12.56175 18.76707 -2.332959 11.09216 19.77047 -3.682293 9.802739 20.61251 -2.819536 3.716861 22.72139 1.05627 2.137186 22.51641 1.603576 2.154337 21.82016 3.226701 4.208032 21.4476 4.00563 5.908565 21.99092 2.663914 5.397387 22.66482 1.114545 3.529654 30.19156 -2.944688 3.814696 29.61427 -1.388271 5.38275 28.80339 -1.331153 6.449652 28.80627 -3.28689 5.41702 29.8052 -4.996576 3.844164 30.4844 -4.571367 -1.561069 18.9084 5.00394 -2.568331 18.29208 6.20498 -1.886254 16.79333 6.843826 0.03730154 16.21725 5.878812 0.8115993 17.57616 4.284748 -0.2256188 18.97217 3.982534 -10.16759 20.52768 1.785475 -11.23715 20.62885 0.4882631 -12.39326 19.29568 0.5635618 -12.07114 17.94542 2.306039 -10.38033 18.45185 3.674221 -9.48889 19.8963 3.189572 -7.795085 17.07369 5.935066 -9.400518 17.09724 5.426182 -10.10523 15.48726 5.602013 -8.678752 13.98386 6.419414 -6.616901 14.70211 6.88856 -6.371091 16.41571 6.543398 11.04459 20.47519 1.16138 10.8974 20.12864 2.803078 11.90917 18.73992 3.212178 13.02475 17.91645 1.468452 12.71656 18.93277 -0.4960635 11.59835 20.29637 -0.4172678 6.921075 22.42527 -2.104638 8.527991 22.1818 -1.662508 9.440557 21.56992 -3.045407 8.202335 21.32419 -4.881059 6.042864 21.87016 -4.720413 5.577235 22.44265 -3.116842 0.4251962 31.00507 -1.393272 -1.226348 31.04262 -1.721795 -2.064844 29.87458 -0.696033 -0.7012783 28.75747 0.6662984 1.472243 29.25643 0.5477595 1.845445 30.50603 -0.6418662 -0.5499842 27.89344 0.6763954 -2.230884 27.84439 0.580977 -2.823974 26.33591 1.282625 -1.198009 25.01905 2.04768 0.8938975 25.76893 1.826756 0.9978585 27.35231 1.053374 0.008277625 26.17238 1.911314 -1.639805 25.82853 1.86107 -1.91759 24.164 2.382383 -0.04548411 23.0847 2.924166 1.865277 24.2255 2.737689 1.645322 25.88224 2.169523 0.9545561 29.15042 0.6341028 -0.6778508 28.77764 0.8163509 -0.8464255 27.23518 1.660151 1.105375 26.3049 2.197037 2.948733 27.4206 1.610144 2.61793 28.93895 0.7727656 6.249193 27.34125 -1.922749 5.815957 26.61539 -0.4659123 6.703983 25.10166 -0.2668943 8.075393 24.65317 -1.964329 8.133731 26.13746 -3.631867 7.057396 27.51517 -3.388123 -8.978088 14.94313 4.591552 -10.50581 15.13707 3.909364 -11.30466 13.5671 3.780336 -10.06456 11.88051 4.542403 -8.04327 12.396 5.339809 -7.673445 14.12036 5.263647 -3.96011 14.39094 4.719451 -5.406239 13.53217 4.809827 -5.078758 11.80005 4.69985 -2.91343 11.32322 4.482633 -1.500686 13.05214 4.435693 -2.29907 14.61982 4.58045 -6.067997 20.304 4.527999 -7.587979 20.65033 3.890309 -8.703309 19.33105 4.257904 -7.76276 17.6772 5.416934 -5.603645 17.91208 5.936803 -4.895996 19.41833 5.34821 -7.603508 21.10262 2.977864 -9.13628 20.91644 2.304903 -9.904253 19.46836 2.962854 -8.629397 18.38371 4.433043 -6.616908 19.254 4.85693 -6.281378 20.73055 3.949611 -6.249966 23.23951 -0.09505892 -7.842035 22.76281 0.178813 -8.023465 22.22326 1.850804 -6.135468 22.34462 3.02721 -4.329797 23.10943 1.958645 -4.634387 23.53247 0.2721529 -9.98485 16.96092 -2.824935 -11.63835 17.27991 -2.858578 -12.53943 15.7848 -2.589686 -11.2306 14.00536 -2.300265 -9.02606 14.35103 -2.388091 -8.58714 16.03508 -2.683563 -5.31199 15.82876 6.033141 -6.891901 15.2457 6.062544 -6.874761 13.48123 6.139539 -4.820773 12.6191 6.17205 -3.119981 14.06477 6.104683 -3.63122 15.75278 6.032259 3.209026 16.51229 5.909835 1.595273 16.72977 5.479215 0.7795801 15.16453 5.414053 2.115253 13.45187 5.909995 4.23737 13.9397 6.405823 4.598199 15.66641 6.340487 7.677216 15.75474 6.396979 6.165597 15.26772 6.958005 6.169608 13.52504 7.245522 8.123476 12.55897 6.784777 9.756474 13.89071 6.045197 9.280463 15.58559 5.915578 10.02541 15.041 3.950581 8.934941 14.10631 4.830456 9.570205 12.46917 5.019673 11.55827 12.1772 4.05763 12.44418 13.94435 3.018617 11.43061 15.38767 3.092685 4.772057 14.7189 1.953664 3.087785 14.72231 1.966004 2.489465 13.06742 2.117528 4.114995 11.54894 2.240242 6.212965 12.30972 2.156902 6.321415 14.06462 2.000166 -1.284527 23.11811 1.718597 -2.884107 22.59836 1.628398 -2.94611 20.83714 1.746066 -0.9391578 19.89632 1.970093 0.8194669 21.27203 2.013291 0.3859653 22.97635 1.860435 5.376554 25.96825 0.8297091 3.932569 25.65814 1.639446 3.893605 23.97209 2.164119 5.720899 22.82956 1.59948 7.300602 23.94381 0.4813609 6.891242 25.6339 0.1780262 -7.707846 13.29696 -0.2029374 -9.301428 13.7629 -0.4863558 -10.29087 12.33625 -0.8107946 -9.140183 10.42984 -0.7419796 -6.959621 10.58494 -0.2855825 -6.40836 12.24232 -0.03019881 -6.668923 13.74412 4.886812 -8.347746 13.72546 4.752123 -8.914042 12.0606 4.587358 -7.266245 10.56146 4.610379 -5.188961 11.35071 4.832161 -5.112746 13.10929 4.964741 -4.56772 14.71335 1.965305 -6.117534 14.05548 1.918246 -6.014971 12.29572 1.807289 -3.921657 11.53443 1.766487 -2.292876 13.05884 1.868639 -2.885253 14.71851 1.971541 -5.557883 12.83569 -0.4474669 -7.199904 12.53727 -0.6747298 -7.468025 10.80344 -0.878473 -5.594897 9.602111 -0.7716799 -3.695156 10.72579 -0.4317713 -3.923462 12.47017 -0.2867742 -8.548839 12.69441 -4.094083 -10.22785 12.78081 -4.196095 -10.89527 11.16152 -4.424221 -9.33975 9.56853 -4.501328 -7.215554 10.22311 -4.285618 -7.032228 11.96618 -4.07569 -1.226959 15.57947 3.93062 -2.328656 14.67401 4.826912 -1.827211 12.98064 4.852726 0.05291557 12.59952 3.720001 1.012788 14.36104 2.738717 0.1375299 15.87306 2.991082 -3.615669 12.62891 -3.106693 -4.837949 11.47008 -3.115126 -4.14623 9.876448 -3.433639 -1.93645 9.913459 -3.714171 -0.9340611 11.90293 -3.557916 -2.048603 13.23019 -3.222992 11.16961 15.18404 2.517396 10.2767 14.13965 3.491509 11.05174 12.55305 3.531522 12.91282 12.44885 2.311388 13.5205 14.3113 1.239379 12.42044 15.66683 1.500983 8.868423 12.90582 -1.992811 7.547012 11.87002 -1.858955 8.084405 10.19488 -2.0161 10.28088 9.998586 -2.332566 11.46177 11.89265 -2.404741 10.47985 13.34469 -2.196427 5.570825 13.05593 0.007181048 3.942349 12.68005 0.2162651 3.723079 10.92834 0.1610757 5.623425 9.810613 -0.1591644 7.48595 11.02632 -0.3597984 7.2101 12.76546 -0.2360585 1.160207 30.69332 -3.531427 0.4717264 30.55786 -2.000225 1.58172 29.70817 -0.92063 3.485512 29.10553 -1.908351 3.717366 29.64454 -4.063094 2.326133 30.50276 -4.729369 -4.758425 11.96857 -4.141839 -6.340237 11.40321 -4.018656 -6.415887 9.722157 -4.555239 -4.444343 8.913517 -5.205091 -2.698629 10.30152 -5.090444 -3.112124 11.90665 -4.483335 -9.958829 15.02258 -2.543506 -11.46469 15.69956 -2.876692 -12.61613 14.42257 -3.280526 -11.72683 12.38083 -3.220142 -9.566304 12.23856 -2.673244 -8.815983 13.80319 -2.349251</float_array>
          <technique_common>
            <accessor source="#L01_01__mTreeOakLeaf-position-array" count="966" stride="3">
              <param name="X" type="float" />
              <param name="Y" type="float" />
              <param name="Z" type="float" />
            </accessor>
          </technique_common>
        </source>
        <source id="L01_01__mTreeOakLeaf-normal">
          <float_array id="L01_01__mTreeOakLeaf-normal-array" count="2898">0.4677103 0.8473578 0.2544029 0.4677103 0.8473578 0.2544029 0.4677103 0.8473578 0.2544029 0.4677103 0.8473578 0.2544029 0.4677103 0.8473578 0.2544029 0.4677103 0.8473578 0.2544029 0.4677103 0.8473578 0.2544029 0.4677103 0.8473578 0.2544029 0.5812131 0.4148726 0.7005869 0.5812131 0.4148726 0.7005869 0.5812131 0.4148726 0.7005869 0.5812131 0.4148726 0.7005869 0.5812131 0.4148726 0.7005869 0.5812131 0.4148726 0.7005869 0.5812131 0.4148726 0.7005869 0.5812131 0.4148726 0.7005869 0.07044991 0.3561644 0.9315066 0.07044991 0.3561644 0.9315066 0.07044991 0.3561644 0.9315066 0.07044991 0.3561644 0.9315066 0.07044991 0.3561644 0.9315066 0.07044991 0.3561644 0.9315066 0.07044991 0.3561644 0.9315066 0.07044991 0.3561644 0.9315066 0.6007826 0.7201563 0.3463794 0.6007826 0.7201563 0.3463794 0.6007826 0.7201563 0.3463794 0.6007826 0.7201563 0.3463794 0.6007826 0.7201563 0.3463794 0.6007826 0.7201563 0.3463794 0.6007826 0.7201563 0.3463794 0.6007826 0.7201563 0.3463794 0.7788647 0.324853 0.5381603 0.7788647 0.324853 0.5381603 0.7788647 0.324853 0.5381603 0.7788647 0.324853 0.5381603 0.7788647 0.324853 0.5381603 0.7788647 0.324853 0.5381603 0.7788647 0.324853 0.5381603 0.7788647 0.324853 0.5381603 -0.05283777 0.05675152 0.9960859 -0.05283777 0.05675152 0.9960859 -0.05283777 0.05675152 0.9960859 -0.05283777 0.05675152 0.9960859 -0.05283777 0.05675152 0.9960859 -0.05283777 0.05675152 0.9960859 -0.05283777 0.05675152 0.9960859 -0.05283777 0.05675152 0.9960859 0.02739704 -0.1624265 0.9863012 0.02739704 -0.1624265 0.9863012 0.02739704 -0.1624265 0.9863012 0.02739704 -0.1624265 0.9863012 0.02739704 -0.1624265 0.9863012 0.02739704 -0.1624265 0.9863012 0.02739704 -0.1624265 0.9863012 0.02739704 -0.1624265 0.9863012 -0.2485324 0.3170255 0.915851 -0.2485324 0.3170255 0.915851 -0.2485324 0.3170255 0.915851 -0.2485324 0.3170255 0.915851 -0.2485324 0.3170255 0.915851 -0.2485324 0.3170255 0.915851 -0.2485324 0.3170255 0.915851 -0.2485324 0.3170255 0.915851 -0.5655577 0.4070451 0.7181993 -0.5655577 0.4070451 0.7181993 -0.5655577 0.4070451 0.7181993 -0.5655577 0.4070451 0.7181993 -0.5655577 0.4070451 0.7181993 -0.5655577 0.4070451 0.7181993 -0.5655577 0.4070451 0.7181993 -0.5655577 0.4070451 0.7181993 -0.6320938 0.5675147 0.5264185 -0.6320938 0.5675147 0.5264185 -0.6320938 0.5675147 0.5264185 -0.6320938 0.5675147 0.5264185 -0.6320938 0.5675147 0.5264185 -0.6320938 0.5675147 0.5264185 -0.6320938 0.5675147 0.5264185 -0.6320938 0.5675147 0.5264185 0.1585125 0.1761252 0.9706455 0.1585125 0.1761252 0.9706455 0.1585125 0.1761252 0.9706455 0.1585125 0.1761252 0.9706455 0.1585125 0.1761252 0.9706455 0.1585125 0.1761252 0.9706455 0.1585125 0.1761252 0.9706455 0.1585125 0.1761252 0.9706455 0.02152622 0.2309198 0.9726024 0.02152622 0.2309198 0.9726024 0.02152622 0.2309198 0.9726024 0.02152622 0.2309198 0.9726024 0.02152622 0.2309198 0.9726024 0.02152622 0.2309198 0.9726024 0.02152622 0.2309198 0.9726024 0.02152622 0.2309198 0.9726024 -0.5088063 0.336595 0.7925633 -0.5088063 0.336595 0.7925633 -0.5088063 0.336595 0.7925633 -0.5088063 0.336595 0.7925633 -0.5088063 0.336595 0.7925633 -0.5088063 0.336595 0.7925633 -0.5088063 0.336595 0.7925633 -0.5088063 0.336595 0.7925633 -0.7455968 -0.1643833 0.6457924 -0.7455968 -0.1643833 0.6457924 -0.7455968 -0.1643833 0.6457924 -0.7455968 -0.1643833 0.6457924 -0.7455968 -0.1643833 0.6457924 -0.7455968 -0.1643833 0.6457924 -0.7455968 -0.1643833 0.6457924 -0.7455968 -0.1643833 0.6457924 -0.590998 0.6614481 0.4598823 -0.590998 0.6614481 0.4598823 -0.590998 0.6614481 0.4598823 -0.590998 0.6614481 0.4598823 -0.590998 0.6614481 0.4598823 -0.590998 0.6614481 0.4598823 -0.590998 0.6614481 0.4598823 -0.590998 0.6614481 0.4598823 0.1741682 0.9217218 0.3463794 0.1741682 0.9217218 0.3463794 0.1741682 0.9217218 0.3463794 0.1741682 0.9217218 0.3463794 0.1741682 0.9217218 0.3463794 0.1741682 0.9217218 0.3463794 0.1741682 0.9217218 0.3463794 0.1741682 0.9217218 0.3463794 0.04892347 0.1761252 0.9823872 0.04892347 0.1761252 0.9823872 0.04892347 0.1761252 0.9823872 0.04892347 0.1761252 0.9823872 0.04892347 0.1761252 0.9823872 0.04892347 0.1761252 0.9823872 0.04892347 0.1761252 0.9823872 0.04892347 0.1761252 0.9823872 0.4853226 0.1761251 0.8571426 0.4853226 0.1761251 0.8571426 0.4853226 0.1761251 0.8571426 0.4853226 0.1761251 0.8571426 0.4853226 0.1761251 0.8571426 0.4853226 0.1761251 0.8571426 0.4853226 0.1761251 0.8571426 0.4853226 0.1761251 0.8571426 -0.1311156 0.3111546 0.9412913 -0.1311156 0.3111546 0.9412913 -0.1311156 0.3111546 0.9412913 -0.1311156 0.3111546 0.9412913 -0.1311156 0.3111546 0.9412913 -0.1311156 0.3111546 0.9412913 -0.1311156 0.3111546 0.9412913 -0.1311156 0.3111546 0.9412913 -0.2387476 0.5009785 0.8317022 -0.2387476 0.5009785 0.8317022 -0.2387476 0.5009785 0.8317022 -0.2387476 0.5009785 0.8317022 -0.2387476 0.5009785 0.8317022 -0.2387476 0.5009785 0.8317022 -0.2387476 0.5009785 0.8317022 -0.2387476 0.5009785 0.8317022 0.2113502 0.7573383 0.616438 0.2113502 0.7573383 0.616438 0.2113502 0.7573383 0.616438 0.2113502 0.7573383 0.616438 0.2113502 0.7573383 0.616438 0.2113502 0.7573383 0.616438 0.2113502 0.7573383 0.616438 0.2113502 0.7573383 0.616438 0.4305283 0.8630134 0.2661446 0.4305283 0.8630134 0.2661446 0.4305283 0.8630134 0.2661446 0.4305283 0.8630134 0.2661446 0.4305283 0.8630134 0.2661446 0.4305283 0.8630134 0.2661446 0.4305283 0.8630134 0.2661446 0.4305283 0.8630134 0.2661446 0.6868882 0.3170252 0.6536202 0.6868882 0.3170252 0.6536202 0.6868882 0.3170252 0.6536202 0.6868882 0.3170252 0.6536202 0.6868882 0.3170252 0.6536202 0.6868882 0.3170252 0.6536202 0.6868882 0.3170252 0.6536202 0.6868882 0.3170252 0.6536202 0.1213305 -0.0391389 0.9921719 0.1213305 -0.0391389 0.9921719 0.1213305 -0.0391389 0.9921719 0.1213305 -0.0391389 0.9921719 0.1213305 -0.0391389 0.9921719 0.1213305 -0.0391389 0.9921719 0.1213305 -0.0391389 0.9921719 0.1213305 -0.0391389 0.9921719 0.01565536 -0.0567514 0.9980428 0.01565536 -0.0567514 0.9980428 0.01565536 -0.0567514 0.9980428 0.01565536 -0.0567514 0.9980428 0.01565536 -0.0567514 0.9980428 0.01565536 -0.0567514 0.9980428 0.01565536 -0.0567514 0.9980428 0.01565536 -0.0567514 0.9980428 -0.07240724 0.02152649 0.9980428 -0.07240724 0.02152649 0.9980428 -0.07240724 0.02152649 0.9980428 -0.07240724 0.02152649 0.9980428 -0.07240724 0.02152649 0.9980428 -0.07240724 0.02152649 0.9980428 -0.07240724 0.02152649 0.9980428 -0.07240724 0.02152649 0.9980428 -0.228963 -0.0547944 0.9726025 -0.228963 -0.0547944 0.9726025 -0.228963 -0.0547944 0.9726025 -0.228963 -0.0547944 0.9726025 -0.228963 -0.0547944 0.9726025 -0.228963 -0.0547944 0.9726025 -0.228963 -0.0547944 0.9726025 -0.228963 -0.0547944 0.9726025 -0.02739747 -0.2113502 0.9765164 -0.02739747 -0.2113502 0.9765164 -0.02739747 -0.2113502 0.9765164 -0.02739747 -0.2113502 0.9765164 -0.02739747 -0.2113502 0.9765164 -0.02739747 -0.2113502 0.9765164 -0.02739747 -0.2113502 0.9765164 -0.02739747 -0.2113502 0.9765164 0.01956926 0.04305288 0.9980428 0.01956926 0.04305288 0.9980428 0.01956926 0.04305288 0.9980428 0.01956926 0.04305288 0.9980428 0.01956926 0.04305288 0.9980428 0.01956926 0.04305288 0.9980428 0.01956926 0.04305288 0.9980428 0.01956926 0.04305288 0.9980428 -0.7358121 0.2524463 0.6281797 -0.7358121 0.2524463 0.6281797 -0.7358121 0.2524463 0.6281797 -0.7358121 0.2524463 0.6281797 -0.7358121 0.2524463 0.6281797 -0.7358121 0.2524463 0.6281797 -0.7358121 0.2524463 0.6281797 -0.7358121 0.2524463 0.6281797 0.21135 -0.07632091 0.9745594 0.21135 -0.07632091 0.9745594 0.21135 -0.07632091 0.9745594 0.21135 -0.07632091 0.9745594 0.21135 -0.07632091 0.9745594 0.21135 -0.07632091 0.9745594 0.21135 -0.07632091 0.9745594 0.21135 -0.07632091 0.9745594 0.1115458 0.06066538 0.9921719 0.1115458 0.06066538 0.9921719 0.1115458 0.06066538 0.9921719 0.1115458 0.06066538 0.9921719 0.1115458 0.06066538 0.9921719 0.1115458 0.06066538 0.9921719 0.1115458 0.06066538 0.9921719 0.1115458 0.06066538 0.9921719 0.3796475 0.08610562 0.9217219 0.3796475 0.08610562 0.9217219 0.3796475 0.08610562 0.9217219 0.3796475 0.08610562 0.9217219 0.3796475 0.08610562 0.9217219 0.3796475 0.08610562 0.9217219 0.3796475 0.08610562 0.9217219 0.3796475 0.08610562 0.9217219 0.5244616 0.471624 0.7084146 0.5244616 0.471624 0.7084146 0.5244616 0.471624 0.7084146 0.5244616 0.471624 0.7084146 0.5244616 0.471624 0.7084146 0.5244616 0.471624 0.7084146 0.5244616 0.471624 0.7084146 0.5244616 0.471624 0.7084146 0.03326788 -0.2270057 0.9726025 0.03326788 -0.2270057 0.9726025 0.03326788 -0.2270057 0.9726025 0.03326788 -0.2270057 0.9726025 0.03326788 -0.2270057 0.9726025 0.03326788 -0.2270057 0.9726025 0.03326788 -0.2270057 0.9726025 0.03326788 -0.2270057 0.9726025 0.5636006 0.7162424 0.4109587 0.5636006 0.7162424 0.4109587 0.5636006 0.7162424 0.4109587 0.5636006 0.7162424 0.4109587 0.5636006 0.7162424 0.4109587 0.5636006 0.7162424 0.4109587 0.5636006 0.7162424 0.4109587 0.5636006 0.7162424 0.4109587 -0.1409003 0.5890411 0.7964772 -0.1409003 0.5890411 0.7964772 -0.1409003 0.5890411 0.7964772 -0.1409003 0.5890411 0.7964772 -0.1409003 0.5890411 0.7964772 -0.1409003 0.5890411 0.7964772 -0.2426615 0.4403131 0.8649703 -0.2426615 0.4403131 0.8649703 -0.2426615 0.4403131 0.8649703 -0.2426615 0.4403131 0.8649703 -0.2426615 0.4403131 0.8649703 -0.2426615 0.4403131 0.8649703 0.2191779 0.5381603 0.8140897 0.2191779 0.5381603 0.8140897 0.2191779 0.5381603 0.8140897 0.2191779 0.5381603 0.8140897 0.2191779 0.5381603 0.8140897 0.2191779 0.5381603 0.8140897 0.2289627 0.8688843 0.4383559 0.2289627 0.8688843 0.4383559 0.2289627 0.8688843 0.4383559 0.2289627 0.8688843 0.4383559 0.2289627 0.8688843 0.4383559 0.2289627 0.8688843 0.4383559 0.01369851 0.6516633 0.7573382 0.01369851 0.6516633 0.7573382 0.01369851 0.6516633 0.7573382 0.01369851 0.6516633 0.7573382 0.01369851 0.6516633 0.7573382 0.01369851 0.6516633 0.7573382 0.001956919 0.917808 0.3953031 0.001956919 0.917808 0.3953031 0.001956919 0.917808 0.3953031 0.001956919 0.917808 0.3953031 0.001956919 0.917808 0.3953031 0.001956919 0.917808 0.3953031 -0.254403 0.9647748 -0.07240725 -0.254403 0.9647748 -0.07240725 -0.254403 0.9647748 -0.07240725 -0.254403 0.9647748 -0.07240725 -0.254403 0.9647748 -0.07240725 -0.254403 0.9647748 -0.07240725 0.1741682 0.7084147 0.6829743 0.1741682 0.7084147 0.6829743 0.1741682 0.7084147 0.6829743 0.1741682 0.7084147 0.6829743 0.1741682 0.7084147 0.6829743 0.1741682 0.7084147 0.6829743 -0.3287671 0.737769 0.5909978 -0.3287671 0.737769 0.5909978 -0.3287671 0.737769 0.5909978 -0.3287671 0.737769 0.5909978 -0.3287671 0.737769 0.5909978 -0.3287671 0.737769 0.5909978 -0.2720156 0.9373775 0.2211348 -0.2720156 0.9373775 0.2211348 -0.2720156 0.9373775 0.2211348 -0.2720156 0.9373775 0.2211348 -0.2720156 0.9373775 0.2211348 -0.2720156 0.9373775 0.2211348 -0.4422699 0.8962817 -0.05479472 -0.4422699 0.8962817 -0.05479472 -0.4422699 0.8962817 -0.05479472 -0.4422699 0.8962817 -0.05479472 -0.4422699 0.8962817 -0.05479472 -0.4422699 0.8962817 -0.05479472 -0.3894323 0.9119372 -0.1330726 -0.3894323 0.9119372 -0.1330726 -0.3894323 0.9119372 -0.1330726 -0.3894323 0.9119372 -0.1330726 -0.3894323 0.9119372 -0.1330726 -0.3894323 0.9119372 -0.1330726 -0.2896281 0.9530331 0.07632071 -0.2896281 0.9530331 0.07632071 -0.2896281 0.9530331 0.07632071 -0.2896281 0.9530331 0.07632071 -0.2896281 0.9530331 0.07632071 -0.2896281 0.9530331 0.07632071 0.215264 0.6790605 0.7025437 0.215264 0.6790605 0.7025437 0.215264 0.6790605 0.7025437 0.215264 0.6790605 0.7025437 0.215264 0.6790605 0.7025437 0.215264 0.6790605 0.7025437 0.02152629 0.6457924 0.7632091 0.02152629 0.6457924 0.7632091 0.02152629 0.6457924 0.7632091 0.02152629 0.6457924 0.7632091 0.02152629 0.6457924 0.7632091 0.02152629 0.6457924 0.7632091 -0.1056751 0.9217219 0.3718197 -0.1056751 0.9217219 0.3718197 -0.1056751 0.9217219 0.3718197 -0.1056751 0.9217219 0.3718197 -0.1056751 0.9217219 0.3718197 -0.1056751 0.9217219 0.3718197 0.1154599 0.9921719 0.02544011 0.1154599 0.9921719 0.02544011 0.1154599 0.9921719 0.02544011 0.1154599 0.9921719 0.02544011 0.1154599 0.9921719 0.02544011 0.1154599 0.9921719 0.02544011 0.2270057 0.808219 0.544031 0.2270057 0.808219 0.544031 0.2270057 0.808219 0.544031 0.2270057 0.808219 0.544031 0.2270057 0.808219 0.544031 0.2270057 0.808219 0.544031 -0.2818004 0.7240704 0.6281797 -0.2818004 0.7240704 0.6281797 -0.2818004 0.7240704 0.6281797 -0.2818004 0.7240704 0.6281797 -0.2818004 0.7240704 0.6281797 -0.2818004 0.7240704 0.6281797 0.1232877 0.9921719 -0.04696692 0.1232877 0.9921719 -0.04696692 0.1232877 0.9921719 -0.04696692 0.1232877 0.9921719 -0.04696692 0.1232877 0.9921719 -0.04696692 0.1232877 0.9921719 -0.04696692 0.262231 0.876712 -0.4011742 0.262231 0.876712 -0.4011742 0.262231 0.876712 -0.4011742 0.262231 0.876712 -0.4011742 0.262231 0.876712 -0.4011742 0.262231 0.876712 -0.4011742 0.2054795 0.915851 -0.3463797 0.2054795 0.915851 -0.3463797 0.2054795 0.915851 -0.3463797 0.2054795 0.915851 -0.3463797 0.2054795 0.915851 -0.3463797 0.2054795 0.915851 -0.3463797 -0.2309198 0.6712328 0.7045007 -0.2309198 0.6712328 0.7045007 -0.2309198 0.6712328 0.7045007 -0.2309198 0.6712328 0.7045007 -0.2309198 0.6712328 0.7045007 -0.2309198 0.6712328 0.7045007 -0.5459882 0.6771036 0.4911934 -0.5459882 0.6771036 0.4911934 -0.5459882 0.6771036 0.4911934 -0.5459882 0.6771036 0.4911934 -0.5459882 0.6771036 0.4911934 -0.5459882 0.6771036 0.4911934 -0.5596868 0.7788649 0.2837571 -0.5596868 0.7788649 0.2837571 -0.5596868 0.7788649 0.2837571 -0.5596868 0.7788649 0.2837571 -0.5596868 0.7788649 0.2837571 -0.5596868 0.7788649 0.2837571 -0.328767 0.9236789 0.1976514 -0.328767 0.9236789 0.1976514 -0.328767 0.9236789 0.1976514 -0.328767 0.9236789 0.1976514 -0.328767 0.9236789 0.1976514 -0.328767 0.9236789 0.1976514 -0.005870855 0.9393344 0.3424655 -0.005870855 0.9393344 0.3424655 -0.005870855 0.9393344 0.3424655 -0.005870855 0.9393344 0.3424655 -0.005870855 0.9393344 0.3424655 -0.005870855 0.9393344 0.3424655 0.3131115 0.915851 0.250489 0.3131115 0.915851 0.250489 0.3131115 0.915851 0.250489 0.3131115 0.915851 0.250489 0.3131115 0.915851 0.250489 0.3131115 0.915851 0.250489 -0.2348335 0.9530331 -0.1859102 -0.2348335 0.9530331 -0.1859102 -0.2348335 0.9530331 -0.1859102 -0.2348335 0.9530331 -0.1859102 -0.2348335 0.9530331 -0.1859102 -0.2348335 0.9530331 -0.1859102 -0.3365947 0.9275928 -0.1643837 -0.3365947 0.9275928 -0.1643837 -0.3365947 0.9275928 -0.1643837 -0.3365947 0.9275928 -0.1643837 -0.3365947 0.9275928 -0.1643837 -0.3365947 0.9275928 -0.1643837 -0.1741684 0.5792564 0.7964772 -0.1741684 0.5792564 0.7964772 -0.1741684 0.5792564 0.7964772 -0.1741684 0.5792564 0.7964772 -0.1741684 0.5792564 0.7964772 -0.1741684 0.5792564 0.7964772 0.3718198 0.7240703 0.581213 0.3718198 0.7240703 0.581213 0.3718198 0.7240703 0.581213 0.3718198 0.7240703 0.581213 0.3718198 0.7240703 0.581213 0.3718198 0.7240703 0.581213 0.2015654 0.7103716 0.6731895 0.2015654 0.7103716 0.6731895 0.2015654 0.7103716 0.6731895 0.2015654 0.7103716 0.6731895 0.2015654 0.7103716 0.6731895 0.2015654 0.7103716 0.6731895 -0.4755381 0.7358121 0.4814087 -0.4755381 0.7358121 0.4814087 -0.4755381 0.7358121 0.4814087 -0.4755381 0.7358121 0.4814087 -0.4755381 0.7358121 0.4814087 -0.4755381 0.7358121 0.4814087 -0.5831701 0.812133 0.007827583 -0.5831701 0.812133 0.007827583 -0.5831701 0.812133 0.007827583 -0.5831701 0.812133 0.007827583 -0.5831701 0.812133 0.007827583 -0.5831701 0.812133 0.007827583 -0.4050879 0.8786691 -0.2524463 -0.4050879 0.8786691 -0.2524463 -0.4050879 0.8786691 -0.2524463 -0.4050879 0.8786691 -0.2524463 -0.4050879 0.8786691 -0.2524463 -0.4050879 0.8786691 -0.2524463 -0.1761251 0.9334636 -0.3111548 -0.1761251 0.9334636 -0.3111548 -0.1761251 0.9334636 -0.3111548 -0.1761251 0.9334636 -0.3111548 -0.1761251 0.9334636 -0.3111548 -0.1761251 0.9334636 -0.3111548 -0.07436389 0.990215 -0.1135031 -0.07436389 0.990215 -0.1135031 -0.07436389 0.990215 -0.1135031 -0.07436389 0.990215 -0.1135031 -0.07436389 0.990215 -0.1135031 -0.07436389 0.990215 -0.1135031 0.5929548 0.6399214 0.4872796 0.5929548 0.6399214 0.4872796 0.5929548 0.6399214 0.4872796 0.5929548 0.6399214 0.4872796 0.5929548 0.6399214 0.4872796 0.5929548 0.6399214 0.4872796 0.3052836 0.5401173 0.7847355 0.3052836 0.5401173 0.7847355 0.3052836 0.5401173 0.7847355 0.3052836 0.5401173 0.7847355 0.3052836 0.5401173 0.7847355 0.3052836 0.5401173 0.7847355 -0.0528377 0.5616438 0.8258314 -0.0528377 0.5616438 0.8258314 -0.0528377 0.5616438 0.8258314 -0.0528377 0.5616438 0.8258314 -0.0528377 0.5616438 0.8258314 -0.0528377 0.5616438 0.8258314 -0.01369876 0.5812132 0.8140897 -0.01369876 0.5812132 0.8140897 -0.01369876 0.5812132 0.8140897 -0.01369876 0.5812132 0.8140897 -0.01369876 0.5812132 0.8140897 -0.01369876 0.5812132 0.8140897 -0.09589054 0.4853229 0.8688843 -0.09589054 0.4853229 0.8688843 -0.09589054 0.4853229 0.8688843 -0.09589054 0.4853229 0.8688843 -0.09589054 0.4853229 0.8688843 -0.09589054 0.4853229 0.8688843 0.1467708 0.4305283 0.8904106 0.1467708 0.4305283 0.8904106 0.1467708 0.4305283 0.8904106 0.1467708 0.4305283 0.8904106 0.1467708 0.4305283 0.8904106 0.1467708 0.4305283 0.8904106 0.4266143 0.477495 0.7690799 0.4266143 0.477495 0.7690799 0.4266143 0.477495 0.7690799 0.4266143 0.477495 0.7690799 0.4266143 0.477495 0.7690799 0.4266143 0.477495 0.7690799 0.3111545 0.8258315 0.469667 0.3111545 0.8258315 0.469667 0.3111545 0.8258315 0.469667 0.3111545 0.8258315 0.469667 0.3111545 0.8258315 0.469667 0.3111545 0.8258315 0.469667 -0.2896282 0.7651663 0.5753422 -0.2896282 0.7651663 0.5753422 -0.2896282 0.7651663 0.5753422 -0.2896282 0.7651663 0.5753422 -0.2896282 0.7651663 0.5753422 -0.2896282 0.7651663 0.5753422 0.5185909 0.8493147 0.105675 0.5185909 0.8493147 0.105675 0.5185909 0.8493147 0.105675 0.5185909 0.8493147 0.105675 0.5185909 0.8493147 0.105675 0.5185909 0.8493147 0.105675 0.369863 0.915851 -0.1506851 0.369863 0.915851 -0.1506851 0.369863 0.915851 -0.1506851 0.369863 0.915851 -0.1506851 0.369863 0.915851 -0.1506851 0.369863 0.915851 -0.1506851 0.1682975 0.9256357 -0.336595 0.1682975 0.9256357 -0.336595 0.1682975 0.9256357 -0.336595 0.1682975 0.9256357 -0.336595 0.1682975 0.9256357 -0.336595 0.1682975 0.9256357 -0.336595 -0.7084148 0.2896283 0.6438353 -0.7084148 0.2896283 0.6438353 -0.7084148 0.2896283 0.6438353 -0.7084148 0.2896283 0.6438353 -0.7084148 0.2896283 0.6438353 -0.7084148 0.2896283 0.6438353 -0.1037183 0.5225048 0.8473578 -0.1037183 0.5225048 0.8473578 -0.1037183 0.5225048 0.8473578 -0.1037183 0.5225048 0.8473578 -0.1037183 0.5225048 0.8473578 -0.1037183 0.5225048 0.8473578 0.4618393 0.5303325 0.7123285 0.4618393 0.5303325 0.7123285 0.4618393 0.5303325 0.7123285 0.4618393 0.5303325 0.7123285 0.4618393 0.5303325 0.7123285 0.4618393 0.5303325 0.7123285 0.4598824 0.6712326 0.5792561 0.4598824 0.6712326 0.5792561 0.4598824 0.6712326 0.5792561 0.4598824 0.6712326 0.5792561 0.4598824 0.6712326 0.5792561 0.4598824 0.6712326 0.5792561 0.02935432 0.9589038 -0.2837575 0.02935432 0.9589038 -0.2837575 0.02935432 0.9589038 -0.2837575 0.02935432 0.9589038 -0.2837575 0.02935432 0.9589038 -0.2837575 0.02935432 0.9589038 -0.2837575 0.2759294 0.8180037 0.5048921 0.2759294 0.8180037 0.5048921 0.2759294 0.8180037 0.5048921 0.2759294 0.8180037 0.5048921 0.2759294 0.8180037 0.5048921 0.2759294 0.8180037 0.5048921 0.3522502 0.3600782 0.8649704 0.3522502 0.3600782 0.8649704 0.3522502 0.3600782 0.8649704 0.3522502 0.3600782 0.8649704 0.3522502 0.3600782 0.8649704 0.3522502 0.3600782 0.8649704 -0.3072407 0.6947162 0.6497062 -0.3072407 0.6947162 0.6497062 -0.3072407 0.6947162 0.6497062 -0.3072407 0.6947162 0.6497062 -0.3072407 0.6947162 0.6497062 -0.3072407 0.6947162 0.6497062 0.1702542 0.5557729 0.8140897 0.1702542 0.5557729 0.8140897 0.1702542 0.5557729 0.8140897 0.1702542 0.5557729 0.8140897 0.1702542 0.5557729 0.8140897 0.1702542 0.5557729 0.8140897 -0.3816047 0.6360078 0.6712326 -0.3816047 0.6360078 0.6712326 -0.3816047 0.6360078 0.6712326 -0.3816047 0.6360078 0.6712326 -0.3816047 0.6360078 0.6712326 -0.3816047 0.6360078 0.6712326 -0.03522496 0.9941289 -0.1115462 -0.03522496 0.9941289 -0.1115462 -0.03522496 0.9941289 -0.1115462 -0.03522496 0.9941289 -0.1115462 -0.03522496 0.9941289 -0.1115462 -0.03522496 0.9941289 -0.1115462 -0.1428571 0.95499 0.2622307 -0.1428571 0.95499 0.2622307 -0.1428571 0.95499 0.2622307 -0.1428571 0.95499 0.2622307 -0.1428571 0.95499 0.2622307 -0.1428571 0.95499 0.2622307 -0.3737767 0.8943247 -0.2465755 -0.3737767 0.8943247 -0.2465755 -0.3737767 0.8943247 -0.2465755 -0.3737767 0.8943247 -0.2465755 -0.3737767 0.8943247 -0.2465755 -0.3737767 0.8943247 -0.2465755 0.3483364 0.3639921 0.8649704 0.3483364 0.3639921 0.8649704 0.3483364 0.3639921 0.8649704 0.3483364 0.3639921 0.8649704 0.3483364 0.3639921 0.8649704 0.3483364 0.3639921 0.8649704 -0.1976518 0.4090019 0.8904107 -0.1976518 0.4090019 0.8904107 -0.1976518 0.4090019 0.8904107 -0.1976518 0.4090019 0.8904107 -0.1976518 0.4090019 0.8904107 -0.1976518 0.4090019 0.8904107 0.4422698 0.3581212 0.8219176 0.4422698 0.3581212 0.8219176 0.4422698 0.3581212 0.8219176 0.4422698 0.3581212 0.8219176 0.4422698 0.3581212 0.8219176 0.4422698 0.3581212 0.8219176 0.0489235 0.3620352 0.9315066 0.0489235 0.3620352 0.9315066 0.0489235 0.3620352 0.9315066 0.0489235 0.3620352 0.9315066 0.0489235 0.3620352 0.9315066 0.0489235 0.3620352 0.9315066 -0.1213307 0.8669274 0.4833657 -0.1213307 0.8669274 0.4833657 -0.1213307 0.8669274 0.4833657 -0.1213307 0.8669274 0.4833657 -0.1213307 0.8669274 0.4833657 -0.1213307 0.8669274 0.4833657 0.02348318 0.295499 0.9549899 0.02348318 0.295499 0.9549899 0.02348318 0.295499 0.9549899 0.02348318 0.295499 0.9549899 0.02348318 0.295499 0.9549899 0.02348318 0.295499 0.9549899 -0.2602741 0.2074365 0.9432482 -0.2602741 0.2074365 0.9432482 -0.2602741 0.2074365 0.9432482 -0.2602741 0.2074365 0.9432482 -0.2602741 0.2074365 0.9432482 -0.2602741 0.2074365 0.9432482 -0.04696678 0.8356163 0.545988 -0.04696678 0.8356163 0.545988 -0.04696678 0.8356163 0.545988 -0.04696678 0.8356163 0.545988 -0.04696678 0.8356163 0.545988 -0.04696678 0.8356163 0.545988 0.4696671 0.7279841 0.4990213 0.4696671 0.7279841 0.4990213 0.4696671 0.7279841 0.4990213 0.4696671 0.7279841 0.4990213 0.4696671 0.7279841 0.4990213 0.4696671 0.7279841 0.4990213 0.5909979 0.7788647 0.2074362 0.5909979 0.7788647 0.2074362 0.5909979 0.7788647 0.2074362 0.5909979 0.7788647 0.2074362 0.5909979 0.7788647 0.2074362 0.5909979 0.7788647 0.2074362 0.2054795 0.9667316 -0.154599 0.2054795 0.9667316 -0.154599 0.2054795 0.9667316 -0.154599 0.2054795 0.9667316 -0.154599 0.2054795 0.9667316 -0.154599 0.2054795 0.9667316 -0.154599 0.5577299 0.8297453 0.0058707 0.5577299 0.8297453 0.0058707 0.5577299 0.8297453 0.0058707 0.5577299 0.8297453 0.0058707 0.5577299 0.8297453 0.0058707 0.5577299 0.8297453 0.0058707 0.02544028 0.9158511 0.3992169 0.02544028 0.9158511 0.3992169 0.02544028 0.9158511 0.3992169 0.02544028 0.9158511 0.3992169 0.02544028 0.9158511 0.3992169 0.02544028 0.9158511 0.3992169 0.4461838 0.8649703 0.2328765 0.4461838 0.8649703 0.2328765 0.4461838 0.8649703 0.2328765 0.4461838 0.8649703 0.2328765 0.4461838 0.8649703 0.2328765 0.4461838 0.8649703 0.2328765 0.510763 0.5166339 0.6868882 0.510763 0.5166339 0.6868882 0.510763 0.5166339 0.6868882 0.510763 0.5166339 0.6868882 0.510763 0.5166339 0.6868882 0.510763 0.5166339 0.6868882 -0.6144813 0.5557731 0.5577297 -0.6144813 0.5557731 0.5577297 -0.6144813 0.5557731 0.5577297 -0.6144813 0.5557731 0.5577297 -0.6144813 0.5557731 0.5577297 -0.6144813 0.5557731 0.5577297 -0.2857144 0.2191781 0.9334635 -0.2857144 0.2191781 0.9334635 -0.2857144 0.2191781 0.9334635 -0.2857144 0.2191781 0.9334635 -0.2857144 0.2191781 0.9334635 -0.2857144 0.2191781 0.9334635 0.76908 0.6086103 0.1917807 0.76908 0.6086103 0.1917807 0.76908 0.6086103 0.1917807 0.76908 0.6086103 0.1917807 0.76908 0.6086103 0.1917807 0.76908 0.6086103 0.1917807 0.2133073 0.9354205 -0.2818005 0.2133073 0.9354205 -0.2818005 0.2133073 0.9354205 -0.2818005 0.2133073 0.9354205 -0.2818005 0.2133073 0.9354205 -0.2818005 0.2133073 0.9354205 -0.2818005 -0.1193739 0.6966731 0.7084146 -0.1193739 0.6966731 0.7084146 -0.1193739 0.6966731 0.7084146 -0.1193739 0.6966731 0.7084146 -0.1193739 0.6966731 0.7084146 -0.1193739 0.6966731 0.7084146 -0.05870856 0.4324853 0.9001954 -0.05870856 0.4324853 0.9001954 -0.05870856 0.4324853 0.9001954 -0.05870856 0.4324853 0.9001954 -0.05870856 0.4324853 0.9001954 -0.05870856 0.4324853 0.9001954 -0.08610583 0.3052838 0.9491191 -0.08610583 0.3052838 0.9491191 -0.08610583 0.3052838 0.9491191 -0.08610583 0.3052838 0.9491191 -0.08610583 0.3052838 0.9491191 -0.08610583 0.3052838 0.9491191 -0.003914049 0.4735812 0.8806258 -0.003914049 0.4735812 0.8806258 -0.003914049 0.4735812 0.8806258 -0.003914049 0.4735812 0.8806258 -0.003914049 0.4735812 0.8806258 -0.003914049 0.4735812 0.8806258 0.7436397 0.4892366 0.4579255 0.7436397 0.4892366 0.4579255 0.7436397 0.4892366 0.4579255 0.7436397 0.4892366 0.4579255 0.7436397 0.4892366 0.4579255 0.7436397 0.4892366 0.4579255 -0.3874756 0.11546 0.9138941 -0.3874756 0.11546 0.9138941 -0.3874756 0.11546 0.9138941 -0.3874756 0.11546 0.9138941 -0.3874756 0.11546 0.9138941 -0.3874756 0.11546 0.9138941 0.09980407 -0.05088058 0.9941289 0.09980407 -0.05088058 0.9941289 0.09980407 -0.05088058 0.9941289 0.09980407 -0.05088058 0.9941289 0.09980407 -0.05088058 0.9941289 0.09980407 -0.05088058 0.9941289 -0.2524463 0.444227 0.8590995 -0.2524463 0.444227 0.8590995 -0.2524463 0.444227 0.8590995 -0.2524463 0.444227 0.8590995 -0.2524463 0.444227 0.8590995 -0.2524463 0.444227 0.8590995 -0.3874756 0.5381604 0.7495105 -0.3874756 0.5381604 0.7495105 -0.3874756 0.5381604 0.7495105 -0.3874756 0.5381604 0.7495105 -0.3874756 0.5381604 0.7495105 -0.3874756 0.5381604 0.7495105 -0.2250489 0.9315067 0.2837571 -0.2250489 0.9315067 0.2837571 -0.2250489 0.9315067 0.2837571 -0.2250489 0.9315067 0.2837571 -0.2250489 0.9315067 0.2837571 -0.2250489 0.9315067 0.2837571 0.01565538 0.1604697 0.9863011 0.01565538 0.1604697 0.9863011 0.01565538 0.1604697 0.9863011 0.01565538 0.1604697 0.9863011 0.01565538 0.1604697 0.9863011 0.01565538 0.1604697 0.9863011 0.01174147 0.03718204 0.9999998 0.01174147 0.03718204 0.9999998 0.01174147 0.03718204 0.9999998 0.01174147 0.03718204 0.9999998 0.01174147 0.03718204 0.9999998 0.01174147 0.03718204 0.9999998 -0.2407046 0.07827798 0.9667317 -0.2407046 0.07827798 0.9667317 -0.2407046 0.07827798 0.9667317 -0.2407046 0.07827798 0.9667317 -0.2407046 0.07827798 0.9667317 -0.2407046 0.07827798 0.9667317 0.3072405 0.148728 0.9393343 0.3072405 0.148728 0.9393343 0.3072405 0.148728 0.9393343 0.3072405 0.148728 0.9393343 0.3072405 0.148728 0.9393343 0.3072405 0.148728 0.9393343 0.4598823 0.2700586 0.8454009 0.4598823 0.2700586 0.8454009 0.4598823 0.2700586 0.8454009 0.4598823 0.2700586 0.8454009 0.4598823 0.2700586 0.8454009 0.4598823 0.2700586 0.8454009 0.01369842 0.08023487 0.9960859 0.01369842 0.08023487 0.9960859 0.01369842 0.08023487 0.9960859 0.01369842 0.08023487 0.9960859 0.01369842 0.08023487 0.9960859 0.01369842 0.08023487 0.9960859 -0.07045028 0.06262237 0.9960859 -0.07045028 0.06262237 0.9960859 -0.07045028 0.06262237 0.9960859 -0.07045028 0.06262237 0.9960859 -0.07045028 0.06262237 0.9960859 -0.07045028 0.06262237 0.9960859 0.436399 0.2524461 0.8630134 0.436399 0.2524461 0.8630134 0.436399 0.2524461 0.8630134 0.436399 0.2524461 0.8630134 0.436399 0.2524461 0.8630134 0.436399 0.2524461 0.8630134 -0.1956949 -0.09393334 0.9765164 -0.1956949 -0.09393334 0.9765164 -0.1956949 -0.09393334 0.9765164 -0.1956949 -0.09393334 0.9765164 -0.1956949 -0.09393334 0.9765164 -0.1956949 -0.09393334 0.9765164 -0.07240724 -0.08023474 0.9941289 -0.07240724 -0.08023474 0.9941289 -0.07240724 -0.08023474 0.9941289 -0.07240724 -0.08023474 0.9941289 -0.07240724 -0.08023474 0.9941289 -0.07240724 -0.08023474 0.9941289 0.005870628 -0.06849308 0.9980428 0.005870628 -0.06849308 0.9980428 0.005870628 -0.06849308 0.9980428 0.005870628 -0.06849308 0.9980428 0.005870628 -0.06849308 0.9980428 0.005870628 -0.06849308 0.9980428 -0.1115462 -0.105675 0.9882581 -0.1115462 -0.105675 0.9882581 -0.1115462 -0.105675 0.9882581 -0.1115462 -0.105675 0.9882581 -0.1115462 -0.105675 0.9882581 -0.1115462 -0.105675 0.9882581 -0.06066556 -0.1213306 0.990215 -0.06066556 -0.1213306 0.990215 -0.06066556 -0.1213306 0.990215 -0.06066556 -0.1213306 0.990215 -0.06066556 -0.1213306 0.990215 -0.06066556 -0.1213306 0.990215 0.5420741 0.1663404 0.8238746 0.5420741 0.1663404 0.8238746 0.5420741 0.1663404 0.8238746 0.5420741 0.1663404 0.8238746 0.5420741 0.1663404 0.8238746 0.5420741 0.1663404 0.8238746 0.1369861 -0.1428571 0.9804303 0.1369861 -0.1428571 0.9804303 0.1369861 -0.1428571 0.9804303 0.1369861 -0.1428571 0.9804303 0.1369861 -0.1428571 0.9804303 0.1369861 -0.1428571 0.9804303 0.545988 0.2798433 0.7906065 0.545988 0.2798433 0.7906065 0.545988 0.2798433 0.7906065 0.545988 0.2798433 0.7906065 0.545988 0.2798433 0.7906065 0.545988 0.2798433 0.7906065 0.1487277 -0.05283753 0.9882581 0.1487277 -0.05283753 0.9882581 0.1487277 -0.05283753 0.9882581 0.1487277 -0.05283753 0.9882581 0.1487277 -0.05283753 0.9882581 0.1487277 -0.05283753 0.9882581 0.1448139 -0.05675142 0.9882581 0.1448139 -0.05675142 0.9882581 0.1448139 -0.05675142 0.9882581 0.1448139 -0.05675142 0.9882581 0.1448139 -0.05675142 0.9882581 0.1448139 -0.05675142 0.9882581 0.4227005 0.8688843 0.2602738 0.4227005 0.8688843 0.2602738 0.4227005 0.8688843 0.2602738 0.4227005 0.8688843 0.2602738 0.4227005 0.8688843 0.2602738 0.4227005 0.8688843 0.2602738 0.1898236 -0.3131114 0.9315067 0.1898236 -0.3131114 0.9315067 0.1898236 -0.3131114 0.9315067 0.1898236 -0.3131114 0.9315067 0.1898236 -0.3131114 0.9315067 0.1898236 -0.3131114 0.9315067 -0.2485324 -0.09001943 0.9647747 -0.2485324 -0.09001943 0.9647747 -0.2485324 -0.09001943 0.9647747 -0.2485324 -0.09001943 0.9647747 -0.2485324 -0.09001943 0.9647747 -0.2485324 -0.09001943 0.9647747</float_array>
          <technique_common>
            <accessor source="#L01_01__mTreeOakLeaf-normal-array" count="966" stride="3">
              <param name="X" type="float" />
              <param name="Y" type="float" />
              <param name="Z" type="float" />
            </accessor>
          </technique_common>
        </source>
        <source id="L01_01__mTreeOakLeaf-color">
          <float_array id="L01_01__mTreeOakLeaf-color-array" count="3864">8.59375 20.79688 2.199219 1 8.59375 20.79688 2.199219 1 8.59375 20.79688 2.199219 1 8.59375 20.79688 2.199219 1 8.59375 20.79688 2.199219 1 8.59375 20.79688 2.199219 1 8.59375 20.79688 2.199219 1 8.59375 20.79688 2.199219 1 11.19531 18.6875 3.699219 1 11.19531 18.6875 3.699219 1 11.19531 18.6875 3.699219 1 11.19531 18.6875 3.699219 1 11.19531 18.6875 3.699219 1 11.19531 18.6875 3.699219 1 11.19531 18.6875 3.699219 1 11.19531 18.6875 3.699219 1 1.545898 27.39063 1.295898 0.3999023 1.545898 27.39063 1.295898 0.3999023 1.545898 27.39063 1.295898 0.3999023 1.545898 27.39063 1.295898 0.3999023 1.545898 27.39063 1.295898 0.3999023 1.545898 27.39063 1.295898 0.3999023 1.545898 27.39063 1.295898 0.3999023 1.545898 27.39063 1.295898 0.3999023 4.898438 29.09375 -2.699219 0.7998047 4.898438 29.09375 -2.699219 0.7998047 4.898438 29.09375 -2.699219 0.7998047 4.898438 29.09375 -2.699219 0.7998047 4.898438 29.09375 -2.699219 0.7998047 4.898438 29.09375 -2.699219 0.7998047 4.898438 29.09375 -2.699219 0.7998047 4.898438 29.09375 -2.699219 0.7998047 1 1 1 0.0009994507 1 1 1 0.0009994507 1 1 1 0.0009994507 1 1 1 0.0009994507 1 1 1 0.0009994507 1 1 1 0.0009994507 1 1 1 0.0009994507 1 1 1 0.0009994507 1 24 2.099609 1 1 24 2.099609 1 1 24 2.099609 1 1 24 2.099609 1 1 24 2.099609 1 1 24 2.099609 1 1 24 2.099609 1 1 24 2.099609 1 -5.699219 13 4.296875 1 -5.699219 13 4.296875 1 -5.699219 13 4.296875 1 -5.699219 13 4.296875 1 -5.699219 13 4.296875 1 -5.699219 13 4.296875 1 -5.699219 13 4.296875 1 -5.699219 13 4.296875 1 -2.298828 24.79688 2.398438 1 -2.298828 24.79688 2.398438 1 -2.298828 24.79688 2.398438 1 -2.298828 24.79688 2.398438 1 -2.298828 24.79688 2.398438 1 -2.298828 24.79688 2.398438 1 -2.298828 24.79688 2.398438 1 -2.298828 24.79688 2.398438 1 1 1 1 0.0009994507 1 1 1 0.0009994507 1 1 1 0.0009994507 1 1 1 0.0009994507 1 1 1 0.0009994507 1 1 1 0.0009994507 1 1 1 0.0009994507 1 1 1 0.0009994507 1 1 1 0.0009994507 1 1 1 0.0009994507 1 1 1 0.0009994507 1 1 1 0.0009994507 1 1 1 0.0009994507 1 1 1 0.0009994507 1 1 1 0.0009994507 1 1 1 0.0009994507 -3.298828 15.89844 5.398438 1 -3.298828 15.89844 5.398438 1 -3.298828 15.89844 5.398438 1 -3.298828 15.89844 5.398438 1 -3.298828 15.89844 5.398438 1 -3.298828 15.89844 5.398438 1 -3.298828 15.89844 5.398438 1 -3.298828 15.89844 5.398438 1 5.5 15.29688 5.898438 1 5.5 15.29688 5.898438 1 5.5 15.29688 5.898438 1 5.5 15.29688 5.898438 1 5.5 15.29688 5.898438 1 5.5 15.29688 5.898438 1 5.5 15.29688 5.898438 1 5.5 15.29688 5.898438 1 -9.59375 17.1875 4.699219 1 -9.59375 17.1875 4.699219 1 -9.59375 17.1875 4.699219 1 -9.59375 17.1875 4.699219 1 -9.59375 17.1875 4.699219 1 -9.59375 17.1875 4.699219 1 -9.59375 17.1875 4.699219 1 -9.59375 17.1875 4.699219 1 -10.79688 15.5 3 1 -10.79688 15.5 3 1 -10.79688 15.5 3 1 -10.79688 15.5 3 1 -10.79688 15.5 3 1 -10.79688 15.5 3 1 -10.79688 15.5 3 1 -10.79688 15.5 3 1 1 1 1 0.0009994507 1 1 1 0.0009994507 1 1 1 0.0009994507 1 1 1 0.0009994507 1 1 1 0.0009994507 1 1 1 0.0009994507 1 1 1 0.0009994507 1 1 1 0.0009994507 -3.699219 23.1875 0.7998047 1 -3.699219 23.1875 0.7998047 1 -3.699219 23.1875 0.7998047 1 -3.699219 23.1875 0.7998047 1 -3.699219 23.1875 0.7998047 1 -3.699219 23.1875 0.7998047 1 -3.699219 23.1875 0.7998047 1 -3.699219 23.1875 0.7998047 1 5.097656 13.79688 5.398438 1 5.097656 13.79688 5.398438 1 5.097656 13.79688 5.398438 1 5.097656 13.79688 5.398438 1 5.097656 13.79688 5.398438 1 5.097656 13.79688 5.398438 1 5.097656 13.79688 5.398438 1 5.097656 13.79688 5.398438 1 9.398438 15.5 5.097656 1 9.398438 15.5 5.097656 1 9.398438 15.5 5.097656 1 9.398438 15.5 5.097656 1 9.398438 15.5 5.097656 1 9.398438 15.5 5.097656 1 9.398438 15.5 5.097656 1 9.398438 15.5 5.097656 1 1 1 1 0.0009994507 1 1 1 0.0009994507 1 1 1 0.0009994507 1 1 1 0.0009994507 1 1 1 0.0009994507 1 1 1 0.0009994507 1 1 1 0.0009994507 1 1 1 0.0009994507 1 1 1 0.0009994507 1 1 1 0.0009994507 1 1 1 0.0009994507 1 1 1 0.0009994507 1 1 1 0.0009994507 1 1 1 0.0009994507 1 1 1 0.0009994507 1 1 1 0.0009994507 1 1 1 0.0009994507 1 1 1 0.0009994507 1 1 1 0.0009994507 1 1 1 0.0009994507 1 1 1 0.0009994507 1 1 1 0.0009994507 1 1 1 0.0009994507 1 1 1 0.0009994507 1 1 1 0.0009994507 1 1 1 0.0009994507 1 1 1 0.0009994507 1 1 1 0.0009994507 1 1 1 0.0009994507 1 1 1 0.0009994507 1 1 1 0.0009994507 1 1 1 0.0009994507 -0.699707 16.89063 4.398438 1 -0.699707 16.89063 4.398438 1 -0.699707 16.89063 4.398438 1 -0.699707 16.89063 4.398438 1 -0.699707 16.89063 4.398438 1 -0.699707 16.89063 4.398438 1 -0.699707 16.89063 4.398438 1 -0.699707 16.89063 4.398438 1 -2.798828 13.69531 3.099609 1 -2.798828 13.69531 3.099609 1 -2.798828 13.69531 3.099609 1 -2.798828 13.69531 3.099609 1 -2.798828 13.69531 3.099609 1 -2.798828 13.69531 3.099609 1 -2.798828 13.69531 3.099609 1 -2.798828 13.69531 3.099609 1 -6.5 13.89844 1.199219 1 -6.5 13.89844 1.199219 1 -6.5 13.89844 1.199219 1 -6.5 13.89844 1.199219 1 -6.5 13.89844 1.199219 1 -6.5 13.89844 1.199219 1 -6.5 13.89844 1.199219 1 -6.5 13.89844 1.199219 1 -8.898438 15 -1.799805 1 -8.898438 15 -1.799805 1 -8.898438 15 -1.799805 1 -8.898438 15 -1.799805 1 -8.898438 15 -1.799805 1 -8.898438 15 -1.799805 1 -8.898438 15 -1.799805 1 -8.898438 15 -1.799805 1 -8.898438 13 -2.898438 1 -8.898438 13 -2.898438 1 -8.898438 13 -2.898438 1 -8.898438 13 -2.898438 1 -8.898438 13 -2.898438 1 -8.898438 13 -2.898438 1 -8.898438 13 -2.898438 1 -8.898438 13 -2.898438 1 -6.296875 12 -3.199219 1 -6.296875 12 -3.199219 1 -6.296875 12 -3.199219 1 -6.296875 12 -3.199219 1 -6.296875 12 -3.199219 1 -6.296875 12 -3.199219 1 -6.296875 12 -3.199219 1 -6.296875 12 -3.199219 1 -6.796875 14.89844 5.398438 1 -6.796875 14.89844 5.398438 1 -6.796875 14.89844 5.398438 1 -6.796875 14.89844 5.398438 1 -6.796875 14.89844 5.398438 1 -6.796875 14.89844 5.398438 1 -6.796875 14.89844 5.398438 1 -6.796875 14.89844 5.398438 1 -10.79688 18.29688 2.599609 1 -10.79688 18.29688 2.599609 1 -10.79688 18.29688 2.599609 1 -10.79688 18.29688 2.599609 1 -10.79688 18.29688 2.599609 1 -10.79688 18.29688 2.599609 1 -10.79688 18.29688 2.599609 1 -10.79688 18.29688 2.599609 1 8 13 1 1 8 13 1 1 8 13 1 1 8 13 1 1 8 13 1 1 8 13 1 1 8 13 1 1 8 13 1 1 1 1 1 0.0009994507 1 1 1 0.0009994507 1 1 1 0.0009994507 1 1 1 0.0009994507 1 1 1 0.0009994507 1 1 1 0.0009994507 1 1 1 0.0009994507 1 1 1 0.0009994507 8.296875 13.79688 4 1 8.296875 13.79688 4 1 8.296875 13.79688 4 1 8.296875 13.79688 4 1 8.296875 13.79688 4 1 8.296875 13.79688 4 1 8.296875 13.79688 4 1 8.296875 13.79688 4 1 11.39844 16.79688 2.5 1 11.39844 16.79688 2.5 1 11.39844 16.79688 2.5 1 11.39844 16.79688 2.5 1 11.39844 16.79688 2.5 1 11.39844 16.79688 2.5 1 11.39844 16.79688 2.5 1 11.39844 16.79688 2.5 1 6.398438 11.89844 -2.099609 1 6.398438 11.89844 -2.099609 1 6.398438 11.89844 -2.099609 1 6.398438 11.89844 -2.099609 1 6.398438 11.89844 -2.099609 1 6.398438 11.89844 -2.099609 1 6.398438 11.89844 -2.099609 1 6.398438 11.89844 -2.099609 1 1 1 1 0.0009994507 1 1 1 0.0009994507 1 1 1 0.0009994507 1 1 1 0.0009994507 1 1 1 0.0009994507 1 1 1 0.0009994507 1 1 1 0.0009994507 1 1 1 0.0009994507 -5.898438 22.09375 3.898438 1 -5.898438 22.09375 3.898438 1 -5.898438 22.09375 3.898438 1 -5.898438 22.09375 3.898438 1 -5.898438 22.09375 3.898438 1 -5.898438 22.09375 3.898438 1 2 20.29688 5.5 1 2 20.29688 5.5 1 2 20.29688 5.5 1 2 20.29688 5.5 1 2 20.29688 5.5 1 2 20.29688 5.5 1 8.5 19.5 5.898438 1 8.5 19.5 5.898438 1 8.5 19.5 5.898438 1 8.5 19.5 5.898438 1 8.5 19.5 5.898438 1 8.5 19.5 5.898438 1 5.5 23.29688 1.199219 1 5.5 23.29688 1.199219 1 5.5 23.29688 1.199219 1 5.5 23.29688 1.199219 1 5.5 23.29688 1.199219 1 5.5 23.29688 1.199219 1 0.2998047 29.89063 0.7998047 1 0.2998047 29.89063 0.7998047 1 0.2998047 29.89063 0.7998047 1 0.2998047 29.89063 0.7998047 1 0.2998047 29.89063 0.7998047 1 0.2998047 29.89063 0.7998047 1 -4.898438 23.79688 0.3999023 1 -4.898438 23.79688 0.3999023 1 -4.898438 23.79688 0.3999023 1 -4.898438 23.79688 0.3999023 1 -4.898438 23.79688 0.3999023 1 -4.898438 23.79688 0.3999023 1 -6.199219 22.89063 -2.199219 1 -6.199219 22.89063 -2.199219 1 -6.199219 22.89063 -2.199219 1 -6.199219 22.89063 -2.199219 1 -6.199219 22.89063 -2.199219 1 -6.199219 22.89063 -2.199219 1 -3.099609 23.09375 3.099609 1 -3.099609 23.09375 3.099609 1 -3.099609 23.09375 3.099609 1 -3.099609 23.09375 3.099609 1 -3.099609 23.09375 3.099609 1 -3.099609 23.09375 3.099609 1 -7.097656 23 1.899414 1 -7.097656 23 1.899414 1 -7.097656 23 1.899414 1 -7.097656 23 1.899414 1 -7.097656 23 1.899414 1 -7.097656 23 1.899414 1 -6.597656 23.5 -0.5 1 -6.597656 23.5 -0.5 1 -6.597656 23.5 -0.5 1 -6.597656 23.5 -0.5 1 -6.597656 23.5 -0.5 1 -6.597656 23.5 -0.5 1 -8.296875 22.1875 -1.299805 1 -8.296875 22.1875 -1.299805 1 -8.296875 22.1875 -1.299805 1 -8.296875 22.1875 -1.299805 1 -8.296875 22.1875 -1.299805 1 -8.296875 22.1875 -1.299805 1 1 1 1 0.0009994507 1 1 1 0.0009994507 1 1 1 0.0009994507 1 1 1 0.0009994507 1 1 1 0.0009994507 1 1 1 0.0009994507 -4 23 -6.898438 1 -4 23 -6.898438 1 -4 23 -6.898438 1 -4 23 -6.898438 1 -4 23 -6.898438 1 -4 23 -6.898438 1 7.898438 21.39063 4.699219 1 7.898438 21.39063 4.699219 1 7.898438 21.39063 4.699219 1 7.898438 21.39063 4.699219 1 7.898438 21.39063 4.699219 1 7.898438 21.39063 4.699219 1 5.398438 21.79688 4.898438 1 5.398438 21.79688 4.898438 1 5.398438 21.79688 4.898438 1 5.398438 21.79688 4.898438 1 5.398438 21.79688 4.898438 1 5.398438 21.79688 4.898438 1 3.5 22.6875 2.099609 1 3.5 22.6875 2.099609 1 3.5 22.6875 2.099609 1 3.5 22.6875 2.099609 1 3.5 22.6875 2.099609 1 3.5 22.6875 2.099609 1 6 22.89063 1 1 6 22.89063 1 1 6 22.89063 1 1 6 22.89063 1 1 6 22.89063 1 1 6 22.89063 1 1 1.5 31.09375 -0.699707 1 1.5 31.09375 -0.699707 1 1.5 31.09375 -0.699707 1 1.5 31.09375 -0.699707 1 1.5 31.09375 -0.699707 1 1.5 31.09375 -0.699707 1 -1.799805 30.59375 -0.8999023 0.699707 -1.799805 30.59375 -0.8999023 0.699707 -1.799805 30.59375 -0.8999023 0.699707 -1.799805 30.59375 -0.8999023 0.699707 -1.799805 30.59375 -0.8999023 0.699707 -1.799805 30.59375 -0.8999023 0.699707 -0.09997559 31.29688 -3.699219 1 -0.09997559 31.29688 -3.699219 1 -0.09997559 31.29688 -3.699219 1 -0.09997559 31.29688 -3.699219 1 -0.09997559 31.29688 -3.699219 1 -0.09997559 31.29688 -3.699219 1 1 1 1 0.0009994507 1 1 1 0.0009994507 1 1 1 0.0009994507 1 1 1 0.0009994507 1 1 1 0.0009994507 1 1 1 0.0009994507 1 1 1 0.0009994507 1 1 1 0.0009994507 1 1 1 0.0009994507 1 1 1 0.0009994507 1 1 1 0.0009994507 1 1 1 0.0009994507 -1.799805 28.89063 0.5996094 1 -1.799805 28.89063 0.5996094 1 -1.799805 28.89063 0.5996094 1 -1.799805 28.89063 0.5996094 1 -1.799805 28.89063 0.5996094 1 -1.799805 28.89063 0.5996094 1 -4.597656 28.59375 -1.5 0.7998047 -4.597656 28.59375 -1.5 0.7998047 -4.597656 28.59375 -1.5 0.7998047 -4.597656 28.59375 -1.5 0.7998047 -4.597656 28.59375 -1.5 0.7998047 -4.597656 28.59375 -1.5 0.7998047 -3.298828 30.1875 -2.398438 1 -3.298828 30.1875 -2.398438 1 -3.298828 30.1875 -2.398438 1 -3.298828 30.1875 -2.398438 1 -3.298828 30.1875 -2.398438 1 -3.298828 30.1875 -2.398438 1 -1.099609 31.39063 -3.599609 0.7998047 -1.099609 31.39063 -3.599609 0.7998047 -1.099609 31.39063 -3.599609 0.7998047 -1.099609 31.39063 -3.599609 0.7998047 -1.099609 31.39063 -3.599609 0.7998047 -1.099609 31.39063 -3.599609 0.7998047 0.2998047 31.6875 -3.099609 1 0.2998047 31.6875 -3.099609 1 0.2998047 31.6875 -3.099609 1 0.2998047 31.6875 -3.099609 1 0.2998047 31.6875 -3.099609 1 0.2998047 31.6875 -3.099609 1 2 31.29688 -3.099609 1 2 31.29688 -3.099609 1 2 31.29688 -3.099609 1 2 31.29688 -3.099609 1 2 31.29688 -3.099609 1 2 31.29688 -3.099609 1 -0.3999023 30.79688 -4.296875 1 -0.3999023 30.79688 -4.296875 1 -0.3999023 30.79688 -4.296875 1 -0.3999023 30.79688 -4.296875 1 -0.3999023 30.79688 -4.296875 1 -0.3999023 30.79688 -4.296875 1 1 1 1 0.0009994507 1 1 1 0.0009994507 1 1 1 0.0009994507 1 1 1 0.0009994507 1 1 1 0.0009994507 1 1 1 0.0009994507 -7 18.89063 5.597656 1 -7 18.89063 5.597656 1 -7 18.89063 5.597656 1 -7 18.89063 5.597656 1 -7 18.89063 5.597656 1 -7 18.89063 5.597656 1 -1.899414 22.09375 2.599609 1 -1.899414 22.09375 2.599609 1 -1.899414 22.09375 2.599609 1 -1.899414 22.09375 2.599609 1 -1.899414 22.09375 2.599609 1 -1.899414 22.09375 2.599609 1 -1.599609 20.29688 4.199219 1 -1.599609 20.29688 4.199219 1 -1.599609 20.29688 4.199219 1 -1.599609 20.29688 4.199219 1 -1.599609 20.29688 4.199219 1 -1.599609 20.29688 4.199219 1 -8.695313 22.29688 1.099609 0.7998047 -8.695313 22.29688 1.099609 0.7998047 -8.695313 22.29688 1.099609 0.7998047 -8.695313 22.29688 1.099609 0.7998047 -8.695313 22.29688 1.099609 0.7998047 -8.695313 22.29688 1.099609 0.7998047 -9.59375 21.1875 -0.7998047 1 -9.59375 21.1875 -0.7998047 1 -9.59375 21.1875 -0.7998047 1 -9.59375 21.1875 -0.7998047 1 -9.59375 21.1875 -0.7998047 1 -9.59375 21.1875 -0.7998047 1 -8.59375 21.79688 -3.199219 1 -8.59375 21.79688 -3.199219 1 -8.59375 21.79688 -3.199219 1 -8.59375 21.79688 -3.199219 1 -8.59375 21.79688 -3.199219 1 -8.59375 21.79688 -3.199219 1 1 1 1 0.0009994507 1 1 1 0.0009994507 1 1 1 0.0009994507 1 1 1 0.0009994507 1 1 1 0.0009994507 1 1 1 0.0009994507 -4.5 22.09375 -6.5 1 -4.5 22.09375 -6.5 1 -4.5 22.09375 -6.5 1 -4.5 22.09375 -6.5 1 -4.5 22.09375 -6.5 1 -4.5 22.09375 -6.5 1 4.5 29.1875 -0.699707 1 4.5 29.1875 -0.699707 1 4.5 29.1875 -0.699707 1 4.5 29.1875 -0.699707 1 4.5 29.1875 -0.699707 1 4.5 29.1875 -0.699707 1 3 28.5 1.399414 1 3 28.5 1.399414 1 3 28.5 1.399414 1 3 28.5 1.399414 1 3 28.5 1.399414 1 3 28.5 1.399414 1 -4.597656 20.79688 4.699219 1 -4.597656 20.79688 4.699219 1 -4.597656 20.79688 4.699219 1 -4.597656 20.79688 4.699219 1 -4.597656 20.79688 4.699219 1 -4.597656 20.79688 4.699219 1 5.5 19.79688 6.097656 1 5.5 19.79688 6.097656 1 5.5 19.79688 6.097656 1 5.5 19.79688 6.097656 1 5.5 19.79688 6.097656 1 5.5 19.79688 6.097656 1 3.199219 19.09375 5.796875 1 3.199219 19.09375 5.796875 1 3.199219 19.09375 5.796875 1 3.199219 19.09375 5.796875 1 3.199219 19.09375 5.796875 1 3.199219 19.09375 5.796875 1 7.699219 18.5 6.097656 1 7.699219 18.5 6.097656 1 7.699219 18.5 6.097656 1 7.699219 18.5 6.097656 1 7.699219 18.5 6.097656 1 7.699219 18.5 6.097656 1 10.09375 19.89063 4.898438 1 10.09375 19.89063 4.898438 1 10.09375 19.89063 4.898438 1 10.09375 19.89063 4.898438 1 10.09375 19.89063 4.898438 1 10.09375 19.89063 4.898438 1 6.898438 22.59375 2.699219 1 6.898438 22.59375 2.699219 1 6.898438 22.59375 2.699219 1 6.898438 22.59375 2.699219 1 6.898438 22.59375 2.699219 1 6.898438 22.59375 2.699219 1 2.398438 21.59375 3.398438 0.5996094 2.398438 21.59375 3.398438 0.5996094 2.398438 21.59375 3.398438 0.5996094 2.398438 21.59375 3.398438 0.5996094 2.398438 21.59375 3.398438 0.5996094 2.398438 21.59375 3.398438 0.5996094 9.296875 21.89063 -0.1999512 1 9.296875 21.89063 -0.1999512 1 9.296875 21.89063 -0.1999512 1 9.296875 21.89063 -0.1999512 1 9.296875 21.89063 -0.1999512 1 9.296875 21.89063 -0.1999512 1 9.5 21 -2.798828 1 9.5 21 -2.798828 1 9.5 21 -2.798828 1 9.5 21 -2.798828 1 9.5 21 -2.798828 1 9.5 21 -2.798828 1 5.898438 21.59375 -4.796875 1 5.898438 21.59375 -4.796875 1 5.898438 21.59375 -4.796875 1 5.898438 21.59375 -4.796875 1 5.898438 21.59375 -4.796875 1 5.898438 21.59375 -4.796875 1 -5.097656 26.89063 0.09997559 1 -5.097656 26.89063 0.09997559 1 -5.097656 26.89063 0.09997559 1 -5.097656 26.89063 0.09997559 1 -5.097656 26.89063 0.09997559 1 -5.097656 26.89063 0.09997559 1 -0.5996094 27.6875 1.599609 1 -0.5996094 27.6875 1.599609 1 -0.5996094 27.6875 1.599609 1 -0.5996094 27.6875 1.599609 1 -0.5996094 27.6875 1.599609 1 -0.5996094 27.6875 1.599609 1 4.199219 27.09375 1.199219 1 4.199219 27.09375 1.199219 1 4.199219 27.09375 1.199219 1 4.199219 27.09375 1.199219 1 4.199219 27.09375 1.199219 1 4.199219 27.09375 1.199219 1 1 1 1 0.0009994507 1 1 1 0.0009994507 1 1 1 0.0009994507 1 1 1 0.0009994507 1 1 1 0.0009994507 1 1 1 0.0009994507 1 1 1 0.0009994507 1 1 1 0.0009994507 1 1 1 0.0009994507 1 1 1 0.0009994507 1 1 1 0.0009994507 1 1 1 0.0009994507 1 1 1 0.0009994507 1 1 1 0.0009994507 1 1 1 0.0009994507 1 1 1 0.0009994507 1 1 1 0.0009994507 1 1 1 0.0009994507 -2.599609 17.5 5.699219 1 -2.599609 17.5 5.699219 1 -2.599609 17.5 5.699219 1 -2.599609 17.5 5.699219 1 -2.599609 17.5 5.699219 1 -2.599609 17.5 5.699219 1 -7.597656 20.89063 3.599609 1 -7.597656 20.89063 3.599609 1 -7.597656 20.89063 3.599609 1 -7.597656 20.89063 3.599609 1 -7.597656 20.89063 3.599609 1 -7.597656 20.89063 3.599609 1 -3.898438 19.09375 5.199219 1 -3.898438 19.09375 5.199219 1 -3.898438 19.09375 5.199219 1 -3.898438 19.09375 5.199219 1 -3.898438 19.09375 5.199219 1 -3.898438 19.09375 5.199219 1 -9.398438 19.29688 3.898438 1 -9.398438 19.29688 3.898438 1 -9.398438 19.29688 3.898438 1 -9.398438 19.29688 3.898438 1 -9.398438 19.29688 3.898438 1 -9.398438 19.29688 3.898438 1 1 1 1 0.0009994507 1 1 1 0.0009994507 1 1 1 0.0009994507 1 1 1 0.0009994507 1 1 1 0.0009994507 1 1 1 0.0009994507 -5.796875 21.09375 -6.699219 1 -5.796875 21.09375 -6.699219 1 -5.796875 21.09375 -6.699219 1 -5.796875 21.09375 -6.699219 1 -5.796875 21.09375 -6.699219 1 -5.796875 21.09375 -6.699219 1 1 1 1 0.0009994507 1 1 1 0.0009994507 1 1 1 0.0009994507 1 1 1 0.0009994507 1 1 1 0.0009994507 1 1 1 0.0009994507 2.898438 24.6875 0 1 2.898438 24.6875 0 1 2.898438 24.6875 0 1 2.898438 24.6875 0 1 2.898438 24.6875 0 1 2.898438 24.6875 0 1 -2.5 26.6875 1.799805 0.8999023 -2.5 26.6875 1.799805 0.8999023 -2.5 26.6875 1.799805 0.8999023 -2.5 26.6875 1.799805 0.8999023 -2.5 26.6875 1.799805 0.8999023 -2.5 26.6875 1.799805 0.8999023 9.296875 17.09375 5.699219 1 9.296875 17.09375 5.699219 1 9.296875 17.09375 5.699219 1 9.296875 17.09375 5.699219 1 9.296875 17.09375 5.699219 1 9.296875 17.09375 5.699219 1 -6 17.59375 6.199219 1 -6 17.59375 6.199219 1 -6 17.59375 6.199219 1 -6 17.59375 6.199219 1 -6 17.59375 6.199219 1 -6 17.59375 6.199219 1 -5.097656 22.89063 1.399414 0.3999023 -5.097656 22.89063 1.399414 0.3999023 -5.097656 22.89063 1.399414 0.3999023 -5.097656 22.89063 1.399414 0.3999023 -5.097656 22.89063 1.399414 0.3999023 -5.097656 22.89063 1.399414 0.3999023 6.597656 16.59375 6.898438 1 6.597656 16.59375 6.898438 1 6.597656 16.59375 6.898438 1 6.597656 16.59375 6.898438 1 6.597656 16.59375 6.898438 1 6.597656 16.59375 6.898438 1 1.899414 18 6.097656 1 1.899414 18 6.097656 1 1.899414 18 6.097656 1 1.899414 18 6.097656 1 1.899414 18 6.097656 1 1.899414 18 6.097656 1 3.599609 21.59375 4 1 3.599609 21.59375 4 1 3.599609 21.59375 4 1 3.599609 21.59375 4 1 3.599609 21.59375 4 1 3.599609 21.59375 4 1 9.796875 21.79688 2.599609 1 9.796875 21.79688 2.599609 1 9.796875 21.79688 2.599609 1 9.796875 21.79688 2.599609 1 9.796875 21.79688 2.599609 1 9.796875 21.79688 2.599609 1 8 22.09375 1.599609 1 8 22.09375 1.599609 1 8 22.09375 1.599609 1 8 22.09375 1.599609 1 8 22.09375 1.599609 1 8 22.09375 1.599609 1 7.796875 22.59375 0.3999023 1 7.796875 22.59375 0.3999023 1 7.796875 22.59375 0.3999023 1 7.796875 22.59375 0.3999023 1 7.796875 22.59375 0.3999023 1 7.796875 22.59375 0.3999023 1 10.19531 20.29688 -1.199219 1 10.19531 20.29688 -1.199219 1 10.19531 20.29688 -1.199219 1 10.19531 20.29688 -1.199219 1 10.19531 20.29688 -1.199219 1 10.19531 20.29688 -1.199219 1 3.798828 22.79688 1.299805 0.3999023 3.798828 22.79688 1.299805 0.3999023 3.798828 22.79688 1.299805 0.3999023 3.798828 22.79688 1.299805 0.3999023 3.798828 22.79688 1.299805 0.3999023 3.798828 22.79688 1.299805 0.3999023 3.699219 30.09375 -3 0.3999023 3.699219 30.09375 -3 0.3999023 3.699219 30.09375 -3 0.3999023 3.699219 30.09375 -3 0.3999023 3.699219 30.09375 -3 0.3999023 3.699219 30.09375 -3 0.3999023 -1.5 18.6875 5.097656 1 -1.5 18.6875 5.097656 1 -1.5 18.6875 5.097656 1 -1.5 18.6875 5.097656 1 -1.5 18.6875 5.097656 1 -1.5 18.6875 5.097656 1 -10.29688 20.39063 1.799805 1 -10.29688 20.39063 1.799805 1 -10.29688 20.39063 1.799805 1 -10.29688 20.39063 1.799805 1 -10.29688 20.39063 1.799805 1 -10.29688 20.39063 1.799805 1 -7.898438 16.89063 6 1 -7.898438 16.89063 6 1 -7.898438 16.89063 6 1 -7.898438 16.89063 6 1 -7.898438 16.89063 6 1 -7.898438 16.89063 6 1 11.19531 20.29688 1.199219 1 11.19531 20.29688 1.199219 1 11.19531 20.29688 1.199219 1 11.19531 20.29688 1.199219 1 11.19531 20.29688 1.199219 1 11.19531 20.29688 1.199219 1 7 22.29688 -2.298828 1 7 22.29688 -2.298828 1 7 22.29688 -2.298828 1 7 22.29688 -2.298828 1 7 22.29688 -2.298828 1 7 22.29688 -2.298828 1 1 1 1 0.0009994507 1 1 1 0.0009994507 1 1 1 0.0009994507 1 1 1 0.0009994507 1 1 1 0.0009994507 1 1 1 0.0009994507 1 1 1 0.0009994507 1 1 1 0.0009994507 1 1 1 0.0009994507 1 1 1 0.0009994507 1 1 1 0.0009994507 1 1 1 0.0009994507 0 26 2 0.7998047 0 26 2 0.7998047 0 26 2 0.7998047 0 26 2 0.7998047 0 26 2 0.7998047 0 26 2 0.7998047 1 29 0.699707 0.3999023 1 29 0.699707 0.3999023 1 29 0.699707 0.3999023 1 29 0.699707 0.3999023 1 29 0.699707 0.3999023 1 29 0.699707 0.3999023 6.398438 27.1875 -1.899414 1 6.398438 27.1875 -1.899414 1 6.398438 27.1875 -1.899414 1 6.398438 27.1875 -1.899414 1 6.398438 27.1875 -1.899414 1 6.398438 27.1875 -1.899414 1 -9.09375 14.69531 4.597656 1 -9.09375 14.69531 4.597656 1 -9.09375 14.69531 4.597656 1 -9.09375 14.69531 4.597656 1 -9.09375 14.69531 4.597656 1 -9.09375 14.69531 4.597656 1 -3.898438 14.19531 4.699219 1 -3.898438 14.19531 4.699219 1 -3.898438 14.19531 4.699219 1 -3.898438 14.19531 4.699219 1 -3.898438 14.19531 4.699219 1 -3.898438 14.19531 4.699219 1 1 1 1 0.0009994507 1 1 1 0.0009994507 1 1 1 0.0009994507 1 1 1 0.0009994507 1 1 1 0.0009994507 1 1 1 0.0009994507 1 1 1 0.0009994507 1 1 1 0.0009994507 1 1 1 0.0009994507 1 1 1 0.0009994507 1 1 1 0.0009994507 1 1 1 0.0009994507 -6.199219 23.1875 -0.1999512 0.3999023 -6.199219 23.1875 -0.1999512 0.3999023 -6.199219 23.1875 -0.1999512 0.3999023 -6.199219 23.1875 -0.1999512 0.3999023 -6.199219 23.1875 -0.1999512 0.3999023 -6.199219 23.1875 -0.1999512 0.3999023 -10.09375 16.79688 -2.798828 1 -10.09375 16.79688 -2.798828 1 -10.09375 16.79688 -2.798828 1 -10.09375 16.79688 -2.798828 1 -10.09375 16.79688 -2.798828 1 -10.09375 16.79688 -2.798828 1 -5.296875 15.59375 6 1 -5.296875 15.59375 6 1 -5.296875 15.59375 6 1 -5.296875 15.59375 6 1 -5.296875 15.59375 6 1 -5.296875 15.59375 6 1 3.099609 16.29688 5.898438 1 3.099609 16.29688 5.898438 1 3.099609 16.29688 5.898438 1 3.099609 16.29688 5.898438 1 3.099609 16.29688 5.898438 1 3.099609 16.29688 5.898438 1 7.699219 15.5 6.398438 1 7.699219 15.5 6.398438 1 7.699219 15.5 6.398438 1 7.699219 15.5 6.398438 1 7.699219 15.5 6.398438 1 7.699219 15.5 6.398438 1 10.09375 14.79688 4 1 10.09375 14.79688 4 1 10.09375 14.79688 4 1 10.09375 14.79688 4 1 10.09375 14.79688 4 1 10.09375 14.79688 4 1 4.699219 14.5 2 1 4.699219 14.5 2 1 4.699219 14.5 2 1 4.699219 14.5 2 1 4.699219 14.5 2 1 4.699219 14.5 2 1 -1.299805 22.89063 1.699219 1 -1.299805 22.89063 1.699219 1 -1.299805 22.89063 1.699219 1 -1.299805 22.89063 1.699219 1 -1.299805 22.89063 1.699219 1 -1.299805 22.89063 1.699219 1 5.398438 25.79688 0.8999023 1 5.398438 25.79688 0.8999023 1 5.398438 25.79688 0.8999023 1 5.398438 25.79688 0.8999023 1 5.398438 25.79688 0.8999023 1 5.398438 25.79688 0.8999023 1 -7.796875 13.09375 -0.1999512 1 -7.796875 13.09375 -0.1999512 1 -7.796875 13.09375 -0.1999512 1 -7.796875 13.09375 -0.1999512 1 -7.796875 13.09375 -0.1999512 1 -7.796875 13.09375 -0.1999512 1 -6.699219 13.5 4.898438 1 -6.699219 13.5 4.898438 1 -6.699219 13.5 4.898438 1 -6.699219 13.5 4.898438 1 -6.699219 13.5 4.898438 1 -6.699219 13.5 4.898438 1 -4.5 14.5 2 1 -4.5 14.5 2 1 -4.5 14.5 2 1 -4.5 14.5 2 1 -4.5 14.5 2 1 -4.5 14.5 2 1 -5.597656 12.59375 -0.5 1 -5.597656 12.59375 -0.5 1 -5.597656 12.59375 -0.5 1 -5.597656 12.59375 -0.5 1 -5.597656 12.59375 -0.5 1 -5.597656 12.59375 -0.5 1 -8.59375 12.5 -4.097656 1 -8.59375 12.5 -4.097656 1 -8.59375 12.5 -4.097656 1 -8.59375 12.5 -4.097656 1 -8.59375 12.5 -4.097656 1 -8.59375 12.5 -4.097656 1 -1.099609 15.39844 3.898438 1 -1.099609 15.39844 3.898438 1 -1.099609 15.39844 3.898438 1 -1.099609 15.39844 3.898438 1 -1.099609 15.39844 3.898438 1 -1.099609 15.39844 3.898438 1 -3.5 12.39844 -3.099609 1 -3.5 12.39844 -3.099609 1 -3.5 12.39844 -3.099609 1 -3.5 12.39844 -3.099609 1 -3.5 12.39844 -3.099609 1 -3.5 12.39844 -3.099609 1 11.29688 15 2.5 1 11.29688 15 2.5 1 11.29688 15 2.5 1 11.29688 15 2.5 1 11.29688 15 2.5 1 11.29688 15 2.5 1 9 12.69531 -2 1 9 12.69531 -2 1 9 12.69531 -2 1 9 12.69531 -2 1 9 12.69531 -2 1 9 12.69531 -2 1 5.597656 12.79688 0 1 5.597656 12.79688 0 1 5.597656 12.79688 0 1 5.597656 12.79688 0 1 5.597656 12.79688 0 1 5.597656 12.79688 0 1 1 1 1 0.0009994507 1 1 1 0.0009994507 1 1 1 0.0009994507 1 1 1 0.0009994507 1 1 1 0.0009994507 1 1 1 0.0009994507 -4.699219 11.79688 -4.199219 1 -4.699219 11.79688 -4.199219 1 -4.699219 11.79688 -4.199219 1 -4.699219 11.79688 -4.199219 1 -4.699219 11.79688 -4.199219 1 -4.699219 11.79688 -4.199219 1 -10.09375 14.79688 -2.599609 1 -10.09375 14.79688 -2.599609 1 -10.09375 14.79688 -2.599609 1 -10.09375 14.79688 -2.599609 1 -10.09375 14.79688 -2.599609 1 -10.09375 14.79688 -2.599609 1</float_array>
          <technique_common>
            <accessor source="#L01_01__mTreeOakLeaf-color-array" count="966" stride="4">
              <param name="R" type="float" />
              <param name="G" type="float" />
              <param name="B" type="float" />
              <param name="A" type="float" />
            </accessor>
          </technique_common>
        </source>
        <source id="L01_01__mTreeOakLeaf-texcoord">
          <float_array id="L01_01__mTreeOakLeaf-texcoord-array" count="1932">0.8388672 0.3554688 0.8388672 0.6557617 0.6640625 0.4609375 0.6845703 0.625 0.9775391 0.6257324 0.8388672 0.6557617 0.9985352 0.4619141 0.8388672 0.3554688 0.8388672 0.3554688 0.8388672 0.6557617 0.6640625 0.4609375 0.6845703 0.625 0.9775391 0.6257324 0.8388672 0.6557617 0.9985352 0.4619141 0.8388672 0.3554688 0.8388672 0.3554688 0.8388672 0.6557617 0.6640625 0.4609375 0.6845703 0.625 0.9775391 0.6257324 0.8388672 0.6557617 0.9985352 0.4619141 0.8388672 0.3554688 0.8388672 0.3554688 0.8388672 0.6557617 0.6640625 0.4609375 0.6845703 0.625 0.9775391 0.6257324 0.8388672 0.6557617 0.9985352 0.4619141 0.8388672 0.3554688 0.8388672 0.3554688 0.8388672 0.6557617 0.6640625 0.4609375 0.6845703 0.625 0.9775391 0.6257324 0.8388672 0.6557617 0.9985352 0.4619141 0.8388672 0.3554688 0.8388672 0.3554688 0.8388672 0.6557617 0.6640625 0.4609375 0.6845703 0.625 0.9775391 0.6257324 0.8388672 0.6557617 0.9985352 0.4619141 0.8388672 0.3554688 0.8388672 0.3554688 0.8388672 0.6557617 0.6640625 0.4609375 0.6845703 0.625 0.9775391 0.6257324 0.8388672 0.6557617 0.9985352 0.4619141 0.8388672 0.3554688 0.8388672 0.3554688 0.8388672 0.6557617 0.6640625 0.4609375 0.6845703 0.625 0.9775391 0.6257324 0.8388672 0.6557617 0.9985352 0.4619141 0.8388672 0.3554688 0.8388672 0.3554688 0.8388672 0.6557617 0.6640625 0.4609375 0.6845703 0.625 0.9775391 0.6257324 0.8388672 0.6557617 0.9985352 0.4619141 0.8388672 0.3554688 0.8388672 0.3554688 0.8388672 0.6557617 0.6640625 0.4609375 0.6845703 0.625 0.9775391 0.6257324 0.8388672 0.6557617 0.9985352 0.4619141 0.8388672 0.3554688 0.8388672 0.3554688 0.8388672 0.6557617 0.6640625 0.4609375 0.6845703 0.625 0.9775391 0.6257324 0.8388672 0.6557617 0.9985352 0.4619141 0.8388672 0.3554688 0.8388672 0.3554688 0.8388672 0.6557617 0.6640625 0.4609375 0.6845703 0.625 0.9775391 0.6257324 0.8388672 0.6557617 0.9985352 0.4619141 0.8388672 0.3554688 0.8388672 0.3554688 0.8388672 0.6557617 0.6640625 0.4609375 0.6845703 0.625 0.9775391 0.6257324 0.8388672 0.6557617 0.9985352 0.4619141 0.8388672 0.3554688 0.8388672 0.3554688 0.8388672 0.6557617 0.6640625 0.4609375 0.6845703 0.625 0.9775391 0.6257324 0.8388672 0.6557617 0.9985352 0.4619141 0.8388672 0.3554688 0.8388672 0.3554688 0.8388672 0.6557617 0.6640625 0.4609375 0.6845703 0.625 0.9775391 0.6257324 0.8388672 0.6557617 0.9985352 0.4619141 0.8388672 0.3554688 0.8388672 0.3554688 0.8388672 0.6557617 0.6640625 0.4609375 0.6845703 0.625 0.9775391 0.6257324 0.8388672 0.6557617 0.9985352 0.4619141 0.8388672 0.3554688 0.8388672 0.3554688 0.8388672 0.6557617 0.6640625 0.4609375 0.6845703 0.625 0.9775391 0.6257324 0.8388672 0.6557617 0.9985352 0.4619141 0.8388672 0.3554688 0.8388672 0.3554688 0.8388672 0.6557617 0.6640625 0.4609375 0.6845703 0.625 0.9775391 0.6257324 0.8388672 0.6557617 0.9985352 0.4619141 0.8388672 0.3554688 0.8388672 0.3554688 0.8388672 0.6557617 0.6640625 0.4609375 0.6845703 0.625 0.9775391 0.6257324 0.8388672 0.6557617 0.9985352 0.4619141 0.8388672 0.3554688 0.8388672 0.3554688 0.8388672 0.6557617 0.6640625 0.4609375 0.6845703 0.625 0.9775391 0.6257324 0.8388672 0.6557617 0.9985352 0.4619141 0.8388672 0.3554688 0.8388672 0.3554688 0.8388672 0.6557617 0.6640625 0.4609375 0.6845703 0.625 0.9775391 0.6257324 0.8388672 0.6557617 0.9985352 0.4619141 0.8388672 0.3554688 0.8388672 0.009277344 0.8388672 0.3095703 0.6650391 0.1147461 0.6860352 0.2788086 0.980957 0.2797852 0.8388672 0.3095703 1.000977 0.1157227 0.8388672 0.009277344 0.8388672 0.009277344 0.8388672 0.3095703 0.6650391 0.1147461 0.6860352 0.2788086 0.980957 0.2797852 0.8388672 0.3095703 1.000977 0.1157227 0.8388672 0.009277344 0.8388672 0.009277344 0.8388672 0.3095703 0.6650391 0.1147461 0.6860352 0.2788086 0.980957 0.2797852 0.8388672 0.3095703 1.000977 0.1157227 0.8388672 0.009277344 0.8388672 0.009277344 0.8388672 0.3095703 0.6650391 0.1147461 0.6860352 0.2788086 0.980957 0.2797852 0.8388672 0.3095703 1.000977 0.1157227 0.8388672 0.009277344 0.8388672 0.009277344 0.8388672 0.3095703 0.6650391 0.1147461 0.6860352 0.2788086 0.980957 0.2797852 0.8388672 0.3095703 1.000977 0.1157227 0.8388672 0.009277344 0.8388672 0.009277344 0.8388672 0.3095703 0.6650391 0.1147461 0.6860352 0.2788086 0.980957 0.2797852 0.8388672 0.3095703 1.000977 0.1157227 0.8388672 0.009277344 0.8388672 0.009277344 0.8388672 0.3095703 0.6650391 0.1147461 0.6860352 0.2788086 0.980957 0.2797852 0.8388672 0.3095703 1.000977 0.1157227 0.8388672 0.009277344 0.8388672 0.009277344 0.8388672 0.3095703 0.6650391 0.1147461 0.6860352 0.2788086 0.980957 0.2797852 0.8388672 0.3095703 1.000977 0.1157227 0.8388672 0.009277344 0.8388672 0.009277344 0.8388672 0.3095703 0.6650391 0.1147461 0.6860352 0.2788086 0.980957 0.2797852 0.8388672 0.3095703 1.000977 0.1157227 0.8388672 0.009277344 0.8388672 0.009277344 0.8388672 0.3095703 0.6650391 0.1147461 0.6860352 0.2788086 0.980957 0.2797852 0.8388672 0.3095703 1.000977 0.1157227 0.8388672 0.009277344 0.8388672 0.009277344 0.8388672 0.3095703 0.6650391 0.1147461 0.6860352 0.2788086 0.980957 0.2797852 0.8388672 0.3095703 1.000977 0.1157227 0.8388672 0.009277344 0.8388672 0.009277344 0.8388672 0.3095703 0.6650391 0.1147461 0.6860352 0.2788086 0.980957 0.2797852 0.8388672 0.3095703 1.000977 0.1157227 0.8388672 0.009277344 0.8388672 0.009277344 0.8388672 0.3095703 0.6650391 0.1147461 0.6860352 0.2788086 0.980957 0.2797852 0.8388672 0.3095703 1.000977 0.1157227 0.8388672 0.009277344 0.8388672 0.009277344 0.8388672 0.3095703 0.6650391 0.1147461 0.6860352 0.2788086 0.980957 0.2797852 0.8388672 0.3095703 1.000977 0.1157227 0.8388672 0.009277344 0.8388672 0.009277344 0.8388672 0.3095703 0.6650391 0.1147461 0.6860352 0.2788086 0.980957 0.2797852 0.8388672 0.3095703 1.000977 0.1157227 0.8388672 0.009277344 0.4987793 0.9963207 0.3613281 0.9656372 0.3405762 0.8071289 0.4987793 0.7016602 0.6567383 0.8079834 0.6357422 0.9664917 0.1706543 0.9875488 0.03341675 0.9568787 0.01262665 0.7983398 0.1706543 0.6928711 0.3286133 0.7991943 0.3078613 0.9577026 0.1706543 0.9875488 0.03341675 0.9568787 0.01262665 0.7983398 0.1706543 0.6928711 0.3286133 0.7991943 0.3078613 0.9577026 0.1706543 0.9875488 0.03341675 0.9568787 0.01262665 0.7983398 0.1706543 0.6928711 0.3286133 0.7991943 0.3078613 0.9577026 0.4987793 0.9963207 0.3613281 0.9656372 0.3405762 0.8071289 0.4987793 0.7016602 0.6567383 0.8079834 0.6357422 0.9664917 0.4987793 0.9963207 0.3613281 0.9656372 0.3405762 0.8071289 0.4987793 0.7016602 0.6567383 0.8079834 0.6357422 0.9664917 0.4987793 0.9963207 0.3613281 0.9656372 0.3405762 0.8071289 0.4987793 0.7016602 0.6567383 0.8079834 0.6357422 0.9664917 0.5043945 0.9928436 0.3669434 0.9621582 0.3461914 0.8035889 0.5043945 0.6982422 0.6621094 0.8045654 0.6416016 0.9630127 0.5043945 0.9928436 0.3669434 0.9621582 0.3461914 0.8035889 0.5043945 0.6982422 0.6621094 0.8045654 0.6416016 0.9630127 0.5043945 0.9928436 0.3669434 0.9621582 0.3461914 0.8035889 0.5043945 0.6982422 0.6621094 0.8045654 0.6416016 0.9630127 0.5043945 0.9928436 0.3669434 0.9621582 0.3461914 0.8035889 0.5043945 0.6982422 0.6621094 0.8045654 0.6416016 0.9630127 0.5043945 0.9928436 0.3669434 0.9621582 0.3461914 0.8035889 0.5043945 0.6982422 0.6621094 0.8045654 0.6416016 0.9630127 0.5043945 0.9928436 0.3669434 0.9621582 0.3461914 0.8035889 0.5043945 0.6982422 0.6621094 0.8045654 0.6416016 0.9630127 0.5043945 0.9928436 0.3669434 0.9621582 0.3461914 0.8035889 0.5043945 0.6982422 0.6621094 0.8045654 0.6416016 0.9630127 0.5043945 0.9928436 0.3669434 0.9621582 0.3461914 0.8035889 0.5043945 0.6982422 0.6621094 0.8045654 0.6416016 0.9630127 0.5043945 0.9928436 0.3669434 0.9621582 0.3461914 0.8035889 0.5043945 0.6982422 0.6621094 0.8045654 0.6416016 0.9630127 0.5043945 0.9928436 0.3669434 0.9621582 0.3461914 0.8035889 0.5043945 0.6982422 0.6621094 0.8045654 0.6416016 0.9630127 0.5043945 0.9928436 0.3669434 0.9621582 0.3461914 0.8035889 0.5043945 0.6982422 0.6621094 0.8045654 0.6416016 0.9630127 0.5043945 0.9928436 0.3669434 0.9621582 0.3461914 0.8035889 0.5043945 0.6982422 0.6621094 0.8045654 0.6416016 0.9630127 0.5043945 0.9928436 0.3669434 0.9621582 0.3461914 0.8035889 0.5043945 0.6982422 0.6621094 0.8045654 0.6416016 0.9630127 0.8393555 0.9917374 0.6933594 0.9610596 0.6723633 0.8024902 0.8393555 0.6970215 0.9985352 0.8034668 0.9775391 0.9619141 0.8393555 0.9917374 0.6933594 0.9610596 0.6723633 0.8024902 0.8393555 0.6970215 0.9985352 0.8034668 0.9775391 0.9619141 0.8393555 0.9917374 0.6933594 0.9610596 0.6723633 0.8024902 0.8393555 0.6970215 0.9985352 0.8034668 0.9775391 0.9619141 0.8393555 0.9917374 0.6933594 0.9610596 0.6723633 0.8024902 0.8393555 0.6970215 0.9985352 0.8034668 0.9775391 0.9619141 0.8393555 0.9917374 0.6933594 0.9610596 0.6723633 0.8024902 0.8393555 0.6970215 0.9985352 0.8034668 0.9775391 0.9619141 0.8393555 0.9917374 0.6933594 0.9610596 0.6723633 0.8024902 0.8393555 0.6970215 0.9985352 0.8034668 0.9775391 0.9619141 0.8393555 0.9917374 0.6933594 0.9610596 0.6723633 0.8024902 0.8393555 0.6970215 0.9985352 0.8034668 0.9775391 0.9619141 0.8393555 0.9917374 0.6933594 0.9610596 0.6723633 0.8024902 0.8393555 0.6970215 0.9985352 0.8034668 0.9775391 0.9619141 0.8393555 0.9917374 0.6933594 0.9610596 0.6723633 0.8024902 0.8393555 0.6970215 0.9985352 0.8034668 0.9775391 0.9619141 0.8393555 0.9917374 0.6933594 0.9610596 0.6723633 0.8024902 0.8393555 0.6970215 0.9985352 0.8034668 0.9775391 0.9619141 0.8393555 0.9917374 0.6933594 0.9610596 0.6723633 0.8024902 0.8393555 0.6970215 0.9985352 0.8034668 0.9775391 0.9619141 0.8393555 0.9917374 0.6933594 0.9610596 0.6723633 0.8024902 0.8393555 0.6970215 0.9985352 0.8034668 0.9775391 0.9619141 0.8393555 0.9917374 0.6933594 0.9610596 0.6723633 0.8024902 0.8393555 0.6970215 0.9985352 0.8034668 0.9775391 0.9619141 0.8393555 0.9917374 0.6933594 0.9610596 0.6723633 0.8024902 0.8393555 0.6970215 0.9985352 0.8034668 0.9775391 0.9619141 0.8393555 0.9917374 0.6933594 0.9610596 0.6723633 0.8024902 0.8393555 0.6970215 0.9985352 0.8034668 0.9775391 0.9619141 0.8393555 0.9917374 0.6933594 0.9610596 0.6723633 0.8024902 0.8393555 0.6970215 0.9985352 0.8034668 0.9775391 0.9619141 0.8393555 0.9917374 0.6933594 0.9610596 0.6723633 0.8024902 0.8393555 0.6970215 0.9985352 0.8034668 0.9775391 0.9619141 0.8393555 0.9917374 0.6933594 0.9610596 0.6723633 0.8024902 0.8393555 0.6970215 0.9985352 0.8034668 0.9775391 0.9619141 0.8393555 0.9917374 0.6933594 0.9610596 0.6723633 0.8024902 0.8393555 0.6970215 0.9985352 0.8034668 0.9775391 0.9619141 0.8393555 0.9917374 0.6933594 0.9610596 0.6723633 0.8024902 0.8393555 0.6970215 0.9985352 0.8034668 0.9775391 0.9619141 0.8393555 0.9917374 0.6933594 0.9610596 0.6723633 0.8024902 0.8393555 0.6970215 0.9985352 0.8034668 0.9775391 0.9619141 0.8393555 0.9917374 0.6933594 0.9610596 0.6723633 0.8024902 0.8393555 0.6970215 0.9985352 0.8034668 0.9775391 0.9619141 0.8393555 0.9917374 0.6933594 0.9610596 0.6723633 0.8024902 0.8393555 0.6970215 0.9985352 0.8034668 0.9775391 0.9619141 0.8393555 0.9917374 0.6933594 0.9610596 0.6723633 0.8024902 0.8393555 0.6970215 0.9985352 0.8034668 0.9775391 0.9619141 0.8393555 0.9917374 0.6933594 0.9610596 0.6723633 0.8024902 0.8393555 0.6970215 0.9985352 0.8034668 0.9775391 0.9619141 0.8393555 0.9917374 0.6933594 0.9610596 0.6723633 0.8024902 0.8393555 0.6970215 0.9985352 0.8034668 0.9775391 0.9619141 0.8393555 0.9917374 0.6933594 0.9610596 0.6723633 0.8024902 0.8393555 0.6970215 0.9985352 0.8034668 0.9775391 0.9619141 0.8393555 0.9917374 0.6933594 0.9610596 0.6723633 0.8024902 0.8393555 0.6970215 0.9985352 0.8034668 0.9775391 0.9619141 0.8393555 0.9917374 0.6933594 0.9610596 0.6723633 0.8024902 0.8393555 0.6970215 0.9985352 0.8034668 0.9775391 0.9619141 0.1706543 0.6560059 0.02601624 0.6252441 0.004096985 0.4667969 0.1706543 0.3613281 0.3371582 0.4677734 0.3151855 0.6262207 0.1706543 0.6560059 0.02601624 0.6252441 0.004096985 0.4667969 0.1706543 0.3613281 0.3371582 0.4677734 0.3151855 0.6262207 0.1706543 0.6560059 0.02601624 0.6252441 0.004096985 0.4667969 0.1706543 0.3613281 0.3371582 0.4677734 0.3151855 0.6262207 0.1706543 0.6560059 0.02601624 0.6252441 0.004096985 0.4667969 0.1706543 0.3613281 0.3371582 0.4677734 0.3151855 0.6262207 0.1706543 0.6560059 0.02601624 0.6252441 0.004096985 0.4667969 0.1706543 0.3613281 0.3371582 0.4677734 0.3151855 0.6262207 0.1706543 0.6560059 0.02601624 0.6252441 0.004096985 0.4667969 0.1706543 0.3613281 0.3371582 0.4677734 0.3151855 0.6262207 0.1706543 0.6560059 0.02601624 0.6252441 0.004096985 0.4667969 0.1706543 0.3613281 0.3371582 0.4677734 0.3151855 0.6262207 0.1706543 0.6560059 0.02601624 0.6252441 0.004096985 0.4667969 0.1706543 0.3613281 0.3371582 0.4677734 0.3151855 0.6262207 0.1706543 0.6560059 0.02601624 0.6252441 0.004096985 0.4667969 0.1706543 0.3613281 0.3371582 0.4677734 0.3151855 0.6262207 0.1706543 0.6560059 0.02601624 0.6252441 0.004096985 0.4667969 0.1706543 0.3613281 0.3371582 0.4677734 0.3151855 0.6262207 0.1706543 0.6560059 0.02601624 0.6252441 0.004096985 0.4667969 0.1706543 0.3613281 0.3371582 0.4677734 0.3151855 0.6262207 0.1706543 0.6560059 0.02601624 0.6252441 0.004096985 0.4667969 0.1706543 0.3613281 0.3371582 0.4677734 0.3151855 0.6262207 0.1706543 0.6560059 0.02601624 0.6252441 0.004096985 0.4667969 0.1706543 0.3613281 0.3371582 0.4677734 0.3151855 0.6262207 0.1706543 0.6560059 0.02601624 0.6252441 0.004096985 0.4667969 0.1706543 0.3613281 0.3371582 0.4677734 0.3151855 0.6262207 0.1706543 0.6560059 0.02601624 0.6252441 0.004096985 0.4667969 0.1706543 0.3613281 0.3371582 0.4677734 0.3151855 0.6262207 0.1706543 0.6560059 0.02601624 0.6252441 0.004096985 0.4667969 0.1706543 0.3613281 0.3371582 0.4677734 0.3151855 0.6262207 0.1706543 0.6560059 0.02601624 0.6252441 0.004096985 0.4667969 0.1706543 0.3613281 0.3371582 0.4677734 0.3151855 0.6262207 0.1706543 0.6560059 0.02601624 0.6252441 0.004096985 0.4667969 0.1706543 0.3613281 0.3371582 0.4677734 0.3151855 0.6262207 0.1706543 0.6560059 0.02601624 0.6252441 0.004096985 0.4667969 0.1706543 0.3613281 0.3371582 0.4677734 0.3151855 0.6262207 0.1706543 0.6560059 0.02601624 0.6252441 0.004096985 0.4667969 0.1706543 0.3613281 0.3371582 0.4677734 0.3151855 0.6262207 0.1706543 0.6560059 0.02601624 0.6252441 0.004096985 0.4667969 0.1706543 0.3613281 0.3371582 0.4677734 0.3151855 0.6262207 0.1706543 0.6560059 0.02601624 0.6252441 0.004096985 0.4667969 0.1706543 0.3613281 0.3371582 0.4677734 0.3151855 0.6262207 0.1706543 0.6560059 0.02601624 0.6252441 0.004096985 0.4667969 0.1706543 0.3613281 0.3371582 0.4677734 0.3151855 0.6262207 0.1706543 0.6560059 0.02601624 0.6252441 0.004096985 0.4667969 0.1706543 0.3613281 0.3371582 0.4677734 0.3151855 0.6262207 0.1706543 0.6560059 0.02601624 0.6252441 0.004096985 0.4667969 0.1706543 0.3613281 0.3371582 0.4677734 0.3151855 0.6262207 0.1706543 0.6560059 0.02601624 0.6252441 0.004096985 0.4667969 0.1706543 0.3613281 0.3371582 0.4677734 0.3151855 0.6262207 0.1706543 0.6560059 0.02601624 0.6252441 0.004096985 0.4667969 0.1706543 0.3613281 0.3371582 0.4677734 0.3151855 0.6262207 0.5029297 0.6486816 0.3564453 0.6179199 0.3344727 0.4594727 0.5029297 0.3540039 0.6674805 0.4604492 0.6459961 0.6188965 0.5029297 0.6486816 0.3564453 0.6179199 0.3344727 0.4594727 0.5029297 0.3540039 0.6674805 0.4604492 0.6459961 0.6188965 0.5029297 0.6486816 0.3564453 0.6179199 0.3344727 0.4594727 0.5029297 0.3540039 0.6674805 0.4604492 0.6459961 0.6188965 0.5029297 0.6486816 0.3564453 0.6179199 0.3344727 0.4594727 0.5029297 0.3540039 0.6674805 0.4604492 0.6459961 0.6188965 0.5029297 0.6486816 0.3564453 0.6179199 0.3344727 0.4594727 0.5029297 0.3540039 0.6674805 0.4604492 0.6459961 0.6188965 0.5029297 0.6486816 0.3564453 0.6179199 0.3344727 0.4594727 0.5029297 0.3540039 0.6674805 0.4604492 0.6459961 0.6188965 0.5029297 0.6486816 0.3564453 0.6179199 0.3344727 0.4594727 0.5029297 0.3540039 0.6674805 0.4604492 0.6459961 0.6188965 0.5029297 0.6486816 0.3564453 0.6179199 0.3344727 0.4594727 0.5029297 0.3540039 0.6674805 0.4604492 0.6459961 0.6188965 0.5029297 0.6486816 0.3564453 0.6179199 0.3344727 0.4594727 0.5029297 0.3540039 0.6674805 0.4604492 0.6459961 0.6188965 0.5029297 0.6486816 0.3564453 0.6179199 0.3344727 0.4594727 0.5029297 0.3540039 0.6674805 0.4604492 0.6459961 0.6188965 0.1706543 0.3076172 0.02142334 0.2768555 -0.0004963875 0.1181641 0.1706543 0.01269531 0.3371582 0.1191406 0.3151855 0.277832 0.1706543 0.3076172 0.02142334 0.2768555 -0.0004963875 0.1181641 0.1706543 0.01269531 0.3371582 0.1191406 0.3151855 0.277832 0.1706543 0.3076172 0.02142334 0.2768555 -0.0004963875 0.1181641 0.1706543 0.01269531 0.3371582 0.1191406 0.3151855 0.277832 0.1706543 0.3076172 0.02142334 0.2768555 -0.0004963875 0.1181641 0.1706543 0.01269531 0.3371582 0.1191406 0.3151855 0.277832 0.1706543 0.3076172 0.02142334 0.2768555 -0.0004963875 0.1181641 0.1706543 0.01269531 0.3371582 0.1191406 0.3151855 0.277832 0.1706543 0.3076172 0.02142334 0.2768555 -0.0004963875 0.1181641 0.1706543 0.01269531 0.3371582 0.1191406 0.3151855 0.277832 0.1706543 0.3076172 0.02142334 0.2768555 -0.0004963875 0.1181641 0.1706543 0.01269531 0.3371582 0.1191406 0.3151855 0.277832 0.1706543 0.3076172 0.02142334 0.2768555 -0.0004963875 0.1181641 0.1706543 0.01269531 0.3371582 0.1191406 0.3151855 0.277832 0.1706543 0.3076172 0.02142334 0.2768555 -0.0004963875 0.1181641 0.1706543 0.01269531 0.3371582 0.1191406 0.3151855 0.277832 0.1706543 0.3076172 0.02142334 0.2768555 -0.0004963875 0.1181641 0.1706543 0.01269531 0.3371582 0.1191406 0.3151855 0.277832 0.1706543 0.3076172 0.02142334 0.2768555 -0.0004963875 0.1181641 0.1706543 0.01269531 0.3371582 0.1191406 0.3151855 0.277832 0.1706543 0.3076172 0.02142334 0.2768555 -0.0004963875 0.1181641 0.1706543 0.01269531 0.3371582 0.1191406 0.3151855 0.277832 0.1706543 0.3076172 0.02142334 0.2768555 -0.0004963875 0.1181641 0.1706543 0.01269531 0.3371582 0.1191406 0.3151855 0.277832 0.1706543 0.3076172 0.02142334 0.2768555 -0.0004963875 0.1181641 0.1706543 0.01269531 0.3371582 0.1191406 0.3151855 0.277832 0.503418 0.3076172 0.3544922 0.2763672 0.3322754 0.1157227 0.503418 0.008789063 0.6713867 0.1166992 0.6489258 0.2773438 0.503418 0.3076172 0.3544922 0.2763672 0.3322754 0.1157227 0.503418 0.008789063 0.6713867 0.1166992 0.6489258 0.2773438 0.503418 0.3076172 0.3544922 0.2763672 0.3322754 0.1157227 0.503418 0.008789063 0.6713867 0.1166992 0.6489258 0.2773438 0.503418 0.3076172 0.3544922 0.2763672 0.3322754 0.1157227 0.503418 0.008789063 0.6713867 0.1166992 0.6489258 0.2773438 0.503418 0.3076172 0.3544922 0.2763672 0.3322754 0.1157227 0.503418 0.008789063 0.6713867 0.1166992 0.6489258 0.2773438 0.503418 0.3076172 0.3544922 0.2763672 0.3322754 0.1157227 0.503418 0.008789063 0.6713867 0.1166992 0.6489258 0.2773438 0.503418 0.3076172 0.3544922 0.2763672 0.3322754 0.1157227 0.503418 0.008789063 0.6713867 0.1166992 0.6489258 0.2773438 0.503418 0.3076172 0.3544922 0.2763672 0.3322754 0.1157227 0.503418 0.008789063 0.6713867 0.1166992 0.6489258 0.2773438 0.503418 0.3076172 0.3544922 0.2763672 0.3322754 0.1157227 0.503418 0.008789063 0.6713867 0.1166992 0.6489258 0.2773438 0.503418 0.3076172 0.3544922 0.2763672 0.3322754 0.1157227 0.503418 0.008789063 0.6713867 0.1166992 0.6489258 0.2773438 0.503418 0.3076172 0.3544922 0.2763672 0.3322754 0.1157227 0.503418 0.008789063 0.6713867 0.1166992 0.6489258 0.2773438 0.503418 0.3076172 0.3544922 0.2763672 0.3322754 0.1157227 0.503418 0.008789063 0.6713867 0.1166992 0.6489258 0.2773438 0.503418 0.3076172 0.3544922 0.2763672 0.3322754 0.1157227 0.503418 0.008789063 0.6713867 0.1166992 0.6489258 0.2773438</float_array>
          <technique_common>
            <accessor source="#L01_01__mTreeOakLeaf-texcoord-array" count="966" stride="2">
              <param name="S" type="float" />
              <param name="T" type="float" />
            </accessor>
          </technique_common>
        </source>
        <source id="L01_01__mTreeOakLeaf-texcoord_1">
          <float_array id="L01_01__mTreeOakLeaf-texcoord-array_1" count="1932">0.02389563 0.001998961 0.02389563 0.07612723 0.001968414 0.02673382 0.003295949 0.07098496 0.04451057 0.07098496 0.02389563 0.07612723 0.0458381 0.02673382 0.02389563 0.001998961 0.02389563 0.001998961 0.02389563 0.07612723 0.001968414 0.02673382 0.003295949 0.07098496 0.04451057 0.07098496 0.02389563 0.07612723 0.0458381 0.02673382 0.02389563 0.001998961 0.02389563 0.001998961 0.02389563 0.07612723 0.001968414 0.02673382 0.003295949 0.07098496 0.04451057 0.07098496 0.02389563 0.07612723 0.0458381 0.02673382 0.02389563 0.001998961 0.02389563 0.001998961 0.02389563 0.07612723 0.001968414 0.02673382 0.003295949 0.07098496 0.04451057 0.07098496 0.02389563 0.07612723 0.0458381 0.02673382 0.02389563 0.001998961 0.02389563 0.001998961 0.02389563 0.07612723 0.001968414 0.02673382 0.003295949 0.07098496 0.04451057 0.07098496 0.02389563 0.07612723 0.0458381 0.02673382 0.02389563 0.001998961 0.02389563 0.001998961 0.02389563 0.07612723 0.001968414 0.02673382 0.003295949 0.07098496 0.04451057 0.07098496 0.02389563 0.07612723 0.0458381 0.02673382 0.02389563 0.001998961 0.02389563 0.001998961 0.02389563 0.07612723 0.001968414 0.02673382 0.003295949 0.07098496 0.04451057 0.07098496 0.02389563 0.07612723 0.0458381 0.02673382 0.02389563 0.001998961 0.02389563 0.001998961 0.02389563 0.07612723 0.001968414 0.02673382 0.003295949 0.07098496 0.04451057 0.07098496 0.02389563 0.07612723 0.0458381 0.02673382 0.02389563 0.001998961 0.02389563 0.001998961 0.02389563 0.07612723 0.001968414 0.02673382 0.003295949 0.07098496 0.04451057 0.07098496 0.02389563 0.07612723 0.0458381 0.02673382 0.02389563 0.001998961 0.02389563 0.001998961 0.02389563 0.07612723 0.001968414 0.02673382 0.003295949 0.07098496 0.04451057 0.07098496 0.02389563 0.07612723 0.0458381 0.02673382 0.02389563 0.001998961 0.02389563 0.001998961 0.02389563 0.07612723 0.001968414 0.02673382 0.003295949 0.07098496 0.04451057 0.07098496 0.02389563 0.07612723 0.0458381 0.02673382 0.02389563 0.001998961 0.02389563 0.001998961 0.02389563 0.07612723 0.001968414 0.02673382 0.003295949 0.07098496 0.04451057 0.07098496 0.02389563 0.07612723 0.0458381 0.02673382 0.02389563 0.001998961 0.02389563 0.001998961 0.02389563 0.07612723 0.001968414 0.02673382 0.003295949 0.07098496 0.04451057 0.07098496 0.02389563 0.07612723 0.0458381 0.02673382 0.02389563 0.001998961 0.02389563 0.001998961 0.02389563 0.07612723 0.001968414 0.02673382 0.003295949 0.07098496 0.04451057 0.07098496 0.02389563 0.07612723 0.0458381 0.02673382 0.02389563 0.001998961 0.02389563 0.001998961 0.02389563 0.07612723 0.001968414 0.02673382 0.003295949 0.07098496 0.04451057 0.07098496 0.02389563 0.07612723 0.0458381 0.02673382 0.02389563 0.001998961 0.02389563 0.001998961 0.02389563 0.07612723 0.001968414 0.02673382 0.003295949 0.07098496 0.04451057 0.07098496 0.02389563 0.07612723 0.0458381 0.02673382 0.02389563 0.001998961 0.02389563 0.001998961 0.02389563 0.07612723 0.001968414 0.02673382 0.003295949 0.07098496 0.04451057 0.07098496 0.02389563 0.07612723 0.0458381 0.02673382 0.02389563 0.001998961 0.02389563 0.001998961 0.02389563 0.07612723 0.001968414 0.02673382 0.003295949 0.07098496 0.04451057 0.07098496 0.02389563 0.07612723 0.0458381 0.02673382 0.02389563 0.001998961 0.02389563 0.001998961 0.02389563 0.07612723 0.001968414 0.02673382 0.003295949 0.07098496 0.04451057 0.07098496 0.02389563 0.07612723 0.0458381 0.02673382 0.02389563 0.001998961 0.02389563 0.001998961 0.02389563 0.07612723 0.001968414 0.02673382 0.003295949 0.07098496 0.04451057 0.07098496 0.02389563 0.07612723 0.0458381 0.02673382 0.02389563 0.001998961 0.02389563 0.001998961 0.02389563 0.07612723 0.001968414 0.02673382 0.003295949 0.07098496 0.04451057 0.07098496 0.02389563 0.07612723 0.0458381 0.02673382 0.02389563 0.001998961 0.02389563 0.001998961 0.02389563 0.07612723 0.001968414 0.02673382 0.003295949 0.07098496 0.04451057 0.07098496 0.02389563 0.07612723 0.0458381 0.02673382 0.02389563 0.001998961 0.02389563 0.001998961 0.02389563 0.07612723 0.001968414 0.02673382 0.003295949 0.07098496 0.04451057 0.07098496 0.02389563 0.07612723 0.0458381 0.02673382 0.02389563 0.001998961 0.02389563 0.001998961 0.02389563 0.07612723 0.001968414 0.02673382 0.003295949 0.07098496 0.04451057 0.07098496 0.02389563 0.07612723 0.0458381 0.02673382 0.02389563 0.001998961 0.02389563 0.001998961 0.02389563 0.07612723 0.001968414 0.02673382 0.003295949 0.07098496 0.04451057 0.07098496 0.02389563 0.07612723 0.0458381 0.02673382 0.02389563 0.001998961 0.02389563 0.001998961 0.02389563 0.07612723 0.001968414 0.02673382 0.003295949 0.07098496 0.04451057 0.07098496 0.02389563 0.07612723 0.0458381 0.02673382 0.02389563 0.001998961 0.02389563 0.001998961 0.02389563 0.07612723 0.001968414 0.02673382 0.003295949 0.07098496 0.04451057 0.07098496 0.02389563 0.07612723 0.0458381 0.02673382 0.02389563 0.001998961 0.02389563 0.001998961 0.02389563 0.07612723 0.001968414 0.02673382 0.003295949 0.07098496 0.04451057 0.07098496 0.02389563 0.07612723 0.0458381 0.02673382 0.02389563 0.001998961 0.02389563 0.001998961 0.02389563 0.07612723 0.001968414 0.02673382 0.003295949 0.07098496 0.04451057 0.07098496 0.02389563 0.07612723 0.0458381 0.02673382 0.02389563 0.001998961 0.02389563 0.001998961 0.02389563 0.07612723 0.001968414 0.02673382 0.003295949 0.07098496 0.04451057 0.07098496 0.02389563 0.07612723 0.0458381 0.02673382 0.02389563 0.001998961 0.02389563 0.001998961 0.02389563 0.07612723 0.001968414 0.02673382 0.003295949 0.07098496 0.04451057 0.07098496 0.02389563 0.07612723 0.0458381 0.02673382 0.02389563 0.001998961 0.02389563 0.001998961 0.02389563 0.07612723 0.001968414 0.02673382 0.003295949 0.07098496 0.04451057 0.07098496 0.02389563 0.07612723 0.0458381 0.02673382 0.02389563 0.001998961 0.02389563 0.001998961 0.02389563 0.07612723 0.001968414 0.02673382 0.003295949 0.07098496 0.04451057 0.07098496 0.02389563 0.07612723 0.0458381 0.02673382 0.02389563 0.001998961 0.02389563 0.001998961 0.02389563 0.07612723 0.001968414 0.02673382 0.003295949 0.07098496 0.04451057 0.07098496 0.02389563 0.07612723 0.0458381 0.02673382 0.02389563 0.001998961 0.02389563 0.001998961 0.02389563 0.07612723 0.001968414 0.02673382 0.003295949 0.07098496 0.04451057 0.07098496 0.02389563 0.07612723 0.0458381 0.02673382 0.02389563 0.001998961 0.02389563 0.001998961 0.02389563 0.07612723 0.001968414 0.02673382 0.003295949 0.07098496 0.04451057 0.07098496 0.02389563 0.07612723 0.0458381 0.02673382 0.02389563 0.001998961 0.02389563 0.07612723 0.003295949 0.07098496 0.001968414 0.02673382 0.02389563 0.001998961 0.0458381 0.02673382 0.04451057 0.07098496 0.02389563 0.07612723 0.003295949 0.07098496 0.001968414 0.02673382 0.02389563 0.001998961 0.0458381 0.02673382 0.04451057 0.07098496 0.02389563 0.07612723 0.003295949 0.07098496 0.001968414 0.02673382 0.02389563 0.001998961 0.0458381 0.02673382 0.04451057 0.07098496 0.02389563 0.07612723 0.003295949 0.07098496 0.001968414 0.02673382 0.02389563 0.001998961 0.0458381 0.02673382 0.04451057 0.07098496 0.02389563 0.07612723 0.003295949 0.07098496 0.001968414 0.02673382 0.02389563 0.001998961 0.0458381 0.02673382 0.04451057 0.07098496 0.02389563 0.07612723 0.003295949 0.07098496 0.001968414 0.02673382 0.02389563 0.001998961 0.0458381 0.02673382 0.04451057 0.07098496 0.02389563 0.07612723 0.003295949 0.07098496 0.001968414 0.02673382 0.02389563 0.001998961 0.0458381 0.02673382 0.04451057 0.07098496 0.02389563 0.07612723 0.003295949 0.07098496 0.001968414 0.02673382 0.02389563 0.001998961 0.0458381 0.02673382 0.04451057 0.07098496 0.02389563 0.07612723 0.003295949 0.07098496 0.001968414 0.02673382 0.02389563 0.001998961 0.0458381 0.02673382 0.04451057 0.07098496 0.02389563 0.07612723 0.003295949 0.07098496 0.001968414 0.02673382 0.02389563 0.001998961 0.0458381 0.02673382 0.04451057 0.07098496 0.02389563 0.07612723 0.003295949 0.07098496 0.001968414 0.02673382 0.02389563 0.001998961 0.0458381 0.02673382 0.04451057 0.07098496 0.02389563 0.07612723 0.003295949 0.07098496 0.001968414 0.02673382 0.02389563 0.001998961 0.0458381 0.02673382 0.04451057 0.07098496 0.02389563 0.07612723 0.003295949 0.07098496 0.001968414 0.02673382 0.02389563 0.001998961 0.0458381 0.02673382 0.04451057 0.07098496 0.02389563 0.07612723 0.003295949 0.07098496 0.001968414 0.02673382 0.02389563 0.001998961 0.0458381 0.02673382 0.04451057 0.07098496 0.02389563 0.07612723 0.003295949 0.07098496 0.001968414 0.02673382 0.02389563 0.001998961 0.0458381 0.02673382 0.04451057 0.07098496 0.02389563 0.07612723 0.003295949 0.07098496 0.001968414 0.02673382 0.02389563 0.001998961 0.0458381 0.02673382 0.04451057 0.07098496 0.02389563 0.07612723 0.003295949 0.07098496 0.001968414 0.02673382 0.02389563 0.001998961 0.0458381 0.02673382 0.04451057 0.07098496 0.02389563 0.07612723 0.003295949 0.07098496 0.001968414 0.02673382 0.02389563 0.001998961 0.0458381 0.02673382 0.04451057 0.07098496 0.02389563 0.07612723 0.003295949 0.07098496 0.001968414 0.02673382 0.02389563 0.001998961 0.0458381 0.02673382 0.04451057 0.07098496 0.02389563 0.07612723 0.003295949 0.07098496 0.001968414 0.02673382 0.02389563 0.001998961 0.0458381 0.02673382 0.04451057 0.07098496 0.02389563 0.07612723 0.003295949 0.07098496 0.001968414 0.02673382 0.02389563 0.001998961 0.0458381 0.02673382 0.04451057 0.07098496 0.02389563 0.07612723 0.003295949 0.07098496 0.001968414 0.02673382 0.02389563 0.001998961 0.0458381 0.02673382 0.04451057 0.07098496 0.02389563 0.07612723 0.003295949 0.07098496 0.001968414 0.02673382 0.02389563 0.001998961 0.0458381 0.02673382 0.04451057 0.07098496 0.02389563 0.07612723 0.003295949 0.07098496 0.001968414 0.02673382 0.02389563 0.001998961 0.0458381 0.02673382 0.04451057 0.07098496 0.02389563 0.07612723 0.003295949 0.07098496 0.001968414 0.02673382 0.02389563 0.001998961 0.0458381 0.02673382 0.04451057 0.07098496 0.02389563 0.07612723 0.003295949 0.07098496 0.001968414 0.02673382 0.02389563 0.001998961 0.0458381 0.02673382 0.04451057 0.07098496 0.02389563 0.07612723 0.003295949 0.07098496 0.001968414 0.02673382 0.02389563 0.001998961 0.0458381 0.02673382 0.04451057 0.07098496 0.02389563 0.07612723 0.003295949 0.07098496 0.001968414 0.02673382 0.02389563 0.001998961 0.0458381 0.02673382 0.04451057 0.07098496 0.02389563 0.07612723 0.003295949 0.07098496 0.001968414 0.02673382 0.02389563 0.001998961 0.0458381 0.02673382 0.04451057 0.07098496 0.02389563 0.07612723 0.003295949 0.07098496 0.001968414 0.02673382 0.02389563 0.001998961 0.0458381 0.02673382 0.04451057 0.07098496 0.02389563 0.07612723 0.003295949 0.07098496 0.001968414 0.02673382 0.02389563 0.001998961 0.0458381 0.02673382 0.04451057 0.07098496 0.02389563 0.07612723 0.003295949 0.07098496 0.001968414 0.02673382 0.02389563 0.001998961 0.0458381 0.02673382 0.04451057 0.07098496 0.02389563 0.07612723 0.003295949 0.07098496 0.001968414 0.02673382 0.02389563 0.001998961 0.0458381 0.02673382 0.04451057 0.07098496 0.02389563 0.07612723 0.003295949 0.07098496 0.001968414 0.02673382 0.02389563 0.001998961 0.0458381 0.02673382 0.04451057 0.07098496 0.02389563 0.07612723 0.003295949 0.07098496 0.001968414 0.02673382 0.02389563 0.001998961 0.0458381 0.02673382 0.04451057 0.07098496 0.02389563 0.07612723 0.003295949 0.07098496 0.001968414 0.02673382 0.02389563 0.001998961 0.0458381 0.02673382 0.04451057 0.07098496 0.02389563 0.07612723 0.003295949 0.07098496 0.001968414 0.02673382 0.02389563 0.001998961 0.0458381 0.02673382 0.04451057 0.07098496 0.02389563 0.07612723 0.003295949 0.07098496 0.001968414 0.02673382 0.02389563 0.001998961 0.0458381 0.02673382 0.04451057 0.07098496 0.02389563 0.07612723 0.003295949 0.07098496 0.001968414 0.02673382 0.02389563 0.001998961 0.0458381 0.02673382 0.04451057 0.07098496 0.02389563 0.07612723 0.003295949 0.07098496 0.001968414 0.02673382 0.02389563 0.001998961 0.0458381 0.02673382 0.04451057 0.07098496 0.02389563 0.07612723 0.003295949 0.07098496 0.001968414 0.02673382 0.02389563 0.001998961 0.0458381 0.02673382 0.04451057 0.07098496 0.02389563 0.07612723 0.003295949 0.07098496 0.001968414 0.02673382 0.02389563 0.001998961 0.0458381 0.02673382 0.04451057 0.07098496 0.02389563 0.07612723 0.003295949 0.07098496 0.001968414 0.02673382 0.02389563 0.001998961 0.0458381 0.02673382 0.04451057 0.07098496 0.02389563 0.07612723 0.003295949 0.07098496 0.001968414 0.02673382 0.02389563 0.001998961 0.0458381 0.02673382 0.04451057 0.07098496 0.02389563 0.07612723 0.003295949 0.07098496 0.001968414 0.02673382 0.02389563 0.001998961 0.0458381 0.02673382 0.04451057 0.07098496 0.02389563 0.07612723 0.003295949 0.07098496 0.001968414 0.02673382 0.02389563 0.001998961 0.0458381 0.02673382 0.04451057 0.07098496 0.02389563 0.07612723 0.003295949 0.07098496 0.001968414 0.02673382 0.02389563 0.001998961 0.0458381 0.02673382 0.04451057 0.07098496 0.02389563 0.07612723 0.003295949 0.07098496 0.001968414 0.02673382 0.02389563 0.001998961 0.0458381 0.02673382 0.04451057 0.07098496 0.02389563 0.07612723 0.003295949 0.07098496 0.001968414 0.02673382 0.02389563 0.001998961 0.0458381 0.02673382 0.04451057 0.07098496 0.02389563 0.07612723 0.003295949 0.07098496 0.001968414 0.02673382 0.02389563 0.001998961 0.0458381 0.02673382 0.04451057 0.07098496 0.02389563 0.07612723 0.003295949 0.07098496 0.001968414 0.02673382 0.02389563 0.001998961 0.0458381 0.02673382 0.04451057 0.07098496 0.02389563 0.07612723 0.003295949 0.07098496 0.001968414 0.02673382 0.02389563 0.001998961 0.0458381 0.02673382 0.04451057 0.07098496 0.02389563 0.07612723 0.003295949 0.07098496 0.001968414 0.02673382 0.02389563 0.001998961 0.0458381 0.02673382 0.04451057 0.07098496 0.02389563 0.07612723 0.003295949 0.07098496 0.001968414 0.02673382 0.02389563 0.001998961 0.0458381 0.02673382 0.04451057 0.07098496 0.02389563 0.07612723 0.003295949 0.07098496 0.001968414 0.02673382 0.02389563 0.001998961 0.0458381 0.02673382 0.04451057 0.07098496 0.02389563 0.07612723 0.003295949 0.07098496 0.001968414 0.02673382 0.02389563 0.001998961 0.0458381 0.02673382 0.04451057 0.07098496 0.02389563 0.07612723 0.003295949 0.07098496 0.001968414 0.02673382 0.02389563 0.001998961 0.0458381 0.02673382 0.04451057 0.07098496 0.02389563 0.07612723 0.003295949 0.07098496 0.001968414 0.02673382 0.02389563 0.001998961 0.0458381 0.02673382 0.04451057 0.07098496 0.02389563 0.07612723 0.003295949 0.07098496 0.001968414 0.02673382 0.02389563 0.001998961 0.0458381 0.02673382 0.04451057 0.07098496 0.02389563 0.07612723 0.003295949 0.07098496 0.001968414 0.02673382 0.02389563 0.001998961 0.0458381 0.02673382 0.04451057 0.07098496 0.02389563 0.07612723 0.003295949 0.07098496 0.001968414 0.02673382 0.02389563 0.001998961 0.0458381 0.02673382 0.04451057 0.07098496 0.02389563 0.07612723 0.003295949 0.07098496 0.001968414 0.02673382 0.02389563 0.001998961 0.0458381 0.02673382 0.04451057 0.07098496 0.02389563 0.07612723 0.003295949 0.07098496 0.001968414 0.02673382 0.02389563 0.001998961 0.0458381 0.02673382 0.04451057 0.07098496 0.02389563 0.07612723 0.003295949 0.07098496 0.001968414 0.02673382 0.02389563 0.001998961 0.0458381 0.02673382 0.04451057 0.07098496 0.02389563 0.07612723 0.003295949 0.07098496 0.001968414 0.02673382 0.02389563 0.001998961 0.0458381 0.02673382 0.04451057 0.07098496 0.02389563 0.07612723 0.003295949 0.07098496 0.001968414 0.02673382 0.02389563 0.001998961 0.0458381 0.02673382 0.04451057 0.07098496 0.02389563 0.07612723 0.003295949 0.07098496 0.001968414 0.02673382 0.02389563 0.001998961 0.0458381 0.02673382 0.04451057 0.07098496 0.02389563 0.07612723 0.003295949 0.07098496 0.001968414 0.02673382 0.02389563 0.001998961 0.0458381 0.02673382 0.04451057 0.07098496 0.02389563 0.07612723 0.003295949 0.07098496 0.001968414 0.02673382 0.02389563 0.001998961 0.0458381 0.02673382 0.04451057 0.07098496 0.02389563 0.07612723 0.003295949 0.07098496 0.001968414 0.02673382 0.02389563 0.001998961 0.0458381 0.02673382 0.04451057 0.07098496 0.02389563 0.07612723 0.003295949 0.07098496 0.001968414 0.02673382 0.02389563 0.001998961 0.0458381 0.02673382 0.04451057 0.07098496 0.02389563 0.07612723 0.003295949 0.07098496 0.001968414 0.02673382 0.02389563 0.001998961 0.0458381 0.02673382 0.04451057 0.07098496 0.02389563 0.07612723 0.003295949 0.07098496 0.001968414 0.02673382 0.02389563 0.001998961 0.0458381 0.02673382 0.04451057 0.07098496 0.02389563 0.07612723 0.003295949 0.07098496 0.001968414 0.02673382 0.02389563 0.001998961 0.0458381 0.02673382 0.04451057 0.07098496 0.02389563 0.07612723 0.003295949 0.07098496 0.001968414 0.02673382 0.02389563 0.001998961 0.0458381 0.02673382 0.04451057 0.07098496 0.02389563 0.07612723 0.003295949 0.07098496 0.001968414 0.02673382 0.02389563 0.001998961 0.0458381 0.02673382 0.04451057 0.07098496 0.02389563 0.07612723 0.003295949 0.07098496 0.001968414 0.02673382 0.02389563 0.001998961 0.0458381 0.02673382 0.04451057 0.07098496 0.02389563 0.07612723 0.003295949 0.07098496 0.001968414 0.02673382 0.02389563 0.001998961 0.0458381 0.02673382 0.04451057 0.07098496 0.02389563 0.07612723 0.003295949 0.07098496 0.001968414 0.02673382 0.02389563 0.001998961 0.0458381 0.02673382 0.04451057 0.07098496 0.02389563 0.07612723 0.003295949 0.07098496 0.001968414 0.02673382 0.02389563 0.001998961 0.0458381 0.02673382 0.04451057 0.07098496 0.02389563 0.07612723 0.003295949 0.07098496 0.001968414 0.02673382 0.02389563 0.001998961 0.0458381 0.02673382 0.04451057 0.07098496 0.02389563 0.07612723 0.003295949 0.07098496 0.001968414 0.02673382 0.02389563 0.001998961 0.0458381 0.02673382 0.04451057 0.07098496 0.02389563 0.07612723 0.003295949 0.07098496 0.001968414 0.02673382 0.02389563 0.001998961 0.0458381 0.02673382 0.04451057 0.07098496 0.02389563 0.07612723 0.003295949 0.07098496 0.001968414 0.02673382 0.02389563 0.001998961 0.0458381 0.02673382 0.04451057 0.07098496 0.02389563 0.07612723 0.003295949 0.07098496 0.001968414 0.02673382 0.02389563 0.001998961 0.0458381 0.02673382 0.04451057 0.07098496 0.02389563 0.07612723 0.003295949 0.07098496 0.001968414 0.02673382 0.02389563 0.001998961 0.0458381 0.02673382 0.04451057 0.07098496 0.02389563 0.07612723 0.003295949 0.07098496 0.001968414 0.02673382 0.02389563 0.001998961 0.0458381 0.02673382 0.04451057 0.07098496 0.02389563 0.07612723 0.003295949 0.07098496 0.001968414 0.02673382 0.02389563 0.001998961 0.0458381 0.02673382 0.04451057 0.07098496 0.02389563 0.07612723 0.003295949 0.07098496 0.001968414 0.02673382 0.02389563 0.001998961 0.0458381 0.02673382 0.04451057 0.07098496 0.02389563 0.07612723 0.003295949 0.07098496 0.001968414 0.02673382 0.02389563 0.001998961 0.0458381 0.02673382 0.04451057 0.07098496 0.02389563 0.07612723 0.003295949 0.07098496 0.001968414 0.02673382 0.02389563 0.001998961 0.0458381 0.02673382 0.04451057 0.07098496 0.02389563 0.07612723 0.003295949 0.07098496 0.001968414 0.02673382 0.02389563 0.001998961 0.0458381 0.02673382 0.04451057 0.07098496 0.02389563 0.07612723 0.003295949 0.07098496 0.001968414 0.02673382 0.02389563 0.001998961 0.0458381 0.02673382 0.04451057 0.07098496 0.02389563 0.07612723 0.003295949 0.07098496 0.001968414 0.02673382 0.02389563 0.001998961 0.0458381 0.02673382 0.04451057 0.07098496 0.02389563 0.07612723 0.003295949 0.07098496 0.001968414 0.02673382 0.02389563 0.001998961 0.0458381 0.02673382 0.04451057 0.07098496 0.02389563 0.07612723 0.003295949 0.07098496 0.001968414 0.02673382 0.02389563 0.001998961 0.0458381 0.02673382 0.04451057 0.07098496 0.02389563 0.07612723 0.003295949 0.07098496 0.001968414 0.02673382 0.02389563 0.001998961 0.0458381 0.02673382 0.04451057 0.07098496 0.02389563 0.07612723 0.003295949 0.07098496 0.001968414 0.02673382 0.02389563 0.001998961 0.0458381 0.02673382 0.04451057 0.07098496 0.02389563 0.07612723 0.003295949 0.07098496 0.001968414 0.02673382 0.02389563 0.001998961 0.0458381 0.02673382 0.04451057 0.07098496 0.02389563 0.07612723 0.003295949 0.07098496 0.001968414 0.02673382 0.02389563 0.001998961 0.0458381 0.02673382 0.04451057 0.07098496 0.02389563 0.07612723 0.003295949 0.07098496 0.001968414 0.02673382 0.02389563 0.001998961 0.0458381 0.02673382 0.04451057 0.07098496 0.02389563 0.07612723 0.003295949 0.07098496 0.001968414 0.02673382 0.02389563 0.001998961 0.0458381 0.02673382 0.04451057 0.07098496 0.02389563 0.07612723 0.003295949 0.07098496 0.001968414 0.02673382 0.02389563 0.001998961 0.0458381 0.02673382 0.04451057 0.07098496 0.02389563 0.07612723 0.003295949 0.07098496 0.001968414 0.02673382 0.02389563 0.001998961 0.0458381 0.02673382 0.04451057 0.07098496 0.02389563 0.07612723 0.003295949 0.07098496 0.001968414 0.02673382 0.02389563 0.001998961 0.0458381 0.02673382 0.04451057 0.07098496 0.02389563 0.07612723 0.003295949 0.07098496 0.001968414 0.02673382 0.02389563 0.001998961 0.0458381 0.02673382 0.04451057 0.07098496 0.02389563 0.07612723 0.003295949 0.07098496 0.001968414 0.02673382 0.02389563 0.001998961 0.0458381 0.02673382 0.04451057 0.07098496 0.02389563 0.07612723 0.003295949 0.07098496 0.001968414 0.02673382 0.02389563 0.001998961 0.0458381 0.02673382 0.04451057 0.07098496 0.02389563 0.07612723 0.003295949 0.07098496 0.001968414 0.02673382 0.02389563 0.001998961 0.0458381 0.02673382 0.04451057 0.07098496 0.02389563 0.07612723 0.003295949 0.07098496 0.001968414 0.02673382 0.02389563 0.001998961 0.0458381 0.02673382 0.04451057 0.07098496 0.02389563 0.07612723 0.003295949 0.07098496 0.001968414 0.02673382 0.02389563 0.001998961 0.0458381 0.02673382 0.04451057 0.07098496 0.02389563 0.07612723 0.003295949 0.07098496 0.001968414 0.02673382 0.02389563 0.001998961 0.0458381 0.02673382 0.04451057 0.07098496 0.02389563 0.07612723 0.003295949 0.07098496 0.001968414 0.02673382 0.02389563 0.001998961 0.0458381 0.02673382 0.04451057 0.07098496</float_array>
          <technique_common>
            <accessor source="#L01_01__mTreeOakLeaf-texcoord-array_1" count="966" stride="2">
              <param name="S" type="float" />
              <param name="T" type="float" />
            </accessor>
          </technique_common>
        </source>
        <vertices id="L01_01__mTreeOakLeaf-vertex">
          <input semantic="POSITION" source="#L01_01__mTreeOakLeaf-position" />
        </vertices>
        <triangles material="mTreeOakLeaf" count="596">
          <input semantic="VERTEX" source="#L01_01__mTreeOakLeaf-vertex" offset="0" />
          <input semantic="NORMAL" source="#L01_01__mTreeOakLeaf-normal" offset="1" />
          <input semantic="COLOR" source="#L01_01__mTreeOakLeaf-color" offset="2" set="0" />
          <input semantic="TEXCOORD" source="#L01_01__mTreeOakLeaf-texcoord" offset="3" set="0" />
          <input semantic="TEXCOORD" source="#L01_01__mTreeOakLeaf-texcoord_1" offset="4" set="1" />
          <p>0 0 0 0 0 1 1 1 1 1 2 2 2 2 2 1 1 1 1 1 3 3 3 3 3 2 2 2 2 2 4 4 4 4 4 5 5 5 5 5 6 6 6 6 6 5 5 5 5 5 7 7 7 7 7 6 6 6 6 6 8 8 8 8 8 9 9 9 9 9 10 10 10 10 10 9 9 9 9 9 11 11 11 11 11 10 10 10 10 10 12 12 12 12 12 13 13 13 13 13 14 14 14 14 14 13 13 13 13 13 15 15 15 15 15 14 14 14 14 14 16 16 16 16 16 17 17 17 17 17 18 18 18 18 18 17 17 17 17 17 19 19 19 19 19 18 18 18 18 18 20 20 20 20 20 21 21 21 21 21 22 22 22 22 22 21 21 21 21 21 23 23 23 23 23 22 22 22 22 22 24 24 24 24 24 25 25 25 25 25 26 26 26 26 26 25 25 25 25 25 27 27 27 27 27 26 26 26 26 26 28 28 28 28 28 29 29 29 29 29 30 30 30 30 30 29 29 29 29 29 31 31 31 31 31 30 30 30 30 30 32 32 32 32 32 33 33 33 33 33 34 34 34 34 34 33 33 33 33 33 35 35 35 35 35 34 34 34 34 34 36 36 36 36 36 37 37 37 37 37 38 38 38 38 38 37 37 37 37 37 39 39 39 39 39 38 38 38 38 38 40 40 40 40 40 41 41 41 41 41 42 42 42 42 42 41 41 41 41 41 43 43 43 43 43 42 42 42 42 42 44 44 44 44 44 45 45 45 45 45 46 46 46 46 46 45 45 45 45 45 47 47 47 47 47 46 46 46 46 46 48 48 48 48 48 49 49 49 49 49 50 50 50 50 50 49 49 49 49 49 51 51 51 51 51 50 50 50 50 50 52 52 52 52 52 53 53 53 53 53 54 54 54 54 54 53 53 53 53 53 55 55 55 55 55 54 54 54 54 54 56 56 56 56 56 57 57 57 57 57 58 58 58 58 58 57 57 57 57 57 59 59 59 59 59 58 58 58 58 58 60 60 60 60 60 61 61 61 61 61 62 62 62 62 62 61 61 61 61 61 63 63 63 63 63 62 62 62 62 62 64 64 64 64 64 65 65 65 65 65 66 66 66 66 66 65 65 65 65 65 67 67 67 67 67 66 66 66 66 66 68 68 68 68 68 69 69 69 69 69 70 70 70 70 70 69 69 69 69 69 71 71 71 71 71 70 70 70 70 70 72 72 72 72 72 73 73 73 73 73 74 74 74 74 74 73 73 73 73 73 75 75 75 75 75 74 74 74 74 74 76 76 76 76 76 77 77 77 77 77 78 78 78 78 78 77 77 77 77 77 79 79 79 79 79 78 78 78 78 78 80 80 80 80 80 81 81 81 81 81 82 82 82 82 82 81 81 81 81 81 83 83 83 83 83 82 82 82 82 82 84 84 84 84 84 85 85 85 85 85 86 86 86 86 86 85 85 85 85 85 87 87 87 87 87 86 86 86 86 86 88 88 88 88 88 89 89 89 89 89 90 90 90 90 90 89 89 89 89 89 91 91 91 91 91 90 90 90 90 90 92 92 92 92 92 93 93 93 93 93 94 94 94 94 94 93 93 93 93 93 95 95 95 95 95 94 94 94 94 94 96 96 96 96 96 97 97 97 97 97 98 98 98 98 98 97 97 97 97 97 99 99 99 99 99 98 98 98 98 98 100 100 100 100 100 101 101 101 101 101 102 102 102 102 102 101 101 101 101 101 103 103 103 103 103 102 102 102 102 102 104 104 104 104 104 105 105 105 105 105 106 106 106 106 106 105 105 105 105 105 107 107 107 107 107 106 106 106 106 106 108 108 108 108 108 109 109 109 109 109 110 110 110 110 110 109 109 109 109 109 111 111 111 111 111 110 110 110 110 110 112 112 112 112 112 113 113 113 113 113 114 114 114 114 114 113 113 113 113 113 115 115 115 115 115 114 114 114 114 114 116 116 116 116 116 117 117 117 117 117 118 118 118 118 118 117 117 117 117 117 119 119 119 119 119 118 118 118 118 118 120 120 120 120 120 121 121 121 121 121 122 122 122 122 122 121 121 121 121 121 123 123 123 123 123 122 122 122 122 122 124 124 124 124 124 125 125 125 125 125 126 126 126 126 126 125 125 125 125 125 127 127 127 127 127 126 126 126 126 126 128 128 128 128 128 129 129 129 129 129 130 130 130 130 130 129 129 129 129 129 131 131 131 131 131 130 130 130 130 130 132 132 132 132 132 133 133 133 133 133 134 134 134 134 134 133 133 133 133 133 135 135 135 135 135 134 134 134 134 134 136 136 136 136 136 137 137 137 137 137 138 138 138 138 138 137 137 137 137 137 139 139 139 139 139 138 138 138 138 138 140 140 140 140 140 141 141 141 141 141 142 142 142 142 142 141 141 141 141 141 143 143 143 143 143 142 142 142 142 142 144 144 144 144 144 145 145 145 145 145 146 146 146 146 146 145 145 145 145 145 147 147 147 147 147 146 146 146 146 146 148 148 148 148 148 149 149 149 149 149 150 150 150 150 150 149 149 149 149 149 151 151 151 151 151 150 150 150 150 150 152 152 152 152 152 153 153 153 153 153 154 154 154 154 154 153 153 153 153 153 155 155 155 155 155 154 154 154 154 154 156 156 156 156 156 157 157 157 157 157 158 158 158 158 158 157 157 157 157 157 159 159 159 159 159 158 158 158 158 158 160 160 160 160 160 161 161 161 161 161 162 162 162 162 162 161 161 161 161 161 163 163 163 163 163 162 162 162 162 162 164 164 164 164 164 165 165 165 165 165 166 166 166 166 166 165 165 165 165 165 167 167 167 167 167 166 166 166 166 166 168 168 168 168 168 169 169 169 169 169 170 170 170 170 170 169 169 169 169 169 171 171 171 171 171 170 170 170 170 170 172 172 172 172 172 173 173 173 173 173 174 174 174 174 174 173 173 173 173 173 175 175 175 175 175 174 174 174 174 174 176 176 176 176 176 177 177 177 177 177 178 178 178 178 178 177 177 177 177 177 179 179 179 179 179 178 178 178 178 178 180 180 180 180 180 181 181 181 181 181 182 182 182 182 182 181 181 181 181 181 183 183 183 183 183 182 182 182 182 182 184 184 184 184 184 185 185 185 185 185 186 186 186 186 186 185 185 185 185 185 187 187 187 187 187 186 186 186 186 186 188 188 188 188 188 189 189 189 189 189 190 190 190 190 190 189 189 189 189 189 191 191 191 191 191 190 190 190 190 190 192 192 192 192 192 193 193 193 193 193 194 194 194 194 194 193 193 193 193 193 195 195 195 195 195 194 194 194 194 194 196 196 196 196 196 197 197 197 197 197 198 198 198 198 198 197 197 197 197 197 199 199 199 199 199 198 198 198 198 198 200 200 200 200 200 201 201 201 201 201 202 202 202 202 202 201 201 201 201 201 203 203 203 203 203 202 202 202 202 202 204 204 204 204 204 205 205 205 205 205 206 206 206 206 206 205 205 205 205 205 207 207 207 207 207 206 206 206 206 206 208 208 208 208 208 209 209 209 209 209 210 210 210 210 210 209 209 209 209 209 211 211 211 211 211 210 210 210 210 210 212 212 212 212 212 213 213 213 213 213 214 214 214 214 214 213 213 213 213 213 215 215 215 215 215 214 214 214 214 214 216 216 216 216 216 217 217 217 217 217 218 218 218 218 218 217 217 217 217 217 219 219 219 219 219 218 218 218 218 218 220 220 220 220 220 221 221 221 221 221 222 222 222 222 222 221 221 221 221 221 223 223 223 223 223 222 222 222 222 222 224 224 224 224 224 225 225 225 225 225 226 226 226 226 226 225 225 225 225 225 227 227 227 227 227 226 226 226 226 226 228 228 228 228 228 229 229 229 229 229 230 230 230 230 230 229 229 229 229 229 231 231 231 231 231 230 230 230 230 230 232 232 232 232 232 233 233 233 233 233 234 234 234 234 234 233 233 233 233 233 235 235 235 235 235 234 234 234 234 234 236 236 236 236 236 237 237 237 237 237 238 238 238 238 238 237 237 237 237 237 239 239 239 239 239 238 238 238 238 238 240 240 240 240 240 241 241 241 241 241 242 242 242 242 242 241 241 241 241 241 243 243 243 243 243 242 242 242 242 242 244 244 244 244 244 245 245 245 245 245 246 246 246 246 246 245 245 245 245 245 247 247 247 247 247 246 246 246 246 246 248 248 248 248 248 249 249 249 249 249 250 250 250 250 250 249 249 249 249 249 251 251 251 251 251 250 250 250 250 250 252 252 252 252 252 253 253 253 253 253 254 254 254 254 254 253 253 253 253 253 255 255 255 255 255 254 254 254 254 254 256 256 256 256 256 257 257 257 257 257 258 258 258 258 258 257 257 257 257 257 259 259 259 259 259 258 258 258 258 258 260 260 260 260 260 261 261 261 261 261 262 262 262 262 262 261 261 261 261 261 263 263 263 263 263 262 262 262 262 262 264 264 264 264 264 265 265 265 265 265 266 266 266 266 266 265 265 265 265 265 267 267 267 267 267 266 266 266 266 266 268 268 268 268 268 269 269 269 269 269 270 270 270 270 270 269 269 269 269 269 271 271 271 271 271 270 270 270 270 270 272 272 272 272 272 273 273 273 273 273 274 274 274 274 274 273 273 273 273 273 275 275 275 275 275 274 274 274 274 274 276 276 276 276 276 277 277 277 277 277 278 278 278 278 278 277 277 277 277 277 279 279 279 279 279 278 278 278 278 278 280 280 280 280 280 281 281 281 281 281 282 282 282 282 282 281 281 281 281 281 283 283 283 283 283 282 282 282 282 282 284 284 284 284 284 285 285 285 285 285 286 286 286 286 286 285 285 285 285 285 287 287 287 287 287 286 286 286 286 286 288 288 288 288 288 289 289 289 289 289 290 290 290 290 290 291 291 291 291 291 288 288 288 288 288 290 290 290 290 290 288 288 288 288 288 291 291 291 291 291 292 292 292 292 292 293 293 293 293 293 288 288 288 288 288 292 292 292 292 292 294 294 294 294 294 295 295 295 295 295 296 296 296 296 296 297 297 297 297 297 294 294 294 294 294 296 296 296 296 296 294 294 294 294 294 297 297 297 297 297 298 298 298 298 298 299 299 299 299 299 294 294 294 294 294 298 298 298 298 298 300 300 300 300 300 301 301 301 301 301 302 302 302 302 302 303 303 303 303 303 300 300 300 300 300 302 302 302 302 302 300 300 300 300 300 303 303 303 303 303 304 304 304 304 304 305 305 305 305 305 300 300 300 300 300 304 304 304 304 304 306 306 306 306 306 307 307 307 307 307 308 308 308 308 308 309 309 309 309 309 306 306 306 306 306 308 308 308 308 308 306 306 306 306 306 309 309 309 309 309 310 310 310 310 310 311 311 311 311 311 306 306 306 306 306 310 310 310 310 310 312 312 312 312 312 313 313 313 313 313 314 314 314 314 314 315 315 315 315 315 312 312 312 312 312 314 314 314 314 314 312 312 312 312 312 315 315 315 315 315 316 316 316 316 316 317 317 317 317 317 312 312 312 312 312 316 316 316 316 316 318 318 318 318 318 319 319 319 319 319 320 320 320 320 320 321 321 321 321 321 318 318 318 318 318 320 320 320 320 320 318 318 318 318 318 321 321 321 321 321 322 322 322 322 322 323 323 323 323 323 318 318 318 318 318 322 322 322 322 322 324 324 324 324 324 325 325 325 325 325 326 326 326 326 326 327 327 327 327 327 324 324 324 324 324 326 326 326 326 326 324 324 324 324 324 327 327 327 327 327 328 328 328 328 328 329 329 329 329 329 324 324 324 324 324 328 328 328 328 328 330 330 330 330 330 331 331 331 331 331 332 332 332 332 332 333 333 333 333 333 330 330 330 330 330 332 332 332 332 332 330 330 330 330 330 333 333 333 333 333 334 334 334 334 334 335 335 335 335 335 330 330 330 330 330 334 334 334 334 334 336 336 336 336 336 337 337 337 337 337 338 338 338 338 338 339 339 339 339 339 336 336 336 336 336 338 338 338 338 338 336 336 336 336 336 339 339 339 339 339 340 340 340 340 340 341 341 341 341 341 336 336 336 336 336 340 340 340 340 340 342 342 342 342 342 343 343 343 343 343 344 344 344 344 344 345 345 345 345 345 342 342 342 342 342 344 344 344 344 344 342 342 342 342 342 345 345 345 345 345 346 346 346 346 346 347 347 347 347 347 342 342 342 342 342 346 346 346 346 346 348 348 348 348 348 349 349 349 349 349 350 350 350 350 350 351 351 351 351 351 348 348 348 348 348 350 350 350 350 350 348 348 348 348 348 351 351 351 351 351 352 352 352 352 352 353 353 353 353 353 348 348 348 348 348 352 352 352 352 352 354 354 354 354 354 355 355 355 355 355 356 356 356 356 356 357 357 357 357 357 354 354 354 354 354 356 356 356 356 356 354 354 354 354 354 357 357 357 357 357 358 358 358 358 358 359 359 359 359 359 354 354 354 354 354 358 358 358 358 358 360 360 360 360 360 361 361 361 361 361 362 362 362 362 362 363 363 363 363 363 360 360 360 360 360 362 362 362 362 362 360 360 360 360 360 363 363 363 363 363 364 364 364 364 364 365 365 365 365 365 360 360 360 360 360 364 364 364 364 364 366 366 366 366 366 367 367 367 367 367 368 368 368 368 368 369 369 369 369 369 366 366 366 366 366 368 368 368 368 368 366 366 366 366 366 369 369 369 369 369 370 370 370 370 370 371 371 371 371 371 366 366 366 366 366 370 370 370 370 370 372 372 372 372 372 373 373 373 373 373 374 374 374 374 374 375 375 375 375 375 372 372 372 372 372 374 374 374 374 374 372 372 372 372 372 375 375 375 375 375 376 376 376 376 376 377 377 377 377 377 372 372 372 372 372 376 376 376 376 376 378 378 378 378 378 379 379 379 379 379 380 380 380 380 380 381 381 381 381 381 378 378 378 378 378 380 380 380 380 380 378 378 378 378 378 381 381 381 381 381 382 382 382 382 382 383 383 383 383 383 378 378 378 378 378 382 382 382 382 382 384 384 384 384 384 385 385 385 385 385 386 386 386 386 386 387 387 387 387 387 384 384 384 384 384 386 386 386 386 386 384 384 384 384 384 387 387 387 387 387 388 388 388 388 388 389 389 389 389 389 384 384 384 384 384 388 388 388 388 388 390 390 390 390 390 391 391 391 391 391 392 392 392 392 392 393 393 393 393 393 390 390 390 390 390 392 392 392 392 392 390 390 390 390 390 393 393 393 393 393 394 394 394 394 394 395 395 395 395 395 390 390 390 390 390 394 394 394 394 394 396 396 396 396 396 397 397 397 397 397 398 398 398 398 398 399 399 399 399 399 396 396 396 396 396 398 398 398 398 398 396 396 396 396 396 399 399 399 399 399 400 400 400 400 400 401 401 401 401 401 396 396 396 396 396 400 400 400 400 400 402 402 402 402 402 403 403 403 403 403 404 404 404 404 404 405 405 405 405 405 402 402 402 402 402 404 404 404 404 404 402 402 402 402 402 405 405 405 405 405 406 406 406 406 406 407 407 407 407 407 402 402 402 402 402 406 406 406 406 406 408 408 408 408 408 409 409 409 409 409 410 410 410 410 410 411 411 411 411 411 408 408 408 408 408 410 410 410 410 410 408 408 408 408 408 411 411 411 411 411 412 412 412 412 412 413 413 413 413 413 408 408 408 408 408 412 412 412 412 412 414 414 414 414 414 415 415 415 415 415 416 416 416 416 416 417 417 417 417 417 414 414 414 414 414 416 416 416 416 416 414 414 414 414 414 417 417 417 417 417 418 418 418 418 418 419 419 419 419 419 414 414 414 414 414 418 418 418 418 418 420 420 420 420 420 421 421 421 421 421 422 422 422 422 422 423 423 423 423 423 420 420 420 420 420 422 422 422 422 422 420 420 420 420 420 423 423 423 423 423 424 424 424 424 424 425 425 425 425 425 420 420 420 420 420 424 424 424 424 424 426 426 426 426 426 427 427 427 427 427 428 428 428 428 428 429 429 429 429 429 426 426 426 426 426 428 428 428 428 428 426 426 426 426 426 429 429 429 429 429 430 430 430 430 430 431 431 431 431 431 426 426 426 426 426 430 430 430 430 430 432 432 432 432 432 433 433 433 433 433 434 434 434 434 434 435 435 435 435 435 432 432 432 432 432 434 434 434 434 434 432 432 432 432 432 435 435 435 435 435 436 436 436 436 436 437 437 437 437 437 432 432 432 432 432 436 436 436 436 436 438 438 438 438 438 439 439 439 439 439 440 440 440 440 440 441 441 441 441 441 438 438 438 438 438 440 440 440 440 440 438 438 438 438 438 441 441 441 441 441 442 442 442 442 442 443 443 443 443 443 438 438 438 438 438 442 442 442 442 442 444 444 444 444 444 445 445 445 445 445 446 446 446 446 446 447 447 447 447 447 444 444 444 444 444 446 446 446 446 446 444 444 444 444 444 447 447 447 447 447 448 448 448 448 448 449 449 449 449 449 444 444 444 444 444 448 448 448 448 448 450 450 450 450 450 451 451 451 451 451 452 452 452 452 452 453 453 453 453 453 450 450 450 450 450 452 452 452 452 452 450 450 450 450 450 453 453 453 453 453 454 454 454 454 454 455 455 455 455 455 450 450 450 450 450 454 454 454 454 454 456 456 456 456 456 457 457 457 457 457 458 458 458 458 458 459 459 459 459 459 456 456 456 456 456 458 458 458 458 458 456 456 456 456 456 459 459 459 459 459 460 460 460 460 460 461 461 461 461 461 456 456 456 456 456 460 460 460 460 460 462 462 462 462 462 463 463 463 463 463 464 464 464 464 464 465 465 465 465 465 462 462 462 462 462 464 464 464 464 464 462 462 462 462 462 465 465 465 465 465 466 466 466 466 466 467 467 467 467 467 462 462 462 462 462 466 466 466 466 466 468 468 468 468 468 469 469 469 469 469 470 470 470 470 470 471 471 471 471 471 468 468 468 468 468 470 470 470 470 470 468 468 468 468 468 471 471 471 471 471 472 472 472 472 472 473 473 473 473 473 468 468 468 468 468 472 472 472 472 472 474 474 474 474 474 475 475 475 475 475 476 476 476 476 476 477 477 477 477 477 474 474 474 474 474 476 476 476 476 476 474 474 474 474 474 477 477 477 477 477 478 478 478 478 478 479 479 479 479 479 474 474 474 474 474 478 478 478 478 478 480 480 480 480 480 481 481 481 481 481 482 482 482 482 482 483 483 483 483 483 480 480 480 480 480 482 482 482 482 482 480 480 480 480 480 483 483 483 483 483 484 484 484 484 484 485 485 485 485 485 480 480 480 480 480 484 484 484 484 484 486 486 486 486 486 487 487 487 487 487 488 488 488 488 488 489 489 489 489 489 486 486 486 486 486 488 488 488 488 488 486 486 486 486 486 489 489 489 489 489 490 490 490 490 490 491 491 491 491 491 486 486 486 486 486 490 490 490 490 490 492 492 492 492 492 493 493 493 493 493 494 494 494 494 494 495 495 495 495 495 492 492 492 492 492 494 494 494 494 494 492 492 492 492 492 495 495 495 495 495 496 496 496 496 496 497 497 497 497 497 492 492 492 492 492 496 496 496 496 496 498 498 498 498 498 499 499 499 499 499 500 500 500 500 500 501 501 501 501 501 498 498 498 498 498 500 500 500 500 500 498 498 498 498 498 501 501 501 501 501 502 502 502 502 502 503 503 503 503 503 498 498 498 498 498 502 502 502 502 502 504 504 504 504 504 505 505 505 505 505 506 506 506 506 506 507 507 507 507 507 504 504 504 504 504 506 506 506 506 506 504 504 504 504 504 507 507 507 507 507 508 508 508 508 508 509 509 509 509 509 504 504 504 504 504 508 508 508 508 508 510 510 510 510 510 511 511 511 511 511 512 512 512 512 512 513 513 513 513 513 510 510 510 510 510 512 512 512 512 512 510 510 510 510 510 513 513 513 513 513 514 514 514 514 514 515 515 515 515 515 510 510 510 510 510 514 514 514 514 514 516 516 516 516 516 517 517 517 517 517 518 518 518 518 518 519 519 519 519 519 516 516 516 516 516 518 518 518 518 518 516 516 516 516 516 519 519 519 519 519 520 520 520 520 520 521 521 521 521 521 516 516 516 516 516 520 520 520 520 520 522 522 522 522 522 523 523 523 523 523 524 524 524 524 524 525 525 525 525 525 522 522 522 522 522 524 524 524 524 524 522 522 522 522 522 525 525 525 525 525 526 526 526 526 526 527 527 527 527 527 522 522 522 522 522 526 526 526 526 526 528 528 528 528 528 529 529 529 529 529 530 530 530 530 530 531 531 531 531 531 528 528 528 528 528 530 530 530 530 530 528 528 528 528 528 531 531 531 531 531 532 532 532 532 532 533 533 533 533 533 528 528 528 528 528 532 532 532 532 532 534 534 534 534 534 535 535 535 535 535 536 536 536 536 536 537 537 537 537 537 534 534 534 534 534 536 536 536 536 536 534 534 534 534 534 537 537 537 537 537 538 538 538 538 538 539 539 539 539 539 534 534 534 534 534 538 538 538 538 538 540 540 540 540 540 541 541 541 541 541 542 542 542 542 542 543 543 543 543 543 540 540 540 540 540 542 542 542 542 542 540 540 540 540 540 543 543 543 543 543 544 544 544 544 544 545 545 545 545 545 540 540 540 540 540 544 544 544 544 544 546 546 546 546 546 547 547 547 547 547 548 548 548 548 548 549 549 549 549 549 546 546 546 546 546 548 548 548 548 548 546 546 546 546 546 549 549 549 549 549 550 550 550 550 550 551 551 551 551 551 546 546 546 546 546 550 550 550 550 550 552 552 552 552 552 553 553 553 553 553 554 554 554 554 554 555 555 555 555 555 552 552 552 552 552 554 554 554 554 554 552 552 552 552 552 555 555 555 555 555 556 556 556 556 556 557 557 557 557 557 552 552 552 552 552 556 556 556 556 556 558 558 558 558 558 559 559 559 559 559 560 560 560 560 560 561 561 561 561 561 558 558 558 558 558 560 560 560 560 560 558 558 558 558 558 561 561 561 561 561 562 562 562 562 562 563 563 563 563 563 558 558 558 558 558 562 562 562 562 562 564 564 564 564 564 565 565 565 565 565 566 566 566 566 566 567 567 567 567 567 564 564 564 564 564 566 566 566 566 566 564 564 564 564 564 567 567 567 567 567 568 568 568 568 568 569 569 569 569 569 564 564 564 564 564 568 568 568 568 568 570 570 570 570 570 571 571 571 571 571 572 572 572 572 572 573 573 573 573 573 570 570 570 570 570 572 572 572 572 572 570 570 570 570 570 573 573 573 573 573 574 574 574 574 574 575 575 575 575 575 570 570 570 570 570 574 574 574 574 574 576 576 576 576 576 577 577 577 577 577 578 578 578 578 578 579 579 579 579 579 576 576 576 576 576 578 578 578 578 578 576 576 576 576 576 579 579 579 579 579 580 580 580 580 580 581 581 581 581 581 576 576 576 576 576 580 580 580 580 580 582 582 582 582 582 583 583 583 583 583 584 584 584 584 584 585 585 585 585 585 582 582 582 582 582 584 584 584 584 584 582 582 582 582 582 585 585 585 585 585 586 586 586 586 586 587 587 587 587 587 582 582 582 582 582 586 586 586 586 586 588 588 588 588 588 589 589 589 589 589 590 590 590 590 590 591 591 591 591 591 588 588 588 588 588 590 590 590 590 590 588 588 588 588 588 591 591 591 591 591 592 592 592 592 592 593 593 593 593 593 588 588 588 588 588 592 592 592 592 592 594 594 594 594 594 595 595 595 595 595 596 596 596 596 596 597 597 597 597 597 594 594 594 594 594 596 596 596 596 596 594 594 594 594 594 597 597 597 597 597 598 598 598 598 598 599 599 599 599 599 594 594 594 594 594 598 598 598 598 598 600 600 600 600 600 601 601 601 601 601 602 602 602 602 602 603 603 603 603 603 600 600 600 600 600 602 602 602 602 602 600 600 600 600 600 603 603 603 603 603 604 604 604 604 604 605 605 605 605 605 600 600 600 600 600 604 604 604 604 604 606 606 606 606 606 607 607 607 607 607 608 608 608 608 608 609 609 609 609 609 606 606 606 606 606 608 608 608 608 608 606 606 606 606 606 609 609 609 609 609 610 610 610 610 610 611 611 611 611 611 606 606 606 606 606 610 610 610 610 610 612 612 612 612 612 613 613 613 613 613 614 614 614 614 614 615 615 615 615 615 612 612 612 612 612 614 614 614 614 614 612 612 612 612 612 615 615 615 615 615 616 616 616 616 616 617 617 617 617 617 612 612 612 612 612 616 616 616 616 616 618 618 618 618 618 619 619 619 619 619 620 620 620 620 620 621 621 621 621 621 618 618 618 618 618 620 620 620 620 620 618 618 618 618 618 621 621 621 621 621 622 622 622 622 622 623 623 623 623 623 618 618 618 618 618 622 622 622 622 622 624 624 624 624 624 625 625 625 625 625 626 626 626 626 626 627 627 627 627 627 624 624 624 624 624 626 626 626 626 626 624 624 624 624 624 627 627 627 627 627 628 628 628 628 628 629 629 629 629 629 624 624 624 624 624 628 628 628 628 628 630 630 630 630 630 631 631 631 631 631 632 632 632 632 632 633 633 633 633 633 630 630 630 630 630 632 632 632 632 632 630 630 630 630 630 633 633 633 633 633 634 634 634 634 634 635 635 635 635 635 630 630 630 630 630 634 634 634 634 634 636 636 636 636 636 637 637 637 637 637 638 638 638 638 638 639 639 639 639 639 636 636 636 636 636 638 638 638 638 638 636 636 636 636 636 639 639 639 639 639 640 640 640 640 640 641 641 641 641 641 636 636 636 636 636 640 640 640 640 640 642 642 642 642 642 643 643 643 643 643 644 644 644 644 644 645 645 645 645 645 642 642 642 642 642 644 644 644 644 644 642 642 642 642 642 645 645 645 645 645 646 646 646 646 646 647 647 647 647 647 642 642 642 642 642 646 646 646 646 646 648 648 648 648 648 649 649 649 649 649 650 650 650 650 650 651 651 651 651 651 648 648 648 648 648 650 650 650 650 650 648 648 648 648 648 651 651 651 651 651 652 652 652 652 652 653 653 653 653 653 648 648 648 648 648 652 652 652 652 652 654 654 654 654 654 655 655 655 655 655 656 656 656 656 656 657 657 657 657 657 654 654 654 654 654 656 656 656 656 656 654 654 654 654 654 657 657 657 657 657 658 658 658 658 658 659 659 659 659 659 654 654 654 654 654 658 658 658 658 658 660 660 660 660 660 661 661 661 661 661 662 662 662 662 662 663 663 663 663 663 660 660 660 660 660 662 662 662 662 662 660 660 660 660 660 663 663 663 663 663 664 664 664 664 664 665 665 665 665 665 660 660 660 660 660 664 664 664 664 664 666 666 666 666 666 667 667 667 667 667 668 668 668 668 668 669 669 669 669 669 666 666 666 666 666 668 668 668 668 668 666 666 666 666 666 669 669 669 669 669 670 670 670 670 670 671 671 671 671 671 666 666 666 666 666 670 670 670 670 670 672 672 672 672 672 673 673 673 673 673 674 674 674 674 674 675 675 675 675 675 672 672 672 672 672 674 674 674 674 674 672 672 672 672 672 675 675 675 675 675 676 676 676 676 676 677 677 677 677 677 672 672 672 672 672 676 676 676 676 676 678 678 678 678 678 679 679 679 679 679 680 680 680 680 680 681 681 681 681 681 678 678 678 678 678 680 680 680 680 680 678 678 678 678 678 681 681 681 681 681 682 682 682 682 682 683 683 683 683 683 678 678 678 678 678 682 682 682 682 682 684 684 684 684 684 685 685 685 685 685 686 686 686 686 686 687 687 687 687 687 684 684 684 684 684 686 686 686 686 686 684 684 684 684 684 687 687 687 687 687 688 688 688 688 688 689 689 689 689 689 684 684 684 684 684 688 688 688 688 688 690 690 690 690 690 691 691 691 691 691 692 692 692 692 692 693 693 693 693 693 690 690 690 690 690 692 692 692 692 692 690 690 690 690 690 693 693 693 693 693 694 694 694 694 694 695 695 695 695 695 690 690 690 690 690 694 694 694 694 694 696 696 696 696 696 697 697 697 697 697 698 698 698 698 698 699 699 699 699 699 696 696 696 696 696 698 698 698 698 698 696 696 696 696 696 699 699 699 699 699 700 700 700 700 700 701 701 701 701 701 696 696 696 696 696 700 700 700 700 700 702 702 702 702 702 703 703 703 703 703 704 704 704 704 704 705 705 705 705 705 702 702 702 702 702 704 704 704 704 704 702 702 702 702 702 705 705 705 705 705 706 706 706 706 706 707 707 707 707 707 702 702 702 702 702 706 706 706 706 706 708 708 708 708 708 709 709 709 709 709 710 710 710 710 710 711 711 711 711 711 708 708 708 708 708 710 710 710 710 710 708 708 708 708 708 711 711 711 711 711 712 712 712 712 712 713 713 713 713 713 708 708 708 708 708 712 712 712 712 712 714 714 714 714 714 715 715 715 715 715 716 716 716 716 716 717 717 717 717 717 714 714 714 714 714 716 716 716 716 716 714 714 714 714 714 717 717 717 717 717 718 718 718 718 718 719 719 719 719 719 714 714 714 714 714 718 718 718 718 718 720 720 720 720 720 721 721 721 721 721 722 722 722 722 722 723 723 723 723 723 720 720 720 720 720 722 722 722 722 722 720 720 720 720 720 723 723 723 723 723 724 724 724 724 724 725 725 725 725 725 720 720 720 720 720 724 724 724 724 724 726 726 726 726 726 727 727 727 727 727 728 728 728 728 728 729 729 729 729 729 726 726 726 726 726 728 728 728 728 728 726 726 726 726 726 729 729 729 729 729 730 730 730 730 730 731 731 731 731 731 726 726 726 726 726 730 730 730 730 730 732 732 732 732 732 733 733 733 733 733 734 734 734 734 734 735 735 735 735 735 732 732 732 732 732 734 734 734 734 734 732 732 732 732 732 735 735 735 735 735 736 736 736 736 736 737 737 737 737 737 732 732 732 732 732 736 736 736 736 736 738 738 738 738 738 739 739 739 739 739 740 740 740 740 740 741 741 741 741 741 738 738 738 738 738 740 740 740 740 740 738 738 738 738 738 741 741 741 741 741 742 742 742 742 742 743 743 743 743 743 738 738 738 738 738 742 742 742 742 742 744 744 744 744 744 745 745 745 745 745 746 746 746 746 746 747 747 747 747 747 744 744 744 744 744 746 746 746 746 746 744 744 744 744 744 747 747 747 747 747 748 748 748 748 748 749 749 749 749 749 744 744 744 744 744 748 748 748 748 748 750 750 750 750 750 751 751 751 751 751 752 752 752 752 752 753 753 753 753 753 750 750 750 750 750 752 752 752 752 752 750 750 750 750 750 753 753 753 753 753 754 754 754 754 754 755 755 755 755 755 750 750 750 750 750 754 754 754 754 754 756 756 756 756 756 757 757 757 757 757 758 758 758 758 758 759 759 759 759 759 756 756 756 756 756 758 758 758 758 758 756 756 756 756 756 759 759 759 759 759 760 760 760 760 760 761 761 761 761 761 756 756 756 756 756 760 760 760 760 760 762 762 762 762 762 763 763 763 763 763 764 764 764 764 764 765 765 765 765 765 762 762 762 762 762 764 764 764 764 764 762 762 762 762 762 765 765 765 765 765 766 766 766 766 766 767 767 767 767 767 762 762 762 762 762 766 766 766 766 766 768 768 768 768 768 769 769 769 769 769 770 770 770 770 770 771 771 771 771 771 768 768 768 768 768 770 770 770 770 770 768 768 768 768 768 771 771 771 771 771 772 772 772 772 772 773 773 773 773 773 768 768 768 768 768 772 772 772 772 772 774 774 774 774 774 775 775 775 775 775 776 776 776 776 776 777 777 777 777 777 774 774 774 774 774 776 776 776 776 776 774 774 774 774 774 777 777 777 777 777 778 778 778 778 778 779 779 779 779 779 774 774 774 774 774 778 778 778 778 778 780 780 780 780 780 781 781 781 781 781 782 782 782 782 782 783 783 783 783 783 780 780 780 780 780 782 782 782 782 782 780 780 780 780 780 783 783 783 783 783 784 784 784 784 784 785 785 785 785 785 780 780 780 780 780 784 784 784 784 784 786 786 786 786 786 787 787 787 787 787 788 788 788 788 788 789 789 789 789 789 786 786 786 786 786 788 788 788 788 788 786 786 786 786 786 789 789 789 789 789 790 790 790 790 790 791 791 791 791 791 786 786 786 786 786 790 790 790 790 790 792 792 792 792 792 793 793 793 793 793 794 794 794 794 794 795 795 795 795 795 792 792 792 792 792 794 794 794 794 794 792 792 792 792 792 795 795 795 795 795 796 796 796 796 796 797 797 797 797 797 792 792 792 792 792 796 796 796 796 796 798 798 798 798 798 799 799 799 799 799 800 800 800 800 800 801 801 801 801 801 798 798 798 798 798 800 800 800 800 800 798 798 798 798 798 801 801 801 801 801 802 802 802 802 802 803 803 803 803 803 798 798 798 798 798 802 802 802 802 802 804 804 804 804 804 805 805 805 805 805 806 806 806 806 806 807 807 807 807 807 804 804 804 804 804 806 806 806 806 806 804 804 804 804 804 807 807 807 807 807 808 808 808 808 808 809 809 809 809 809 804 804 804 804 804 808 808 808 808 808 810 810 810 810 810 811 811 811 811 811 812 812 812 812 812 813 813 813 813 813 810 810 810 810 810 812 812 812 812 812 810 810 810 810 810 813 813 813 813 813 814 814 814 814 814 815 815 815 815 815 810 810 810 810 810 814 814 814 814 814 816 816 816 816 816 817 817 817 817 817 818 818 818 818 818 819 819 819 819 819 816 816 816 816 816 818 818 818 818 818 816 816 816 816 816 819 819 819 819 819 820 820 820 820 820 821 821 821 821 821 816 816 816 816 816 820 820 820 820 820 822 822 822 822 822 823 823 823 823 823 824 824 824 824 824 825 825 825 825 825 822 822 822 822 822 824 824 824 824 824 822 822 822 822 822 825 825 825 825 825 826 826 826 826 826 827 827 827 827 827 822 822 822 822 822 826 826 826 826 826 828 828 828 828 828 829 829 829 829 829 830 830 830 830 830 831 831 831 831 831 828 828 828 828 828 830 830 830 830 830 828 828 828 828 828 831 831 831 831 831 832 832 832 832 832 833 833 833 833 833 828 828 828 828 828 832 832 832 832 832 834 834 834 834 834 835 835 835 835 835 836 836 836 836 836 837 837 837 837 837 834 834 834 834 834 836 836 836 836 836 834 834 834 834 834 837 837 837 837 837 838 838 838 838 838 839 839 839 839 839 834 834 834 834 834 838 838 838 838 838 840 840 840 840 840 841 841 841 841 841 842 842 842 842 842 843 843 843 843 843 840 840 840 840 840 842 842 842 842 842 840 840 840 840 840 843 843 843 843 843 844 844 844 844 844 845 845 845 845 845 840 840 840 840 840 844 844 844 844 844 846 846 846 846 846 847 847 847 847 847 848 848 848 848 848 849 849 849 849 849 846 846 846 846 846 848 848 848 848 848 846 846 846 846 846 849 849 849 849 849 850 850 850 850 850 851 851 851 851 851 846 846 846 846 846 850 850 850 850 850 852 852 852 852 852 853 853 853 853 853 854 854 854 854 854 855 855 855 855 855 852 852 852 852 852 854 854 854 854 854 852 852 852 852 852 855 855 855 855 855 856 856 856 856 856 857 857 857 857 857 852 852 852 852 852 856 856 856 856 856 858 858 858 858 858 859 859 859 859 859 860 860 860 860 860 861 861 861 861 861 858 858 858 858 858 860 860 860 860 860 858 858 858 858 858 861 861 861 861 861 862 862 862 862 862 863 863 863 863 863 858 858 858 858 858 862 862 862 862 862 864 864 864 864 864 865 865 865 865 865 866 866 866 866 866 867 867 867 867 867 864 864 864 864 864 866 866 866 866 866 864 864 864 864 864 867 867 867 867 867 868 868 868 868 868 869 869 869 869 869 864 864 864 864 864 868 868 868 868 868 870 870 870 870 870 871 871 871 871 871 872 872 872 872 872 873 873 873 873 873 870 870 870 870 870 872 872 872 872 872 870 870 870 870 870 873 873 873 873 873 874 874 874 874 874 875 875 875 875 875 870 870 870 870 870 874 874 874 874 874 876 876 876 876 876 877 877 877 877 877 878 878 878 878 878 879 879 879 879 879 876 876 876 876 876 878 878 878 878 878 876 876 876 876 876 879 879 879 879 879 880 880 880 880 880 881 881 881 881 881 876 876 876 876 876 880 880 880 880 880 882 882 882 882 882 883 883 883 883 883 884 884 884 884 884 885 885 885 885 885 882 882 882 882 882 884 884 884 884 884 882 882 882 882 882 885 885 885 885 885 886 886 886 886 886 887 887 887 887 887 882 882 882 882 882 886 886 886 886 886 888 888 888 888 888 889 889 889 889 889 890 890 890 890 890 891 891 891 891 891 888 888 888 888 888 890 890 890 890 890 888 888 888 888 888 891 891 891 891 891 892 892 892 892 892 893 893 893 893 893 888 888 888 888 888 892 892 892 892 892 894 894 894 894 894 895 895 895 895 895 896 896 896 896 896 897 897 897 897 897 894 894 894 894 894 896 896 896 896 896 894 894 894 894 894 897 897 897 897 897 898 898 898 898 898 899 899 899 899 899 894 894 894 894 894 898 898 898 898 898 900 900 900 900 900 901 901 901 901 901 902 902 902 902 902 903 903 903 903 903 900 900 900 900 900 902 902 902 902 902 900 900 900 900 900 903 903 903 903 903 904 904 904 904 904 905 905 905 905 905 900 900 900 900 900 904 904 904 904 904 906 906 906 906 906 907 907 907 907 907 908 908 908 908 908 909 909 909 909 909 906 906 906 906 906 908 908 908 908 908 906 906 906 906 906 909 909 909 909 909 910 910 910 910 910 911 911 911 911 911 906 906 906 906 906 910 910 910 910 910 912 912 912 912 912 913 913 913 913 913 914 914 914 914 914 915 915 915 915 915 912 912 912 912 912 914 914 914 914 914 912 912 912 912 912 915 915 915 915 915 916 916 916 916 916 917 917 917 917 917 912 912 912 912 912 916 916 916 916 916 918 918 918 918 918 919 919 919 919 919 920 920 920 920 920 921 921 921 921 921 918 918 918 918 918 920 920 920 920 920 918 918 918 918 918 921 921 921 921 921 922 922 922 922 922 923 923 923 923 923 918 918 918 918 918 922 922 922 922 922 924 924 924 924 924 925 925 925 925 925 926 926 926 926 926 927 927 927 927 927 924 924 924 924 924 926 926 926 926 926 924 924 924 924 924 927 927 927 927 927 928 928 928 928 928 929 929 929 929 929 924 924 924 924 924 928 928 928 928 928 930 930 930 930 930 931 931 931 931 931 932 932 932 932 932 933 933 933 933 933 930 930 930 930 930 932 932 932 932 932 930 930 930 930 930 933 933 933 933 933 934 934 934 934 934 935 935 935 935 935 930 930 930 930 930 934 934 934 934 934 936 936 936 936 936 937 937 937 937 937 938 938 938 938 938 939 939 939 939 939 936 936 936 936 936 938 938 938 938 938 936 936 936 936 936 939 939 939 939 939 940 940 940 940 940 941 941 941 941 941 936 936 936 936 936 940 940 940 940 940 942 942 942 942 942 943 943 943 943 943 944 944 944 944 944 945 945 945 945 945 942 942 942 942 942 944 944 944 944 944 942 942 942 942 942 945 945 945 945 945 946 946 946 946 946 947 947 947 947 947 942 942 942 942 942 946 946 946 946 946 948 948 948 948 948 949 949 949 949 949 950 950 950 950 950 951 951 951 951 951 948 948 948 948 948 950 950 950 950 950 948 948 948 948 948 951 951 951 951 951 952 952 952 952 952 953 953 953 953 953 948 948 948 948 948 952 952 952 952 952 954 954 954 954 954 955 955 955 955 955 956 956 956 956 956 957 957 957 957 957 954 954 954 954 954 956 956 956 956 956 954 954 954 954 954 957 957 957 957 957 958 958 958 958 958 959 959 959 959 959 954 954 954 954 954 958 958 958 958 958 960 960 960 960 960 961 961 961 961 961 962 962 962 962 962 963 963 963 963 963 960 960 960 960 960 962 962 962 962 962 960 960 960 960 960 963 963 963 963 963 964 964 964 964 964 965 965 965 965 965 960 960 960 960 960 964 964 964 964 964 </p>
        </triangles>
      </mesh>
    </geometry>
    <geometry id="L02_011_1__mShadowShake-mesh" name="L02_011_1__mShadowShake">
      <mesh>
        <source id="L02_011_1__mShadowShake-position">
          <float_array id="L02_011_1__mShadowShake-position-array" count="1572">-10.43893 19.57172 1.256281 -8.134947 21.72288 0.4646181 -10.35181 20.48953 -0.7718318 -9.015262 21.62736 -0.9681621 -7.7277 21.3767 2.059947 -8.869434 20.20064 2.715173 -2.013868 22.99282 -9.550256 -1.812042 25.92915 -8.171965 -0.1370148 24.19021 -9.633067 -0.2658848 25.75066 -8.815759 -3.399639 25.50474 -7.81117 -3.745604 23.9067 -8.476428 3.663753 21.15886 -8.504645 3.317728 24.2757 -7.651366 5.199411 22.20611 -7.276544 4.794898 23.89192 -6.938899 1.911606 24.01952 -8.539033 1.879297 22.35269 -9.119223 -5.420892 27.80283 -1.517551 -3.141014 29.99023 -2.279068 -5.431617 28.85959 -3.478755 -4.096292 30.00036 -3.666251 -2.653855 29.53098 -0.7355251 -3.770892 28.31885 -0.1038923 0.2817487 29.56956 -7.479476 0.209746 30.65699 -4.417645 2.145287 29.78728 -6.27822 1.857957 30.39487 -4.644859 -1.423681 30.69583 -4.819106 -1.63356 30.13372 -6.479219 -4.314484 29.05024 -6.142905 -2.384623 30.15306 -3.771841 -2.228824 29.71579 -6.55554 -1.374127 30.27345 -5.11398 -3.79137 29.80622 -2.916544 -5.012538 29.17764 -4.025432 10.73473 20.21311 2.095214 10.614 21.40707 0.2182287 8.2871 22.28169 1.554279 9.197826 22.46026 0.1487098 7.878936 21.67839 3.070916 9.095562 20.5065 3.583257 -10.79804 19.35484 -2.204126 -8.170728 21.22609 -1.80646 -9.667364 20.15818 -3.947513 -8.278944 21.14731 -3.485453 -8.601969 20.92065 -0.2091184 -10.03963 19.89696 -0.1748095 4.065155 12.11841 -8.085342 2.052796 13.07081 -8.00447 3.710949 15.34764 -8.180527 2.110342 14.83486 -8.070803 5.384284 15.19738 -8.270705 5.822832 13.48789 -8.234653 -10.90683 12.76723 -5.410624 -10.06176 15.88729 -5.073638 -9.866509 13.87324 -7.040855 -9.508957 15.55321 -6.629187 -10.78807 15.58075 -3.587281 -11.33953 13.9046 -3.538093 -5.765903 12.10425 -8.742302 -7.663519 13.27123 -8.72244 -5.761368 15.34779 -8.53755 -7.41118 15.01542 -8.605258 -4.112488 15.01418 -8.511882 -3.865026 13.26943 -8.614943 -10.90683 12.76723 -5.410624 -10.06176 15.88729 -5.073638 -9.866509 13.87324 -7.040855 -9.508957 15.55321 -6.629187 -10.78807 15.58075 -3.587281 -11.33953 13.9046 -3.538093 -11.86247 14.52664 -2.910107 -10.21305 17.32638 -2.851996 -11.26697 15.56516 -4.788952 -10.38028 17.06659 -4.507736 -10.38448 17.01131 -1.208188 -11.272 15.50119 -0.9894793 12.78647 15.78069 -3.655011 12.3396 16.3444 -1.54652 10.73672 18.20029 -2.943267 11.19913 17.68589 -1.407525 10.69518 18.21788 -4.625149 11.75953 16.95672 -5.251745 10.84923 14.27379 -7.410361 11.45676 15.56673 -5.700859 8.910757 16.63077 -6.292575 10.24266 16.77563 -5.271797 7.976875 16.00196 -7.542865 8.847898 14.67556 -8.316154 0.07777876 25.3243 2.452326 0.1028885 28.16641 0.8761692 -1.813175 26.35289 1.878322 -1.549674 27.88042 1.031669 1.750295 27.86884 1.044295 1.986786 26.33924 1.893044 -6.847594 22.99684 -1.106277 -5.88288 26.06384 -1.580981 -7.667738 24.22988 -2.770659 -6.995388 25.86209 -2.829402 -4.968452 25.63586 -0.2350917 -5.333804 23.96903 0.2167845 3.822584 28.78403 -4.702923 4.237203 28.68045 -1.430699 5.296134 27.92838 -5.163904 5.773253 27.80929 -1.395842 6.540574 27.29169 -3.422294 5.521802 10.91645 3.021018 7.471653 11.91286 3.431442 5.668207 13.97125 4.120687 7.300753 13.56906 4.020835 4.005601 13.74621 3.994748 3.677219 12.1165 3.401277 -9.988016 14.45735 4.488079 -8.526346 17.35621 4.337683 -11.02 16.23757 3.634257 -10.02901 17.6994 3.658609 -7.323797 16.4178 5.047637 -7.905067 14.76146 5.233763 12.16017 14.92237 1.902911 12.36544 16.6795 0.548826 10.92727 17.82458 2.690065 11.61708 18.14633 1.187545 10.4906 16.90694 4.030961 11.06842 15.25199 3.822974 -10.76954 13.22006 2.48034 -10.24292 16.42283 2.646029 -11.96258 14.65934 1.268589 -11.49749 16.34384 1.524972 -9.096489 15.84421 3.733064 -9.197853 14.08364 3.811224 -11.72833 17.47377 0.2493129 -9.568449 19.90033 0.3452548 -11.06111 18.51124 -1.605859 -9.885194 19.79447 -1.305624 -9.695184 19.50796 1.976433 -10.84256 18.18105 2.173469 6.753968 24.61876 -1.202149 5.673703 27.56592 -2.044615 5.436169 25.80428 0.1473403 4.977521 27.37262 -0.5231352 6.591691 27.15409 -3.393114 7.295037 25.5523 -3.157387 9.659051 13.96891 5.103796 11.06644 15.52276 4.350137 8.657053 16.98925 4.443481 10.29501 17.08545 4.062964 7.224837 16.2729 4.959577 7.531209 14.58674 5.382676 -9.322412 12.49734 4.547362 -8.249313 15.56467 4.596902 -10.56707 14.17773 3.779053 -9.775449 15.75127 3.909132 -6.943514 14.74827 5.274499 -7.306178 13.02241 5.351291 2.871681 12.18604 4.53319 5.007986 12.65011 4.962173 3.950748 15.2491 4.658858 5.358235 14.38119 4.979255 2.321701 15.48808 4.312658 1.511247 13.92436 4.194564 -2.34489 12.46705 5.132884 -3.509408 15.49726 4.977213 -4.519481 12.891 5.366583 -4.914689 14.60813 5.244753 -1.865023 15.7642 4.741634 -1.007609 14.22188 4.787254 -11.65009 14.03121 0.3298429 -11.22075 15.11178 2.230169 -10.92851 17.2 0.3544323 -10.85506 16.8236 1.994512 -11.15012 16.92577 -1.290696 -11.56059 15.22906 -1.552802 12.34553 18.8463 -0.5946598 9.584285 20.52905 -0.9207954 11.16396 19.49771 1.178117 9.703874 20.39655 0.7540408 10.03165 20.31604 -2.528666 11.54172 19.40482 -2.601933 7.298312 11.64152 4.949039 8.908444 13.15425 4.662131 6.6313 14.81753 4.774236 8.306329 14.81343 4.597608 5.093227 14.16952 4.986754 5.208586 12.41241 5.110261 -6.733588 12.13632 5.5832 -6.102008 15.29097 5.122986 -8.370764 13.63733 5.410518 -7.78582 15.28556 5.163977 -4.547875 14.64865 5.176487 -4.642294 12.90357 5.424978 3.901678 11.55639 2.308011 5.994481 12.30447 2.153887 4.551647 14.72332 1.975404 6.099397 14.05895 1.979565 2.870442 14.73744 2.039535 2.276217 13.0854 2.222984 0.07216358 12.62972 3.749626 -1.221262 15.60435 3.95241 -1.813561 13.00398 4.875307 -2.322199 14.69514 4.845837 0.1452484 15.90279 3.017346 1.027892 14.39427 2.769751 0.7783022 16.11798 5.146517 2.730153 16.86666 5.916551 2.018045 18.95428 4.156104 3.198681 18.42762 5.235759 0.5828576 18.89858 3.279808 -0.2821507 17.40866 3.664358 1.361089 11.47445 3.45765 3.539864 11.7071 3.860144 2.736495 14.40828 3.709437 4.057908 13.39302 3.954501 1.132675 14.82114 3.412675 0.1712565 13.35127 3.236196 12.84255 15.98558 0.508633 11.90225 16.91589 2.301269 11.24587 18.80966 0.3144932 11.09179 18.4458 1.951808 11.7278 18.59366 -1.282959 12.63481 17.08583 -1.423592 -11.55455 16.75049 1.921065 -9.809324 19.47758 1.638802 -11.79907 18.11259 0.1751889 -10.7458 19.52894 0.2397628 -9.23119 18.86628 3.095797 -10.05518 17.34922 3.463989 -7.420357 14.082 -8.324689 -5.825778 12.97426 -8.632872 -7.743976 13.42094 -8.549047 -6.384751 12.47823 -8.816092 -7.743976 13.42094 -8.549047 -6.384751 12.47823 -8.816092 -7.834418 12.88306 -8.730537 -6.876328 12.21976 -8.922159 -7.834418 12.88306 -8.730537 -6.876328 12.21976 -8.922159 -7.674644 12.14584 -8.951093 -10.50216 15.92514 -3.715367 -10.527 15.28751 -5.574815 -11.08148 15.30197 -3.647413 -11.10599 14.76152 -5.233231 -11.08148 15.30197 -3.647413 -11.10599 14.76152 -5.233231 -11.48029 14.82943 -3.752996 -11.50017 14.45087 -4.871445 -11.48029 14.82943 -3.752996 -11.50017 14.45087 -4.871445 -11.88407 14.22874 -4.15437 -1.598902 30.35673 -5.823329 0.02865836 29.89154 -6.823023 -1.901882 30.02074 -6.445727 -0.5148294 29.62834 -7.299902 -1.901882 30.02074 -6.445727 -0.5148294 29.62834 -7.299902 -1.975879 29.75836 -6.951802 -0.9983962 29.48498 -7.555476 -1.975879 29.75836 -6.951802 -0.9983962 29.48498 -7.555476 -1.792831 29.39832 -7.62599 0.2535114 29.93806 -6.282617 2.017632 29.91006 -5.415533 0.7028564 29.73751 -6.874169 2.207023 29.71809 -6.136191 0.7028564 29.73751 -6.874169 2.207023 29.71809 -6.136191 1.15193 29.60299 -7.206834 2.212518 29.59276 -6.687526 1.15193 29.60299 -7.206834 2.212518 29.59276 -6.687526 1.894495 29.44329 -7.408726 -1.980268 24.33168 -8.924974 -0.2540695 25.27118 -8.876885 -1.547766 23.86282 -9.355293 -0.07769458 24.66594 -9.318068 -1.547766 23.86282 -9.355293 -0.07769458 24.66594 -9.318068 -1.114836 23.62254 -9.647299 -0.07966039 24.19043 -9.623993 -1.114836 23.62254 -9.647299 -0.07966039 24.19043 -9.623993 -0.3885003 23.51511 -9.927588 -6.366837 12.88078 5.470389 -7.773893 14.2435 5.303264 -6.998161 12.44799 5.549058 -8.197296 13.61013 5.411169 -6.998161 12.44799 5.549058 -8.197296 13.61013 5.411169 -7.541309 12.26502 5.593124 -8.386364 13.08462 5.499488 -7.541309 12.26502 5.593124 -8.386364 13.08462 5.499488 -8.326815 12.29036 5.595409 -9.499632 15.35056 4.427246 -10.04457 17.04962 3.602035 -10.20664 15.17235 4.181373 -10.67283 16.62188 3.482063 -10.20664 15.17235 4.181373 -10.67283 16.62188 3.482063 -10.73297 15.19037 3.950984 -11.0629 16.21308 3.46125 -10.73297 15.19037 3.950984 -11.0629 16.21308 3.46125 -11.35712 15.47424 3.566904 -3.714173 14.34847 5.116336 -5.762655 13.61975 5.304628 -3.384474 12.9621 5.205598 -5.130098 12.34141 5.371167 -3.384474 12.9621 5.205598 -5.130098 12.34141 5.371167 -3.459948 12.33121 5.264665 -4.690007 11.89407 5.38532 -3.459948 12.33121 5.264665 -4.690007 11.89407 5.38532 -3.865081 11.56191 5.337061 -10.55136 13.99285 -5.299644 -9.589722 15.16654 -6.549623 -10.35255 13.49005 -5.847123 -9.536877 14.49127 -6.914711 -10.35255 13.49005 -5.847123 -9.536877 14.49127 -6.914711 -10.143 13.24433 -6.322668 -9.57119 13.95067 -7.076826 -10.143 13.24433 -6.322668 -9.57119 13.95067 -7.076826 -9.759058 13.17405 -7.004807 2.945072 12.50593 4.265063 4.455976 12.95259 4.567266 3.20981 11.95067 4.391039 4.498421 12.33095 4.644971 3.20981 11.95067 4.391039 4.498421 12.33095 4.644971 3.513108 11.60913 4.497858 4.421978 11.87684 4.673995 3.513108 11.60913 4.497858 4.421978 11.87684 4.673995 4.063802 11.32885 4.669613 -10.91915 15.38197 -0.9252706 -11.08899 15.68431 -2.860337 -11.48467 14.77254 -1.118335 -11.63287 15.0332 -2.76685 -11.48467 14.77254 -1.118335 -11.63287 15.0332 -2.76685 -11.88596 14.38557 -1.40586 -11.99309 14.57159 -2.567132 -11.88596 14.38557 -1.40586 -11.99309 14.57159 -2.567132 -12.31502 14.02304 -2.013657 11.86334 16.85727 -3.391339 10.9689 17.78454 -4.876223 12.08819 16.42652 -3.987968 11.32215 17.21417 -5.252996 12.08819 16.42652 -3.987968 11.32215 17.21417 -5.252996 12.16506 16.20654 -4.513448 11.62228 16.75959 -5.404603 12.16506 16.20654 -4.513448 11.62228 16.75959 -5.404603 12.11569 16.13663 -5.294691 11.59451 17.0007 -1.673651 11.87997 16.66746 -3.690076 12.13513 16.3989 -1.653615 12.37482 16.11165 -3.372216 12.13513 16.3989 -1.653615 12.37482 16.11165 -3.372216 12.52243 15.95989 -1.803581 12.68856 15.75493 -3.014828 12.52243 15.95989 -1.803581 12.68856 15.75493 -3.014828 12.98119 15.46507 -2.279485 10.77437 15.75758 -5.515667 9.889895 14.95668 -7.130445 11.32029 15.23966 -5.74216 10.56445 14.55377 -7.115735 11.32029 15.23966 -5.74216 10.56445 14.55377 -7.115735 11.61775 14.81968 -6.024633 11.08348 14.33371 -6.990606 11.61775 14.81968 -6.024633 11.08348 14.33371 -6.990606 11.79164 14.27028 -6.583387 -0.2682529 25.92404 2.105001 -1.67202 27.10098 1.391556 -0.8944376 25.49404 2.227704 -2.09138 26.49908 1.623779 -0.8944376 25.49404 2.227704 -2.09138 26.49908 1.623779 -1.434384 25.29903 2.257007 -2.278371 26.00888 1.834599 -1.434384 25.29903 2.257007 -2.278371 26.00888 1.834599 -2.213822 25.27779 2.158565 -9.530703 21.03598 -0.3918383 -10.04894 20.10443 1.153382 -10.09923 20.64754 -0.6482773 -10.5382 19.85029 0.6676722 -10.09923 20.64754 -0.6482773 -10.5382 19.85029 0.6676722 -10.52519 20.30495 -0.6981657 -10.83245 19.7405 0.2284847 -10.52519 20.30495 -0.6981657 -10.83245 19.7405 0.2284847 -11.05775 19.81474 -0.499938 -9.971182 13.78374 3.074642 -11.23003 14.89343 2.050623 -10.32685 13.24777 2.652375 -11.40294 14.19307 1.782912 -10.32685 13.24777 2.652375 -11.40294 14.19307 1.782912 -10.6736 12.97307 2.285321 -11.43448 13.63891 1.675113 -10.6736 12.97307 2.285321 -11.43448 13.63891 1.675113 -11.22067 12.8677 1.73099 9.892465 20.71583 2.067733 9.944939 21.9095 0.29846 10.55312 20.38733 1.675457 10.59484 21.40143 0.1651893 10.55312 20.38733 1.675457 10.59484 21.40143 0.1651893 11.00366 20.25791 1.263193 11.03072 20.9701 0.1969715 11.00366 20.25791 1.263193 11.03072 20.9701 0.1969715 11.48849 20.32612 0.564093 -10.72768 18.99456 0.2389032 -11.02773 17.45576 1.424995 -11.20743 18.57234 -0.1896214 -11.45956 17.25865 0.8194112 -11.20743 18.57234 -0.1896214 -11.45956 17.25865 0.8194112 -11.55456 18.15855 -0.3863649 -11.72946 17.23098 0.3233266 -11.55456 18.15855 -0.3863649 -11.72946 17.23098 0.3233266 -11.97413 17.49405 -0.3939888 5.267672 13.37109 4.88048 6.845808 12.54701 4.757727 5.074166 12.70407 4.954816 6.418746 12.00139 4.846052 5.074166 12.70407 4.954816 6.418746 12.00139 4.846052 5.070248 12.18357 4.991601 6.017527 11.68808 4.911717 5.070248 12.18357 4.991601 6.017527 11.68808 4.911717 5.319104 11.5158 5.02521 9.472235 14.58062 4.698833 10.49369 16.24381 4.008249 10.23316 14.30198 4.694895 11.10317 15.718 4.101739 10.23316 14.30198 4.694895 11.10317 15.718 4.101739 10.83268 14.24614 4.632021 11.44539 15.24295 4.21041 10.83268 14.24614 4.632021 11.44539 15.24295 4.21041 11.61681 14.4587 4.473852 12.34594 16.80932 0.6586837 12.35839 17.80729 -1.035028 12.5552 16.25655 0.16602 12.56138 17.10606 -1.278213 12.5552 16.25655 0.16602 12.56138 17.10606 -1.278213 12.6944 15.96084 -0.306854 12.6953 16.55874 -1.325261 12.6944 15.96084 -0.306854 12.6953 16.55874 -1.325261 12.85639 15.81804 -1.062521 8.129126 14.6051 5.087228 9.957582 14.70356 4.640687 8.349319 13.92018 5.250372 9.906795 14.00284 4.865657 8.349319 13.92018 5.250372 9.906795 14.00284 4.865657 8.646473 13.46149 5.321261 9.743446 13.51876 5.046904 8.646473 13.46149 5.321261 9.743446 13.51876 5.046904 9.247887 13.00791 5.338517 0.9338851 16.75804 4.806258 2.505309 17.14104 5.560329 1.060366 16.16627 5.155115 2.40169 16.49117 5.794472 1.060366 16.16627 5.155115 2.40169 16.49117 5.794472 1.275637 15.79374 5.450349 2.22254 16.02153 5.898359 1.275637 15.79374 5.450349 2.22254 16.02153 5.898359 1.740879 15.47541 5.88761 2.425395 13.90651 -7.788722 4.259464 13.25273 -8.059847 2.29003 13.18235 -8.010854 3.853073 12.62652 -8.246325 2.29003 13.18235 -8.010854 3.853073 12.62652 -8.246325 2.346693 12.63839 -8.187833 3.448201 12.24772 -8.357212 2.346693 12.63839 -8.187833 3.448201 12.24772 -8.357212 2.697662 11.96726 -8.397785 4.208998 12.93786 -7.926405 5.703273 14.21531 -7.922144 4.791111 12.48106 -8.137447 6.063861 13.57083 -8.138234 4.791111 12.48106 -8.137447 6.063861 13.57083 -8.138234 5.307229 12.27513 -8.284575 6.203607 13.04398 -8.288571 5.307229 12.27513 -8.284575 6.203607 13.04398 -8.288571 6.081323 12.26202 -8.419752 -5.789609 13.11634 -8.62579 -4.249976 14.33243 -8.50172 -5.206713 12.62229 -8.716409 -3.894625 13.65944 -8.615216 -5.206713 12.62229 -8.716409 -3.894625 13.65944 -8.615216 -4.685763 12.38577 -8.772091 -3.761131 13.11728 -8.704319 -4.685763 12.38577 -8.772091 -3.761131 13.11728 -8.704319 -3.901938 12.3325 -8.793226</float_array>
          <technique_common>
            <accessor source="#L02_011_1__mShadowShake-position-array" count="524" stride="3">
              <param name="X" type="float" />
              <param name="Y" type="float" />
              <param name="Z" type="float" />
            </accessor>
          </technique_common>
        </source>
        <source id="L02_011_1__mShadowShake-normal">
          <float_array id="L02_011_1__mShadowShake-normal-array" count="1572">-0.589041 0.7455968 0.3111544 -0.589041 0.7455968 0.3111544 -0.589041 0.7455968 0.3111544 -0.589041 0.7455968 0.3111544 -0.589041 0.7455968 0.3111544 -0.589041 0.7455968 0.3111544 -0.3072404 0.4207436 -0.8532289 -0.3072404 0.4207436 -0.8532289 -0.3072404 0.4207436 -0.8532289 -0.3072404 0.4207436 -0.8532289 -0.3072404 0.4207436 -0.8532289 -0.3072404 0.4207436 -0.8532289 0.4755382 0.2818002 -0.8336594 0.4755382 0.2818002 -0.8336594 0.4755382 0.2818002 -0.8336594 0.4755382 0.2818002 -0.8336594 0.4755382 0.2818002 -0.8336594 0.4755382 0.2818002 -0.8336594 -0.5636007 0.7260273 0.3933461 -0.5636007 0.7260273 0.3933461 -0.5636007 0.7260273 0.3933461 -0.5636007 0.7260273 0.3933461 -0.5636007 0.7260273 0.3933461 -0.5636007 0.7260273 0.3933461 0.1037183 0.9373775 -0.3307242 0.1037183 0.9373775 -0.3307242 0.1037183 0.9373775 -0.3307242 0.1037183 0.9373775 -0.3307242 0.1037183 0.9373775 -0.3307242 0.1037183 0.9373775 -0.3307242 -0.3287669 0.9295497 -0.1643837 -0.3287669 0.9295497 -0.1643837 -0.3287669 0.9295497 -0.1643837 -0.3287669 0.9295497 -0.1643837 -0.3287669 0.9295497 -0.1643837 -0.3287669 0.9295497 -0.1643837 0.5244617 0.7338549 0.4324851 0.5244617 0.7338549 0.4324851 0.5244617 0.7338549 0.4324851 0.5244617 0.7338549 0.4324851 0.5244617 0.7338549 0.4324851 0.5244617 0.7338549 0.4324851 -0.5792562 0.81409 -2.043587E-07 -0.5792562 0.81409 -2.043587E-07 -0.5792562 0.81409 -2.043587E-07 -0.5792562 0.81409 -2.043587E-07 -0.5792562 0.81409 -2.043587E-07 -0.5792562 0.81409 -2.043587E-07 -0.05675125 -0.03522509 -0.9980428 -0.05675125 -0.03522509 -0.9980428 -0.05675125 -0.03522509 -0.9980428 -0.05675125 -0.03522509 -0.9980428 -0.05675125 -0.03522509 -0.9980428 -0.05675125 -0.03522509 -0.9980428 -0.8845398 0.2798435 -0.3737769 -0.8845398 0.2798435 -0.3737769 -0.8845398 0.2798435 -0.3737769 -0.8845398 0.2798435 -0.3737769 -0.8845398 0.2798435 -0.3737769 -0.8845398 0.2798435 -0.3737769 0.02739746 0.06262223 -0.9980428 0.02739746 0.06262223 -0.9980428 0.02739746 0.06262223 -0.9980428 0.02739746 0.06262223 -0.9980428 0.02739746 0.06262223 -0.9980428 0.02739746 0.06262223 -0.9980428 -0.8845398 0.2798435 -0.3737769 -0.8845398 0.2798435 -0.3737769 -0.8845398 0.2798435 -0.3737769 -0.8845398 0.2798435 -0.3737769 -0.8845398 0.2798435 -0.3737769 -0.8845398 0.2798435 -0.3737769 -0.8610566 0.5068493 0.007827629 -0.8610566 0.5068493 0.007827629 -0.8610566 0.5068493 0.007827629 -0.8610566 0.5068493 0.007827629 -0.8610566 0.5068493 0.007827629 -0.8610566 0.5068493 0.007827629 -0.7612523 -0.6477491 0.01174177 -0.7612523 -0.6477491 0.01174177 -0.7612523 -0.6477491 0.01174177 -0.7612523 -0.6477491 0.01174177 -0.7612523 -0.6477491 0.01174177 -0.7612523 -0.6477491 0.01174177 -0.4187868 -0.6457922 0.6379647 -0.4187868 -0.6457922 0.6379647 -0.4187868 -0.6457922 0.6379647 -0.4187868 -0.6457922 0.6379647 -0.4187868 -0.6457922 0.6379647 -0.4187868 -0.6457922 0.6379647 -0.0019571 0.4853228 0.8747551 -0.0019571 0.4853228 0.8747551 -0.0019571 0.4853228 0.8747551 -0.0019571 0.4853228 0.8747551 -0.0019571 0.4853228 0.8747551 -0.0019571 0.4853228 0.8747551 -0.7318982 0.3228964 0.6007825 -0.7318982 0.3228964 0.6007825 -0.7318982 0.3228964 0.6007825 -0.7318982 0.3228964 0.6007825 -0.7318982 0.3228964 0.6007825 -0.7318982 0.3228964 0.6007825 0.4931506 0.8688843 -0.03522519 0.4931506 0.8688843 -0.03522519 0.4931506 0.8688843 -0.03522519 0.4931506 0.8688843 -0.03522519 0.4931506 0.8688843 -0.03522519 -0.02544052 -0.3365948 0.9412914 -0.02544052 -0.3365948 0.9412914 -0.02544052 -0.3365948 0.9412914 -0.02544052 -0.3365948 0.9412914 -0.02544052 -0.3365948 0.9412914 -0.02544052 -0.3365948 0.9412914 -0.3581214 0.2270059 0.9060662 -0.3581214 0.2270059 0.9060662 -0.3581214 0.2270059 0.9060662 -0.3581214 0.2270059 0.9060662 -0.3581214 0.2270059 0.9060662 -0.3581214 0.2270059 0.9060662 0.8610565 0.2446182 0.4481408 0.8610565 0.2446182 0.4481408 0.8610565 0.2446182 0.4481408 0.8610565 0.2446182 0.4481408 0.8610565 0.2446182 0.4481408 0.8610565 0.2446182 0.4481408 -0.667319 0.07045027 0.7416827 -0.667319 0.07045027 0.7416827 -0.667319 0.07045027 0.7416827 -0.667319 0.07045027 0.7416827 -0.667319 0.07045027 0.7416827 -0.667319 0.07045027 0.7416827 -0.7455967 0.6594912 0.0998041 -0.7455967 0.6594912 0.0998041 -0.7455967 0.6594912 0.0998041 -0.7455967 0.6594912 0.0998041 -0.7455967 0.6594912 0.0998041 -0.7455967 0.6594912 0.0998041 0.806262 0.4168295 0.4207435 0.806262 0.4168295 0.4207435 0.806262 0.4168295 0.4207435 0.806262 0.4168295 0.4207435 0.806262 0.4168295 0.4207435 0.806262 0.4168295 0.4207435 0.2015653 0.2720156 0.9412913 0.2015653 0.2720156 0.9412913 0.2015653 0.2720156 0.9412913 0.2015653 0.2720156 0.9412913 0.2015653 0.2720156 0.9412913 0.2015653 0.2720156 0.9412913 -0.3953034 0.1232878 0.9099802 -0.3953034 0.1232878 0.9099802 -0.3953034 0.1232878 0.9099802 -0.3953034 0.1232878 0.9099802 -0.3953034 0.1232878 0.9099802 -0.3953034 0.1232878 0.9099802 -0.2035227 0.03131125 0.9784734 -0.2035227 0.03131125 0.9784734 -0.2035227 0.03131125 0.9784734 -0.2035227 0.03131125 0.9784734 -0.2035227 0.03131125 0.9784734 -0.2035227 0.03131125 0.9784734 0.1252444 0.09980431 0.9863011 0.1252444 0.09980431 0.9863011 0.1252444 0.09980431 0.9863011 0.1252444 0.09980431 0.9863011 0.1252444 0.09980431 0.9863011 0.1252444 0.09980431 0.9863011 -0.9706455 0.2211352 0.09393334 -0.9706455 0.2211352 0.09393334 -0.9706455 0.2211352 0.09393334 -0.9706455 0.2211352 0.09393334 -0.9706455 0.2211352 0.09393334 -0.9706455 0.2211352 0.09393334 0.516634 0.8551856 0.031311 0.516634 0.8551856 0.031311 0.516634 0.8551856 0.031311 0.516634 0.8551856 0.031311 0.516634 0.8551856 0.031311 0.516634 0.8551856 0.031311 0.1056749 0.07632096 0.9921719 0.1056749 0.07632096 0.9921719 0.1056749 0.07632096 0.9921719 0.1056749 0.07632096 0.9921719 0.1056749 0.07632096 0.9921719 0.1056749 0.07632096 0.9921719 0.02348316 0.1389433 0.990215 0.02348316 0.1389433 0.990215 0.02348316 0.1389433 0.990215 0.02348316 0.1389433 0.990215 0.02348316 0.1389433 0.990215 0.02348316 0.1389433 0.990215 0.03913873 0.09589044 0.9941289 0.03913873 0.09589044 0.9941289 0.03913873 0.09589044 0.9941289 0.03913873 0.09589044 0.9941289 0.03913873 0.09589044 0.9941289 0.03913873 0.09589044 0.9941289 0.5303324 0.1741682 0.8297454 0.5303324 0.1741682 0.8297454 0.5303324 0.1741682 0.8297454 0.5303324 0.1741682 0.8297454 0.5303324 0.1741682 0.8297454 0.5303324 0.1741682 0.8297454 -0.4735812 0.4677104 0.7455966 -0.4735812 0.4677104 0.7455966 -0.4735812 0.4677104 0.7455966 -0.4735812 0.4677104 0.7455966 -0.4735812 0.4677104 0.7455966 -0.4735812 0.4677104 0.7455966 -0.1819963 9.65222E-08 0.9823872 -0.1819963 9.65222E-08 0.9823872 -0.1819963 9.65222E-08 0.9823872 -0.1819963 9.65222E-08 0.9823872 -0.1819963 9.65222E-08 0.9823872 -0.1819963 9.65222E-08 0.9823872 -0.8493149 -0.4931504 -0.1898238 -0.8493149 -0.4931504 -0.1898238 -0.8493149 -0.4931504 -0.1898238 -0.8493149 -0.4931504 -0.1898238 -0.8493149 -0.4931504 -0.1898238 -0.8493149 -0.4931504 -0.1898238 -0.7084147 0.5048923 0.4931504 -0.7084147 0.5048923 0.4931504 -0.7084147 0.5048923 0.4931504 -0.7084147 0.5048923 0.4931504 -0.7084147 0.5048923 0.4931504 -0.7084147 0.5048923 0.4931504 0.03131136 0.3111545 -0.9491192 0.03131136 0.3111545 -0.9491192 0.03131136 0.3111545 -0.9491192 0.03131136 0.3111545 -0.9491192 0.03326831 0.3189822 -0.9471623 0.03326831 0.3189822 -0.9471623 0.03326831 0.3189822 -0.9471623 0.03326831 0.3189822 -0.9471623 0.007828004 0.2876711 -0.956947 0.007828004 0.2876711 -0.956947 0.007828004 0.2876711 -0.956947 -0.7260271 0.6555773 -0.2133074 -0.7260271 0.6555773 -0.2133074 -0.7260271 0.6555773 -0.2133074 -0.7260271 0.6555773 -0.2133074 -0.7201563 0.6594912 -0.2133074 -0.7201563 0.6594912 -0.2133074 -0.7201563 0.6594912 -0.2133074 -0.7201563 0.6594912 -0.2133074 -0.7455966 0.6360078 -0.2015657 -0.7455966 0.6360078 -0.2015657 -0.7455966 0.6360078 -0.2015657 -0.031311 0.8864968 -0.4598826 -0.031311 0.8864968 -0.4598826 -0.031311 0.8864968 -0.4598826 -0.031311 0.8864968 -0.4598826 -0.02935405 0.8904107 -0.4540118 -0.02935405 0.8904107 -0.4540118 -0.02935405 0.8904107 -0.4540118 -0.02935405 0.8904107 -0.4540118 -0.05283741 0.8747552 -0.4814091 -0.05283741 0.8747552 -0.4814091 -0.05283741 0.8747552 -0.4814091 0.1252447 0.9647747 -0.227006 0.1252447 0.9647747 -0.227006 0.1252447 0.9647747 -0.227006 0.1252447 0.9647747 -0.227006 0.1193739 0.9667317 -0.2230921 0.1193739 0.9667317 -0.2230921 0.1193739 0.9667317 -0.2230921 0.1193739 0.9667317 -0.2230921 0.1350294 0.9569469 -0.2583172 0.1350294 0.9569469 -0.2583172 0.1350294 0.9569469 -0.2583172 -0.2602737 0.514677 -0.8160469 -0.2602737 0.514677 -0.8160469 -0.2602737 0.514677 -0.8160469 -0.2602737 0.514677 -0.8160469 -0.2641876 0.5185909 -0.812133 -0.2641876 0.5185909 -0.812133 -0.2641876 0.5185909 -0.812133 -0.2641876 0.5185909 -0.812133 -0.250489 0.4892367 -0.8356164 -0.250489 0.4892367 -0.8356164 -0.250489 0.4892367 -0.8356164 0.02739706 0.1467711 0.988258 0.02739706 0.1467711 0.988258 0.02739706 0.1467711 0.988258 0.02739706 0.1467711 0.988258 0.0332679 0.150685 0.988258 0.0332679 0.150685 0.988258 0.0332679 0.150685 0.988258 0.0332679 0.150685 0.988258 0.00587064 0.1213308 0.9921719 0.00587064 0.1213308 0.9921719 0.00587064 0.1213308 0.9921719 -0.3776909 0.3033269 0.8747551 -0.3776909 0.3033269 0.8747551 -0.3776909 0.3033269 0.8747551 -0.3776909 0.3033269 0.8747551 -0.3698631 0.3033269 0.878669 -0.3698631 0.3033269 0.878669 -0.3698631 0.3033269 0.878669 -0.3698631 0.3033269 0.878669 -0.4050882 0.2857144 0.8688843 -0.4050882 0.2857144 0.8688843 -0.4050882 0.2857144 0.8688843 0.06457904 0.0821918 0.9941289 0.06457904 0.0821918 0.9941289 0.06457904 0.0821918 0.9941289 0.06457904 0.0821918 0.9941289 0.06457904 0.09001959 0.9941289 0.06457904 0.09001959 0.9941289 0.06457904 0.09001959 0.9941289 0.06457904 0.09001959 0.9941289 0.07827766 0.05283761 0.9960859 0.07827766 0.05283761 0.9960859 0.07827766 0.05283761 0.9960859 -0.8571426 0.187867 -0.479452 -0.8571426 0.187867 -0.479452 -0.8571426 0.187867 -0.479452 -0.8571426 0.187867 -0.479452 -0.8590995 0.1917809 -0.4735812 -0.8590995 0.1917809 -0.4735812 -0.8590995 0.1917809 -0.4735812 -0.8590995 0.1917809 -0.4735812 -0.8532287 0.1604698 -0.4970646 -0.8532287 0.1604698 -0.4970646 -0.8532287 0.1604698 -0.4970646 0.2250491 -0.1095891 -0.9686886 0.2250491 -0.1095891 -0.9686886 0.2250491 -0.1095891 -0.9686886 0.2250491 -0.1095891 -0.9686886 0.2211352 -0.1037183 -0.9706455 0.2211352 -0.1037183 -0.9706455 0.2211352 -0.1037183 -0.9706455 0.2211352 -0.1037183 -0.9706455 0.228963 -0.1409003 -0.9628178 0.228963 -0.1409003 -0.9628178 0.228963 -0.1409003 -0.9628178 -0.7475536 0.6438356 0.1682972 -0.7475536 0.6438356 0.1682972 -0.7475536 0.6438356 0.1682972 -0.7475536 0.6438356 0.1682972 -0.7416828 0.6477495 0.1702542 -0.7416828 0.6477495 0.1702542 -0.7416828 0.6477495 0.1702542 -0.7416828 0.6477495 0.1702542 -0.7651662 0.6203523 0.1702542 -0.7651662 0.6203523 0.1702542 -0.7651662 0.6203523 0.1702542 -0.8043051 -0.5831699 0.1213308 -0.8043051 -0.5831699 0.1213308 -0.8043051 -0.5831699 0.1213308 -0.8043051 -0.5831699 0.1213308 -0.8043051 -0.5792561 0.1291586 -0.8043051 -0.5792561 0.1291586 -0.8043051 -0.5792561 0.1291586 -0.8043051 -0.5792561 0.1291586 -0.7886496 -0.6066533 0.1037183 -0.7886496 -0.6066533 0.1037183 -0.7886496 -0.6066533 0.1037183 -0.7455968 -0.6653617 0.005870935 -0.7455968 -0.6653617 0.005870935 -0.7455968 -0.6653617 0.005870935 -0.7455968 -0.6653617 0.005870935 -0.7514676 -0.6594908 0.005870933 -0.7514676 -0.6594908 0.005870933 -0.7514676 -0.6594908 0.005870933 -0.7514676 -0.6594908 0.005870933 -0.7240703 -0.688845 0.01761262 -0.7240703 -0.688845 0.01761262 -0.7240703 -0.688845 0.01761262 -0.4246576 -0.6966729 0.5792564 -0.4246576 -0.6966729 0.5792564 -0.4246576 -0.6966729 0.5792564 -0.4246576 -0.6966729 0.5792564 -0.4285715 -0.690802 0.5831702 -0.4285715 -0.690802 0.5831702 -0.4285715 -0.690802 0.5831702 -0.4285715 -0.690802 0.5831702 -0.3972603 -0.7142854 0.5772994 -0.3972603 -0.7142854 0.5772994 -0.3972603 -0.7142854 0.5772994 -0.1056753 0.4187867 0.9021524 -0.1056753 0.4187867 0.9021524 -0.1056753 0.4187867 0.9021524 -0.1056753 0.4187867 0.9021524 -0.09980445 0.4207436 0.9021524 -0.09980445 0.4207436 0.9021524 -0.09980445 0.4207436 0.9021524 -0.09980445 0.4207436 0.9021524 -0.1252448 0.3933464 0.9119371 -0.1252448 0.3933464 0.9119371 -0.1252448 0.3933464 0.9119371 0.6223091 -0.7455968 -0.2426612 0.6223091 -0.7455968 -0.2426612 0.6223091 -0.7455968 -0.2426612 0.6223091 -0.7455968 -0.2426612 0.6281798 -0.7397259 -0.2407043 0.6281798 -0.7397259 -0.2407043 0.6281798 -0.7397259 -0.2407043 0.6281798 -0.7397259 -0.2407043 0.5988257 -0.7573385 -0.2622307 0.5988257 -0.7573385 -0.2622307 0.5988257 -0.7573385 -0.2622307 -0.6829746 -0.1115458 0.7221133 -0.6829746 -0.1115458 0.7221133 -0.6829746 -0.1115458 0.7221133 -0.6829746 -0.1115458 0.7221133 -0.6790606 -0.1056749 0.7260271 -0.6790606 -0.1056749 0.7260271 -0.6790606 -0.1056749 0.7260271 -0.6790606 -0.1056749 0.7260271 -0.6908023 -0.1409 0.7084146 -0.6908023 -0.1409 0.7084146 -0.6908023 -0.1409 0.7084146 -0.6007826 -0.6536201 -0.4579254 -0.6007826 -0.6536201 -0.4579254 -0.6007826 -0.6536201 -0.4579254 -0.6007826 -0.6536201 -0.4579254 -0.6066535 -0.6516631 -0.4540115 -0.6066535 -0.6516631 -0.4540115 -0.6066535 -0.6516631 -0.4540115 -0.6066535 -0.6516631 -0.4540115 -0.5753423 -0.6731895 -0.4637962 -0.5753423 -0.6731895 -0.4637962 -0.5753423 -0.6731895 -0.4637962 0.7827787 -0.4677104 -0.4109587 0.7827787 -0.4677104 -0.4109587 0.7827787 -0.4677104 -0.4109587 0.7827787 -0.4677104 -0.4109587 0.7886496 -0.4618396 -0.4070448 0.7886496 -0.4618396 -0.4070448 0.7886496 -0.4618396 -0.4070448 0.7886496 -0.4618396 -0.4070448 0.7632093 -0.4774952 -0.434442 0.7632093 -0.4774952 -0.434442 0.7632093 -0.4774952 -0.434442 -0.1174166 -0.07240707 -0.990215 -0.1174166 -0.07240707 -0.990215 -0.1174166 -0.07240707 -0.990215 -0.1174166 -0.07240707 -0.990215 -0.1154597 -0.06457928 -0.990215 -0.1154597 -0.06457928 -0.990215 -0.1154597 -0.06457928 -0.990215 -0.1154597 -0.06457928 -0.990215 -0.1350291 -0.09980431 -0.9863011 -0.1350291 -0.09980431 -0.9863011 -0.1350291 -0.09980431 -0.9863011 -0.1232875 -0.3150684 -0.9412913 -0.1232875 -0.3150684 -0.9412913 -0.1232875 -0.3150684 -0.9412913 -0.1232875 -0.3150684 -0.9412913 -0.1311153 -0.3150684 -0.9393343 -0.1311153 -0.3150684 -0.9393343 -0.1311153 -0.3150684 -0.9393343 -0.1311153 -0.3150684 -0.9393343 -0.09784716 -0.3365948 -0.9373774 -0.09784716 -0.3365948 -0.9373774 -0.09784716 -0.3365948 -0.9373774 -0.9628178 -0.2328765 -0.1428571 -0.9628178 -0.2328765 -0.1428571 -0.9628178 -0.2328765 -0.1428571 -0.9628178 -0.2328765 -0.1428571 -0.9647747 -0.2270056 -0.1369863 -0.9647747 -0.2270056 -0.1369863 -0.9647747 -0.2270056 -0.1369863 -0.9647747 -0.2270056 -0.1369863 -0.953033 -0.2622307 -0.1545988 -0.953033 -0.2622307 -0.1545988 -0.953033 -0.2622307 -0.1545988 -0.213307 -0.2876712 -0.9334635 -0.213307 -0.2876712 -0.9334635 -0.213307 -0.2876712 -0.9334635 -0.213307 -0.2876712 -0.9334635 -0.2172209 -0.2818003 -0.9354205 -0.2172209 -0.2818003 -0.9354205 -0.2172209 -0.2818003 -0.9354205 -0.2172209 -0.2818003 -0.9354205 -0.213307 -0.3189823 -0.9236788 -0.213307 -0.3189823 -0.9236788 -0.213307 -0.3189823 -0.9236788 0.4716243 -0.3679061 -0.8003911 0.4716243 -0.3679061 -0.8003911 0.4716243 -0.3679061 -0.8003911 0.4716243 -0.3679061 -0.8003911 0.4696673 -0.3620353 -0.804305 0.4696673 -0.3620353 -0.804305 0.4696673 -0.3620353 -0.804305 0.4696673 -0.3620353 -0.804305 0.4696673 -0.3972603 -0.7886494 0.4696673 -0.3972603 -0.7886494 0.4696673 -0.3972603 -0.7886494 -0.03522483 0.3013698 -0.9530331 -0.03522483 0.3013698 -0.9530331 -0.03522483 0.3013698 -0.9530331 -0.03522483 0.3013698 -0.9530331 -0.03522483 0.3091975 -0.9510761 -0.03522483 0.3091975 -0.9510761 -0.03522483 0.3091975 -0.9510761 -0.03522483 0.3091975 -0.9510761 -0.0508804 0.2739725 -0.9608608 -0.0508804 0.2739725 -0.9608608 -0.0508804 0.2739725 -0.9608608 -0.1839528 0.2152641 -0.9589039 -0.1839528 0.2152641 -0.9589039 -0.1839528 0.2152641 -0.9589039 -0.1839528 0.2152641 -0.9589039 -0.1898236 0.219178 -0.956947 -0.1898236 0.219178 -0.956947 -0.1898236 0.219178 -0.956947 -0.1898236 0.219178 -0.956947 -0.1663403 0.1878669 -0.9686887 -0.1663403 0.1878669 -0.9686887 -0.1663403 0.1878669 -0.9686887 -0.03522483 0.144814 -0.9882581 -0.03522483 0.144814 -0.9882581 -0.03522483 0.144814 -0.9882581 -0.03522483 0.144814 -0.9882581 -0.04305261 0.1487279 -0.9882581 -0.04305261 0.1487279 -0.9882581 -0.04305261 0.1487279 -0.9882581 -0.04305261 0.1487279 -0.9882581 -0.01956925 0.1154598 -0.9921719 -0.01956925 0.1154598 -0.9921719 -0.01956925 0.1154598 -0.9921719</float_array>
          <technique_common>
            <accessor source="#L02_011_1__mShadowShake-normal-array" count="524" stride="3">
              <param name="X" type="float" />
              <param name="Y" type="float" />
              <param name="Z" type="float" />
            </accessor>
          </technique_common>
        </source>
        <source id="L02_011_1__mShadowShake-color">
          <float_array id="L02_011_1__mShadowShake-color-array" count="2096">-8.296875 21.59375 0.5 1 -8.296875 21.59375 0.5 1 -8.296875 21.59375 0.5 1 -8.296875 21.59375 0.5 1 -8.296875 21.59375 0.5 1 -8.296875 21.59375 0.5 1 -1.799805 25.6875 -8.296875 1 -1.799805 25.6875 -8.296875 1 -1.799805 25.6875 -8.296875 1 -1.799805 25.6875 -8.296875 1 -1.799805 25.6875 -8.296875 1 -1.799805 25.6875 -8.296875 1 3.398438 24.09375 -7.796875 1 3.398438 24.09375 -7.796875 1 3.398438 24.09375 -7.796875 1 3.398438 24.09375 -7.796875 1 3.398438 24.09375 -7.796875 1 3.398438 24.09375 -7.796875 1 -3.298828 29.79688 -2.199219 1 -3.298828 29.79688 -2.199219 1 -3.298828 29.79688 -2.199219 1 -3.298828 29.79688 -2.199219 1 -3.298828 29.79688 -2.199219 1 -3.298828 29.79688 -2.199219 1 0.1999512 30.59375 -4.597656 1 0.1999512 30.59375 -4.597656 1 0.1999512 30.59375 -4.597656 1 0.1999512 30.59375 -4.597656 1 0.1999512 30.59375 -4.597656 1 0.1999512 30.59375 -4.597656 1 -2.5 30.09375 -3.898438 1 -2.5 30.09375 -3.898438 1 -2.5 30.09375 -3.898438 1 -2.5 30.09375 -3.898438 1 -2.5 30.09375 -3.898438 1 -2.5 30.09375 -3.898438 1 8.5 22.09375 1.599609 1 8.5 22.09375 1.599609 1 8.5 22.09375 1.599609 1 8.5 22.09375 1.599609 1 8.5 22.09375 1.599609 1 8.5 22.09375 1.599609 1 -8.398438 21.09375 -1.799805 1 -8.398438 21.09375 -1.799805 1 -8.398438 21.09375 -1.799805 1 -8.398438 21.09375 -1.799805 1 -8.398438 21.09375 -1.799805 1 -8.398438 21.09375 -1.799805 1 3.798828 15.09375 -8.195313 1 3.798828 15.09375 -8.195313 1 3.798828 15.09375 -8.195313 1 3.798828 15.09375 -8.195313 1 3.798828 15.09375 -8.195313 1 3.798828 15.09375 -8.195313 1 -10.09375 15.69531 -5.097656 1 -10.09375 15.69531 -5.097656 1 -10.09375 15.69531 -5.097656 1 -10.09375 15.69531 -5.097656 1 -10.09375 15.69531 -5.097656 1 -10.09375 15.69531 -5.097656 1 -5.796875 15.09375 -8.59375 1 -5.796875 15.09375 -8.59375 1 -5.796875 15.09375 -8.59375 1 -5.796875 15.09375 -8.59375 1 -5.796875 15.09375 -8.59375 1 -5.796875 15.09375 -8.59375 1 -10.09375 15.69531 -5.097656 1 -10.09375 15.69531 -5.097656 1 -10.09375 15.69531 -5.097656 1 -10.09375 15.69531 -5.097656 1 -10.09375 15.69531 -5.097656 1 -10.09375 15.69531 -5.097656 1 -10.39844 17.1875 -2.798828 1 -10.39844 17.1875 -2.798828 1 -10.39844 17.1875 -2.798828 1 -10.39844 17.1875 -2.798828 1 -10.39844 17.1875 -2.798828 1 -10.39844 17.1875 -2.798828 1 10.89844 18.09375 -3 1 10.89844 18.09375 -3 1 10.89844 18.09375 -3 1 10.89844 18.09375 -3 1 10.89844 18.09375 -3 1 10.89844 18.09375 -3 1 9 16.5 -6.398438 1 9 16.5 -6.398438 1 9 16.5 -6.398438 1 9 16.5 -6.398438 1 9 16.5 -6.398438 1 9 16.5 -6.398438 1 0.09997559 28 0.5 1 0.09997559 28 0.5 1 0.09997559 28 0.5 1 0.09997559 28 0.5 1 0.09997559 28 0.5 1 0.09997559 28 0.5 1 -5.898438 25.89063 -1.5 1 -5.898438 25.89063 -1.5 1 -5.898438 25.89063 -1.5 1 -5.898438 25.89063 -1.5 1 -5.898438 25.89063 -1.5 1 -5.898438 25.89063 -1.5 1 4 28.6875 -3.099609 1 4 28.6875 -3.099609 1 4 28.6875 -3.099609 1 4 28.6875 -3.099609 1 4 28.6875 -3.099609 1 5.699219 13.79688 4 1 5.699219 13.79688 4 1 5.699219 13.79688 4 1 5.699219 13.79688 4 1 5.699219 13.79688 4 1 5.699219 13.79688 4 1 -8.59375 17.1875 4.296875 1 -8.59375 17.1875 4.296875 1 -8.59375 17.1875 4.296875 1 -8.59375 17.1875 4.296875 1 -8.59375 17.1875 4.296875 1 -8.59375 17.1875 4.296875 1 11 17.59375 2.599609 1 11 17.59375 2.599609 1 11 17.59375 2.599609 1 11 17.59375 2.599609 1 11 17.59375 2.599609 1 11 17.59375 2.599609 1 -10.29688 16.1875 2.599609 1 -10.29688 16.1875 2.599609 1 -10.29688 16.1875 2.599609 1 -10.29688 16.1875 2.599609 1 -10.29688 16.1875 2.599609 1 -10.29688 16.1875 2.599609 1 -9.695313 19.6875 0.2998047 1 -9.695313 19.6875 0.2998047 1 -9.695313 19.6875 0.2998047 1 -9.695313 19.6875 0.2998047 1 -9.695313 19.6875 0.2998047 1 -9.695313 19.6875 0.2998047 1 6 27.5 -2 1 6 27.5 -2 1 6 27.5 -2 1 6 27.5 -2 1 6 27.5 -2 1 6 27.5 -2 1 8.695313 16.79688 4.5 1 8.695313 16.79688 4.5 1 8.695313 16.79688 4.5 1 8.695313 16.79688 4.5 1 8.695313 16.79688 4.5 1 8.695313 16.79688 4.5 1 -8.5 14.69531 4.597656 1 -8.5 14.69531 4.597656 1 -8.5 14.69531 4.597656 1 -8.5 14.69531 4.597656 1 -8.5 14.69531 4.597656 1 -8.5 14.69531 4.597656 1 3.898438 15 4.699219 1 3.898438 15 4.699219 1 3.898438 15 4.699219 1 3.898438 15 4.699219 1 3.898438 15 4.699219 1 3.898438 15 4.699219 1 -3.898438 14.89844 4.699219 1 -3.898438 14.89844 4.699219 1 -3.898438 14.89844 4.699219 1 -3.898438 14.89844 4.699219 1 -3.898438 14.89844 4.699219 1 -3.898438 14.89844 4.699219 1 -11 17 0.2998047 1 -11 17 0.2998047 1 -11 17 0.2998047 1 -11 17 0.2998047 1 -11 17 0.2998047 1 -11 17 0.2998047 1 9.898438 20.79688 -0.2998047 1 9.898438 20.79688 -0.2998047 1 9.898438 20.79688 -0.2998047 1 9.898438 20.79688 -0.2998047 1 9.898438 20.79688 -0.2998047 1 9.898438 20.79688 -0.2998047 1 6.699219 14.59375 4.796875 1 6.699219 14.59375 4.796875 1 6.699219 14.59375 4.796875 1 6.699219 14.59375 4.796875 1 6.699219 14.59375 4.796875 1 6.699219 14.59375 4.796875 1 -6.097656 15.09375 5.199219 1 -6.097656 15.09375 5.199219 1 -6.097656 15.09375 5.199219 1 -6.097656 15.09375 5.199219 1 -6.097656 15.09375 5.199219 1 -6.097656 15.09375 5.199219 1 4.5 14.5 2 1 4.5 14.5 2 1 4.5 14.5 2 1 4.5 14.5 2 1 4.5 14.5 2 1 4.5 14.5 2 1 -1.099609 15.39844 3.898438 1 -1.099609 15.39844 3.898438 1 -1.099609 15.39844 3.898438 1 -1.099609 15.39844 3.898438 1 -1.099609 15.39844 3.898438 1 -1.099609 15.39844 3.898438 1 1.899414 18.79688 4.199219 1 1.899414 18.79688 4.199219 1 1.899414 18.79688 4.199219 1 1.899414 18.79688 4.199219 1 1.899414 18.79688 4.199219 1 1.899414 18.79688 4.199219 1 2.599609 14.19531 3.699219 1 2.599609 14.19531 3.699219 1 2.599609 14.19531 3.699219 1 2.599609 14.19531 3.699219 1 2.599609 14.19531 3.699219 1 2.599609 14.19531 3.699219 1 11.39844 18.59375 0.2998047 1 11.39844 18.59375 0.2998047 1 11.39844 18.59375 0.2998047 1 11.39844 18.59375 0.2998047 1 11.39844 18.59375 0.2998047 1 11.39844 18.59375 0.2998047 1 -9.898438 19.29688 1.699219 1 -9.898438 19.29688 1.699219 1 -9.898438 19.29688 1.699219 1 -9.898438 19.29688 1.699219 1 -9.898438 19.29688 1.699219 1 -9.898438 19.29688 1.699219 1 -5.796875 15.09375 -8.59375 1 -5.796875 15.09375 -8.59375 1 -5.796875 15.09375 -8.59375 1 -5.796875 15.09375 -8.59375 1 -5.796875 15.09375 -8.59375 1 -5.796875 15.09375 -8.59375 1 -5.796875 15.09375 -8.59375 1 -5.796875 15.09375 -8.59375 1 -5.796875 15.09375 -8.59375 1 -5.796875 15.09375 -8.59375 1 -5.796875 15.09375 -8.59375 1 -10.09375 15.69531 -5.097656 1 -10.09375 15.69531 -5.097656 1 -10.09375 15.69531 -5.097656 1 -10.09375 15.69531 -5.097656 1 -10.09375 15.69531 -5.097656 1 -10.09375 15.69531 -5.097656 1 -10.09375 15.69531 -5.097656 1 -10.09375 15.69531 -5.097656 1 -10.09375 15.69531 -5.097656 1 -10.09375 15.69531 -5.097656 1 -10.09375 15.69531 -5.097656 1 0.1999512 30.59375 -4.597656 1 0.1999512 30.59375 -4.597656 1 0.1999512 30.59375 -4.597656 1 0.1999512 30.59375 -4.597656 1 0.1999512 30.59375 -4.597656 1 0.1999512 30.59375 -4.597656 1 0.1999512 30.59375 -4.597656 1 0.1999512 30.59375 -4.597656 1 0.1999512 30.59375 -4.597656 1 0.1999512 30.59375 -4.597656 1 0.1999512 30.59375 -4.597656 1 0.1999512 30.59375 -4.597656 1 0.1999512 30.59375 -4.597656 1 0.1999512 30.59375 -4.597656 1 0.1999512 30.59375 -4.597656 1 0.1999512 30.59375 -4.597656 1 0.1999512 30.59375 -4.597656 1 0.1999512 30.59375 -4.597656 1 0.1999512 30.59375 -4.597656 1 0.1999512 30.59375 -4.597656 1 0.1999512 30.59375 -4.597656 1 0.1999512 30.59375 -4.597656 1 -1.799805 25.6875 -8.296875 1 -1.799805 25.6875 -8.296875 1 -1.799805 25.6875 -8.296875 1 -1.799805 25.6875 -8.296875 1 -1.799805 25.6875 -8.296875 1 -1.799805 25.6875 -8.296875 1 -1.799805 25.6875 -8.296875 1 -1.799805 25.6875 -8.296875 1 -1.799805 25.6875 -8.296875 1 -1.799805 25.6875 -8.296875 1 -1.799805 25.6875 -8.296875 1 -6.097656 15.09375 5.199219 1 -6.097656 15.09375 5.199219 1 -6.097656 15.09375 5.199219 1 -6.097656 15.09375 5.199219 1 -6.097656 15.09375 5.199219 1 -6.097656 15.09375 5.199219 1 -6.097656 15.09375 5.199219 1 -6.097656 15.09375 5.199219 1 -6.097656 15.09375 5.199219 1 -6.097656 15.09375 5.199219 1 -6.097656 15.09375 5.199219 1 -8.59375 17.1875 4.296875 1 -8.59375 17.1875 4.296875 1 -8.59375 17.1875 4.296875 1 -8.59375 17.1875 4.296875 1 -8.59375 17.1875 4.296875 1 -8.59375 17.1875 4.296875 1 -8.59375 17.1875 4.296875 1 -8.59375 17.1875 4.296875 1 -8.59375 17.1875 4.296875 1 -8.59375 17.1875 4.296875 1 -8.59375 17.1875 4.296875 1 -6.097656 15.09375 5.199219 1 -6.097656 15.09375 5.199219 1 -6.097656 15.09375 5.199219 1 -6.097656 15.09375 5.199219 1 -6.097656 15.09375 5.199219 1 -6.097656 15.09375 5.199219 1 -6.097656 15.09375 5.199219 1 -6.097656 15.09375 5.199219 1 -6.097656 15.09375 5.199219 1 -6.097656 15.09375 5.199219 1 -6.097656 15.09375 5.199219 1 -10.09375 15.69531 -5.097656 1 -10.09375 15.69531 -5.097656 1 -10.09375 15.69531 -5.097656 1 -10.09375 15.69531 -5.097656 1 -10.09375 15.69531 -5.097656 1 -10.09375 15.69531 -5.097656 1 -10.09375 15.69531 -5.097656 1 -10.09375 15.69531 -5.097656 1 -10.09375 15.69531 -5.097656 1 -10.09375 15.69531 -5.097656 1 -10.09375 15.69531 -5.097656 1 3.898438 15 4.699219 1 3.898438 15 4.699219 1 3.898438 15 4.699219 1 3.898438 15 4.699219 1 3.898438 15 4.699219 1 3.898438 15 4.699219 1 3.898438 15 4.699219 1 3.898438 15 4.699219 1 3.898438 15 4.699219 1 3.898438 15 4.699219 1 3.898438 15 4.699219 1 -10.39844 17.1875 -2.798828 1 -10.39844 17.1875 -2.798828 1 -10.39844 17.1875 -2.798828 1 -10.39844 17.1875 -2.798828 1 -10.39844 17.1875 -2.798828 1 -10.39844 17.1875 -2.798828 1 -10.39844 17.1875 -2.798828 1 -10.39844 17.1875 -2.798828 1 -10.39844 17.1875 -2.798828 1 -10.39844 17.1875 -2.798828 1 -10.39844 17.1875 -2.798828 1 10.89844 18.09375 -3 1 10.89844 18.09375 -3 1 10.89844 18.09375 -3 1 10.89844 18.09375 -3 1 10.89844 18.09375 -3 1 10.89844 18.09375 -3 1 10.89844 18.09375 -3 1 10.89844 18.09375 -3 1 10.89844 18.09375 -3 1 10.89844 18.09375 -3 1 10.89844 18.09375 -3 1 10.89844 18.09375 -3 1 10.89844 18.09375 -3 1 10.89844 18.09375 -3 1 10.89844 18.09375 -3 1 10.89844 18.09375 -3 1 10.89844 18.09375 -3 1 10.89844 18.09375 -3 1 10.89844 18.09375 -3 1 10.89844 18.09375 -3 1 10.89844 18.09375 -3 1 10.89844 18.09375 -3 1 9 16.5 -6.398438 1 9 16.5 -6.398438 1 9 16.5 -6.398438 1 9 16.5 -6.398438 1 9 16.5 -6.398438 1 9 16.5 -6.398438 1 9 16.5 -6.398438 1 9 16.5 -6.398438 1 9 16.5 -6.398438 1 9 16.5 -6.398438 1 9 16.5 -6.398438 1 0.09997559 28 0.5 1 0.09997559 28 0.5 1 0.09997559 28 0.5 1 0.09997559 28 0.5 1 0.09997559 28 0.5 1 0.09997559 28 0.5 1 0.09997559 28 0.5 1 0.09997559 28 0.5 1 0.09997559 28 0.5 1 0.09997559 28 0.5 1 0.09997559 28 0.5 1 -8.296875 21.59375 0.5 1 -8.296875 21.59375 0.5 1 -8.296875 21.59375 0.5 1 -8.296875 21.59375 0.5 1 -8.296875 21.59375 0.5 1 -8.296875 21.59375 0.5 1 -8.296875 21.59375 0.5 1 -8.296875 21.59375 0.5 1 -8.296875 21.59375 0.5 1 -8.296875 21.59375 0.5 1 -8.296875 21.59375 0.5 1 -10.29688 16.1875 2.599609 1 -10.29688 16.1875 2.599609 1 -10.29688 16.1875 2.599609 1 -10.29688 16.1875 2.599609 1 -10.29688 16.1875 2.599609 1 -10.29688 16.1875 2.599609 1 -10.29688 16.1875 2.599609 1 -10.29688 16.1875 2.599609 1 -10.29688 16.1875 2.599609 1 -10.29688 16.1875 2.599609 1 -10.29688 16.1875 2.599609 1 8.5 22.09375 1.599609 1 8.5 22.09375 1.599609 1 8.5 22.09375 1.599609 1 8.5 22.09375 1.599609 1 8.5 22.09375 1.599609 1 8.5 22.09375 1.599609 1 8.5 22.09375 1.599609 1 8.5 22.09375 1.599609 1 8.5 22.09375 1.599609 1 8.5 22.09375 1.599609 1 8.5 22.09375 1.599609 1 -9.898438 19.29688 1.699219 1 -9.898438 19.29688 1.699219 1 -9.898438 19.29688 1.699219 1 -9.898438 19.29688 1.699219 1 -9.898438 19.29688 1.699219 1 -9.898438 19.29688 1.699219 1 -9.898438 19.29688 1.699219 1 -9.898438 19.29688 1.699219 1 -9.898438 19.29688 1.699219 1 -9.898438 19.29688 1.699219 1 -9.898438 19.29688 1.699219 1 6.699219 14.59375 4.796875 1 6.699219 14.59375 4.796875 1 6.699219 14.59375 4.796875 1 6.699219 14.59375 4.796875 1 6.699219 14.59375 4.796875 1 6.699219 14.59375 4.796875 1 6.699219 14.59375 4.796875 1 6.699219 14.59375 4.796875 1 6.699219 14.59375 4.796875 1 6.699219 14.59375 4.796875 1 6.699219 14.59375 4.796875 1 8.695313 16.79688 4.5 1 8.695313 16.79688 4.5 1 8.695313 16.79688 4.5 1 8.695313 16.79688 4.5 1 8.695313 16.79688 4.5 1 8.695313 16.79688 4.5 1 8.695313 16.79688 4.5 1 8.695313 16.79688 4.5 1 8.695313 16.79688 4.5 1 8.695313 16.79688 4.5 1 8.695313 16.79688 4.5 1 11.39844 18.59375 0.2998047 1 11.39844 18.59375 0.2998047 1 11.39844 18.59375 0.2998047 1 11.39844 18.59375 0.2998047 1 11.39844 18.59375 0.2998047 1 11.39844 18.59375 0.2998047 1 11.39844 18.59375 0.2998047 1 11.39844 18.59375 0.2998047 1 11.39844 18.59375 0.2998047 1 11.39844 18.59375 0.2998047 1 11.39844 18.59375 0.2998047 1 8.695313 16.79688 4.5 1 8.695313 16.79688 4.5 1 8.695313 16.79688 4.5 1 8.695313 16.79688 4.5 1 8.695313 16.79688 4.5 1 8.695313 16.79688 4.5 1 8.695313 16.79688 4.5 1 8.695313 16.79688 4.5 1 8.695313 16.79688 4.5 1 8.695313 16.79688 4.5 1 8.695313 16.79688 4.5 1 1.899414 18.79688 4.199219 1 1.899414 18.79688 4.199219 1 1.899414 18.79688 4.199219 1 1.899414 18.79688 4.199219 1 1.899414 18.79688 4.199219 1 1.899414 18.79688 4.199219 1 1.899414 18.79688 4.199219 1 1.899414 18.79688 4.199219 1 1.899414 18.79688 4.199219 1 1.899414 18.79688 4.199219 1 1.899414 18.79688 4.199219 1 3.798828 15.09375 -8.195313 1 3.798828 15.09375 -8.195313 1 3.798828 15.09375 -8.195313 1 3.798828 15.09375 -8.195313 1 3.798828 15.09375 -8.195313 1 3.798828 15.09375 -8.195313 1 3.798828 15.09375 -8.195313 1 3.798828 15.09375 -8.195313 1 3.798828 15.09375 -8.195313 1 3.798828 15.09375 -8.195313 1 3.798828 15.09375 -8.195313 1 3.798828 15.09375 -8.195313 1 3.798828 15.09375 -8.195313 1 3.798828 15.09375 -8.195313 1 3.798828 15.09375 -8.195313 1 3.798828 15.09375 -8.195313 1 3.798828 15.09375 -8.195313 1 3.798828 15.09375 -8.195313 1 3.798828 15.09375 -8.195313 1 3.798828 15.09375 -8.195313 1 3.798828 15.09375 -8.195313 1 3.798828 15.09375 -8.195313 1 -5.796875 15.09375 -8.59375 1 -5.796875 15.09375 -8.59375 1 -5.796875 15.09375 -8.59375 1 -5.796875 15.09375 -8.59375 1 -5.796875 15.09375 -8.59375 1 -5.796875 15.09375 -8.59375 1 -5.796875 15.09375 -8.59375 1 -5.796875 15.09375 -8.59375 1 -5.796875 15.09375 -8.59375 1 -5.796875 15.09375 -8.59375 1 -5.796875 15.09375 -8.59375 1</float_array>
          <technique_common>
            <accessor source="#L02_011_1__mShadowShake-color-array" count="524" stride="4">
              <param name="R" type="float" />
              <param name="G" type="float" />
              <param name="B" type="float" />
              <param name="A" type="float" />
            </accessor>
          </technique_common>
        </source>
        <vertices id="L02_011_1__mShadowShake-vertex">
          <input semantic="POSITION" source="#L02_011_1__mShadowShake-position" />
        </vertices>
        <triangles material="mShadowShake" count="286">
          <input semantic="VERTEX" source="#L02_011_1__mShadowShake-vertex" offset="0" />
          <input semantic="NORMAL" source="#L02_011_1__mShadowShake-normal" offset="1" />
          <input semantic="COLOR" source="#L02_011_1__mShadowShake-color" offset="2" set="0" />
          <p>0 0 0 1 1 1 2 2 2 1 1 1 3 3 3 2 2 2 4 4 4 1 1 1 5 5 5 1 1 1 0 0 0 5 5 5 6 6 6 7 7 7 8 8 8 7 7 7 9 9 9 8 8 8 10 10 10 7 7 7 11 11 11 7 7 7 6 6 6 11 11 11 12 12 12 13 13 13 14 14 14 13 13 13 15 15 15 14 14 14 16 16 16 13 13 13 17 17 17 13 13 13 12 12 12 17 17 17 18 18 18 19 19 19 20 20 20 19 19 19 21 21 21 20 20 20 22 22 22 19 19 19 23 23 23 19 19 19 18 18 18 23 23 23 24 24 24 25 25 25 26 26 26 25 25 25 27 27 27 26 26 26 28 28 28 25 25 25 29 29 29 25 25 25 24 24 24 29 29 29 30 30 30 31 31 31 32 32 32 31 31 31 33 33 33 32 32 32 34 34 34 31 31 31 35 35 35 31 31 31 30 30 30 35 35 35 36 36 36 37 37 37 38 38 38 37 37 37 39 39 39 38 38 38 40 40 40 41 41 41 38 38 38 41 41 41 36 36 36 38 38 38 42 42 42 43 43 43 44 44 44 43 43 43 45 45 45 44 44 44 46 46 46 43 43 43 47 47 47 43 43 43 42 42 42 47 47 47 48 48 48 49 49 49 50 50 50 49 49 49 51 51 51 50 50 50 52 52 52 53 53 53 50 50 50 53 53 53 48 48 48 50 50 50 54 54 54 55 55 55 56 56 56 55 55 55 57 57 57 56 56 56 58 58 58 55 55 55 59 59 59 55 55 55 54 54 54 59 59 59 60 60 60 61 61 61 62 62 62 61 61 61 63 63 63 62 62 62 64 64 64 65 65 65 62 62 62 65 65 65 60 60 60 62 62 62 66 66 66 67 67 67 68 68 68 67 67 67 69 69 69 68 68 68 70 70 70 67 67 67 71 71 71 67 67 67 66 66 66 71 71 71 72 72 72 73 73 73 74 74 74 73 73 73 75 75 75 74 74 74 76 76 76 73 73 73 77 77 77 73 73 73 72 72 72 77 77 77 78 78 78 79 79 79 80 80 80 79 79 79 81 81 81 80 80 80 82 82 82 83 83 83 80 80 80 83 83 83 78 78 78 80 80 80 84 84 84 85 85 85 86 86 86 85 85 85 87 87 87 86 86 86 88 88 88 89 89 89 86 86 86 89 89 89 84 84 84 86 86 86 90 90 90 91 91 91 92 92 92 91 91 91 93 93 93 92 92 92 94 94 94 91 91 91 95 95 95 91 91 91 90 90 90 95 95 95 96 96 96 97 97 97 98 98 98 97 97 97 99 99 99 98 98 98 100 100 100 97 97 97 101 101 101 97 97 97 96 96 96 101 101 101 102 102 102 103 103 103 104 104 104 103 103 103 105 105 105 104 104 104 104 104 104 105 105 105 106 106 106 107 107 107 108 108 108 109 109 109 108 108 108 110 110 110 109 109 109 111 111 111 112 112 112 109 109 109 112 112 112 107 107 107 109 109 109 113 113 113 114 114 114 115 115 115 114 114 114 116 116 116 115 115 115 117 117 117 114 114 114 118 118 118 114 114 114 113 113 113 118 118 118 119 119 119 120 120 120 121 121 121 120 120 120 122 122 122 121 121 121 123 123 123 124 124 124 121 121 121 124 124 124 119 119 119 121 121 121 125 125 125 126 126 126 127 127 127 126 126 126 128 128 128 127 127 127 129 129 129 126 126 126 130 130 130 126 126 126 125 125 125 130 130 130 131 131 131 132 132 132 133 133 133 132 132 132 134 134 134 133 133 133 135 135 135 132 132 132 136 136 136 132 132 132 131 131 131 136 136 136 137 137 137 138 138 138 139 139 139 138 138 138 140 140 140 139 139 139 141 141 141 138 138 138 142 142 142 138 138 138 137 137 137 142 142 142 143 143 143 144 144 144 145 145 145 144 144 144 146 146 146 145 145 145 147 147 147 148 148 148 145 145 145 148 148 148 143 143 143 145 145 145 149 149 149 150 150 150 151 151 151 150 150 150 152 152 152 151 151 151 153 153 153 150 150 150 154 154 154 150 150 150 149 149 149 154 154 154 155 155 155 156 156 156 157 157 157 156 156 156 158 158 158 157 157 157 159 159 159 160 160 160 157 157 157 160 160 160 155 155 155 157 157 157 161 161 161 162 162 162 163 163 163 162 162 162 164 164 164 163 163 163 165 165 165 162 162 162 166 166 166 162 162 162 161 161 161 166 166 166 167 167 167 168 168 168 169 169 169 168 168 168 170 170 170 169 169 169 171 171 171 172 172 172 169 169 169 172 172 172 167 167 167 169 169 169 173 173 173 174 174 174 175 175 175 174 174 174 176 176 176 175 175 175 177 177 177 174 174 174 178 178 178 174 174 174 173 173 173 178 178 178 179 179 179 180 180 180 181 181 181 180 180 180 182 182 182 181 181 181 183 183 183 184 184 184 181 181 181 184 184 184 179 179 179 181 181 181 185 185 185 186 186 186 187 187 187 186 186 186 188 188 188 187 187 187 189 189 189 186 186 186 190 190 190 186 186 186 185 185 185 190 190 190 191 191 191 192 192 192 193 193 193 192 192 192 194 194 194 193 193 193 195 195 195 196 196 196 193 193 193 196 196 196 191 191 191 193 193 193 197 197 197 198 198 198 199 199 199 198 198 198 200 200 200 199 199 199 201 201 201 198 198 198 202 202 202 198 198 198 197 197 197 202 202 202 203 203 203 204 204 204 205 205 205 204 204 204 206 206 206 205 205 205 207 207 207 208 208 208 205 205 205 208 208 208 203 203 203 205 205 205 209 209 209 210 210 210 211 211 211 210 210 210 212 212 212 211 211 211 213 213 213 214 214 214 211 211 211 214 214 214 209 209 209 211 211 211 215 215 215 216 216 216 217 217 217 216 216 216 218 218 218 217 217 217 219 219 219 220 220 220 217 217 217 220 220 220 215 215 215 217 217 217 221 221 221 222 222 222 223 223 223 222 222 222 224 224 224 223 223 223 225 225 225 222 222 222 226 226 226 222 222 222 221 221 221 226 226 226 227 227 227 228 228 228 229 229 229 228 228 228 230 230 230 229 229 229 231 231 231 232 232 232 233 233 233 232 232 232 234 234 234 233 233 233 235 235 235 236 236 236 237 237 237 238 238 238 239 239 239 240 240 240 239 239 239 241 241 241 240 240 240 242 242 242 243 243 243 244 244 244 243 243 243 245 245 245 244 244 244 246 246 246 247 247 247 248 248 248 249 249 249 250 250 250 251 251 251 250 250 250 252 252 252 251 251 251 253 253 253 254 254 254 255 255 255 254 254 254 256 256 256 255 255 255 257 257 257 258 258 258 259 259 259 260 260 260 261 261 261 262 262 262 261 261 261 263 263 263 262 262 262 264 264 264 265 265 265 266 266 266 265 265 265 267 267 267 266 266 266 268 268 268 269 269 269 270 270 270 271 271 271 272 272 272 273 273 273 272 272 272 274 274 274 273 273 273 275 275 275 276 276 276 277 277 277 276 276 276 278 278 278 277 277 277 279 279 279 280 280 280 281 281 281 282 282 282 283 283 283 284 284 284 283 283 283 285 285 285 284 284 284 286 286 286 287 287 287 288 288 288 287 287 287 289 289 289 288 288 288 290 290 290 291 291 291 292 292 292 293 293 293 294 294 294 295 295 295 294 294 294 296 296 296 295 295 295 297 297 297 298 298 298 299 299 299 298 298 298 300 300 300 299 299 299 301 301 301 302 302 302 303 303 303 304 304 304 305 305 305 306 306 306 305 305 305 307 307 307 306 306 306 308 308 308 309 309 309 310 310 310 309 309 309 311 311 311 310 310 310 312 312 312 313 313 313 314 314 314 315 315 315 316 316 316 317 317 317 316 316 316 318 318 318 317 317 317 319 319 319 320 320 320 321 321 321 320 320 320 322 322 322 321 321 321 323 323 323 324 324 324 325 325 325 326 326 326 327 327 327 328 328 328 327 327 327 329 329 329 328 328 328 330 330 330 331 331 331 332 332 332 331 331 331 333 333 333 332 332 332 334 334 334 335 335 335 336 336 336 337 337 337 338 338 338 339 339 339 338 338 338 340 340 340 339 339 339 341 341 341 342 342 342 343 343 343 342 342 342 344 344 344 343 343 343 345 345 345 346 346 346 347 347 347 348 348 348 349 349 349 350 350 350 349 349 349 351 351 351 350 350 350 352 352 352 353 353 353 354 354 354 353 353 353 355 355 355 354 354 354 356 356 356 357 357 357 358 358 358 359 359 359 360 360 360 361 361 361 360 360 360 362 362 362 361 361 361 363 363 363 364 364 364 365 365 365 364 364 364 366 366 366 365 365 365 367 367 367 368 368 368 369 369 369 370 370 370 371 371 371 372 372 372 371 371 371 373 373 373 372 372 372 374 374 374 375 375 375 376 376 376 375 375 375 377 377 377 376 376 376 378 378 378 379 379 379 380 380 380 381 381 381 382 382 382 383 383 383 382 382 382 384 384 384 383 383 383 385 385 385 386 386 386 387 387 387 386 386 386 388 388 388 387 387 387 389 389 389 390 390 390 391 391 391 392 392 392 393 393 393 394 394 394 393 393 393 395 395 395 394 394 394 396 396 396 397 397 397 398 398 398 397 397 397 399 399 399 398 398 398 400 400 400 401 401 401 402 402 402 403 403 403 404 404 404 405 405 405 404 404 404 406 406 406 405 405 405 407 407 407 408 408 408 409 409 409 408 408 408 410 410 410 409 409 409 411 411 411 412 412 412 413 413 413 414 414 414 415 415 415 416 416 416 415 415 415 417 417 417 416 416 416 418 418 418 419 419 419 420 420 420 419 419 419 421 421 421 420 420 420 422 422 422 423 423 423 424 424 424 425 425 425 426 426 426 427 427 427 426 426 426 428 428 428 427 427 427 429 429 429 430 430 430 431 431 431 430 430 430 432 432 432 431 431 431 433 433 433 434 434 434 435 435 435 436 436 436 437 437 437 438 438 438 437 437 437 439 439 439 438 438 438 440 440 440 441 441 441 442 442 442 441 441 441 443 443 443 442 442 442 444 444 444 445 445 445 446 446 446 447 447 447 448 448 448 449 449 449 448 448 448 450 450 450 449 449 449 451 451 451 452 452 452 453 453 453 452 452 452 454 454 454 453 453 453 455 455 455 456 456 456 457 457 457 458 458 458 459 459 459 460 460 460 459 459 459 461 461 461 460 460 460 462 462 462 463 463 463 464 464 464 463 463 463 465 465 465 464 464 464 466 466 466 467 467 467 468 468 468 469 469 469 470 470 470 471 471 471 470 470 470 472 472 472 471 471 471 473 473 473 474 474 474 475 475 475 474 474 474 476 476 476 475 475 475 477 477 477 478 478 478 479 479 479 480 480 480 481 481 481 482 482 482 481 481 481 483 483 483 482 482 482 484 484 484 485 485 485 486 486 486 485 485 485 487 487 487 486 486 486 488 488 488 489 489 489 490 490 490 491 491 491 492 492 492 493 493 493 492 492 492 494 494 494 493 493 493 495 495 495 496 496 496 497 497 497 496 496 496 498 498 498 497 497 497 499 499 499 500 500 500 501 501 501 502 502 502 503 503 503 504 504 504 503 503 503 505 505 505 504 504 504 506 506 506 507 507 507 508 508 508 507 507 507 509 509 509 508 508 508 510 510 510 511 511 511 512 512 512 513 513 513 514 514 514 515 515 515 514 514 514 516 516 516 515 515 515 517 517 517 518 518 518 519 519 519 518 518 518 520 520 520 519 519 519 521 521 521 522 522 522 523 523 523 </p>
        </triangles>
      </mesh>
    </geometry>
    <geometry id="LB014_1__mShadow-mesh" name="LB014_1__mShadow">
      <mesh>
        <source id="LB014_1__mShadow-position">
          <float_array id="LB014_1__mShadow-position-array" count="2034">-0.2601144 30.78757 -4.298211 -0.8728228 28.07853 1.383581 2.372402 30.6545 -4.525666 -0.8728228 28.07853 1.383581 4.750358 20.6783 2.019388 2.903423 27.88217 1.0359 -5.502983 27.64254 -2.1189 -0.8728228 28.07853 1.383581 -3.057089 30.30487 -3.824748 -5.502983 27.64254 -2.1189 -5.650084 23.48907 0.0686574 -0.8728228 28.07853 1.383581 -0.8728228 28.07853 1.383581 -5.650084 23.48907 0.0686574 -3.380636 20.9017 2.235845 2.372402 30.6545 -4.525666 2.903423 27.88217 1.0359 6.436187 26.90289 -2.100555 -0.8728228 28.07853 1.383581 -3.380636 20.9017 2.235845 4.750358 20.6783 2.019388 -3.057089 30.30487 -3.824748 -0.8728228 28.07853 1.383581 -0.2601144 30.78757 -4.298211 2.372402 30.6545 -4.525666 -0.8728228 28.07853 1.383581 2.903423 27.88217 1.0359 2.903423 27.88217 1.0359 4.750358 20.6783 2.019388 6.436187 26.90289 -2.100555 -5.826633 19.83474 5.254223 -2.998024 17.30115 5.318404 -3.052695 20.7181 4.028964 -7.474288 13.74662 5.090279 -3.848548 14.09481 4.955837 -6.650461 16.79068 5.658451 -7.486057 20.19086 4.512775 -7.832052 18.7437 5.365746 -5.826633 19.83474 5.254223 -7.832052 18.7437 5.365746 -6.650461 16.79068 5.658451 -5.826633 19.83474 5.254223 -5.840332 21.40496 4.231499 -7.486057 20.19086 4.512775 -5.826633 19.83474 5.254223 -6.650461 16.79068 5.658451 -2.998024 17.30115 5.318404 -5.826633 19.83474 5.254223 -2.998024 17.30115 5.318404 -3.848548 14.09481 4.955837 -0.2228088 14.44299 3.724766 -6.650461 16.79068 5.658451 -3.848548 14.09481 4.955837 -2.998024 17.30115 5.318404 9.087239 22.51413 0.8432479 8.602617 19.69623 4.903447 11.05893 19.29329 2.281302 2.060834 23.09177 1.085719 6.096362 22.02893 3.26775 6.807554 22.92379 -0.1844938 6.096362 22.02893 3.26775 4.057373 21.45375 4.040149 5.230572 19.8818 5.982992 8.578905 17.24918 5.955865 8.602617 19.69623 4.903447 5.230572 19.8818 5.982992 8.578905 17.24918 5.955865 8.756029 14.53363 4.947609 11.22651 15.45474 3.490319 8.602617 19.69623 4.903447 7.305782 21.73139 3.427776 5.230572 19.8818 5.982992 7.305782 21.73139 3.427776 6.096362 22.02893 3.26775 5.230572 19.8818 5.982992 2.162959 18.95673 5.506846 3.785738 16.40587 6.111498 5.230572 19.8818 5.982992 6.285546 13.61251 4.807137 3.785738 16.40587 6.111498 0.7283058 14.65093 3.003306 2.060834 23.09177 1.085719 4.057373 21.45375 4.040149 6.096362 22.02893 3.26775 9.087239 22.51413 0.8432479 7.305782 21.73139 3.427776 8.602617 19.69623 4.903447 8.578905 17.24918 5.955865 6.285546 13.61251 4.807137 8.756029 14.53363 4.947609 -1.124858 14.82356 2.26786 -2.494608 5.000001 2.200428 -1.232319 5.000001 2.874999 1.243982 5.000001 2.875 2.503164 5.000001 2.20043 1.159439 14.82356 2.267861 3.288266 14.85227 3.178528E-05 3.276488 5.000001 1.190864 3.566846 5.000001 1.121069E-05 3.276488 5.000001 1.190864 3.288266 14.85227 3.178528E-05 2.503164 5.000001 2.20043 -1.124858 14.82356 2.26786 -2.987425 14.82356 0.9393768 -2.494608 5.000001 2.200428 1.159439 14.82356 2.267861 2.503164 5.000001 2.20043 2.269469 14.82356 1.735746 -2.494608 5.000001 2.200428 -2.987425 14.82356 0.9393768 -3.278038 5.000001 1.190862 2.503164 5.000001 2.20043 3.288266 14.85227 3.178528E-05 2.269469 14.82356 1.735746 1.507035E-07 -1.070438 -6.274915 4.292103E-07 0.676789 -4.83219 1.463495 -1.192289 -4.369884 1.507035E-07 -1.070438 -6.274915 -1.463495 -1.192289 -4.369885 4.292103E-07 0.676789 -4.83219 -3.909626 -1.411706 5.203282 -2.985652 0.9983077 4.049938 -3.835035 -1.022902 2.616471 -3.909626 -1.411706 5.203282 -1.400593 -1.022901 4.567175 -2.985652 0.9983077 4.049938 3.396237 -1.420147 5.037059 2.574656 1.072383 3.846399 0.9348917 -0.855553 4.195636 3.396237 -1.420147 5.037059 3.484352 -0.8555535 2.436837 2.574656 1.072383 3.846399 6.009511 -1.420148 -2.138002 4.670848 1.072381 -1.589685 4.70166 -0.8555541 0.1842948 6.009511 -1.420148 -2.138002 3.448206 -0.8555546 -2.877019 4.670848 1.072381 -1.589685 5.803759 9.625541 -4.178686 6.806237 9.625541 -3.109163 3.904544 9.384046 -0.03948784 6.806237 9.625541 -3.109163 6.245714 9.794941 0.7753035 3.904544 9.384046 -0.03948784 6.765276 21.79653 -5.608684 4.425907 22.68966 -0.5741403 8.487261 21.79653 -3.771533 0.444066 21.79653 -3.737935 4.425907 22.68966 -0.5741403 3.170262 21.79653 -6.150167 8.487261 21.79653 -3.771533 4.425907 22.68966 -0.5741403 8.410887 21.79653 1.06632 3.170262 21.79653 -6.150167 4.425907 22.68966 -0.5741403 6.765276 21.79653 -5.608684 -5.910066 -1.420148 -2.142642 -4.572155 1.072382 -1.592491 -3.347893 -0.8555543 -2.876677 -5.910066 -1.420148 -2.142642 -4.606332 -0.8555535 0.1825904 -4.572155 1.072382 -1.592491 1.045994 19.17352 -7.444245 2.738442 19.17352 -6.385328 4.045543E-06 18.2232 -4.091769 -1.045986 19.17352 -7.444245 1.045994 19.17352 -7.444245 4.045543E-06 18.2232 -4.091769 -1.045986 19.17352 -7.444245 4.045543E-06 18.2232 -4.091769 -3.98665 19.17352 -3.335874 2.738442 19.17352 -6.385328 3.986658 19.17352 -3.335873 4.045543E-06 18.2232 -4.091769 0.8804801 29.58822 -6.687195 6.623243E-06 30.57938 -4.09177 2.305116 29.58822 -5.79584 -0.8804675 29.58822 -6.687195 6.623243E-06 30.57938 -4.09177 0.8804801 29.58822 -6.687195 -2.305104 29.58822 -5.79584 6.623243E-06 30.57938 -4.09177 -0.8804675 29.58822 -6.687195 -3.355804 29.58822 -3.017507 6.623243E-06 30.57938 -4.09177 -2.305104 29.58822 -5.79584 2.305116 29.58822 -5.79584 6.623243E-06 30.57938 -4.09177 3.355816 29.58822 -3.017506 -6.181837 9.261903 -3.631584 -5.100998 9.261903 -4.506713 -4.198822 8.929317 -2.568051 -4.198822 8.929317 -2.568051 -5.100998 9.261903 -4.506713 -1.892413 9.261903 -2.785881 -7.610817 22.09521 -4.579471 -4.198819 23.38603 -2.568052 -5.760955 22.09521 -6.077262 -7.943676 22.09521 -0.05032539 -4.198819 23.38603 -2.568052 -7.610817 22.09521 -4.579471 -5.760955 22.09521 -6.077262 -4.198819 23.38603 -2.568052 -2.670704 22.09521 -6.01119 -2.670704 22.09521 -6.01119 -4.198819 23.38603 -2.568052 -0.2694416 22.09521 -3.132045 -7.832052 18.7437 5.365746 -7.486057 20.19086 4.512775 -10.03641 17.29438 3.772627 -9.950106 20.14214 0.5781386 -7.474288 13.74662 5.090279 -6.650461 16.79068 5.658451 -10.03641 17.29438 3.772627 -7.832052 18.7437 5.365746 -5.840332 21.40496 4.231499 -4.429345 21.5733 3.957006 -7.377197 22.56298 -0.5692587 -4.555595 23.23921 -2.448596 -9.950106 20.14214 0.5781386 -7.486057 20.19086 4.512775 -7.377197 22.56298 -0.5692587 -5.840332 21.40496 4.231499 -3.052695 20.7181 4.028964 -4.429345 21.5733 3.957006 -5.826633 19.83474 5.254223 -5.840332 21.40496 4.231499 -3.052695 20.7181 4.028964 -2.998024 17.30115 5.318404 1.356674 21.60146 1.65018 -0.2228088 14.44299 3.724766 5.230572 19.8818 5.982992 6.070035 16.41862 6.29894 8.578905 17.24918 5.955865 3.785738 16.40587 6.111498 -0.6503172 17.97587 2.508304 0.7283058 14.65093 3.003306 2.162959 18.95673 5.506846 3.785738 16.40587 6.111498 6.096362 22.02893 3.26775 7.305782 21.73139 3.427776 6.807554 22.92379 -0.1844938 9.087239 22.51413 0.8432479 8.602617 19.69623 4.903447 8.578905 17.24918 5.955865 11.05893 19.29329 2.281302 11.22651 15.45474 3.490319 5.230572 19.8818 5.982992 2.573975 20.2391 4.832066 2.162959 18.95673 5.506846 4.057373 21.45375 4.040149 8.578905 17.24918 5.955865 6.070035 16.41862 6.29894 6.285546 13.61251 4.807137 3.785738 16.40587 6.111498 2.622113 -6.646757E-07 -2.436942 2.503166 5 -2.200428 3.425954 -4.793388E-07 -1.318862 3.276489 5 -1.190862 2.084152E-06 -7.189666E-07 -3.446359 0.006432825 5 -3.111877 2.622113 -6.646757E-07 -2.436942 2.503166 5 -2.200428 -2.494606 5 -2.200431 0.006432825 5 -3.111877 -2.62211 -3.520963E-07 -2.436945 2.084152E-06 -7.189666E-07 -3.446359 -3.278037 5 -1.190866 -2.494606 5 -2.200431 -3.425953 -7.093415E-08 -1.318867 -2.62211 -3.520963E-07 -2.436945 -3.549592 5.000001 1.970941E-05 -3.278037 5 -1.190866 -3.708225 2.210271E-07 -2.010567E-06 -3.425953 -7.093415E-08 -1.318867 -3.425954 4.793391E-07 1.318863 -3.278038 5.000001 1.190862 -3.708225 2.210271E-07 -2.010567E-06 -3.549592 5.000001 1.970941E-05 -2.622112 6.646759E-07 2.436943 -2.494608 5.000001 2.200428 -3.425954 4.793391E-07 1.318863 -3.278038 5.000001 1.190862 -1.287015 7.409504E-07 3.184021 -1.232319 5.000001 2.874999 -2.622112 6.646759E-07 2.436943 -2.494608 5.000001 2.200428 1.243982 5.000001 2.875 -1.232319 5.000001 2.874999 1.287013 5.875265E-07 3.184021 -1.287015 7.409504E-07 3.184021 2.503165 5.000001 2.20043 1.243982 5.000001 2.875 2.622111 3.520962E-07 2.436945 1.287013 5.875265E-07 3.184021 3.276488 5.000001 1.190864 2.503165 5.000001 2.20043 3.425953 7.093388E-08 1.318866 2.622111 3.520962E-07 2.436945 3.566846 5.000001 1.121069E-05 3.276488 5.000001 1.190864 3.708225 -2.210274E-07 7.735958E-07 3.425953 7.093388E-08 1.318866 3.425954 -4.793388E-07 -1.318862 3.276489 5 -1.190862 3.708225 -2.210274E-07 7.735958E-07 3.566846 5.000001 1.121069E-05 0.006432825 5 -3.111877 0.01906738 14.82356 -2.454716 2.503166 5 -2.200428 2.26947 14.82356 -1.735745 0.006432825 5 -3.111877 -2.494606 5 -2.200431 0.01906738 14.82356 -2.454716 -2.244098 14.82356 -1.735748 -3.278038 5.000001 1.190862 -2.987425 14.82356 0.9393768 -3.549592 5.000001 1.970941E-05 -3.237924 14.82356 6.23829E-05 1.159439 14.82356 2.267861 -1.124858 14.82356 2.26786 1.243982 5.000001 2.875 -1.232319 5.000001 2.874999 4.292103E-07 0.676789 -4.83219 5.817062E-07 2.03631 -2.632327 1.463495 -1.192289 -4.369884 2.692558 -1.000001 -1.89251 -2.692558 -1 -1.892511 5.817062E-07 2.03631 -2.632327 -1.463495 -1.192289 -4.369885 4.292103E-07 0.676789 -4.83219 -2.985652 0.9983077 4.049938 -1.630553 2.213161 2.358743 -3.835035 -1.022902 2.616471 -3.042507 -1 0.2749219 0.7109296 -0.9999996 3.28253 -1.630553 2.213161 2.358743 -1.400593 -1.022901 4.567175 -2.985652 0.9983077 4.049938 2.574656 1.072383 3.846399 1.326293 2.20472 2.036909 0.9348917 -0.855553 4.195636 -1.19845 -0.9999996 2.875694 3.006915 -1 -0.02546554 1.326293 2.20472 2.036909 3.484352 -0.8555535 2.436837 2.574656 1.072383 3.846399 4.670848 1.072381 -1.589685 2.636446 2.20472 -0.7566995 4.70166 -0.8555541 0.1842948 2.855542 -1 1.739923 1.041687 -1.000001 -2.690058 2.636446 2.20472 -0.7566995 3.448206 -0.8555546 -2.877019 4.670848 1.072381 -1.589685 5.803759 9.625541 -4.178686 6.951136 10.59075 -5.75072 6.806237 9.625541 -3.109163 8.857962 10.59075 -3.716366 6.951136 10.59075 -5.75072 5.803759 9.625541 -4.178686 3.020468 10.52239 -6.205112 3.67538 9.633454 -2.571501 6.245714 9.794941 0.7753035 6.806237 9.625541 -3.109163 8.409384 10.80116 1.319944 8.857962 10.59075 -3.716366 6.951136 10.59075 -5.75072 7.861699 12.09409 -6.998294 8.857962 10.59075 -3.716366 10.48622 12.09409 -4.198245 7.861699 12.09409 -6.998294 6.951136 10.59075 -5.75072 2.677555 11.98516 -7.297966 3.020468 10.52239 -6.205112 8.409384 10.80116 1.319944 8.857962 10.59075 -3.716366 10.19289 12.29226 1.507491 10.48622 12.09409 -4.198245 7.861699 12.09409 -6.998294 8.446317 13.4465 -7.799285 10.48622 12.09409 -4.198245 11.53163 13.4465 -4.507631 10.19289 12.29226 1.507491 10.48622 12.09409 -4.198245 11.37084 13.61591 1.50678 11.53163 13.4465 -4.507631 8.446317 13.4465 -7.799285 8.647762 15.34996 -8.075289 11.53163 13.4465 -4.507631 11.89185 15.34996 -4.614239 -2.063065 11.87622 -3.076814 -3.344583 14.95633 -4.242624 2.677555 11.98516 -7.297966 2.429827 15.15314 -8.41937 11.37084 13.61591 1.50678 11.53163 13.4465 -4.507631 11.82243 15.34996 1.338131 11.89185 15.34996 -4.614239 11.89185 15.34996 -4.614239 8.647762 15.34996 -8.075289 11.53163 17.79176 -4.507632 8.446318 17.79176 -7.799285 11.89185 15.34996 -4.614239 11.53163 17.79176 -4.507632 11.82243 15.34996 1.338131 11.52639 17.79176 1.883798 11.53163 17.79176 -4.507632 8.446318 17.79176 -7.799285 10.48622 19.74399 -4.198246 7.861701 19.74399 -6.998294 -3.344583 14.95633 -4.242624 -1.772618 19.744 -4.147038 2.429827 15.15314 -8.41937 2.822779 19.74399 -7.833078 11.53163 17.79176 -4.507632 10.48622 19.74399 -4.198246 11.52639 17.79176 1.883798 10.46518 19.744 1.89058 10.48622 19.74399 -4.198246 7.861701 19.74399 -6.998294 8.487261 21.79653 -3.771533 6.765276 21.79653 -5.608684 7.861701 19.74399 -6.998294 2.822779 19.74399 -7.833078 6.765276 21.79653 -5.608684 3.170262 21.79653 -6.150167 10.46518 19.744 1.89058 10.48622 19.74399 -4.198246 8.410887 21.79653 1.06632 8.487261 21.79653 -3.771533 1.547 9.641367 -0.9643154 3.67538 9.633454 -2.571501 3.904544 9.384046 -0.03948784 5.803759 9.625541 -4.178686 2.677555 11.98516 -7.297966 3.020468 10.52239 -6.205112 -2.063065 11.87622 -3.076814 -0.4666743 10.45404 -2.138677 3.020468 10.52239 -6.205112 3.67538 9.633454 -2.571501 -0.4666743 10.45404 -2.138677 1.547 9.641367 -0.9643154 3.170262 21.79653 -6.150167 2.822779 19.74399 -7.833078 0.444066 21.79653 -3.737935 -1.772618 19.744 -4.147038 -4.572155 1.072382 -1.592491 -2.539112 2.20472 -0.7561916 -3.347893 -0.8555543 -2.876677 -0.9612164 -1.000001 -2.638307 -2.742268 -0.9999997 1.691429 -2.539112 2.20472 -0.7561916 -4.606332 -0.8555535 0.1825904 -4.572155 1.072382 -1.592491 1.045994 19.17352 -7.444245 1.708371 21.66007 -8.667253 2.738442 19.17352 -6.385328 4.472567 21.13668 -6.937773 1.045994 19.17352 -7.444245 -1.045986 19.17352 -7.444245 1.708371 21.66007 -8.667253 -1.708362 21.66007 -8.667253 2.738442 19.17352 -6.385328 4.472567 21.13668 -6.937773 3.986658 19.17352 -3.335873 6.51122 21.66007 -1.331706 4.472567 21.13668 -6.937773 1.708371 21.66007 -8.667253 4.801712 24.15843 -7.096062 1.834094 24.15843 -8.952817 1.708371 21.66007 -8.667253 -1.708362 21.66007 -8.667253 1.834094 24.15843 -8.952817 -1.834084 24.15843 -8.952818 -1.708362 21.66007 -8.667253 -4.472558 21.66007 -6.937774 -1.834084 24.15843 -8.952818 -4.801702 24.15843 -7.096063 -4.472558 21.66007 -6.937774 -6.511212 21.66007 -1.331708 -4.801702 24.15843 -7.096063 -6.990384 24.15843 -1.284061 4.472567 21.13668 -6.937773 4.801712 24.15843 -7.096062 6.51122 21.66007 -1.331706 6.990393 24.15843 -1.284059 4.801712 24.15843 -7.096062 1.834094 24.15843 -8.952817 4.5667 25.99252 -6.949021 1.744328 25.99252 -8.714901 1.834094 24.15843 -8.952817 -1.834084 24.15843 -8.952818 1.744328 25.99252 -8.714901 -1.744317 25.99252 -8.714901 -4.801702 24.15843 -7.096063 -4.566689 25.99252 -6.949023 -1.834084 24.15843 -8.952818 -1.744317 25.99252 -8.714901 -4.801702 24.15843 -7.096063 -6.990384 24.15843 -1.284061 -4.566689 25.99252 -6.949023 -6.64825 25.99252 -1.062551 4.801712 24.15843 -7.096062 4.5667 25.99252 -6.949021 6.990393 24.15843 -1.284059 6.64826 25.99252 -1.062549 4.5667 25.99252 -6.949021 1.744328 25.99252 -8.714901 3.701664 28.0992 -6.500426 1.413913 28.0992 -7.931807 1.744328 25.99252 -8.714901 -1.744317 25.99252 -8.714901 1.413913 28.0992 -7.931807 -1.413902 28.0992 -7.931807 -4.566689 25.99252 -6.949023 -3.701652 28.0992 -6.500427 -1.744317 25.99252 -8.714901 -1.413902 28.0992 -7.931807 -6.64825 25.99252 -1.062551 -5.388917 28.0992 -2.252425 -4.566689 25.99252 -6.949023 -3.701652 28.0992 -6.500427 6.64826 25.99252 -1.062549 4.5667 25.99252 -6.949021 5.388927 28.0992 -2.252423 3.701664 28.0992 -6.500426 3.701664 28.0992 -6.500426 1.413913 28.0992 -7.931807 2.305116 29.58822 -5.79584 0.8804801 29.58822 -6.687195 1.413913 28.0992 -7.931807 -1.413902 28.0992 -7.931807 0.8804801 29.58822 -6.687195 -0.8804675 29.58822 -6.687195 -3.701652 28.0992 -6.500427 -2.305104 29.58822 -5.79584 -1.413902 28.0992 -7.931807 -0.8804675 29.58822 -6.687195 -5.388917 28.0992 -2.252425 -3.355804 29.58822 -3.017507 -3.701652 28.0992 -6.500427 -2.305104 29.58822 -5.79584 5.388927 28.0992 -2.252423 3.701664 28.0992 -6.500426 3.355816 29.58822 -3.017506 2.305116 29.58822 -5.79584 -5.100998 9.261903 -4.506713 -6.181837 9.261903 -3.631584 -5.914862 10.22711 -6.255607 -7.970739 10.22711 -4.591011 -4.198822 8.929317 -2.568051 -8.365239 10.22711 0.182371 -6.181837 9.261903 -3.631584 -7.970739 10.22711 -4.591011 -5.914862 10.22711 -6.255607 -7.970739 10.22711 -4.591011 -6.560748 11.73045 -7.643537 -9.390421 11.73045 -5.352417 -8.365239 10.22711 0.182371 -9.773169 11.73045 0.315344 -7.970739 10.22711 -4.591011 -9.390421 11.73045 -5.352417 1.839435 11.73045 -3.138338 0.1882281 10.22711 -2.982388 -1.803508 11.73045 -7.450966 -2.279743 10.22711 -6.39923 -6.560748 11.73045 -7.643537 -9.390421 11.73045 -5.352417 -6.975432 13.62477 -8.534642 -10.30191 13.62477 -5.841269 -9.773169 11.73045 0.315344 -10.69963 13.62477 0.4028438 -9.390421 11.73045 -5.352417 -10.30191 13.62477 -5.841269 -6.975432 13.62477 -8.534642 -10.30191 13.62477 -5.841269 -7.118323 15.72464 -8.841696 -10.61599 15.72464 -6.009716 -10.69963 13.62477 0.4028438 -11.01886 15.72464 0.4329941 -10.30191 13.62477 -5.841269 -10.61599 15.72464 -6.009716 -10.61599 15.72464 -6.009716 -10.30191 17.82451 -5.841269 -7.118323 15.72464 -8.841696 -6.975432 17.82451 -8.534642 -10.61599 15.72464 -6.009716 -11.01886 15.72464 0.4329941 -10.30191 17.82451 -5.841269 -10.69963 17.82452 0.4028436 -10.30191 17.82451 -5.841269 -9.390419 19.91698 -5.352417 -6.975432 17.82451 -8.534642 -6.560747 19.91698 -7.643537 -10.30191 17.82451 -5.841269 -10.69963 17.82452 0.4028436 -9.390419 19.91698 -5.352417 -10.01644 19.91698 0.33832 -9.390419 19.91698 -5.352417 -7.610817 22.09521 -4.579471 -6.560747 19.91698 -7.643537 -5.760955 22.09521 -6.077262 -9.390419 19.91698 -5.352417 -10.01644 19.91698 0.33832 -7.610817 22.09521 -4.579471 -7.943676 22.09521 -0.05032539 1.839437 19.91698 -3.138339 -1.803506 19.91698 -7.450966 -0.2694416 22.09521 -3.132045 -2.670704 22.09521 -6.01119 -2.279743 10.22711 -6.39923 -5.914862 10.22711 -6.255607 -1.803508 11.73045 -7.450966 -6.560748 11.73045 -7.643537 -1.803508 11.73045 -7.450966 -1.398937 15.72464 -8.428244 1.839435 11.73045 -3.138338 3.264875 15.72464 -3.272965 -1.803506 19.91698 -7.450966 1.839437 19.91698 -3.138339 -1.398937 15.72464 -8.428244 3.264875 15.72464 -3.272965 -2.670704 22.09521 -6.01119 -1.803506 19.91698 -7.450966 -5.760955 22.09521 -6.077262 -6.560747 19.91698 -7.643537 -4.555595 23.23921 -2.448596 -4.429345 21.5733 3.957006 -3.093129 22.94062 0.9642603 -3.052695 20.7181 4.028964 1.356674 21.60146 1.65018 -3.237924 14.82356 6.23829E-05 -2.244098 14.82356 -1.735748 -3.549592 5.000001 1.970941E-05 -2.494606 5 -2.200431 -3.278037 5.000001 -1.190866 3.276489 5 -1.190862 2.503166 5 -2.200428 3.566846 5.000001 1.121069E-05 2.26947 14.82356 -1.735745 3.288266 14.85227 3.178528E-05 7.861699 12.09409 -6.998294 2.677555 11.98516 -7.297966 8.446317 13.4465 -7.799285 2.429827 15.15314 -8.41937 8.647762 15.34996 -8.075289 8.647762 15.34996 -8.075289 2.429827 15.15314 -8.41937 8.446318 17.79176 -7.799285 2.822779 19.74399 -7.833078 7.861701 19.74399 -6.998294 -1.708362 21.66007 -8.667253 -1.045986 19.17352 -7.444245 -4.472558 21.66007 -6.937774 -3.98665 19.17352 -3.335874 -6.511212 21.66007 -1.331708 0.1882281 10.22711 -2.982388 -1.892413 9.261903 -2.785881 -2.279743 10.22711 -6.39923 -5.100998 9.261903 -4.506713 -5.914862 10.22711 -6.255607 -7.118323 15.72464 -8.841696 -1.398937 15.72464 -8.428244 -6.975432 13.62477 -8.534642 -1.803508 11.73045 -7.450966 -6.560748 11.73045 -7.643537 -6.560747 19.91698 -7.643537 -1.803506 19.91698 -7.450966 -6.975432 17.82451 -8.534642 -1.398937 15.72464 -8.428244 -7.118323 15.72464 -8.841696 -0.6503172 17.97587 2.508304 2.162959 18.95673 5.506846 2.573975 20.2391 4.832066 -0.1585035 20.77809 1.764566 2.060834 23.09177 1.085719 4.057373 21.45375 4.040149</float_array>
          <technique_common>
            <accessor source="#LB014_1__mShadow-position-array" count="678" stride="3">
              <param name="X" type="float" />
              <param name="Y" type="float" />
              <param name="Z" type="float" />
            </accessor>
          </technique_common>
        </source>
        <source id="LB014_1__mShadow-normal">
          <float_array id="LB014_1__mShadow-normal-array" count="2034">0.08219172 0.8962815 0.436399 0.08219172 0.8962815 0.436399 0.08219172 0.8962815 0.436399 0.09784714 0.1585127 0.9823872 0.09784714 0.1585127 0.9823872 0.09784714 0.1585127 0.9823872 -0.4500978 0.7377691 0.5048921 -0.4500978 0.7377691 0.5048921 -0.4500978 0.7377691 0.5048921 -0.5772994 0.3972603 0.7142854 -0.5772994 0.3972603 0.7142854 -0.5772994 0.3972603 0.7142854 -0.4872799 0.2681018 0.8317023 -0.4872799 0.2681018 0.8317023 -0.4872799 0.2681018 0.8317023 0.5205478 0.7827786 0.3405086 0.5205478 0.7827786 0.3405086 0.5205478 0.7827786 0.3405086 0.029354 0.1076321 0.9941289 0.029354 0.1076321 0.9941289 0.029354 0.1076321 0.9941289 -0.08414874 0.9021524 0.4207434 -0.08414874 0.9021524 0.4207434 -0.08414874 0.9021524 0.4207434 0.08610561 0.8943246 0.4383559 0.08610561 0.8943246 0.4383559 0.08610561 0.8943246 0.4383559 0.6810173 0.2681016 0.6829744 0.6810173 0.2681016 0.6829744 0.6810173 0.2681016 0.6829744 0.2857141 0.3424657 0.8943245 0.2857141 0.3424657 0.8943245 0.2857141 0.3424657 0.8943245 0.05479429 -0.1976516 0.9784734 0.05479429 -0.1976516 0.9784734 0.05479429 -0.1976516 0.9784734 -0.2465754 0.5342466 0.8082189 -0.2465754 0.5342466 0.8082189 -0.2465754 0.5342466 0.8082189 -0.01956967 0.1369863 0.990215 -0.01956967 0.1369863 0.990215 -0.01956967 0.1369863 0.990215 -0.2504893 0.5264188 0.8121328 -0.2504893 0.5264188 0.8121328 -0.2504893 0.5264188 0.8121328 0.07632072 0.111546 0.990215 0.07632072 0.111546 0.990215 0.07632072 0.111546 0.990215 0.3326807 -0.1917808 0.9236789 0.3326807 -0.1917808 0.9236789 0.3326807 -0.1917808 0.9236789 0.1115457 -0.1409001 0.9843442 0.1115457 -0.1409001 0.9843442 0.1115457 -0.1409001 0.9843442 0.6262228 0.6027395 0.4931505 0.6262228 0.6027395 0.4931505 0.6262228 0.6027395 0.4931505 0.1056751 0.9569469 0.2700585 0.1056751 0.9569469 0.2700585 0.1056751 0.9569469 0.2700585 0.01565549 0.7827787 0.6223089 0.01565549 0.7827787 0.6223089 0.01565549 0.7827787 0.6223089 0.3013697 0.3737768 0.876712 0.3013697 0.3737768 0.876712 0.3013697 0.3737768 0.876712 0.5596866 -0.2563601 0.7886496 0.5596866 -0.2563601 0.7886496 0.5596866 -0.2563601 0.7886496 0.2602738 0.6692758 0.6947159 0.2602738 0.6692758 0.6947159 0.2602738 0.6692758 0.6947159 0.1037181 0.7632093 0.6379644 0.1037181 0.7632093 0.6379644 0.1037181 0.7632093 0.6379644 -0.1859101 0.113503 0.9765164 -0.1859101 0.113503 0.9765164 -0.1859101 0.113503 0.9765164 -0.3444228 -0.6320936 0.6947162 -0.3444228 -0.6320936 0.6947162 -0.3444228 -0.6320936 0.6947162 -0.04892372 0.8590997 0.508806 -0.04892372 0.8590997 0.508806 -0.04892372 0.8590997 0.508806 0.4774949 0.694716 0.5381602 0.4774949 0.694716 0.5381602 0.4774949 0.694716 0.5381602 0.07436376 -0.3424656 0.9373775 0.07436376 -0.3424656 0.9373775 0.07436376 -0.3424656 0.9373775 -0.4696674 0.05870855 0.880626 -0.4696674 0.05870855 0.880626 -0.4696674 0.05870855 0.880626 0.471624 0.05870835 0.880626 0.471624 0.05870835 0.880626 0.471624 0.05870835 0.880626 0.9706455 0.02739706 0.2367906 0.9706455 0.02739706 0.2367906 0.9706455 0.02739706 0.2367906 0.7925633 0.0724069 0.6066536 0.7925633 0.0724069 0.6066536 0.7925633 0.0724069 0.6066536 -0.5792564 0.07436414 0.8121328 -0.5792564 0.07436414 0.8121328 -0.5792564 0.07436414 0.8121328 0.432485 0.05283752 0.9001955 0.432485 0.05283752 0.9001955 0.432485 0.05283752 0.9001955 -0.7886496 0.03913913 0.6125243 -0.7886496 0.03913913 0.6125243 -0.7886496 0.03913913 0.6125243 0.8610564 0.04500962 0.5068492 0.8610564 0.04500962 0.5068492 0.8610564 0.04500962 0.5068492 0.7260273 0.4383559 -0.5303326 0.7260273 0.4383559 -0.5303326 0.7260273 0.4383559 -0.5303326 -0.7260271 0.4383562 -0.5303327 -0.7260271 0.4383562 -0.5303327 -0.7260271 0.4383562 -0.5303327 -0.9295496 0.3698631 0.02935407 -0.9295496 0.3698631 0.02935407 -0.9295496 0.3698631 0.02935407 0.1741681 0.3698629 0.9119371 0.1741681 0.3698629 0.9119371 0.1741681 0.3698629 0.9119371 -0.227006 0.3581214 0.9060662 -0.227006 0.3581214 0.9060662 -0.227006 0.3581214 0.9060662 0.9275927 0.3581211 0.109589 0.9275927 0.3581211 0.109589 0.9275927 0.3581211 0.109589 0.8454009 0.3698628 0.3855185 0.8454009 0.3698628 0.3855185 0.8454009 0.3698628 0.3855185 0.3326811 0.3698628 -0.8688844 0.3326811 0.3698628 -0.8688844 0.3326811 0.3698628 -0.8688844 0.04109583 -0.9980428 -0.03913872 0.04109583 -0.9980428 -0.03913872 0.04109583 -0.9980428 -0.03913872 0.1506848 -0.9863012 0.06457946 0.1506848 -0.9863012 0.06457946 0.1506848 -0.9863012 0.06457946 0.1252447 0.9843442 -0.117417 0.1252447 0.9843442 -0.117417 0.1252447 0.9843442 -0.117417 -0.1154598 0.9843442 -0.1311156 -0.1154598 0.9843442 -0.1311156 -0.1154598 0.9843442 -0.1311156 0.2172212 0.9765163 0.003913703 0.2172212 0.9765163 0.003913703 0.2172212 0.9765163 0.003913703 0.0254404 0.9863011 -0.1643837 0.0254404 0.9863011 -0.1643837 0.0254404 0.9863011 -0.1643837 -0.3307238 0.3698629 -0.8688844 -0.3307238 0.3698629 -0.8688844 -0.3307238 0.3698629 -0.8688844 -0.845401 0.3698631 0.3855183 -0.845401 0.3698631 0.3855183 -0.845401 0.3698631 0.3855183 0.1428571 -0.9628178 -0.2289626 0.1428571 -0.9628178 -0.2289626 0.1428571 -0.9628178 -0.2289626 -6.415775E-10 -0.9628178 -0.2720154 -6.415775E-10 -0.9628178 -0.2720154 -6.415775E-10 -0.9628178 -0.2720154 -0.2602739 -0.9471622 -0.1878667 -0.2602739 -0.9471622 -0.1878667 -0.2602739 -0.9471622 -0.1878667 0.2485322 -0.9628178 -0.101761 0.2485322 -0.9628178 -0.101761 0.2485322 -0.9628178 -0.101761 0.1839531 0.9373774 -0.2954992 0.1839531 0.9373774 -0.2954992 0.1839531 0.9373774 -0.2954992 1.299404E-07 0.9334636 -0.3561645 1.299404E-07 0.9334636 -0.3561645 1.299404E-07 0.9334636 -0.3561645 -0.1839529 0.9373775 -0.2954992 -0.1839529 0.9373775 -0.2954992 -0.1839529 0.9373775 -0.2954992 -0.3170253 0.9412914 -0.119374 -0.3170253 0.9412914 -0.119374 -0.3170253 0.9412914 -0.119374 0.3170255 0.9412913 -0.1193739 0.3170255 0.9412913 -0.1193739 0.3170255 0.9412913 -0.1193739 -0.09980431 -0.9882581 -0.1232874 -0.09980431 -0.9882581 -0.1232874 -0.09980431 -0.9882581 -0.1232874 0.1193737 -0.9686886 -0.2211348 0.1193737 -0.9686886 -0.2211348 0.1193737 -0.9686886 -0.2211348 -0.2074362 0.9452053 -0.2544033 -0.2074362 0.9452053 -0.2544033 -0.2074362 0.9452053 -0.2544033 -0.3405087 0.9393345 -0.02544052 -0.3405087 0.9393345 -0.02544052 -0.3405087 0.9393345 -0.02544052 0.007827915 0.9373775 -0.3483367 0.007827915 0.9373775 -0.3483367 0.007827915 0.9373775 -0.3483367 0.2739726 0.9334635 -0.2289629 0.2739726 0.9334635 -0.2289629 0.2739726 0.9334635 -0.2289629 -0.7181995 0.5127202 0.4677101 -0.7181995 0.5127202 0.4677101 -0.7181995 0.5127202 0.4677101 -0.7181995 0.5127202 0.4677101 -0.4951077 -0.0821916 0.8649704 -0.4951077 -0.0821916 0.8649704 -0.4951077 -0.0821916 0.8649704 -0.4951077 -0.0821916 0.8649704 -0.06457923 0.9647747 0.2524459 -0.06457923 0.9647747 0.2524459 -0.06457923 0.9647747 0.2524459 -0.06457923 0.9647747 0.2524459 -0.5420743 0.7651663 0.3463794 -0.5420743 0.7651663 0.3463794 -0.5420743 0.7651663 0.3463794 -0.5420743 0.7651663 0.3463794 0.2367904 0.4520547 0.8610564 0.2035223 0.4755381 0.8551856 0.1800389 0.4911937 0.8512717 0.09784719 0.5440313 0.8336592 0.5146768 0.1917807 0.8356162 0.5146768 0.1917807 0.8356162 0.5146768 0.1917807 0.8356162 0.5146768 0.1917807 0.8356162 0.01761232 0.09589045 0.9960859 0.01956926 0.09589044 0.9960859 0.09784713 0.1135029 0.9882581 -0.08219196 0.07045016 0.9941289 -0.6594912 -0.2015653 0.7240703 -0.6594912 -0.2015653 0.7240703 -0.6594912 -0.2015653 0.7240703 -0.6594912 -0.2015653 0.7240703 0.09001954 0.9491192 0.3013696 0.09001954 0.9491192 0.3013696 0.09001954 0.9491192 0.3013696 0.09001954 0.9491192 0.3013696 0.7358118 0.2446182 0.6320937 0.7358118 0.2446182 0.6320937 0.7358118 0.2446182 0.6320937 0.7358118 0.2446182 0.6320937 -0.2309198 0.6399217 0.7338549 -0.2465754 0.6066536 0.7553813 -0.2818005 0.516634 0.8082189 -0.2035226 0.6966732 0.6868882 0.2622307 -0.4363991 0.8610567 0.1154596 -0.4598824 0.8806261 0.1115457 -0.4598824 0.8806261 -0.06849334 -0.4716241 0.8786691 0.8023483 0.04305262 -0.5949118 0.8023483 0.04305262 -0.5949118 0.8023483 0.04305262 -0.5949118 0.8023483 0.04305262 -0.5949118 0.3502937 0.05675132 -0.9354205 0.3502937 0.05675132 -0.9354205 0.3502937 0.05675132 -0.9354205 0.3502937 0.05675132 -0.9354205 -0.3502932 0.05870842 -0.9354205 -0.3502932 0.05870842 -0.9354205 -0.3502932 0.05870842 -0.9354205 -0.3502932 0.05870842 -0.9354205 -0.8003911 0.04305296 -0.5968688 -0.8003911 0.04305296 -0.5968688 -0.8003911 0.04305296 -0.5968688 -0.8003911 0.04305296 -0.5968688 -0.9765163 0.03326829 -0.2152642 -0.9765163 0.03326829 -0.2152642 -0.9765163 0.03326829 -0.2152642 -0.9765163 0.03326829 -0.2152642 -0.9765164 0.03326831 0.2152641 -0.9765164 0.03326831 0.2152641 -0.9765164 0.03326831 0.2152641 -0.9765164 0.03326831 0.2152641 -0.8003913 0.04305303 0.5968687 -0.8003913 0.04305303 0.5968687 -0.8003913 0.04305303 0.5968687 -0.8003913 0.04305303 0.5968687 -0.4794521 0.05675161 0.8767121 -0.4794521 0.05675161 0.8767121 -0.4794521 0.05675161 0.8767121 -0.4794521 0.05675161 0.8767121 -2.044753E-07 0.06262235 0.9980428 -2.044753E-07 0.06262235 0.9980428 -2.044753E-07 0.06262235 0.9980428 -2.044753E-07 0.06262235 0.9980428 0.4794517 0.05479446 0.8747552 0.4794517 0.05479446 0.8747552 0.4794517 0.05479446 0.8747552 0.4794517 0.05479446 0.8747552 0.802348 0.0430527 0.5949119 0.802348 0.0430527 0.5949119 0.802348 0.0430527 0.5949119 0.802348 0.0430527 0.5949119 0.9745594 0.03131096 0.223092 0.9745594 0.03131096 0.223092 0.9745594 0.03131096 0.223092 0.9745594 0.03131096 0.223092 0.9745595 0.03131093 -0.2230919 0.9745595 0.03131093 -0.2230919 0.9745595 0.03131093 -0.2230919 0.9745595 0.03131093 -0.2230919 0.3248534 0.05675133 -0.9432483 0.3248534 0.05675133 -0.9432483 0.3248534 0.05675133 -0.9432483 0.3248534 0.05675133 -0.9432483 -0.322896 0.05870841 -0.9452052 -0.322896 0.05870841 -0.9452052 -0.322896 0.05870841 -0.9452052 -0.322896 0.05870841 -0.9452052 -0.9706456 0.03326831 0.2387474 -0.9706456 0.03326831 0.2387474 -0.9706456 0.03326831 0.2387474 -0.9706456 0.03326831 0.2387474 -2.044753E-07 0.06262235 0.9980428 -2.044753E-07 0.06262235 0.9980428 -2.044753E-07 0.06262235 0.9980428 -2.044753E-07 0.06262235 0.9980428 0.7495107 0.544031 -0.3776908 0.7495107 0.544031 -0.3776908 0.7495107 0.544031 -0.3776908 0.7495107 0.544031 -0.3776908 -0.7495105 0.5440314 -0.3776909 -0.7495105 0.5440314 -0.3776909 -0.7495105 0.5440314 -0.3776909 -0.7495105 0.5440314 -0.3776909 -0.806262 0.5283758 -0.2681019 -0.806262 0.5283758 -0.2681019 -0.806262 0.5283758 -0.2681019 -0.806262 0.5283758 -0.2681019 0.436399 0.5283756 0.7279841 0.436399 0.5283756 0.7279841 0.436399 0.5283756 0.7279841 0.436399 0.5283756 0.7279841 -0.4774951 0.5459883 0.6888451 -0.4774951 0.5459883 0.6888451 -0.4774951 0.5459883 0.6888451 -0.4774951 0.5459883 0.6888451 0.812133 0.545988 -0.2015656 0.812133 0.545988 -0.2015656 0.812133 0.545988 -0.2015656 0.812133 0.545988 -0.2015656 0.5342463 0.5557728 0.6379645 0.5342463 0.5557728 0.6379645 0.5342463 0.5557728 0.6379645 0.5342463 0.5557728 0.6379645 -0.06653598 0.5557728 -0.8277886 -0.06653598 0.5557728 -0.8277886 -0.06653598 0.5557728 -0.8277886 -0.06653598 0.5557728 -0.8277886 0.328767 -0.8923677 -0.3072404 0.328767 -0.8923677 -0.3072404 0.328767 -0.8923677 -0.3072404 0.328767 -0.8923677 -0.3072404 -0.05479449 -0.9393344 -0.3405085 -0.05479449 -0.9393344 -0.3405085 -0.05479449 -0.9393344 -0.3405085 -0.05479449 -0.9393344 -0.3405085 0.4227004 -0.9021525 0.08610586 0.4227004 -0.9021525 0.08610586 0.4227004 -0.9021525 0.08610586 0.4227004 -0.9021525 0.08610586 0.5127201 -0.7103717 -0.4814087 0.5127201 -0.7103717 -0.4814087 0.5127201 -0.7103717 -0.4814087 0.5127201 -0.7103717 -0.4814087 0.07632105 -0.626223 -0.7749508 0.07632105 -0.626223 -0.7749508 0.07632105 -0.626223 -0.7749508 0.07632105 -0.626223 -0.7749508 0.6614479 -0.7455968 0.07436417 0.6614479 -0.7455968 0.07436417 0.6614479 -0.7455968 0.07436417 0.6614479 -0.7455968 0.07436417 0.5929549 -0.5851272 -0.5557727 0.5929549 -0.5851272 -0.5557727 0.5929549 -0.5851272 -0.5557727 0.5929549 -0.5851272 -0.5557727 0.7710369 -0.6340509 0.04892385 0.7710369 -0.6340509 0.04892385 0.7710369 -0.6340509 0.04892385 0.7710369 -0.6340509 0.04892385 0.7181996 -0.1741685 -0.6731895 0.7181996 -0.1741685 -0.6731895 0.7181996 -0.1741685 -0.6731895 0.7181996 -0.1741685 -0.6731895 -0.5636005 -0.401174 -0.7201564 -0.5636005 -0.401174 -0.7201564 -0.5636005 -0.401174 -0.7201564 -0.5636005 -0.401174 -0.7201564 0.9765164 -0.2152644 0.02152652 0.9765164 -0.2152644 0.02152652 0.9765164 -0.2152644 0.02152652 0.9765164 -0.2152644 0.02152652 0.7221135 0.1369861 -0.6771035 0.7221135 0.1369861 -0.6771035 0.7221135 0.1369861 -0.6771035 0.7221135 0.1369861 -0.6771035 0.990215 0.1330722 0.005870871 0.990215 0.1330722 0.005870871 0.990215 0.1330722 0.005870871 0.990215 0.1330722 0.005870871 0.6536204 0.4461837 -0.6125244 0.6536204 0.4461837 -0.6125244 0.6536204 0.4461837 -0.6125244 0.6536204 0.4461837 -0.6125244 -0.5968686 0.1819961 -0.7827788 -0.5968686 0.1819961 -0.7827788 -0.5968686 0.1819961 -0.7827788 -0.5968686 0.1819961 -0.7827788 0.880626 0.4755379 0.0019569 0.880626 0.4755379 0.0019569 0.880626 0.4755379 0.0019569 0.880626 0.4755379 0.0019569 0.555773 0.6497061 -0.5205479 0.555773 0.6497061 -0.5205479 0.555773 0.6497061 -0.5205479 0.555773 0.6497061 -0.5205479 0.1252448 0.6086104 -0.7827788 0.1252448 0.6086104 -0.7827788 0.1252448 0.6086104 -0.7827788 0.1252448 0.6086104 -0.7827788 0.7103717 0.7025437 0.005870736 0.7103717 0.7025437 0.005870736 0.7103717 0.7025437 0.005870736 0.7103717 0.7025437 0.005870736 -0.07240707 -0.9941289 -0.09197629 -0.07240707 -0.9941289 -0.09197629 -0.07240707 -0.9941289 -0.09197629 -0.07240707 -0.9941289 -0.09197629 -0.5009783 -0.696673 -0.51272 -0.5009783 -0.696673 -0.51272 -0.5009783 -0.696673 -0.51272 -0.5009783 -0.696673 -0.51272 -0.2113503 -0.953033 -0.2191778 -0.2113503 -0.953033 -0.2191778 -0.2113503 -0.953033 -0.2191778 -0.2113503 -0.953033 -0.2191778 -0.5009782 0.6203522 -0.6027398 -0.5009782 0.6203522 -0.6027398 -0.5009782 0.6203522 -0.6027398 -0.5009782 0.6203522 -0.6027398 0.07827807 0.5538158 -0.8297455 0.07827807 0.5538158 -0.8297455 0.07827807 0.5538158 -0.8297455 0.07827807 0.5538158 -0.8297455 -0.5283757 0.5538161 0.6438352 -0.5283757 0.5538161 0.6438352 -0.5283757 0.5538161 0.6438352 -0.5283757 0.5538161 0.6438352 0.409002 -0.518591 -0.7495105 0.409002 -0.518591 -0.7495105 0.409002 -0.518591 -0.7495105 0.409002 -0.518591 -0.7495105 1.610258E-07 -0.44227 -0.8982384 1.610258E-07 -0.44227 -0.8982384 1.610258E-07 -0.44227 -0.8982384 1.610258E-07 -0.44227 -0.8982384 0.7397258 -0.62818 -0.2426612 0.7397258 -0.62818 -0.2426612 0.7397258 -0.62818 -0.2426612 0.7397258 -0.62818 -0.2426612 0.520548 -0.1115461 -0.8473579 0.520548 -0.1115461 -0.8473579 0.520548 -0.1115461 -0.8473579 0.520548 -0.1115461 -0.8473579 2.006261E-07 -0.113503 -0.9941289 2.006261E-07 -0.113503 -0.9941289 2.006261E-07 -0.113503 -0.9941289 2.006261E-07 -0.113503 -0.9941289 -0.5264185 -0.1232876 -0.8414872 -0.5264185 -0.1232876 -0.8414872 -0.5264185 -0.1232876 -0.8414872 -0.5264185 -0.1232876 -0.8414872 -0.9256357 -0.1565555 -0.3424657 -0.9256357 -0.1565555 -0.3424657 -0.9256357 -0.1565555 -0.3424657 -0.9256357 -0.1565555 -0.3424657 0.9295497 -0.1428573 -0.3385517 0.9295497 -0.1428573 -0.3385517 0.9295497 -0.1428573 -0.3385517 0.9295497 -0.1428573 -0.3385517 0.5264189 0.1350292 -0.8395301 0.5264189 0.1350292 -0.8395301 0.5264189 0.1350292 -0.8395301 0.5264189 0.1350292 -0.8395301 2.146816E-07 0.1291584 -0.9921719 2.146816E-07 0.1291584 -0.9921719 2.146816E-07 0.1291584 -0.9921719 2.146816E-07 0.1291584 -0.9921719 -0.5264185 0.1350294 -0.8395302 -0.5264185 0.1350294 -0.8395302 -0.5264185 0.1350294 -0.8395302 -0.5264185 0.1350294 -0.8395302 -0.9236788 0.1800393 -0.3365949 -0.9236788 0.1800393 -0.3365949 -0.9236788 0.1800393 -0.3365949 -0.9236788 0.1800393 -0.3365949 0.9236789 0.1800389 -0.3365948 0.9236789 0.1800389 -0.3365948 0.9236789 0.1800389 -0.3365948 0.9236789 0.1800389 -0.3365948 0.4931507 0.3698628 -0.7866926 0.4931507 0.3698628 -0.7866926 0.4931507 0.3698628 -0.7866926 0.4931507 0.3698628 -0.7866926 2.163146E-07 0.3483365 -0.9373775 2.163146E-07 0.3483365 -0.9373775 2.163146E-07 0.3483365 -0.9373775 2.163146E-07 0.3483365 -0.9373775 -0.4931504 0.3698629 -0.7866926 -0.4931504 0.3698629 -0.7866926 -0.4931504 0.3698629 -0.7866926 -0.4931504 0.3698629 -0.7866926 -0.8669273 0.3796478 -0.3228963 -0.8669273 0.3796478 -0.3228963 -0.8669273 0.3796478 -0.3228963 -0.8669273 0.3796478 -0.3228963 0.8669275 0.3796475 -0.3228962 0.8669275 0.3796475 -0.3228962 0.8669275 0.3796475 -0.3228962 0.8669275 0.3796475 -0.3228962 0.3953034 0.6692756 -0.6301369 0.3953034 0.6692756 -0.6301369 0.3953034 0.6692756 -0.6301369 0.3953034 0.6692756 -0.6301369 1.982933E-07 0.6418784 -0.7671232 1.982933E-07 0.6418784 -0.7671232 1.982933E-07 0.6418784 -0.7671232 1.982933E-07 0.6418784 -0.7671232 -0.3953031 0.6692758 -0.6301369 -0.3953031 0.6692758 -0.6301369 -0.3953031 0.6692758 -0.6301369 -0.3953031 0.6692758 -0.6301369 -0.6379645 0.7299412 -0.2485324 -0.6379645 0.7299412 -0.2485324 -0.6379645 0.7299412 -0.2485324 -0.6379645 0.7299412 -0.2485324 0.6379647 0.729941 -0.2485323 0.6379647 0.729941 -0.2485323 0.6379647 0.729941 -0.2485323 0.6379647 0.729941 -0.2485323 -0.2876711 -0.8884537 -0.3561642 -0.2876711 -0.8884537 -0.3561642 -0.2876711 -0.8884537 -0.3561642 -0.2876711 -0.8884537 -0.3561642 -0.3444227 -0.9373774 0.04109605 -0.3444227 -0.9373774 0.04109605 -0.3444227 -0.9373774 0.04109605 -0.3444227 -0.9373774 0.04109605 -0.4481407 -0.7025438 -0.5538158 -0.4481407 -0.7025438 -0.5538158 -0.4481407 -0.7025438 -0.5538158 -0.4481407 -0.7025438 -0.5538158 -0.7221134 -0.690802 -0.05283746 -0.7221134 -0.690802 -0.05283746 -0.7221134 -0.690802 -0.05283746 -0.7221134 -0.690802 -0.05283746 0.6105675 -0.626223 -0.4833657 0.6105675 -0.626223 -0.4833657 0.6105675 -0.626223 -0.4833657 0.6105675 -0.626223 -0.4833657 -0.5616436 -0.4500977 -0.694716 -0.5616436 -0.4500977 -0.694716 -0.5616436 -0.4500977 -0.694716 -0.5616436 -0.4500977 -0.694716 -0.8962815 -0.4403128 -0.05870836 -0.8962815 -0.4403128 -0.05870836 -0.8962815 -0.4403128 -0.05870836 -0.8962815 -0.4403128 -0.05870836 -0.6223089 -0.1545987 -0.7671231 -0.6223089 -0.1545987 -0.7671231 -0.6223089 -0.1545987 -0.7671231 -0.6223089 -0.1545987 -0.7671231 -0.9863011 -0.1506847 -0.06262232 -0.9863011 -0.1506847 -0.06262232 -0.9863011 -0.1506847 -0.06262232 -0.9863011 -0.1506847 -0.06262232 -0.6223089 0.1545989 -0.7671232 -0.6223089 0.1545989 -0.7671232 -0.6223089 0.1545989 -0.7671232 -0.6223089 0.1545989 -0.7671232 -0.9863011 0.1506851 -0.06262238 -0.9863011 0.1506851 -0.06262238 -0.9863011 0.1506851 -0.06262238 -0.9863011 0.1506851 -0.06262238 -0.5733852 0.4148728 -0.7064579 -0.5733852 0.4148728 -0.7064579 -0.5733852 0.4148728 -0.7064579 -0.5733852 0.4148728 -0.7064579 -0.9295496 0.3620353 -0.08023494 -0.9295496 0.3620353 -0.08023494 -0.9295496 0.3620353 -0.08023494 -0.9295496 0.3620353 -0.08023494 -0.4931504 0.6203522 -0.6105675 -0.4931504 0.6203522 -0.6105675 -0.4931504 0.6203522 -0.6105675 -0.4931504 0.6203522 -0.6105675 -0.7436397 0.6634051 -0.07045027 -0.7436397 0.6634051 -0.07045027 -0.7436397 0.6634051 -0.07045027 -0.7436397 0.6634051 -0.07045027 0.6164383 0.5929547 -0.5185909 0.6164383 0.5929547 -0.5185909 0.6164383 0.5929547 -0.5185909 0.6164383 0.5929547 -0.5185909 0.003914018 -0.6301368 -0.7769077 0.003914018 -0.6301368 -0.7769077 0.003914018 -0.6301368 -0.7769077 0.003914018 -0.6301368 -0.7769077 0.7260273 -0.2544033 -0.6379645 0.7260273 -0.2544033 -0.6379645 0.7260273 -0.2544033 -0.6379645 0.7260273 -0.2544033 -0.6379645 0.7299412 0.2446181 -0.6399215 0.7299412 0.2446181 -0.6399215 0.7299412 0.2446181 -0.6399215 0.7299412 0.2446181 -0.6399215 0.02739746 0.5675145 -0.8219178 0.02739746 0.5675145 -0.8219178 0.02739746 0.5675145 -0.8219178 0.02739746 0.5675145 -0.8219178 -0.3776907 0.8943247 0.2407042 0.1585126 0.8219177 0.545988 -0.001956993 0.880626 0.4735809 0.2230918 0.7906065 0.5694713 0.2230918 0.7906065 0.5694713 -0.8864967 0.05088077 -0.4618395 -0.8864967 0.05088077 -0.4618395 -0.8864967 0.05088077 -0.4618395 -0.8864967 0.05088077 -0.4618395 -0.8864967 0.05088077 -0.4618395 0.882583 0.04892346 -0.4677102 0.882583 0.04892346 -0.4677102 0.882583 0.04892346 -0.4677102 0.882583 0.04892346 -0.4677102 0.882583 0.04892346 -0.4677102 0.03131133 -0.3209393 -0.9471622 0.03131133 -0.3209393 -0.9471622 0.03131133 -0.3209393 -0.9471622 0.03131133 -0.3209393 -0.9471622 0.03131133 -0.3209393 -0.9471622 0.0704503 0.181996 -0.9804304 0.0704503 0.181996 -0.9804304 0.0704503 0.181996 -0.9804304 0.0704503 0.181996 -0.9804304 0.0704503 0.181996 -0.9804304 -0.6497062 -0.620352 -0.4403129 -0.6497062 -0.620352 -0.4403129 -0.6497062 -0.620352 -0.4403129 -0.6497062 -0.620352 -0.4403129 -0.6497062 -0.620352 -0.4403129 0.1780822 -0.9256358 -0.3326808 0.1780822 -0.9256358 -0.3326808 0.1780822 -0.9256358 -0.3326808 0.1780822 -0.9256358 -0.3326808 0.1780822 -0.9256358 -0.3326808 0.08414889 -0.2583171 -0.9628177 0.08414889 -0.2583171 -0.9628177 0.08414889 -0.2583171 -0.9628177 0.08414889 -0.2583171 -0.9628177 0.08414889 -0.2583171 -0.9628177 0.08219197 0.2465752 -0.9647748 0.08219197 0.2465752 -0.9647748 0.08219197 0.2465752 -0.9647748 0.08219197 0.2465752 -0.9647748 0.08219197 0.2465752 -0.9647748 -0.6986301 0.3679062 0.6125242 -0.6986301 0.3679062 0.6125242 -0.5714286 0.5459883 0.6125242 -0.5655577 0.5538161 0.6105672 -0.4266145 0.6908023 0.5851269 -0.4266145 0.6908023 0.5851269</float_array>
          <technique_common>
            <accessor source="#LB014_1__mShadow-normal-array" count="678" stride="3">
              <param name="X" type="float" />
              <param name="Y" type="float" />
              <param name="Z" type="float" />
            </accessor>
          </technique_common>
        </source>
        <vertices id="LB014_1__mShadow-vertex">
          <input semantic="POSITION" source="#LB014_1__mShadow-position" />
        </vertices>
        <triangles material="mShadow" count="310">
          <input semantic="VERTEX" source="#LB014_1__mShadow-vertex" offset="0" />
          <input semantic="NORMAL" source="#LB014_1__mShadow-normal" offset="1" />
          <p>0 0 1 1 2 2 3 3 4 4 5 5 6 6 7 7 8 8 9 9 10 10 11 11 12 12 13 13 14 14 15 15 16 16 17 17 18 18 19 19 20 20 21 21 22 22 23 23 24 24 25 25 26 26 27 27 28 28 29 29 30 30 31 31 32 32 33 33 34 34 35 35 36 36 37 37 38 38 39 39 40 40 41 41 42 42 43 43 44 44 45 45 46 46 47 47 48 48 49 49 50 50 51 51 52 52 53 53 54 54 55 55 56 56 57 57 58 58 59 59 60 60 61 61 62 62 63 63 64 64 65 65 66 66 67 67 68 68 69 69 70 70 71 71 72 72 73 73 74 74 75 75 76 76 77 77 78 78 79 79 80 80 81 81 82 82 83 83 84 84 85 85 86 86 87 87 88 88 89 89 90 90 91 91 92 92 93 93 94 94 95 95 96 96 97 97 98 98 99 99 100 100 101 101 102 102 103 103 104 104 105 105 106 106 107 107 108 108 109 109 110 110 111 111 112 112 113 113 114 114 115 115 116 116 117 117 118 118 119 119 120 120 121 121 122 122 123 123 124 124 125 125 126 126 127 127 128 128 129 129 130 130 131 131 132 132 133 133 134 134 135 135 136 136 137 137 138 138 139 139 140 140 141 141 142 142 143 143 144 144 145 145 146 146 147 147 148 148 149 149 150 150 151 151 152 152 153 153 154 154 155 155 156 156 157 157 158 158 159 159 160 160 161 161 162 162 163 163 164 164 165 165 166 166 167 167 168 168 169 169 170 170 171 171 172 172 173 173 174 174 175 175 176 176 177 177 178 178 179 179 180 180 181 181 182 182 183 183 184 184 185 185 186 186 187 187 188 188 189 189 190 190 191 191 192 192 193 193 194 194 195 195 196 196 197 197 198 198 199 199 200 200 201 201 202 202 203 203 204 204 205 205 206 206 207 207 208 208 209 209 208 208 210 210 209 209 211 211 212 212 213 213 212 212 214 214 213 213 215 215 216 216 217 217 216 216 218 218 217 217 219 219 220 220 221 221 220 220 222 222 221 221 223 223 224 224 225 225 224 224 226 226 225 225 227 227 228 228 229 229 228 228 230 230 229 229 231 231 232 232 233 233 231 231 234 234 232 232 235 235 236 236 237 237 236 236 238 238 237 237 239 239 240 240 241 241 240 240 242 242 241 241 243 243 244 244 245 245 244 244 246 246 245 245 247 247 248 248 249 249 250 250 248 248 247 247 251 251 252 252 253 253 253 253 252 252 254 254 255 255 256 256 257 257 256 256 258 258 257 257 259 259 260 260 261 261 260 260 262 262 261 261 263 263 264 264 265 265 264 264 266 266 265 265 267 267 268 268 269 269 268 268 270 270 269 269 271 271 272 272 273 273 272 272 274 274 273 273 275 275 276 276 277 277 276 276 278 278 277 277 279 279 280 280 281 281 280 280 282 282 281 281 283 283 284 284 285 285 284 284 286 286 285 285 287 287 288 288 289 289 288 288 290 290 289 289 291 291 292 292 293 293 292 292 294 294 293 293 295 295 296 296 297 297 296 296 298 298 297 297 299 299 300 300 301 301 300 300 302 302 301 301 303 303 304 304 305 305 304 304 306 306 305 305 307 307 308 308 309 309 308 308 310 310 309 309 311 311 312 312 313 313 312 312 314 314 313 313 315 315 316 316 317 317 316 316 318 318 317 317 319 319 320 320 321 321 320 320 322 322 321 321 323 323 324 324 325 325 324 324 326 326 325 325 327 327 328 328 329 329 328 328 330 330 329 329 331 331 332 332 333 333 332 332 334 334 333 333 335 335 336 336 337 337 336 336 338 338 337 337 339 339 340 340 341 341 340 340 342 342 341 341 343 343 344 344 345 345 344 344 346 346 345 345 347 347 348 348 349 349 348 348 350 350 349 349 351 351 352 352 353 353 352 352 354 354 353 353 355 355 356 356 357 357 356 356 358 358 357 357 359 359 360 360 361 361 360 360 362 362 361 361 363 363 364 364 365 365 364 364 366 366 365 365 367 367 368 368 369 369 368 368 370 370 369 369 371 371 372 372 373 373 372 372 374 374 373 373 375 375 376 376 377 377 376 376 378 378 377 377 379 379 380 380 381 381 380 380 382 382 381 381 383 383 384 384 385 385 384 384 386 386 385 385 387 387 388 388 389 389 388 388 390 390 389 389 391 391 392 392 393 393 392 392 394 394 393 393 395 395 396 396 397 397 396 396 398 398 397 397 399 399 400 400 401 401 400 400 402 402 401 401 403 403 404 404 405 405 404 404 406 406 405 405 407 407 408 408 409 409 408 408 410 410 409 409 411 411 412 412 413 413 412 412 414 414 413 413 415 415 416 416 417 417 416 416 418 418 417 417 419 419 420 420 421 421 420 420 422 422 421 421 423 423 424 424 425 425 424 424 426 426 425 425 427 427 428 428 429 429 428 428 430 430 429 429 431 431 432 432 433 433 432 432 434 434 433 433 435 435 436 436 437 437 436 436 438 438 437 437 439 439 440 440 441 441 440 440 442 442 441 441 443 443 444 444 445 445 444 444 446 446 445 445 447 447 448 448 449 449 448 448 450 450 449 449 451 451 452 452 453 453 452 452 454 454 453 453 455 455 456 456 457 457 456 456 458 458 457 457 459 459 460 460 461 461 460 460 462 462 461 461 463 463 464 464 465 465 464 464 466 466 465 465 467 467 468 468 469 469 468 468 470 470 469 469 471 471 472 472 473 473 472 472 474 474 473 473 475 475 476 476 477 477 476 476 478 478 477 477 479 479 480 480 481 481 480 480 482 482 481 481 483 483 484 484 485 485 484 484 486 486 485 485 487 487 488 488 489 489 488 488 490 490 489 489 491 491 492 492 493 493 492 492 494 494 493 493 495 495 496 496 497 497 496 496 498 498 497 497 499 499 500 500 501 501 500 500 502 502 501 501 503 503 504 504 505 505 504 504 506 506 505 505 507 507 508 508 509 509 508 508 510 510 509 509 511 511 512 512 513 513 512 512 514 514 513 513 515 515 516 516 517 517 516 516 518 518 517 517 519 519 520 520 521 521 520 520 522 522 521 521 523 523 524 524 525 525 524 524 526 526 525 525 527 527 528 528 529 529 528 528 530 530 529 529 531 531 532 532 533 533 532 532 534 534 533 533 535 535 536 536 537 537 536 536 538 538 537 537 539 539 540 540 541 541 540 540 542 542 541 541 543 543 544 544 545 545 544 544 546 546 545 545 547 547 548 548 549 549 548 548 550 550 549 549 551 551 552 552 553 553 552 552 554 554 553 553 555 555 556 556 557 557 556 556 558 558 557 557 559 559 560 560 561 561 560 560 562 562 561 561 563 563 564 564 565 565 564 564 566 566 565 565 567 567 568 568 569 569 568 568 570 570 569 569 571 571 572 572 573 573 572 572 574 574 573 573 575 575 576 576 577 577 576 576 578 578 577 577 579 579 580 580 581 581 580 580 582 582 581 581 583 583 584 584 585 585 584 584 586 586 585 585 587 587 588 588 589 589 588 588 590 590 589 589 591 591 592 592 593 593 592 592 594 594 593 593 595 595 596 596 597 597 596 596 598 598 597 597 599 599 600 600 601 601 600 600 602 602 601 601 603 603 604 604 605 605 604 604 606 606 605 605 607 607 608 608 609 609 608 608 610 610 609 609 611 611 612 612 613 613 612 612 614 614 613 613 615 615 616 616 617 617 616 616 618 618 617 617 619 619 620 620 621 621 620 620 622 622 621 621 623 623 624 624 625 625 624 624 626 626 625 625 627 627 628 628 629 629 629 629 628 628 630 630 631 631 629 629 630 630 632 632 633 633 634 634 633 633 635 635 634 634 634 634 635 635 636 636 637 637 638 638 639 639 638 638 640 640 639 639 639 639 640 640 641 641 642 642 643 643 644 644 643 643 645 645 644 644 644 644 645 645 646 646 647 647 648 648 649 649 648 648 650 650 649 649 649 649 650 650 651 651 652 652 653 653 654 654 653 653 655 655 654 654 654 654 655 655 656 656 657 657 658 658 659 659 658 658 660 660 659 659 659 659 660 660 661 661 662 662 663 663 664 664 663 663 665 665 664 664 664 664 665 665 666 666 667 667 668 668 669 669 668 668 670 670 669 669 669 669 670 670 671 671 672 672 673 673 674 674 675 675 672 672 674 674 675 675 674 674 676 676 674 674 677 677 676 676 </p>
        </triangles>
      </mesh>
    </geometry>
    <geometry id="LB014__mTreeOakLeafBack-mesh" name="LB014__mTreeOakLeafBack">
      <mesh>
        <source id="LB014__mTreeOakLeafBack-position">
          <float_array id="LB014__mTreeOakLeafBack-position-array" count="636">5.970338 14.28507 -0.9887969 6.697558 12.54527 -0.9024265 6.670508 15.06539 -1.135024 9.158759 15.44881 -1.431442 9.961872 11.64933 -1.160605 9.977878 15.182 -1.492306 11.14339 13.07512 -1.417546 -1.207622 18.44283 1.59087 -0.8712664 16.39457 2.095217 -0.2392702 19.14733 1.61995 2.574792 19.04606 2.167574 2.453275 14.73677 3.073732 3.398001 18.58429 2.42092 4.115961 16.04444 3.102531 7.394488 14.03943 1.202072 8.744255 12.23322 1.164094 7.966212 15.1511 1.010803 10.70634 16.32739 0.4816304 12.75368 12.15224 0.5580201 11.72488 16.25832 0.3321923 13.68613 14.15474 0.228387 3.462948 13.20424 0.9597659 4.779726 11.60941 0.9055212 3.943444 14.25356 0.8411508 6.417244 15.46699 0.4842265 8.473638 11.72864 0.4751 7.357626 15.45271 0.3773549 9.249502 13.61411 0.2719916 1.129662 9.961339 -2.295059 3.144551 8.600439 -2.443455 1.321206 11.30988 -2.398696 3.703492 13.51468 -2.805192 7.265981 9.978056 -2.999088 4.767588 13.81489 -2.94529 7.511568 12.37175 -3.172232 7.727055 16.94516 6.352949 9.59404 16.33133 5.679044 7.312575 17.91887 5.865602 7.992387 19.85641 3.976506 11.74615 17.9817 3.10875 8.570248 20.24378 3.328777 10.9485 19.69429 2.293535 -4.857511 28.42955 -4.481872 -4.600926 26.7842 -2.112341 -3.604302 29.4162 -4.787858 -0.1298953 30.42058 -3.357175 -0.6161386 26.63715 1.238691 0.852806 30.33971 -2.472049 1.543297 28.41625 0.6074533 1.487463 28.80197 -1.395677 3.254336 27.55248 -1.476693 1.261476 29.45416 -2.394832 2.333898 29.96636 -5.049125 5.759204 27.16746 -4.434019 2.995405 29.83802 -5.775457 5.292281 28.35038 -6.160969 -6.863906 24.61909 -1.570997 -6.251001 22.74438 -0.6695833 -6.159702 25.57751 -1.31725 -3.76815 26.29412 0.1822014 -3.178553 22.11006 1.647432 -2.999127 26.08769 0.7741151 -1.985159 23.85008 2.048351 2.084526 27.32961 1.626262 3.311139 25.46717 1.725784 2.401887 28.13696 0.723763 4.370217 28.47523 -1.511939 6.385416 24.42932 -0.6384292 5.156418 28.17032 -2.088122 6.882604 25.90718 -2.205704 -13.00587 18.31271 -1.096037 -12.79702 16.57762 -0.3825531 -12.18683 18.96735 -0.9506204 -9.877568 19.03086 0.09318531 -10.11959 15.33618 1.295337 -9.216285 18.67958 0.5234805 -8.71005 16.54412 1.516676 -7.91602 11.01574 -2.572692 -6.202551 9.64578 -2.173799 -7.622611 12.22554 -2.690053 -5.259894 14.06383 -2.619145 -2.330173 10.61665 -1.795095 -4.264998 14.26421 -2.515543 -1.895282 12.77045 -2.015408 -8.250986 19.76052 4.07064 -6.515075 18.71551 5.001478 -7.963259 20.70734 3.306299 -5.594177 22.17149 2.206082 -2.618799 19.52363 4.504199 -4.592818 22.34087 2.109697 -2.194708 21.2081 3.140655 -0.4960923 15.94706 3.628669 -0.2439194 13.71202 3.795879 0.5252047 16.63405 3.919631 3.397017 16.31259 4.827152 3.080039 11.67288 4.912398 4.217789 15.75236 5.105098 4.838021 12.95822 5.409159 -4.111379 20.16494 1.369695 -2.90728 18.29366 1.547471 -3.452544 21.22862 1.330128 -0.6241187 22.22007 1.394599 1.088446 17.96181 1.752111 0.3870928 22.0878 1.449553 2.177986 19.88398 1.675985 1.534067 21.66267 1.985161 3.06377 21.27336 3.020382 1.724086 22.02492 1.00885 3.647806 22.59493 -0.540555 6.318333 21.60121 2.111843 4.486415 22.66459 -0.7347944 6.582022 22.24522 0.3767314 -3.737671 30.17089 -4.495794 -3.681906 29.37642 -2.784374 -2.85816 30.68066 -4.790931 -0.5362726 31.25173 -3.948915 -1.106346 29.39936 -0.5727954 0.09589316 31.23568 -3.360734 0.4144767 30.31619 -1.157108 8.9055 15.97128 5.027734 10.72281 15.22296 4.353967 8.611114 17.02077 4.616238 9.554289 19.02783 2.923012 13.12476 16.84758 1.997492 10.19197 19.40523 2.327641 12.53722 18.69715 1.313637 5.64714 18.71214 5.764219 7.557682 17.90338 5.653305 5.496461 19.72271 5.204355 6.897844 21.57273 3.65566 10.53001 19.31099 3.879722 7.677729 21.89535 3.21836 10.18737 21.09576 2.914847 2.652833 12.26402 -1.657529 3.995296 10.39147 -1.508905 3.278708 13.39129 -1.775369 6.151731 14.54565 -1.940204 8.144209 10.23643 -1.576484 7.204224 14.45664 -1.9527 9.170752 12.26878 -1.786925 2.949083 17.9651 -1.859433 4.228038 23.92865 -2.924494 -0.4098459 26.22587 -3.648119 -3.918375 17.65738 -2.219882 -5.943758 19.52476 -2.701549 -5.056165 26.06569 -3.901192 -2.793985 12.17945 3.214931 -2.465698 17.32816 2.83242 -6.555 18.69551 2.143002 -8.399671 11.09719 2.516053 -10.2902 12.41815 2.139971 -10.35346 18.0035 1.665995 -4.984459 16.26629 3.99985 -3.611833 20.79367 1.906529 -7.025599 22.02181 -0.5235388 -10.28179 15.34882 1.955363 -11.71611 16.52257 0.5321491 -10.60648 21.43649 -1.926892 7.662633 22.70049 -2.753645 6.405817 27.29745 -5.042332 2.308566 28.26738 -3.564363 2.937658 21.40159 0.4925156 0.8357319 22.46238 0.8915353 -0.9055833 27.42399 -1.381799 11.3349 14.6367 1.037637 10.76006 19.39347 -0.3886163 6.817373 20.41735 0.7122576 6.431385 13.31948 3.298975 4.491876 14.42671 3.632667 3.487699 19.56284 2.23404 8.335291 17.67042 4.119573 8.385912 21.09549 0.9422568 4.621097 22.19887 0.5413812 3.315893 17.20734 5.374635 1.542419 18.17771 4.768882 1.217934 21.91271 1.366589 11.79568 18.49251 -0.1198287 9.462286 20.97037 -3.320537 6.111659 22.06312 -1.551022 8.665803 18.54792 4.025627 6.775877 19.38918 4.443029 3.970372 22.12083 1.233926 2.766221 23.23653 0.5652356 3.069475 28.24057 -0.1097946 -0.9360776 29.52312 -0.8451343 -2.714364 22.12317 -0.03004456 -4.568572 23.38509 -0.4661589 -4.649911 28.80885 -1.254272 2.224052 13.67792 4.205582 4.287366 12.53836 4.112833 5.83291 16.75694 5.030468 1.651712 19.28575 3.656821 6.855371 13.29487 3.761295 5.241517 20.32545 3.167339 9.794721 14.16314 3.358664 9.320961 19.32463 2.848015 -3.185787 23.5087 -0.1535482 -1.02222 22.24939 0.4072018 0.8674896 26.82382 -0.2038431 -3.381965 28.96724 -3.000338 1.836587 22.78183 -0.000939846 0.6129899 29.69435 -3.561821 5.10897 23.39356 -0.4693089 4.986244 28.41355 -3.090001 -9.045816 14.85861 4.817837 -6.681631 13.71742 5.131749 -5.172187 18.56065 4.553396 -9.929554 20.60611 2.272164 -3.832838 14.52913 4.512008 -5.946472 21.72251 1.414103 -0.5722013 15.46064 3.801545 -1.326104 20.75142 1.452947</float_array>
          <technique_common>
            <accessor source="#LB014__mTreeOakLeafBack-position-array" count="212" stride="3">
              <param name="X" type="float" />
              <param name="Y" type="float" />
              <param name="Z" type="float" />
            </accessor>
          </technique_common>
        </source>
        <source id="LB014__mTreeOakLeafBack-normal">
          <float_array id="LB014__mTreeOakLeafBack-normal-array" count="636">0.1115458 0.08414874 0.990215 0.1115458 0.08414874 0.990215 0.103718 0.09197653 0.990215 0.1115458 0.08414874 0.990215 0.103718 0.09197653 0.990215 0.1115458 0.08414874 0.990215 0.1115458 0.08414874 0.990215 -0.1741685 0.1976517 0.9647747 -0.1741685 0.1976517 0.9647747 -0.1800393 0.2074365 0.9608607 -0.1741685 0.1976517 0.9647747 -0.1800393 0.2074365 0.9608607 -0.1741685 0.1976517 0.9647747 -0.1741685 0.1976517 0.9647747 0.1604694 0.08610568 0.9843442 0.1604694 0.08610568 0.9843442 0.1506847 0.09197652 0.9843442 0.1604694 0.08610568 0.9843442 0.1506847 0.09197652 0.9843442 0.1604694 0.08610568 0.9843442 0.1604694 0.08610568 0.9843442 0.1232874 0.05479454 0.990215 0.1232874 0.05479454 0.990215 0.1135027 0.06066538 0.9921719 0.1232874 0.05479454 0.990215 0.1135027 0.06066538 0.9921719 0.1232874 0.05479454 0.990215 0.1232874 0.05479454 0.990215 0.1232874 0.05675149 0.990215 0.1232874 0.05675149 0.990215 0.1135027 0.06066538 0.9921719 0.1232874 0.05675149 0.990215 0.1135027 0.06066538 0.9921719 0.1232874 0.05675149 0.990215 0.1232874 0.05675149 0.990215 0.4461837 0.5440311 0.7103715 0.4461837 0.5440311 0.7103715 0.436399 0.5440311 0.7162424 0.4461837 0.5440311 0.7103715 0.436399 0.5440311 0.7162424 0.4461837 0.5440311 0.7103715 0.4461837 0.5440311 0.7103715 -0.4285714 0.7142857 0.5538158 -0.4285714 0.7142857 0.5538158 -0.4324853 0.7181996 0.545988 -0.4285714 0.7142857 0.5538158 -0.4324853 0.7181996 0.545988 -0.4285714 0.7142857 0.5538158 -0.4285714 0.7142857 0.5538158 0.5577298 0.7475535 0.362035 0.5577298 0.7475535 0.362035 0.547945 0.7514674 0.3659489 0.5577298 0.7475535 0.362035 0.547945 0.7514674 0.3659489 0.5577298 0.7475535 0.362035 0.5577298 0.7475535 0.362035 -0.55773 0.1937379 0.8082189 -0.55773 0.1937379 0.8082189 -0.5636008 0.2015657 0.802348 -0.55773 0.1937379 0.8082189 -0.5636008 0.2015657 0.802348 -0.55773 0.1937379 0.8082189 -0.55773 0.1937379 0.8082189 0.6418784 0.4442268 0.624266 0.6418784 0.4442268 0.624266 0.6340506 0.4520546 0.6262228 0.6418784 0.4442268 0.624266 0.6340506 0.4520546 0.6262228 0.6418784 0.4442268 0.624266 0.6418784 0.4442268 0.624266 -0.3953034 0.299413 0.8688843 -0.3953034 0.299413 0.8688843 -0.3992173 0.3072408 0.8630134 -0.3953034 0.299413 0.8688843 -0.3992173 0.3072408 0.8630134 -0.3953034 0.299413 0.8688843 -0.3953034 0.299413 0.8688843 -0.117417 0.1232877 0.9863011 -0.117417 0.1232877 0.9863011 -0.1272017 0.1272016 0.9843442 -0.117417 0.1232877 0.9863011 -0.1272017 0.1272016 0.9843442 -0.117417 0.1232877 0.9863011 -0.117417 0.1232877 0.9863011 -0.02348348 0.6320938 0.7749508 -0.02348348 0.6320938 0.7749508 -0.03326822 0.6340508 0.7729938 -0.02348348 0.6320938 0.7749508 -0.03326822 0.6340508 0.7729938 -0.02348348 0.6320938 0.7749508 -0.02348348 0.6320938 0.7749508 -0.2915853 0.02739737 0.95499 -0.2915853 0.02739737 0.95499 -0.2974561 0.03718211 0.95499 -0.2915853 0.02739737 0.95499 -0.2974561 0.03718211 0.95499 -0.2915853 0.02739737 0.95499 -0.2915853 0.02739737 0.95499 -0.03718219 0.05870847 0.9980428 -0.03718219 0.05870847 0.9980428 -0.04500998 0.06457931 0.9960859 -0.03718219 0.05870847 0.9980428 -0.04500998 0.06457931 0.9960859 -0.03718219 0.05870847 0.9980428 -0.03718219 0.05870847 0.9980428 0.01369861 0.9354205 0.3502932 0.01369861 0.9354205 0.3502932 0.00195693 0.9373775 0.3483363 0.01369861 0.9354205 0.3502932 0.00195693 0.9373775 0.3483363 0.01369861 0.9354205 0.3502932 0.01369861 0.9354205 0.3502932 -0.3502935 0.8414872 0.4129156 -0.3502935 0.8414872 0.4129156 -0.3542074 0.8434441 0.4031308 -0.3502935 0.8414872 0.4129156 -0.3542074 0.8434441 0.4031308 -0.3502935 0.8414872 0.4129156 -0.3502935 0.8414872 0.4129156 0.473581 0.4324852 0.767123 0.473581 0.4324852 0.767123 0.4637962 0.4324852 0.7729938 0.473581 0.4324852 0.767123 0.4637962 0.4324852 0.7729938 0.473581 0.4324852 0.767123 0.473581 0.4324852 0.767123 0.2681015 0.4970645 0.8258314 0.2681015 0.4970645 0.8258314 0.2583168 0.4970645 0.8277884 0.2681015 0.4970645 0.8258314 0.2583168 0.4970645 0.8277884 0.2681015 0.4970645 0.8258314 0.2681015 0.4970645 0.8258314 0.029354 0.08806265 0.9960859 0.029354 0.08806265 0.9960859 0.01956926 0.09393349 0.9960859 0.029354 0.08806265 0.9960859 0.01956926 0.09393349 0.9960859 0.029354 0.08806265 0.9960859 0.029354 0.08806265 0.9960859 -0.06066554 0.187867 0.9804302 -0.05283776 0.1800392 0.9823872 -0.05283776 0.1800392 0.9823872 -0.05283776 0.1800392 0.9823872 -0.05283776 0.1800392 0.9823872 -0.06066554 0.187867 0.9804302 -0.1389434 0.08219185 0.9863011 -0.1311156 0.07436407 0.9882581 -0.1311156 0.07436407 0.9882581 -0.1311156 0.07436407 0.9882581 -0.1311156 0.07436407 0.9882581 -0.1389434 0.08219185 0.9863011 -0.3874756 0.481409 0.7866924 -0.3816048 0.4735813 0.7925633 -0.3816048 0.4735813 0.7925633 -0.3816048 0.4735813 0.7925633 -0.3816048 0.4735813 0.7925633 -0.3874756 0.481409 0.7866924 0.3953031 0.4931505 0.7749508 0.4050879 0.4872797 0.7729938 0.4050879 0.4872797 0.7729938 0.4050879 0.4872797 0.7729938 0.4050879 0.4872797 0.7729938 0.3953031 0.4931505 0.7749508 0.3287669 0.3072406 0.8923676 0.3385516 0.3013698 0.8923676 0.3385516 0.3013698 0.8923676 0.3385516 0.3013698 0.8923676 0.3385516 0.3013698 0.8923676 0.3287669 0.3072406 0.8923676 0.1193736 0.6751466 0.7279841 0.1272014 0.6673189 0.731898 0.1272014 0.6673189 0.731898 0.1272014 0.6673189 0.731898 0.1272014 0.6673189 0.731898 0.1193736 0.6751466 0.7279841 0.4442269 0.8356161 0.322896 0.4540116 0.8317022 0.322896 0.4540116 0.8317022 0.322896 0.4540116 0.8317022 0.322896 0.4540116 0.8317022 0.322896 0.4442269 0.8356161 0.322896 -0.1350295 0.1409003 0.9804303 -0.1272017 0.1330725 0.9823872 -0.1272017 0.1330725 0.9823872 -0.1272017 0.1330725 0.9823872 -0.1272017 0.1330725 0.9823872 -0.1350295 0.1409003 0.9804303 0.1115458 0.09980432 0.9882581 0.1115458 0.09980432 0.9882581 0.09589019 0.1428572 0.9843442 -0.1761254 0.2289629 0.9569468 0.21135 -0.2818003 0.9354206 0.1115458 0.09980432 0.9882581 0.3874753 -0.003913919 0.9217219 0.1115458 0.09980432 0.9882581 0.04892351 0.4559686 0.8884537 0.04892351 0.4559686 0.8884537 0.03326794 0.4951076 0.8688843 -0.2289629 0.5733855 0.7866924 0.1272013 0.08023484 0.9882581 0.04892351 0.4559686 0.8884537 0.3209391 0.3268101 0.8884537 0.04892351 0.4559686 0.8884537 0.08806244 0.4090019 0.9080232 0.08806244 0.4090019 0.9080232 0.07044993 0.444227 0.8943245 -0.187867 0.5029354 0.8434439 0.1976514 0.05479452 0.9784734 0.08806244 0.4090019 0.9080232 0.3522502 0.3091976 0.8845398 0.08806244 0.4090019 0.9080232</float_array>
          <technique_common>
            <accessor source="#LB014__mTreeOakLeafBack-normal-array" count="212" stride="3">
              <param name="X" type="float" />
              <param name="Y" type="float" />
              <param name="Z" type="float" />
            </accessor>
          </technique_common>
        </source>
        <source id="LB014__mTreeOakLeafBack-color">
          <float_array id="LB014__mTreeOakLeafBack-color-array" count="848">1 1 1 0.0009994507 1 1 1 0.0009994507 1 1 1 0.0009994507 1 1 1 0.0009994507 1 1 1 0.0009994507 1 1 1 0.0009994507 1 1 1 0.0009994507 1 1 1 0.0009994507 1 1 1 0.0009994507 1 1 1 0.0009994507 1 1 1 0.0009994507 1 1 1 0.0009994507 1 1 1 0.0009994507 1 1 1 0.0009994507 11 15.5 0.5 1 11 15.5 0.5 1 11 15.5 0.5 1 11 15.5 0.5 1 11 15.5 0.5 1 11 15.5 0.5 1 11 15.5 0.5 1 6.097656 14.39844 0.5996094 1 6.097656 14.39844 0.5996094 1 6.097656 14.39844 0.5996094 1 6.097656 14.39844 0.5996094 1 6.097656 14.39844 0.5996094 1 6.097656 14.39844 0.5996094 1 6.097656 14.39844 0.5996094 1 4.296875 12.79688 -2.798828 1 4.296875 12.79688 -2.798828 1 4.296875 12.79688 -2.798828 1 4.296875 12.79688 -2.798828 1 4.296875 12.79688 -2.798828 1 4.296875 12.79688 -2.798828 1 4.296875 12.79688 -2.798828 1 1 1 1 0.0009994507 1 1 1 0.0009994507 1 1 1 0.0009994507 1 1 1 0.0009994507 1 1 1 0.0009994507 1 1 1 0.0009994507 1 1 1 0.0009994507 1 1 1 0.0009994507 1 1 1 0.0009994507 1 1 1 0.0009994507 1 1 1 0.0009994507 1 1 1 0.0009994507 1 1 1 0.0009994507 1 1 1 0.0009994507 1 1 1 0.0009994507 1 1 1 0.0009994507 1 1 1 0.0009994507 1 1 1 0.0009994507 1 1 1 0.0009994507 1 1 1 0.0009994507 1 1 1 0.0009994507 -3.699219 25.5 0.3999023 0.3999023 -3.699219 25.5 0.3999023 0.3999023 -3.699219 25.5 0.3999023 0.3999023 -3.699219 25.5 0.3999023 0.3999023 -3.699219 25.5 0.3999023 0.3999023 -3.699219 25.5 0.3999023 0.3999023 -3.699219 25.5 0.3999023 0.3999023 1 1 1 0.0009994507 1 1 1 0.0009994507 1 1 1 0.0009994507 1 1 1 0.0009994507 1 1 1 0.0009994507 1 1 1 0.0009994507 1 1 1 0.0009994507 1 1 1 0.0009994507 1 1 1 0.0009994507 1 1 1 0.0009994507 1 1 1 0.0009994507 1 1 1 0.0009994507 1 1 1 0.0009994507 1 1 1 0.0009994507 -5.398438 12.89844 -2.5 1 -5.398438 12.89844 -2.5 1 -5.398438 12.89844 -2.5 1 -5.398438 12.89844 -2.5 1 -5.398438 12.89844 -2.5 1 -5.398438 12.89844 -2.5 1 -5.398438 12.89844 -2.5 1 1 1 1 0.0009994507 1 1 1 0.0009994507 1 1 1 0.0009994507 1 1 1 0.0009994507 1 1 1 0.0009994507 1 1 1 0.0009994507 1 1 1 0.0009994507 3.199219 15.39844 4.796875 1 3.199219 15.39844 4.796875 1 3.199219 15.39844 4.796875 1 3.199219 15.39844 4.796875 1 3.199219 15.39844 4.796875 1 3.199219 15.39844 4.796875 1 3.199219 15.39844 4.796875 1 1 1 1 0.0009994507 1 1 1 0.0009994507 1 1 1 0.0009994507 1 1 1 0.0009994507 1 1 1 0.0009994507 1 1 1 0.0009994507 1 1 1 0.0009994507 1 1 1 0.0009994507 1 1 1 0.0009994507 1 1 1 0.0009994507 1 1 1 0.0009994507 1 1 1 0.0009994507 1 1 1 0.0009994507 1 1 1 0.0009994507 1 1 1 0.0009994507 1 1 1 0.0009994507 1 1 1 0.0009994507 1 1 1 0.0009994507 1 1 1 0.0009994507 1 1 1 0.0009994507 1 1 1 0.0009994507 10.19531 18.5 2.798828 0.5996094 10.19531 18.5 2.798828 0.5996094 10.19531 18.5 2.798828 0.5996094 10.19531 18.5 2.798828 0.5996094 10.19531 18.5 2.798828 0.5996094 10.19531 18.5 2.798828 0.5996094 10.19531 18.5 2.798828 0.5996094 1 1 1 0.0009994507 1 1 1 0.0009994507 1 1 1 0.0009994507 1 1 1 0.0009994507 1 1 1 0.0009994507 1 1 1 0.0009994507 1 1 1 0.0009994507 6.5 13.69531 -1.899414 1 6.5 13.69531 -1.899414 1 6.5 13.69531 -1.899414 1 6.5 13.69531 -1.899414 1 6.5 13.69531 -1.899414 1 6.5 13.69531 -1.899414 1 6.5 13.69531 -1.899414 1 -1.399414 21.89063 -2.898438 0.0009994507 -1.399414 21.89063 -2.898438 0.0009994507 -1.399414 21.89063 -2.898438 0.0009994507 -1.399414 21.89063 -2.898438 0.0009994507 -1.399414 21.89063 -2.898438 0.0009994507 -1.399414 21.89063 -2.898438 0.0009994507 -6.796875 15 2.398438 1 -6.796875 15 2.398438 1 -6.796875 15 2.398438 1 -6.796875 15 2.398438 1 -6.796875 15 2.398438 1 -6.796875 15 2.398438 1 1 1 1 0.0009994507 1 1 1 0.0009994507 1 1 1 0.0009994507 1 1 1 0.0009994507 1 1 1 0.0009994507 1 1 1 0.0009994507 1 1 1 0.0009994507 1 1 1 0.0009994507 1 1 1 0.0009994507 1 1 1 0.0009994507 1 1 1 0.0009994507 1 1 1 0.0009994507 1 1 1 0.0009994507 1 1 1 0.0009994507 1 1 1 0.0009994507 1 1 1 0.0009994507 1 1 1 0.0009994507 1 1 1 0.0009994507 1 1 1 0.0009994507 1 1 1 0.0009994507 1 1 1 0.0009994507 1 1 1 0.0009994507 1 1 1 0.0009994507 1 1 1 0.0009994507 1 1 1 0.0009994507 1 1 1 0.0009994507 1 1 1 0.0009994507 1 1 1 0.0009994507 1 1 1 0.0009994507 1 1 1 0.0009994507 1 1 1 0.0009994507 1 1 1 0.0009994507 1 1 1 0.0009994507 1 1 1 0.0009994507 1 1 1 0.0009994507 1 1 1 0.0009994507 1 1 1 0.0009994507 1 1 1 0.0009994507 1 1 1 0.0009994507 1 1 1 0.0009994507 1 1 1 0.0009994507 1 1 1 0.0009994507 1 1 1 0.0009994507 1 1 1 0.0009994507 1 1 1 0.0009994507 1 1 1 0.0009994507 1 1 1 0.0009994507 1 1 1 0.0009994507 1 1 1 0.0009994507 1 1 1 0.0009994507 1 1 1 0.0009994507 1 1 1 0.0009994507 1 1 1 0.0009994507 1 1 1 0.0009994507 1 1 1 0.0009994507 1 1 1 0.0009994507 1 1 1 0.0009994507 1 1 1 0.0009994507 1 1 1 0.0009994507 1 1 1 0.0009994507</float_array>
          <technique_common>
            <accessor source="#LB014__mTreeOakLeafBack-color-array" count="212" stride="4">
              <param name="R" type="float" />
              <param name="G" type="float" />
              <param name="B" type="float" />
              <param name="A" type="float" />
            </accessor>
          </technique_common>
        </source>
        <source id="LB014__mTreeOakLeafBack-texcoord">
          <float_array id="LB014__mTreeOakLeafBack-texcoord-array" count="424">0.02700888 0.2784814 0.1331523 0.1031221 0.1309549 0.3592334 0.4987945 0.4033021 0.6133 0.01687676 0.61919 0.374279 0.7878353 0.1627247 0.02700888 0.2784814 0.1331523 0.1031221 0.1309549 0.3592334 0.4987945 0.4033021 0.6133 0.01687676 0.61919 0.374279 0.7878353 0.1627247 0.02700888 0.2784814 0.1331523 0.1031221 0.1309549 0.3592334 0.4987945 0.4033021 0.6133 0.01687676 0.61919 0.374279 0.7878353 0.1627247 0.02700888 0.2784814 0.1331523 0.1031221 0.1309549 0.3592334 0.4987945 0.4033021 0.6133 0.01687676 0.61919 0.374279 0.7878353 0.1627247 0.02700888 0.2784814 0.1331523 0.1031221 0.1309549 0.3592334 0.4987945 0.4033021 0.6133 0.01687676 0.61919 0.374279 0.7878353 0.1627247 0.02700888 0.2784814 0.1331523 0.1031221 0.1309549 0.3592334 0.4987945 0.4033021 0.6133 0.01687676 0.61919 0.374279 0.7878353 0.1627247 0.02700888 0.2784814 0.1331523 0.1031221 0.1309549 0.3592334 0.4987945 0.4033021 0.6133 0.01687676 0.61919 0.374279 0.7878353 0.1627247 0.02700888 0.2784814 0.1331523 0.1031221 0.1309549 0.3592334 0.4987945 0.4033021 0.6133 0.01687676 0.61919 0.374279 0.7878353 0.1627247 0.02700888 0.2784814 0.1331523 0.1031221 0.1309549 0.3592334 0.4987945 0.4033021 0.6133 0.01687676 0.61919 0.374279 0.7878353 0.1627247 0.02700888 0.2784814 0.1331523 0.1031221 0.1309549 0.3592334 0.4987945 0.4033021 0.6133 0.01687676 0.61919 0.374279 0.7878353 0.1627247 0.02700888 0.2784814 0.1331523 0.1031221 0.1309549 0.3592334 0.4987945 0.4033021 0.6133 0.01687676 0.61919 0.374279 0.7878353 0.1627247 0.02700888 0.2784814 0.1331523 0.1031221 0.1309549 0.3592334 0.4987945 0.4033021 0.6133 0.01687676 0.61919 0.374279 0.7878353 0.1627247 0.02700888 0.2784814 0.1331523 0.1031221 0.1309549 0.3592334 0.4987945 0.4033021 0.6133 0.01687676 0.61919 0.374279 0.7878353 0.1627247 0.02700888 0.2784814 0.1331523 0.1031221 0.1309549 0.3592334 0.4987945 0.4033021 0.6133 0.01687676 0.61919 0.374279 0.7878353 0.1627247 0.02700888 0.2784814 0.1331523 0.1031221 0.1309549 0.3592334 0.4987945 0.4033021 0.6133 0.01687676 0.61919 0.374279 0.7878353 0.1627247 0.02700888 0.2784814 0.1331523 0.1031221 0.1309549 0.3592334 0.4987945 0.4033021 0.6133 0.01687676 0.61919 0.374279 0.7878353 0.1627247 0.02700888 0.2784814 0.1331523 0.1031221 0.1309549 0.3592334 0.4987945 0.4033021 0.6133 0.01687676 0.61919 0.374279 0.7878353 0.1627247 0.02700888 0.2784814 0.1331523 0.1031221 0.1309549 0.3592334 0.4987945 0.4033021 0.6133 0.01687676 0.61919 0.374279 0.7878353 0.1627247 0.02700888 0.2784814 0.1331523 0.1031221 0.1309549 0.3592334 0.4987945 0.4033021 0.6133 0.01687676 0.61919 0.374279 0.7878353 0.1627247 0.02700888 0.2784814 0.1331523 0.1031221 0.1309549 0.3592334 0.4987945 0.4033021 0.6133 0.01687676 0.61919 0.374279 0.7878353 0.1627247 0.9256569 0.4737999 0.9829707 0.8810694 0.4842982 1.002045 0.2323069 0.4051942 0.004028443 0.5157323 0.01458785 0.9588305 0.9256569 0.4737999 0.9829707 0.8810694 0.4842982 1.002045 0.2323069 0.4051942 0.004028443 0.5157323 0.01458785 0.9588305 0.9256569 0.4737999 0.9829707 0.8810694 0.4842982 1.002045 0.2323069 0.4051942 0.004028443 0.5157323 0.01458785 0.9588305 0.9256569 0.4737999 0.9829707 0.8810694 0.4842982 1.002045 0.2323069 0.4051942 0.004028443 0.5157323 0.01458785 0.9588305 0.9256569 0.4737999 0.9829707 0.8810694 0.4842982 1.002045 0.2323069 0.4051942 0.004028443 0.5157323 0.01458785 0.9588305 0.9256569 0.4737999 0.9829707 0.8810694 0.4842982 1.002045 0.2323069 0.4051942 0.004028443 0.5157323 0.01458785 0.9588305 0.9256569 0.4737999 0.9829707 0.8810694 0.4842982 1.002045 0.2323069 0.4051942 0.004028443 0.5157323 0.01458785 0.9588305 0.9256569 0.4737999 0.9829707 0.8810694 0.4842982 1.002045 0.2323069 0.4051942 0.004028443 0.5157323 0.01458785 0.9588305 0.004028443 0.5157323 0.2323069 0.4051942 0.4934843 0.6984161 0.01458785 0.9588305 0.5547349 0.4370861 0.4842982 1.002045 0.9256569 0.4737999 0.9829707 0.8810694 0.004028443 0.5157323 0.2323069 0.4051942 0.4934843 0.6984161 0.01458785 0.9588305 0.5547349 0.4370861 0.4842982 1.002045 0.9256569 0.4737999 0.9829707 0.8810694 0.004028443 0.5157323 0.2323069 0.4051942 0.4934843 0.6984161 0.01458785 0.9588305 0.5547349 0.4370861 0.4842982 1.002045 0.9256569 0.4737999 0.9829707 0.8810694</float_array>
          <technique_common>
            <accessor source="#LB014__mTreeOakLeafBack-texcoord-array" count="212" stride="2">
              <param name="S" type="float" />
              <param name="T" type="float" />
            </accessor>
          </technique_common>
        </source>
        <source id="LB014__mTreeOakLeafBack-texcoord_1">
          <float_array id="LB014__mTreeOakLeafBack-texcoord-array_1" count="424">-0.04376221 0.04638672 -0.02838135 0.001953125 -0.02890015 0.06640625 0.02389526 0.07617188 0.04089355 -0.02050781 0.0413208 0.06933594 0.065979 0.015625 -0.04376221 0.04638672 -0.02838135 0.001953125 -0.02890015 0.06640625 0.02389526 0.07617188 0.04089355 -0.02050781 0.0413208 0.06933594 0.065979 0.015625 -0.04376221 0.04638672 -0.02838135 0.001953125 -0.02890015 0.06640625 0.02389526 0.07617188 0.04089355 -0.02050781 0.0413208 0.06933594 0.065979 0.015625 -0.04376221 0.04638672 -0.02838135 0.001953125 -0.02890015 0.06640625 0.02389526 0.07617188 0.04089355 -0.02050781 0.0413208 0.06933594 0.065979 0.015625 -0.04376221 0.04638672 -0.02838135 0.001953125 -0.02890015 0.06640625 0.02389526 0.07617188 0.04089355 -0.02050781 0.0413208 0.06933594 0.065979 0.015625 -0.04376221 0.04638672 -0.02838135 0.001953125 -0.02890015 0.06640625 0.02389526 0.07617188 0.04089355 -0.02050781 0.0413208 0.06933594 0.065979 0.015625 -0.04376221 0.04638672 -0.02838135 0.001953125 -0.02890015 0.06640625 0.02389526 0.07617188 0.04089355 -0.02050781 0.0413208 0.06933594 0.065979 0.015625 -0.04376221 0.04638672 -0.02838135 0.001953125 -0.02890015 0.06640625 0.02389526 0.07617188 0.04089355 -0.02050781 0.0413208 0.06933594 0.065979 0.015625 -0.04376221 0.04638672 -0.02838135 0.001953125 -0.02890015 0.06640625 0.02389526 0.07617188 0.04089355 -0.02050781 0.0413208 0.06933594 0.065979 0.015625 -0.04376221 0.04638672 -0.02838135 0.001953125 -0.02890015 0.06640625 0.02389526 0.07617188 0.04089355 -0.02050781 0.0413208 0.06933594 0.065979 0.015625 -0.04376221 0.04638672 -0.02838135 0.001953125 -0.02890015 0.06640625 0.02389526 0.07617188 0.04089355 -0.02050781 0.0413208 0.06933594 0.065979 0.015625 -0.04376221 0.04638672 -0.02838135 0.001953125 -0.02890015 0.06640625 0.02389526 0.07617188 0.04089355 -0.02050781 0.0413208 0.06933594 0.065979 0.015625 -0.04376221 0.04638672 -0.02838135 0.001953125 -0.02890015 0.06640625 0.02389526 0.07617188 0.04089355 -0.02050781 0.0413208 0.06933594 0.065979 0.015625 -0.04376221 0.04638672 -0.02838135 0.001953125 -0.02890015 0.06640625 0.02389526 0.07617188 0.04089355 -0.02050781 0.0413208 0.06933594 0.065979 0.015625 -0.04376221 0.04638672 -0.02838135 0.001953125 -0.02890015 0.06640625 0.02389526 0.07617188 0.04089355 -0.02050781 0.0413208 0.06933594 0.065979 0.015625 -0.04376221 0.04638672 -0.02838135 0.001953125 -0.02890015 0.06640625 0.02389526 0.07617188 0.04089355 -0.02050781 0.0413208 0.06933594 0.065979 0.015625 -0.04376221 0.04638672 -0.02838135 0.001953125 -0.02890015 0.06640625 0.02389526 0.07617188 0.04089355 -0.02050781 0.0413208 0.06933594 0.065979 0.015625 -0.04376221 0.04638672 -0.02838135 0.001953125 -0.02890015 0.06640625 0.02389526 0.07617188 0.04089355 -0.02050781 0.0413208 0.06933594 0.065979 0.015625 -0.04376221 0.04638672 -0.02838135 0.001953125 -0.02890015 0.06640625 0.02389526 0.07617188 0.04089355 -0.02050781 0.0413208 0.06933594 0.065979 0.015625 -0.04376221 0.04638672 -0.02838135 0.001953125 -0.02890015 0.06640625 0.02389526 0.07617188 0.04089355 -0.02050781 0.0413208 0.06933594 0.065979 0.015625 0.08508301 -0.05859375 0.09307861 0.04541016 0.02389526 0.07617188 -0.01072693 -0.07519531 -0.04229736 -0.04589844 -0.04089355 0.06884766 0.08508301 -0.05859375 0.09307861 0.04541016 0.02389526 0.07617188 -0.01072693 -0.07519531 -0.04229736 -0.04589844 -0.04089355 0.06884766 0.08508301 -0.05859375 0.09307861 0.04541016 0.02389526 0.07617188 -0.01072693 -0.07519531 -0.04229736 -0.04589844 -0.04089355 0.06884766 0.08508301 -0.05859375 0.09307861 0.04541016 0.02389526 0.07617188 -0.01072693 -0.07519531 -0.04229736 -0.04589844 -0.04089355 0.06884766 0.08508301 -0.05859375 0.09307861 0.04541016 0.02389526 0.07617188 -0.01072693 -0.07519531 -0.04229736 -0.04589844 -0.04089355 0.06884766 0.08508301 -0.05859375 0.09307861 0.04541016 0.02389526 0.07617188 -0.01072693 -0.07519531 -0.04229736 -0.04589844 -0.04089355 0.06884766 0.08508301 -0.05859375 0.09307861 0.04541016 0.02389526 0.07617188 -0.01072693 -0.07519531 -0.04229736 -0.04589844 -0.04089355 0.06884766 0.08508301 -0.05859375 0.09307861 0.04541016 0.02389526 0.07617188 -0.01072693 -0.07519531 -0.04229736 -0.04589844 -0.04089355 0.06884766 -0.04229736 -0.04589844 -0.01072693 -0.07519531 0.02540588 0 -0.04089355 0.06884766 0.03381348 -0.06738281 0.02389526 0.07617188 0.08508301 -0.05859375 0.09307861 0.04541016 -0.04229736 -0.04589844 -0.01072693 -0.07519531 0.02540588 0 -0.04089355 0.06884766 0.03381348 -0.06738281 0.02389526 0.07617188 0.08508301 -0.05859375 0.09307861 0.04541016 -0.04229736 -0.04589844 -0.01072693 -0.07519531 0.02540588 0 -0.04089355 0.06884766 0.03381348 -0.06738281 0.02389526 0.07617188 0.08508301 -0.05859375 0.09307861 0.04541016</float_array>
          <technique_common>
            <accessor source="#LB014__mTreeOakLeafBack-texcoord-array_1" count="212" stride="2">
              <param name="S" type="float" />
              <param name="T" type="float" />
            </accessor>
          </technique_common>
        </source>
        <vertices id="LB014__mTreeOakLeafBack-vertex">
          <input semantic="POSITION" source="#LB014__mTreeOakLeafBack-position" />
        </vertices>
        <triangles material="mTreeOakLeafBack" count="153">
          <input semantic="VERTEX" source="#LB014__mTreeOakLeafBack-vertex" offset="0" />
          <input semantic="NORMAL" source="#LB014__mTreeOakLeafBack-normal" offset="1" />
          <input semantic="COLOR" source="#LB014__mTreeOakLeafBack-color" offset="2" set="0" />
          <input semantic="TEXCOORD" source="#LB014__mTreeOakLeafBack-texcoord" offset="3" set="0" />
          <input semantic="TEXCOORD" source="#LB014__mTreeOakLeafBack-texcoord_1" offset="4" set="1" />
          <p>0 0 0 0 0 1 1 1 1 1 2 2 2 2 2 1 1 1 1 1 3 3 3 3 3 2 2 2 2 2 3 3 3 3 3 1 1 1 1 1 4 4 4 4 4 5 5 5 5 5 3 3 3 3 3 4 4 4 4 4 5 5 5 5 5 4 4 4 4 4 6 6 6 6 6 7 7 7 7 7 8 8 8 8 8 9 9 9 9 9 8 8 8 8 8 10 10 10 10 10 9 9 9 9 9 10 10 10 10 10 8 8 8 8 8 11 11 11 11 11 12 12 12 12 12 10 10 10 10 10 11 11 11 11 11 12 12 12 12 12 11 11 11 11 11 13 13 13 13 13 14 14 14 14 14 15 15 15 15 15 16 16 16 16 16 15 15 15 15 15 17 17 17 17 17 16 16 16 16 16 17 17 17 17 17 15 15 15 15 15 18 18 18 18 18 19 19 19 19 19 17 17 17 17 17 18 18 18 18 18 19 19 19 19 19 18 18 18 18 18 20 20 20 20 20 21 21 21 21 21 22 22 22 22 22 23 23 23 23 23 22 22 22 22 22 24 24 24 24 24 23 23 23 23 23 24 24 24 24 24 22 22 22 22 22 25 25 25 25 25 26 26 26 26 26 24 24 24 24 24 25 25 25 25 25 26 26 26 26 26 25 25 25 25 25 27 27 27 27 27 28 28 28 28 28 29 29 29 29 29 30 30 30 30 30 29 29 29 29 29 31 31 31 31 31 30 30 30 30 30 31 31 31 31 31 29 29 29 29 29 32 32 32 32 32 33 33 33 33 33 31 31 31 31 31 32 32 32 32 32 33 33 33 33 33 32 32 32 32 32 34 34 34 34 34 35 35 35 35 35 36 36 36 36 36 37 37 37 37 37 36 36 36 36 36 38 38 38 38 38 37 37 37 37 37 38 38 38 38 38 36 36 36 36 36 39 39 39 39 39 40 40 40 40 40 38 38 38 38 38 39 39 39 39 39 40 40 40 40 40 39 39 39 39 39 41 41 41 41 41 42 42 42 42 42 43 43 43 43 43 44 44 44 44 44 43 43 43 43 43 45 45 45 45 45 44 44 44 44 44 45 45 45 45 45 43 43 43 43 43 46 46 46 46 46 47 47 47 47 47 45 45 45 45 45 46 46 46 46 46 47 47 47 47 47 46 46 46 46 46 48 48 48 48 48 49 49 49 49 49 50 50 50 50 50 51 51 51 51 51 50 50 50 50 50 52 52 52 52 52 51 51 51 51 51 52 52 52 52 52 50 50 50 50 50 53 53 53 53 53 54 54 54 54 54 52 52 52 52 52 53 53 53 53 53 54 54 54 54 54 53 53 53 53 53 55 55 55 55 55 56 56 56 56 56 57 57 57 57 57 58 58 58 58 58 57 57 57 57 57 59 59 59 59 59 58 58 58 58 58 59 59 59 59 59 57 57 57 57 57 60 60 60 60 60 61 61 61 61 61 59 59 59 59 59 60 60 60 60 60 61 61 61 61 61 60 60 60 60 60 62 62 62 62 62 63 63 63 63 63 64 64 64 64 64 65 65 65 65 65 64 64 64 64 64 66 66 66 66 66 65 65 65 65 65 66 66 66 66 66 64 64 64 64 64 67 67 67 67 67 68 68 68 68 68 66 66 66 66 66 67 67 67 67 67 68 68 68 68 68 67 67 67 67 67 69 69 69 69 69 70 70 70 70 70 71 71 71 71 71 72 72 72 72 72 71 71 71 71 71 73 73 73 73 73 72 72 72 72 72 73 73 73 73 73 71 71 71 71 71 74 74 74 74 74 75 75 75 75 75 73 73 73 73 73 74 74 74 74 74 75 75 75 75 75 74 74 74 74 74 76 76 76 76 76 77 77 77 77 77 78 78 78 78 78 79 79 79 79 79 78 78 78 78 78 80 80 80 80 80 79 79 79 79 79 80 80 80 80 80 78 78 78 78 78 81 81 81 81 81 82 82 82 82 82 80 80 80 80 80 81 81 81 81 81 82 82 82 82 82 81 81 81 81 81 83 83 83 83 83 84 84 84 84 84 85 85 85 85 85 86 86 86 86 86 85 85 85 85 85 87 87 87 87 87 86 86 86 86 86 87 87 87 87 87 85 85 85 85 85 88 88 88 88 88 89 89 89 89 89 87 87 87 87 87 88 88 88 88 88 89 89 89 89 89 88 88 88 88 88 90 90 90 90 90 91 91 91 91 91 92 92 92 92 92 93 93 93 93 93 92 92 92 92 92 94 94 94 94 94 93 93 93 93 93 94 94 94 94 94 92 92 92 92 92 95 95 95 95 95 96 96 96 96 96 94 94 94 94 94 95 95 95 95 95 96 96 96 96 96 95 95 95 95 95 97 97 97 97 97 98 98 98 98 98 99 99 99 99 99 100 100 100 100 100 99 99 99 99 99 101 101 101 101 101 100 100 100 100 100 101 101 101 101 101 99 99 99 99 99 102 102 102 102 102 103 103 103 103 103 101 101 101 101 101 102 102 102 102 102 103 103 103 103 103 102 102 102 102 102 104 104 104 104 104 105 105 105 105 105 106 106 106 106 106 107 107 107 107 107 106 106 106 106 106 108 108 108 108 108 107 107 107 107 107 108 108 108 108 108 106 106 106 106 106 109 109 109 109 109 110 110 110 110 110 108 108 108 108 108 109 109 109 109 109 110 110 110 110 110 109 109 109 109 109 111 111 111 111 111 112 112 112 112 112 113 113 113 113 113 114 114 114 114 114 113 113 113 113 113 115 115 115 115 115 114 114 114 114 114 115 115 115 115 115 113 113 113 113 113 116 116 116 116 116 117 117 117 117 117 115 115 115 115 115 116 116 116 116 116 117 117 117 117 117 116 116 116 116 116 118 118 118 118 118 119 119 119 119 119 120 120 120 120 120 121 121 121 121 121 120 120 120 120 120 122 122 122 122 122 121 121 121 121 121 122 122 122 122 122 120 120 120 120 120 123 123 123 123 123 124 124 124 124 124 122 122 122 122 122 123 123 123 123 123 124 124 124 124 124 123 123 123 123 123 125 125 125 125 125 126 126 126 126 126 127 127 127 127 127 128 128 128 128 128 127 127 127 127 127 129 129 129 129 129 128 128 128 128 128 129 129 129 129 129 127 127 127 127 127 130 130 130 130 130 131 131 131 131 131 129 129 129 129 129 130 130 130 130 130 131 131 131 131 131 130 130 130 130 130 132 132 132 132 132 133 133 133 133 133 134 134 134 134 134 135 135 135 135 135 134 134 134 134 134 136 136 136 136 136 135 135 135 135 135 136 136 136 136 136 134 134 134 134 134 137 137 137 137 137 138 138 138 138 138 136 136 136 136 136 137 137 137 137 137 138 138 138 138 138 137 137 137 137 137 139 139 139 139 139 140 140 140 140 140 141 141 141 141 141 142 142 142 142 142 140 140 140 140 140 142 142 142 142 142 143 143 143 143 143 143 143 143 143 143 142 142 142 142 142 144 144 144 144 144 144 144 144 144 144 142 142 142 142 142 145 145 145 145 145 146 146 146 146 146 147 147 147 147 147 148 148 148 148 148 146 146 146 146 146 148 148 148 148 148 149 149 149 149 149 149 149 149 149 149 148 148 148 148 148 150 150 150 150 150 150 150 150 150 150 148 148 148 148 148 151 151 151 151 151 152 152 152 152 152 153 153 153 153 153 154 154 154 154 154 152 152 152 152 152 154 154 154 154 154 155 155 155 155 155 155 155 155 155 155 154 154 154 154 154 156 156 156 156 156 156 156 156 156 156 154 154 154 154 154 157 157 157 157 157 158 158 158 158 158 159 159 159 159 159 160 160 160 160 160 158 158 158 158 158 160 160 160 160 160 161 161 161 161 161 161 161 161 161 161 160 160 160 160 160 162 162 162 162 162 162 162 162 162 162 160 160 160 160 160 163 163 163 163 163 164 164 164 164 164 165 165 165 165 165 166 166 166 166 166 164 164 164 164 164 166 166 166 166 166 167 167 167 167 167 167 167 167 167 167 166 166 166 166 166 168 168 168 168 168 168 168 168 168 168 166 166 166 166 166 169 169 169 169 169 170 170 170 170 170 171 171 171 171 171 172 172 172 172 172 170 170 170 170 170 172 172 172 172 172 173 173 173 173 173 173 173 173 173 173 172 172 172 172 172 174 174 174 174 174 174 174 174 174 174 172 172 172 172 172 175 175 175 175 175 176 176 176 176 176 177 177 177 177 177 178 178 178 178 178 176 176 176 176 176 178 178 178 178 178 179 179 179 179 179 179 179 179 179 179 178 178 178 178 178 180 180 180 180 180 180 180 180 180 180 178 178 178 178 178 181 181 181 181 181 182 182 182 182 182 183 183 183 183 183 184 184 184 184 184 182 182 182 182 182 184 184 184 184 184 185 185 185 185 185 185 185 185 185 185 184 184 184 184 184 186 186 186 186 186 186 186 186 186 186 184 184 184 184 184 187 187 187 187 187 188 188 188 188 188 189 189 189 189 189 190 190 190 190 190 188 188 188 188 188 190 190 190 190 190 191 191 191 191 191 190 190 190 190 190 189 189 189 189 189 192 192 192 192 192 191 191 191 191 191 190 190 190 190 190 193 193 193 193 193 190 190 190 190 190 192 192 192 192 192 194 194 194 194 194 193 193 193 193 193 190 190 190 190 190 195 195 195 195 195 190 190 190 190 190 194 194 194 194 194 195 195 195 195 195 196 196 196 196 196 197 197 197 197 197 198 198 198 198 198 196 196 196 196 196 198 198 198 198 198 199 199 199 199 199 198 198 198 198 198 197 197 197 197 197 200 200 200 200 200 199 199 199 199 199 198 198 198 198 198 201 201 201 201 201 198 198 198 198 198 200 200 200 200 200 202 202 202 202 202 201 201 201 201 201 198 198 198 198 198 203 203 203 203 203 198 198 198 198 198 202 202 202 202 202 203 203 203 203 203 204 204 204 204 204 205 205 205 205 205 206 206 206 206 206 204 204 204 204 204 206 206 206 206 206 207 207 207 207 207 206 206 206 206 206 205 205 205 205 205 208 208 208 208 208 207 207 207 207 207 206 206 206 206 206 209 209 209 209 209 206 206 206 206 206 208 208 208 208 208 210 210 210 210 210 209 209 209 209 209 206 206 206 206 206 211 211 211 211 211 206 206 206 206 206 210 210 210 210 210 211 211 211 211 211 </p>
        </triangles>
      </mesh>
    </geometry>
    <geometry id="TrunkBottom__mPltTreeOakTrunk-mesh" name="TrunkBottom__mPltTreeOakTrunk">
      <mesh>
        <source id="TrunkBottom__mPltTreeOakTrunk-position">
          <float_array id="TrunkBottom__mPltTreeOakTrunk-position-array" count="5349">2.170854 -0.2768196 -2.976638 1.629336 0.7429464 -3.820073 1.845399 0.8867193 -3.070515 -0.4191703 0.3428846 -5.968224 3.579648E-07 -0.1200927 -6.425973 -0.004606902 -1.415476 -6.775471 3.579648E-07 -0.1200927 -6.425973 0.4191712 0.3428845 -5.968224 -0.004606902 -1.415476 -6.775471 2.353476 2.734695 -2.931286 1.845399 0.8867193 -3.070515 1.220596 1.738343 -3.479037 1.220596 1.738343 -3.479037 1.383286 3.474896 -3.33954 2.353476 2.734695 -2.931286 2.170854 -0.2768196 -2.976638 1.914825 -0.7690742 -3.919821 1.629336 0.7429464 -3.820073 -1.383281 3.474896 -3.339542 -1.507171 5 -3.030473 -1.362759 5 -3.12204 -1.518681 2.051754 3.307266 -1.343282 1.55999 3.843888 -1.079859 1.814859 3.520392 -1.079859 1.814859 3.520392 -1.343282 1.55999 3.843888 -0.5600666 1.234859 3.486703 -0.5600666 1.234859 3.486703 -0.8663036 0.7429482 4.078449 -0.2280518 0.8867211 3.545541 -0.2280518 0.8867211 3.545541 -0.8663036 0.7429482 4.078449 0.1147506 -0.2768186 3.718741 -0.6933485 -0.7690725 4.38418 0.1147506 -0.2768186 3.718741 -0.8663036 0.7429482 4.078449 -3.014713 1.814859 2.114638 -3.236545 1.55999 2.468351 -2.674435 2.051754 2.464612 -3.142981 1.234859 1.610105 -3.236545 1.55999 2.468351 -3.014713 1.814859 2.114638 -3.524577 -0.276819 1.161333 -3.606805 0.742948 2.101372 -3.265754 0.8867209 1.422655 -3.606805 0.742948 2.101372 -3.524577 -0.276819 1.161333 -3.947007 -0.7690728 2.020257 -3.085164 0.4621198 5.135627 -2.191324 0.5222426 4.943141 -2.443872 1.018992 4.760221 -3.085164 0.4621198 5.135627 -3.518801 0.6595613 4.843213 -3.837229 0.0001458718 5.281492 -3.518801 0.6595613 4.843213 -3.930903 0.4621198 4.521161 -3.837229 0.0001458718 5.281492 -3.769062 1.018992 3.800149 -4.045388 0.5222425 3.599953 -3.930903 0.4621198 4.521161 -3.085164 0.4621198 5.135627 -3.837229 0.0001458718 5.281492 -3.461345 -0.004472899 5.323675 -3.680031 -1.387175 5.576754 -3.181969 -0.02331652 5.322885 -3.461345 -0.004472899 5.323675 -3.837229 0.0001458718 5.281492 -3.930903 0.4621198 4.521161 -3.993684 -0.004472948 4.936907 -4.259774 -1.221644 3.663901 -4.119579 -0.00159466 3.981288 -4.045388 0.5222425 3.599953 -3.461345 -0.004472899 5.323675 -3.837229 0.0001458718 5.281492 -4.039331 -1.415473 5.570945 -3.461345 -0.004472899 5.323675 -4.039331 -1.415473 5.570945 -3.680031 -1.387175 5.576754 -4.039331 -1.415473 5.570945 -3.837229 0.0001458718 5.281492 -3.993684 -0.004472948 4.936907 -3.930903 0.4621198 4.521161 -4.079264 -0.0233166 4.670961 -3.993684 -0.004472948 4.936907 -4.155885 -1.387175 5.231027 -4.039331 -1.415473 5.570945 -3.993684 -0.004472948 4.936907 -3.993684 -0.004472948 4.936907 -4.079264 -0.0233166 4.670961 -4.155885 -1.387175 5.231027 -2.169533 2.234859 2.986105 -2.704462 3.474897 2.361331 -2.674435 2.051754 2.464612 0.1147506 -0.2768186 3.718741 0.1157997 0.9079537 3.600002 -0.2280518 0.8867211 3.545541 -1.079859 1.814859 3.520392 -1.410035 3.474897 3.301788 -1.518681 2.051754 3.307266 -3.462292 2.98051 1.192702 -3.403513 1.905614 1.1118 -3.014713 1.814859 2.114638 -3.265754 0.8867209 1.422655 -3.423805 0.9079533 1.112461 -3.524577 -0.276819 1.161333 -1.518681 2.051754 3.307266 -1.410035 3.474897 3.301788 -2.169533 2.234859 2.986105 -3.014713 1.814859 2.114638 -3.403513 1.905614 1.1118 -3.142981 1.234859 1.610105 -0.5600666 1.234859 3.486703 -1.343282 1.55999 3.843888 -0.8663036 0.7429482 4.078449 -2.191324 0.5222426 4.943141 -3.085164 0.4621198 5.135627 -2.517413 -0.003596812 5.144176 -2.824479 -1.32921 5.628141 -2.517413 -0.003596812 5.144176 -3.181969 -0.02331652 5.322885 -2.191324 0.5222426 4.943141 -2.517413 -0.003596812 5.144176 -2.157503 -1.221643 5.191291 -4.469137 -1.32921 4.433227 -4.119579 -0.00159466 3.981288 -4.259774 -1.221644 3.663901 -3.181969 -0.02331652 5.322885 -3.085164 0.4621198 5.135627 -3.461345 -0.004472899 5.323675 -3.680031 -1.387175 5.576754 -2.824479 -1.32921 5.628141 -3.181969 -0.02331652 5.322885 -4.155885 -1.387175 5.231027 -4.079264 -0.0233166 4.670961 -4.469137 -1.32921 4.433227 -3.181969 -0.02331652 5.322885 -2.517413 -0.003596812 5.144176 -3.085164 0.4621198 5.135627 -4.079264 -0.0233166 4.670961 -4.119579 -0.00159466 3.981288 -4.469137 -1.32921 4.433227 -0.5600666 1.234859 3.486703 1.795987E-07 1.893637 3.614559 -1.079859 1.814859 3.520392 2.649648 1.66017 2.485573 3.023449 1.296353 2.692244 2.970974 1.481568 2.146418 2.970974 1.481568 2.146418 3.023449 1.296353 2.692244 3.157923 1.145598 1.70949 3.157923 1.145598 1.70949 3.380389 0.7149383 2.348615 3.288592 0.8214396 1.494809 3.288592 0.8214396 1.494809 3.380389 0.7149383 2.348615 3.515362 -0.2768194 1.161334 3.676683 -0.7062733 2.322598 3.515362 -0.2768194 1.161334 3.380389 0.7149383 2.348615 1.120628 1.481568 3.490772 1.352718 1.296354 3.792861 1.541629 1.66017 3.287645 0.7367811 1.176314 3.538151 1.352718 1.296354 3.792861 1.120628 1.481568 3.490772 0.1147506 -0.2768186 3.718741 0.9175859 0.7149388 3.9846 0.5120742 0.7820961 3.617694 0.9175859 0.7149388 3.9846 0.1147506 -0.2768186 3.718741 0.7381696 -0.7062727 4.258387 3.52519 0.2968203 4.590038 3.681121 0.4585898 3.761167 3.406498 0.7969329 3.944133 3.810587 -1.251361 4.675761 3.681121 0.4585898 3.761167 3.52519 0.2968203 4.590038 3.681121 0.4585898 3.761167 3.810587 -1.251361 4.675761 3.836916 -1.154341 3.864485 3.52519 0.2968203 4.590038 3.216317 0.4837689 4.814779 3.429308 -0.009272684 5.141172 3.810587 -1.251361 4.675761 3.52519 0.2968203 4.590038 3.488107 -0.01343859 5.012124 3.216317 0.4837689 4.814779 2.889687 0.2968204 5.012308 3.429308 -0.009272684 5.141172 2.349541 0.7969331 4.648797 2.057858 0.4585901 4.843098 2.889687 0.2968204 5.012308 3.52519 0.2968203 4.590038 3.429308 -0.009272684 5.141172 3.488107 -0.01343859 5.012124 3.735165 -1.303642 5.14129 3.810587 -1.251361 4.675761 3.488107 -0.01343859 5.012124 3.429308 -0.009272684 5.141172 2.889687 0.2968204 5.012308 3.288594 -0.01343855 5.144692 2.889687 0.2968204 5.012308 2.057858 0.4585901 4.843098 2.835684 -1.251361 5.323548 3.488107 -0.01343859 5.012124 3.429308 -0.009272684 5.141172 3.612313 -1.329165 5.442797 3.488107 -0.01343859 5.012124 3.612313 -1.329165 5.442797 3.735165 -1.303642 5.14129 3.612313 -1.329165 5.442797 3.429308 -0.009272684 5.141172 3.288594 -0.01343855 5.144692 2.889687 0.2968204 5.012308 2.835684 -1.251361 5.323548 3.288594 -0.01343855 5.144692 2.057858 0.4585901 4.843098 2.086712 -1.154341 5.027431 2.835684 -1.251361 5.323548 3.289289 -1.303642 5.437557 3.612313 -1.329165 5.442797 3.288594 -0.01343855 5.144692 3.288594 -0.01343855 5.144692 2.835684 -1.251361 5.323548 3.289289 -1.303642 5.437557 2.169533 1.806484 3.092513 1.410035 3.474897 3.301788 1.541629 1.66017 3.287645 3.515362 -0.2768194 1.161334 3.356035 0.907953 1.112462 3.288592 0.8214396 1.494809 2.970974 1.481568 2.146418 2.704463 3.474897 2.361332 2.649648 1.66017 2.485573 0.5120742 0.7820961 3.617694 0.1157997 0.9079537 3.600002 0.1147506 -0.2768186 3.718741 2.970974 1.481568 2.146418 3.462293 2.98051 1.192703 2.704463 3.474897 2.361332 2.649648 1.66017 2.485573 2.704463 3.474897 2.361332 2.169533 1.806484 3.092513 2.970974 1.481568 2.146418 3.403514 1.905614 1.111801 3.462293 2.98051 1.192703 1.120628 1.481568 3.490772 1.795987E-07 1.893637 3.614559 0.7367811 1.176314 3.538151 3.157923 1.145598 1.70949 3.023449 1.296353 2.692244 3.380389 0.7149383 2.348615 3.157923 1.145598 1.70949 3.403514 1.905614 1.111801 2.970974 1.481568 2.146418 -3.604592 1.660169 -0.453447 -4.028482 1.296353 -0.4009323 -3.665201 1.519866 0.009806138 -3.665201 1.519866 0.009806138 -4.028482 1.296353 -0.4009323 -3.559626 1.145598 0.4731733 -3.559626 1.145598 0.4731733 -4.115274 0.7149383 0.08687277 -3.563086 0.8214399 0.7410489 -3.563086 0.8214399 0.7410489 -4.115274 0.7149383 0.08687277 -3.524577 -0.276819 1.161333 -4.337662 -0.7062732 0.3166726 -3.524577 -0.276819 1.161333 -4.115274 0.7149383 0.08687277 -2.958431 1.519866 -2.165406 -3.32376 1.296353 -2.273381 -3.179632 1.660169 -1.753615 -2.179833 -0.2768834 -2.976317 -3.084431 0.7149377 -2.684266 -2.447019 0.8214391 -2.693852 -3.084431 0.7149377 -2.684266 -2.179833 -0.2768834 -2.976317 -3.098183 -0.7062739 -2.976629 -5.639531 0.3432673 -1.659266 -5.267642 0.509895 -0.8741519 -5.149569 0.8583981 -1.192886 -5.924663 -1.238107 -1.521842 -5.267642 0.509895 -0.8741519 -5.639531 0.3432673 -1.659266 -5.267642 0.509895 -0.8741519 -5.924663 -1.238107 -1.521842 -5.455428 -1.138174 -0.8298553 -5.639531 0.3432673 -1.659266 -5.51821 0.5358297 -2.033548 -5.893308 0.0279824 -2.176582 -5.924663 -1.238107 -1.521842 -5.639531 0.3432673 -1.659266 -5.87528 0.02369146 -2.003578 -5.51821 0.5358297 -2.033548 -5.365616 0.3432672 -2.395905 -5.893308 0.0279824 -2.176582 -4.695424 0.8583978 -2.42001 -4.569998 0.5098945 -2.758519 -5.365616 0.3432672 -2.395905 -5.639531 0.3432673 -1.659266 -5.893308 0.0279824 -2.176582 -5.87528 0.02369146 -2.003578 -6.143661 -1.291959 -1.955435 -5.924663 -1.238107 -1.521842 -5.87528 0.02369146 -2.003578 -5.893308 0.0279824 -2.176582 -5.365616 0.3432672 -2.395905 -5.767075 0.02369139 -2.294576 -5.365616 0.3432672 -2.395905 -4.569998 0.5098945 -2.758519 -5.504459 -1.238107 -2.651892 -5.87528 0.02369146 -2.003578 -5.893308 0.0279824 -2.176582 -6.22383 -1.318249 -2.281064 -5.87528 0.02369146 -2.003578 -6.22383 -1.318249 -2.281064 -6.143661 -1.291959 -1.955435 -6.22383 -1.318249 -2.281064 -5.893308 0.0279824 -2.176582 -5.767075 0.02369139 -2.294576 -5.365616 0.3432672 -2.395905 -5.504459 -1.238107 -2.651892 -5.767075 0.02369139 -2.294576 -4.569998 0.5098945 -2.758519 -4.701052 -1.138174 -2.858588 -5.504459 -1.238107 -2.651892 -5.951479 -1.291959 -2.472267 -6.22383 -1.318249 -2.281064 -5.767075 0.02369139 -2.294576 -5.767075 0.02369139 -2.294576 -5.504459 -1.238107 -2.651892 -5.951479 -1.291959 -2.472267 -3.510378 1.819581 -1.140592 -3.33954 3.474896 -1.383285 -3.179632 1.660169 -1.753615 -3.524577 -0.276819 1.161333 -3.423805 0.9079533 1.112461 -3.563086 0.8214399 0.7410489 -3.665201 1.519866 0.009806138 -3.614692 3.474897 -2.266529E-06 -3.604592 1.660169 -0.453447 -3.665201 1.519866 0.009806138 -3.462292 2.98051 1.192702 -3.614692 3.474897 -2.266529E-06 -3.604592 1.660169 -0.453447 -3.614692 3.474897 -2.266529E-06 -3.510378 1.819581 -1.140592 -3.665201 1.519866 0.009806138 -3.403513 1.905614 1.1118 -3.462292 2.98051 1.192702 -3.559626 1.145598 0.4731733 -4.028482 1.296353 -0.4009323 -4.115274 0.7149383 0.08687277 -3.559626 1.145598 0.4731733 -3.403513 1.905614 1.1118 -3.665201 1.519866 0.009806138 3.172602 2.051753 -1.782976 3.346119 1.559988 -2.320209 2.94286 1.814858 -2.213331 2.362198 0.8867198 -2.666291 3.098107 0.7429466 -2.790334 2.170854 -0.2768196 -2.976638 3.681908 1.814858 0.06122549 4.069282 1.559989 -0.09454451 3.612327 2.051753 -0.4219195 3.489122 1.234858 0.544796 4.069282 1.559989 -0.09454451 3.681908 1.814858 0.06122549 3.515362 -0.2768194 1.161334 4.153123 0.7429472 0.4199811 3.448683 0.8867204 0.7686102 4.153123 0.7429472 0.4199811 3.515362 -0.2768194 1.161334 4.361979 -0.7690735 0.7147487 4.778126 -1.221645 -2.902515 5.060301 -0.003598896 -2.682027 5.574495 -1.329212 -2.863897 5.514596 0.4621178 -2.341394 5.69354 0.6595594 -1.849942 6.208767 0.0001437504 -2.01735 5.69354 0.6595594 -1.849942 5.83764 0.462118 -1.347168 6.208767 0.0001437504 -2.01735 5.282907 1.01899 -0.8589856 5.388788 0.5222411 -0.5346032 5.83764 0.462118 -1.347168 5.514596 0.4621178 -2.341394 6.208767 0.0001437504 -2.01735 5.929465 -0.004475044 -2.272416 6.236447 -1.387177 -2.319443 5.702981 -0.02331867 -2.435989 5.929465 -0.004475044 -2.272416 6.208767 0.0001437504 -2.01735 5.83764 0.462118 -1.347168 6.132801 -0.004474925 -1.646613 5.581122 -1.221645 -0.4311469 5.672953 -0.001596241 -0.7995015 5.388788 0.5222411 -0.5346032 5.929465 -0.004475044 -2.272416 6.208767 0.0001437504 -2.01735 6.523712 -1.415475 -2.103552 5.929465 -0.004475044 -2.272416 6.523712 -1.415475 -2.103552 6.236447 -1.387177 -2.319443 6.523712 -1.415475 -2.103552 6.208767 0.0001437504 -2.01735 6.132801 -0.004474925 -1.646613 5.83764 0.462118 -1.347168 6.045717 -0.02331847 -1.381155 6.132801 -0.004474925 -1.646613 6.418207 -1.387177 -1.760043 6.523712 -1.415475 -2.103552 6.132801 -0.004474925 -1.646613 6.132801 -0.004474925 -1.646613 6.045717 -0.02331847 -1.381155 6.418207 -1.387177 -1.760043 3.510379 2.234858 -1.14059 3.614694 3.474896 5.469636E-07 3.612327 2.051753 -0.4219195 1.845399 0.8867193 -3.070515 2.362198 0.8867198 -2.666291 2.170854 -0.2768196 -2.976638 3.462293 2.98051 1.192703 3.403514 1.905614 1.111801 3.681908 1.814858 0.06122549 3.448683 0.8867204 0.7686102 3.356035 0.907953 1.112462 3.515362 -0.2768194 1.161334 3.172602 2.051753 -1.782976 3.339542 3.474896 -1.383281 3.510379 2.234858 -1.14059 3.681908 1.814858 0.06122549 3.403514 1.905614 1.111801 3.489122 1.234858 0.544796 5.574495 -1.329212 -2.863897 5.060301 -0.003598896 -2.682027 5.702981 -0.02331867 -2.435989 4.678324 0.5222406 -2.711056 5.060301 -0.003598896 -2.682027 4.778126 -1.221645 -2.902515 5.83764 0.462118 -1.347168 5.672953 -0.001596241 -0.7995015 6.045717 -0.02331847 -1.381155 5.672953 -0.001596241 -0.7995015 5.83764 0.462118 -1.347168 5.388788 0.5222411 -0.5346032 6.202699 -1.329212 -0.9304844 5.672953 -0.001596241 -0.7995015 5.581122 -1.221645 -0.4311469 5.702981 -0.02331867 -2.435989 5.514596 0.4621178 -2.341394 5.929465 -0.004475044 -2.272416 6.236447 -1.387177 -2.319443 5.574495 -1.329212 -2.863897 5.702981 -0.02331867 -2.435989 6.418207 -1.387177 -1.760043 6.045717 -0.02331847 -1.381155 6.202699 -1.329212 -0.9304844 6.045717 -0.02331847 -1.381155 5.672953 -0.001596241 -0.7995015 6.202699 -1.329212 -0.9304844 3.579648E-07 -0.1200927 -6.425973 4.715974E-07 0.5501563 -5.986541 0.4191712 0.3428845 -5.968224 -0.4191703 0.3428846 -5.968224 4.715974E-07 0.5501563 -5.986541 3.579648E-07 -0.1200927 -6.425973 -2.373641 5 -2.481073 -2.555972 3.474896 -2.555976 -2.518053 5 -2.389506 -2.373641 5 -2.481073 -1.969626 3.474896 -2.947759 -2.555972 3.474896 -2.555976 3.733041 13.81106 -0.6617022 4.821626 14.45057 -0.4376911 4.882479 13.99417 -0.6148687 3.801909 11.63906 0.001120039 3.696124 12.3853 -0.6112272 5.106405 13.32049 -0.009945991 3.696124 12.3853 -0.6112272 4.949616 13.58372 -0.437691 5.106405 13.32049 -0.009945991 3.801909 11.63906 0.001120039 5.106405 13.32049 -0.009945991 3.696124 12.3853 0.553194 5.106405 13.32049 -0.009945991 4.949616 13.58372 0.4177989 3.696124 12.3853 0.553194 3.696124 12.3853 0.553194 4.949616 13.58372 0.4177989 3.655563 12.99679 0.7277086 4.949616 13.58372 0.4177989 4.882479 13.99417 0.5949765 3.655563 12.99679 0.7277086 3.655563 12.99679 0.7277086 4.882479 13.99417 0.5949765 3.733041 13.81106 0.6036689 4.882479 13.99417 0.5949765 4.821626 14.45057 0.4177988 3.733041 13.81106 0.6036689 3.733041 13.81106 0.6036689 4.821626 14.45057 0.4177988 3.790218 14.42947 0.001120186 4.821626 14.45057 0.4177988 4.859179 14.67648 -0.009946124 3.790218 14.42947 0.001120186 3.733041 13.81106 -0.6617022 3.790218 14.42947 0.001120186 4.821626 14.45057 -0.4376911 3.790218 14.42947 0.001120186 4.859179 14.67648 -0.009946124 4.821626 14.45057 -0.4376911 4.882479 13.99417 -0.6148687 4.821626 14.45057 -0.4376911 6.391082 14.70908 -0.3555735 6.391082 14.70908 -0.3555735 4.821626 14.45057 -0.4376911 6.227232 15.00458 -0.009945857 4.882479 13.99417 -0.6148687 6.391082 14.70908 -0.3555735 4.949616 13.58372 -0.437691 6.391082 14.70908 -0.3555735 6.506942 14.50013 -0.2543414 4.949616 13.58372 -0.437691 4.949616 13.58372 -0.437691 6.506942 14.50013 -0.2543414 5.106405 13.32049 -0.009945991 6.506942 14.50013 -0.2543414 6.554931 14.41358 -0.009945754 5.106405 13.32049 -0.009945991 4.859179 14.67648 -0.009946124 6.227232 15.00458 -0.009945857 4.821626 14.45057 -0.4376911 6.760799 15.02702 -0.009945748 6.610985 14.88914 -0.1827596 6.491246 15.10509 -0.009945809 6.610985 14.88914 -0.1827596 6.760799 15.02702 -0.009945748 6.695653 14.73644 -0.1321436 6.695653 14.73644 -0.1321436 6.760799 15.02702 -0.009945748 6.730725 14.67319 -0.009945733 6.730725 14.67319 -0.009945733 6.760799 15.02702 -0.009945748 6.695653 14.73644 0.1122521 6.695653 14.73644 0.1122521 6.760799 15.02702 -0.009945748 6.610985 14.88914 0.1628681 6.610985 14.88914 0.1628681 6.760799 15.02702 -0.009945748 6.526316 15.04184 0.112252 6.526316 15.04184 0.112252 6.760799 15.02702 -0.009945748 6.491246 15.10509 -0.009945809 3.733041 13.81106 -0.6617022 2.95127 13.94383 -0.8017668 3.790218 14.42947 0.001120186 3.790218 14.42947 0.001120186 2.95127 13.94383 -0.8017668 3.216001 14.82596 6.527518E-05 3.790218 14.42947 0.001120186 3.216001 14.82596 6.527518E-05 2.951271 13.94383 0.8786604 3.790218 14.42947 0.001120186 2.951271 13.94383 0.8786604 3.733041 13.81106 0.6036689 3.28315 10.39479 3.266806E-05 3.801909 11.63906 0.001120039 3.301069 11.46778 0.7243608 -3.604548 11.26317 0.001118516 -4.85288 12.82984 -0.009948039 -3.409203 12.14424 -0.6495305 -3.604548 11.26317 0.001118516 -3.409203 12.14424 0.5914943 -4.85288 12.82984 -0.009948039 -4.85288 12.82984 -0.009948039 -3.409203 12.14424 0.5914943 -4.645134 13.07855 0.4177969 -3.409203 12.14424 0.5914943 -3.363502 12.75572 0.7781162 -4.645134 13.07855 0.4177969 -4.645134 13.07855 0.4177969 -3.363502 12.75572 0.7781162 -4.522401 13.48177 0.5949746 -3.363502 12.75572 0.7781162 -3.362561 13.57 0.645471 -4.522401 13.48177 0.5949746 -4.522401 13.48177 0.5949746 -3.362561 13.57 0.645471 -4.401587 13.93131 0.4177969 -3.362561 13.57 0.645471 -3.427773 14.18841 0.001118694 -4.401587 13.93131 0.4177969 -4.401587 13.93131 0.4177969 -3.427773 14.18841 0.001118694 -4.418565 14.15971 -0.009948028 -3.362561 13.57 -0.7035072 -4.401587 13.93131 -0.437693 -3.427773 14.18841 0.001118694 -6.770852 14.50344 -0.1321464 -6.803939 14.43482 -0.009948542 -6.873837 14.78315 -0.009948578 -6.803939 14.43482 -0.009948542 -6.770852 14.50344 0.1122493 -6.873837 14.78315 -0.009948578 -2.96893 8.985731 1.057273 -2.239224 10.367 1.769086 -2.981206 10.367 0.9574212 -3.362561 13.57 -0.7035072 -3.427773 14.18841 0.001118694 -2.794621 13.6924 -0.8017679 -2.178093 12.66506 1.596865 -2.106861 13.6924 1.481467 -2.887693 12.67956 0.9470954 -2.887693 12.67956 0.9470954 -2.106861 13.6924 1.481467 -2.794622 13.6924 0.8786592 -3.427773 14.18841 0.001118694 -3.09655 14.50037 6.397758E-05 -2.794621 13.6924 -0.8017679 -3.427773 14.18841 0.001118694 -2.794622 13.6924 0.8786592 -3.09655 14.50037 6.397758E-05 -2.794622 13.6924 0.8786592 -2.106861 13.6924 1.481467 -2.756643 14.50037 0.7446072 2.951271 13.94383 0.8786604 3.216001 14.82596 6.527518E-05 2.798327 14.50037 0.7446091 2.866642 17.00018 -0.7116283 2.188162 17.00998 -1.129836 2.265545 17.63355 -1.006394 -2.244802 17.00998 -1.129838 -2.923282 17.00018 -0.7116295 -2.322186 17.63355 -1.006395 -2.923282 17.00018 0.7116263 -2.244802 17.00998 1.129834 -2.322186 17.63355 1.006392 2.188161 17.00998 1.129835 2.866641 17.00018 0.7116275 2.265545 17.63355 1.006393 -4.255375 20.18277 -2.090728E-06 -4.01349 19.76118 -0.4677907 -4.336259 19.60214 -0.3307786 -4.255375 20.18277 -2.090728E-06 -4.336259 19.60214 -0.3307786 -4.469954 19.53626 -2.096957E-06 -4.255375 20.18277 -2.090728E-06 -4.469954 19.53626 -2.096957E-06 -4.336259 19.60214 0.3307745 -4.255375 20.18277 -2.090728E-06 -4.336259 19.60214 0.3307745 -4.01349 19.76118 0.4677867 -4.255375 20.18277 -2.090728E-06 -4.01349 19.76118 0.4677867 -3.690721 19.92023 0.3307746 -4.255375 20.18277 -2.090728E-06 -3.690721 19.92023 0.3307746 -3.557026 19.98611 -1.933319E-06 3.671685 19.74519 -0.5084866 3.912754 20.23536 -3.898579E-07 3.993365 19.56028 -0.3595543 3.993365 19.56028 -0.3595543 3.912754 20.23536 -3.898579E-07 4.126609 19.48368 -3.004407E-07 4.126609 19.48368 -3.004407E-07 3.912754 20.23536 -3.898579E-07 3.993365 19.56028 0.3595537 3.993365 19.56028 0.3595537 3.912754 20.23536 -3.898579E-07 3.671685 19.74519 0.5084858 3.671685 19.74519 0.5084858 3.912754 20.23536 -3.898579E-07 3.350004 19.93011 0.3595535 3.350004 19.93011 0.3595535 3.912754 20.23536 -3.898579E-07 3.216759 20.0067 -5.214247E-07 -1.691872 17.75456 0.7116265 3.628955E-06 17.62369 0.7991323 3.75055E-06 17.97823 -1.071586E-06 3.628955E-06 17.62369 0.7991323 1.635232 17.75456 0.7116272 3.75055E-06 17.97823 -1.071586E-06 -3.427773 14.18841 0.001118694 -3.362561 13.57 0.645471 -2.794622 13.6924 0.8786592 -3.231253 10.367 6.388194E-05 -3.067502 11.21635 0.7743698 -3.604548 11.26317 0.001118516 3.216001 14.82596 6.527518E-05 2.95127 13.94383 -0.8017668 2.798328 14.50037 -0.7446081 -3.604548 11.26317 0.001118516 -3.067502 11.21635 0.7743698 -3.409203 12.14424 0.5914943 3.301069 11.46778 0.7243608 3.801909 11.63906 0.001120039 3.696124 12.3853 0.553194 -1.134204 5 -1.605034 -2.518053 5 -2.389506 1.043081E-06 5.000001 -2.980232E-07 -1.134204 5 -1.605034 1.043081E-06 5.000001 -2.980232E-07 -1.362759 5 -3.12204 -1.134204 5 -1.605034 -2.373641 5 -2.481073 -2.518053 5 -2.389506 -1.134204 5 -1.605034 -1.362759 5 -3.12204 -1.506396 5 -3.030473 -1.845198 0.8867196 -3.070515 -2.179833 -0.2768834 -2.976317 -2.447019 0.8214391 -2.693852 -2.958431 1.519866 -2.165406 -1.845198 0.8867196 -3.070515 -2.555972 3.474896 -2.555976 -1.220393 1.738343 -3.479037 -1.969626 3.474896 -2.947759 -1.383281 3.474896 -3.339542 -1.969626 3.474896 -2.947759 -1.507171 5 -3.030473 -2.157503 -1.221643 5.191291 -2.517413 -0.003596812 5.144176 -2.824479 -1.32921 5.628141 -1.382818 -1.066181 4.807517 -2.191324 0.5222426 4.943141 -1.453789 0.6568803 4.539092 -2.169533 2.234859 2.986105 -1.410035 3.474897 3.301788 -2.704462 3.474897 2.361331 -1.410035 3.474897 3.301788 -2.518054 5.000001 2.389503 -1.362759 5.000001 3.122038 2.169533 1.806484 3.092513 2.704463 3.474897 2.361332 1.410035 3.474897 3.301788 2.518058 5.000001 2.389505 1.410035 3.474897 3.301788 1.362764 5.000001 3.122039 3.119192 -0.7690743 -3.110157 2.170854 -0.2768196 -2.976638 3.098107 0.7429466 -2.790334 2.362198 0.8867198 -2.666291 3.346119 1.559988 -2.320209 2.94286 1.814858 -2.213331 4.678324 0.5222406 -2.711056 5.514596 0.4621178 -2.341394 5.060301 -0.003598896 -2.682027 5.514596 0.4621178 -2.341394 4.775123 1.01899 -2.414627 5.702981 -0.02331867 -2.435989 5.060301 -0.003598896 -2.682027 -3.409203 12.14424 -0.6495305 -4.85288 12.82984 -0.009948039 -4.645134 13.07855 -0.437693 -4.85288 12.82984 -0.009948039 -6.534134 14.2973 -0.2543442 -4.522401 13.48177 -0.6148706 -4.645134 13.07855 -0.437693 -6.424828 14.52401 -0.3555762 -4.645134 13.07855 -0.437693 -3.362561 13.57 -0.7035072 -3.409203 12.14424 -0.6495305 -6.424828 14.52401 -0.3555762 -4.645134 13.07855 -0.437693 -6.534134 14.2973 -0.2543442 -6.534134 14.2973 -0.2543442 -6.690974 14.66912 -0.1827624 -6.770852 14.50344 -0.1321464 -6.690974 14.66912 -0.1827624 -6.873837 14.78315 -0.009948578 -6.534134 14.2973 -0.2543442 -4.85288 12.82984 -0.009948039 -6.579408 14.2034 -0.009948482 -6.579408 14.2034 -0.009948482 -6.770852 14.50344 -0.1321464 -6.803939 14.43482 -0.009948542 -6.270246 14.84462 -0.009948456 -4.401587 13.93131 -0.437693 -6.424828 14.52401 -0.3555762 -6.270246 14.84462 -0.009948456 -6.690974 14.66912 -0.1827624 -6.548296 14.91143 -0.009948517 -6.873837 14.78315 -0.009948578 -6.690974 14.66912 -0.1827624 -6.770852 14.50344 0.1122493 -6.690974 14.66912 0.1628653 -6.873837 14.78315 -0.009948578 -6.690974 14.66912 0.1628653 -6.534134 14.2973 0.2344472 -6.424828 14.52401 0.3356792 -4.522401 13.48177 0.5949746 -6.534134 14.2973 0.2344472 -4.645134 13.07855 0.4177969 -6.690974 14.66912 0.1628653 -6.611094 14.83479 0.1122493 -6.873837 14.78315 -0.009948578 -6.315522 14.75072 0.2344472 -6.690974 14.66912 0.1628653 -6.424828 14.52401 0.3356792 -3.090058 7.497467 1.137089 -2.365028 7.497467 2.101069 -2.96893 8.985731 1.057273 -2.365028 7.497467 2.101069 -3.289997 5.000001 1.293189 -2.518054 5.000001 2.389503 -2.365028 7.497467 2.101069 -1.279944 7.497467 2.745181 -2.27232 8.985731 1.953588 -1.279944 7.497467 2.745181 -2.518054 5.000001 2.389503 -1.362759 5.000002 3.122038 -2.239222 10.367 -1.769089 -2.968929 8.98573 -1.057277 -2.981206 10.367 -0.9574251 -2.981206 10.367 -0.9574251 -2.106857 13.6924 -1.481472 -2.794621 13.6924 -0.8017679 -2.27232 8.985731 1.953588 -1.237219 10.367 2.311423 -2.239224 10.367 1.769086 -1.237219 10.367 2.311423 -2.178093 12.66506 1.596865 -1.123603 13.6924 1.877176 -2.178093 12.66506 1.596865 -1.123603 13.6924 1.877176 -2.106861 13.6924 1.481467 -2.106861 13.6924 1.481467 -1.530041 16.96539 1.329429 -2.244802 17.00998 1.129834 -2.794621 13.6924 -0.8017679 -3.09655 14.50037 6.397758E-05 -2.756642 14.50037 -0.7446113 -3.302613 16.82262 -1.691685E-06 -2.756642 14.50037 -0.7446113 -2.923282 17.00018 -0.7116295 -3.09655 14.50037 6.397758E-05 -2.794622 13.6924 0.8786592 -2.756643 14.50037 0.7446072 -2.756643 14.50037 0.7446072 -3.302613 16.82262 -1.691685E-06 -2.923282 17.00018 0.7116263 2.978267 10.367 0.957423 3.28315 10.39479 3.266806E-05 3.301069 11.46778 0.7243608 3.213549 8.98573 1.34807E-07 2.978267 10.367 0.957423 2.968932 8.98573 1.057275 3.344658 7.497466 2.508659E-07 3.213549 8.98573 1.34807E-07 3.090061 7.497467 1.137092 3.561069 5.000001 4.448733E-07 3.29 5.000001 1.293191 2.179314 13.6924 1.481471 2.951271 13.94383 0.8786604 2.798327 14.50037 0.7446091 3.032876 12.84169 0.9470966 2.179314 13.6924 1.481471 2.250548 12.66506 1.596867 -0.4191703 0.3428846 -5.968224 -1.154456 0.5222405 -5.02435 -0.8152604 0.9843024 -5.024349 -1.629134 0.7429467 -3.820074 -1.154456 0.5222405 -5.02435 -1.220393 1.738343 -3.479037 -1.845198 0.8867196 -3.070515 0.8170521 0.9843023 -5.024349 1.156247 0.5222403 -5.024349 0.4191712 0.3428845 -5.968224 1.156247 0.5222403 -5.024349 1.629336 0.7429464 -3.820073 1.220596 1.738343 -3.479037 1.845399 0.8867193 -3.070515 -6.611094 14.83479 0.1122493 -6.548296 14.91143 -0.009948517 -6.873837 14.78315 -0.009948578 -6.270246 14.84462 -0.009948456 -6.315522 14.75072 0.2344472 -6.611094 14.83479 0.1122493 -1.22977 8.985731 2.552488 0.01985342 10.367 2.501867 -1.237219 10.367 2.311423 0.03622755 13.6924 2.031842 -1.123603 13.6924 1.877176 -1.237219 10.367 2.311423 -1.320966 -1.221646 -5.169216 -1.924039 -0.769074 -3.919822 -1.154456 0.5222405 -5.02435 -1.629134 0.7429467 -3.820074 1.629336 0.7429464 -3.820073 1.914825 -0.7690742 -3.919821 1.156247 0.5222403 -5.024349 1.311752 -1.221646 -5.169215 0.0008959311 1.214982 -5.024348 4.715974E-07 0.5501563 -5.986541 -0.8152604 0.9843024 -5.024349 -0.4191703 0.3428846 -5.968224 -0.004606902 -1.415476 -6.775471 -1.320966 -1.221646 -5.169216 -0.4191703 0.3428846 -5.968224 -1.154456 0.5222405 -5.02435 1.220596 1.738343 -3.479037 0.8170521 0.9843023 -5.024349 6.607003E-07 2.113551 -3.687284 0.0008959311 1.214982 -5.024348 0.0008959311 1.214982 -5.024348 0.8170521 0.9843023 -5.024349 4.715974E-07 0.5501563 -5.986541 0.4191712 0.3428845 -5.968224 1.156247 0.5222403 -5.024349 1.311752 -1.221646 -5.169215 0.4191712 0.3428845 -5.968224 -0.004606902 -1.415476 -6.775471 -1.220393 1.738343 -3.479037 -1.383281 3.474896 -3.339542 6.607003E-07 2.113551 -3.687284 2.771718E-06 3.474896 -3.614693 -1.383281 3.474896 -3.339542 1.244501E-06 5 -3.37927 -1.362759 5 -3.12204 -1.924039 -0.769074 -3.919822 -2.179833 -0.2768834 -2.976317 -1.629134 0.7429467 -3.820074 -1.845198 0.8867196 -3.070515 1.383286 3.474896 -3.33954 1.220596 1.738343 -3.479037 6.607003E-07 2.113551 -3.687284 2.771718E-06 3.474896 -3.614693 1.244501E-06 5 -3.37927 1.383286 3.474896 -3.33954 1.362765 5 -3.122038 -1.220393 1.738343 -3.479037 6.607003E-07 2.113551 -3.687284 -0.8152604 0.9843024 -5.024349 0.0008959311 1.214982 -5.024348 2.353476 2.734695 -2.931286 2.518058 5 -2.389503 3.339542 3.474896 -1.383281 3.29 5 -1.293188 2.353476 2.734695 -2.931286 1.383286 3.474896 -3.33954 2.518058 5 -2.389503 1.362765 5 -3.122038 -3.462292 2.98051 1.192702 -3.289997 5.000001 1.293189 -3.614692 3.474897 -2.266529E-06 -3.561067 5.000001 -2.245646E-06 -3.462292 2.98051 1.192702 -2.704462 3.474897 2.361331 -3.289997 5.000001 1.293189 -2.518054 5.000001 2.389503 4.039314E-07 2.955923 3.568881 8.416611E-07 5.000001 3.37927 -1.410035 3.474897 3.301788 -1.362759 5.000001 3.122038 4.039314E-07 2.955923 3.568881 1.410035 3.474897 3.301788 8.416611E-07 5.000001 3.37927 1.362764 5.000001 3.122039 3.462293 2.98051 1.192703 3.29 5.000001 1.293191 2.704463 3.474897 2.361332 2.518058 5.000001 2.389505 3.462293 2.98051 1.192703 3.614694 3.474896 5.469636E-07 3.29 5.000001 1.293191 3.561069 5.000001 4.448733E-07 -2.169533 2.234859 2.986105 -2.29197 1.890142 3.154625 -1.518681 2.051754 3.307266 -1.343282 1.55999 3.843888 -3.236545 1.55999 2.468351 -2.29197 1.890142 3.154625 -2.674435 2.051754 2.464612 -2.169533 2.234859 2.986105 -1.343282 1.55999 3.843888 -2.29197 1.890142 3.154625 -1.845851 1.384701 4.276689 -2.671796 1.695798 3.677412 -0.8663036 0.7429482 4.078449 -1.343282 1.55999 3.843888 -1.453789 0.6568803 4.539092 -1.845851 1.384701 4.276689 -2.671796 1.695798 3.677412 -2.29197 1.890142 3.154625 -3.493695 1.384701 3.081214 -3.236545 1.55999 2.468351 -1.382818 -1.066181 4.807517 -0.6933485 -0.7690725 4.38418 -1.453789 0.6568803 4.539092 -0.8663036 0.7429482 4.078449 -2.671796 1.695798 3.677412 -3.10852 1.252113 4.27851 -1.845851 1.384701 4.276689 -2.443872 1.018992 4.760221 -1.845851 1.384701 4.276689 -2.443872 1.018992 4.760221 -1.453789 0.6568803 4.539092 -2.191324 0.5222426 4.943141 -3.265754 0.8867209 1.422655 -3.606805 0.742948 2.101372 -3.142981 1.234859 1.610105 -3.236545 1.55999 2.468351 -2.671796 1.695798 3.677412 -3.493695 1.384701 3.081214 -3.10852 1.252113 4.27851 -3.769062 1.018992 3.800149 -3.493695 1.384701 3.081214 -3.236545 1.55999 2.468351 -3.871218 0.6568801 2.807216 -3.606805 0.742948 2.101372 -3.10852 1.252113 4.27851 -3.518801 0.6595613 4.843213 -2.443872 1.018992 4.760221 -3.085164 0.4621198 5.135627 -3.10852 1.252113 4.27851 -3.769062 1.018992 3.800149 -3.518801 0.6595613 4.843213 -3.930903 0.4621198 4.521161 -3.493695 1.384701 3.081214 -3.871218 0.6568801 2.807216 -3.769062 1.018992 3.800149 -4.045388 0.5222425 3.599953 -3.606805 0.742948 2.101372 -3.947007 -0.7690728 2.020257 -3.871218 0.6568801 2.807216 -4.136568 -1.066181 2.8068 -3.871218 0.6568801 2.807216 -4.136568 -1.066181 2.8068 -4.045388 0.5222425 3.599953 -4.259774 -1.221644 3.663901 -3.014713 1.814859 2.114638 -2.674435 2.051754 2.464612 -3.462292 2.98051 1.192702 -2.704462 3.474897 2.361331 1.795987E-07 1.893637 3.614559 -0.5600666 1.234859 3.486703 0.1157997 0.9079537 3.600002 -0.2280518 0.8867211 3.545541 -1.410035 3.474897 3.301788 -1.079859 1.814859 3.520392 4.039314E-07 2.955923 3.568881 1.795987E-07 1.893637 3.614559 -3.403513 1.905614 1.1118 -3.423805 0.9079533 1.112461 -3.142981 1.234859 1.610105 -3.265754 0.8867209 1.422655 -3.930903 0.4621198 4.521161 -4.119579 -0.00159466 3.981288 -4.079264 -0.0233166 4.670961 -4.045388 0.5222425 3.599953 2.169533 1.806484 3.092513 2.190178 1.535854 3.241173 2.649648 1.66017 2.485573 3.023449 1.296353 2.692244 1.352718 1.296354 3.792861 2.190178 1.535854 3.241173 1.541629 1.66017 3.287645 2.169533 1.806484 3.092513 3.023449 1.296353 2.692244 2.190178 1.535854 3.241173 3.239493 1.124834 3.262818 2.515672 1.397228 3.7408 3.380389 0.7149383 2.348615 3.023449 1.296353 2.692244 3.599966 0.6349783 3.003978 3.239493 1.124834 3.262818 2.515672 1.397228 3.7408 2.190178 1.535854 3.241173 1.789043 1.124835 4.220765 1.352718 1.296354 3.792861 3.835582 -0.9937437 3.05106 3.676683 -0.7062733 2.322598 3.599966 0.6349783 3.003978 3.380389 0.7149383 2.348615 3.239493 1.124834 3.262818 2.515672 1.397228 3.7408 3.406498 0.7969329 3.944133 2.877994 0.9612038 4.296324 3.599966 0.6349783 3.003978 3.239493 1.124834 3.262818 3.681121 0.4585898 3.761167 3.406498 0.7969329 3.944133 0.5120742 0.7820961 3.617694 0.9175859 0.7149388 3.9846 0.7367811 1.176314 3.538151 1.352718 1.296354 3.792861 2.877994 0.9612038 4.296324 2.515672 1.397228 3.7408 2.349541 0.7969331 4.648797 1.789043 1.124835 4.220765 1.789043 1.124835 4.220765 1.352718 1.296354 3.792861 1.431592 0.6349788 4.456708 0.9175859 0.7149388 3.9846 3.836916 -1.154341 3.864485 3.835582 -0.9937437 3.05106 3.681121 0.4585898 3.761167 3.599966 0.6349783 3.003978 2.877994 0.9612038 4.296324 3.216317 0.4837689 4.814779 3.406498 0.7969329 3.944133 3.52519 0.2968203 4.590038 2.877994 0.9612038 4.296324 2.349541 0.7969331 4.648797 3.216317 0.4837689 4.814779 2.889687 0.2968204 5.012308 2.349541 0.7969331 4.648797 1.789043 1.124835 4.220765 2.057858 0.4585901 4.843098 1.431592 0.6349788 4.456708 0.9175859 0.7149388 3.9846 0.7381696 -0.7062727 4.258387 1.431592 0.6349788 4.456708 1.341441 -0.9937432 4.695467 1.431592 0.6349788 4.456708 1.341441 -0.9937432 4.695467 2.057858 0.4585901 4.843098 2.086712 -1.154341 5.027431 3.403514 1.905614 1.111801 3.157923 1.145598 1.70949 3.356035 0.907953 1.112462 3.288592 0.8214396 1.494809 1.795987E-07 1.893637 3.614559 0.1157997 0.9079537 3.600002 0.7367811 1.176314 3.538151 0.5120742 0.7820961 3.617694 -3.510378 1.819581 -1.140592 -3.677004 1.535854 -1.33481 -3.604592 1.660169 -0.453447 -4.028482 1.296353 -0.4009323 -4.115274 0.7149383 0.08687277 -4.028482 1.296353 -0.4009323 -4.678127 0.6349781 -0.3142633 -4.53864 1.124834 -0.7355493 -4.234007 1.397228 -1.547696 -3.677004 1.535854 -1.33481 -3.928269 1.124834 -2.363098 -3.32376 1.296353 -2.273381 -4.894392 -0.9937439 -0.1792667 -4.337662 -0.7062732 0.3166726 -4.678127 0.6349781 -0.3142633 -4.115274 0.7149383 0.08687277 -3.32376 1.296353 -2.273381 -2.958431 1.519866 -2.165406 -3.084431 0.7149377 -2.684266 -2.447019 0.8214391 -2.693852 -4.53864 1.124834 -0.7355493 -4.234007 1.397228 -1.547696 -5.149569 0.8583981 -1.192886 -4.922389 1.027602 -1.806347 -4.678127 0.6349781 -0.3142633 -4.53864 1.124834 -0.7355493 -5.267642 0.509895 -0.8741519 -5.149569 0.8583981 -1.192886 -4.922389 1.027602 -1.806347 -4.234007 1.397228 -1.547696 -4.695424 0.8583978 -2.42001 -3.928269 1.124834 -2.363098 -3.928269 1.124834 -2.363098 -3.32376 1.296353 -2.273381 -3.77777 0.6349775 -2.764084 -3.084431 0.7149377 -2.684266 -5.455428 -1.138174 -0.8298553 -4.894392 -0.9937439 -0.1792667 -5.267642 0.509895 -0.8741519 -4.678127 0.6349781 -0.3142633 -4.922389 1.027602 -1.806347 -5.51821 0.5358297 -2.033548 -5.149569 0.8583981 -1.192886 -5.639531 0.3432673 -1.659266 -4.922389 1.027602 -1.806347 -4.695424 0.8583978 -2.42001 -5.51821 0.5358297 -2.033548 -5.365616 0.3432672 -2.395905 -4.695424 0.8583978 -2.42001 -3.928269 1.124834 -2.363098 -4.569998 0.5098945 -2.758519 -3.77777 0.6349775 -2.764084 -3.403513 1.905614 1.1118 -3.559626 1.145598 0.4731733 -3.423805 0.9079533 1.112461 -3.563086 0.8214399 0.7410489 -2.958431 1.519866 -2.165406 -3.179632 1.660169 -1.753615 -2.555972 3.474896 -2.555976 -3.33954 3.474896 -1.383285 -2.555972 3.474896 -2.555976 -2.518053 5 -2.389506 -3.289997 5 -1.293193 3.510379 2.234858 -1.14059 3.708486 1.890141 -1.204959 3.172602 2.051753 -1.782976 3.346119 1.559988 -2.320209 4.069282 1.559989 -0.09454451 3.708486 1.890141 -1.204959 3.612327 2.051753 -0.4219195 3.510379 2.234858 -1.14059 3.346119 1.559988 -2.320209 3.708486 1.890141 -1.204959 4.0071 1.384699 -2.374949 4.323058 1.695797 -1.404646 3.098107 0.7429466 -2.790334 3.346119 1.559988 -2.320209 3.844151 0.6568784 -2.817686 4.0071 1.384699 -2.374949 4.323058 1.695797 -1.404646 5.029692 1.252111 -1.634245 4.0071 1.384699 -2.374949 4.775123 1.01899 -2.414627 4.0071 1.384699 -2.374949 4.775123 1.01899 -2.414627 3.844151 0.6568784 -2.817686 4.678324 0.5222406 -2.711056 3.448683 0.8867204 0.7686102 4.153123 0.7429472 0.4199811 3.489122 1.234858 0.544796 4.069282 1.559989 -0.09454451 4.637552 1.384699 -0.4392114 4.069282 1.559989 -0.09454451 4.781922 0.6568789 0.004359609 4.153123 0.7429472 0.4199811 5.029692 1.252111 -1.634245 5.69354 0.6595594 -1.849942 4.775123 1.01899 -2.414627 5.514596 0.4621178 -2.341394 5.029692 1.252111 -1.634245 5.282907 1.01899 -0.8589856 5.69354 0.6595594 -1.849942 5.83764 0.462118 -1.347168 4.637552 1.384699 -0.4392114 4.781922 0.6568789 0.004359609 5.282907 1.01899 -0.8589856 5.388788 0.5222411 -0.5346032 4.153123 0.7429472 0.4199811 4.361979 -0.7690735 0.7147487 4.781922 0.6568789 0.004359609 4.977655 -1.066182 0.1898432 4.781922 0.6568789 0.004359609 4.977655 -1.066182 0.1898432 5.388788 0.5222411 -0.5346032 5.581122 -1.221645 -0.4311469 3.462293 2.98051 1.192703 3.681908 1.814858 0.06122549 3.614694 3.474896 5.469636E-07 3.612327 2.051753 -0.4219195 3.339542 3.474896 -1.383281 3.172602 2.051753 -1.782976 2.353476 2.734695 -2.931286 2.94286 1.814858 -2.213331 2.94286 1.814858 -2.213331 2.362198 0.8867198 -2.666291 2.353476 2.734695 -2.931286 1.845399 0.8867193 -3.070515 3.403514 1.905614 1.111801 3.356035 0.907953 1.112462 3.489122 1.234858 0.544796 3.448683 0.8867204 0.7686102 3.696124 12.3853 -0.6112272 3.733041 13.81106 -0.6617022 4.949616 13.58372 -0.437691 4.882479 13.99417 -0.6148687 6.554931 14.41358 -0.009945754 6.506942 14.50013 0.2344499 5.106405 13.32049 -0.009945991 4.949616 13.58372 0.4177989 4.949616 13.58372 0.4177989 6.506942 14.50013 0.2344499 4.882479 13.99417 0.5949765 6.391082 14.70908 0.3356819 4.882479 13.99417 0.5949765 6.391082 14.70908 0.3356819 4.821626 14.45057 0.4177988 6.275222 14.91803 0.2344498 4.821626 14.45057 0.4177988 6.275222 14.91803 0.2344498 4.859179 14.67648 -0.009946124 6.227232 15.00458 -0.009945857 6.491246 15.10509 -0.009945809 6.610985 14.88914 -0.1827596 6.227232 15.00458 -0.009945857 6.391082 14.70908 -0.3555735 6.610985 14.88914 -0.1827596 6.695653 14.73644 -0.1321436 6.391082 14.70908 -0.3555735 6.506942 14.50013 -0.2543414 6.695653 14.73644 -0.1321436 6.730725 14.67319 -0.009945733 6.506942 14.50013 -0.2543414 6.554931 14.41358 -0.009945754 6.554931 14.41358 -0.009945754 6.730725 14.67319 -0.009945733 6.506942 14.50013 0.2344499 6.695653 14.73644 0.1122521 6.506942 14.50013 0.2344499 6.695653 14.73644 0.1122521 6.391082 14.70908 0.3356819 6.610985 14.88914 0.1628681 6.391082 14.70908 0.3356819 6.610985 14.88914 0.1628681 6.275222 14.91803 0.2344498 6.526316 15.04184 0.112252 6.275222 14.91803 0.2344498 6.526316 15.04184 0.112252 6.227232 15.00458 -0.009945857 6.491246 15.10509 -0.009945809 3.696124 12.3853 -0.6112272 3.801909 11.63906 0.001120039 2.978268 10.367 -0.9574219 3.28315 10.39479 3.266806E-05 2.978268 10.367 -0.9574219 3.213549 8.98573 1.34807E-07 2.968934 8.985729 -1.057274 3.213549 8.98573 1.34807E-07 3.344658 7.497466 2.508659E-07 3.090062 7.497466 -1.137089 3.561069 5.000001 4.448733E-07 3.29 5 -1.293188 3.733041 13.81106 0.6036689 2.951271 13.94383 0.8786604 3.655563 12.99679 0.7277086 3.032876 12.84169 0.9470966 -3.362561 13.57 -0.7035072 -4.522401 13.48177 -0.6148706 -4.401587 13.93131 -0.437693 -6.424828 14.52401 -0.3555762 -3.427773 14.18841 0.001118694 -4.401587 13.93131 -0.437693 -4.418565 14.15971 -0.009948028 -6.270246 14.84462 -0.009948456 -4.645134 13.07855 0.4177969 -6.534134 14.2973 0.2344472 -4.85288 12.82984 -0.009948039 -6.579408 14.2034 -0.009948482 -4.522401 13.48177 0.5949746 -4.401587 13.93131 0.4177969 -6.424828 14.52401 0.3356792 -6.315522 14.75072 0.2344472 -4.401587 13.93131 0.4177969 -4.418565 14.15971 -0.009948028 -6.315522 14.75072 0.2344472 -6.270246 14.84462 -0.009948456 -6.534134 14.2973 0.2344472 -6.770852 14.50344 0.1122493 -6.579408 14.2034 -0.009948482 -6.803939 14.43482 -0.009948542 -2.518053 5 -2.389506 -3.289997 5.000001 -1.293193 -2.365027 7.497466 -2.101073 -3.090058 7.497467 -1.137094 -2.365027 7.497466 -2.101073 -2.272318 8.98573 -1.953592 -2.968929 8.98573 -1.057277 -2.239222 10.367 -1.769089 1.362764 5.000001 3.122039 2.518057 5.000001 2.389505 1.279946 7.497467 2.745182 2.36503 7.497467 2.101071 2.272323 8.98573 1.95359 1.229773 8.985731 2.552488 1.279946 7.497467 2.745182 2.518057 5.000001 2.389505 3.29 5.000001 1.293191 2.36503 7.497467 2.101071 3.090061 7.497467 1.137092 2.968932 8.98573 1.057275 2.272323 8.98573 1.95359 2.36503 7.497467 2.101071 2.968932 8.98573 1.057275 2.266193 10.367 1.769087 2.978267 10.367 0.957423 -2.96893 8.985731 1.057273 -2.365028 7.497467 2.101069 -2.27232 8.985731 1.953588 -2.239224 10.367 1.769086 -2.27232 8.985731 1.953588 -1.279944 7.497467 2.745181 -1.22977 8.985731 2.552488 -1.237219 10.367 2.311423 2.266195 10.367 -1.769087 2.978268 10.367 -0.9574219 2.968934 8.985729 -1.057274 2.272324 8.985729 -1.953589 2.365032 7.497466 -2.10107 3.090062 7.497466 -1.137089 2.968934 8.985729 -1.057274 2.365032 7.497466 -2.10107 3.29 5 -1.293188 2.518058 5 -2.389503 1.362765 5 -3.122038 2.365032 7.497466 -2.10107 3.435735E-06 7.497466 -2.971364 1.244501E-06 5 -3.37927 -2.981206 10.367 -0.9574251 -3.213546 8.98573 -1.205989E-06 -3.231253 10.367 6.388194E-05 -2.981206 10.367 -0.9574251 -3.604548 11.26317 0.001118516 -3.409203 12.14424 -0.6495305 -2.968929 8.98573 -1.057277 -3.213546 8.98573 -1.205989E-06 -3.344655 7.497467 -2.192247E-06 -3.090058 7.497467 -1.137094 -3.561067 5.000001 -2.245646E-06 -3.289997 5.000001 -1.293193 1.229773 8.985731 2.552488 1.276925 10.367 2.311424 0.01985342 10.367 2.501867 1.709894E-06 8.985731 2.762793 1.279946 7.497467 2.745182 1.229773 8.985731 2.552488 1.386986E-06 7.497467 2.971363 1.362764 5.000001 3.122039 8.416611E-07 5.000001 3.37927 1.229773 8.985731 2.552488 2.272323 8.98573 1.95359 1.276925 10.367 2.311424 2.266193 10.367 1.769087 2.250548 12.66506 1.596867 1.276925 10.367 2.311424 1.196059 13.6924 1.877177 2.179314 13.6924 1.481471 1.473399 16.96539 1.32943 2.179314 13.6924 1.481471 2.188161 17.00998 1.129835 0.01985342 10.367 2.501867 1.276925 10.367 2.311424 0.03622755 13.6924 2.031842 1.196059 13.6924 1.877177 2.978267 10.367 0.957423 3.301069 11.46778 0.7243608 3.005571 11.34791 0.9522599 3.032876 12.84169 0.9470966 3.301069 11.46778 0.7243608 3.696124 12.3853 0.553194 3.655563 12.99679 0.7277086 2.95127 13.94383 -0.8017668 2.978268 10.367 -0.9574219 2.179317 13.6924 -1.481468 2.266195 10.367 -1.769087 0.01985586 10.367 -2.501868 0.03622978 13.6924 -2.031844 2.266195 10.367 -1.769087 2.179317 13.6924 -1.481468 -2.106857 13.6924 -1.481472 0.03622978 13.6924 -2.031844 -2.239222 10.367 -1.769089 0.01985586 10.367 -2.501868 -2.239222 10.367 -1.769089 -2.272318 8.98573 -1.953592 3.435735E-06 7.497466 -2.971364 -2.365027 7.497466 -2.101073 -3.362561 13.57 -0.7035072 -2.794621 13.6924 -0.8017679 -3.409203 12.14424 -0.6495305 -2.981206 10.367 -0.9574251 2.188162 17.00998 -1.129836 2.179317 13.6924 -1.481468 3.610179E-06 16.92048 -1.347069 0.03622978 13.6924 -2.031844 -2.244802 17.00998 -1.129838 3.610179E-06 16.92048 -1.347069 -2.106857 13.6924 -1.481472 0.03622978 13.6924 -2.031844 -2.923282 17.00018 0.7116263 -2.756643 14.50037 0.7446072 -2.244802 17.00998 1.129834 -2.106861 13.6924 1.481467 -1.530041 16.96539 1.329429 -1.123603 13.6924 1.877176 3.449596E-06 16.92048 1.347067 0.03622755 13.6924 2.031842 1.473399 16.96539 1.32943 3.449596E-06 16.92048 1.347067 1.196059 13.6924 1.877177 0.03622755 13.6924 2.031842 2.866641 17.00018 0.7116275 2.188161 17.00998 1.129835 2.798327 14.50037 0.7446091 2.179314 13.6924 1.481471 2.798327 14.50037 0.7446091 3.216001 14.82596 6.527518E-05 2.866641 17.00018 0.7116275 3.234407 16.82704 -3.282203E-07 2.798328 14.50037 -0.7446081 2.866642 17.00018 -0.7116283 3.216001 14.82596 6.527518E-05 3.234407 16.82704 -3.282203E-07 3.75055E-06 17.97823 -1.071586E-06 2.265545 17.63355 -1.006394 3.610179E-06 16.92048 -1.347069 2.188162 17.00998 -1.129836 3.75055E-06 17.97823 -1.071586E-06 3.610179E-06 16.92048 -1.347069 -2.322186 17.63355 -1.006395 -2.244802 17.00998 -1.129838 -1.530041 16.96539 1.329429 -1.691872 17.75456 0.7116265 -2.244802 17.00998 1.129834 -2.322186 17.63355 1.006392 3.449596E-06 16.92048 1.347067 3.628955E-06 17.62369 0.7991323 -1.530041 16.96539 1.329429 -1.691872 17.75456 0.7116265 3.449596E-06 16.92048 1.347067 1.473399 16.96539 1.32943 3.628955E-06 17.62369 0.7991323 1.635232 17.75456 0.7116272 1.473399 16.96539 1.32943 2.188161 17.00998 1.129835 1.635232 17.75456 0.7116272 2.265545 17.63355 1.006393 -2.923282 17.00018 -0.7116295 -3.362823 18.09064 -0.5789318 -2.322186 17.63355 -1.006395 -2.82413 18.36886 -0.8187323 -2.923282 17.00018 -0.7116295 -3.302613 16.82262 -1.691685E-06 -3.362823 18.09064 -0.5789318 -3.671419 17.94618 -1.835594E-06 -2.923282 17.00018 0.7116263 -3.362823 18.09064 0.5789282 -3.302613 16.82262 -1.691685E-06 -3.671419 17.94618 -1.835594E-06 -2.923282 17.00018 0.7116263 -2.322186 17.63355 1.006392 -3.362823 18.09064 0.5789282 -2.82413 18.36886 0.818729 -1.691872 17.75456 0.7116265 -2.00204 18.48821 0.5789285 -2.322186 17.63355 1.006392 -2.82413 18.36886 0.818729 3.75055E-06 17.97823 -1.071586E-06 -1.661519 18.60427 -1.455521E-06 -1.691872 17.75456 0.7116265 -2.00204 18.48821 0.5789285 -2.00204 18.48821 -0.5789315 -2.82413 18.36886 -0.8187323 -3.690721 19.92023 -0.3307785 -4.01349 19.76118 -0.4677907 -2.82413 18.36886 -0.8187323 -3.362823 18.09064 -0.5789318 -4.01349 19.76118 -0.4677907 -4.336259 19.60214 -0.3307786 -3.362823 18.09064 -0.5789318 -3.671419 17.94618 -1.835594E-06 -4.336259 19.60214 -0.3307786 -4.469954 19.53626 -2.096957E-06 -3.362823 18.09064 0.5789282 -4.336259 19.60214 0.3307745 -3.671419 17.94618 -1.835594E-06 -4.469954 19.53626 -2.096957E-06 -2.82413 18.36886 0.818729 -4.01349 19.76118 0.4677867 -3.362823 18.09064 0.5789282 -4.336259 19.60214 0.3307745 -2.00204 18.48821 0.5789285 -3.690721 19.92023 0.3307746 -2.82413 18.36886 0.818729 -4.01349 19.76118 0.4677867 -1.661519 18.60427 -1.455521E-06 -3.557026 19.98611 -1.933319E-06 -2.00204 18.48821 0.5789285 -3.690721 19.92023 0.3307746 -1.661519 18.60427 -1.455521E-06 -2.00204 18.48821 -0.5789315 -3.557026 19.98611 -1.933319E-06 -3.690721 19.92023 -0.3307785 -3.557026 19.98611 -1.933319E-06 -3.690721 19.92023 -0.3307785 -4.255375 20.18277 -2.090728E-06 -4.01349 19.76118 -0.4677907 2.76749 18.36886 -0.8187311 3.306183 18.09064 -0.5789304 2.265545 17.63355 -1.006394 2.866642 17.00018 -0.7116283 2.866642 17.00018 -0.7116283 3.306183 18.09064 -0.5789304 3.234407 16.82704 -3.282203E-07 3.614779 17.94618 -3.155749E-07 3.614779 17.94618 -3.155749E-07 3.306182 18.09064 0.5789297 3.234407 16.82704 -3.282203E-07 2.866641 17.00018 0.7116275 2.866641 17.00018 0.7116275 3.306182 18.09064 0.5789297 2.265545 17.63355 1.006393 2.767489 18.36886 0.8187302 2.767489 18.36886 0.8187302 1.9454 18.48821 0.5789294 2.265545 17.63355 1.006393 1.635232 17.75456 0.7116272 1.9454 18.48821 0.5789294 1.604879 18.60427 -7.740975E-07 1.635232 17.75456 0.7116272 3.75055E-06 17.97823 -1.071586E-06 1.9454 18.48821 -0.5789307 3.350004 19.93011 -0.3595545 2.76749 18.36886 -0.8187311 3.671685 19.74519 -0.5084866 2.76749 18.36886 -0.8187311 3.671685 19.74519 -0.5084866 3.306183 18.09064 -0.5789304 3.993365 19.56028 -0.3595543 3.306183 18.09064 -0.5789304 3.993365 19.56028 -0.3595543 3.614779 17.94618 -3.155749E-07 4.126609 19.48368 -3.004407E-07 4.126609 19.48368 -3.004407E-07 3.993365 19.56028 0.3595537 3.614779 17.94618 -3.155749E-07 3.306182 18.09064 0.5789297 3.993365 19.56028 0.3595537 3.671685 19.74519 0.5084858 3.306182 18.09064 0.5789297 2.767489 18.36886 0.8187302 3.671685 19.74519 0.5084858 3.350004 19.93011 0.3595535 2.767489 18.36886 0.8187302 1.9454 18.48821 0.5789294 3.350004 19.93011 0.3595535 3.216759 20.0067 -5.214247E-07 1.9454 18.48821 0.5789294 1.604879 18.60427 -7.740975E-07 1.604879 18.60427 -7.740975E-07 3.216759 20.0067 -5.214247E-07 1.9454 18.48821 -0.5789307 3.350004 19.93011 -0.3595545 3.671685 19.74519 -0.5084866 3.350004 19.93011 -0.3595545 3.912754 20.23536 -3.898579E-07 3.216759 20.0067 -5.214247E-07 -3.363502 12.75572 0.7781162 -2.887693 12.67956 0.9470954 -3.362561 13.57 0.645471 -2.794622 13.6924 0.8786592 -3.363502 12.75572 0.7781162 -3.409203 12.14424 0.5914943 -2.887693 12.67956 0.9470954 -3.067502 11.21635 0.7743698 2.978268 10.367 -0.9574219 2.95127 13.94383 -0.8017668 3.696124 12.3853 -0.6112272 3.733041 13.81106 -0.6617022 -2.373641 5 -2.481073 -1.134204 3.504267 -1.910466 -1.969627 3.474896 -2.947759 -1.134204 5 -1.605034 -1.134204 5 -1.605034 -1.506396 5 -3.030473 -1.134204 3.504267 -1.910466 -1.969627 3.474896 -2.947759 3.29 5 -1.293188 3.561069 5.000001 4.448733E-07 3.614694 3.474896 5.469636E-07 3.339542 3.474896 -1.383281 3.510379 2.234858 -1.14059 1.795987E-07 1.893637 3.614559 1.120628 1.481568 3.490772 4.039314E-07 2.955923 3.568881 1.541629 1.66017 3.287645 1.410035 3.474897 3.301788 -4.701052 -1.138174 -2.858588 -4.569998 0.5098945 -2.758519 -3.098183 -0.7062739 -2.976629 -3.77777 0.6349775 -2.764084 -3.084431 0.7149377 -2.684266 4.678324 0.5222406 -2.711056 4.778126 -1.221645 -2.902515 3.844151 0.6568784 -2.817686 3.119192 -0.7690743 -3.110157 3.098107 0.7429466 -2.790334 -2.518053 5 -2.389506 -2.365027 7.497466 -2.101073 -1.362759 5 -3.12204 3.435735E-06 7.497466 -2.971364 1.244501E-06 5 -3.37927 2.365032 7.497466 -2.10107 3.435735E-06 7.497466 -2.971364 2.272324 8.985729 -1.953589 0.01985586 10.367 -2.501868 2.266195 10.367 -1.769087 1.709894E-06 8.985731 2.762793 0.01985342 10.367 2.501867 -1.22977 8.985731 2.552488 1.386986E-06 7.497467 2.971363 -1.279944 7.497467 2.745181 1.386986E-06 7.497467 2.971363 -1.362759 5.000002 3.122038 8.416611E-07 5.000001 3.37927 -2.981206 10.367 0.9574212 -2.239224 10.367 1.769086 -3.067502 11.21635 0.7743698 -2.178093 12.66506 1.596865 -2.887693 12.67956 0.9470954 3.032876 12.84169 0.9470966 2.250548 12.66506 1.596867 3.005571 11.34791 0.9522599 2.266193 10.367 1.769087 2.978267 10.367 0.957423 2.95127 13.94383 -0.8017668 2.179317 13.6924 -1.481468 2.798328 14.50037 -0.7446081 2.188162 17.00998 -1.129836 2.866642 17.00018 -0.7116283 -2.923282 17.00018 -0.7116295 -2.244802 17.00998 -1.129838 -2.756642 14.50037 -0.7446113 -2.106857 13.6924 -1.481472 -2.794621 13.6924 -0.8017679 -2.82413 18.36886 -0.8187323 -2.00204 18.48821 -0.5789315 -2.322186 17.63355 -1.006395 -1.661519 18.60427 -1.455521E-06 3.75055E-06 17.97823 -1.071586E-06 3.75055E-06 17.97823 -1.071586E-06 1.604879 18.60427 -7.740975E-07 2.265545 17.63355 -1.006394 1.9454 18.48821 -0.5789307 2.76749 18.36886 -0.8187311 -3.614692 3.474897 -2.266529E-06 -3.561067 5.000001 -2.245646E-06 -3.289997 5 -1.293193 -3.33954 3.474896 -1.383285 -3.510378 1.819581 -1.140592 -3.289997 5.000001 1.293189 -3.090058 7.497467 1.137089 -3.561067 5.000001 -2.245646E-06 -3.344655 7.497467 -2.192247E-06 -2.96893 8.985731 1.057273 -3.213546 8.98573 -1.205989E-06 -2.981206 10.367 0.9574212 -3.067502 11.21635 0.7743698 -3.231253 10.367 6.388194E-05 -3.213546 8.98573 -1.205989E-06 -3.32376 1.296353 -2.273381 -3.677004 1.535854 -1.33481 -3.179632 1.660169 -1.753615 -3.510378 1.819581 -1.140592 -4.234007 1.397228 -1.547696 -4.53864 1.124834 -0.7355493 -4.028482 1.296353 -0.4009323 4.323058 1.695797 -1.404646 3.708486 1.890141 -1.204959 4.637552 1.384699 -0.4392114 4.069282 1.559989 -0.09454451 5.282907 1.01899 -0.8589856 5.029692 1.252111 -1.634245 4.323058 1.695797 -1.404646 3.29 5 -1.293188 2.518058 5 -2.389503 3.561069 5.000001 4.448733E-07 1.362765 5 -3.122038 1.043081E-06 5.000001 -2.980232E-07 3.29 5.000001 1.293191 1.244501E-06 5 -3.37927 -1.362759 5 -3.12204 2.518058 5.000001 2.389505 -2.518053 5 -2.389506 -3.289997 5 -1.293193 -3.561067 5.000001 -2.245646E-06 -3.289997 5.000001 1.293189 -2.518054 5.000001 2.389503 8.416611E-07 5.000001 3.37927 1.362764 5.000001 3.122039 -1.362759 5.000001 3.122038 1.244501E-06 5 -3.37927 -2.518053 5 -2.389506 -1.362759 5 -3.12204 1.362765 5 -3.122038 2.518058 5 -2.389503 -3.289997 5.000001 -1.293193 -3.561067 5.000001 -2.245646E-06 3.29 5 -1.293188 3.561069 5.000001 4.448733E-07 -3.289997 5.000001 1.293189 -2.518054 5.000001 2.389503 3.29 5.000001 1.293191 2.518057 5.000001 2.389505 8.416611E-07 5.000001 3.37927 -1.362759 5.000002 3.122038 1.362764 5.000001 3.122039</float_array>
          <technique_common>
            <accessor source="#TrunkBottom__mPltTreeOakTrunk-position-array" count="1783" stride="3">
              <param name="X" type="float" />
              <param name="Y" type="float" />
              <param name="Z" type="float" />
            </accessor>
          </technique_common>
        </source>
        <source id="TrunkBottom__mPltTreeOakTrunk-normal">
          <float_array id="TrunkBottom__mPltTreeOakTrunk-normal-array" count="5349">0.3287671 -0.7984344 -0.5029351 0.9041094 0.2407042 -0.3542073 0.8023483 0.04305262 -0.5968687 -0.5636005 0.4109589 -0.7162426 2.159647E-07 0.3698629 -0.9295497 1.991681E-07 -0.1311155 -0.9921719 2.159647E-07 0.3698629 -0.9295497 0.5636008 0.4109587 -0.7162425 1.991681E-07 -0.1311155 -0.9921719 0.6575342 0.04696654 -0.7514675 0.8023483 0.04305262 -0.5968687 0.5127202 0.1017611 -0.8532287 0.5127202 0.1017611 -0.8532287 0.3659492 0.1213306 -0.9236788 0.6575342 0.04696654 -0.7514675 0.3287671 -0.7984344 -0.5029351 0.9138941 -0.1232879 -0.3855184 0.9041094 0.2407042 -0.3542073 -0.3835613 0.09589042 -0.917808 -0.5303324 0.1272016 -0.8375733 -0.3620349 0.1409002 -0.9217219 -0.3679062 0.3091978 0.876712 0.2563599 0.7162425 0.6497061 -0.09197669 0.1272016 0.9882581 -0.09197669 0.1272016 0.9882581 0.2563599 0.7162425 0.6497061 0.1409 0.18591 0.9726024 0.1409 0.18591 0.9726024 0.545988 0.291585 0.7866926 0.1917806 0.007827805 0.9804303 0.1917806 0.007827805 0.9804303 0.545988 0.291585 0.7866926 0.05870823 -0.8003911 0.5968689 0.5577297 -0.111546 0.8219177 0.05870823 -0.8003911 0.5968689 0.545988 0.291585 0.7866926 -0.882583 0.1095892 0.4559685 -0.7064577 0.7045009 -0.05675164 -0.7906066 0.2054796 0.5792561 -0.9608608 0.2739727 0.04892356 -0.7064577 0.7045009 -0.05675164 -0.882583 0.1095892 0.4559685 -0.5851271 -0.804305 0.09589052 -0.9021524 0.2974561 -0.3111547 -0.9941289 0.1095892 -0.01369871 -0.9021524 0.2974561 -0.3111547 -0.5851271 -0.804305 0.09589052 -0.9491191 -0.1056749 -0.2994129 -0.08610578 0.6066536 0.7906064 0.3855183 0.2485322 0.8884537 0.04305272 0.69863 0.7142854 -0.08610578 0.6066536 0.7906064 -0.407045 0.7201565 0.5616435 -0.5518591 0.3424658 0.7592952 -0.407045 0.7201565 0.5616435 -0.7240703 0.6046968 0.3287669 -0.5518591 0.3424658 0.7592952 -0.6868883 0.7045009 0.1819959 -0.9628177 0.2504894 -0.0958905 -0.7240703 0.6046968 0.3287669 -0.08610578 0.6066536 0.7906064 -0.5518591 0.3424658 0.7592952 -0.05088081 0.1956947 0.9784733 -0.04500999 -0.1741682 0.9843442 0.1232875 0.221135 0.9667316 -0.05088081 0.1956947 0.9784733 -0.5518591 0.3424658 0.7592952 -0.7240703 0.6046968 0.3287669 -0.9158511 0.1956949 0.3502934 -0.9706455 -0.1663403 -0.1722113 -0.9843442 0.1780824 -0.03326819 -0.9628177 0.2504894 -0.0958905 -0.05088081 0.1956947 0.9784733 -0.5518591 0.3424658 0.7592952 -0.5792564 -0.1643834 0.7984343 -0.05088081 0.1956947 0.9784733 -0.5792564 -0.1643834 0.7984343 -0.04500999 -0.1741682 0.9843442 -0.5792564 -0.1643834 0.7984343 -0.5518591 0.3424658 0.7592952 -0.9158511 0.1956949 0.3502934 -0.7240703 0.6046968 0.3287669 -0.9569469 0.2211352 0.1859098 -0.9158511 0.1956949 0.3502934 -0.9217219 -0.1741681 0.3463795 -0.5792564 -0.1643834 0.7984343 -0.9158511 0.1956949 0.3502934 -0.9158511 0.1956949 0.3502934 -0.9569469 0.2211352 0.1859098 -0.9217219 -0.1741681 0.3463795 -0.5636008 0.2837574 0.7749508 -0.737769 0.07436417 0.6712326 -0.7906066 0.2054796 0.5792561 0.05870823 -0.8003911 0.5968689 -0.03131136 -0.1135028 0.9921719 0.1917806 0.007827805 0.9804303 -0.09197669 0.1272016 0.9882581 -0.336595 0.09197661 0.9373775 -0.3679062 0.3091978 0.876712 -0.9295497 0.04500999 0.365949 -0.9491192 -0.0508804 0.3091975 -0.882583 0.1095892 0.4559685 -0.9941289 0.1095892 -0.01369871 -0.9275928 -0.09980407 0.3600782 -0.5851271 -0.804305 0.09589052 -0.3679062 0.3091978 0.876712 -0.336595 0.09197661 0.9373775 -0.5636008 0.2837574 0.7749508 -0.882583 0.1095892 0.4559685 -0.9491192 -0.0508804 0.3091975 -0.9608608 0.2739727 0.04892356 0.1409 0.18591 0.9726024 0.2563599 0.7162425 0.6497061 0.545988 0.291585 0.7866926 0.3855183 0.2485322 0.8884537 -0.08610578 0.6066536 0.7906064 0.3463794 0.1859099 0.9197649 0.2172209 -0.1174168 0.9686886 0.3463794 0.1859099 0.9197649 0.1232875 0.221135 0.9667316 0.3855183 0.2485322 0.8884537 0.3463794 0.1859099 0.9197649 0.4559684 -0.1585127 0.8747553 -0.9882581 -0.1193735 0.0939334 -0.9843442 0.1780824 -0.03326819 -0.9706455 -0.1663403 -0.1722113 0.1232875 0.221135 0.9667316 -0.08610578 0.6066536 0.7906064 -0.05088081 0.1956947 0.9784733 -0.04500999 -0.1741682 0.9843442 0.2172209 -0.1174168 0.9686886 0.1232875 0.221135 0.9667316 -0.9217219 -0.1741681 0.3463795 -0.9569469 0.2211352 0.1859098 -0.9882581 -0.1193735 0.0939334 0.1232875 0.221135 0.9667316 0.3463794 0.1859099 0.9197649 -0.08610578 0.6066536 0.7906064 -0.9569469 0.2211352 0.1859098 -0.9843442 0.1780824 -0.03326819 -0.9882581 -0.1193735 0.0939334 0.1409 0.18591 0.9726024 0.06262209 0.05479455 0.9960859 -0.09197669 0.1272016 0.9882581 0.7221132 0.2700585 0.6360077 0.6457924 0.7592952 0.08023469 0.8786689 0.1076319 0.4637964 0.8786689 0.1076319 0.4637964 0.6457924 0.7592952 0.08023469 0.9569468 0.1585125 0.2407045 0.9569468 0.1585125 0.2407045 0.9471623 0.2915848 -0.1428571 0.9941289 -0.02348356 0.1076321 0.9941289 -0.02348356 0.1076321 0.9471623 0.2915848 -0.1428571 0.5322894 -0.8023483 0.2700589 0.9765164 -0.119374 -0.1839529 0.5322894 -0.8023483 0.2700589 0.9471623 0.2915848 -0.1428571 0.176125 0.08414873 0.9804303 -0.2485323 0.774951 0.5792561 0.2407043 0.1565557 0.9589038 -0.1409003 0.2720157 0.951076 -0.2485323 0.774951 0.5792561 0.176125 0.08414873 0.9804303 0.05870823 -0.8003911 0.5968689 -0.5753425 0.3091978 0.7553813 -0.2367907 0.08610576 0.9667317 -0.5753425 0.3091978 0.7553813 0.05870823 -0.8003911 0.5968689 -0.6066537 -0.1135027 0.7866925 0.8551857 0.4187865 0.3052837 0.9765164 0.2093931 0.04305284 0.6399215 0.7240701 0.2563599 0.9784733 -0.1663407 0.1291586 0.9765164 0.2093931 0.04305284 0.8551857 0.4187865 0.3052837 0.9765164 0.2093931 0.04305284 0.9784733 -0.1663407 0.1291586 0.9804303 -0.1996088 -0.009784632 0.8551857 0.4187865 0.3052837 0.3776906 0.7318981 0.5675144 0.5068491 0.401174 0.7632092 0.9784733 -0.1663407 0.1291586 0.8551857 0.4187865 0.3052837 0.953033 0.1585125 0.258317 0.3776906 0.7318981 0.5675144 -0.04696688 0.4207436 0.9060662 0.5068491 0.401174 0.7632092 -0.01369873 0.7299412 0.6829742 -0.3542075 0.2328768 0.9060662 -0.04696688 0.4207436 0.9060662 0.8551857 0.4187865 0.3052837 0.5068491 0.401174 0.7632092 0.953033 0.1585125 0.258317 0.9569468 -0.1311156 0.262231 0.9784733 -0.1663407 0.1291586 0.953033 0.1585125 0.258317 0.5068491 0.401174 0.7632092 -0.04696688 0.4207436 0.9060662 -0.1389434 0.1604697 0.9765163 -0.04696688 0.4207436 0.9060662 -0.3542075 0.2328768 0.9060662 -0.2622311 -0.1702542 0.9491192 0.953033 0.1585125 0.258317 0.5068491 0.401174 0.7632092 0.5499018 -0.1193738 0.8277885 0.953033 0.1585125 0.258317 0.5499018 -0.1193738 0.8277885 0.9569468 -0.1311156 0.262231 0.5499018 -0.1193738 0.8277885 0.5068491 0.401174 0.7632092 -0.1389434 0.1604697 0.9765163 -0.04696688 0.4207436 0.9060662 -0.2622311 -0.1702542 0.9491192 -0.1389434 0.1604697 0.9765163 -0.3542075 0.2328768 0.9060662 -0.4187868 0.04892381 0.9060663 -0.2622311 -0.1702542 0.9491192 -0.1350295 -0.1291584 0.9823872 0.5499018 -0.1193738 0.8277885 -0.1389434 0.1604697 0.9765163 -0.1389434 0.1604697 0.9765163 -0.2622311 -0.1702542 0.9491192 -0.1350295 -0.1291584 0.9823872 0.5772992 0.2485322 0.7769079 0.3405086 0.08414868 0.9354205 0.2407043 0.1565557 0.9589038 0.5322894 -0.8023483 0.2700589 0.9608607 -0.117417 0.2524462 0.9941289 -0.02348356 0.1076321 0.8786689 0.1076319 0.4637964 0.731898 0.07044997 0.6790605 0.7221132 0.2700585 0.6360077 -0.2367907 0.08610576 0.9667317 -0.03131136 -0.1135028 0.9921719 0.05870823 -0.8003911 0.5968689 0.8786689 0.1076319 0.4637964 0.9373774 0.0450096 0.3444227 0.731898 0.07044997 0.6790605 0.7221132 0.2700585 0.6360077 0.731898 0.07044997 0.6790605 0.5772992 0.2485322 0.7769079 0.8786689 0.1076319 0.4637964 0.951076 -0.06262248 0.3052838 0.9373774 0.0450096 0.3444227 0.176125 0.08414873 0.9804303 0.06262209 0.05479455 0.9960859 -0.1409003 0.2720157 0.951076 0.9569468 0.1585125 0.2407045 0.6457924 0.7592952 0.08023469 0.9471623 0.2915848 -0.1428571 0.9569468 0.1585125 0.2407045 0.951076 -0.06262248 0.3052838 0.8786689 0.1076319 0.4637964 -0.9608607 0.2602741 -0.09197661 -0.5694715 0.7592955 0.3150682 -0.9823872 0.1017614 0.1565557 -0.9823872 0.1017614 0.1565557 -0.5694715 0.7592955 0.3150682 -0.9256358 0.1878671 0.3307239 -0.9256358 0.1878671 0.3307239 -0.6868884 0.2857144 0.6673187 -0.8962817 -0.02348315 0.4442268 -0.8962817 -0.02348315 0.4442268 -0.6868884 0.2857144 0.6673187 -0.5851271 -0.804305 0.09589052 -0.6810176 -0.1193736 0.7221133 -0.5851271 -0.804305 0.09589052 -0.6868884 0.2857144 0.6673187 -0.7690799 0.1037183 -0.6301368 -0.1565555 0.76908 -0.6203523 -0.8277884 0.1682976 -0.5342466 -0.4598824 -0.804305 -0.3776906 -0.02935398 0.2994128 -0.9530331 -0.4187864 0.04305286 -0.9080232 -0.02935398 0.2994128 -0.9530331 -0.4598824 -0.804305 -0.3776906 0.001957147 -0.1154599 -0.9941289 -0.8688844 0.4227007 0.2583168 -0.7808219 0.2211352 0.58317 -0.6164382 0.7612524 0.2074362 -0.8630136 -0.1702542 0.475538 -0.7808219 0.2211352 0.58317 -0.8688844 0.4227007 0.2583168 -0.7808219 0.2211352 0.58317 -0.8630136 -0.1702542 0.475538 -0.7553815 -0.1996084 0.624266 -0.8688844 0.4227007 0.2583168 -0.6379645 0.7318982 -0.2367907 -0.8630134 0.3874756 -0.3209394 -0.8630136 -0.1702542 0.475538 -0.8688844 0.4227007 0.2583168 -0.9217219 0.1663407 0.3522503 -0.6379645 0.7318982 -0.2367907 -0.4911934 0.4246575 -0.7612523 -0.8630134 0.3874756 -0.3209394 -0.3268099 0.7651662 -0.5538161 -0.1956945 0.219178 -0.95499 -0.4911934 0.4246575 -0.7612523 -0.8688844 0.4227007 0.2583168 -0.8630134 0.3874756 -0.3209394 -0.9217219 0.1663407 0.3522503 -0.9256358 -0.1506847 0.3502934 -0.8630136 -0.1702542 0.475538 -0.9217219 0.1663407 0.3522503 -0.8630134 0.3874756 -0.3209394 -0.4911934 0.4246575 -0.7612523 -0.4598823 0.1663405 -0.8727983 -0.4911934 0.4246575 -0.7612523 -0.1956945 0.219178 -0.95499 -0.3385516 -0.1741682 -0.9236788 -0.9217219 0.1663407 0.3522503 -0.8630134 0.3874756 -0.3209394 -0.9275926 -0.1369861 -0.3463796 -0.9217219 0.1663407 0.3522503 -0.9275926 -0.1369861 -0.3463796 -0.9256358 -0.1506847 0.3502934 -0.9275926 -0.1369861 -0.3463796 -0.8630134 0.3874756 -0.3209394 -0.4598823 0.1663405 -0.8727983 -0.4911934 0.4246575 -0.7612523 -0.3385516 -0.1741682 -0.9236788 -0.4598823 0.1663405 -0.8727983 -0.1956945 0.219178 -0.95499 -0.1428569 -0.2074364 -0.9686885 -0.3385516 -0.1741682 -0.9236788 -0.4657531 -0.1487279 -0.8727982 -0.9275926 -0.1369861 -0.3463796 -0.4598823 0.1663405 -0.8727983 -0.4598823 0.1663405 -0.8727983 -0.3385516 -0.1741682 -0.9236788 -0.4657531 -0.1487279 -0.8727982 -0.9315066 0.2465755 -0.2681018 -0.913894 0.05479467 -0.4011741 -0.8277884 0.1682976 -0.5342466 -0.5851271 -0.804305 0.09589052 -0.9275928 -0.09980407 0.3600782 -0.8962817 -0.02348315 0.4442268 -0.9823872 0.1017614 0.1565557 -0.9980428 0.04500998 0.005870771 -0.9608607 0.2602741 -0.09197661 -0.9823872 0.1017614 0.1565557 -0.9295497 0.04500999 0.365949 -0.9980428 0.04500998 0.005870771 -0.9608607 0.2602741 -0.09197661 -0.9980428 0.04500998 0.005870771 -0.9315066 0.2465755 -0.2681018 -0.9823872 0.1017614 0.1565557 -0.9491192 -0.0508804 0.3091975 -0.9295497 0.04500999 0.365949 -0.9256358 0.1878671 0.3307239 -0.5694715 0.7592955 0.3150682 -0.6868884 0.2857144 0.6673187 -0.9256358 0.1878671 0.3307239 -0.9491192 -0.0508804 0.3091975 -0.9823872 0.1017614 0.1565557 0.8199608 0.1976514 -0.5381603 0.1741684 0.7162424 -0.6751468 0.7592955 0.06066515 -0.6477492 0.5479453 -0.1252448 -0.8258315 -0.00782757 0.291585 -0.956947 0.3287671 -0.7984344 -0.5029351 0.9804302 0.0919763 0.1761252 0.5381603 0.7045007 0.4637962 0.9804303 0.1956945 0.009784751 0.7925633 0.2544029 0.5538159 0.5381603 0.7045007 0.4637962 0.9804302 0.0919763 0.1761252 0.5322894 -0.8023483 0.2700589 0.5420741 0.2994128 0.7847356 0.7749508 0.09197637 0.626223 0.5420741 0.2994128 0.7847356 0.5322894 -0.8023483 0.2700589 0.5909978 -0.1056752 0.8003913 0.1467712 -0.1585128 -0.9765163 0.2602741 0.1859098 -0.9471623 0.3933465 -0.1174169 -0.9119371 0.5342466 0.6066533 -0.5890411 0.6594911 0.7201563 -0.2152642 0.8943247 0.3424655 -0.2896281 0.6594911 0.7201563 -0.2152642 0.7788648 0.6046964 0.1604695 0.8943247 0.3424655 -0.2896281 0.6614479 0.7045007 0.2563599 0.7221132 0.2504891 0.6438354 0.7788648 0.6046964 0.1604695 0.5342466 0.6066533 -0.5890411 0.8943247 0.3424655 -0.2896281 0.6164384 0.1956945 -0.7632092 0.6144814 -0.1741684 -0.7690799 0.4696674 0.2211348 -0.8551858 0.6164384 0.1956945 -0.7632092 0.8943247 0.3424655 -0.2896281 0.7788648 0.6046964 0.1604695 0.9471622 0.1956945 0.2544031 0.6849312 -0.1663406 0.7103717 0.7769077 0.178082 0.6046966 0.7221132 0.2504891 0.6438354 0.6164384 0.1956945 -0.7632092 0.8943247 0.3424655 -0.2896281 0.9373775 -0.1643837 -0.3052836 0.6164384 0.1956945 -0.7632092 0.9373775 -0.1643837 -0.3052836 0.6144814 -0.1741684 -0.7690799 0.9373775 -0.1643837 -0.3052836 0.8943247 0.3424655 -0.2896281 0.9471622 0.1956945 0.2544031 0.7788648 0.6046964 0.1604695 0.8845398 0.2211348 0.4129158 0.9471622 0.1956945 0.2544031 0.9491191 -0.1741684 0.260274 0.9373775 -0.1643837 -0.3052836 0.9471622 0.1956945 0.2544031 0.9471622 0.1956945 0.2544031 0.8845398 0.2211348 0.4129158 0.9491191 -0.1741684 0.260274 0.919765 0.2778862 -0.2759295 0.9980428 0.04892346 0.007827836 0.9804303 0.1956945 0.009784751 0.8023483 0.04305262 -0.5968687 0.5479453 -0.1252448 -0.8258315 0.3287671 -0.7984344 -0.5029351 0.9373774 0.0450096 0.3444227 0.951076 -0.06262248 0.3052838 0.9804302 0.0919763 0.1761252 0.7749508 0.09197637 0.626223 0.9608607 -0.117417 0.2524462 0.5322894 -0.8023483 0.2700589 0.8199608 0.1976514 -0.5381603 0.9001956 0.06066513 -0.4324852 0.919765 0.2778862 -0.2759295 0.9804302 0.0919763 0.1761252 0.951076 -0.06262248 0.3052838 0.7925633 0.2544029 0.5538159 0.3933465 -0.1174169 -0.9119371 0.2602741 0.1859098 -0.9471623 0.4696674 0.2211348 -0.8551858 0.2113505 0.2485321 -0.9452053 0.2602741 0.1859098 -0.9471623 0.1467712 -0.1585128 -0.9765163 0.7788648 0.6046964 0.1604695 0.7769077 0.178082 0.6046966 0.8845398 0.2211348 0.4129158 0.7769077 0.178082 0.6046966 0.7788648 0.6046964 0.1604695 0.7221132 0.2504891 0.6438354 0.8551856 -0.1193739 0.5048923 0.7769077 0.178082 0.6046966 0.6849312 -0.1663406 0.7103717 0.4696674 0.2211348 -0.8551858 0.5342466 0.6066533 -0.5890411 0.6164384 0.1956945 -0.7632092 0.6144814 -0.1741684 -0.7690799 0.3933465 -0.1174169 -0.9119371 0.4696674 0.2211348 -0.8551858 0.9491191 -0.1741684 0.260274 0.8845398 0.2211348 0.4129158 0.8551856 -0.1193739 0.5048923 0.8845398 0.2211348 0.4129158 0.7769077 0.178082 0.6046966 0.8551856 -0.1193739 0.5048923 2.159647E-07 0.3698629 -0.9295497 1.940358E-07 0.6731896 -0.737769 0.5636008 0.4109587 -0.7162425 -0.5636005 0.4109589 -0.7162426 1.940358E-07 0.6731896 -0.737769 2.159647E-07 0.3698629 -0.9295497 -0.5322893 0.1056752 -0.8395302 -0.7064576 0.06457935 -0.7045009 -0.6810173 0.1115461 -0.7240703 -0.5518588 0.1056752 -0.8258316 -0.5518588 0.1056752 -0.8258316 -0.7064576 0.06457935 -0.7045009 0.1037184 0.3522503 -0.9295497 -0.1467708 0.6340507 -0.7592955 0.1389434 0.01761243 -0.990215 0.8904107 -0.4540118 0.001957095 0.5322897 -0.2759297 -0.8003911 0.6673188 -0.7416829 0.05283776 0.5322897 -0.2759297 -0.8003911 0.4481409 -0.4951076 -0.7436396 0.6673188 -0.7416829 0.05283776 0.8904107 -0.4540118 0.001957095 0.6673188 -0.7416829 0.05283776 0.5342463 -0.2739726 0.7984344 0.6673188 -0.7416829 0.05283776 0.4559684 -0.5107632 0.7299412 0.5342463 -0.2739726 0.7984344 0.5342463 -0.2739726 0.7984344 0.4559684 -0.5107632 0.7299412 0.3346377 -0.04109589 0.9412913 0.4559684 -0.5107632 0.7299412 0.1545986 0.007827813 0.9882581 0.3346377 -0.04109589 0.9412913 0.3346377 -0.04109589 0.9412913 0.1545986 0.007827813 0.9882581 0.1448139 0.3385518 0.9295496 0.1545986 0.007827813 0.9882581 -0.1213308 0.6027397 0.7886494 0.1448139 0.3385518 0.9295496 0.1448139 0.3385518 0.9295496 -0.1213308 0.6027397 0.7886494 0.07045014 0.9980428 0.001956743 -0.1213308 0.6027397 0.7886494 -0.2309196 0.9726025 -0.001957163 0.07045014 0.9980428 0.001956743 0.1037184 0.3522503 -0.9295497 0.07045014 0.9980428 0.001956743 -0.1467708 0.6340507 -0.7592955 0.07045014 0.9980428 0.001956743 -0.2309196 0.9726025 -0.001957163 -0.1467708 0.6340507 -0.7592955 0.1389434 0.01761243 -0.990215 -0.1467708 0.6340507 -0.7592955 0.2172213 0.06457914 -0.9745594 0.2172213 0.06457914 -0.9745594 -0.1467708 0.6340507 -0.7592955 -0.2641878 0.9647748 -2.170145E-07 0.1389434 0.01761243 -0.990215 0.2172213 0.06457914 -0.9745594 0.4481409 -0.4951076 -0.7436396 0.2172213 0.06457914 -0.9745594 0.5068493 -0.5146772 -0.6927589 0.4481409 -0.4951076 -0.7436396 0.4481409 -0.4951076 -0.7436396 0.5068493 -0.5146772 -0.6927589 0.6673188 -0.7416829 0.05283776 0.5068493 -0.5146772 -0.6927589 0.5929548 -0.7514676 0.2857144 0.6673188 -0.7416829 0.05283776 -0.2309196 0.9726025 -0.001957163 -0.2641878 0.9647748 -2.170145E-07 -0.1467708 0.6340507 -0.7592955 0.845401 0.5322893 -6.065437E-08 0.4559687 0.2700585 -0.847358 -0.1976516 0.9804304 -2.163146E-07 0.4559687 0.2700585 -0.847358 0.845401 0.5322893 -6.065437E-08 0.7612524 -0.191781 -0.620352 0.7612524 -0.191781 -0.620352 0.845401 0.5322893 -6.065437E-08 0.8923677 -0.4500979 1.47087E-07 0.8923677 -0.4500979 1.47087E-07 0.845401 0.5322893 -6.065437E-08 0.7612522 -0.1917809 0.6203523 0.7612522 -0.1917809 0.6203523 0.845401 0.5322893 -6.065437E-08 0.4559684 0.2700586 0.8473579 0.4559684 0.2700586 0.8473579 0.845401 0.5322893 -6.065437E-08 0.04500968 0.7397259 0.6712325 0.04500968 0.7397259 0.6712325 0.845401 0.5322893 -6.065437E-08 -0.1976516 0.9804304 -2.163146E-07 0.1037184 0.3522503 -0.9295497 0.5342466 0.2250487 -0.8140898 0.07045014 0.9980428 0.001956743 0.07045014 0.9980428 0.001956743 0.5342466 0.2250487 -0.8140898 0.9960859 0.08806239 4.100009E-08 0.07045014 0.9980428 0.001956743 0.9960859 0.08806239 4.100009E-08 0.5303324 0.219178 0.8199607 0.07045014 0.9980428 0.001956743 0.5303324 0.219178 0.8199607 0.1448139 0.3385518 0.9295496 0.9960859 -0.09784754 7.978392E-08 0.8904107 -0.4540118 0.001957095 0.7592952 -0.1956948 0.6203523 -0.8923677 -0.4500976 0.001956987 -0.6536202 -0.7553813 0.06066547 -0.5205476 -0.2641878 -0.8121329 -0.8923677 -0.4500976 0.001956987 -0.5244619 -0.2622307 0.810176 -0.6536202 -0.7553813 0.06066547 -0.6536202 -0.7553813 0.06066547 -0.5244619 -0.2622307 0.810176 -0.4324854 -0.5009782 0.7495107 -0.5244619 -0.2622307 0.810176 -0.3483367 -0.03718186 0.9354205 -0.4324854 -0.5009782 0.7495107 -0.4324854 -0.5009782 0.7495107 -0.3483367 -0.03718186 0.9354205 -0.1526421 0.009784823 0.9882581 -0.3483367 -0.03718186 0.9354205 -0.2015657 0.37182 0.9060662 -0.1526421 0.009784823 0.9882581 -0.1526421 0.009784823 0.9882581 -0.2015657 0.37182 0.9060662 0.0978472 0.5792563 0.8082189 -0.2015657 0.37182 0.9060662 -0.2367905 0.9706456 0.00195673 0.0978472 0.5792563 0.8082189 0.0978472 0.5792563 0.8082189 -0.2367905 0.9706456 0.00195673 0.2348337 0.9726024 -0.001957136 -0.1545986 0.3855185 -0.9099802 0.1095892 0.6203521 -0.776908 -0.2367905 0.9706456 0.00195673 -0.692759 -0.2837572 -0.6634049 -0.810176 -0.5870839 7.418497E-08 -0.880626 0.4716243 -1.508779E-07 -0.810176 -0.5870839 7.418497E-08 -0.6927593 -0.2837571 0.6634049 -0.880626 0.4716243 -1.508779E-07 -0.9158511 0.07632114 0.3953032 -0.6144814 0.09197666 0.7827786 -0.847358 0.03131135 0.5303325 -0.1545986 0.3855185 -0.9099802 -0.2367905 0.9706456 0.00195673 -0.5929547 0.2152642 -0.774951 -0.5714287 0.08219193 0.8160467 -0.5029355 0.1682976 0.8473578 -0.6242662 0.04109605 0.7808217 -0.6242662 0.04109605 0.7808217 -0.5029355 0.1682976 0.8473578 -0.6007828 0.1937379 0.7749508 -0.2367905 0.9706456 0.00195673 -0.9999998 -0.001956738 -5.919641E-08 -0.5929547 0.2152642 -0.774951 -0.2367905 0.9706456 0.00195673 -0.6007828 0.1937379 0.7749508 -0.9999998 -0.001956738 -5.919641E-08 -0.6007828 0.1937379 0.7749508 -0.5029355 0.1682976 0.8473578 -0.7455968 0.005871035 0.6653618 0.5303324 0.219178 0.8199607 0.9960859 0.08806239 4.100009E-08 0.7084146 0.07044998 0.7025439 0.7181996 -0.04305302 -0.694716 0.412916 0.1076319 -0.9041094 0.09001976 0.2348335 -0.9667317 -0.4148725 0.08806264 -0.9060663 -0.7240701 -0.06849302 -0.6868883 -0.09001933 0.2348336 -0.9667317 -0.7240704 -0.06849295 0.6868882 -0.4148729 0.08806274 0.9060663 -0.09001973 0.2348337 0.9667316 0.4129156 0.107632 0.9041094 0.7181993 -0.04305293 0.6947161 0.09001936 0.2348336 0.9667316 -0.4520546 0.8923678 -2.131069E-07 -0.1193735 0.1937377 -0.9745595 -0.6457922 -0.2328766 -0.7279842 -0.4520546 0.8923678 -2.131069E-07 -0.6457922 -0.2328766 -0.7279842 -0.9041094 -0.4285712 3.551778E-08 -0.4520546 0.8923678 -2.131069E-07 -0.9041094 -0.4285712 3.551778E-08 -0.6457925 -0.2328765 0.7279842 -0.4520546 0.8923678 -2.131069E-07 -0.6457925 -0.2328765 0.7279842 -0.1193739 0.1937378 0.9745594 -0.4520546 0.8923678 -2.131069E-07 -0.1193739 0.1937378 0.9745594 0.3600781 0.5909979 0.7221132 -0.4520546 0.8923678 -2.131069E-07 0.3600781 0.5909979 0.7221132 0.590998 0.806262 -1.329731E-07 0.09393366 0.2152641 -0.9726025 0.4872798 0.8727981 -1.530357E-07 0.6692759 -0.1409003 -0.7299411 0.6692759 -0.1409003 -0.7299411 0.4872798 0.8727981 -1.530357E-07 0.953033 -0.303327 1.200841E-07 0.953033 -0.303327 1.200841E-07 0.4872798 0.8727981 -1.530357E-07 0.6692756 -0.1409003 0.7299412 0.6692756 -0.1409003 0.7299412 0.4872798 0.8727981 -1.530357E-07 0.09393325 0.2152642 0.9726024 0.09393325 0.2152642 0.9726024 0.4872798 0.8727981 -1.530357E-07 -0.4050881 0.5518591 0.7279841 -0.4050881 0.5518591 0.7279841 0.4872798 0.8727981 -1.530357E-07 -0.657534 0.7534246 -1.963687E-07 0.180039 0.5831701 0.7925633 -1.005463E-07 0.7240703 0.688845 -0.003913834 0.9999998 -2.088494E-07 -1.005463E-07 0.7240703 0.688845 -0.1839531 0.5812133 0.7925633 -0.003913834 0.9999998 -2.088494E-07 -0.2367905 0.9706456 0.00195673 -0.2015657 0.37182 0.9060662 -0.6007828 0.1937379 0.7749508 -0.9960859 -0.09393323 -3.977534E-08 -0.7573385 -0.01956927 0.6536201 -0.8923677 -0.4500976 0.001956987 0.9960859 0.08806239 4.100009E-08 0.5342466 0.2250487 -0.8140898 0.7123288 0.06066516 -0.6986299 -0.8923677 -0.4500976 0.001956987 -0.7573385 -0.01956927 0.6536201 -0.5244619 -0.2622307 0.810176 0.7592952 -0.1956948 0.6203523 0.8904107 -0.4540118 0.001957095 0.5342463 -0.2739726 0.7984344 5.960466E-08 0.9999998 -2.086162E-07 5.960466E-08 0.9999998 -2.086162E-07 5.960466E-08 0.9999998 -2.086162E-07 5.960466E-08 0.9999998 -2.086162E-07 5.960466E-08 0.9999998 -2.086162E-07 5.960466E-08 0.9999998 -2.086162E-07 5.960466E-08 0.9999998 -2.086162E-07 5.960466E-08 0.9999998 -2.086162E-07 5.960466E-08 0.9999998 -2.086162E-07 5.960466E-08 0.9999998 -2.086162E-07 5.960466E-08 0.9999998 -2.086162E-07 5.960466E-08 0.9999998 -2.086162E-07 -0.8317022 0.03913907 -0.553816 -0.4598824 -0.804305 -0.3776906 -0.4187864 0.04305286 -0.9080232 -0.7690799 0.1037183 -0.6301368 -0.8317022 0.03913907 -0.553816 -0.7064576 0.06457935 -0.7045009 -0.6007825 0.1643836 -0.7827788 -0.5870839 0.0136987 -0.810176 -0.3835613 0.09589042 -0.917808 -0.5518588 0.1232877 -0.8258316 -0.5518588 0.1232877 -0.8258316 0.4559684 -0.1585127 0.8747553 0.3463794 0.1859099 0.9197649 0.2172209 -0.1174168 0.9686886 0.4872795 -0.148728 0.8610566 0.3855183 0.2485322 0.8884537 0.4774948 0.2681017 0.8375732 -0.5636008 0.2837574 0.7749508 -0.336595 0.09197661 0.9373775 -0.737769 0.07436417 0.6712326 -0.336595 0.09197661 0.9373775 -0.6849315 0.1037184 0.7201563 -0.3561645 0.1272017 0.9256358 0.5772992 0.2485322 0.7769079 0.731898 0.07044997 0.6790605 0.3405086 0.08414868 0.9354205 0.6849312 0.1037181 0.7201564 0.3405086 0.08414868 0.9354205 0.3561641 0.1272015 0.9256358 0.009784934 -0.111546 -0.9941289 0.3287671 -0.7984344 -0.5029351 -0.00782757 0.291585 -0.956947 0.5479453 -0.1252448 -0.8258315 0.1741684 0.7162424 -0.6751468 0.7592955 0.06066515 -0.6477492 0.2113505 0.2485321 -0.9452053 0.5342466 0.6066533 -0.5890411 0.2602741 0.1859098 -0.9471623 0.5342466 0.6066533 -0.5890411 0.3855187 0.6986299 -0.6027398 0.4696674 0.2211348 -0.8551858 0.2602741 0.1859098 -0.9471623 -0.5205476 -0.2641878 -0.8121329 -0.6536202 -0.7553813 0.06066547 -0.4207434 -0.4911936 -0.7612522 -0.6536202 -0.7553813 0.06066547 -0.4774949 -0.5009783 -0.7201563 -0.1487277 0.0136986 -0.9882581 -0.4207434 -0.4911936 -0.7612522 -0.1643833 0.0763209 -0.9843442 -0.4207434 -0.4911936 -0.7612522 -0.1545986 0.3855185 -0.9099802 -0.5205476 -0.2641878 -0.8121329 -0.1643833 0.0763209 -0.9843442 -0.4207434 -0.4911936 -0.7612522 -0.4774949 -0.5009783 -0.7201563 -0.4774949 -0.5009783 -0.7201563 -0.4520545 0.221135 -0.8649705 -0.692759 -0.2837572 -0.6634049 -0.4520545 0.221135 -0.8649705 -0.880626 0.4716243 -1.508779E-07 -0.4774949 -0.5009783 -0.7201563 -0.6536202 -0.7553813 0.06066547 -0.592955 -0.7436396 0.3072408 -0.592955 -0.7436396 0.3072408 -0.692759 -0.2837572 -0.6634049 -0.810176 -0.5870839 7.418497E-08 0.3248532 0.9452052 -1.778224E-07 0.1095892 0.6203521 -0.776908 -0.1643833 0.0763209 -0.9843442 0.3248532 0.9452052 -1.778224E-07 -0.4520545 0.221135 -0.8649705 0.06653625 0.9980428 -2.04242E-07 -0.880626 0.4716243 -1.508779E-07 -0.4520545 0.221135 -0.8649705 -0.6927593 -0.2837571 0.6634049 -0.4520549 0.2211351 0.8649704 -0.880626 0.4716243 -1.508779E-07 -0.4520549 0.2211351 0.8649704 -0.4344424 -0.5009782 0.7475538 -0.1350295 0.05870849 0.9882581 -0.1526421 0.009784823 0.9882581 -0.4344424 -0.5009782 0.7475538 -0.4324854 -0.5009782 0.7495107 -0.4520549 0.2211351 0.8649704 -0.1643836 0.7064579 0.6888451 -0.880626 0.4716243 -1.508779E-07 0.1193736 0.5401174 0.8336592 -0.4520549 0.2211351 0.8649704 -0.1350295 0.05870849 0.9882581 -0.9138941 0.09784755 0.3933462 -0.6692759 0.1213309 0.731898 -0.9158511 0.07632114 0.3953032 -0.6692759 0.1213309 0.731898 -0.9119372 0.08414892 0.399217 -0.6849315 0.1037184 0.7201563 -0.6692759 0.1213309 0.731898 -0.3502936 0.1448142 0.9256357 -0.6438356 0.1213309 0.7553813 -0.3502936 0.1448142 0.9256357 -0.6849315 0.1037184 0.7201563 -0.3561645 0.1272017 0.9256358 -0.616438 0.08806268 -0.7827787 -0.8962814 0.08219192 -0.4344423 -0.806262 0.03326823 -0.590998 -0.806262 0.03326823 -0.590998 -0.4794517 0.1800392 -0.8590997 -0.5929547 0.2152642 -0.774951 -0.6438356 0.1213309 0.7553813 -0.3072408 0.1369864 0.9412913 -0.6144814 0.09197666 0.7827786 -0.3072408 0.1369864 0.9412913 -0.5714287 0.08219193 0.8160467 -0.2426616 0.2133073 0.9471622 -0.5714287 0.08219193 0.8160467 -0.2426616 0.2133073 0.9471622 -0.5029355 0.1682976 0.8473578 -0.5029355 0.1682976 0.8473578 -0.1193739 0.260274 0.9569468 -0.4148729 0.08806274 0.9060663 -0.5929547 0.2152642 -0.774951 -0.9999998 -0.001956738 -5.919641E-08 -0.7514674 -0.01565546 -0.6594911 -0.990215 -0.138943 -3.003564E-08 -0.7514674 -0.01565546 -0.6594911 -0.7240701 -0.06849302 -0.6868883 -0.9999998 -0.001956738 -5.919641E-08 -0.6007828 0.1937379 0.7749508 -0.7455968 0.005871035 0.6653618 -0.7455968 0.005871035 0.6653618 -0.990215 -0.138943 -3.003564E-08 -0.7240704 -0.06849295 0.6868882 0.8669273 -0.003914044 0.4970645 0.9960859 -0.09784754 7.978392E-08 0.7592952 -0.1956948 0.6203523 0.9999998 0.04109567 5.103139E-08 0.8669273 -0.003914044 0.4970645 0.8923676 0.06457908 0.4461839 0.9960859 0.09001934 4.059184E-08 0.9999998 0.04109567 5.103139E-08 0.9041093 0.09980412 0.4129158 0.9980428 0.07240682 -0.001956902 0.9119371 0.08414853 0.3992172 0.4872795 0.1722112 0.8551857 0.5303324 0.219178 0.8199607 0.7084146 0.07044998 0.7025439 0.5636005 0.04109581 0.8238747 0.4872795 0.1722112 0.8551857 0.5401171 0.08610559 0.8375733 -0.5636005 0.4109589 -0.7162426 -0.8297453 0.1819962 -0.5264188 -0.4677101 0.6477494 -0.6007828 -0.8982384 0.2504893 -0.3620352 -0.8297453 0.1819962 -0.5264188 -0.6007825 0.1643836 -0.7827788 -0.8317022 0.03913907 -0.553816 0.4677104 0.6477491 -0.6007828 0.8297455 0.1819958 -0.5264187 0.5636008 0.4109587 -0.7162425 0.8297455 0.1819958 -0.5264187 0.9041094 0.2407042 -0.3542073 0.5127202 0.1017611 -0.8532287 0.8023483 0.04305262 -0.5968687 -0.1643836 0.7064579 0.6888451 0.06653625 0.9980428 -2.04242E-07 -0.880626 0.4716243 -1.508779E-07 0.3248532 0.9452052 -1.778224E-07 0.1193736 0.5401174 0.8336592 -0.1643836 0.7064579 0.6888451 -0.3268103 0.1487281 0.9334635 0.029354 0.1565558 0.9863011 -0.3072408 0.1369864 0.9412913 0.02348317 0.2309198 0.9726024 -0.2426616 0.2133073 0.9471622 -0.3072408 0.1369864 0.9412913 -0.8532287 -0.1800389 -0.4892367 -0.9217218 -0.1135027 -0.3718199 -0.8297453 0.1819962 -0.5264188 -0.8982384 0.2504893 -0.3620352 0.9041094 0.2407042 -0.3542073 0.9138941 -0.1232879 -0.3855184 0.8297455 0.1819958 -0.5264187 0.8532289 -0.1800393 -0.4892366 1.76481E-07 0.7827786 -0.6223093 1.940358E-07 0.6731896 -0.737769 -0.4677101 0.6477494 -0.6007828 -0.5636005 0.4109589 -0.7162426 1.991681E-07 -0.1311155 -0.9921719 -0.8532287 -0.1800389 -0.4892367 -0.5636005 0.4109589 -0.7162426 -0.8297453 0.1819962 -0.5264188 0.5127202 0.1017611 -0.8532287 0.4677104 0.6477491 -0.6007828 2.16198E-07 0.3600781 -0.9334636 1.76481E-07 0.7827786 -0.6223093 1.76481E-07 0.7827786 -0.6223093 0.4677104 0.6477491 -0.6007828 1.940358E-07 0.6731896 -0.737769 0.5636008 0.4109587 -0.7162425 0.8297455 0.1819958 -0.5264187 0.8532289 -0.1800393 -0.4892366 0.5636008 0.4109587 -0.7162425 1.991681E-07 -0.1311155 -0.9921719 -0.6007825 0.1643836 -0.7827788 -0.3835613 0.09589042 -0.917808 2.16198E-07 0.3600781 -0.9334636 2.142734E-07 0.1154598 -0.9941289 -0.3835613 0.09589042 -0.917808 2.153815E-07 0.1545987 -0.9882581 -0.3620349 0.1409002 -0.9217219 -0.9217218 -0.1135027 -0.3718199 -0.4598824 -0.804305 -0.3776906 -0.8982384 0.2504893 -0.3620352 -0.8317022 0.03913907 -0.553816 0.3659492 0.1213306 -0.9236788 0.5127202 0.1017611 -0.8532287 2.16198E-07 0.3600781 -0.9334636 2.142734E-07 0.1154598 -0.9941289 2.153815E-07 0.1545987 -0.9882581 0.3659492 0.1213306 -0.9236788 0.3542075 0.1487278 -0.9236789 -0.6007825 0.1643836 -0.7827788 2.16198E-07 0.3600781 -0.9334636 -0.4677101 0.6477494 -0.6007828 1.76481E-07 0.7827786 -0.6223093 0.6575342 0.04696654 -0.7514675 0.6908023 0.1154597 -0.7123286 0.9001956 0.06066513 -0.4324852 0.9060664 0.0802346 -0.4129157 0.6575342 0.04696654 -0.7514675 0.3659492 0.1213306 -0.9236788 0.6908023 0.1154597 -0.7123286 0.3542075 0.1487278 -0.9236789 -0.9295497 0.04500999 0.365949 -0.9119372 0.08414892 0.399217 -0.9980428 0.04500998 0.005870771 -0.9980428 0.07240724 -0.001957021 -0.9295497 0.04500999 0.365949 -0.737769 0.07436417 0.6712326 -0.9119372 0.08414892 0.399217 -0.6849315 0.1037184 0.7201563 0.03522484 0.08023486 0.9960859 -1.985265E-07 0.1350294 0.990215 -0.336595 0.09197661 0.9373775 -0.3561645 0.1272017 0.9256358 0.03522484 0.08023486 0.9960859 0.3405086 0.08414868 0.9354205 -1.985265E-07 0.1350294 0.990215 0.3561641 0.1272015 0.9256358 0.9373774 0.0450096 0.3444227 0.9119371 0.08414853 0.3992172 0.731898 0.07044997 0.6790605 0.6849312 0.1037181 0.7201564 0.9373774 0.0450096 0.3444227 0.9980428 0.04892346 0.007827836 0.9119371 0.08414853 0.3992172 0.9980428 0.07240682 -0.001956902 -0.5636008 0.2837574 0.7749508 -0.3072407 0.8532289 0.4227003 -0.3679062 0.3091978 0.876712 0.2563599 0.7162425 0.6497061 -0.7064577 0.7045009 -0.05675164 -0.3072407 0.8532289 0.4227003 -0.7906066 0.2054796 0.5792561 -0.5636008 0.2837574 0.7749508 0.2563599 0.7162425 0.6497061 -0.3072407 0.8532289 0.4227003 0.181996 0.7553814 0.6281797 -0.2367906 0.9158511 0.3268099 0.545988 0.291585 0.7866926 0.2563599 0.7162425 0.6497061 0.4774948 0.2681017 0.8375732 0.181996 0.7553814 0.6281797 -0.2367906 0.9158511 0.3268099 -0.3072407 0.8532289 0.4227003 -0.6516632 0.7592955 0.01761232 -0.7064577 0.7045009 -0.05675164 0.4872795 -0.148728 0.8610566 0.5577297 -0.111546 0.8219177 0.4774948 0.2681017 0.8375732 0.545988 0.291585 0.7866926 -0.2367906 0.9158511 0.3268099 -0.3365949 0.8199607 0.4637961 0.181996 0.7553814 0.6281797 0.04305272 0.69863 0.7142854 0.181996 0.7553814 0.6281797 0.04305272 0.69863 0.7142854 0.4774948 0.2681017 0.8375732 0.3855183 0.2485322 0.8884537 -0.9941289 0.1095892 -0.01369871 -0.9021524 0.2974561 -0.3111547 -0.9608608 0.2739727 0.04892356 -0.7064577 0.7045009 -0.05675164 -0.2367906 0.9158511 0.3268099 -0.6516632 0.7592955 0.01761232 -0.3365949 0.8199607 0.4637961 -0.6868883 0.7045009 0.1819959 -0.6516632 0.7592955 0.01761232 -0.7064577 0.7045009 -0.05675164 -0.9412913 0.2720158 -0.2015656 -0.9021524 0.2974561 -0.3111547 -0.3365949 0.8199607 0.4637961 -0.407045 0.7201565 0.5616435 0.04305272 0.69863 0.7142854 -0.08610578 0.6066536 0.7906064 -0.3365949 0.8199607 0.4637961 -0.6868883 0.7045009 0.1819959 -0.407045 0.7201565 0.5616435 -0.7240703 0.6046968 0.3287669 -0.6516632 0.7592955 0.01761232 -0.9412913 0.2720158 -0.2015656 -0.6868883 0.7045009 0.1819959 -0.9628177 0.2504894 -0.0958905 -0.9021524 0.2974561 -0.3111547 -0.9491191 -0.1056749 -0.2994129 -0.9412913 0.2720158 -0.2015656 -0.9667316 -0.1487278 -0.2074364 -0.9412913 0.2720158 -0.2015656 -0.9667316 -0.1487278 -0.2074364 -0.9628177 0.2504894 -0.0958905 -0.9706455 -0.1663403 -0.1722113 -0.882583 0.1095892 0.4559685 -0.7906066 0.2054796 0.5792561 -0.9295497 0.04500999 0.365949 -0.737769 0.07436417 0.6712326 0.06262209 0.05479455 0.9960859 0.1409 0.18591 0.9726024 -0.03131136 -0.1135028 0.9921719 0.1917806 0.007827805 0.9804303 -0.336595 0.09197661 0.9373775 -0.09197669 0.1272016 0.9882581 0.03522484 0.08023486 0.9960859 0.06262209 0.05479455 0.9960859 -0.9491192 -0.0508804 0.3091975 -0.9275928 -0.09980407 0.3600782 -0.9608608 0.2739727 0.04892356 -0.9941289 0.1095892 -0.01369871 -0.7240703 0.6046968 0.3287669 -0.9843442 0.1780824 -0.03326819 -0.9569469 0.2211352 0.1859098 -0.9628177 0.2504894 -0.0958905 0.5772992 0.2485322 0.7769079 0.2465753 0.8884537 0.3874753 0.7221132 0.2700585 0.6360077 0.6457924 0.7592952 0.08023469 -0.2485323 0.774951 0.5792561 0.2465753 0.8884537 0.3874753 0.2407043 0.1565557 0.9589038 0.5772992 0.2485322 0.7769079 0.6457924 0.7592952 0.08023469 0.2465753 0.8884537 0.3874753 0.6046966 0.7925633 0.08610553 0.221135 0.915851 0.3346377 0.9471623 0.2915848 -0.1428571 0.6457924 0.7592952 0.08023469 0.9510761 0.287671 -0.1193737 0.6046966 0.7925633 0.08610553 0.221135 0.915851 0.3346377 0.2465753 0.8884537 0.3874753 -0.1624267 0.7945205 0.5831699 -0.2485323 0.774951 0.5792561 0.9784734 -0.1624268 -0.1252445 0.9765164 -0.119374 -0.1839529 0.9510761 0.287671 -0.1193737 0.9471623 0.2915848 -0.1428571 0.6046966 0.7925633 0.08610553 0.221135 0.915851 0.3346377 0.6399215 0.7240701 0.2563599 0.3209392 0.8140898 0.4833657 0.9510761 0.287671 -0.1193737 0.6046966 0.7925633 0.08610553 0.9765164 0.2093931 0.04305284 0.6399215 0.7240701 0.2563599 -0.2367907 0.08610576 0.9667317 -0.5753425 0.3091978 0.7553813 -0.1409003 0.2720157 0.951076 -0.2485323 0.774951 0.5792561 0.3209392 0.8140898 0.4833657 0.221135 0.915851 0.3346377 -0.01369873 0.7299412 0.6829742 -0.1624267 0.7945205 0.5831699 -0.1624267 0.7945205 0.5831699 -0.2485323 0.774951 0.5792561 -0.4970646 0.2896283 0.8180037 -0.5753425 0.3091978 0.7553813 0.9804303 -0.1996088 -0.009784632 0.9784734 -0.1624268 -0.1252445 0.9765164 0.2093931 0.04305284 0.9510761 0.287671 -0.1193737 0.3209392 0.8140898 0.4833657 0.3776906 0.7318981 0.5675144 0.6399215 0.7240701 0.2563599 0.8551857 0.4187865 0.3052837 0.3209392 0.8140898 0.4833657 -0.01369873 0.7299412 0.6829742 0.3776906 0.7318981 0.5675144 -0.04696688 0.4207436 0.9060662 -0.01369873 0.7299412 0.6829742 -0.1624267 0.7945205 0.5831699 -0.3542075 0.2328768 0.9060662 -0.4970646 0.2896283 0.8180037 -0.5753425 0.3091978 0.7553813 -0.6066537 -0.1135027 0.7866925 -0.4970646 0.2896283 0.8180037 -0.518591 -0.1624264 0.8395302 -0.4970646 0.2896283 0.8180037 -0.518591 -0.1624264 0.8395302 -0.3542075 0.2328768 0.9060662 -0.4187868 0.04892381 0.9060663 0.951076 -0.06262248 0.3052838 0.9569468 0.1585125 0.2407045 0.9608607 -0.117417 0.2524462 0.9941289 -0.02348356 0.1076321 0.06262209 0.05479455 0.9960859 -0.03131136 -0.1135028 0.9921719 -0.1409003 0.2720157 0.951076 -0.2367907 0.08610576 0.9667317 -0.9315066 0.2465755 -0.2681018 -0.4266143 0.8884538 -0.1682976 -0.9608607 0.2602741 -0.09197661 -0.5694715 0.7592955 0.3150682 -0.6868884 0.2857144 0.6673187 -0.5694715 0.7592955 0.3150682 -0.6712328 0.2876714 0.6829743 -0.4990214 0.8082191 0.3111543 -0.3307239 0.9354206 -0.1252448 -0.4266143 0.8884538 -0.1682976 -0.1663403 0.810176 -0.5616439 -0.1565555 0.76908 -0.6203523 -0.6868885 -0.1624264 0.7084147 -0.6810176 -0.1193736 0.7221133 -0.6712328 0.2876714 0.6829743 -0.6868884 0.2857144 0.6673187 -0.1565555 0.76908 -0.6203523 -0.7690799 0.1037183 -0.6301368 -0.02935398 0.2994128 -0.9530331 -0.4187864 0.04305286 -0.9080232 -0.4990214 0.8082191 0.3111543 -0.3307239 0.9354206 -0.1252448 -0.6164382 0.7612524 0.2074362 -0.4853227 0.8551859 -0.1819963 -0.6712328 0.2876714 0.6829743 -0.4990214 0.8082191 0.3111543 -0.7808219 0.2211352 0.58317 -0.6164382 0.7612524 0.2074362 -0.4853227 0.8551859 -0.1819963 -0.3307239 0.9354206 -0.1252448 -0.3268099 0.7651662 -0.5538161 -0.1663403 0.810176 -0.5616439 -0.1663403 0.810176 -0.5616439 -0.1565555 0.76908 -0.6203523 -0.04109566 0.2896281 -0.956947 -0.02935398 0.2994128 -0.9530331 -0.7553815 -0.1996084 0.624266 -0.6868885 -0.1624264 0.7084147 -0.7808219 0.2211352 0.58317 -0.6712328 0.2876714 0.6829743 -0.4853227 0.8551859 -0.1819963 -0.6379645 0.7318982 -0.2367907 -0.6164382 0.7612524 0.2074362 -0.8688844 0.4227007 0.2583168 -0.4853227 0.8551859 -0.1819963 -0.3268099 0.7651662 -0.5538161 -0.6379645 0.7318982 -0.2367907 -0.4911934 0.4246575 -0.7612523 -0.3268099 0.7651662 -0.5538161 -0.1663403 0.810176 -0.5616439 -0.1956945 0.219178 -0.95499 -0.04109566 0.2896281 -0.956947 -0.9491192 -0.0508804 0.3091975 -0.9256358 0.1878671 0.3307239 -0.9275928 -0.09980407 0.3600782 -0.8962817 -0.02348315 0.4442268 -0.7690799 0.1037183 -0.6301368 -0.8277884 0.1682976 -0.5342466 -0.7064576 0.06457935 -0.7045009 -0.913894 0.05479467 -0.4011741 -0.7064576 0.06457935 -0.7045009 -0.6810173 0.1115461 -0.7240703 -0.9119371 0.08219193 -0.4011742 0.919765 0.2778862 -0.2759295 0.4970646 0.8532287 -0.1604698 0.8199608 0.1976514 -0.5381603 0.1741684 0.7162424 -0.6751468 0.5381603 0.7045007 0.4637962 0.4970646 0.8532287 -0.1604698 0.9804303 0.1956945 0.009784751 0.919765 0.2778862 -0.2759295 0.1741684 0.7162424 -0.6751468 0.4970646 0.8532287 -0.1604698 0.2211352 0.7553813 -0.6164384 0.3835616 0.915851 -0.1252448 -0.00782757 0.291585 -0.956947 0.1741684 0.7162424 -0.6751468 0.1056753 0.2681016 -0.956947 0.2211352 0.7553813 -0.6164384 0.3835616 0.915851 -0.1252448 0.5440313 0.8199605 -0.1780823 0.2211352 0.7553813 -0.6164384 0.3855187 0.6986299 -0.6027398 0.2211352 0.7553813 -0.6164384 0.3855187 0.6986299 -0.6027398 0.1056753 0.2681016 -0.956947 0.2113505 0.2485321 -0.9452053 0.7749508 0.09197637 0.626223 0.5420741 0.2994128 0.7847356 0.7925633 0.2544029 0.5538159 0.5381603 0.7045007 0.4637962 0.5381603 0.7592952 0.3679059 0.5381603 0.7045007 0.4637962 0.6438353 0.2720155 0.7162425 0.5420741 0.2994128 0.7847356 0.5440313 0.8199605 -0.1780823 0.6594911 0.7201563 -0.2152642 0.3855187 0.6986299 -0.6027398 0.5342466 0.6066533 -0.5890411 0.5440313 0.8199605 -0.1780823 0.6614479 0.7045007 0.2563599 0.6594911 0.7201563 -0.2152642 0.7788648 0.6046964 0.1604695 0.5381603 0.7592952 0.3679059 0.6438353 0.2720155 0.7162425 0.6614479 0.7045007 0.2563599 0.7221132 0.2504891 0.6438354 0.5420741 0.2994128 0.7847356 0.5909978 -0.1056752 0.8003913 0.6438353 0.2720155 0.7162425 0.6594908 -0.148728 0.7358121 0.6438353 0.2720155 0.7162425 0.6594908 -0.148728 0.7358121 0.7221132 0.2504891 0.6438354 0.6849312 -0.1663406 0.7103717 0.9373774 0.0450096 0.3444227 0.9804302 0.0919763 0.1761252 0.9980428 0.04892346 0.007827836 0.9804303 0.1956945 0.009784751 0.9001956 0.06066513 -0.4324852 0.8199608 0.1976514 -0.5381603 0.6575342 0.04696654 -0.7514675 0.7592955 0.06066515 -0.6477492 0.7592955 0.06066515 -0.6477492 0.5479453 -0.1252448 -0.8258315 0.6575342 0.04696654 -0.7514675 0.8023483 0.04305262 -0.5968687 0.951076 -0.06262248 0.3052838 0.9608607 -0.117417 0.2524462 0.7925633 0.2544029 0.5538159 0.7749508 0.09197637 0.626223 0.5322897 -0.2759297 -0.8003911 0.1037184 0.3522503 -0.9295497 0.4481409 -0.4951076 -0.7436396 0.1389434 0.01761243 -0.990215 0.5929548 -0.7514676 0.2857144 0.4540114 -0.5303326 0.7162426 0.6673188 -0.7416829 0.05283776 0.4559684 -0.5107632 0.7299412 0.4559684 -0.5107632 0.7299412 0.4540114 -0.5303326 0.7162426 0.1545986 0.007827813 0.9882581 0.1898236 0.03326811 0.9804303 0.1545986 0.007827813 0.9882581 0.1898236 0.03326811 0.9804303 -0.1213308 0.6027397 0.7886494 -0.06262244 0.5577299 0.8277884 -0.1213308 0.6027397 0.7886494 -0.06262244 0.5577299 0.8277884 -0.2309196 0.9726025 -0.001957163 -0.2641878 0.9647748 -2.170145E-07 -0.1976516 0.9804304 -2.163146E-07 0.4559687 0.2700585 -0.847358 -0.2641878 0.9647748 -2.170145E-07 0.2172213 0.06457914 -0.9745594 0.4559687 0.2700585 -0.847358 0.7612524 -0.191781 -0.620352 0.2172213 0.06457914 -0.9745594 0.5068493 -0.5146772 -0.6927589 0.7612524 -0.191781 -0.620352 0.8923677 -0.4500979 1.47087E-07 0.5068493 -0.5146772 -0.6927589 0.5929548 -0.7514676 0.2857144 0.5929548 -0.7514676 0.2857144 0.8923677 -0.4500979 1.47087E-07 0.4540114 -0.5303326 0.7162426 0.7612522 -0.1917809 0.6203523 0.4540114 -0.5303326 0.7162426 0.7612522 -0.1917809 0.6203523 0.1898236 0.03326811 0.9804303 0.4559684 0.2700586 0.8473579 0.1898236 0.03326811 0.9804303 0.4559684 0.2700586 0.8473579 -0.06262244 0.5577299 0.8277884 0.04500968 0.7397259 0.6712325 -0.06262244 0.5577299 0.8277884 0.04500968 0.7397259 0.6712325 -0.2641878 0.9647748 -2.170145E-07 -0.1976516 0.9804304 -2.163146E-07 0.5322897 -0.2759297 -0.8003911 0.8904107 -0.4540118 0.001957095 0.8669275 -0.003914104 -0.4970644 0.9960859 -0.09784754 7.978392E-08 0.8669275 -0.003914104 -0.4970644 0.9999998 0.04109567 5.103139E-08 0.8923678 0.06457902 -0.4461838 0.9999998 0.04109567 5.103139E-08 0.9960859 0.09001934 4.059184E-08 0.9041095 0.09980407 -0.4129157 0.9980428 0.07240682 -0.001956902 0.9060664 0.0802346 -0.4129157 0.1448139 0.3385518 0.9295496 0.5303324 0.219178 0.8199607 0.3346377 -0.04109589 0.9412913 0.5636005 0.04109581 0.8238747 -0.1545986 0.3855185 -0.9099802 -0.1487277 0.0136986 -0.9882581 0.1095892 0.6203521 -0.776908 -0.1643833 0.0763209 -0.9843442 -0.2367905 0.9706456 0.00195673 0.1095892 0.6203521 -0.776908 0.2348337 0.9726024 -0.001957136 0.3248532 0.9452052 -1.778224E-07 -0.4324854 -0.5009782 0.7495107 -0.4344424 -0.5009782 0.7475538 -0.6536202 -0.7553813 0.06066547 -0.592955 -0.7436396 0.3072408 -0.1526421 0.009784823 0.9882581 0.0978472 0.5792563 0.8082189 -0.1350295 0.05870849 0.9882581 0.1193736 0.5401174 0.8336592 0.0978472 0.5792563 0.8082189 0.2348337 0.9726024 -0.001957136 0.1193736 0.5401174 0.8336592 0.3248532 0.9452052 -1.778224E-07 -0.4344424 -0.5009782 0.7475538 -0.6927593 -0.2837571 0.6634049 -0.592955 -0.7436396 0.3072408 -0.810176 -0.5870839 7.418497E-08 -0.6810173 0.1115461 -0.7240703 -0.9119371 0.08219193 -0.4011742 -0.6673186 0.1213308 -0.735812 -0.9041092 0.09980445 -0.4129159 -0.6673186 0.1213308 -0.735812 -0.6281797 0.1193738 -0.7690801 -0.8962814 0.08219192 -0.4344423 -0.616438 0.08806268 -0.7827787 0.3561641 0.1272015 0.9256358 0.6849312 0.1037181 0.7201564 0.3483363 0.1428571 0.9275927 0.6673187 0.1213306 0.735812 0.6418783 0.107632 0.7592954 0.324853 0.1409001 0.9354205 0.3483363 0.1428571 0.9275927 0.6849312 0.1037181 0.7201564 0.9119371 0.08414853 0.3992172 0.6673187 0.1213306 0.735812 0.9041093 0.09980412 0.4129158 0.8923676 0.06457908 0.4461839 0.6418783 0.107632 0.7592954 0.6673187 0.1213306 0.735812 0.8923676 0.06457908 0.4461839 0.6262227 0.08219167 0.774951 0.8669273 -0.003914044 0.4970645 -0.9158511 0.07632114 0.3953032 -0.6692759 0.1213309 0.731898 -0.6438356 0.1213309 0.7553813 -0.6144814 0.09197666 0.7827786 -0.6438356 0.1213309 0.7553813 -0.3502936 0.1448142 0.9256357 -0.3268103 0.1487281 0.9334635 -0.3072408 0.1369864 0.9412913 0.6262231 0.08219158 -0.7749509 0.8669275 -0.003914104 -0.4970644 0.8923678 0.06457902 -0.4461838 0.6418787 0.1076319 -0.7592953 0.667319 0.1213305 -0.7358119 0.9041095 0.09980407 -0.4129157 0.8923678 0.06457902 -0.4461838 0.667319 0.1213305 -0.7358119 0.9060664 0.0802346 -0.4129157 0.6908023 0.1154597 -0.7123286 0.3542075 0.1487278 -0.9236789 0.667319 0.1213305 -0.7358119 2.151482E-07 0.1506848 -0.9882581 2.153815E-07 0.1545987 -0.9882581 -0.806262 0.03326823 -0.590998 -0.9980428 0.06457945 -7.296029E-08 -0.9960859 -0.09393323 -3.977534E-08 -0.806262 0.03326823 -0.590998 -0.8923677 -0.4500976 0.001956987 -0.5205476 -0.2641878 -0.8121329 -0.8962814 0.08219192 -0.4344423 -0.9980428 0.06457945 -7.296029E-08 -0.9960859 0.09001976 -7.815091E-08 -0.9041092 0.09980445 -0.4129159 -0.9980428 0.07240724 -0.001957021 -0.9119371 0.08219193 -0.4011742 0.324853 0.1409001 0.9354205 0.3170252 0.1369863 0.9393344 0.029354 0.1565558 0.9863011 0.05479431 0.1565558 0.9863011 0.3483363 0.1428571 0.9275927 0.324853 0.1409001 0.9354205 0.01565538 0.1526419 0.988258 0.3561641 0.1272015 0.9256358 -1.985265E-07 0.1350294 0.990215 0.324853 0.1409001 0.9354205 0.6418783 0.107632 0.7592954 0.3170252 0.1369863 0.9393344 0.6262227 0.08219167 0.774951 0.5401171 0.08610559 0.8375733 0.3170252 0.1369863 0.9393344 0.2485321 0.2074364 0.9471622 0.4872795 0.1722112 0.8551857 0.1193736 0.2641878 0.9569468 0.4872795 0.1722112 0.8551857 0.4129156 0.107632 0.9041094 0.029354 0.1565558 0.9863011 0.3170252 0.1369863 0.9393344 0.02348317 0.2309198 0.9726024 0.2485321 0.2074364 0.9471622 0.8669273 -0.003914044 0.4970645 0.7592952 -0.1956948 0.6203523 0.6849312 0.01565547 0.7279842 0.5636005 0.04109581 0.8238747 0.7592952 -0.1956948 0.6203523 0.5342463 -0.2739726 0.7984344 0.3346377 -0.04109589 0.9412913 0.5342466 0.2250487 -0.8140898 0.8669275 -0.003914104 -0.4970644 0.5009785 0.1741681 -0.8473579 0.6262231 0.08219158 -0.7749509 2.153231E-07 0.1604696 -0.9863012 2.168395E-07 0.2270057 -0.9745595 0.6262231 0.08219158 -0.7749509 0.5009785 0.1741681 -0.8473579 -0.4794517 0.1800392 -0.8590997 2.168395E-07 0.2270057 -0.9745595 -0.616438 0.08806268 -0.7827787 2.153231E-07 0.1604696 -0.9863012 -0.616438 0.08806268 -0.7827787 -0.6281797 0.1193738 -0.7690801 2.151482E-07 0.1506848 -0.9882581 -0.6673186 0.1213308 -0.735812 -0.1545986 0.3855185 -0.9099802 -0.5929547 0.2152642 -0.774951 -0.5205476 -0.2641878 -0.8121329 -0.806262 0.03326823 -0.590998 0.412916 0.1076319 -0.9041094 0.5009785 0.1741681 -0.8473579 2.168395E-07 0.3091975 -0.9510761 2.168395E-07 0.2270057 -0.9745595 -0.4148725 0.08806264 -0.9060663 2.168395E-07 0.3091975 -0.9510761 -0.4794517 0.1800392 -0.8590997 2.168395E-07 0.2270057 -0.9745595 -0.7240704 -0.06849295 0.6868882 -0.7455968 0.005871035 0.6653618 -0.4148729 0.08806274 0.9060663 -0.5029355 0.1682976 0.8473578 -0.1193739 0.260274 0.9569468 -0.2426616 0.2133073 0.9471622 -1.799803E-07 0.3091977 0.951076 0.02348317 0.2309198 0.9726024 0.1193736 0.2641878 0.9569468 -1.799803E-07 0.3091977 0.951076 0.2485321 0.2074364 0.9471622 0.02348317 0.2309198 0.9726024 0.7181993 -0.04305293 0.6947161 0.4129156 0.107632 0.9041094 0.7084146 0.07044998 0.7025439 0.4872795 0.1722112 0.8551857 0.7084146 0.07044998 0.7025439 0.9960859 0.08806239 4.100009E-08 0.7181993 -0.04305293 0.6947161 0.9941289 -0.1017614 8.048377E-08 0.7123288 0.06066516 -0.6986299 0.7181996 -0.04305302 -0.694716 0.9960859 0.08806239 4.100009E-08 0.9941289 -0.1017614 8.048377E-08 -0.003913834 0.9999998 -2.088494E-07 0.09001976 0.2348335 -0.9667317 2.168395E-07 0.3091975 -0.9510761 0.412916 0.1076319 -0.9041094 -0.003913834 0.9999998 -2.088494E-07 2.168395E-07 0.3091975 -0.9510761 -0.09001933 0.2348336 -0.9667317 -0.4148725 0.08806264 -0.9060663 -0.1193739 0.260274 0.9569468 0.180039 0.5831701 0.7925633 -0.4148729 0.08806274 0.9060663 -0.09001973 0.2348337 0.9667316 -1.799803E-07 0.3091977 0.951076 -1.005463E-07 0.7240703 0.688845 -0.1193739 0.260274 0.9569468 0.180039 0.5831701 0.7925633 -1.799803E-07 0.3091977 0.951076 0.1193736 0.2641878 0.9569468 -1.005463E-07 0.7240703 0.688845 -0.1839531 0.5812133 0.7925633 0.1193736 0.2641878 0.9569468 0.4129156 0.107632 0.9041094 -0.1839531 0.5812133 0.7925633 0.09001936 0.2348336 0.9667316 -0.7240701 -0.06849302 -0.6868883 -0.620352 -0.2074363 -0.7573383 -0.09001933 0.2348336 -0.9667317 -0.06066513 0.1937377 -0.9784734 -0.7240701 -0.06849302 -0.6868883 -0.990215 -0.138943 -3.003564E-08 -0.620352 -0.2074363 -0.7573383 -0.9217219 -0.3894322 2.630297E-08 -0.7240704 -0.06849295 0.6868882 -0.6203523 -0.2074362 0.7573383 -0.990215 -0.138943 -3.003564E-08 -0.9217219 -0.3894322 2.630297E-08 -0.7240704 -0.06849295 0.6868882 -0.09001973 0.2348337 0.9667316 -0.6203523 -0.2074362 0.7573383 -0.06066554 0.1937378 0.9784733 0.180039 0.5831701 0.7925633 0.3913892 0.5792562 0.7142854 -0.09001973 0.2348337 0.9667316 -0.06066554 0.1937378 0.9784733 -0.003913834 0.9999998 -2.088494E-07 0.553816 0.8317022 -1.404966E-07 0.180039 0.5831701 0.7925633 0.3913892 0.5792562 0.7142854 0.3913895 0.5792561 -0.7142857 -0.06066513 0.1937377 -0.9784734 0.3600784 0.5909978 -0.7221134 -0.1193735 0.1937377 -0.9745595 -0.06066513 0.1937377 -0.9784734 -0.620352 -0.2074363 -0.7573383 -0.1193735 0.1937377 -0.9745595 -0.6457922 -0.2328766 -0.7279842 -0.620352 -0.2074363 -0.7573383 -0.9217219 -0.3894322 2.630297E-08 -0.6457922 -0.2328766 -0.7279842 -0.9041094 -0.4285712 3.551778E-08 -0.6203523 -0.2074362 0.7573383 -0.6457925 -0.2328765 0.7279842 -0.9217219 -0.3894322 2.630297E-08 -0.9041094 -0.4285712 3.551778E-08 -0.06066554 0.1937378 0.9784733 -0.1193739 0.1937378 0.9745594 -0.6203523 -0.2074362 0.7573383 -0.6457925 -0.2328765 0.7279842 0.3913892 0.5792562 0.7142854 0.3600781 0.5909979 0.7221132 -0.06066554 0.1937378 0.9784733 -0.1193739 0.1937378 0.9745594 0.553816 0.8317022 -1.404966E-07 0.590998 0.806262 -1.329731E-07 0.3913892 0.5792562 0.7142854 0.3600781 0.5909979 0.7221132 0.553816 0.8317022 -1.404966E-07 0.3913895 0.5792561 -0.7142857 0.590998 0.806262 -1.329731E-07 0.3600784 0.5909978 -0.7221134 0.590998 0.806262 -1.329731E-07 0.3600784 0.5909978 -0.7221134 -0.4520546 0.8923678 -2.131069E-07 -0.1193735 0.1937377 -0.9745595 0.07240725 0.1722112 -0.9823873 0.6477494 -0.1761254 -0.7416826 0.09001976 0.2348335 -0.9667317 0.7181996 -0.04305302 -0.694716 0.7181996 -0.04305302 -0.694716 0.6477494 -0.1761254 -0.7416826 0.9941289 -0.1017614 8.048377E-08 0.9452052 -0.3268103 1.245165E-07 0.9452052 -0.3268103 1.245165E-07 0.6477491 -0.1761253 0.7416829 0.9941289 -0.1017614 8.048377E-08 0.7181993 -0.04305293 0.6947161 0.7181993 -0.04305293 0.6947161 0.6477491 -0.1761253 0.7416829 0.09001936 0.2348336 0.9667316 0.07240684 0.1722113 0.9823872 0.07240684 0.1722113 0.9823872 -0.4109589 0.5459883 0.729941 0.09001936 0.2348336 0.9667316 -0.1839531 0.5812133 0.7925633 -0.4109589 0.5459883 0.729941 -0.5929548 0.8043052 -2.03134E-07 -0.1839531 0.5812133 0.7925633 -0.003913834 0.9999998 -2.088494E-07 -0.4109586 0.5459881 -0.7299412 -0.4050878 0.551859 -0.7279843 0.07240725 0.1722112 -0.9823873 0.09393366 0.2152641 -0.9726025 0.07240725 0.1722112 -0.9823873 0.09393366 0.2152641 -0.9726025 0.6477494 -0.1761254 -0.7416826 0.6692759 -0.1409003 -0.7299411 0.6477494 -0.1761254 -0.7416826 0.6692759 -0.1409003 -0.7299411 0.9452052 -0.3268103 1.245165E-07 0.953033 -0.303327 1.200841E-07 0.953033 -0.303327 1.200841E-07 0.6692756 -0.1409003 0.7299412 0.9452052 -0.3268103 1.245165E-07 0.6477491 -0.1761253 0.7416829 0.6692756 -0.1409003 0.7299412 0.09393325 0.2152642 0.9726024 0.6477491 -0.1761253 0.7416829 0.07240684 0.1722113 0.9823872 0.09393325 0.2152642 0.9726024 -0.4050881 0.5518591 0.7279841 0.07240684 0.1722113 0.9823872 -0.4109589 0.5459883 0.729941 -0.4050881 0.5518591 0.7279841 -0.657534 0.7534246 -1.963687E-07 -0.4109589 0.5459883 0.729941 -0.5929548 0.8043052 -2.03134E-07 -0.5929548 0.8043052 -2.03134E-07 -0.657534 0.7534246 -1.963687E-07 -0.4109586 0.5459881 -0.7299412 -0.4050878 0.551859 -0.7279843 0.09393366 0.2152641 -0.9726025 -0.4050878 0.551859 -0.7279843 0.4872798 0.8727981 -1.530357E-07 -0.657534 0.7534246 -1.963687E-07 -0.3483367 -0.03718186 0.9354205 -0.6242662 0.04109605 0.7808217 -0.2015657 0.37182 0.9060662 -0.6007828 0.1937379 0.7749508 -0.3483367 -0.03718186 0.9354205 -0.5244619 -0.2622307 0.810176 -0.6242662 0.04109605 0.7808217 -0.7573385 -0.01956927 0.6536201 0.8669275 -0.003914104 -0.4970644 0.5342466 0.2250487 -0.8140898 0.5322897 -0.2759297 -0.8003911 0.1037184 0.3522503 -0.9295497 0.6438356 0.2602737 -0.7181994 0.6555773 0.2739724 -0.7045008 0.7181996 0.3698627 -0.589041 0.5694717 0.1643834 -0.8062621 -0.9667317 -0.0508804 0.2524461 -0.9021525 0.09001976 0.4207435 -0.8864969 0.1154601 0.4481407 -0.7553815 0.2622311 0.6007825 0.9060664 0.0802346 -0.4129157 0.9980428 0.07240682 -0.001956902 0.9980428 0.04892346 0.007827836 0.9001956 0.06066513 -0.4324852 0.919765 0.2778862 -0.2759295 0.06262209 0.05479455 0.9960859 0.176125 0.08414873 0.9804303 0.03522484 0.08023486 0.9960859 0.2407043 0.1565557 0.9589038 0.3405086 0.08414868 0.9354205 -0.1428569 -0.2074364 -0.9686885 -0.1956945 0.219178 -0.95499 0.001957147 -0.1154599 -0.9941289 -0.04109566 0.2896281 -0.956947 -0.02935398 0.2994128 -0.9530331 0.2113505 0.2485321 -0.9452053 0.1467712 -0.1585128 -0.9765163 0.1056753 0.2681016 -0.956947 0.009784934 -0.111546 -0.9941289 -0.00782757 0.291585 -0.956947 -0.6810173 0.1115461 -0.7240703 -0.6673186 0.1213308 -0.735812 -0.3620349 0.1409002 -0.9217219 2.151482E-07 0.1506848 -0.9882581 2.153815E-07 0.1545987 -0.9882581 0.667319 0.1213305 -0.7358119 2.151482E-07 0.1506848 -0.9882581 0.6418787 0.1076319 -0.7592953 2.153231E-07 0.1604696 -0.9863012 0.6262231 0.08219158 -0.7749509 0.05479431 0.1565558 0.9863011 0.029354 0.1565558 0.9863011 -0.3268103 0.1487281 0.9334635 0.01565538 0.1526419 0.988258 -0.3502936 0.1448142 0.9256357 0.01565538 0.1526419 0.988258 -0.3561645 0.1272017 0.9256358 -1.985265E-07 0.1350294 0.990215 -0.847358 0.03131135 0.5303325 -0.6144814 0.09197666 0.7827786 -0.7573385 -0.01956927 0.6536201 -0.5714287 0.08219193 0.8160467 -0.6242662 0.04109605 0.7808217 0.5636005 0.04109581 0.8238747 0.5401171 0.08610559 0.8375733 0.6849312 0.01565547 0.7279842 0.6262227 0.08219167 0.774951 0.8669273 -0.003914044 0.4970645 0.5342466 0.2250487 -0.8140898 0.5009785 0.1741681 -0.8473579 0.7123288 0.06066516 -0.6986299 0.412916 0.1076319 -0.9041094 0.7181996 -0.04305302 -0.694716 -0.7240701 -0.06849302 -0.6868883 -0.4148725 0.08806264 -0.9060663 -0.7514674 -0.01565546 -0.6594911 -0.4794517 0.1800392 -0.8590997 -0.5929547 0.2152642 -0.774951 -0.06066513 0.1937377 -0.9784734 0.3913895 0.5792561 -0.7142857 -0.09001933 0.2348336 -0.9667317 0.553816 0.8317022 -1.404966E-07 -0.003913834 0.9999998 -2.088494E-07 -0.003913834 0.9999998 -2.088494E-07 -0.5929548 0.8043052 -2.03134E-07 0.09001976 0.2348335 -0.9667317 -0.4109586 0.5459881 -0.7299412 0.07240725 0.1722112 -0.9823873 -0.9980428 0.04500998 0.005870771 -0.9980428 0.07240724 -0.001957021 -0.9119371 0.08219193 -0.4011742 -0.913894 0.05479467 -0.4011741 -0.9315066 0.2465755 -0.2681018 -0.9119372 0.08414892 0.399217 -0.9138941 0.09784755 0.3933462 -0.9980428 0.07240724 -0.001957021 -0.9960859 0.09001976 -7.815091E-08 -0.9158511 0.07632114 0.3953032 -0.9980428 0.06457945 -7.296029E-08 -0.847358 0.03131135 0.5303325 -0.7573385 -0.01956927 0.6536201 -0.9960859 -0.09393323 -3.977534E-08 -0.9980428 0.06457945 -7.296029E-08 -0.1565555 0.76908 -0.6203523 -0.4266143 0.8884538 -0.1682976 -0.8277884 0.1682976 -0.5342466 -0.9315066 0.2465755 -0.2681018 -0.3307239 0.9354206 -0.1252448 -0.4990214 0.8082191 0.3111543 -0.5694715 0.7592955 0.3150682 0.3835616 0.915851 -0.1252448 0.4970646 0.8532287 -0.1604698 0.5381603 0.7592952 0.3679059 0.5381603 0.7045007 0.4637962 0.6614479 0.7045007 0.2563599 0.5440313 0.8199605 -0.1780823 0.3835616 0.915851 -0.1252448 5.960466E-08 0.9999998 -2.086162E-07 5.960466E-08 0.9999998 -2.086162E-07 5.960466E-08 0.9999998 -2.086162E-07 5.960466E-08 0.9999998 -2.086162E-07 5.960466E-08 0.9999998 -2.086162E-07 5.960466E-08 0.9999998 -2.086162E-07 5.960466E-08 0.9999998 -2.086162E-07 5.960466E-08 0.9999998 -2.086162E-07 5.960466E-08 0.9999998 -2.086162E-07 5.960466E-08 0.9999998 -2.086162E-07 5.960466E-08 0.9999998 -2.086162E-07 5.960466E-08 0.9999998 -2.086162E-07 5.960466E-08 0.9999998 -2.086162E-07 5.960466E-08 0.9999998 -2.086162E-07 5.960466E-08 0.9999998 -2.086162E-07 5.960466E-08 0.9999998 -2.086162E-07 5.960466E-08 0.9999998 -2.086162E-07 -5.960466E-08 -0.9999998 2.086162E-07 -5.960466E-08 -0.9999998 2.086162E-07 -5.960466E-08 -0.9999998 2.086162E-07 -5.960466E-08 -0.9999998 2.086162E-07 -5.960466E-08 -0.9999998 2.086162E-07 -5.960466E-08 -0.9999998 2.086162E-07 -5.960466E-08 -0.9999998 2.086162E-07 -5.960466E-08 -0.9999998 2.086162E-07 -5.960466E-08 -0.9999998 2.086162E-07 -5.960466E-08 -0.9999998 2.086162E-07 -5.960466E-08 -0.9999998 2.086162E-07 -5.960466E-08 -0.9999998 2.086162E-07 -5.960466E-08 -0.9999998 2.086162E-07 -5.960466E-08 -0.9999998 2.086162E-07 -5.960466E-08 -0.9999998 2.086162E-07 -5.960466E-08 -0.9999998 2.086162E-07</float_array>
          <technique_common>
            <accessor source="#TrunkBottom__mPltTreeOakTrunk-normal-array" count="1783" stride="3">
              <param name="X" type="float" />
              <param name="Y" type="float" />
              <param name="Z" type="float" />
            </accessor>
          </technique_common>
        </source>
        <source id="TrunkBottom__mPltTreeOakTrunk-color">
          <float_array id="TrunkBottom__mPltTreeOakTrunk-color-array" count="7132">1 1 1 1 1 1 1 1 1 1 1 1 1 1 1 1 1 1 1 1 1 1 1 1 1 1 1 1 1 1 1 1 1 1 1 1 1 1 1 1 1 1 1 1 1 1 1 1 1 1 1 1 1 1 1 1 1 1 1 1 1 1 1 1 1 1 1 1 1 1 1 1 1 1 1 1 1 1 1 1 1 1 1 1 1 1 1 1 1 1 1 1 1 1 1 1 1 1 1 1 1 1 1 1 1 1 1 1 1 1 1 1 1 1 1 1 1 1 1 1 1 1 1 1 1 1 1 1 1 1 1 1 1 1 1 1 1 1 1 1 1 1 1 1 1 1 1 1 1 1 1 1 1 1 1 1 1 1 1 1 1 1 1 1 1 1 1 1 1 1 1 1 1 1 1 1 1 1 1 1 1 1 1 1 1 1 1 1 1 1 1 1 1 1 1 1 1 1 1 1 1 1 1 1 1 1 1 1 1 1 1 1 1 1 1 1 1 1 1 1 1 1 1 1 1 1 1 1 1 1 1 1 1 1 1 1 1 1 1 1 1 1 1 1 1 1 1 1 1 1 1 1 1 1 1 1 1 1 1 1 1 1 1 1 1 1 1 1 1 1 1 1 1 1 1 1 1 1 1 1 1 1 1 1 1 1 1 1 1 1 1 1 1 1 1 1 1 1 1 1 1 1 1 1 1 1 1 1 1 1 1 1 1 1 1 1 1 1 1 1 1 1 1 1 1 1 1 1 1 1 1 1 1 1 1 1 1 1 1 1 1 1 1 1 1 1 1 1 1 1 1 1 1 1 1 1 1 1 1 1 1 1 1 1 1 1 1 1 1 1 1 1 1 1 1 1 1 1 1 1 1 1 1 1 1 1 1 1 1 1 1 1 1 1 1 1 1 1 1 1 1 1 1 1 1 1 1 1 1 1 1 1 1 1 1 1 1 1 1 1 1 1 1 1 1 1 1 1 1 1 1 1 1 1 1 1 1 1 1 1 1 1 1 1 1 1 1 1 1 1 1 1 1 1 1 1 1 1 1 1 1 1 1 1 1 1 1 1 1 1 1 1 1 1 1 1 1 1 1 1 1 1 1 1 1 1 1 1 1 1 1 1 1 1 1 1 1 1 1 1 1 1 1 1 1 1 1 1 1 1 1 1 1 1 1 1 1 1 1 1 1 1 1 1 1 1 1 1 1 1 1 1 1 1 1 1 1 1 1 1 1 1 1 1 1 1 1 1 1 1 1 1 1 1 1 1 1 1 1 1 1 1 1 1 1 1 1 1 1 1 1 1 1 1 1 1 1 1 1 1 1 1 1 1 1 1 1 1 1 1 1 1 1 1 1 1 1 1 1 1 1 1 1 1 1 1 1 1 1 1 1 1 1 1 1 1 1 1 1 1 1 1 1 1 1 1 1 1 1 1 1 1 1 1 1 1 1 1 1 1 1 1 1 1 1 1 1 1 1 1 1 1 1 1 1 1 1 1 1 1 1 1 1 1 1 1 1 1 1 1 1 1 1 1 1 1 1 1 1 1 1 1 1 1 1 1 1 1 1 1 1 1 1 1 1 1 1 1 1 1 1 1 1 1 1 1 1 1 1 1 1 1 1 1 1 1 1 1 1 1 1 1 1 1 1 1 1 1 1 1 1 1 1 1 1 1 1 1 1 1 1 1 1 1 1 1 1 1 1 1 1 1 1 1 1 1 1 1 1 1 1 1 1 1 1 1 1 1 1 1 1 1 1 1 1 1 1 1 1 1 1 1 1 1 1 1 1 1 1 1 1 1 1 1 1 1 1 1 1 1 1 1 1 1 1 1 1 1 1 1 1 1 1 1 1 1 1 1 1 1 1 1 1 1 1 1 1 1 1 1 1 1 1 1 1 1 1 1 1 1 1 1 1 1 1 1 1 1 1 1 1 1 1 1 1 1 1 1 1 1 1 1 1 1 1 1 1 1 1 1 1 1 1 1 1 1 1 1 1 1 1 1 1 1 1 1 1 1 1 1 1 1 1 1 1 1 1 1 1 1 1 1 1 1 1 1 1 1 1 1 1 1 1 1 1 1 1 1 1 1 1 1 1 1 1 1 1 1 1 1 1 1 1 1 1 1 1 1 1 1 1 1 1 1 1 1 1 1 1 1 1 1 1 1 1 1 1 1 1 1 1 1 1 1 1 1 1 1 1 1 1 1 1 1 1 1 1 1 1 1 1 1 1 1 1 1 1 1 1 1 1 1 1 1 1 1 1 1 1 1 1 1 1 1 1 1 1 1 1 1 1 1 1 1 1 1 1 1 1 1 1 1 1 1 1 1 1 1 1 1 1 1 1 1 1 1 1 1 1 1 1 1 1 1 1 1 1 1 1 1 1 1 1 1 1 1 1 1 1 1 1 1 1 1 1 1 1 1 1 1 1 1 1 1 1 1 1 1 1 1 1 1 1 1 1 1 1 1 1 1 1 1 1 1 1 1 1 1 1 1 1 1 1 1 1 1 1 1 1 1 1 1 1 1 1 1 1 1 1 1 1 1 1 1 1 1 1 1 1 1 1 1 1 1 1 1 1 1 1 1 1 1 1 1 1 1 1 1 1 1 1 1 1 1 1 1 1 1 1 1 1 1 1 1 1 1 1 1 1 1 1 1 1 1 1 1 1 1 1 1 1 1 1 1 1 1 1 1 1 1 1 1 1 1 1 1 1 1 1 1 1 1 1 1 1 1 1 1 1 1 1 1 1 1 1 1 1 1 1 1 1 1 1 1 1 1 1 1 1 1 1 1 1 1 1 1 1 1 1 1 1 1 1 1 1 1 1 1 1 1 1 1 1 1 1 1 1 1 1 1 1 1 1 1 1 1 1 1 1 1 1 1 1 1 1 1 1 1 1 1 1 1 1 1 1 1 1 1 1 1 1 1 1 1 1 1 1 1 1 1 1 1 1 1 1 1 1 1 1 1 1 1 1 1 1 1 1 1 1 1 1 1 1 1 1 1 1 1 1 1 1 1 1 1 1 1 1 1 1 1 1 1 1 1 1 1 1 1 1 1 1 1 1 1 1 1 1 1 1 1 1 1 1 1 1 1 1 1 1 1 1 1 1 1 1 1 1 1 1 1 1 1 1 1 1 1 1 1 1 1 1 1 1 1 1 1 1 1 1 1 1 1 1 1 1 1 1 1 1 1 1 1 1 1 1 1 1 1 1 1 1 1 1 1 1 1 1 1 1 1 1 1 1 1 1 1 1 1 1 1 1 1 1 1 1 1 1 1 1 1 1 1 1 1 1 1 1 1 1 1 1 1 1 1 1 1 1 1 1 1 1 1 1 1 1 1 1 1 1 1 1 1 1 1 1 1 1 1 1 1 1 1 1 1 1 1 1 1 1 1 1 1 1 1 1 1 1 1 1 1 1 1 1 1 1 1 1 1 1 1 1 1 1 1 1 1 1 1 1 1 1 1 1 1 1 1 1 1 1 1 1 1 1 1 1 1 1 1 1 1 1 1 1 1 1 1 1 1 1 1 1 1 1 1 1 1 1 1 1 1 1 1 1 1 1 1 1 1 1 1 1 1 1 1 1 1 1 1 1 1 1 1 1 1 1 1 1 1 1 1 1 1 1 1 1 1 1 1 1 1 1 1 1 1 1 1 1 1 1 1 1 1 1 1 1 1 1 1 1 1 1 1 1 1 1 1 1 1 1 1 1 1 1 1 1 1 1 1 1 1 1 1 1 1 1 1 1 1 1 1 1 1 1 1 1 1 1 1 1 1 1 1 1 1 1 1 1 1 1 1 1 1 1 1 1 1 1 1 1 1 1 1 1 1 1 1 1 1 1 1 1 1 1 1 1 1 1 1 1 1 1 1 1 1 1 1 1 1 1 1 1 1 1 1 1 1 1 1 1 1 1 1 1 1 1 1 1 1 1 1 1 1 1 1 1 1 1 1 1 1 1 1 1 1 1 1 1 1 1 1 1 1 1 1 1 1 1 1 1 1 1 1 1 1 1 1 1 1 1 1 1 1 1 1 1 1 1 1 1 1 1 1 1 1 1 1 1 1 1 1 1 1 1 1 1 1 1 1 1 1 1 1 1 1 1 1 1 1 1 1 1 1 1 1 1 1 1 1 1 1 1 1 1 1 1 1 1 1 1 1 1 1 1 1 1 1 1 1 1 1 1 1 1 1 1 1 1 1 1 1 1 1 1 1 1 1 1 1 1 1 1 1 1 1 1 1 1 1 1 1 1 1 1 1 1 1 1 1 1 1 1 1 1 1 1 1 1 1 1 1 1 1 1 1 1 1 1 1 1 1 1 1 1 1 1 1 1 1 1 1 1 1 1 1 1 1 1 1 1 1 1 1 1 1 1 1 1 1 1 1 1 1 1 1 1 1 1 1 1 1 1 1 1 1 1 1 1 1 1 1 1 1 1 1 1 1 1 1 1 1 1 1 1 1 1 1 1 1 1 1 1 1 1 1 1 1 1 1 1 1 1 1 1 1 1 1 1 1 1 1 1 1 1 1 1 1 1 1 1 1 1 1 1 1 1 1 1 1 1 1 1 1 1 1 1 1 1 1 1 1 1 1 1 1 1 1 1 1 1 1 1 1 1 1 1 1 1 1 1 1 1 1 1 1 1 1 1 1 1 1 1 1 1 1 1 1 1 1 1 1 1 1 1 1 1 1 1 1 1 1 1 1 1 1 1 1 1 1 1 1 1 1 1 1 1 1 1 1 1 1 1 1 1 1 1 1 1 1 1 1 1 1 1 1 1 1 1 1 1 1 1 1 1 1 1 1 1 1 1 1 1 1 1 1 1 1 1 1 1 1 1 1 1 1 1 1 1 1 1 1 1 1 1 1 1 1 1 1 1 1 1 1 1 1 1 1 1 1 1 1 1 1 1 1 1 1 1 1 1 1 1 1 1 1 1 1 1 1 1 1 1 1 1 1 1 1 1 1 1 1 1 1 1 1 1 1 1 1 1 1 1 1 1 1 1 1 1 1 1 1 1 1 1 1 1 1 1 1 1 1 1 1 1 1 1 1 1 1 1 1 1 1 1 1 1 1 1 1 1 1 1 1 1 1 1 1 1 1 1 1 1 1 1 1 1 1 1 1 1 1 1 1 1 1 1 1 1 1 1 1 1 1 1 1 1 1 1 1 1 1 1 1 1 1 1 1 1 1 1 1 1 1 1 1 1 1 1 1 1 1 1 1 1 1 1 1 1 1 1 1 1 1 1 1 1 1 1 1 1 1 1 1 1 1 1 1 1 1 1 1 1 1 1 1 1 1 1 1 1 1 1 1 1 1 1 1 1 1 1 1 1 1 1 1 1 1 1 1 1 1 1 1 1 1 1 1 1 1 1 1 1 1 1 1 1 1 1 1 1 1 1 1 1 1 1 1 1 1 1 1 1 1 1 1 1 1 1 1 1 1 1 1 1 1 1 1 1 1 1 1 1 1 1 1 1 1 1 1 1 1 1 1 1 1 1 1 1 1 1 1 1 1 1 1 1 1 1 1 1 1 1 1 1 1 1 1 1 1 1 1 1 1 1 1 1 1 1 1 1 1 1 1 1 1 1 1 1 1 1 1 1 1 1 1 1 1 1 1 1 1 1 1 1 1 1 1 1 1 1 1 1 1 1 1 1 1 1 1 1 1 1 1 1 1 1 1 1 1 1 1 1 1 1 1 1 1 1 1 1 1 1 1 1 1 1 1 1 1 1 1 1 1 1 1 1 1 1 1 1 1 1 1 1 1 1 1 1 1 1 1 1 1 1 1 1 1 1 1 1 1 1 1 1 1 1 1 1 1 1 1 1 1 1 1 1 1 1 1 1 1 1 1 1 1 1 1 1 1 1 1 1 1 1 1 1 1 1 1 1 1 1 1 1 1 1 1 1 1 1 1 1 1 1 1 1 1 1 1 1 1 1 1 1 1 1 1 1 1 1 1 1 1 1 1 1 1 1 1 1 1 1 1 1 1 1 1 1 1 1 1 1 1 1 1 1 1 1 1 1 1 1 1 1 1 1 1 1 1 1 1 1 1 1 1 1 1 1 1 1 1 1 1 1 1 1 1 1 1 1 1 1 1 1 1 1 1 1 1 1 1 1 1 1 1 1 1 1 1 1 1 1 1 1 1 1 1 1 1 1 1 1 1 1 1 1 1 1 1 1 1 1 1 1 1 1 1 1 1 1 1 1 1 1 1 1 1 1 1 1 1 1 1 1 1 1 1 1 1 1 1 1 1 1 1 1 1 1 1 1 1 1 1 1 1 1 1 1 1 1 1 1 1 1 1 1 1 1 1 1 1 1 1 1 1 1 1 1 1 1 1 1 1 1 1 1 1 1 1 1 1 1 1 1 1 1 1 1 1 1 1 1 1 1 1 1 1 1 1 1 1 1 1 1 1 1 1 1 1 1 1 1 1 1 1 1 1 1 1 1 1 1 1 1 1 1 1 1 1 1 1 1 1 1 1 1 1 1 1 1 1 1 1 1 1 1 1 1 1 1 1 1 1 1 1 1 1 1 1 1 1 1 1 1 1 1 1 1 1 1 1 1 1 1 1 1 1 1 1 1 1 1 1 1 1 1 1 1 1 1 1 1 1 1 1 1 1 1 1 1 1 1 1 1 1 1 1 1 1 1 1 1 1 1 1 1 1 1 1 1 1 1 1 1 1 1 1 1 1 1 1 1 1 1 1 1 1 1 1 1 1 1 1 1 1 1 1 1 1 1 1 1 1 1 1 1 1 1 1 1 1 1 1 1 1 1 1 1 1 1 1 1 1 1 1 1 1 1 1 1 1 1 1 1 1 1 1 1 1 1 1 1 1 1 1 1 1 1 1 1 1 1 1 1 1 1 1 1 1 1 1 1 1 1 1 1 1 1 1 1 1 1 1 1 1 1 1 1 1 1 1 1 1 1 1 1 1 1 1 1 1 1 1 1 1 1 1 1 1 1 1 1 1 1 1 1 1 1 1 1 1 1 1 1 1 1 1 1 1 1 1 1 1 1 1 1 1 1 1 1 1 1 1 1 1 1 1 1 1 1 1 1 1 1 1 1 1 1 1 1 1 1 1 1 1 1 1 1 1 1 1 1 1 1 1 1 1 1 1 1 1 1 1 1 1 1 1 1 1 1 1 1 1 1 1 1 1 1 1 1 1 1 1 1 1 1 1 1 1 1 1 1 1 1 1 1 1 1 1 1 1 1 1 1 1 1 1 1 1 1 1 1 1 1 1 1 1 1 1 1 1 1 1 1 1 1 1 1 1 1 1 1 1 1 1 1 1 1 1 1 1 1 1 1 1 1 1 1 1 1 1 1 1 1 1 1 1 1 1 1 1 1 1 1 1 1 1 1 1 1 1 1 1 1 1 1 1 1 1 1 1 1 1 1 1 1 1 1 1 1 1 1 1 1 1 1 1 1 1 1 1 1 1 1 1 1 1 1 1 1 1 1 1 1 1 1 1 1 1 1 1 1 1 1 1 1 1 1 1 1 1 1 1 1 1 1 1 1 1 1 1 1 1 1 1 1 1 1 1 1 1 1 1 1 1 1 1 1 1 1 1 1 1 1 1 1 1 1 1 1 1 1 1 1 1 1 1 1 1 1 1 1 1 1 1 1 1 1 1 1 1 1 1 1 1 1 1 1 1 1 1 1 1 1 1 1 1 1 1 1 1 1 1 1 1 1 1 1 1 1 1 1 1 1 1 1 1 1 1 1 1 1 1 1 1 1 1 1 1 1 1 1 1 1 1 1 1 1 1 1 1 1 1 1 1 1 1 1 1 1 1 1 1 1 1 1 1 1 1 1 1 1 1 1 1 1 1 1 1 1 1 1 1 1 1 1 1 1 1 1 1 1 1 1 1 1 1 1 1 1 1 1 1 1 1 1 1 1 1 1 1 1 1 1 1 1 1 1 1 1 1 1 1 1 1 1 1 1 1 1 1 1 1 1 1 1 1 1 1 1 1 1 1 1 1 1 1 1 1 1 1 1 1 1 1 1 1 1 1 1 1 1 1 1 1 1 1 1 1 1 1 1 1 1 1 1 1 1 1 1 1 1 1 1 1 1 1 1 1 1 1 1 1 1 1 1 1 1 1 1 1 1 1 1 1 1 1 1 1 1 1 1 1 1 1 1 1 1 1 1 1 1 1 1 1 1 1 1 1 1 1 1 1 1 1 1 1 1 1 1 1 1 1 1 1 1 1 1 1 1 1 1 1 1 1 1 1 1 1 1 1 1 1 1 1 1 1 1 1 1 1 1 1 1 1 1 1 1 1 1 1 1 1 1 1 1 1 1 1 1 1 1 1 1 1 1 1 1 1 1 1 1 1 1 1 1 1 1 1 1 1 1 1 1 1 1 1 1 1 1 1 1 1 1 1 1 1 1 1 1 1 1 1 1 1 1 1 1 1 1 1 1 1 1 1 1 1 1 1 1 1 1 1 1 1 1 1 1 1 1 1 1 1 1 1 1 1 1 1 1 1 1 1 1 1 1 1 1 1 1 1 1 1 1 1 1 1 1 1 1 1 1 1 1 1 1 1 1 1 1 1 1 1 1 1 1 1 1 1 1 1 1 1 1 1 1 1 1 1 1 1 1 1 1 1 1 1 1 1 1 1 1 1 1 1 1 1 1 1 1 1 1 1 1 1 1 1 1 1 1 1 1 1 1 1 1 1 1 1 1 1 1 1 1 1 1 1 1 1 1 1 1 1 1 1 1 1 1 1 1 1 1 1 1 1 1 1 1 1 1 1 1 1 1 1 1 1 1 1 1 1 1 1 1 1 1 1 1 1 1 1 1 1 1 1 1 1 1 1 1 1 1 1 1 1 1 1 1 1 1 1 1 1 1 1 1 1 1 1 1 1 1 1 1 1 1 1 1 1 1 1 1 1 1 1 1 1 1 1 1 1 1 1 1 1 1 1 1 1 1 1 1 1 1 1 1 1 1 1 1 1 1 1 1 1 1 1 1 1 1 1 1 1 1 1 1 1 1 1 1 1 1 1 1 1 1 1 1 1 1 1 1 1 1 1 1 1 1 1 1 1 1 1 1 1 1 1 1 1 1 1 1 1 1 1 1 1 1 1 1 1 1 1 1 1 1 1 1 1 1 1 1 1 1 1 1 1 1 1 1 1 1 1 1 1 1 1 1 1 1 1 1 1 1 1 1 1 1 1 1 1 1 1 1 1 1 1 1 1 1 1 1 1 1 1 1 1 1 1 1 1 1 1 1 1 1 1 1 1 1 1 1 1 1 1 1 1 1 1 1 1 1 1 1 1 1 1 1 1 1 1 1 1 1 1 1 1 1 1 1 1 1 1 1 1 1 1 1 1 1 1 1 1 1 1 1 1 1 1 1 1 1 1 1 1 1 1 1 1 1 1 1 1 1 1 1 1 1 1 1 1 1 1 1 1 1 1 1 1 1 1 1 1 1 1 1 1 1 1 1 1 1 1 1 1 1 1 1 1 1 1 1 1 1 1 1 1 1 1 1 1 1 1 1 1 1 1 1 1 1 1 1 1 1 1 1 1 1 1 1 1 1 1 1 1 1 1 1 1 1 1 1 1 1 1 1 1 1 1 1 1 1 1 1 1 1 1 1 1 1 1 1 1 1 1 1 1 1 1 1 1 1 1 1 1 1 1 1 1 1 1 1 1 1 1 1 1 1 1 1 1 1 1 1 1 1 1 1 1 1 1 1 1 1 1 1 1 1 1 1 1 1 1 1 1 1 1 1 1 1 1 1 1 1 1 1 1 1 1 1 1 1 1 1 1 1 1 1 1 1 1 1 1 1 1 1 1 1 1 1 1 1 1 1 1 1 1 1 1 1 1 1 1 1 1 1 1 1 1 1 1 1 1 1 1 1 1 1 1 1 1 1 1 1 1 1 1 1 1 1 1 1 1 1 1 1 1 1 1 1 1 1 1 1 1 1 1 1 1 1 1 1 1 1 1 1 1 1 1 1 1 1 1 1 1 1 1 1 1 1 1 1 1 1 1 1 1 1 1 1 1 1 1 1 1 1 1 1 1 1 1 1 1 1 1 1 1 1 1 1 1 1 1 1 1 1 1 1 1 1 1 1 1 1 1 1 1 1 1 1 1 1 1 1 1 1 1 1 1 1 1 1 1 1 1 1 1 1 1 1 1 1 1 1 1 1 1 1 1 1 1 1 1 1 1 1 1 1 1 1 1 1 1 1 1 1 1 1 1 1 1 1 1 1 1 1 1 1 1 1 1 1 1 1 1 1 1 1 1 1 1 1 1 1 1 1 1 1 1 1 1 1 1 1 1 1 1 1 1 1 1 1 1 1 1 1 1 1 1 1 1 1 1 1 1 1 1 1 1 1 1 1 1 1 1 1 1 1 1 1 1 1 1 1 1 1 1 1 1 1 1 1 1 1 1 1 1 1 1 1 1 1 1 1 1 1 1 1 1 1 1 1 1 1 1 1 1 1 1 1 1 1 1 1 1 1 1 1 1 1 1 1 1 1 1 1 1 1 1 1 1 1 1 1 1 1 1 1 1 1 1 1 1 1 1 1 1 1 1 1 1 1 1 1 1 1 1 1 1 1 1 1 1 1 1 1 1 1 1 1 1 1 1 1 1 1 1 1 1 1 1 1 1 1 1 1 1 1 1 1 1 1 1 1 1 1 1 1 1 1 1 1 1 1 1 1 1 1 1 1 1 1 1 1 1 1 1 1 1 1 1 1 1 1 1 1 1 1 1 1 1 1 1 1 1 1 1 1 1 1 1 1 1 1 1 1 1 1 1 1 1 1 1 1 1 1 1 1 1 1 1 1 1 1 1 1 1 1 1 1 1 1 1 1 1 1 1 1 1 1 1 1 1 1 1 1 1 1 1 1 1 1 1 1 1 1 1 1 1 1 1 1 1 1 1 1 1 1 1 1 1 1 1 1 1 1 1 1 1 1 1 1 1 1 1 1 1 1 1 1 1 1 1 1 1 1 1 1 1 1 1 1 1 1 1 1 1 1 1 1 1 1 1 1 1 1 1 1 1 1 1 1 1 1 1 1 1 1 1 1 1 1 1 1 1 1 1 1 1 1 1 1 1 1 1 1 1 1 1 1 1 1 1 1 1 1 1 1 1 1 1 1 1 1 1 1 1 1 1 1 1 1 1 1 1 1 1 1 1 1 1 1 1 1 1 1 1 1 1 1 1 1 1 1 1 1 1 1 1 1 1 1 1 1 1 1 1 1 1 1 1 1 1 1 1 1 1 1 1 1 1 1 1 1 1 1 1 1 1 1 1 1 1 1 1 1 1 1 1 1 1 1 1 1 1 1 1 1 1 1 1 1 1 1 1 1 1 1 1 1 1 1 1 1 1 1 1 1 1 1 1 1 1 1 1 1 1 1 1 1 1 1 1 1 1 1 1 1 1 1 1 1 1 1 1 1 1 1 1 1 1 1 1 1 1 1 1 1 1 1 1 1 1 1 1 1 1 1 1 1 1 1 1 1 1 1 1 1 1 1 1 1 1 1 1 1 1 1 1 1 1 1 1 1 1 1 1 1 1 1 1 1 1 1 1 1 1 1 1 1 1 1 1 1 1 1 1 1 1 1 1 1 1 1 1 1 1 1 1 1 1 1 1 1 1 1 1 1 1 1 1 1 1 1 1 1 1 1 1 1 1 1 1 1 1 1 1 1 1 1 1 1 1 1 1 1 1 1 1 1 1 1 1 1 1 1 1 1 1 1 1 1 1 1 1 1 1 1 1 1 1 1 1 1 1 1 1 1 1 1 1 1 1 1 1 1 1 1 1 1 1 1 1 1 1 1 1 1 1 1 1 1 1 1 1 1 1 1 1 1 1 1 1 1 1 1 1 1 1 1 1 1 1 1 1 1 1 1 1 1 1 1 1 1 1 1 1 1 1 1 1 1 1 1 1 1 1 1 1 1 1 1 1 1 1 1 1 1 1 1 1 1 1 1 1 1 1 1 1 1 1 1 1 1 1 1 1 1 1 1 1 1 1 1 1 1 1 1 1 1 1 1 1 1 1 1 1 1 1 1 1 1 1 1 1 1 1 1 1 1 1 1 1 1 1 1 1 1 1 1 1 1 1 1 1 1 1 1 1 1 1 1 1 1 1 1 1 1 1 1 1 1 1 1 1 1 1 1 1 1 1 1 1 1 1 1 1 1 1 1 1 1 1 1 1 1 1 1 1 1 1 1 1 1 1 1 1 1 1 1 1 1 1 1 1 1 1 1 1 1 1 1 1 1 1 1 1 1 1 1 1 1 1 1 1 1 1 1 1 1 1 1 1 1 1 1 1 1 1 1 1 1 1 1 1 1 1 1 1 1 1 1 1 1 1 1 1 1 1 1 1 1 1 1 1 1 1 1 1 1 1 1 1 1 1 1 1 1 1 1 1 1 1 1 1 1 1 1 1 1 1 1 1 1 1 1 1 1 1 1 1 1 1 1 1 1 1 1 1 1 1 1 1 1 1 1 1 1 1 1 1 1 1 1 1 1 1 1 1 1 1 1 1 1 1 1 1 1 1 1 1 1 1 1 1 1 1 1 1 1 1 1 1 1 1 1 1 1 1 1 1 1 1 1 1 1 1 1 1 1 1 1 1 1 1 1 1 1 1 1 1 1 1 1 1 1 1 1 1 1 1 1 1 1 1 1 1 1 1 1 1 1 1 1 1 1 1 1 1 1 1 1 1 1 1 1 1 1 1 1 1 1 1 1 1 1 1 1 1 1 1 1 1 1 1 1 1 1 1 1 1 1 1 1 1 1 1 1 1 1 1 1 1 1 1 1 1 1 1 1 1 1 1 1 1 1 1 1 1 1 1 1 1 1 1 1 1 1 1 1 1 1 1 1 1 1 1 1 1 1 1 1 1 1 1 1 1 1 1 1 1 1 1 1 1 1 1 1 1 1 1 1 1 1 1 1 1 1 1 1 1 1 1 1 1 1 1 1 1 1 1 1 1 1 1 1 1 1 1 1 1 1 1 1 1 1 1 1 1 1 1 1 1 1 1 1 1 1 1 1 1 1 1 1 1 1 1 1 1 1 1 1 1 1 1 1 1 1 1 1 1 1 1 1 1 1 1 1 1 1 1 1 1 1 1 1 1 1 1 1 1 1 1 1 1 1 1 1 1 1 1 1 1 1 1 1 1 1 1 1 1 1 1 1 1 1 1 1 1 1 1 1 1 1 1 1 1 1 1 1 1 1 1 1 1 1 1 1 1 1 1 1 1 1 1 1 1 1 1 1 1 1 1 1 1 1 1 1 1 1 1 1 1 1 1 1 1 1 1 1 1 1 1 1 1 1 1 1 1 1 1 1 1 1 1 1 1 1 1 1 1 1 1 1 1 1 1 1 1 1 1 1 1 1 1 1 1 1 1 1 1 1 1 1 1 1 1 1 1 1 1 1 1 1 1 1 1 1 1 1 1 1 1 1 1 1 1 1 1 1 1 1 1 1 1 1 1 1 1 1 1 1 1 1 1 1 1 1 1 1 1 1 1 1 1 1 1 1 1 1 1 1 1 1 1 1 1 1 1 1 1 1 1 1 1 1 1 1 1 1 1 1 1 1 1 1 1 1 1 1 1 1 1 1 1 1 1 1 1 1 1 1 1 1 1 1 1 1 1 1 1 1 1 1 1 1 1 1 1 1 1 1 1 1 1 1 1 1 1 1 1 1 1 1 1 1 1 1 1 1 1 1 1 1 1 1 1 1 1 1 1 1 1 1 1 1 1 1 1 1 1 1 1 1 1 1 1 1 1 1 1 1 1 1 1 1 1 1 1 1 1 1 1 1 1 1 1 1 1 1 1 1 1 1 1 1 1 1 1 1 1 1 1 1 1 1 1 1 1 1 1 1 1 1 1 1 1 1 1 1 1 1 1 1 1 1 1 1 1 1 1 1 1 1 1 1 1 1 1 1 1 1 1 1 1 1 1 1 1 1 1 1 1 1 1 1 1 1 1 1 1 1 1 1 1 1 1 1 1 1 1 1 1 1 1 1 1 1 1 1 1 1 1 1 1 1 1 1 1 1 1 1 1 1 1 1 1 1 1 1 1 1 1 1 1 1 1 1 1 1 1 1 1 1 1 1 1 1 1 1 1 1 1 1 1 1 1 1 1 1 1 1 1 1 1 1 1 1 1 1 1 1 1 1 1 1 1 1 1 1 1 1 1 1 1 1 1 1 1 1 1 1 1 1 1 1 1 1 1 1 1 1 1 1 1 1 1 1 1 1 1 1 1 1 1 1 1 1 1 1 1 1 1 1 1 1 1 1 1 1 1 1 1 1 1 1 1 1 1 1 1 1 1 1 1 1 1 1 1 1 1 1 1 1 1 1 1 1 1 1 1 1 1 1 1 1 1 1 1 1 1 1 1 1 1 1 1 1 1 1 1 1 1 1 1 1 1 1 1 1 1 1 1 1 1 1 1 1 1 1 1 1 1 1 1 1 1 1 1 1 1 1 1 1 1 1 1 1 1 1 1 1 1 1 1 1 1 1 1 1 1 1 1 1 1 1 1 1 1 1 1 1 1 1 1 1 1 1 1 1 1 1 1 1 1 1 1 1 1 1 1 1 1 1 1 1 1 1 1 1 1 1 1 1 1 1 1 1 1 1 1 1 1 1 1 1 1 1 1 1 1 1 1 1 1 1 1 1 1 1 1 1 1 1 1 1 1 1 1 1 1 1 1 1 1 1 1 1 1 1 1 1 1 1 1 1 1 1 1 1 1 1 1 1 1 1 1 1 1 1 1 1 1 1 1 1 1 1 1 1 1 1 1 1 1 1 1 1 1 1 1 0 0 0 1 0 0 0 1 0 0 0 1 0 0 0 1 0 0 0 1 0 0 0 1 0 0 0 1 0 0 0 1 1 1 1 1 1 1 1 1 1 1 1 1 1 1 1 1 1 1 1 1 1 1 1 1 1 1 1 1 1 1 1 1 1 1 1 1 1 1 1 1 1 1 1 1 1 1 1 1 1 1 1 1 1 1 1 1 1 1 1 1 1 1 1 1 1 1 1 1 1 1 1 1 1 1 1 1 1 1 1 1 1 1 1 1 1 1 1 1 1 1 1 1 1 1 1 1 1 1 1 1 1 1 1 1 1 1 1 1 1 1 1 1 1 1 1 1 1 1 1 1 1 1 1 1 1 1 1 1 1 1 1 1 1 1 1 1 1 1 1 1 1 1 1 1 1 1 1 1 1 1 1 1 1 1 1 1 1 1 1 1 1 1 1 1 1 1 1 1 1 1 1 1 1 1 1 1 1 1 1 1 1 1 1 1 1 1 1 1 1 1 1 1 1 1 1 1 1 1 1 1 1 1 1 1 1 1 1 1 1 1 1 1 1 1 1 1 1 1 1 1 1 1 1 1 1 1 1 1 1 1 1 1 1 1 1 1 1 1 1 1 1 1 1 1 1 1 1 1 1 1 1 1 1 1 1 1 1 1 1 1 1 1 1 1 1 1 1 1 1 1 1 1 1 1 1 1 1 1 1 1 1 1 1 1 1 1 1 1 1 1 1 1 1 1 1 1 1 1 1 1 1 1 1 1 1 1 1 1 1 1 1 1 1 1 1 1 1 1 1 1 1 1 1 1 1 1 1 1 1 1 1 1 1 1 1 1 1 1 1 1 1 1 1 1 1 1 1 1 1 1 1 1 1 1 1 1 1 1 1 1 1 1 1 1 1 1 1 1 1 1 1 1 1 1 1 1 1 1 1 1 1 1 1 1 1 1 1 1 1 1 1 1 1 1 1 1 1 1 1 1 1 1 1 1 1 1 1 1 1 1 1 1 1 1 1 1 1 1 1 1 1 1 1 1 1 1 1 1 1 1 1 1 1 1 1 1 1 1 1 1 1 1 1 1 1 1 1 1 1 1 1 1 1 1 1 1 1 1 1 1 1 1 1 1 1 1 1 1 1 1 1 1 1 1 1 1 1 1 1 1 1 1 1 1 1 1 1 1 1 1 1 1 1 1 1 1 1 1 1 1 1 1 1 1 1 1 1 1 1 1 1 1 1 1 1 1 1 1 1 1</float_array>
          <technique_common>
            <accessor source="#TrunkBottom__mPltTreeOakTrunk-color-array" count="1783" stride="4">
              <param name="R" type="float" />
              <param name="G" type="float" />
              <param name="B" type="float" />
              <param name="A" type="float" />
            </accessor>
          </technique_common>
        </source>
        <source id="TrunkBottom__mPltTreeOakTrunk-texcoord">
          <float_array id="TrunkBottom__mPltTreeOakTrunk-texcoord-array" count="3566">0.9135716 0.07754755 0.9329203 0.07586902 0.9299905 0.09653002 0.02099673 0.03735465 0.004150517 0.02926725 0.004150517 0.01004058 0.9940794 0.02819908 0.9712515 0.03628653 0.9940794 0.008972466 0.8993499 0.1408734 0.9299905 0.09653002 0.9626454 0.09988707 0.9626454 0.09988707 0.9400006 0.1661733 0.8993499 0.1408734 0.9135716 0.07754755 0.9185156 0.06857508 0.9329203 0.07586902 0.05999939 0.1661733 0.07473983 0.2240669 0.06863613 0.2241279 0.4337291 0.1158177 0.4467299 0.09591967 0.4523453 0.1132237 0.4523453 0.1132237 0.4467299 0.09591967 0.4743492 0.1012299 0.4743492 0.1012299 0.4764245 0.07779169 0.4869533 0.08447522 0.4869533 0.08447522 0.4764245 0.07779169 0.5019074 0.06878871 0.4958647 0.06042665 0.5019074 0.06878871 0.4764245 0.07779169 0.3430586 0.112247 0.3498031 0.09591967 0.3620716 0.1154515 0.3253578 0.1058382 0.3498031 0.09591967 0.3430586 0.112247 0.294412 0.07916504 0.318949 0.08301038 0.3116855 0.09283733 0.318949 0.08301038 0.294412 0.07916504 0.2945647 0.0671407 0.4235359 0.03161716 0.4538408 0.044496 0.4314402 0.04928738 0.4235359 0.03161716 0.3971374 0.03357035 0.3971374 0.01983702 0.3971374 0.03357035 0.3730277 0.03189182 0.3971374 0.01983702 0.3638417 0.04968411 0.3422651 0.04541153 0.3730277 0.03189182 0.4235359 0.03161716 0.3971374 0.01983702 0.4123966 0.01788384 0.4527116 0.005981624 0.4379406 0.01928771 0.4123966 0.01788384 0.3971374 0.01983702 0.3730277 0.03189182 0.38258 0.01736504 0.313303 0.03265482 0.3360698 0.03195286 0.3422651 0.04541153 0.4123966 0.01788384 0.3971374 0.01983702 0.3971374 0.0003051758 0.4123966 0.01788384 0.3971374 0.0003051758 0.4527116 0.005981624 0.3971374 0.0003051758 0.3971374 0.01983702 0.38258 0.01736504 0.3730277 0.03189182 0.3562426 0.01904356 0.38258 0.01736504 0.3541978 0.0110172 0.3971374 0.0003051758 0.38258 0.01736504 0.38258 0.01736504 0.3562426 0.01904356 0.3541978 0.0110172 0.3971374 0.1174352 0.3612781 0.1657155 0.3620716 0.1154515 0.5019074 0.06878871 0.501175 0.08682513 0.4869533 0.08447522 0.4523453 0.1132237 0.4362621 0.1657155 0.4337291 0.1158177 0.3005463 0.1462142 0.2938017 0.1179235 0.3430586 0.112247 0.3116855 0.09283733 0.2947173 0.09680474 0.294412 0.07916504 0.4337291 0.1158177 0.4362621 0.1657155 0.3971374 0.1174352 0.3430586 0.112247 0.2938017 0.1179235 0.3253578 0.1058382 0.4743492 0.1012299 0.4467299 0.09591967 0.4764245 0.07779169 0.4538408 0.044496 0.4235359 0.03161716 0.4586932 0.03146458 0.469039 0.0158391 0.4586932 0.03146458 0.4379406 0.01928771 0.4538408 0.044496 0.4586932 0.03146458 0.4824671 0.02871794 0.3261513 0.02319407 0.3360698 0.03195286 0.313303 0.03265482 0.4379406 0.01928771 0.4235359 0.03161716 0.4123966 0.01788384 0.4527116 0.005981624 0.469039 0.0158391 0.4379406 0.01928771 0.3541978 0.0110172 0.3562426 0.01904356 0.3261513 0.02319407 0.4379406 0.01928771 0.4586932 0.03146458 0.4235359 0.03161716 0.3562426 0.01904356 0.3360698 0.03195286 0.3261513 0.02319407 0.4743492 0.1012299 0.4982757 0.1146581 0.4523453 0.1132237 0.6400952 0.1120334 0.6530961 0.08996856 0.6587115 0.1079134 0.6587115 0.1079134 0.6530961 0.08996856 0.6815088 0.101352 0.6815088 0.101352 0.6827906 0.08111823 0.6928312 0.09884948 0.6928312 0.09884948 0.6827906 0.08111823 0.7080294 0.07812738 0.7008271 0.05618459 0.7080294 0.07812738 0.6827906 0.08111823 0.5494247 0.1069369 0.5561693 0.08996856 0.5684378 0.1106601 0.531724 0.103061 0.5561693 0.08996856 0.5494247 0.1069369 0.5019074 0.06878871 0.5308084 0.07770014 0.5146336 0.08474988 0.5308084 0.07770014 0.5019074 0.06878871 0.5066683 0.06051821 0.6299021 0.03207493 0.6602069 0.0426954 0.6378064 0.04748678 0.6649373 0.02356029 0.6602069 0.0426954 0.6299021 0.03207493 0.6602069 0.0426954 0.6649373 0.02356029 0.6782433 0.0362255 0.6299021 0.03207493 0.603473 0.03402811 0.603473 0.02029479 0.6649373 0.02356029 0.6299021 0.03207493 0.6187628 0.0183416 0.603473 0.03402811 0.5793939 0.03234965 0.603473 0.02029479 0.5702078 0.04788357 0.5524766 0.04452652 0.5793939 0.03234965 0.6299021 0.03207493 0.603473 0.02029479 0.6187628 0.0183416 0.6440932 0.01098669 0.6649373 0.02356029 0.6187628 0.0183416 0.603473 0.02029479 0.5793939 0.03234965 0.5889462 0.01779228 0.5793939 0.03234965 0.5524766 0.04452652 0.5362102 0.03051853 0.6187628 0.0183416 0.603473 0.02029479 0.603473 0.0007629395 0.6187628 0.0183416 0.603473 0.0007629395 0.6440932 0.01098669 0.603473 0.0007629395 0.603473 0.02029479 0.5889462 0.01779228 0.5793939 0.03234965 0.5362102 0.03051853 0.5889462 0.01779228 0.5524766 0.04452652 0.5264748 0.037965 0.5362102 0.03051853 0.5531785 0.02188176 0.603473 0.0007629395 0.5889462 0.01779228 0.5889462 0.01779228 0.5362102 0.03051853 0.5531785 0.02188176 0.603473 0.1128575 0.5676443 0.1657155 0.5684378 0.1106601 0.7080294 0.07812738 0.707297 0.1027864 0.6928312 0.09884948 0.6587115 0.1079134 0.6426283 0.1657155 0.6400952 0.1120334 0.5146336 0.08474988 0.501175 0.08682513 0.5019074 0.06878871 0.6587115 0.1079134 0.7117527 0.149266 0.6426283 0.1657155 0.6400952 0.1120334 0.6426283 0.1657155 0.603473 0.1128575 0.6587115 0.1079134 0.7063814 0.1185949 0.7117527 0.149266 0.5494247 0.1069369 0.4982757 0.1146581 0.531724 0.103061 0.6815088 0.101352 0.6530961 0.08996856 0.6827906 0.08111823 0.6815088 0.101352 0.7063814 0.1185949 0.6587115 0.1079134 0.2273629 0.1148106 0.2403638 0.08996856 0.2459792 0.1106907 0.2459792 0.1106907 0.2403638 0.08996856 0.268807 0.1041597 0.268807 0.1041597 0.2700583 0.08111823 0.2805872 0.09842217 0.2805872 0.09842217 0.2700583 0.08111823 0.294412 0.07916504 0.2830897 0.06445509 0.294412 0.07916504 0.2700583 0.08111823 0.1366924 0.109714 0.1434675 0.08996856 0.1557054 0.1134373 0.0885342 0.07806635 0.1125828 0.08032471 0.1035188 0.0972625 0.1125828 0.08032471 0.0885342 0.07806635 0.09445479 0.06857508 0.2171697 0.03698844 0.2475051 0.04763937 0.225074 0.05243081 0.257149 0.02923673 0.2475051 0.04763937 0.2171697 0.03698844 0.2475051 0.04763937 0.257149 0.02923673 0.2681662 0.04147464 0.2171697 0.03698844 0.1907712 0.03897214 0.1907712 0.02523881 0.257149 0.02923673 0.2171697 0.03698844 0.2060305 0.02325511 0.1907712 0.03897214 0.1666921 0.0372631 0.1907712 0.02523881 0.157506 0.05282754 0.1358989 0.04855496 0.1666921 0.0372631 0.2171697 0.03698844 0.1907712 0.02523881 0.2060305 0.02325511 0.2363048 0.01348919 0.257149 0.02923673 0.2060305 0.02325511 0.1907712 0.02523881 0.1666921 0.0372631 0.1762444 0.02273631 0.1666921 0.0372631 0.1358989 0.04855496 0.1267434 0.02713096 0.2060305 0.02325511 0.1907712 0.02523881 0.1907712 0.005676448 0.2060305 0.02325511 0.1907712 0.005676448 0.2363048 0.01348919 0.1907712 0.005676448 0.1907712 0.02523881 0.1762444 0.02273631 0.1666921 0.0372631 0.1267434 0.02713096 0.1762444 0.02273631 0.1358989 0.04855496 0.1142918 0.03665274 0.1267434 0.02713096 0.1478317 0.01638842 0.1907712 0.005676448 0.1762444 0.02273631 0.1762444 0.02273631 0.1267434 0.02713096 0.1478317 0.01638842 0.1907712 0.1156651 0.1797235 0.1625111 0.1557054 0.1134373 0.294412 0.07916504 0.2947173 0.09680474 0.2805872 0.09842217 0.2459792 0.1106907 0.2408216 0.1625111 0.2273629 0.1148106 0.2459792 0.1106907 0.3005463 0.1462142 0.2408216 0.1625111 0.2273629 0.1148106 0.2408216 0.1625111 0.1907712 0.1156651 0.2459792 0.1106907 0.2938017 0.1179235 0.3005463 0.1462142 0.268807 0.1041597 0.2403638 0.08996856 0.2700583 0.08111823 0.268807 0.1041597 0.2938017 0.1179235 0.2459792 0.1106907 0.8464614 0.1140782 0.8594317 0.09323406 0.8650777 0.1114841 0.8996552 0.09564501 0.8891568 0.07910401 0.9135716 0.07754755 0.7557909 0.1105075 0.7625355 0.09323406 0.7748039 0.113712 0.7380902 0.1058382 0.7625355 0.09323406 0.7557909 0.1105075 0.7080294 0.07812738 0.7316813 0.08032471 0.724662 0.1010773 0.7316813 0.08032471 0.7080294 0.07812738 0.7175817 0.06381422 0.8933988 0.03964353 0.871395 0.03683585 0.8762475 0.02606279 0.8362682 0.03698844 0.8098392 0.03897214 0.8098392 0.02523881 0.8098392 0.03897214 0.78576 0.0372631 0.8098392 0.02523881 0.776574 0.05282754 0.7577441 0.04855496 0.78576 0.0372631 0.8362682 0.03698844 0.8098392 0.02523881 0.8250984 0.02325511 0.8553728 0.01348919 0.850673 0.02465898 0.8250984 0.02325511 0.8098392 0.02523881 0.78576 0.0372631 0.7953123 0.02273631 0.7415998 0.03143406 0.7553942 0.03643912 0.7577441 0.04855496 0.8250984 0.02325511 0.8098392 0.02523881 0.8098392 0.005676448 0.8250984 0.02325511 0.8098392 0.005676448 0.8553728 0.01348919 0.8098392 0.005676448 0.8098392 0.02523881 0.7953123 0.02273631 0.78576 0.0372631 0.7689749 0.02444535 0.7953123 0.02273631 0.7669302 0.01638842 0.8098392 0.005676448 0.7953123 0.02273631 0.7953123 0.02273631 0.7689749 0.02444535 0.7669302 0.01638842 0.8098392 0.1156957 0.7796564 0.1625111 0.7748039 0.113712 0.9299905 0.09653002 0.8996552 0.09564501 0.9135716 0.07754755 0.7117527 0.149266 0.7063814 0.1185949 0.7557909 0.1105075 0.724662 0.1010773 0.707297 0.1027864 0.7080294 0.07812738 0.8464614 0.1140782 0.8339183 0.1625111 0.8098392 0.1156957 0.7557909 0.1105075 0.7063814 0.1185949 0.7380902 0.1058382 0.8762475 0.02606279 0.871395 0.03683585 0.850673 0.02465898 0.8665731 0.04763937 0.871395 0.03683585 0.8933988 0.03964353 0.78576 0.0372631 0.7553942 0.03643912 0.7689749 0.02444535 0.7553942 0.03643912 0.78576 0.0372631 0.7577441 0.04855496 0.7489242 0.02612382 0.7553942 0.03643912 0.7415998 0.03143406 0.850673 0.02465898 0.8362682 0.03698844 0.8250984 0.02325511 0.8553728 0.01348919 0.8762475 0.02606279 0.850673 0.02465898 0.7669302 0.01638842 0.7689749 0.02444535 0.7489242 0.02612382 0.7689749 0.02444535 0.7553942 0.03643912 0.7489242 0.02612382 0.9940794 0.02819908 0.9940794 0.04007083 0.9712515 0.03628653 0.02099673 0.03735465 0.004150517 0.04113895 0.004150517 0.02926725 0.1113926 0.2238533 0.1262856 0.1625111 0.1174963 0.2238228 0.1113926 0.2238533 0.09314249 0.1643422 0.1262856 0.1625111 0.128544 0.8070925 0.2083804 0.8278451 0.2057558 0.8355052 0.1044954 0.8572955 0.1102634 0.8373669 0.1988891 0.8493912 0.1102634 0.8373669 0.2028565 0.8453017 0.1988891 0.8493912 0.7574389 0.4958342 0.7976623 0.5426496 0.7260354 0.5162816 0.7976623 0.5426496 0.7776116 0.547441 0.7260354 0.5162816 0.7260354 0.5162816 0.7776116 0.547441 0.7141942 0.5538499 0.7776116 0.547441 0.7694632 0.5558641 0.7141942 0.5538499 0.7141942 0.5538499 0.7694632 0.5558641 0.7165441 0.585345 0.7694632 0.5558641 0.7803278 0.587115 0.7165441 0.585345 0.7165441 0.585345 0.7803278 0.587115 0.7573779 0.6047548 0.7803278 0.587115 0.7856685 0.5986816 0.7573779 0.6047548 0.128544 0.8070925 0.1379131 0.7909787 0.2083804 0.8278451 0.1379131 0.7909787 0.2061525 0.818659 0.2083804 0.8278451 0.2057558 0.8355052 0.2083804 0.8278451 0.2710654 0.8458205 0.2710654 0.8458205 0.2083804 0.8278451 0.2723472 0.8335826 0.2057558 0.8355052 0.2710654 0.8458205 0.2028565 0.8453017 0.2710654 0.8458205 0.2686544 0.8545488 0.2028565 0.8453017 0.2028565 0.8453017 0.2686544 0.8545488 0.1988891 0.8493912 0.2686544 0.8545488 0.2627644 0.8582721 0.1988891 0.8493912 0.2061525 0.818659 0.2723472 0.8335826 0.2083804 0.8278451 0.3416547 0.8509781 0.3208716 0.8522904 0.3212683 0.8428907 0.3208716 0.8522904 0.3416547 0.8509781 0.3218177 0.8554949 0.3218177 0.8554949 0.3416547 0.8509781 0.3206275 0.860622 0.3355815 0.8297067 0.3416547 0.8509781 0.3316752 0.8329722 0.3316752 0.8329722 0.3416547 0.8509781 0.3274636 0.8366344 0.3274636 0.8366344 0.3416547 0.8509781 0.3256325 0.8393506 0.3256325 0.8393506 0.3416547 0.8509781 0.3212683 0.8428907 0.7982116 0.585345 0.8193304 0.5895261 0.7573779 0.6047548 0.7573779 0.6047548 0.8193304 0.5895261 0.7555162 0.6217841 0.7573779 0.6047548 0.7555162 0.6217841 0.6918241 0.5895261 0.7573779 0.6047548 0.6918241 0.5895261 0.7165441 0.585345 0.7555162 0.4483169 0.7574389 0.4958342 0.7149571 0.4894254 0.2129276 0.6593219 0.20777 0.6943877 0.1909543 0.6583453 0.2459182 0.49794 0.2581866 0.5309305 0.206061 0.545732 0.206061 0.545732 0.2609333 0.5329447 0.2108829 0.5530259 0.2609333 0.5329447 0.2768639 0.5452437 0.2108829 0.5530259 0.2108829 0.5530259 0.2768639 0.5452437 0.2158574 0.5721915 0.2768639 0.5452437 0.2609638 0.5833002 0.2158574 0.5721915 0.2158574 0.5721915 0.2609638 0.5833002 0.2195807 0.5828425 0.2609638 0.5833002 0.2450026 0.5913267 0.2195807 0.5828425 0.2195807 0.5828425 0.2450026 0.5913267 0.2225715 0.5899533 0.124546 0.6583453 0.1241798 0.6943877 0.1067843 0.6583453 0.1657155 0.7462691 0.1733757 0.7462691 0.1506699 0.7556383 0.04177984 0.7462691 0.0494705 0.7462691 0.06466872 0.7556383 0.3063753 0.3886227 0.3670156 0.445967 0.2972503 0.4496597 0.2290414 0.5833002 0.2450026 0.5913267 0.1920225 0.59035 0.365215 0.5452437 0.365215 0.5893124 0.3122349 0.5525681 0.3122349 0.5525681 0.365215 0.5893124 0.2979522 0.59035 0.2450026 0.5913267 0.2450026 0.6147954 0.1920225 0.59035 0.2450026 0.5913267 0.2979522 0.59035 0.2450026 0.6147954 0.2979522 0.59035 0.365215 0.5893124 0.3087558 0.6147954 0.6918241 0.5895261 0.7555162 0.6217841 0.6912748 0.6147954 0.6912748 0.6489456 0.6275216 0.6501053 0.6504105 0.669454 0.365215 0.6501053 0.3081759 0.6489456 0.3523057 0.669454 0.3084811 0.6489456 0.365215 0.6501053 0.3523057 0.669454 0.6275216 0.6501053 0.6912748 0.6489456 0.6504105 0.669454 0.2385632 0.7788019 0.2514725 0.7582324 0.2346873 0.7549669 0.2385632 0.7788019 0.2346873 0.7549669 0.2277291 0.7536241 0.2385632 0.7788019 0.2277291 0.7536241 0.2346873 0.7549669 0.2385632 0.7788019 0.2346873 0.7549669 0.2514725 0.7582324 0.2385632 0.7788019 0.2514725 0.7582324 0.2682577 0.7614673 0.2385632 0.7788019 0.2682577 0.7614673 0.2934355 0.7628101 0.7385479 0.7578967 0.7544175 0.778222 0.7552721 0.7541124 0.7552721 0.7541124 0.7544175 0.778222 0.7621998 0.7525559 0.7621998 0.7525559 0.7544175 0.778222 0.7552721 0.7541124 0.7552721 0.7541124 0.7544175 0.778222 0.7385479 0.7578967 0.7385479 0.7578967 0.7544175 0.778222 0.7218238 0.761681 0.7218238 0.761681 0.7544175 0.778222 0.7014374 0.7632374 0.4148076 0.6831263 0.5000153 0.6804407 0.5000153 0.7053133 0.5000153 0.6804407 0.587878 0.6831263 0.5000153 0.7053133 0.2450026 0.5913267 0.2609638 0.5833002 0.2979522 0.59035 0.2450026 0.4496597 0.2945341 0.4860988 0.2459182 0.49794 0.7555162 0.6217841 0.8193304 0.5895261 0.8187811 0.6147954 0.2459182 0.49794 0.2945341 0.4860988 0.2609333 0.5329447 0.7149571 0.4894254 0.7574389 0.4958342 0.7260354 0.5162816 0.8063295 0.9259621 0.7579272 0.9618518 0.8535722 0.8728294 0.8063295 0.9259621 0.8535722 0.8728294 0.8018128 0.9891354 0.8063295 0.9259621 0.768334 0.9645375 0.7579272 0.9618518 0.8063295 0.9259621 0.8018128 0.9891354 0.7902463 0.9768059 0.07623523 0.09820855 0.0885342 0.07806635 0.1035188 0.0972625 0.1366924 0.109714 0.07623523 0.09820855 0.1262856 0.1625111 0.04364147 0.1016877 0.09314249 0.1643422 0.05999939 0.1661733 0.09314249 0.1643422 0.07473983 0.2240669 0.4824671 0.02871794 0.4586932 0.03146458 0.469039 0.0158391 0.4885708 0.04782248 0.4538408 0.044496 0.4658345 0.06393629 0.3971374 0.1174352 0.4362621 0.1657155 0.3612781 0.1657155 0.4362621 0.1657155 0.3725089 0.2238228 0.4362621 0.2238228 0.603473 0.1128575 0.6426283 0.1657155 0.5676443 0.1657155 0.6300241 0.2238228 0.5676443 0.1657155 0.5637684 0.2238228 0.9061556 0.06527907 0.9135716 0.07754755 0.8891568 0.07910401 0.8996552 0.09564501 0.8594317 0.09323406 0.8650777 0.1114841 0.8665731 0.04763937 0.8362682 0.03698844 0.871395 0.03683585 0.8362682 0.03698844 0.844142 0.05243081 0.850673 0.02465898 0.871395 0.03683585 0.1909543 0.6583453 0.20777 0.6943877 0.1893979 0.6943877 0.2078311 0.6943877 0.1759392 0.7353435 0.1581469 0.6943877 0.1893979 0.6943877 0.1497848 0.7353435 0.1893979 0.6943877 0.124546 0.6583453 0.1909543 0.6583453 0.1497848 0.7353435 0.1893979 0.6943877 0.1759392 0.7353435 0.1759392 0.7353435 0.1526231 0.7462691 0.1657155 0.7462691 0.1526231 0.7462691 0.1496322 0.7556383 0.1759392 0.7353435 0.2078311 0.6943877 0.1913205 0.7353435 0.1913816 0.7353435 0.1657155 0.7462691 0.1733757 0.7462691 0.1067843 0.7353435 0.1241798 0.6943877 0.1497848 0.7353435 0.1067843 0.7353435 0.1515549 0.7462691 0.123722 0.7462691 0.1494491 0.7556383 0.1515549 0.7462691 0.0494705 0.7462691 0.06253242 0.7462691 0.06466872 0.7556383 0.06253242 0.7462691 0.03662221 0.7353435 0.06277657 0.7353435 0.03952147 0.6720786 0.03662221 0.7353435 0.008270516 0.6720786 0.06253242 0.7462691 0.07562487 0.7462691 0.06466872 0.7556383 0.08893093 0.7353435 0.06253242 0.7462691 0.06277657 0.7353435 0.3063753 0.3295694 0.3725089 0.3295694 0.3063753 0.3886227 0.3725089 0.3295694 0.3063753 0.2238228 0.3725089 0.2238228 0.3725089 0.3295694 0.4362621 0.3295694 0.3725089 0.3886227 0.4362621 0.3295694 0.3725089 0.2238228 0.4362621 0.2238228 0.1174963 0.4496597 0.1812494 0.3886227 0.1812494 0.4496597 0.1812494 0.4496597 0.1174963 0.5863521 0.1920225 0.59035 0.3725089 0.3886227 0.4362621 0.4471267 0.3670156 0.445967 0.4362621 0.4471267 0.365215 0.5452437 0.4362621 0.5893124 0.365215 0.5452437 0.4362621 0.5893124 0.365215 0.5893124 0.365215 0.5893124 0.4333323 0.6578265 0.365215 0.6501053 0.1920225 0.59035 0.2450026 0.6147954 0.1812494 0.6147954 0.2450026 0.6429639 0.1812494 0.6147954 0.1812494 0.6489456 0.2450026 0.6147954 0.2979522 0.59035 0.3087558 0.6147954 0.3087558 0.6147954 0.2450026 0.6429639 0.3084811 0.6489456 0.6912748 0.4481643 0.7555162 0.4483169 0.7149571 0.4894254 0.7550279 0.3886227 0.6912748 0.4481643 0.6912748 0.3886227 0.7550279 0.3295694 0.7550279 0.3886227 0.6912748 0.3295694 0.7606738 0.2238228 0.6969207 0.2238228 0.6275216 0.5893124 0.6918241 0.5895261 0.6912748 0.6147954 0.6918241 0.5491195 0.6275216 0.5893124 0.6275216 0.5452437 0.02099673 0.03735465 0.0519425 0.04678488 0.02679525 0.04678488 0.06451613 0.07693714 0.0519425 0.04678488 0.04364147 0.1016877 0.07623523 0.09820855 0.965331 0.0457167 0.9520859 0.0457167 0.9712515 0.03628653 0.9520859 0.0457167 0.9329203 0.07586902 0.9626454 0.09988707 0.9299905 0.09653002 0.07562487 0.7462691 0.08374279 0.7462691 0.06466872 0.7556383 0.1067843 0.7353435 0.08893093 0.7353435 0.07562487 0.7462691 0.4362621 0.3886227 0.5000153 0.4496597 0.4362621 0.4471267 0.5000153 0.5893124 0.4362621 0.5893124 0.4362621 0.4471267 0.06579791 0.04678488 0.08151494 0.06878871 0.0519425 0.04678488 0.06451613 0.07693714 0.9329203 0.07586902 0.9185156 0.06857508 0.9520859 0.0457167 0.9415265 0.04550308 0.004150517 0.05056918 0.004150517 0.04113895 0.02679525 0.04678488 0.02099673 0.03735465 0.004150517 0.01004058 0.06579791 0.04678488 0.02099673 0.03735465 0.0519425 0.04678488 0.9626454 0.09988707 0.965331 0.0457167 0.9929197 0.1017487 0.9940794 0.049501 0.9940794 0.049501 0.965331 0.0457167 0.9940794 0.04007083 0.9712515 0.03628653 0.9520859 0.0457167 0.9415265 0.04550308 0.9712515 0.03628653 0.9940794 0.008972466 0.04364147 0.1016877 0.05999939 0.1661733 0.004150517 0.1027864 0.004150517 0.1661733 0.05999939 0.1661733 0.01391644 0.2241279 0.06863613 0.2241279 0.08151494 0.06878871 0.0885342 0.07806635 0.06451613 0.07693714 0.07623523 0.09820855 0.9400006 0.1661733 0.9626454 0.09988707 0.9929197 0.1017487 0.9929502 0.1661733 0.990112 0.2264168 0.9400006 0.1661733 0.9374676 0.2264168 0.04364147 0.1016877 0.004150517 0.1027864 0.02679525 0.04678488 0.004150517 0.05056918 0.8993499 0.1408734 0.8825343 0.2238228 0.8339183 0.1625111 0.8250679 0.2238228 0.8993499 0.1408734 0.9400006 0.1661733 0.8825343 0.2238228 0.9374676 0.2264168 0.3005463 0.1462142 0.3063753 0.2238228 0.2408216 0.1625111 0.2450026 0.2238228 0.3005463 0.1462142 0.3612781 0.1657155 0.3063753 0.2238228 0.3725089 0.2238228 0.501999 0.1446272 0.5000153 0.2238228 0.4362621 0.1657155 0.4362621 0.2238228 0.501999 0.1446272 0.5676443 0.1657155 0.5000153 0.2238228 0.5637684 0.2238228 0.7117527 0.149266 0.6969207 0.2238228 0.6426283 0.1657155 0.6300241 0.2238228 0.7117527 0.149266 0.7796564 0.1625111 0.6969207 0.2238228 0.7606738 0.2238228 0.3971374 0.1174352 0.3971374 0.09927672 0.4337291 0.1158177 0.4467299 0.09591967 0.3498031 0.09591967 0.3971374 0.09927672 0.3620716 0.1154515 0.3971374 0.1174352 0.4467299 0.09591967 0.3971374 0.09927672 0.4396191 0.07620472 0.3971374 0.08078247 0.4764245 0.07779169 0.4467299 0.09591967 0.4658345 0.06393629 0.4396191 0.07620472 0.3971374 0.08078247 0.3971374 0.09927672 0.3574938 0.07614368 0.3498031 0.09591967 0.4885708 0.04782248 0.4958647 0.06042665 0.4658345 0.06393629 0.4764245 0.07779169 0.3971374 0.08078247 0.3971374 0.05215615 0.4396191 0.07620472 0.4314402 0.04928738 0.4396191 0.07620472 0.4314402 0.04928738 0.4658345 0.06393629 0.4538408 0.044496 0.3116855 0.09283733 0.318949 0.08301038 0.3253578 0.1058382 0.3498031 0.09591967 0.3971374 0.08078247 0.3574938 0.07614368 0.3971374 0.05215615 0.3638417 0.04968411 0.3574938 0.07614368 0.3498031 0.09591967 0.3295083 0.06836146 0.318949 0.08301038 0.3971374 0.05215615 0.3971374 0.03357035 0.4314402 0.04928738 0.4235359 0.03161716 0.3971374 0.05215615 0.3638417 0.04968411 0.3971374 0.03357035 0.3730277 0.03189182 0.3574938 0.07614368 0.3295083 0.06836146 0.3638417 0.04968411 0.3422651 0.04541153 0.318949 0.08301038 0.2945647 0.0671407 0.3295083 0.06836146 0.3025605 0.05493331 0.3295083 0.06836146 0.3025605 0.05493331 0.3422651 0.04541153 0.313303 0.03265482 0.3430586 0.112247 0.3620716 0.1154515 0.3005463 0.1462142 0.3612781 0.1657155 0.4982757 0.1146581 0.4743492 0.1012299 0.501175 0.08682513 0.4869533 0.08447522 0.4362621 0.1657155 0.4523453 0.1132237 0.501999 0.1446272 0.4982757 0.1146581 0.2938017 0.1179235 0.2947173 0.09680474 0.3253578 0.1058382 0.3116855 0.09283733 0.3730277 0.03189182 0.3360698 0.03195286 0.3562426 0.01904356 0.3422651 0.04541153 0.603473 0.1128575 0.603473 0.0932951 0.6400952 0.1120334 0.6530961 0.08996856 0.5561693 0.08996856 0.603473 0.0932951 0.5684378 0.1106601 0.603473 0.1128575 0.6530961 0.08996856 0.603473 0.0932951 0.6459853 0.07361066 0.603473 0.07641834 0.6827906 0.08111823 0.6530961 0.08996856 0.6722007 0.06048769 0.6459853 0.07361066 0.603473 0.07641834 0.603473 0.0932951 0.56386 0.07351911 0.5561693 0.08996856 0.691702 0.04803616 0.7008271 0.05618459 0.6722007 0.06048769 0.6827906 0.08111823 0.6459853 0.07361066 0.603473 0.07641834 0.6378064 0.04748678 0.603473 0.05035555 0.6722007 0.06048769 0.6459853 0.07361066 0.6602069 0.0426954 0.6378064 0.04748678 0.5146336 0.08474988 0.5308084 0.07770014 0.531724 0.103061 0.5561693 0.08996856 0.603473 0.05035555 0.603473 0.07641834 0.5702078 0.04788357 0.56386 0.07351911 0.56386 0.07351911 0.5561693 0.08996856 0.5413678 0.06393629 0.5308084 0.07770014 0.6782433 0.0362255 0.691702 0.04803616 0.6602069 0.0426954 0.6722007 0.06048769 0.603473 0.05035555 0.603473 0.03402811 0.6378064 0.04748678 0.6299021 0.03207493 0.603473 0.05035555 0.5702078 0.04788357 0.603473 0.03402811 0.5793939 0.03234965 0.5702078 0.04788357 0.56386 0.07351911 0.5524766 0.04452652 0.5413678 0.06393629 0.5308084 0.07770014 0.5066683 0.06051821 0.5413678 0.06393629 0.5135655 0.05859554 0.5413678 0.06393629 0.5135655 0.05859554 0.5524766 0.04452652 0.5264748 0.037965 0.7063814 0.1185949 0.6815088 0.101352 0.707297 0.1027864 0.6928312 0.09884948 0.4982757 0.1146581 0.501175 0.08682513 0.531724 0.103061 0.5146336 0.08474988 0.1907712 0.1156651 0.1907712 0.0932951 0.2273629 0.1148106 0.2403638 0.08996856 0.2700583 0.08111823 0.2403638 0.08996856 0.2594684 0.06656086 0.233253 0.07361066 0.1907712 0.07641834 0.1907712 0.0932951 0.1511277 0.07351911 0.1434675 0.08996856 0.276223 0.05606252 0.2830897 0.06445509 0.2594684 0.06656086 0.2700583 0.08111823 0.1434675 0.08996856 0.1366924 0.109714 0.1125828 0.08032471 0.1035188 0.0972625 0.233253 0.07361066 0.1907712 0.07641834 0.225074 0.05243081 0.1907712 0.05529952 0.2594684 0.06656086 0.233253 0.07361066 0.2475051 0.04763937 0.225074 0.05243081 0.1907712 0.05529952 0.1907712 0.07641834 0.157506 0.05282754 0.1511277 0.07351911 0.1511277 0.07351911 0.1434675 0.08996856 0.1231422 0.06701863 0.1125828 0.08032471 0.2681662 0.04147464 0.276223 0.05606252 0.2475051 0.04763937 0.2594684 0.06656086 0.1907712 0.05529952 0.1907712 0.03897214 0.225074 0.05243081 0.2171697 0.03698844 0.1907712 0.05529952 0.157506 0.05282754 0.1907712 0.03897214 0.1666921 0.0372631 0.157506 0.05282754 0.1511277 0.07351911 0.1358989 0.04855496 0.1231422 0.06701863 0.2938017 0.1179235 0.268807 0.1041597 0.2947173 0.09680474 0.2805872 0.09842217 0.1366924 0.109714 0.1557054 0.1134373 0.1262856 0.1625111 0.1797235 0.1625111 0.1262856 0.1625111 0.1174963 0.2238228 0.1812494 0.2238228 0.8098392 0.1156957 0.8098392 0.09659106 0.8464614 0.1140782 0.8594317 0.09323406 0.7625355 0.09323406 0.8098392 0.09659106 0.7748039 0.113712 0.8098392 0.1156957 0.8594317 0.09323406 0.8098392 0.09659106 0.8523209 0.07486188 0.8098392 0.0794397 0.8891568 0.07910401 0.8594317 0.09323406 0.8785669 0.06656086 0.8523209 0.07486188 0.8098392 0.0794397 0.8098392 0.05529952 0.8523209 0.07486188 0.844142 0.05243081 0.8523209 0.07486188 0.844142 0.05243081 0.8785669 0.06656086 0.8665731 0.04763937 0.724662 0.1010773 0.7316813 0.08032471 0.7380902 0.1058382 0.7625355 0.09323406 0.7702261 0.07480085 0.7625355 0.09323406 0.7422407 0.06701863 0.7316813 0.08032471 0.8098392 0.05529952 0.8098392 0.03897214 0.844142 0.05243081 0.8362682 0.03698844 0.8098392 0.05529952 0.776574 0.05282754 0.8098392 0.03897214 0.78576 0.0372631 0.7702261 0.07480085 0.7422407 0.06701863 0.776574 0.05282754 0.7577441 0.04855496 0.7316813 0.08032471 0.7175817 0.06381422 0.7422407 0.06701863 0.7256386 0.05200356 0.7422407 0.06701863 0.7256386 0.05200356 0.7577441 0.04855496 0.7415998 0.03143406 0.7117527 0.149266 0.7557909 0.1105075 0.7796564 0.1625111 0.7748039 0.113712 0.8339183 0.1625111 0.8464614 0.1140782 0.8993499 0.1408734 0.8650777 0.1114841 0.8650777 0.1114841 0.8996552 0.09564501 0.8993499 0.1408734 0.9299905 0.09653002 0.7063814 0.1185949 0.707297 0.1027864 0.7380902 0.1058382 0.724662 0.1010773 0.1102634 0.8373669 0.128544 0.8070925 0.2028565 0.8453017 0.2057558 0.8355052 0.280221 0.8042848 0.2781457 0.8122501 0.2115543 0.786401 0.2107303 0.791528 0.2107303 0.791528 0.2781457 0.8122501 0.2093265 0.8002564 0.2760704 0.8202155 0.2093265 0.8002564 0.2760704 0.8202155 0.2085025 0.80871 0.2739952 0.8281503 0.2085025 0.80871 0.2739952 0.8281503 0.2061525 0.818659 0.2723472 0.8335826 0.3212683 0.8428907 0.3208716 0.8522904 0.2723472 0.8335826 0.2710654 0.8458205 0.3208716 0.8522904 0.3218177 0.8554949 0.2710654 0.8458205 0.2686544 0.8545488 0.3218177 0.8554949 0.3206275 0.860622 0.2686544 0.8545488 0.2627644 0.8583026 0.280221 0.8042543 0.3355815 0.8297067 0.2781457 0.8122501 0.3316752 0.8329722 0.2781457 0.8122501 0.3316752 0.8329722 0.2760704 0.8202155 0.3274636 0.8366344 0.2760704 0.8202155 0.3274636 0.8366344 0.2739952 0.8281503 0.3256325 0.8393506 0.2739952 0.8281503 0.3256325 0.8393506 0.2723472 0.8335826 0.3212683 0.8428907 0.7860957 0.5054781 0.7574389 0.4958342 0.8187811 0.4481643 0.7555162 0.4483169 0.8187811 0.4481643 0.7550279 0.3886227 0.8187811 0.3886227 0.7550279 0.3886227 0.7550279 0.3295694 0.8187811 0.3295694 0.7606738 0.2238228 0.8250679 0.2238228 0.7165441 0.585345 0.6918241 0.5895261 0.7141942 0.5538499 0.6918241 0.5491195 0.124546 0.6583453 0.1581469 0.6943877 0.1241798 0.6943877 0.1497848 0.7353435 0.1067843 0.6583453 0.1241798 0.6943877 0.1067232 0.6943877 0.1067843 0.7353435 0.008270516 0.6720786 0.03662221 0.7353435 0.004455702 0.6943877 0.02124088 0.7353435 0.03952147 0.6720786 0.07080294 0.6720786 0.06277657 0.7353435 0.08893093 0.7353435 0.07080294 0.6720786 0.1067232 0.6943877 0.08893093 0.7353435 0.1067843 0.7353435 0.03662221 0.7353435 0.0494705 0.7462691 0.02121036 0.7353435 0.04181036 0.7462691 0.1174963 0.2238228 0.1812494 0.2238228 0.1174963 0.3295694 0.1812494 0.3295694 0.1174963 0.3295694 0.1174963 0.3886227 0.1812494 0.3886227 0.1174963 0.4496597 0.5637684 0.2238228 0.6300241 0.2238228 0.5637684 0.3295694 0.6275216 0.3295694 0.6275216 0.3886227 0.5637684 0.3886227 0.5637684 0.3295694 0.6300241 0.2238228 0.6969207 0.2238228 0.6275216 0.3295694 0.6912748 0.3295694 0.6912748 0.3886227 0.6275216 0.3886227 0.6275216 0.3295694 0.6912748 0.3886227 0.6275216 0.4496597 0.6912748 0.4481643 0.3063753 0.3886227 0.3725089 0.3295694 0.3725089 0.3886227 0.3670156 0.445967 0.3725089 0.3886227 0.4362621 0.3295694 0.4362621 0.3886227 0.4362621 0.4471267 0.8825343 0.4496597 0.8187811 0.4481643 0.8187811 0.3886227 0.8825343 0.3886227 0.8825343 0.3295694 0.8187811 0.3295694 0.8187811 0.3886227 0.8825343 0.3295694 0.8250679 0.2238228 0.8825343 0.2238228 0.9374676 0.2264168 0.8825343 0.3295694 0.990112 0.3295694 0.990112 0.2264168 0.1812494 0.4496597 0.2450026 0.3886227 0.2450026 0.4496597 0.1812494 0.4496597 0.2459182 0.49794 0.2290414 0.5329447 0.1812494 0.3886227 0.2450026 0.3886227 0.2450026 0.3295694 0.1812494 0.3295694 0.2450026 0.2238228 0.1812494 0.2238228 0.5637684 0.3886227 0.5637684 0.4496597 0.5000153 0.4496597 0.5000153 0.3886227 0.5637684 0.3295694 0.5637684 0.3886227 0.5000153 0.3295694 0.5637684 0.2238228 0.5000153 0.2238228 0.5637684 0.3886227 0.6275216 0.3886227 0.5637684 0.4496597 0.6275216 0.4496597 0.6275216 0.5452437 0.5637684 0.4496597 0.5637684 0.5893124 0.6275216 0.5893124 0.5666982 0.6578265 0.6275216 0.5893124 0.6275216 0.6501053 0.5000153 0.4496597 0.5637684 0.4496597 0.5000153 0.5893124 0.5637684 0.5893124 0.6912748 0.4481643 0.7149571 0.4894254 0.6912748 0.4890591 0.6918241 0.5491195 0.7149571 0.4894254 0.7260354 0.5162816 0.7141942 0.5538499 0.8193304 0.5895261 0.8187811 0.4481643 0.8825343 0.5863521 0.8825343 0.4496597 0.990112 0.4496597 0.9999695 0.5863521 0.8825343 0.4496597 0.8825343 0.5863521 0.1174963 0.5863521 -0.002899258 0.5863521 0.1174963 0.4496597 0.00695822 0.4496597 0.1174963 0.4496597 0.1174963 0.3886227 0.00695822 0.3295694 0.1174963 0.3295694 0.2290414 0.5833002 0.1920225 0.59035 0.2290414 0.5329447 0.1812494 0.4496597 0.8825343 0.6504105 0.8825343 0.5863521 0.9999695 0.6501053 0.9999695 0.5863521 0.1174963 0.6501053 -0.002899258 0.6501053 0.1174963 0.5863521 -0.002899258 0.5863521 0.3084811 0.6489456 0.3087558 0.6147954 0.365215 0.6501053 0.365215 0.5893124 0.4333323 0.6578265 0.4362621 0.5893124 0.5000153 0.6588336 0.5000153 0.5893124 0.5666982 0.6578265 0.5000153 0.6588336 0.5637684 0.5893124 0.5000153 0.5893124 0.6912748 0.6489456 0.6275216 0.6501053 0.6912748 0.6147954 0.6275216 0.5893124 0.6912748 0.6147954 0.7555162 0.6217841 0.6912748 0.6489456 0.7550279 0.6429639 0.8187811 0.6147954 0.8187811 0.6492813 0.7555162 0.6217841 0.7550279 0.6429639 0.5000153 0.7053133 0.6504105 0.669454 0.5000153 0.6588336 0.6275216 0.6501053 0.5000153 0.7053133 0.5000153 0.6588336 0.3523057 0.669454 0.365215 0.6501053 0.4333323 0.6578265 0.4148076 0.6831263 0.365215 0.6501053 0.3523057 0.669454 0.5000153 0.6588336 0.5000153 0.6804407 0.4333323 0.6578265 0.4148076 0.6831263 0.5000153 0.6588336 0.5666982 0.6578265 0.5000153 0.6804407 0.587878 0.6831263 0.5666982 0.6578265 0.6275216 0.6501053 0.587878 0.6831263 0.6504105 0.669454 0.3081759 0.6489456 0.2853175 0.6992401 0.3523057 0.669454 0.3290811 0.7049165 0.3081759 0.6489456 0.2450026 0.6429639 0.2853175 0.6992401 0.2353587 0.6962798 0.3084811 0.6489456 0.2853175 0.6992401 0.2450026 0.6429639 0.2353587 0.6962798 0.3084811 0.6489456 0.3523057 0.669454 0.2853175 0.6992401 0.3290811 0.7049165 0.4148076 0.6831263 0.3986938 0.7124546 0.3523057 0.669454 0.3290811 0.7049165 0.5000153 0.7053133 0.4163945 0.714835 0.4148076 0.6831263 0.3986938 0.7124546 0.3986938 0.7124546 0.3290811 0.7049165 0.2682577 0.7614673 0.2514725 0.7582324 0.3290811 0.7049165 0.2853175 0.6992401 0.2514725 0.7582324 0.2346873 0.7549669 0.2853175 0.6992401 0.2353587 0.6962798 0.2346873 0.7549669 0.2277291 0.7536241 0.2853175 0.6992401 0.2346873 0.7549669 0.2353587 0.6962798 0.2277291 0.7536241 0.3290811 0.7049165 0.2514725 0.7582324 0.2853175 0.6992401 0.2346873 0.7549669 0.3986938 0.7124546 0.2682577 0.7614673 0.3290811 0.7049165 0.2514725 0.7582324 0.4163945 0.714835 0.2934355 0.7628101 0.3986938 0.7124546 0.2682577 0.7614673 0.4163945 0.714835 0.3986938 0.7124546 0.2934355 0.7628101 0.2682577 0.7614673 0.2934355 0.7628101 0.2682577 0.7614673 0.2385632 0.7788019 0.2514725 0.7582324 0.6622517 0.7095554 0.7195349 0.6992401 0.6504105 0.669454 0.6912748 0.6489456 0.6912748 0.6489456 0.7195349 0.6992401 0.7550279 0.6429639 0.7529221 0.6962798 0.7529221 0.6962798 0.7195349 0.6992401 0.7550279 0.6429639 0.6912748 0.6489456 0.6912748 0.6489456 0.7195349 0.6992401 0.6504105 0.669454 0.6622517 0.7095554 0.6622517 0.7095554 0.6039918 0.7124546 0.6504105 0.669454 0.587878 0.6831263 0.6039918 0.7124546 0.5862911 0.714835 0.587878 0.6831263 0.5000153 0.7053133 0.6039918 0.7124546 0.7218238 0.761681 0.6622517 0.7095554 0.7385479 0.7578967 0.6622517 0.7095554 0.7385479 0.7578967 0.7195349 0.6992401 0.7552721 0.7541124 0.7195349 0.6992401 0.7552721 0.7541124 0.7529221 0.6962798 0.7621998 0.7525559 0.7621998 0.7525559 0.7552721 0.7541124 0.7529221 0.6962798 0.7195349 0.6992401 0.7552721 0.7541124 0.7385479 0.7578967 0.7195349 0.6992401 0.6622517 0.7095554 0.7385479 0.7578967 0.7218238 0.761681 0.6622517 0.7095554 0.6039918 0.7124546 0.7218238 0.761681 0.7014374 0.7632374 0.6039918 0.7124546 0.5862911 0.714835 0.5862911 0.714835 0.7014374 0.7632374 0.6039918 0.7124546 0.7218238 0.761681 0.7385479 0.7578967 0.7218238 0.761681 0.7544175 0.778222 0.7014374 0.7632374 0.2768639 0.5452437 0.3122349 0.5525681 0.2609638 0.5833002 0.2979522 0.59035 0.2768639 0.5452437 0.2609333 0.5329447 0.3122349 0.5525681 0.2945341 0.4860988 0.8187811 0.4481643 0.8193304 0.5895261 0.7860957 0.5054781 0.7982116 0.585345 0.768334 0.9645375 0.7981201 0.939024 0.7762993 0.9756157 0.8063295 0.9259621 0.8063295 0.9259621 0.7902463 0.9768059 0.7981201 0.939024 0.7762993 0.9756157 0.8250679 0.2238228 0.7606738 0.2238228 0.7796564 0.1625111 0.8339183 0.1625111 0.8098392 0.1156957 0.4982757 0.1146581 0.5494247 0.1069369 0.501999 0.1446272 0.5684378 0.1106601 0.5676443 0.1657155 0.1142918 0.03665274 0.1358989 0.04855496 0.09445479 0.06857508 0.1231422 0.06701863 0.1125828 0.08032471 0.8665731 0.04763937 0.8933988 0.03964353 0.8785669 0.06656086 0.9061556 0.06527907 0.8891568 0.07910401 0.1174963 0.2238228 0.1174963 0.3295694 0.06863613 0.2241279 0.00695822 0.3295694 0.01391644 0.2241279 0.8825343 0.3295694 0.990112 0.3295694 0.8825343 0.3886227 0.990112 0.4496597 0.8825343 0.4496597 0.5000153 0.3886227 0.5000153 0.4496597 0.4362621 0.3886227 0.5000153 0.3295694 0.4362621 0.3295694 0.5000153 0.3295694 0.4362621 0.2238228 0.5000153 0.2238228 0.2972503 0.4496597 0.3670156 0.445967 0.2945341 0.4860988 0.365215 0.5452437 0.3122349 0.5525681 0.6918241 0.5491195 0.6275216 0.5452437 0.6912748 0.4890591 0.6275216 0.4496597 0.6912748 0.4481643 0.8193304 0.5895261 0.8825343 0.5863521 0.8187811 0.6147954 0.8825343 0.6504105 0.8187811 0.6492813 0.1812494 0.6489456 0.1174963 0.6501053 0.1812494 0.6147954 0.1174963 0.5863521 0.1920225 0.59035 0.3290811 0.7049165 0.3986938 0.7124546 0.3523057 0.669454 0.4163945 0.714835 0.5000153 0.7053133 0.5000153 0.7053133 0.5862911 0.714835 0.6504105 0.669454 0.6039918 0.7124546 0.6622517 0.7095554 0.2408216 0.1625111 0.2450026 0.2238228 0.1812494 0.2238228 0.1797235 0.1625111 0.1907712 0.1156651 0.3063753 0.2238228 0.3063753 0.3295694 0.2450026 0.2238228 0.2450026 0.3295694 0.3063753 0.3886227 0.2450026 0.3886227 0.2972503 0.4496597 0.2945341 0.4860988 0.2450026 0.4496597 0.2450026 0.3886227 0.1434675 0.08996856 0.1907712 0.0932951 0.1557054 0.1134373 0.1907712 0.1156651 0.1907712 0.07641834 0.233253 0.07361066 0.2403638 0.08996856 0.8098392 0.0794397 0.8098392 0.09659106 0.7702261 0.07480085 0.7625355 0.09323406 0.776574 0.05282754 0.8098392 0.05529952 0.8098392 0.0794397 0.9785455 0.9209876 0.9492477 0.9618518 0.9888607 0.8728294 0.9053621 0.9891354 0.8535722 0.8728294 0.9785455 0.8246406 0.8535722 0.9987182 0.8018128 0.9891354 0.9492477 0.7838069 0.7579272 0.9618518 0.7285989 0.9209876 0.7183142 0.8728294 0.7285989 0.8246406 0.7579272 0.7838069 0.8535722 0.7469405 0.9053621 0.7565233 0.8018128 0.7565233 0.8535722 0.9987182 0.7579272 0.9618518 0.8018128 0.9891354 0.9053621 0.9891354 0.9492477 0.9618518 0.7285989 0.9209876 0.7183142 0.8728294 0.9785455 0.9209876 0.9888607 0.8728294 0.7285989 0.8246406 0.7579272 0.7838069 0.9785455 0.8246406 0.9492477 0.7838069 0.8535722 0.7469405 0.8018128 0.7565233 0.9053621 0.7565233</float_array>
          <technique_common>
            <accessor source="#TrunkBottom__mPltTreeOakTrunk-texcoord-array" count="1783" stride="2">
              <param name="S" type="float" />
              <param name="T" type="float" />
            </accessor>
          </technique_common>
        </source>
        <vertices id="TrunkBottom__mPltTreeOakTrunk-vertex">
          <input semantic="POSITION" source="#TrunkBottom__mPltTreeOakTrunk-position" />
        </vertices>
        <triangles material="mPltTreeOakTrunk" count="814">
          <input semantic="VERTEX" source="#TrunkBottom__mPltTreeOakTrunk-vertex" offset="0" />
          <input semantic="NORMAL" source="#TrunkBottom__mPltTreeOakTrunk-normal" offset="1" />
          <input semantic="COLOR" source="#TrunkBottom__mPltTreeOakTrunk-color" offset="2" set="0" />
          <input semantic="TEXCOORD" source="#TrunkBottom__mPltTreeOakTrunk-texcoord" offset="3" set="0" />
          <p>0 0 0 0 1 1 1 1 2 2 2 2 3 3 3 3 4 4 4 4 5 5 5 5 6 6 6 6 7 7 7 7 8 8 8 8 9 9 9 9 10 10 10 10 11 11 11 11 12 12 12 12 13 13 13 13 14 14 14 14 15 15 15 15 16 16 16 16 17 17 17 17 18 18 18 18 19 19 19 19 20 20 20 20 21 21 21 21 22 22 22 22 23 23 23 23 24 24 24 24 25 25 25 25 26 26 26 26 27 27 27 27 28 28 28 28 29 29 29 29 30 30 30 30 31 31 31 31 32 32 32 32 33 33 33 33 34 34 34 34 35 35 35 35 36 36 36 36 37 37 37 37 38 38 38 38 39 39 39 39 40 40 40 40 41 41 41 41 42 42 42 42 43 43 43 43 44 44 44 44 45 45 45 45 46 46 46 46 47 47 47 47 48 48 48 48 49 49 49 49 50 50 50 50 51 51 51 51 52 52 52 52 53 53 53 53 54 54 54 54 55 55 55 55 56 56 56 56 57 57 57 57 58 58 58 58 59 59 59 59 60 60 60 60 61 61 61 61 62 62 62 62 63 63 63 63 64 64 64 64 65 65 65 65 66 66 66 66 67 67 67 67 68 68 68 68 69 69 69 69 70 70 70 70 71 71 71 71 72 72 72 72 73 73 73 73 74 74 74 74 75 75 75 75 76 76 76 76 77 77 77 77 78 78 78 78 79 79 79 79 80 80 80 80 81 81 81 81 82 82 82 82 83 83 83 83 84 84 84 84 85 85 85 85 86 86 86 86 87 87 87 87 88 88 88 88 89 89 89 89 90 90 90 90 91 91 91 91 92 92 92 92 93 93 93 93 94 94 94 94 95 95 95 95 96 96 96 96 97 97 97 97 98 98 98 98 99 99 99 99 100 100 100 100 101 101 101 101 102 102 102 102 103 103 103 103 104 104 104 104 105 105 105 105 106 106 106 106 107 107 107 107 108 108 108 108 109 109 109 109 110 110 110 110 111 111 111 111 112 112 112 112 113 113 113 113 114 114 114 114 115 115 115 115 116 116 116 116 117 117 117 117 118 118 118 118 119 119 119 119 120 120 120 120 121 121 121 121 122 122 122 122 123 123 123 123 124 124 124 124 125 125 125 125 126 126 126 126 127 127 127 127 128 128 128 128 129 129 129 129 130 130 130 130 131 131 131 131 132 132 132 132 133 133 133 133 134 134 134 134 135 135 135 135 136 136 136 136 137 137 137 137 138 138 138 138 139 139 139 139 140 140 140 140 141 141 141 141 142 142 142 142 143 143 143 143 144 144 144 144 145 145 145 145 146 146 146 146 147 147 147 147 148 148 148 148 149 149 149 149 150 150 150 150 151 151 151 151 152 152 152 152 153 153 153 153 154 154 154 154 155 155 155 155 156 156 156 156 157 157 157 157 158 158 158 158 159 159 159 159 160 160 160 160 161 161 161 161 162 162 162 162 163 163 163 163 164 164 164 164 165 165 165 165 166 166 166 166 167 167 167 167 168 168 168 168 169 169 169 169 170 170 170 170 171 171 171 171 172 172 172 172 173 173 173 173 174 174 174 174 175 175 175 175 176 176 176 176 177 177 177 177 178 178 178 178 179 179 179 179 180 180 180 180 181 181 181 181 182 182 182 182 183 183 183 183 184 184 184 184 185 185 185 185 186 186 186 186 187 187 187 187 188 188 188 188 189 189 189 189 190 190 190 190 191 191 191 191 192 192 192 192 193 193 193 193 194 194 194 194 195 195 195 195 196 196 196 196 197 197 197 197 198 198 198 198 199 199 199 199 200 200 200 200 201 201 201 201 202 202 202 202 203 203 203 203 204 204 204 204 205 205 205 205 206 206 206 206 207 207 207 207 208 208 208 208 209 209 209 209 210 210 210 210 211 211 211 211 212 212 212 212 213 213 213 213 214 214 214 214 215 215 215 215 216 216 216 216 217 217 217 217 218 218 218 218 219 219 219 219 220 220 220 220 221 221 221 221 222 222 222 222 223 223 223 223 224 224 224 224 225 225 225 225 226 226 226 226 227 227 227 227 228 228 228 228 229 229 229 229 230 230 230 230 231 231 231 231 232 232 232 232 233 233 233 233 234 234 234 234 235 235 235 235 236 236 236 236 237 237 237 237 238 238 238 238 239 239 239 239 240 240 240 240 241 241 241 241 242 242 242 242 243 243 243 243 244 244 244 244 245 245 245 245 246 246 246 246 247 247 247 247 248 248 248 248 249 249 249 249 250 250 250 250 251 251 251 251 252 252 252 252 253 253 253 253 254 254 254 254 255 255 255 255 256 256 256 256 257 257 257 257 258 258 258 258 259 259 259 259 260 260 260 260 261 261 261 261 262 262 262 262 263 263 263 263 264 264 264 264 265 265 265 265 266 266 266 266 267 267 267 267 268 268 268 268 269 269 269 269 270 270 270 270 271 271 271 271 272 272 272 272 273 273 273 273 274 274 274 274 275 275 275 275 276 276 276 276 277 277 277 277 278 278 278 278 279 279 279 279 280 280 280 280 281 281 281 281 282 282 282 282 283 283 283 283 284 284 284 284 285 285 285 285 286 286 286 286 287 287 287 287 288 288 288 288 289 289 289 289 290 290 290 290 291 291 291 291 292 292 292 292 293 293 293 293 294 294 294 294 295 295 295 295 296 296 296 296 297 297 297 297 298 298 298 298 299 299 299 299 300 300 300 300 301 301 301 301 302 302 302 302 303 303 303 303 304 304 304 304 305 305 305 305 306 306 306 306 307 307 307 307 308 308 308 308 309 309 309 309 310 310 310 310 311 311 311 311 312 312 312 312 313 313 313 313 314 314 314 314 315 315 315 315 316 316 316 316 317 317 317 317 318 318 318 318 319 319 319 319 320 320 320 320 321 321 321 321 322 322 322 322 323 323 323 323 324 324 324 324 325 325 325 325 326 326 326 326 327 327 327 327 328 328 328 328 329 329 329 329 330 330 330 330 331 331 331 331 332 332 332 332 333 333 333 333 334 334 334 334 335 335 335 335 336 336 336 336 337 337 337 337 338 338 338 338 339 339 339 339 340 340 340 340 341 341 341 341 342 342 342 342 343 343 343 343 344 344 344 344 345 345 345 345 346 346 346 346 347 347 347 347 348 348 348 348 349 349 349 349 350 350 350 350 351 351 351 351 352 352 352 352 353 353 353 353 354 354 354 354 355 355 355 355 356 356 356 356 357 357 357 357 358 358 358 358 359 359 359 359 360 360 360 360 361 361 361 361 362 362 362 362 363 363 363 363 364 364 364 364 365 365 365 365 366 366 366 366 367 367 367 367 368 368 368 368 369 369 369 369 370 370 370 370 371 371 371 371 372 372 372 372 373 373 373 373 374 374 374 374 375 375 375 375 376 376 376 376 377 377 377 377 378 378 378 378 379 379 379 379 380 380 380 380 381 381 381 381 382 382 382 382 383 383 383 383 384 384 384 384 385 385 385 385 386 386 386 386 387 387 387 387 388 388 388 388 389 389 389 389 390 390 390 390 391 391 391 391 392 392 392 392 393 393 393 393 394 394 394 394 395 395 395 395 396 396 396 396 397 397 397 397 398 398 398 398 399 399 399 399 400 400 400 400 401 401 401 401 402 402 402 402 403 403 403 403 404 404 404 404 405 405 405 405 406 406 406 406 407 407 407 407 408 408 408 408 409 409 409 409 410 410 410 410 411 411 411 411 412 412 412 412 413 413 413 413 414 414 414 414 415 415 415 415 416 416 416 416 417 417 417 417 418 418 418 418 419 419 419 419 420 420 420 420 421 421 421 421 422 422 422 422 423 423 423 423 424 424 424 424 425 425 425 425 426 426 426 426 427 427 427 427 428 428 428 428 429 429 429 429 430 430 430 430 431 431 431 431 432 432 432 432 433 433 433 433 434 434 434 434 435 435 435 435 436 436 436 436 437 437 437 437 438 438 438 438 439 439 439 439 440 440 440 440 441 441 441 441 442 442 442 442 443 443 443 443 444 444 444 444 445 445 445 445 446 446 446 446 447 447 447 447 448 448 448 448 449 449 449 449 450 450 450 450 451 451 451 451 452 452 452 452 453 453 453 453 454 454 454 454 455 455 455 455 456 456 456 456 457 457 457 457 458 458 458 458 459 459 459 459 460 460 460 460 461 461 461 461 462 462 462 462 463 463 463 463 464 464 464 464 465 465 465 465 466 466 466 466 467 467 467 467 468 468 468 468 469 469 469 469 470 470 470 470 471 471 471 471 472 472 472 472 473 473 473 473 474 474 474 474 475 475 475 475 476 476 476 476 477 477 477 477 478 478 478 478 479 479 479 479 480 480 480 480 481 481 481 481 482 482 482 482 483 483 483 483 484 484 484 484 485 485 485 485 486 486 486 486 487 487 487 487 488 488 488 488 489 489 489 489 490 490 490 490 491 491 491 491 492 492 492 492 493 493 493 493 494 494 494 494 495 495 495 495 496 496 496 496 497 497 497 497 498 498 498 498 499 499 499 499 500 500 500 500 501 501 501 501 502 502 502 502 503 503 503 503 504 504 504 504 505 505 505 505 506 506 506 506 507 507 507 507 508 508 508 508 509 509 509 509 510 510 510 510 511 511 511 511 512 512 512 512 513 513 513 513 514 514 514 514 515 515 515 515 516 516 516 516 517 517 517 517 518 518 518 518 519 519 519 519 520 520 520 520 521 521 521 521 522 522 522 522 523 523 523 523 524 524 524 524 525 525 525 525 526 526 526 526 527 527 527 527 528 528 528 528 529 529 529 529 530 530 530 530 531 531 531 531 532 532 532 532 533 533 533 533 534 534 534 534 535 535 535 535 536 536 536 536 537 537 537 537 538 538 538 538 539 539 539 539 540 540 540 540 541 541 541 541 542 542 542 542 543 543 543 543 544 544 544 544 545 545 545 545 546 546 546 546 547 547 547 547 548 548 548 548 549 549 549 549 550 550 550 550 551 551 551 551 552 552 552 552 553 553 553 553 554 554 554 554 555 555 555 555 556 556 556 556 557 557 557 557 558 558 558 558 559 559 559 559 560 560 560 560 561 561 561 561 562 562 562 562 563 563 563 563 564 564 564 564 565 565 565 565 566 566 566 566 567 567 567 567 568 568 568 568 569 569 569 569 570 570 570 570 571 571 571 571 572 572 572 572 573 573 573 573 574 574 574 574 575 575 575 575 576 576 576 576 577 577 577 577 578 578 578 578 579 579 579 579 580 580 580 580 581 581 581 581 582 582 582 582 583 583 583 583 584 584 584 584 585 585 585 585 586 586 586 586 587 587 587 587 588 588 588 588 589 589 589 589 590 590 590 590 591 591 591 591 592 592 592 592 593 593 593 593 594 594 594 594 595 595 595 595 596 596 596 596 597 597 597 597 598 598 598 598 599 599 599 599 600 600 600 600 601 601 601 601 602 602 602 602 603 603 603 603 604 604 604 604 605 605 605 605 606 606 606 606 607 607 607 607 608 608 608 608 609 609 609 609 610 610 610 610 611 611 611 611 612 612 612 612 613 613 613 613 614 614 614 614 615 615 615 615 616 616 616 616 617 617 617 617 618 618 618 618 619 619 619 619 620 620 620 620 621 621 621 621 622 622 622 622 623 623 623 623 624 624 624 624 625 625 625 625 626 626 626 626 627 627 627 627 628 628 628 628 629 629 629 629 630 630 630 630 631 631 631 631 632 632 632 632 633 633 633 633 634 634 634 634 635 635 635 635 636 636 636 636 637 637 637 637 638 638 638 638 639 639 639 639 640 640 640 640 641 641 641 641 642 642 642 642 643 643 643 643 644 644 644 644 645 645 645 645 646 646 646 646 647 647 647 647 648 648 648 648 649 649 649 649 650 650 650 650 651 651 651 651 652 652 652 652 653 653 653 653 654 654 654 654 655 655 655 655 656 656 656 656 657 657 657 657 658 658 658 658 659 659 659 659 660 660 660 660 661 661 661 661 662 662 662 662 663 663 663 663 664 664 664 664 665 665 665 665 666 666 666 666 667 667 667 667 668 668 668 668 669 669 669 669 670 670 670 670 671 671 671 671 672 672 672 672 673 673 673 673 674 674 674 674 675 675 675 675 676 676 676 676 677 677 677 677 678 678 678 678 679 679 679 679 680 680 680 680 681 681 681 681 682 682 682 682 683 683 683 683 684 684 684 684 685 685 685 685 686 686 686 686 687 687 687 687 688 688 688 688 689 689 689 689 690 690 690 690 691 691 691 691 692 692 692 692 693 693 693 693 694 694 694 694 695 695 695 695 696 696 696 696 697 697 697 697 698 698 698 698 699 699 699 699 700 700 700 700 701 701 701 701 702 702 702 702 703 703 703 703 704 704 704 704 705 705 705 705 706 706 706 706 707 707 707 707 708 708 708 708 709 709 709 709 710 710 710 710 711 711 711 711 712 712 712 712 713 713 713 713 713 713 713 713 714 714 714 714 715 715 715 715 714 714 714 714 716 716 716 716 715 715 715 715 715 715 715 715 716 716 716 716 717 717 717 717 716 716 716 716 718 718 718 718 717 717 717 717 717 717 717 717 718 718 718 718 719 719 719 719 719 719 719 719 720 720 720 720 721 721 721 721 722 722 722 722 723 723 723 723 724 724 724 724 722 722 722 722 725 725 725 725 726 726 726 726 725 725 725 725 727 727 727 727 726 726 726 726 728 728 728 728 729 729 729 729 730 730 730 730 730 730 730 730 731 731 731 731 732 732 732 732 731 731 731 731 733 733 733 733 732 732 732 732 734 734 734 734 735 735 735 735 736 736 736 736 735 735 735 735 737 737 737 737 738 738 738 738 737 737 737 737 739 739 739 739 738 738 738 738 740 740 740 740 741 741 741 741 742 742 742 742 742 742 742 742 743 743 743 743 744 744 744 744 743 743 743 743 745 745 745 745 744 744 744 744 746 746 746 746 747 747 747 747 748 748 748 748 749 749 749 749 746 746 746 746 750 750 750 750 751 751 751 751 752 752 752 752 749 749 749 749 753 753 753 753 754 754 754 754 755 755 755 755 755 755 755 755 756 756 756 756 757 757 757 757 758 758 758 758 759 759 759 759 760 760 760 760 761 761 761 761 758 758 758 758 762 762 762 762 763 763 763 763 761 761 761 761 762 762 762 762 764 764 764 764 765 765 765 765 766 766 766 766 764 764 764 764 767 767 767 767 768 768 768 768 767 767 767 767 769 769 769 769 768 768 768 768 770 770 770 770 769 769 769 769 771 771 771 771 772 772 772 772 773 773 773 773 774 774 774 774 772 772 772 772 775 775 775 775 776 776 776 776 775 775 775 775 777 777 777 777 776 776 776 776 778 778 778 778 779 779 779 779 780 780 780 780 781 781 781 781 780 780 780 780 782 782 782 782 783 783 783 783 781 781 781 781 782 782 782 782 784 784 784 784 783 783 783 783 785 785 785 785 786 786 786 786 787 787 787 787 788 788 788 788 789 789 789 789 786 786 786 786 790 790 790 790 791 791 791 791 789 789 789 789 790 790 790 790 792 792 792 792 791 791 791 791 793 793 793 793 794 794 794 794 792 792 792 792 793 793 793 793 795 795 795 795 796 796 796 796 797 797 797 797 798 798 798 798 796 796 796 796 799 799 799 799 800 800 800 800 798 798 798 798 799 799 799 799 801 801 801 801 802 802 802 802 803 803 803 803 804 804 804 804 801 801 801 801 805 805 805 805 806 806 806 806 804 804 804 804 805 805 805 805 807 807 807 807 808 808 808 808 809 809 809 809 810 810 810 810 807 807 807 807 811 811 811 811 812 812 812 812 810 810 810 810 811 811 811 811 813 813 813 813 814 814 814 814 815 815 815 815 813 813 813 813 816 816 816 816 817 817 817 817 816 816 816 816 818 818 818 818 817 817 817 817 819 819 819 819 820 820 820 820 821 821 821 821 821 821 821 821 822 822 822 822 823 823 823 823 822 822 822 822 824 824 824 824 823 823 823 823 825 825 825 825 826 826 826 826 827 827 827 827 828 828 828 828 826 826 826 826 829 829 829 829 830 830 830 830 828 828 828 828 829 829 829 829 831 831 831 831 832 832 832 832 833 833 833 833 832 832 832 832 834 834 834 834 835 835 835 835 834 834 834 834 836 836 836 836 835 835 835 835 837 837 837 837 838 838 838 838 839 839 839 839 837 837 837 837 840 840 840 840 841 841 841 841 840 840 840 840 842 842 842 842 841 841 841 841 843 843 843 843 844 844 844 844 845 845 845 845 846 846 846 846 844 844 844 844 847 847 847 847 848 848 848 848 846 846 846 846 847 847 847 847 849 849 849 849 850 850 850 850 848 848 848 848 851 851 851 851 849 849 849 849 848 848 848 848 852 852 852 852 849 849 849 849 851 851 851 851 853 853 853 853 852 852 852 852 851 851 851 851 854 854 854 854 855 855 855 855 856 856 856 856 857 857 857 857 855 855 855 855 858 858 858 858 859 859 859 859 857 857 857 857 858 858 858 858 860 860 860 860 861 861 861 861 862 862 862 862 863 863 863 863 862 862 862 862 864 864 864 864 865 865 865 865 862 862 862 862 863 863 863 863 866 866 866 866 865 865 865 865 863 863 863 863 867 867 867 867 868 868 868 868 869 869 869 869 870 870 870 870 867 867 867 867 871 871 871 871 867 867 867 867 872 872 872 872 871 871 871 871 871 871 871 871 872 872 872 872 873 873 873 873 874 874 874 874 875 875 875 875 876 876 876 876 877 877 877 877 875 875 875 875 878 878 878 878 875 875 875 875 879 879 879 879 878 878 878 878 880 880 880 880 881 881 881 881 882 882 882 882 881 881 881 881 883 883 883 883 884 884 884 884 885 885 885 885 881 881 881 881 884 884 884 884 886 886 886 886 887 887 887 887 888 888 888 888 887 887 887 887 889 889 889 889 888 888 888 888 890 890 890 890 891 891 891 891 892 892 892 892 891 891 891 891 893 893 893 893 892 892 892 892 894 894 894 894 895 895 895 895 896 896 896 896 895 895 895 895 897 897 897 897 896 896 896 896 898 898 898 898 899 899 899 899 900 900 900 900 899 899 899 899 901 901 901 901 900 900 900 900 902 902 902 902 903 903 903 903 904 904 904 904 903 903 903 903 905 905 905 905 904 904 904 904 906 906 906 906 907 907 907 907 908 908 908 908 907 907 907 907 909 909 909 909 908 908 908 908 910 910 910 910 911 911 911 911 912 912 912 912 911 911 911 911 913 913 913 913 912 912 912 912 914 914 914 914 915 915 915 915 916 916 916 916 915 915 915 915 917 917 917 917 916 916 916 916 917 917 917 917 918 918 918 918 919 919 919 919 918 918 918 918 920 920 920 920 919 919 919 919 921 921 921 921 922 922 922 922 923 923 923 923 922 922 922 922 924 924 924 924 923 923 923 923 925 925 925 925 926 926 926 926 927 927 927 927 928 928 928 928 925 925 925 925 927 927 927 927 928 928 928 928 929 929 929 929 930 930 930 930 929 929 929 929 931 931 931 931 930 930 930 930 932 932 932 932 933 933 933 933 934 934 934 934 933 933 933 933 935 935 935 935 934 934 934 934 936 936 936 936 937 937 937 937 938 938 938 938 937 937 937 937 939 939 939 939 938 938 938 938 940 940 940 940 941 941 941 941 942 942 942 942 941 941 941 941 943 943 943 943 942 942 942 942 944 944 944 944 945 945 945 945 946 946 946 946 945 945 945 945 947 947 947 947 946 946 946 946 948 948 948 948 949 949 949 949 950 950 950 950 949 949 949 949 951 951 951 951 950 950 950 950 952 952 952 952 953 953 953 953 954 954 954 954 953 953 953 953 955 955 955 955 954 954 954 954 956 956 956 956 957 957 957 957 958 958 958 958 957 957 957 957 959 959 959 959 958 958 958 958 960 960 960 960 961 961 961 961 962 962 962 962 961 961 961 961 963 963 963 963 962 962 962 962 964 964 964 964 965 965 965 965 966 966 966 966 965 965 965 965 967 967 967 967 966 966 966 966 968 968 968 968 969 969 969 969 970 970 970 970 969 969 969 969 971 971 971 971 970 970 970 970 972 972 972 972 973 973 973 973 974 974 974 974 973 973 973 973 975 975 975 975 974 974 974 974 976 976 976 976 977 977 977 977 978 978 978 978 977 977 977 977 979 979 979 979 978 978 978 978 980 980 980 980 981 981 981 981 982 982 982 982 981 981 981 981 983 983 983 983 982 982 982 982 984 984 984 984 985 985 985 985 986 986 986 986 985 985 985 985 987 987 987 987 986 986 986 986 988 988 988 988 989 989 989 989 990 990 990 990 989 989 989 989 991 991 991 991 990 990 990 990 992 992 992 992 993 993 993 993 994 994 994 994 993 993 993 993 995 995 995 995 994 994 994 994 996 996 996 996 997 997 997 997 998 998 998 998 997 997 997 997 999 999 999 999 998 998 998 998 1000 1000 1000 1000 1001 1001 1001 1001 1002 1002 1002 1002 1001 1001 1001 1001 1003 1003 1003 1003 1002 1002 1002 1002 1004 1004 1004 1004 1005 1005 1005 1005 1006 1006 1006 1006 1005 1005 1005 1005 1007 1007 1007 1007 1006 1006 1006 1006 1008 1008 1008 1008 1009 1009 1009 1009 1010 1010 1010 1010 1009 1009 1009 1009 1011 1011 1011 1011 1010 1010 1010 1010 1012 1012 1012 1012 1013 1013 1013 1013 1014 1014 1014 1014 1013 1013 1013 1013 1015 1015 1015 1015 1014 1014 1014 1014 1016 1016 1016 1016 1017 1017 1017 1017 1018 1018 1018 1018 1017 1017 1017 1017 1019 1019 1019 1019 1018 1018 1018 1018 1020 1020 1020 1020 1021 1021 1021 1021 1022 1022 1022 1022 1021 1021 1021 1021 1023 1023 1023 1023 1022 1022 1022 1022 1024 1024 1024 1024 1025 1025 1025 1025 1026 1026 1026 1026 1025 1025 1025 1025 1027 1027 1027 1027 1026 1026 1026 1026 1028 1028 1028 1028 1029 1029 1029 1029 1030 1030 1030 1030 1029 1029 1029 1029 1031 1031 1031 1031 1030 1030 1030 1030 1032 1032 1032 1032 1033 1033 1033 1033 1034 1034 1034 1034 1033 1033 1033 1033 1035 1035 1035 1035 1034 1034 1034 1034 1036 1036 1036 1036 1037 1037 1037 1037 1038 1038 1038 1038 1037 1037 1037 1037 1039 1039 1039 1039 1038 1038 1038 1038 1040 1040 1040 1040 1041 1041 1041 1041 1042 1042 1042 1042 1041 1041 1041 1041 1043 1043 1043 1043 1042 1042 1042 1042 1044 1044 1044 1044 1045 1045 1045 1045 1046 1046 1046 1046 1045 1045 1045 1045 1047 1047 1047 1047 1046 1046 1046 1046 1048 1048 1048 1048 1049 1049 1049 1049 1050 1050 1050 1050 1049 1049 1049 1049 1048 1048 1048 1048 1051 1051 1051 1051 1052 1052 1052 1052 1053 1053 1053 1053 1054 1054 1054 1054 1053 1053 1053 1053 1055 1055 1055 1055 1054 1054 1054 1054 1056 1056 1056 1056 1057 1057 1057 1057 1058 1058 1058 1058 1057 1057 1057 1057 1059 1059 1059 1059 1058 1058 1058 1058 1060 1060 1060 1060 1061 1061 1061 1061 1062 1062 1062 1062 1061 1061 1061 1061 1063 1063 1063 1063 1062 1062 1062 1062 1064 1064 1064 1064 1065 1065 1065 1065 1066 1066 1066 1066 1065 1065 1065 1065 1067 1067 1067 1067 1066 1066 1066 1066 1068 1068 1068 1068 1069 1069 1069 1069 1070 1070 1070 1070 1069 1069 1069 1069 1071 1071 1071 1071 1070 1070 1070 1070 1072 1072 1072 1072 1073 1073 1073 1073 1074 1074 1074 1074 1073 1073 1073 1073 1075 1075 1075 1075 1074 1074 1074 1074 1076 1076 1076 1076 1077 1077 1077 1077 1078 1078 1078 1078 1077 1077 1077 1077 1079 1079 1079 1079 1078 1078 1078 1078 1080 1080 1080 1080 1081 1081 1081 1081 1082 1082 1082 1082 1081 1081 1081 1081 1083 1083 1083 1083 1082 1082 1082 1082 1084 1084 1084 1084 1085 1085 1085 1085 1086 1086 1086 1086 1085 1085 1085 1085 1087 1087 1087 1087 1086 1086 1086 1086 1088 1088 1088 1088 1089 1089 1089 1089 1090 1090 1090 1090 1089 1089 1089 1089 1091 1091 1091 1091 1090 1090 1090 1090 1092 1092 1092 1092 1093 1093 1093 1093 1094 1094 1094 1094 1093 1093 1093 1093 1095 1095 1095 1095 1094 1094 1094 1094 1096 1096 1096 1096 1097 1097 1097 1097 1098 1098 1098 1098 1097 1097 1097 1097 1099 1099 1099 1099 1098 1098 1098 1098 1100 1100 1100 1100 1101 1101 1101 1101 1102 1102 1102 1102 1101 1101 1101 1101 1103 1103 1103 1103 1102 1102 1102 1102 1104 1104 1104 1104 1105 1105 1105 1105 1106 1106 1106 1106 1105 1105 1105 1105 1107 1107 1107 1107 1106 1106 1106 1106 1108 1108 1108 1108 1109 1109 1109 1109 1110 1110 1110 1110 1109 1109 1109 1109 1111 1111 1111 1111 1110 1110 1110 1110 1112 1112 1112 1112 1113 1113 1113 1113 1114 1114 1114 1114 1113 1113 1113 1113 1115 1115 1115 1115 1114 1114 1114 1114 1116 1116 1116 1116 1117 1117 1117 1117 1118 1118 1118 1118 1117 1117 1117 1117 1119 1119 1119 1119 1118 1118 1118 1118 1120 1120 1120 1120 1121 1121 1121 1121 1122 1122 1122 1122 1121 1121 1121 1121 1123 1123 1123 1123 1122 1122 1122 1122 1124 1124 1124 1124 1125 1125 1125 1125 1126 1126 1126 1126 1125 1125 1125 1125 1127 1127 1127 1127 1126 1126 1126 1126 1128 1128 1128 1128 1129 1129 1129 1129 1130 1130 1130 1130 1129 1129 1129 1129 1131 1131 1131 1131 1130 1130 1130 1130 1132 1132 1132 1132 1133 1133 1133 1133 1134 1134 1134 1134 1133 1133 1133 1133 1135 1135 1135 1135 1134 1134 1134 1134 1136 1136 1136 1136 1137 1137 1137 1137 1138 1138 1138 1138 1137 1137 1137 1137 1139 1139 1139 1139 1138 1138 1138 1138 1140 1140 1140 1140 1141 1141 1141 1141 1142 1142 1142 1142 1141 1141 1141 1141 1143 1143 1143 1143 1142 1142 1142 1142 1144 1144 1144 1144 1145 1145 1145 1145 1146 1146 1146 1146 1145 1145 1145 1145 1147 1147 1147 1147 1146 1146 1146 1146 1148 1148 1148 1148 1149 1149 1149 1149 1150 1150 1150 1150 1149 1149 1149 1149 1151 1151 1151 1151 1150 1150 1150 1150 1152 1152 1152 1152 1153 1153 1153 1153 1154 1154 1154 1154 1153 1153 1153 1153 1155 1155 1155 1155 1154 1154 1154 1154 1156 1156 1156 1156 1157 1157 1157 1157 1158 1158 1158 1158 1157 1157 1157 1157 1159 1159 1159 1159 1158 1158 1158 1158 1160 1160 1160 1160 1161 1161 1161 1161 1162 1162 1162 1162 1161 1161 1161 1161 1163 1163 1163 1163 1162 1162 1162 1162 1164 1164 1164 1164 1165 1165 1165 1165 1166 1166 1166 1166 1165 1165 1165 1165 1167 1167 1167 1167 1166 1166 1166 1166 1168 1168 1168 1168 1169 1169 1169 1169 1170 1170 1170 1170 1169 1169 1169 1169 1171 1171 1171 1171 1170 1170 1170 1170 1172 1172 1172 1172 1173 1173 1173 1173 1174 1174 1174 1174 1173 1173 1173 1173 1175 1175 1175 1175 1174 1174 1174 1174 1176 1176 1176 1176 1177 1177 1177 1177 1178 1178 1178 1178 1177 1177 1177 1177 1179 1179 1179 1179 1178 1178 1178 1178 1180 1180 1180 1180 1181 1181 1181 1181 1182 1182 1182 1182 1181 1181 1181 1181 1183 1183 1183 1183 1182 1182 1182 1182 1184 1184 1184 1184 1185 1185 1185 1185 1186 1186 1186 1186 1185 1185 1185 1185 1187 1187 1187 1187 1186 1186 1186 1186 1188 1188 1188 1188 1187 1187 1187 1187 1189 1189 1189 1189 1187 1187 1187 1187 1190 1190 1190 1190 1189 1189 1189 1189 1191 1191 1191 1191 1192 1192 1192 1192 1193 1193 1193 1193 1192 1192 1192 1192 1194 1194 1194 1194 1193 1193 1193 1193 1195 1195 1195 1195 1196 1196 1196 1196 1197 1197 1197 1197 1196 1196 1196 1196 1198 1198 1198 1198 1197 1197 1197 1197 1199 1199 1199 1199 1200 1200 1200 1200 1201 1201 1201 1201 1200 1200 1200 1200 1202 1202 1202 1202 1201 1201 1201 1201 1203 1203 1203 1203 1204 1204 1204 1204 1205 1205 1205 1205 1204 1204 1204 1204 1206 1206 1206 1206 1205 1205 1205 1205 1207 1207 1207 1207 1208 1208 1208 1208 1209 1209 1209 1209 1208 1208 1208 1208 1210 1210 1210 1210 1209 1209 1209 1209 1211 1211 1211 1211 1212 1212 1212 1212 1213 1213 1213 1213 1212 1212 1212 1212 1214 1214 1214 1214 1213 1213 1213 1213 1215 1215 1215 1215 1216 1216 1216 1216 1217 1217 1217 1217 1216 1216 1216 1216 1218 1218 1218 1218 1217 1217 1217 1217 1219 1219 1219 1219 1220 1220 1220 1220 1221 1221 1221 1221 1220 1220 1220 1220 1222 1222 1222 1222 1221 1221 1221 1221 1223 1223 1223 1223 1224 1224 1224 1224 1225 1225 1225 1225 1224 1224 1224 1224 1226 1226 1226 1226 1225 1225 1225 1225 1227 1227 1227 1227 1228 1228 1228 1228 1229 1229 1229 1229 1228 1228 1228 1228 1230 1230 1230 1230 1229 1229 1229 1229 1231 1231 1231 1231 1232 1232 1232 1232 1233 1233 1233 1233 1232 1232 1232 1232 1234 1234 1234 1234 1233 1233 1233 1233 1235 1235 1235 1235 1236 1236 1236 1236 1237 1237 1237 1237 1236 1236 1236 1236 1238 1238 1238 1238 1237 1237 1237 1237 1239 1239 1239 1239 1240 1240 1240 1240 1241 1241 1241 1241 1240 1240 1240 1240 1242 1242 1242 1242 1241 1241 1241 1241 1243 1243 1243 1243 1244 1244 1244 1244 1245 1245 1245 1245 1244 1244 1244 1244 1246 1246 1246 1246 1245 1245 1245 1245 1247 1247 1247 1247 1248 1248 1248 1248 1249 1249 1249 1249 1248 1248 1248 1248 1250 1250 1250 1250 1249 1249 1249 1249 1251 1251 1251 1251 1252 1252 1252 1252 1253 1253 1253 1253 1252 1252 1252 1252 1254 1254 1254 1254 1253 1253 1253 1253 1255 1255 1255 1255 1256 1256 1256 1256 1257 1257 1257 1257 1256 1256 1256 1256 1258 1258 1258 1258 1257 1257 1257 1257 1259 1259 1259 1259 1260 1260 1260 1260 1261 1261 1261 1261 1260 1260 1260 1260 1262 1262 1262 1262 1261 1261 1261 1261 1263 1263 1263 1263 1264 1264 1264 1264 1265 1265 1265 1265 1264 1264 1264 1264 1266 1266 1266 1266 1265 1265 1265 1265 1267 1267 1267 1267 1268 1268 1268 1268 1269 1269 1269 1269 1268 1268 1268 1268 1270 1270 1270 1270 1269 1269 1269 1269 1271 1271 1271 1271 1272 1272 1272 1272 1273 1273 1273 1273 1272 1272 1272 1272 1274 1274 1274 1274 1273 1273 1273 1273 1275 1275 1275 1275 1276 1276 1276 1276 1277 1277 1277 1277 1276 1276 1276 1276 1278 1278 1278 1278 1277 1277 1277 1277 1279 1279 1279 1279 1280 1280 1280 1280 1281 1281 1281 1281 1280 1280 1280 1280 1282 1282 1282 1282 1281 1281 1281 1281 1283 1283 1283 1283 1284 1284 1284 1284 1285 1285 1285 1285 1284 1284 1284 1284 1286 1286 1286 1286 1285 1285 1285 1285 1287 1287 1287 1287 1288 1288 1288 1288 1289 1289 1289 1289 1288 1288 1288 1288 1290 1290 1290 1290 1289 1289 1289 1289 1291 1291 1291 1291 1292 1292 1292 1292 1293 1293 1293 1293 1292 1292 1292 1292 1294 1294 1294 1294 1293 1293 1293 1293 1295 1295 1295 1295 1296 1296 1296 1296 1297 1297 1297 1297 1296 1296 1296 1296 1298 1298 1298 1298 1297 1297 1297 1297 1299 1299 1299 1299 1300 1300 1300 1300 1301 1301 1301 1301 1300 1300 1300 1300 1302 1302 1302 1302 1301 1301 1301 1301 1303 1303 1303 1303 1304 1304 1304 1304 1305 1305 1305 1305 1304 1304 1304 1304 1306 1306 1306 1306 1305 1305 1305 1305 1307 1307 1307 1307 1308 1308 1308 1308 1309 1309 1309 1309 1308 1308 1308 1308 1310 1310 1310 1310 1309 1309 1309 1309 1311 1311 1311 1311 1310 1310 1310 1310 1312 1312 1312 1312 1313 1313 1313 1313 1311 1311 1311 1311 1312 1312 1312 1312 1313 1313 1313 1313 1314 1314 1314 1314 1315 1315 1315 1315 1316 1316 1316 1316 1313 1313 1313 1313 1315 1315 1315 1315 1316 1316 1316 1316 1315 1315 1315 1315 1317 1317 1317 1317 1318 1318 1318 1318 1316 1316 1316 1316 1317 1317 1317 1317 1319 1319 1319 1319 1320 1320 1320 1320 1321 1321 1321 1321 1320 1320 1320 1320 1322 1322 1322 1322 1321 1321 1321 1321 1323 1323 1323 1323 1324 1324 1324 1324 1325 1325 1325 1325 1324 1324 1324 1324 1326 1326 1326 1326 1325 1325 1325 1325 1327 1327 1327 1327 1328 1328 1328 1328 1329 1329 1329 1329 1329 1329 1329 1329 1328 1328 1328 1328 1330 1330 1330 1330 1331 1331 1331 1331 1332 1332 1332 1332 1333 1333 1333 1333 1332 1332 1332 1332 1334 1334 1334 1334 1333 1333 1333 1333 1335 1335 1335 1335 1336 1336 1336 1336 1337 1337 1337 1337 1336 1336 1336 1336 1338 1338 1338 1338 1337 1337 1337 1337 1339 1339 1339 1339 1340 1340 1340 1340 1341 1341 1341 1341 1340 1340 1340 1340 1342 1342 1342 1342 1341 1341 1341 1341 1343 1343 1343 1343 1344 1344 1344 1344 1345 1345 1345 1345 1344 1344 1344 1344 1346 1346 1346 1346 1345 1345 1345 1345 1347 1347 1347 1347 1348 1348 1348 1348 1349 1349 1349 1349 1348 1348 1348 1348 1350 1350 1350 1350 1349 1349 1349 1349 1351 1351 1351 1351 1350 1350 1350 1350 1352 1352 1352 1352 1350 1350 1350 1350 1353 1353 1353 1353 1352 1352 1352 1352 1352 1352 1352 1352 1353 1353 1353 1353 1354 1354 1354 1354 1355 1355 1355 1355 1356 1356 1356 1356 1357 1357 1357 1357 1356 1356 1356 1356 1358 1358 1358 1358 1357 1357 1357 1357 1358 1358 1358 1358 1359 1359 1359 1359 1360 1360 1360 1360 1361 1361 1361 1361 1358 1358 1358 1358 1360 1360 1360 1360 1362 1362 1362 1362 1363 1363 1363 1363 1364 1364 1364 1364 1363 1363 1363 1363 1365 1365 1365 1365 1364 1364 1364 1364 1365 1365 1365 1365 1366 1366 1366 1366 1367 1367 1367 1367 1368 1368 1368 1368 1365 1365 1365 1365 1367 1367 1367 1367 1367 1367 1367 1367 1369 1369 1369 1369 1370 1370 1370 1370 1369 1369 1369 1369 1371 1371 1371 1371 1370 1370 1370 1370 1372 1372 1372 1372 1373 1373 1373 1373 1374 1374 1374 1374 1374 1374 1374 1374 1375 1375 1375 1375 1372 1372 1372 1372 1376 1376 1376 1376 1377 1377 1377 1377 1378 1378 1378 1378 1378 1378 1378 1378 1379 1379 1379 1379 1376 1376 1376 1376 1380 1380 1380 1380 1381 1381 1381 1381 1382 1382 1382 1382 1383 1383 1383 1383 1380 1380 1380 1380 1382 1382 1382 1382 1384 1384 1384 1384 1383 1383 1383 1383 1385 1385 1385 1385 1383 1383 1383 1383 1386 1386 1386 1386 1385 1385 1385 1385 1387 1387 1387 1387 1385 1385 1385 1385 1388 1388 1388 1388 1389 1389 1389 1389 1387 1387 1387 1387 1388 1388 1388 1388 1390 1390 1390 1390 1391 1391 1391 1391 1389 1389 1389 1389 1392 1392 1392 1392 1391 1391 1391 1391 1390 1390 1390 1390 1393 1393 1393 1393 1392 1392 1392 1392 1390 1390 1390 1390 1394 1394 1394 1394 1395 1395 1395 1395 1396 1396 1396 1396 1397 1397 1397 1397 1396 1396 1396 1396 1398 1398 1398 1398 1399 1399 1399 1399 1397 1397 1397 1397 1398 1398 1398 1398 1400 1400 1400 1400 1401 1401 1401 1401 1394 1394 1394 1394 1402 1402 1402 1402 1401 1401 1401 1401 1400 1400 1400 1400 1403 1403 1403 1403 1402 1402 1402 1402 1400 1400 1400 1400 1404 1404 1404 1404 1402 1402 1402 1402 1403 1403 1403 1403 1405 1405 1405 1405 1404 1404 1404 1404 1403 1403 1403 1403 1406 1406 1406 1406 1407 1407 1407 1407 1408 1408 1408 1408 1409 1409 1409 1409 1406 1406 1406 1406 1408 1408 1408 1408 1410 1410 1410 1410 1411 1411 1411 1411 1409 1409 1409 1409 1412 1412 1412 1412 1410 1410 1410 1410 1409 1409 1409 1409 1413 1413 1413 1413 1410 1410 1410 1410 1412 1412 1412 1412 1414 1414 1414 1414 1413 1413 1413 1413 1412 1412 1412 1412 1415 1415 1415 1415 1416 1416 1416 1416 1417 1417 1417 1417 1416 1416 1416 1416 1418 1418 1418 1418 1417 1417 1417 1417 1419 1419 1419 1419 1420 1420 1420 1420 1418 1418 1418 1418 1421 1421 1421 1421 1420 1420 1420 1420 1419 1419 1419 1419 1422 1422 1422 1422 1421 1421 1421 1421 1419 1419 1419 1419 1423 1423 1423 1423 1421 1421 1421 1421 1424 1424 1424 1424 1425 1425 1425 1425 1423 1423 1423 1423 1424 1424 1424 1424 1426 1426 1426 1426 1427 1427 1427 1427 1428 1428 1428 1428 1427 1427 1427 1427 1429 1429 1429 1429 1428 1428 1428 1428 1430 1430 1430 1430 1431 1431 1431 1431 1432 1432 1432 1432 1432 1432 1432 1432 1431 1431 1431 1431 1433 1433 1433 1433 1434 1434 1434 1434 1435 1435 1435 1435 1433 1433 1433 1433 1435 1435 1435 1435 1436 1436 1436 1436 1433 1433 1433 1433 1437 1437 1437 1437 1438 1438 1438 1438 1439 1439 1439 1439 1438 1438 1438 1438 1440 1440 1440 1440 1439 1439 1439 1439 1441 1441 1441 1441 1442 1442 1442 1442 1443 1443 1443 1443 1442 1442 1442 1442 1444 1444 1444 1444 1443 1443 1443 1443 1445 1445 1445 1445 1446 1446 1446 1446 1447 1447 1447 1447 1446 1446 1446 1446 1448 1448 1448 1448 1447 1447 1447 1447 1449 1449 1449 1449 1448 1448 1448 1448 1450 1450 1450 1450 1448 1448 1448 1448 1451 1451 1451 1451 1450 1450 1450 1450 1450 1450 1450 1450 1451 1451 1451 1451 1452 1452 1452 1452 1453 1453 1453 1453 1454 1454 1454 1454 1455 1455 1455 1455 1454 1454 1454 1454 1456 1456 1456 1456 1455 1455 1455 1455 1457 1457 1457 1457 1458 1458 1458 1458 1459 1459 1459 1459 1458 1458 1458 1458 1460 1460 1460 1460 1459 1459 1459 1459 1461 1461 1461 1461 1462 1462 1462 1462 1463 1463 1463 1463 1462 1462 1462 1462 1464 1464 1464 1464 1463 1463 1463 1463 1465 1465 1465 1465 1466 1466 1466 1466 1467 1467 1467 1467 1466 1466 1466 1466 1468 1468 1468 1468 1467 1467 1467 1467 1469 1469 1469 1469 1470 1470 1470 1470 1471 1471 1471 1471 1470 1470 1470 1470 1472 1472 1472 1472 1471 1471 1471 1471 1473 1473 1473 1473 1474 1474 1474 1474 1475 1475 1475 1475 1474 1474 1474 1474 1476 1476 1476 1476 1475 1475 1475 1475 1477 1477 1477 1477 1478 1478 1478 1478 1479 1479 1479 1479 1478 1478 1478 1478 1480 1480 1480 1480 1479 1479 1479 1479 1481 1481 1481 1481 1482 1482 1482 1482 1483 1483 1483 1483 1482 1482 1482 1482 1484 1484 1484 1484 1483 1483 1483 1483 1485 1485 1485 1485 1486 1486 1486 1486 1487 1487 1487 1487 1486 1486 1486 1486 1488 1488 1488 1488 1487 1487 1487 1487 1489 1489 1489 1489 1490 1490 1490 1490 1491 1491 1491 1491 1490 1490 1490 1490 1492 1492 1492 1492 1491 1491 1491 1491 1493 1493 1493 1493 1494 1494 1494 1494 1495 1495 1495 1495 1494 1494 1494 1494 1496 1496 1496 1496 1495 1495 1495 1495 1497 1497 1497 1497 1498 1498 1498 1498 1499 1499 1499 1499 1498 1498 1498 1498 1500 1500 1500 1500 1499 1499 1499 1499 1501 1501 1501 1501 1502 1502 1502 1502 1503 1503 1503 1503 1502 1502 1502 1502 1504 1504 1504 1504 1503 1503 1503 1503 1505 1505 1505 1505 1506 1506 1506 1506 1507 1507 1507 1507 1506 1506 1506 1506 1508 1508 1508 1508 1507 1507 1507 1507 1509 1509 1509 1509 1510 1510 1510 1510 1511 1511 1511 1511 1510 1510 1510 1510 1512 1512 1512 1512 1511 1511 1511 1511 1513 1513 1513 1513 1514 1514 1514 1514 1515 1515 1515 1515 1514 1514 1514 1514 1516 1516 1516 1516 1515 1515 1515 1515 1517 1517 1517 1517 1518 1518 1518 1518 1519 1519 1519 1519 1518 1518 1518 1518 1520 1520 1520 1520 1519 1519 1519 1519 1521 1521 1521 1521 1522 1522 1522 1522 1523 1523 1523 1523 1522 1522 1522 1522 1524 1524 1524 1524 1523 1523 1523 1523 1525 1525 1525 1525 1526 1526 1526 1526 1527 1527 1527 1527 1526 1526 1526 1526 1528 1528 1528 1528 1527 1527 1527 1527 1529 1529 1529 1529 1530 1530 1530 1530 1531 1531 1531 1531 1530 1530 1530 1530 1532 1532 1532 1532 1531 1531 1531 1531 1533 1533 1533 1533 1534 1534 1534 1534 1535 1535 1535 1535 1534 1534 1534 1534 1536 1536 1536 1536 1535 1535 1535 1535 1537 1537 1537 1537 1538 1538 1538 1538 1539 1539 1539 1539 1538 1538 1538 1538 1540 1540 1540 1540 1539 1539 1539 1539 1541 1541 1541 1541 1542 1542 1542 1542 1543 1543 1543 1543 1542 1542 1542 1542 1544 1544 1544 1544 1543 1543 1543 1543 1545 1545 1545 1545 1546 1546 1546 1546 1547 1547 1547 1547 1546 1546 1546 1546 1548 1548 1548 1548 1547 1547 1547 1547 1549 1549 1549 1549 1550 1550 1550 1550 1551 1551 1551 1551 1550 1550 1550 1550 1552 1552 1552 1552 1551 1551 1551 1551 1553 1553 1553 1553 1554 1554 1554 1554 1555 1555 1555 1555 1554 1554 1554 1554 1556 1556 1556 1556 1555 1555 1555 1555 1557 1557 1557 1557 1558 1558 1558 1558 1559 1559 1559 1559 1558 1558 1558 1558 1560 1560 1560 1560 1559 1559 1559 1559 1561 1561 1561 1561 1562 1562 1562 1562 1563 1563 1563 1563 1562 1562 1562 1562 1564 1564 1564 1564 1563 1563 1563 1563 1565 1565 1565 1565 1566 1566 1566 1566 1567 1567 1567 1567 1566 1566 1566 1566 1568 1568 1568 1568 1567 1567 1567 1567 1569 1569 1569 1569 1570 1570 1570 1570 1571 1571 1571 1571 1570 1570 1570 1570 1572 1572 1572 1572 1571 1571 1571 1571 1573 1573 1573 1573 1574 1574 1574 1574 1575 1575 1575 1575 1574 1574 1574 1574 1576 1576 1576 1576 1575 1575 1575 1575 1577 1577 1577 1577 1578 1578 1578 1578 1579 1579 1579 1579 1578 1578 1578 1578 1580 1580 1580 1580 1579 1579 1579 1579 1581 1581 1581 1581 1582 1582 1582 1582 1583 1583 1583 1583 1582 1582 1582 1582 1584 1584 1584 1584 1583 1583 1583 1583 1585 1585 1585 1585 1586 1586 1586 1586 1587 1587 1587 1587 1586 1586 1586 1586 1588 1588 1588 1588 1587 1587 1587 1587 1589 1589 1589 1589 1590 1590 1590 1590 1591 1591 1591 1591 1590 1590 1590 1590 1592 1592 1592 1592 1591 1591 1591 1591 1593 1593 1593 1593 1594 1594 1594 1594 1595 1595 1595 1595 1594 1594 1594 1594 1596 1596 1596 1596 1595 1595 1595 1595 1597 1597 1597 1597 1598 1598 1598 1598 1599 1599 1599 1599 1598 1598 1598 1598 1600 1600 1600 1600 1599 1599 1599 1599 1601 1601 1601 1601 1602 1602 1602 1602 1603 1603 1603 1603 1602 1602 1602 1602 1604 1604 1604 1604 1603 1603 1603 1603 1605 1605 1605 1605 1606 1606 1606 1606 1607 1607 1607 1607 1606 1606 1606 1606 1608 1608 1608 1608 1607 1607 1607 1607 1609 1609 1609 1609 1610 1610 1610 1610 1611 1611 1611 1611 1610 1610 1610 1610 1612 1612 1612 1612 1611 1611 1611 1611 1613 1613 1613 1613 1614 1614 1614 1614 1615 1615 1615 1615 1614 1614 1614 1614 1616 1616 1616 1616 1615 1615 1615 1615 1617 1617 1617 1617 1618 1618 1618 1618 1619 1619 1619 1619 1618 1618 1618 1618 1620 1620 1620 1620 1619 1619 1619 1619 1621 1621 1621 1621 1622 1622 1622 1622 1623 1623 1623 1623 1622 1622 1622 1622 1624 1624 1624 1624 1623 1623 1623 1623 1625 1625 1625 1625 1626 1626 1626 1626 1627 1627 1627 1627 1626 1626 1626 1626 1628 1628 1628 1628 1627 1627 1627 1627 1629 1629 1629 1629 1630 1630 1630 1630 1631 1631 1631 1631 1630 1630 1630 1630 1632 1632 1632 1632 1631 1631 1631 1631 1633 1633 1633 1633 1634 1634 1634 1634 1635 1635 1635 1635 1634 1634 1634 1634 1636 1636 1636 1636 1635 1635 1635 1635 1637 1637 1637 1637 1638 1638 1638 1638 1639 1639 1639 1639 1638 1638 1638 1638 1640 1640 1640 1640 1639 1639 1639 1639 1641 1641 1641 1641 1642 1642 1642 1642 1643 1643 1643 1643 1642 1642 1642 1642 1644 1644 1644 1644 1643 1643 1643 1643 1645 1645 1645 1645 1646 1646 1646 1646 1647 1647 1647 1647 1645 1645 1645 1645 1648 1648 1648 1648 1646 1646 1646 1646 1649 1649 1649 1649 1650 1650 1650 1650 1651 1651 1651 1651 1651 1651 1651 1651 1650 1650 1650 1650 1652 1652 1652 1652 1653 1653 1653 1653 1654 1654 1654 1654 1655 1655 1655 1655 1656 1656 1656 1656 1653 1653 1653 1653 1655 1655 1655 1655 1657 1657 1657 1657 1656 1656 1656 1656 1655 1655 1655 1655 1658 1658 1658 1658 1659 1659 1659 1659 1660 1660 1660 1660 1659 1659 1659 1659 1661 1661 1661 1661 1660 1660 1660 1660 1660 1660 1660 1660 1661 1661 1661 1661 1662 1662 1662 1662 1663 1663 1663 1663 1664 1664 1664 1664 1665 1665 1665 1665 1664 1664 1664 1664 1666 1666 1666 1666 1665 1665 1665 1665 1665 1665 1665 1665 1666 1666 1666 1666 1667 1667 1667 1667 1668 1668 1668 1668 1669 1669 1669 1669 1670 1670 1670 1670 1669 1669 1669 1669 1671 1671 1671 1671 1670 1670 1670 1670 1670 1670 1670 1670 1671 1671 1671 1671 1672 1672 1672 1672 1673 1673 1673 1673 1674 1674 1674 1674 1675 1675 1675 1675 1674 1674 1674 1674 1676 1676 1676 1676 1675 1675 1675 1675 1675 1675 1675 1675 1676 1676 1676 1676 1677 1677 1677 1677 1678 1678 1678 1678 1679 1679 1679 1679 1680 1680 1680 1680 1679 1679 1679 1679 1681 1681 1681 1681 1680 1680 1680 1680 1680 1680 1680 1680 1681 1681 1681 1681 1682 1682 1682 1682 1683 1683 1683 1683 1684 1684 1684 1684 1685 1685 1685 1685 1685 1685 1685 1685 1686 1686 1686 1686 1683 1683 1683 1683 1687 1687 1687 1687 1688 1688 1688 1688 1685 1685 1685 1685 1688 1688 1688 1688 1687 1687 1687 1687 1689 1689 1689 1689 1690 1690 1690 1690 1688 1688 1688 1688 1689 1689 1689 1689 1691 1691 1691 1691 1692 1692 1692 1692 1693 1693 1693 1693 1692 1692 1692 1692 1694 1694 1694 1694 1693 1693 1693 1693 1693 1693 1693 1693 1694 1694 1694 1694 1695 1695 1695 1695 1696 1696 1696 1696 1697 1697 1697 1697 1698 1698 1698 1698 1697 1697 1697 1697 1699 1699 1699 1699 1698 1698 1698 1698 1698 1698 1698 1698 1699 1699 1699 1699 1700 1700 1700 1700 1701 1701 1701 1701 1702 1702 1702 1702 1703 1703 1703 1703 1702 1702 1702 1702 1704 1704 1704 1704 1703 1703 1703 1703 1703 1703 1703 1703 1704 1704 1704 1704 1705 1705 1705 1705 1706 1706 1706 1706 1707 1707 1707 1707 1708 1708 1708 1708 1707 1707 1707 1707 1709 1709 1709 1709 1708 1708 1708 1708 1708 1708 1708 1708 1709 1709 1709 1709 1710 1710 1710 1710 1711 1711 1711 1711 1712 1712 1712 1712 1713 1713 1713 1713 1712 1712 1712 1712 1714 1714 1714 1714 1713 1713 1713 1713 1713 1713 1713 1713 1714 1714 1714 1714 1715 1715 1715 1715 1716 1716 1716 1716 1717 1717 1717 1717 1718 1718 1718 1718 1717 1717 1717 1717 1719 1719 1719 1719 1718 1718 1718 1718 1718 1718 1718 1718 1719 1719 1719 1719 1720 1720 1720 1720 1721 1721 1721 1721 1722 1722 1722 1722 1723 1723 1723 1723 1724 1724 1724 1724 1721 1721 1721 1721 1723 1723 1723 1723 1725 1725 1725 1725 1721 1721 1721 1721 1724 1724 1724 1724 1726 1726 1726 1726 1727 1727 1727 1727 1728 1728 1728 1728 1727 1727 1727 1727 1729 1729 1729 1729 1728 1728 1728 1728 1727 1727 1727 1727 1730 1730 1730 1730 1729 1729 1729 1729 1730 1730 1730 1730 1731 1731 1731 1731 1729 1729 1729 1729 1730 1730 1730 1730 1732 1732 1732 1732 1731 1731 1731 1731 1732 1732 1732 1732 1733 1733 1733 1733 1734 1734 1734 1734 1735 1735 1735 1735 1732 1732 1732 1732 1734 1734 1734 1734 1736 1736 1736 1736 1737 1737 1737 1737 1738 1738 1738 1738 1737 1737 1737 1737 1739 1739 1739 1739 1738 1738 1738 1738 1737 1737 1737 1737 1740 1740 1740 1740 1741 1741 1741 1741 1742 1742 1742 1742 1737 1737 1737 1737 1741 1741 1741 1741 1743 1743 1743 1743 1744 1744 1744 1744 1745 1745 1745 1745 1744 1744 1744 1744 1746 1746 1746 1746 1745 1745 1745 1745 1745 1745 1745 1745 1747 1747 1747 1747 1748 1748 1748 1748 1749 1749 1749 1749 1745 1745 1745 1745 1748 1748 1748 1748 1750 1750 1750 1750 1751 1751 1751 1751 1752 1752 1752 1752 1751 1751 1751 1751 1753 1753 1753 1753 1752 1752 1752 1752 1752 1752 1752 1752 1753 1753 1753 1753 1754 1754 1754 1754 1754 1754 1754 1754 1755 1755 1755 1755 1752 1752 1752 1752 1753 1753 1753 1753 1756 1756 1756 1756 1754 1754 1754 1754 1754 1754 1754 1754 1756 1756 1756 1756 1757 1757 1757 1757 1758 1758 1758 1758 1755 1755 1755 1755 1754 1754 1754 1754 1759 1759 1759 1759 1760 1760 1760 1760 1754 1754 1754 1754 1760 1760 1760 1760 1761 1761 1761 1761 1754 1754 1754 1754 1761 1761 1761 1761 1758 1758 1758 1758 1754 1754 1754 1754 1762 1762 1762 1762 1763 1763 1763 1763 1761 1761 1761 1761 1763 1763 1763 1763 1758 1758 1758 1758 1761 1761 1761 1761 1758 1758 1758 1758 1763 1763 1763 1763 1764 1764 1764 1764 1765 1765 1765 1765 1758 1758 1758 1758 1764 1764 1764 1764 1764 1764 1764 1764 1763 1763 1763 1763 1766 1766 1766 1766 1767 1767 1767 1767 1768 1768 1768 1768 1769 1769 1769 1769 1770 1770 1770 1770 1771 1771 1771 1771 1767 1767 1767 1767 1771 1771 1771 1771 1768 1768 1768 1768 1767 1767 1767 1767 1772 1772 1772 1772 1768 1768 1768 1768 1773 1773 1773 1773 1768 1768 1768 1768 1771 1771 1771 1771 1773 1773 1773 1773 1771 1771 1771 1771 1774 1774 1774 1774 1775 1775 1775 1775 1773 1773 1773 1773 1771 1771 1771 1771 1775 1775 1775 1775 1776 1776 1776 1776 1773 1773 1773 1773 1777 1777 1777 1777 1773 1773 1773 1773 1775 1775 1775 1775 1777 1777 1777 1777 1775 1775 1775 1775 1778 1778 1778 1778 1779 1779 1779 1779 1777 1777 1777 1777 1775 1775 1775 1775 1779 1779 1779 1779 1777 1777 1777 1777 1779 1779 1779 1779 1780 1780 1780 1780 1781 1781 1781 1781 1777 1777 1777 1777 1780 1780 1780 1780 1780 1780 1780 1780 1779 1779 1779 1779 1782 1782 1782 1782 </p>
        </triangles>
      </mesh>
    </geometry>
  </library_geometries>
  <library_controllers>
    <controller id="Armature_L01_01__mTreeOakLeaf-mesh">
      <skin source="#L01_01__mTreeOakLeaf-mesh">
        <bind_shape_matrix>1 0 0 0 0 1 0 0 0 0 1 0 0 0 0 1</bind_shape_matrix>
        <source id="L01_01__mTreeOakLeaf-mesh-joint">
          <Name_array id="L01_01__mTreeOakLeaf-mesh-joint-array" count="3">Plant01 PlantTop Plant02</Name_array>
          <technique_common>
            <accessor source="#L01_01__mTreeOakLeaf-mesh-joint-array" count="3" stride="1">
              <param name="JOINT" type="name" />
            </accessor>
          </technique_common>
        </source>
        <source id="L01_01__mTreeOakLeaf-mesh-inv_bind_matrix">
          <float_array id="L01_01__mTreeOakLeaf-mesh-inv_bind_matrix-array" count="48">5.960466E-08 0.9999998 -2.086162E-07 -18.5 -2.086162E-07 5.960466E-08 0.9999998 -2 0.9999998 -2.086162E-07 5.960466E-08 -6.5 0 0 0 1 5.960466E-08 0.9999998 -2.086162E-07 -27 -2.086162E-07 5.960466E-08 0.9999998 5 0.9999998 -2.086162E-07 5.960466E-08 -7.374475E-20 0 0 0 1 5.960466E-08 0.9999998 -2.086162E-07 -18.5 -2.086162E-07 5.960466E-08 0.9999998 -2 0.9999998 -2.086162E-07 5.960466E-08 6.5 0 0 0 1</float_array>
          <technique_common>
            <accessor source="#L01_01__mTreeOakLeaf-mesh-inv_bind_matrix-array" count="3" stride="16">
              <param name="TRANSFORM" type="float4x4" />
            </accessor>
          </technique_common>
        </source>
        <source id="L01_01__mTreeOakLeaf-mesh-weight">
          <float_array id="L01_01__mTreeOakLeaf-mesh-weight-array" count="1">1</float_array>
          <technique_common>
            <accessor source="#L01_01__mTreeOakLeaf-mesh-weight-array" count="1" stride="1">
              <param name="WEIGHT" type="float" />
            </accessor>
          </technique_common>
        </source>
        <joints>
          <input semantic="JOINT" source="#L01_01__mTreeOakLeaf-mesh-joint" />
          <input semantic="INV_BIND_MATRIX" source="#L01_01__mTreeOakLeaf-mesh-inv_bind_matrix" />
        </joints>
        <vertex_weights count="966">
          <input semantic="JOINT" source="#L01_01__mTreeOakLeaf-mesh-joint" offset="0" />
          <input semantic="WEIGHT" source="#L01_01__mTreeOakLeaf-mesh-weight" offset="1" />
          <vcount>1 1 1 1 1 1 1 1 1 1 1 1 1 1 1 1 1 1 1 1 1 1 1 1 1 1 1 1 1 1 1 1 1 1 1 1 1 1 1 1 1 1 1 1 1 1 1 1 1 1 1 1 1 1 1 1 1 1 1 1 1 1 1 1 1 1 1 1 1 1 1 1 1 1 1 1 1 1 1 1 1 1 1 1 1 1 1 1 1 1 1 1 1 1 1 1 1 1 1 1 1 1 1 1 1 1 1 1 1 1 1 1 1 1 1 1 1 1 1 1 1 1 1 1 1 1 1 1 1 1 1 1 1 1 1 1 1 1 1 1 1 1 1 1 1 1 1 1 1 1 1 1 1 1 1 1 1 1 1 1 1 1 1 1 1 1 1 1 1 1 1 1 1 1 1 1 1 1 1 1 1 1 1 1 1 1 1 1 1 1 1 1 1 1 1 1 1 1 1 1 1 1 1 1 1 1 1 1 1 1 1 1 1 1 1 1 1 1 1 1 1 1 1 1 1 1 1 1 1 1 1 1 1 1 1 1 1 1 1 1 1 1 1 1 1 1 1 1 1 1 1 1 1 1 1 1 1 1 1 1 1 1 1 1 1 1 1 1 1 1 1 1 1 1 1 1 1 1 1 1 1 1 1 1 1 1 1 1 1 1 1 1 1 1 1 1 1 1 1 1 1 1 1 1 1 1 1 1 1 1 1 1 1 1 1 1 1 1 1 1 1 1 1 1 1 1 1 1 1 1 1 1 1 1 1 1 1 1 1 1 1 1 1 1 1 1 1 1 1 1 1 1 1 1 1 1 1 1 1 1 1 1 1 1 1 1 1 1 1 1 1 1 1 1 1 1 1 1 1 1 1 1 1 1 1 1 1 1 1 1 1 1 1 1 1 1 1 1 1 1 1 1 1 1 1 1 1 1 1 1 1 1 1 1 1 1 1 1 1 1 1 1 1 1 1 1 1 1 1 1 1 1 1 1 1 1 1 1 1 1 1 1 1 1 1 1 1 1 1 1 1 1 1 1 1 1 1 1 1 1 1 1 1 1 1 1 1 1 1 1 1 1 1 1 1 1 1 1 1 1 1 1 1 1 1 1 1 1 1 1 1 1 1 1 1 1 1 1 1 1 1 1 1 1 1 1 1 1 1 1 1 1 1 1 1 1 1 1 1 1 1 1 1 1 1 1 1 1 1 1 1 1 1 1 1 1 1 1 1 1 1 1 1 1 1 1 1 1 1 1 1 1 1 1 1 1 1 1 1 1 1 1 1 1 1 1 1 1 1 1 1 1 1 1 1 1 1 1 1 1 1 1 1 1 1 1 1 1 1 1 1 1 1 1 1 1 1 1 1 1 1 1 1 1 1 1 1 1 1 1 1 1 1 1 1 1 1 1 1 1 1 1 1 1 1 1 1 1 1 1 1 1 1 1 1 1 1 1 1 1 1 1 1 1 1 1 1 1 1 1 1 1 1 1 1 1 1 1 1 1 1 1 1 1 1 1 1 1 1 1 1 1 1 1 1 1 1 1 1 1 1 1 1 1 1 1 1 1 1 1 1 1 1 1 1 1 1 1 1 1 1 1 1 1 1 1 1 1 1 1 1 1 1 1 1 1 1 1 1 1 1 1 1 1 1 1 1 1 1 1 1 1 1 1 1 1 1 1 1 1 1 1 1 1 1 1 1 1 1 1 1 1 1 1 1 1 1 1 1 1 1 1 1 1 1 1 1 1 1 1 1 1 1 1 1 1 1 1 1 1 1 1 1 1 1 1 1 1 1 1 1 1 1 1 1 1 1 1 1 1 1 1 1 1 1 1 1 1 1 1 1 1 1 1 1 1 1 1 1 1 1 1 1 1 1 1 1 1 1 1 1 1 1 1 1 1 1 1 1 1 1 1 1 1 1 1 1 1 1 1 1 1 1 1 1 1 1 1 1 1 1 1 1 1 1 1 1 1 1 1 1 1 1 1 1 1 1 1 1 1 1 1 1 1 1 1 1 1 1 1 1 1 1 1 1 1 1 1 1 1 1 1 1 1 1 1 1 1 1 1 1 1 1 1 1 1 1 1 1 1 1 1 1 1 1 1 1 1 1 1 1 1 1 1 1 1 1 1 1 1 1 1 1 1 1 1 1 1 1 1 1 1 1 1 1 1 1 1 1 1 1 1 1 1 1 1 </vcount>
          <v>0 0 0 0 0 0 0 0 0 0 0 0 0 0 0 0 0 0 0 0 0 0 0 0 0 0 0 0 0 0 0 0 1 0 1 0 1 0 1 0 1 0 1 0 1 0 1 0 1 0 1 0 1 0 1 0 1 0 1 0 1 0 1 0 1 0 1 0 1 0 1 0 1 0 1 0 1 0 1 0 1 0 1 0 1 0 1 0 1 0 1 0 1 0 1 0 2 0 2 0 2 0 2 0 2 0 2 0 2 0 2 0 1 0 1 0 1 0 1 0 1 0 1 0 1 0 1 0 1 0 1 0 1 0 1 0 1 0 1 0 1 0 1 0 1 0 1 0 1 0 1 0 1 0 1 0 1 0 1 0 2 0 2 0 2 0 2 0 2 0 2 0 2 0 2 0 0 0 0 0 0 0 0 0 0 0 0 0 0 0 0 0 2 0 2 0 2 0 2 0 2 0 2 0 2 0 2 0 2 0 2 0 2 0 2 0 2 0 2 0 2 0 2 0 2 0 2 0 2 0 2 0 2 0 2 0 2 0 2 0 2 0 2 0 2 0 2 0 2 0 2 0 2 0 2 0 0 0 0 0 0 0 0 0 0 0 0 0 0 0 0 0 0 0 0 0 0 0 0 0 0 0 0 0 0 0 0 0 0 0 0 0 0 0 0 0 0 0 0 0 0 0 0 0 0 0 0 0 0 0 0 0 0 0 0 0 0 0 0 0 0 0 0 0 0 0 0 0 0 0 0 0 0 0 0 0 1 0 1 0 1 0 1 0 1 0 1 0 1 0 1 0 2 0 2 0 2 0 2 0 2 0 2 0 2 0 2 0 2 0 2 0 2 0 2 0 2 0 2 0 2 0 2 0 2 0 2 0 2 0 2 0 2 0 2 0 2 0 2 0 2 0 2 0 2 0 2 0 2 0 2 0 2 0 2 0 2 0 2 0 2 0 2 0 2 0 2 0 2 0 2 0 2 0 2 0 2 0 2 0 2 0 2 0 2 0 2 0 2 0 2 0 2 0 2 0 2 0 2 0 2 0 2 0 2 0 2 0 2 0 2 0 2 0 2 0 2 0 2 0 0 0 0 0 0 0 0 0 0 0 0 0 0 0 0 0 0 0 0 0 0 0 0 0 0 0 0 0 0 0 0 0 0 0 0 0 0 0 0 0 0 0 0 0 0 0 0 0 0 0 0 0 0 0 0 0 0 0 0 0 0 0 0 0 0 0 0 0 0 0 0 0 0 0 0 0 0 0 0 0 1 0 1 0 1 0 1 0 1 0 1 0 1 0 1 0 2 0 2 0 2 0 2 0 2 0 2 0 0 0 0 0 0 0 0 0 0 0 0 0 0 0 0 0 0 0 0 0 0 0 0 0 0 0 0 0 0 0 0 0 0 0 0 0 1 0 1 0 1 0 1 0 1 0 1 0 2 0 2 0 2 0 2 0 2 0 2 0 2 0 2 0 2 0 2 0 2 0 2 0 2 0 2 0 2 0 2 0 2 0 2 0 2 0 2 0 2 0 2 0 2 0 2 0 2 0 2 0 2 0 2 0 2 0 2 0 2 0 2 0 2 0 2 0 2 0 2 0 2 0 2 0 2 0 2 0 2 0 2 0 2 0 2 0 2 0 2 0 2 0 2 0 0 0 0 0 0 0 0 0 0 0 0 0 0 0 0 0 0 0 0 0 0 0 0 0 0 0 0 0 0 0 0 0 0 0 0 0 0 0 0 0 0 0 0 0 0 0 0 0 1 0 1 0 1 0 1 0 1 0 1 0 1 0 1 0 1 0 1 0 1 0 1 0 1 0 1 0 1 0 1 0 1 0 1 0 0 0 0 0 0 0 0 0 0 0 0 0 0 0 0 0 0 0 0 0 0 0 0 0 1 0 1 0 1 0 1 0 1 0 1 0 1 0 1 0 1 0 1 0 1 0 1 0 1 0 1 0 1 0 1 0 1 0 1 0 1 0 1 0 1 0 1 0 1 0 1 0 1 0 1 0 1 0 1 0 1 0 1 0 1 0 1 0 1 0 1 0 1 0 1 0 1 0 1 0 1 0 1 0 1 0 1 0 1 0 1 0 1 0 1 0 1 0 1 0 2 0 2 0 2 0 2 0 2 0 2 0 2 0 2 0 2 0 2 0 2 0 2 0 2 0 2 0 2 0 2 0 2 0 2 0 2 0 2 0 2 0 2 0 2 0 2 0 2 0 2 0 2 0 2 0 2 0 2 0 2 0 2 0 2 0 2 0 2 0 2 0 2 0 2 0 2 0 2 0 2 0 2 0 2 0 2 0 2 0 2 0 2 0 2 0 1 0 1 0 1 0 1 0 1 0 1 0 1 0 1 0 1 0 1 0 1 0 1 0 2 0 2 0 2 0 2 0 2 0 2 0 0 0 0 0 0 0 0 0 0 0 0 0 0 0 0 0 0 0 0 0 0 0 0 0 0 0 0 0 0 0 0 0 0 0 0 0 0 0 0 0 0 0 0 0 0 0 0 0 0 0 0 0 0 0 0 0 0 0 0 0 0 0 0 0 0 0 0 0 0 0 0 0 0 0 0 0 0 0 0 0 0 0 0 0 0 0 0 0 0 0 0 0 0 0 0 0 0 0 0 0 0 0 0 0 0 0 0 0 1 0 1 0 1 0 1 0 1 0 1 0 1 0 1 0 1 0 1 0 1 0 1 0 1 0 1 0 1 0 1 0 1 0 1 0 1 0 1 0 1 0 1 0 1 0 1 0 1 0 1 0 1 0 1 0 1 0 1 0 2 0 2 0 2 0 2 0 2 0 2 0 2 0 2 0 2 0 2 0 2 0 2 0 2 0 2 0 2 0 2 0 2 0 2 0 2 0 2 0 2 0 2 0 2 0 2 0 2 0 2 0 2 0 2 0 2 0 2 0 2 0 2 0 2 0 2 0 2 0 2 0 2 0 2 0 2 0 2 0 2 0 2 0 2 0 2 0 2 0 2 0 2 0 2 0 1 0 1 0 1 0 1 0 1 0 1 0 1 0 1 0 1 0 1 0 1 0 1 0 0 0 0 0 0 0 0 0 0 0 0 0 2 0 2 0 2 0 2 0 2 0 2 0 2 0 2 0 2 0 2 0 2 0 2 0 0 0 0 0 0 0 0 0 0 0 0 0 0 0 0 0 0 0 0 0 0 0 0 0 0 0 0 0 0 0 0 0 0 0 0 0 0 0 0 0 0 0 0 0 0 0 0 0 0 0 0 0 0 0 0 0 0 0 0 0 0 0 0 0 0 0 0 0 0 0 0 0 0 0 0 0 0 0 0 0 0 0 0 0 0 0 0 0 0 0 0 0 0 0 0 0 1 0 1 0 1 0 1 0 1 0 1 0 2 0 2 0 2 0 2 0 2 0 2 0 2 0 2 0 2 0 2 0 2 0 2 0 2 0 2 0 2 0 2 0 2 0 2 0 0 0 0 0 0 0 0 0 0 0 0 0 0 0 0 0 0 0 0 0 0 0 0 0 1 0 1 0 1 0 1 0 1 0 1 0 1 0 1 0 1 0 1 0 1 0 1 0 1 0 1 0 1 0 1 0 1 0 1 0 1 0 1 0 1 0 1 0 1 0 1 0 1 0 1 0 1 0 1 0 1 0 1 0 2 0 2 0 2 0 2 0 2 0 2 0 2 0 2 0 2 0 2 0 2 0 2 0 2 0 2 0 2 0 2 0 2 0 2 0 2 0 2 0 2 0 2 0 2 0 2 0 2 0 2 0 2 0 2 0 2 0 2 0 2 0 2 0 2 0 2 0 2 0 2 0 2 0 2 0 2 0 2 0 2 0 2 0 0 0 0 0 0 0 0 0 0 0 0 0 0 0 0 0 0 0 0 0 0 0 0 0 0 0 0 0 0 0 0 0 0 0 0 0 0 0 0 0 0 0 0 0 0 0 0 0 1 0 1 0 1 0 1 0 1 0 1 0 1 0 1 0 1 0 1 0 1 0 1 0 2 0 2 0 2 0 2 0 2 0 2 0 2 0 2 0 2 0 2 0 2 0 2 0 2 0 2 0 2 0 2 0 2 0 2 0 2 0 2 0 2 0 2 0 2 0 2 0 2 0 2 0 2 0 2 0 2 0 2 0 2 0 2 0 2 0 2 0 2 0 2 0 2 0 2 0 2 0 2 0 2 0 2 0 0 0 0 0 0 0 0 0 0 0 0 0 0 0 0 0 0 0 0 0 0 0 0 0 0 0 0 0 0 0 0 0 0 0 0 0 1 0 1 0 1 0 1 0 1 0 1 0 2 0 2 0 2 0 2 0 2 0 2 0 2 0 2 0 2 0 2 0 2 0 2 0 </v>
        </vertex_weights>
      </skin>
    </controller>
    <controller id="Armature_L02_011_1__mShadowShake-mesh">
      <skin source="#L02_011_1__mShadowShake-mesh">
        <bind_shape_matrix>1 0 0 0 0 1 0 0 0 0 1 0 0 0 0 1</bind_shape_matrix>
        <source id="L02_011_1__mShadowShake-mesh-joint">
          <Name_array id="L02_011_1__mShadowShake-mesh-joint-array" count="3">Plant02 PlantTop Plant01</Name_array>
          <technique_common>
            <accessor source="#L02_011_1__mShadowShake-mesh-joint-array" count="3" stride="1">
              <param name="JOINT" type="name" />
            </accessor>
          </technique_common>
        </source>
        <source id="L02_011_1__mShadowShake-mesh-inv_bind_matrix">
          <float_array id="L02_011_1__mShadowShake-mesh-inv_bind_matrix-array" count="48">5.960466E-08 0.9999998 -2.086162E-07 -18.5 -2.086162E-07 5.960466E-08 0.9999998 -2 0.9999998 -2.086162E-07 5.960466E-08 6.5 0 0 0 1 5.960466E-08 0.9999998 -2.086162E-07 -27 -2.086162E-07 5.960466E-08 0.9999998 5 0.9999998 -2.086162E-07 5.960466E-08 -7.374475E-20 0 0 0 1 5.960466E-08 0.9999998 -2.086162E-07 -18.5 -2.086162E-07 5.960466E-08 0.9999998 -2 0.9999998 -2.086162E-07 5.960466E-08 -6.5 0 0 0 1</float_array>
          <technique_common>
            <accessor source="#L02_011_1__mShadowShake-mesh-inv_bind_matrix-array" count="3" stride="16">
              <param name="TRANSFORM" type="float4x4" />
            </accessor>
          </technique_common>
        </source>
        <source id="L02_011_1__mShadowShake-mesh-weight">
          <float_array id="L02_011_1__mShadowShake-mesh-weight-array" count="1">1</float_array>
          <technique_common>
            <accessor source="#L02_011_1__mShadowShake-mesh-weight-array" count="1" stride="1">
              <param name="WEIGHT" type="float" />
            </accessor>
          </technique_common>
        </source>
        <joints>
          <input semantic="JOINT" source="#L02_011_1__mShadowShake-mesh-joint" />
          <input semantic="INV_BIND_MATRIX" source="#L02_011_1__mShadowShake-mesh-inv_bind_matrix" />
        </joints>
        <vertex_weights count="524">
          <input semantic="JOINT" source="#L02_011_1__mShadowShake-mesh-joint" offset="0" />
          <input semantic="WEIGHT" source="#L02_011_1__mShadowShake-mesh-weight" offset="1" />
          <vcount>1 1 1 1 1 1 1 1 1 1 1 1 1 1 1 1 1 1 1 1 1 1 1 1 1 1 1 1 1 1 1 1 1 1 1 1 1 1 1 1 1 1 1 1 1 1 1 1 1 1 1 1 1 1 1 1 1 1 1 1 1 1 1 1 1 1 1 1 1 1 1 1 1 1 1 1 1 1 1 1 1 1 1 1 1 1 1 1 1 1 1 1 1 1 1 1 1 1 1 1 1 1 1 1 1 1 1 1 1 1 1 1 1 1 1 1 1 1 1 1 1 1 1 1 1 1 1 1 1 1 1 1 1 1 1 1 1 1 1 1 1 1 1 1 1 1 1 1 1 1 1 1 1 1 1 1 1 1 1 1 1 1 1 1 1 1 1 1 1 1 1 1 1 1 1 1 1 1 1 1 1 1 1 1 1 1 1 1 1 1 1 1 1 1 1 1 1 1 1 1 1 1 1 1 1 1 1 1 1 1 1 1 1 1 1 1 1 1 1 1 1 1 1 1 1 1 1 1 1 1 1 1 1 1 1 1 1 1 1 1 1 1 1 1 1 1 1 1 1 1 1 1 1 1 1 1 1 1 1 1 1 1 1 1 1 1 1 1 1 1 1 1 1 1 1 1 1 1 1 1 1 1 1 1 1 1 1 1 1 1 1 1 1 1 1 1 1 1 1 1 1 1 1 1 1 1 1 1 1 1 1 1 1 1 1 1 1 1 1 1 1 1 1 1 1 1 1 1 1 1 1 1 1 1 1 1 1 1 1 1 1 1 1 1 1 1 1 1 1 1 1 1 1 1 1 1 1 1 1 1 1 1 1 1 1 1 1 1 1 1 1 1 1 1 1 1 1 1 1 1 1 1 1 1 1 1 1 1 1 1 1 1 1 1 1 1 1 1 1 1 1 1 1 1 1 1 1 1 1 1 1 1 1 1 1 1 1 1 1 1 1 1 1 1 1 1 1 1 1 1 1 1 1 1 1 1 1 1 1 1 1 1 1 1 1 1 1 1 1 1 1 1 1 1 1 1 1 1 1 1 1 1 1 1 1 1 1 1 1 1 1 1 1 1 1 1 1 1 1 1 1 1 1 1 1 1 1 1 1 1 1 1 1 1 1 1 1 1 1 1 1 1 1 1 1 1 1 1 1 1 1 1 1 1 1 1 1 1 1 1 1 1 1 1 </vcount>
          <v>0 0 0 0 0 0 0 0 0 0 0 0 1 0 1 0 1 0 1 0 1 0 1 0 1 0 1 0 1 0 1 0 1 0 1 0 1 0 1 0 1 0 1 0 1 0 1 0 1 0 1 0 1 0 1 0 1 0 1 0 1 0 1 0 1 0 1 0 1 0 1 0 2 0 2 0 2 0 2 0 2 0 2 0 0 0 0 0 0 0 0 0 0 0 0 0 2 0 2 0 2 0 2 0 2 0 2 0 0 0 0 0 0 0 0 0 0 0 0 0 0 0 0 0 0 0 0 0 0 0 0 0 0 0 0 0 0 0 0 0 0 0 0 0 0 0 0 0 0 0 0 0 0 0 0 0 2 0 2 0 2 0 2 0 2 0 2 0 2 0 2 0 2 0 2 0 2 0 2 0 1 0 1 0 1 0 1 0 1 0 1 0 1 0 1 0 1 0 1 0 1 0 1 0 1 0 1 0 1 0 1 0 1 0 2 0 2 0 2 0 2 0 2 0 2 0 0 0 0 0 0 0 0 0 0 0 0 0 2 0 2 0 2 0 2 0 2 0 2 0 0 0 0 0 0 0 0 0 0 0 0 0 0 0 0 0 0 0 0 0 0 0 0 0 1 0 1 0 1 0 1 0 1 0 1 0 2 0 2 0 2 0 2 0 2 0 2 0 0 0 0 0 0 0 0 0 0 0 0 0 2 0 2 0 2 0 2 0 2 0 2 0 0 0 0 0 0 0 0 0 0 0 0 0 0 0 0 0 0 0 0 0 0 0 0 0 2 0 2 0 2 0 2 0 2 0 2 0 2 0 2 0 2 0 2 0 2 0 2 0 0 0 0 0 0 0 0 0 0 0 0 0 2 0 2 0 2 0 2 0 2 0 2 0 0 0 0 0 0 0 0 0 0 0 0 0 2 0 2 0 2 0 2 0 2 0 2 0 2 0 2 0 2 0 2 0 2 0 2 0 2 0 2 0 2 0 2 0 2 0 2 0 0 0 0 0 0 0 0 0 0 0 0 0 0 0 0 0 0 0 0 0 0 0 0 0 0 0 0 0 0 0 0 0 0 0 0 0 0 0 0 0 0 0 0 0 0 0 0 0 0 0 0 0 0 0 0 0 1 0 1 0 1 0 1 0 1 0 1 0 1 0 1 0 1 0 1 0 1 0 1 0 1 0 1 0 1 0 1 0 1 0 1 0 1 0 1 0 1 0 1 0 1 0 1 0 1 0 1 0 1 0 1 0 1 0 1 0 1 0 1 0 1 0 0 0 0 0 0 0 0 0 0 0 0 0 0 0 0 0 0 0 0 0 0 0 0 0 0 0 0 0 0 0 0 0 0 0 0 0 0 0 0 0 0 0 0 0 0 0 0 0 0 0 0 0 0 0 0 0 0 0 0 0 0 0 0 0 0 0 0 0 0 0 0 0 0 0 0 0 0 0 0 0 0 0 0 0 0 0 0 0 2 0 2 0 2 0 2 0 2 0 2 0 2 0 2 0 2 0 2 0 2 0 0 0 0 0 0 0 0 0 0 0 0 0 0 0 0 0 0 0 0 0 0 0 2 0 2 0 2 0 2 0 2 0 2 0 2 0 2 0 2 0 2 0 2 0 2 0 2 0 2 0 2 0 2 0 2 0 2 0 2 0 2 0 2 0 2 0 2 0 2 0 2 0 2 0 2 0 2 0 2 0 2 0 2 0 2 0 2 0 1 0 1 0 1 0 1 0 1 0 1 0 1 0 1 0 1 0 1 0 1 0 0 0 0 0 0 0 0 0 0 0 0 0 0 0 0 0 0 0 0 0 0 0 0 0 0 0 0 0 0 0 0 0 0 0 0 0 0 0 0 0 0 0 0 0 2 0 2 0 2 0 2 0 2 0 2 0 2 0 2 0 2 0 2 0 2 0 0 0 0 0 0 0 0 0 0 0 0 0 0 0 0 0 0 0 0 0 0 0 2 0 2 0 2 0 2 0 2 0 2 0 2 0 2 0 2 0 2 0 2 0 2 0 2 0 2 0 2 0 2 0 2 0 2 0 2 0 2 0 2 0 2 0 2 0 2 0 2 0 2 0 2 0 2 0 2 0 2 0 2 0 2 0 2 0 2 0 2 0 2 0 2 0 2 0 2 0 2 0 2 0 2 0 2 0 2 0 2 0 2 0 2 0 2 0 2 0 2 0 2 0 2 0 2 0 2 0 2 0 2 0 2 0 2 0 2 0 2 0 2 0 2 0 2 0 2 0 2 0 2 0 2 0 2 0 2 0 2 0 2 0 2 0 2 0 2 0 2 0 2 0 2 0 0 0 0 0 0 0 0 0 0 0 0 0 0 0 0 0 0 0 0 0 0 0 </v>
        </vertex_weights>
      </skin>
    </controller>
    <controller id="Armature_LB014_1__mShadow-mesh">
      <skin source="#LB014_1__mShadow-mesh">
        <bind_shape_matrix>1 0 0 0 0 1 0 0 0 0 1 0 0 0 0 1</bind_shape_matrix>
        <source id="LB014_1__mShadow-mesh-joint">
          <Name_array id="LB014_1__mShadow-mesh-joint-array" count="5">PlantTop Plant02 Plant01 Base Skl_Root</Name_array>
          <technique_common>
            <accessor source="#LB014_1__mShadow-mesh-joint-array" count="5" stride="1">
              <param name="JOINT" type="name" />
            </accessor>
          </technique_common>
        </source>
        <source id="LB014_1__mShadow-mesh-inv_bind_matrix">
          <float_array id="LB014_1__mShadow-mesh-inv_bind_matrix-array" count="80">5.960466E-08 0.9999998 -2.086162E-07 -27 -2.086162E-07 5.960466E-08 0.9999998 5 0.9999998 -2.086162E-07 5.960466E-08 -7.374475E-20 0 0 0 1 5.960466E-08 0.9999998 -2.086162E-07 -18.5 -2.086162E-07 5.960466E-08 0.9999998 -2 0.9999998 -2.086162E-07 5.960466E-08 6.5 0 0 0 1 5.960466E-08 0.9999998 -2.086162E-07 -18.5 -2.086162E-07 5.960466E-08 0.9999998 -2 0.9999998 -2.086162E-07 5.960466E-08 -6.5 0 0 0 1 5.960466E-08 0.9999998 -2.086162E-07 -5 -2.086162E-07 5.960466E-08 0.9999998 -9.769905E-15 0.9999998 -2.086162E-07 5.960466E-08 -1.297018E-20 0 0 0 1 5.960466E-08 0.9999998 -2.086162E-07 0 -2.086162E-07 5.960466E-08 0.9999998 0 0.9999998 -2.086162E-07 5.960466E-08 0 0 0 0 1</float_array>
          <technique_common>
            <accessor source="#LB014_1__mShadow-mesh-inv_bind_matrix-array" count="5" stride="16">
              <param name="TRANSFORM" type="float4x4" />
            </accessor>
          </technique_common>
        </source>
        <source id="LB014_1__mShadow-mesh-weight">
          <float_array id="LB014_1__mShadow-mesh-weight-array" count="1">1</float_array>
          <technique_common>
            <accessor source="#LB014_1__mShadow-mesh-weight-array" count="1" stride="1">
              <param name="WEIGHT" type="float" />
            </accessor>
          </technique_common>
        </source>
        <joints>
          <input semantic="JOINT" source="#LB014_1__mShadow-mesh-joint" />
          <input semantic="INV_BIND_MATRIX" source="#LB014_1__mShadow-mesh-inv_bind_matrix" />
        </joints>
        <vertex_weights count="678">
          <input semantic="JOINT" source="#LB014_1__mShadow-mesh-joint" offset="0" />
          <input semantic="WEIGHT" source="#LB014_1__mShadow-mesh-weight" offset="1" />
          <vcount>1 1 1 1 1 1 1 1 1 1 1 1 1 1 1 1 1 1 1 1 1 1 1 1 1 1 1 1 1 1 1 1 1 1 1 1 1 1 1 1 1 1 1 1 1 1 1 1 1 1 1 1 1 1 1 1 1 1 1 1 1 1 1 1 1 1 1 1 1 1 1 1 1 1 1 1 1 1 1 1 1 1 1 1 1 1 1 1 1 1 1 1 1 1 1 1 1 1 1 1 1 1 1 1 1 1 1 1 1 1 1 1 1 1 1 1 1 1 1 1 1 1 1 1 1 1 1 1 1 1 1 1 1 1 1 1 1 1 1 1 1 1 1 1 1 1 1 1 1 1 1 1 1 1 1 1 1 1 1 1 1 1 1 1 1 1 1 1 1 1 1 1 1 1 1 1 1 1 1 1 1 1 1 1 1 1 1 1 1 1 1 1 1 1 1 1 1 1 1 1 1 1 1 1 1 1 1 1 1 1 1 1 1 1 1 1 1 1 1 1 1 1 1 1 1 1 1 1 1 1 1 1 1 1 1 1 1 1 1 1 1 1 1 1 1 1 1 1 1 1 1 1 1 1 1 1 1 1 1 1 1 1 1 1 1 1 1 1 1 1 1 1 1 1 1 1 1 1 1 1 1 1 1 1 1 1 1 1 1 1 1 1 1 1 1 1 1 1 1 1 1 1 1 1 1 1 1 1 1 1 1 1 1 1 1 1 1 1 1 1 1 1 1 1 1 1 1 1 1 1 1 1 1 1 1 1 1 1 1 1 1 1 1 1 1 1 1 1 1 1 1 1 1 1 1 1 1 1 1 1 1 1 1 1 1 1 1 1 1 1 1 1 1 1 1 1 1 1 1 1 1 1 1 1 1 1 1 1 1 1 1 1 1 1 1 1 1 1 1 1 1 1 1 1 1 1 1 1 1 1 1 1 1 1 1 1 1 1 1 1 1 1 1 1 1 1 1 1 1 1 1 1 1 1 1 1 1 1 1 1 1 1 1 1 1 1 1 1 1 1 1 1 1 1 1 1 1 1 1 1 1 1 1 1 1 1 1 1 1 1 1 1 1 1 1 1 1 1 1 1 1 1 1 1 1 1 1 1 1 1 1 1 1 1 1 1 1 1 1 1 1 1 1 1 1 1 1 1 1 1 1 1 1 1 1 1 1 1 1 1 1 1 1 1 1 1 1 1 1 1 1 1 1 1 1 1 1 1 1 1 1 1 1 1 1 1 1 1 1 1 1 1 1 1 1 1 1 1 1 1 1 1 1 1 1 1 1 1 1 1 1 1 1 1 1 1 1 1 1 1 1 1 1 1 1 1 1 1 1 1 1 1 1 1 1 1 1 1 1 1 1 1 1 1 1 1 1 1 1 1 1 1 1 1 1 1 1 1 1 1 1 1 1 1 1 1 1 1 1 1 1 1 1 1 1 1 1 1 1 1 1 1 1 1 1 1 1 1 1 1 1 1 1 1 1 1 1 1 1 1 1 1 1 1 1 1 1 1 1 1 1 1 1 1 1 1 1 1 </vcount>
          <v>0 0 0 0 0 0 0 0 0 0 0 0 0 0 0 0 0 0 0 0 0 0 0 0 0 0 0 0 0 0 0 0 0 0 0 0 0 0 0 0 0 0 0 0 0 0 0 0 0 0 0 0 0 0 0 0 0 0 0 0 1 0 1 0 1 0 1 0 1 0 1 0 1 0 1 0 1 0 1 0 1 0 1 0 1 0 1 0 1 0 1 0 1 0 1 0 1 0 1 0 1 0 1 0 1 0 1 0 2 0 2 0 2 0 2 0 2 0 2 0 2 0 2 0 2 0 2 0 2 0 2 0 2 0 2 0 2 0 2 0 2 0 2 0 2 0 2 0 2 0 2 0 2 0 2 0 2 0 2 0 2 0 2 0 2 0 2 0 2 0 2 0 2 0 2 0 2 0 2 0 3 0 3 0 3 0 3 0 3 0 3 0 3 0 3 0 3 0 3 0 3 0 3 0 3 0 3 0 3 0 3 0 3 0 3 0 3 0 3 0 3 0 3 0 3 0 3 0 4 0 4 0 4 0 4 0 4 0 4 0 4 0 4 0 4 0 4 0 4 0 4 0 4 0 4 0 4 0 4 0 4 0 4 0 4 0 4 0 4 0 4 0 4 0 4 0 2 0 2 0 2 0 2 0 2 0 2 0 2 0 2 0 2 0 2 0 2 0 2 0 2 0 2 0 2 0 2 0 2 0 2 0 4 0 4 0 4 0 4 0 4 0 4 0 0 0 0 0 0 0 0 0 0 0 0 0 0 0 0 0 0 0 0 0 0 0 0 0 0 0 0 0 0 0 0 0 0 0 0 0 0 0 0 0 0 0 0 0 0 0 0 0 0 0 0 0 0 0 1 0 1 0 1 0 1 0 1 0 1 0 1 0 1 0 1 0 1 0 1 0 1 0 1 0 1 0 1 0 1 0 1 0 1 0 1 0 1 0 1 0 1 0 1 0 1 0 1 0 1 0 1 0 1 0 1 0 1 0 1 0 1 0 1 0 1 0 1 0 1 0 1 0 1 0 1 0 1 0 1 0 1 0 2 0 2 0 2 0 2 0 2 0 2 0 2 0 2 0 2 0 2 0 2 0 2 0 2 0 2 0 2 0 2 0 2 0 2 0 2 0 2 0 2 0 2 0 2 0 2 0 4 0 4 0 4 0 4 0 4 0 4 0 4 0 4 0 4 0 4 0 4 0 4 0 4 0 4 0 4 0 4 0 4 0 4 0 4 0 4 0 4 0 4 0 4 0 4 0 4 0 4 0 4 0 4 0 4 0 4 0 4 0 4 0 4 0 4 0 4 0 4 0 4 0 4 0 4 0 4 0 4 0 4 0 4 0 4 0 4 0 4 0 4 0 4 0 4 0 4 0 4 0 4 0 3 0 3 0 3 0 3 0 3 0 3 0 3 0 3 0 3 0 3 0 3 0 3 0 3 0 3 0 3 0 3 0 4 0 4 0 4 0 4 0 4 0 4 0 4 0 4 0 4 0 4 0 4 0 4 0 4 0 4 0 4 0 4 0 4 0 4 0 4 0 4 0 4 0 4 0 4 0 4 0 4 0 4 0 4 0 4 0 4 0 4 0 4 0 4 0 2 0 2 0 2 0 2 0 2 0 2 0 2 0 2 0 2 0 2 0 2 0 2 0 2 0 2 0 2 0 2 0 2 0 2 0 2 0 2 0 2 0 2 0 2 0 2 0 2 0 2 0 2 0 2 0 2 0 2 0 2 0 2 0 2 0 2 0 2 0 2 0 2 0 2 0 2 0 2 0 2 0 2 0 2 0 2 0 2 0 2 0 2 0 2 0 2 0 2 0 2 0 2 0 2 0 2 0 2 0 2 0 2 0 2 0 2 0 2 0 2 0 2 0 2 0 2 0 2 0 2 0 2 0 2 0 2 0 2 0 2 0 2 0 2 0 2 0 2 0 2 0 2 0 2 0 2 0 2 0 2 0 2 0 2 0 2 0 2 0 2 0 2 0 2 0 2 0 2 0 2 0 2 0 4 0 4 0 4 0 4 0 4 0 4 0 4 0 4 0 0 0 0 0 0 0 0 0 0 0 0 0 0 0 0 0 0 0 0 0 0 0 0 0 0 0 0 0 0 0 0 0 0 0 0 0 0 0 0 0 0 0 0 0 0 0 0 0 0 0 0 0 0 0 0 0 0 0 0 0 0 0 0 0 0 0 0 0 0 0 0 0 0 0 0 0 0 0 0 0 0 0 0 0 0 0 0 0 0 0 0 0 0 0 0 0 0 0 0 0 0 0 0 0 0 0 0 0 0 0 0 0 0 0 0 0 0 0 0 0 0 0 0 0 0 0 0 0 0 0 0 0 0 0 0 0 0 0 0 0 0 0 0 0 0 0 0 0 0 0 0 0 0 0 0 0 0 0 0 0 0 0 0 0 0 0 0 0 0 0 0 0 0 0 0 0 0 0 0 0 0 0 0 0 1 0 1 0 1 0 1 0 1 0 1 0 1 0 1 0 1 0 1 0 1 0 1 0 1 0 1 0 1 0 1 0 1 0 1 0 1 0 1 0 1 0 1 0 1 0 1 0 1 0 1 0 1 0 1 0 1 0 1 0 1 0 1 0 1 0 1 0 1 0 1 0 1 0 1 0 1 0 1 0 1 0 1 0 1 0 1 0 1 0 1 0 1 0 1 0 1 0 1 0 1 0 1 0 1 0 1 0 1 0 1 0 1 0 1 0 1 0 1 0 1 0 1 0 1 0 1 0 1 0 1 0 1 0 1 0 1 0 1 0 1 0 1 0 1 0 1 0 1 0 1 0 1 0 1 0 1 0 1 0 1 0 1 0 1 0 1 0 1 0 3 0 3 0 3 0 3 0 3 0 3 0 3 0 3 0 3 0 3 0 2 0 2 0 2 0 2 0 2 0 2 0 2 0 2 0 2 0 2 0 0 0 0 0 0 0 0 0 0 0 1 0 1 0 1 0 1 0 1 0 1 0 1 0 1 0 1 0 1 0 1 0 1 0 1 0 1 0 1 0 2 0 2 0 2 0 2 0 2 0 2 0 </v>
        </vertex_weights>
      </skin>
    </controller>
    <controller id="Armature_LB014__mTreeOakLeafBack-mesh">
      <skin source="#LB014__mTreeOakLeafBack-mesh">
        <bind_shape_matrix>1 0 0 0 0 1 0 0 0 0 1 0 0 0 0 1</bind_shape_matrix>
        <source id="LB014__mTreeOakLeafBack-mesh-joint">
          <Name_array id="LB014__mTreeOakLeafBack-mesh-joint-array" count="3">Plant01 PlantTop Plant02</Name_array>
          <technique_common>
            <accessor source="#LB014__mTreeOakLeafBack-mesh-joint-array" count="3" stride="1">
              <param name="JOINT" type="name" />
            </accessor>
          </technique_common>
        </source>
        <source id="LB014__mTreeOakLeafBack-mesh-inv_bind_matrix">
          <float_array id="LB014__mTreeOakLeafBack-mesh-inv_bind_matrix-array" count="48">5.960466E-08 0.9999998 -2.086162E-07 -18.5 -2.086162E-07 5.960466E-08 0.9999998 -2 0.9999998 -2.086162E-07 5.960466E-08 -6.5 0 0 0 1 5.960466E-08 0.9999998 -2.086162E-07 -27 -2.086162E-07 5.960466E-08 0.9999998 5 0.9999998 -2.086162E-07 5.960466E-08 -7.374475E-20 0 0 0 1 5.960466E-08 0.9999998 -2.086162E-07 -18.5 -2.086162E-07 5.960466E-08 0.9999998 -2 0.9999998 -2.086162E-07 5.960466E-08 6.5 0 0 0 1</float_array>
          <technique_common>
            <accessor source="#LB014__mTreeOakLeafBack-mesh-inv_bind_matrix-array" count="3" stride="16">
              <param name="TRANSFORM" type="float4x4" />
            </accessor>
          </technique_common>
        </source>
        <source id="LB014__mTreeOakLeafBack-mesh-weight">
          <float_array id="LB014__mTreeOakLeafBack-mesh-weight-array" count="1">1</float_array>
          <technique_common>
            <accessor source="#LB014__mTreeOakLeafBack-mesh-weight-array" count="1" stride="1">
              <param name="WEIGHT" type="float" />
            </accessor>
          </technique_common>
        </source>
        <joints>
          <input semantic="JOINT" source="#LB014__mTreeOakLeafBack-mesh-joint" />
          <input semantic="INV_BIND_MATRIX" source="#LB014__mTreeOakLeafBack-mesh-inv_bind_matrix" />
        </joints>
        <vertex_weights count="212">
          <input semantic="JOINT" source="#LB014__mTreeOakLeafBack-mesh-joint" offset="0" />
          <input semantic="WEIGHT" source="#LB014__mTreeOakLeafBack-mesh-weight" offset="1" />
          <vcount>1 1 1 1 1 1 1 1 1 1 1 1 1 1 1 1 1 1 1 1 1 1 1 1 1 1 1 1 1 1 1 1 1 1 1 1 1 1 1 1 1 1 1 1 1 1 1 1 1 1 1 1 1 1 1 1 1 1 1 1 1 1 1 1 1 1 1 1 1 1 1 1 1 1 1 1 1 1 1 1 1 1 1 1 1 1 1 1 1 1 1 1 1 1 1 1 1 1 1 1 1 1 1 1 1 1 1 1 1 1 1 1 1 1 1 1 1 1 1 1 1 1 1 1 1 1 1 1 1 1 1 1 1 1 1 1 1 1 1 1 1 1 1 1 1 1 1 1 1 1 1 1 1 1 1 1 1 1 1 1 1 1 1 1 1 1 1 1 1 1 1 1 1 1 1 1 1 1 1 1 1 1 1 1 1 1 1 1 1 1 1 1 1 1 1 1 1 1 1 1 1 1 1 1 1 1 1 1 1 1 1 1 </vcount>
          <v>0 0 0 0 0 0 0 0 0 0 0 0 0 0 0 0 0 0 0 0 0 0 0 0 0 0 0 0 0 0 0 0 0 0 0 0 0 0 0 0 0 0 0 0 0 0 0 0 0 0 0 0 0 0 0 0 0 0 0 0 0 0 0 0 0 0 0 0 0 0 0 0 0 0 0 0 0 0 0 0 0 0 0 0 1 0 1 0 1 0 1 0 1 0 1 0 1 0 1 0 1 0 1 0 1 0 1 0 1 0 1 0 1 0 1 0 1 0 1 0 1 0 1 0 1 0 1 0 1 0 1 0 1 0 1 0 1 0 1 0 2 0 2 0 2 0 2 0 2 0 2 0 2 0 2 0 2 0 2 0 2 0 2 0 2 0 2 0 2 0 2 0 2 0 2 0 2 0 2 0 2 0 0 0 0 0 0 0 0 0 0 0 0 0 0 0 1 0 1 0 1 0 1 0 1 0 1 0 1 0 0 0 0 0 0 0 0 0 0 0 0 0 0 0 1 0 1 0 1 0 1 0 1 0 1 0 1 0 0 0 0 0 0 0 0 0 0 0 0 0 0 0 0 0 0 0 0 0 0 0 0 0 0 0 0 0 0 0 0 0 0 0 0 0 0 0 0 0 0 0 1 0 1 0 1 0 1 0 1 0 1 0 2 0 2 0 2 0 2 0 2 0 2 0 2 0 2 0 2 0 2 0 2 0 2 0 1 0 1 0 1 0 1 0 1 0 1 0 0 0 0 0 0 0 0 0 0 0 0 0 0 0 0 0 0 0 0 0 0 0 0 0 0 0 0 0 0 0 0 0 0 0 0 0 1 0 1 0 1 0 1 0 1 0 1 0 0 0 0 0 0 0 0 0 0 0 0 0 0 0 0 0 1 0 1 0 1 0 1 0 1 0 1 0 1 0 1 0 2 0 2 0 2 0 2 0 2 0 2 0 2 0 2 0 </v>
        </vertex_weights>
      </skin>
    </controller>
    <controller id="Armature_TrunkBottom__mPltTreeOakTrunk-mesh">
      <skin source="#TrunkBottom__mPltTreeOakTrunk-mesh">
        <bind_shape_matrix>1 0 0 0 0 1 0 0 0 0 1 0 0 0 0 1</bind_shape_matrix>
        <source id="TrunkBottom__mPltTreeOakTrunk-mesh-joint">
          <Name_array id="TrunkBottom__mPltTreeOakTrunk-mesh-joint-array" count="2">Skl_Root Base</Name_array>
          <technique_common>
            <accessor source="#TrunkBottom__mPltTreeOakTrunk-mesh-joint-array" count="2" stride="1">
              <param name="JOINT" type="name" />
            </accessor>
          </technique_common>
        </source>
        <source id="TrunkBottom__mPltTreeOakTrunk-mesh-inv_bind_matrix">
          <float_array id="TrunkBottom__mPltTreeOakTrunk-mesh-inv_bind_matrix-array" count="32">5.960466E-08 0.9999998 -2.086162E-07 0 -2.086162E-07 5.960466E-08 0.9999998 0 0.9999998 -2.086162E-07 5.960466E-08 0 0 0 0 1 5.960466E-08 0.9999998 -2.086162E-07 -5 -2.086162E-07 5.960466E-08 0.9999998 -9.769905E-15 0.9999998 -2.086162E-07 5.960466E-08 -1.297018E-20 0 0 0 1</float_array>
          <technique_common>
            <accessor source="#TrunkBottom__mPltTreeOakTrunk-mesh-inv_bind_matrix-array" count="2" stride="16">
              <param name="TRANSFORM" type="float4x4" />
            </accessor>
          </technique_common>
        </source>
        <source id="TrunkBottom__mPltTreeOakTrunk-mesh-weight">
          <float_array id="TrunkBottom__mPltTreeOakTrunk-mesh-weight-array" count="1">1</float_array>
          <technique_common>
            <accessor source="#TrunkBottom__mPltTreeOakTrunk-mesh-weight-array" count="1" stride="1">
              <param name="WEIGHT" type="float" />
            </accessor>
          </technique_common>
        </source>
        <joints>
          <input semantic="JOINT" source="#TrunkBottom__mPltTreeOakTrunk-mesh-joint" />
          <input semantic="INV_BIND_MATRIX" source="#TrunkBottom__mPltTreeOakTrunk-mesh-inv_bind_matrix" />
        </joints>
        <vertex_weights count="1783">
          <input semantic="JOINT" source="#TrunkBottom__mPltTreeOakTrunk-mesh-joint" offset="0" />
          <input semantic="WEIGHT" source="#TrunkBottom__mPltTreeOakTrunk-mesh-weight" offset="1" />
          <vcount>1 1 1 1 1 1 1 1 1 1 1 1 1 1 1 1 1 1 1 1 1 1 1 1 1 1 1 1 1 1 1 1 1 1 1 1 1 1 1 1 1 1 1 1 1 1 1 1 1 1 1 1 1 1 1 1 1 1 1 1 1 1 1 1 1 1 1 1 1 1 1 1 1 1 1 1 1 1 1 1 1 1 1 1 1 1 1 1 1 1 1 1 1 1 1 1 1 1 1 1 1 1 1 1 1 1 1 1 1 1 1 1 1 1 1 1 1 1 1 1 1 1 1 1 1 1 1 1 1 1 1 1 1 1 1 1 1 1 1 1 1 1 1 1 1 1 1 1 1 1 1 1 1 1 1 1 1 1 1 1 1 1 1 1 1 1 1 1 1 1 1 1 1 1 1 1 1 1 1 1 1 1 1 1 1 1 1 1 1 1 1 1 1 1 1 1 1 1 1 1 1 1 1 1 1 1 1 1 1 1 1 1 1 1 1 1 1 1 1 1 1 1 1 1 1 1 1 1 1 1 1 1 1 1 1 1 1 1 1 1 1 1 1 1 1 1 1 1 1 1 1 1 1 1 1 1 1 1 1 1 1 1 1 1 1 1 1 1 1 1 1 1 1 1 1 1 1 1 1 1 1 1 1 1 1 1 1 1 1 1 1 1 1 1 1 1 1 1 1 1 1 1 1 1 1 1 1 1 1 1 1 1 1 1 1 1 1 1 1 1 1 1 1 1 1 1 1 1 1 1 1 1 1 1 1 1 1 1 1 1 1 1 1 1 1 1 1 1 1 1 1 1 1 1 1 1 1 1 1 1 1 1 1 1 1 1 1 1 1 1 1 1 1 1 1 1 1 1 1 1 1 1 1 1 1 1 1 1 1 1 1 1 1 1 1 1 1 1 1 1 1 1 1 1 1 1 1 1 1 1 1 1 1 1 1 1 1 1 1 1 1 1 1 1 1 1 1 1 1 1 1 1 1 1 1 1 1 1 1 1 1 1 1 1 1 1 1 1 1 1 1 1 1 1 1 1 1 1 1 1 1 1 1 1 1 1 1 1 1 1 1 1 1 1 1 1 1 1 1 1 1 1 1 1 1 1 1 1 1 1 1 1 1 1 1 1 1 1 1 1 1 1 1 1 1 1 1 1 1 1 1 1 1 1 1 1 1 1 1 1 1 1 1 1 1 1 1 1 1 1 1 1 1 1 1 1 1 1 1 1 1 1 1 1 1 1 1 1 1 1 1 1 1 1 1 1 1 1 1 1 1 1 1 1 1 1 1 1 1 1 1 1 1 1 1 1 1 1 1 1 1 1 1 1 1 1 1 1 1 1 1 1 1 1 1 1 1 1 1 1 1 1 1 1 1 1 1 1 1 1 1 1 1 1 1 1 1 1 1 1 1 1 1 1 1 1 1 1 1 1 1 1 1 1 1 1 1 1 1 1 1 1 1 1 1 1 1 1 1 1 1 1 1 1 1 1 1 1 1 1 1 1 1 1 1 1 1 1 1 1 1 1 1 1 1 1 1 1 1 1 1 1 1 1 1 1 1 1 1 1 1 1 1 1 1 1 1 1 1 1 1 1 1 1 1 1 1 1 1 1 1 1 1 1 1 1 1 1 1 1 1 1 1 1 1 1 1 1 1 1 1 1 1 1 1 1 1 1 1 1 1 1 1 1 1 1 1 1 1 1 1 1 1 1 1 1 1 1 1 1 1 1 1 1 1 1 1 1 1 1 1 1 1 1 1 1 1 1 1 1 1 1 1 1 1 1 1 1 1 1 1 1 1 1 1 1 1 1 1 1 1 1 1 1 1 1 1 1 1 1 1 1 1 1 1 1 1 1 1 1 1 1 1 1 1 1 1 1 1 1 1 1 1 1 1 1 1 1 1 1 1 1 1 1 1 1 1 1 1 1 1 1 1 1 1 1 1 1 1 1 1 1 1 1 1 1 1 1 1 1 1 1 1 1 1 1 1 1 1 1 1 1 1 1 1 1 1 1 1 1 1 1 1 1 1 1 1 1 1 1 1 1 1 1 1 1 1 1 1 1 1 1 1 1 1 1 1 1 1 1 1 1 1 1 1 1 1 1 1 1 1 1 1 1 1 1 1 1 1 1 1 1 1 1 1 1 1 1 1 1 1 1 1 1 1 1 1 1 1 1 1 1 1 1 1 1 1 1 1 1 1 1 1 1 1 1 1 1 1 1 1 1 1 1 1 1 1 1 1 1 1 1 1 1 1 1 1 1 1 1 1 1 1 1 1 1 1 1 1 1 1 1 1 1 1 1 1 1 1 1 1 1 1 1 1 1 1 1 1 1 1 1 1 1 1 1 1 1 1 1 1 1 1 1 1 1 1 1 1 1 1 1 1 1 1 1 1 1 1 1 1 1 1 1 1 1 1 1 1 1 1 1 1 1 1 1 1 1 1 1 1 1 1 1 1 1 1 1 1 1 1 1 1 1 1 1 1 1 1 1 1 1 1 1 1 1 1 1 1 1 1 1 1 1 1 1 1 1 1 1 1 1 1 1 1 1 1 1 1 1 1 1 1 1 1 1 1 1 1 1 1 1 1 1 1 1 1 1 1 1 1 1 1 1 1 1 1 1 1 1 1 1 1 1 1 1 1 1 1 1 1 1 1 1 1 1 1 1 1 1 1 1 1 1 1 1 1 1 1 1 1 1 1 1 1 1 1 1 1 1 1 1 1 1 1 1 1 1 1 1 1 1 1 1 1 1 1 1 1 1 1 1 1 1 1 1 1 1 1 1 1 1 1 1 1 1 1 1 1 1 1 1 1 1 1 1 1 1 1 1 1 1 1 1 1 1 1 1 1 1 1 1 1 1 1 1 1 1 1 1 1 1 1 1 1 1 1 1 1 1 1 1 1 1 1 1 1 1 1 1 1 1 1 1 1 1 1 1 1 1 1 1 1 1 1 1 1 1 1 1 1 1 1 1 1 1 1 1 1 1 1 1 1 1 1 1 1 1 1 1 1 1 1 1 1 1 1 1 1 1 1 1 1 1 1 1 1 1 1 1 1 1 1 1 1 1 1 1 1 1 1 1 1 1 1 1 1 1 1 1 1 1 1 1 1 1 1 1 1 1 1 1 1 1 1 1 1 1 1 1 1 1 1 1 1 1 1 1 1 1 1 1 1 1 1 1 1 1 1 1 1 1 1 1 1 1 1 1 1 1 1 1 1 1 1 1 1 1 1 1 1 1 1 1 1 1 1 1 1 1 1 1 1 1 1 1 1 1 1 1 1 1 1 1 1 1 1 1 1 1 1 1 1 1 1 1 1 1 1 1 1 1 1 1 1 1 1 1 1 1 1 1 1 1 1 1 1 1 1 1 1 1 1 1 1 1 1 1 1 1 1 1 1 1 1 1 1 1 1 1 1 1 1 1 1 1 1 1 1 1 1 1 1 1 1 1 1 1 1 1 1 1 1 1 1 1 1 1 1 1 1 1 1 1 1 1 1 1 1 1 1 1 1 1 1 1 1 1 1 1 1 1 1 1 1 1 1 1 1 1 1 1 1 1 1 1 1 1 1 1 1 1 1 1 1 1 1 1 1 1 1 1 1 1 1 1 1 1 1 1 1 1 1 1 1 1 1 1 1 1 1 1 1 1 1 1 1 1 1 1 1 1 1 1 1 1 1 1 1 1 1 1 1 1 1 1 1 1 1 1 1 1 1 1 1 1 1 1 1 1 1 1 1 1 1 1 1 1 1 1 1 1 1 1 1 1 1 1 1 1 1 1 1 1 1 1 1 1 1 1 1 1 1 1 1 1 1 1 1 1 1 1 1 1 1 1 1 1 1 1 1 1 1 1 1 1 1 1 1 1 1 1 1 1 1 1 1 1 1 1 1 1 1 1 1 1 1 1 1 1 1 1 1 1 1 1 1 1 1 1 1 1 1 1 1 1 1 1 1 1 1 1 1 1 1 1 1 1 1 1 1 1 1 1 1 1 1 1 1 1 1 1 1 1 1 1 1 1 1 1 1 1 1 </vcount>
          <v>0 0 0 0 0 0 0 0 0 0 0 0 0 0 0 0 0 0 0 0 0 0 0 0 0 0 0 0 0 0 0 0 0 0 0 0 0 0 0 0 0 0 0 0 0 0 0 0 0 0 0 0 0 0 0 0 0 0 0 0 0 0 0 0 0 0 0 0 0 0 0 0 0 0 0 0 0 0 0 0 0 0 0 0 0 0 0 0 0 0 0 0 0 0 0 0 0 0 0 0 0 0 0 0 0 0 0 0 0 0 0 0 0 0 0 0 0 0 0 0 0 0 0 0 0 0 0 0 0 0 0 0 0 0 0 0 0 0 0 0 0 0 0 0 0 0 0 0 0 0 0 0 0 0 0 0 0 0 0 0 0 0 0 0 0 0 0 0 0 0 0 0 0 0 0 0 0 0 0 0 0 0 0 0 0 0 0 0 0 0 0 0 0 0 0 0 0 0 0 0 0 0 0 0 0 0 0 0 0 0 0 0 0 0 0 0 0 0 0 0 0 0 0 0 0 0 0 0 0 0 0 0 0 0 0 0 0 0 0 0 0 0 0 0 0 0 0 0 0 0 0 0 0 0 0 0 0 0 0 0 0 0 0 0 0 0 0 0 0 0 0 0 0 0 0 0 0 0 0 0 0 0 0 0 0 0 0 0 0 0 0 0 0 0 0 0 0 0 0 0 0 0 0 0 0 0 0 0 0 0 0 0 0 0 0 0 0 0 0 0 0 0 0 0 0 0 0 0 0 0 0 0 0 0 0 0 0 0 0 0 0 0 0 0 0 0 0 0 0 0 0 0 0 0 0 0 0 0 0 0 0 0 0 0 0 0 0 0 0 0 0 0 0 0 0 0 0 0 0 0 0 0 0 0 0 0 0 0 0 0 0 0 0 0 0 0 0 0 0 0 0 0 0 0 0 0 0 0 0 0 0 0 0 0 0 0 0 0 0 0 0 0 0 0 0 0 0 0 0 0 0 0 0 0 0 0 0 0 0 0 0 0 0 0 0 0 0 0 0 0 0 0 0 0 0 0 0 0 0 0 0 0 0 0 0 0 0 0 0 0 0 0 0 0 0 0 0 0 0 0 0 0 0 0 0 0 0 0 0 0 0 0 0 0 0 0 0 0 0 0 0 0 0 0 0 0 0 0 0 0 0 0 0 0 0 0 0 0 0 0 0 0 0 0 0 0 0 0 0 0 0 0 0 0 0 0 0 0 0 0 0 0 0 0 0 0 0 0 0 0 0 0 0 0 0 0 0 0 0 0 0 0 0 0 0 0 0 0 0 0 0 0 0 0 0 0 0 0 0 0 0 0 0 0 0 0 0 0 0 0 0 0 0 0 0 0 0 0 0 0 0 0 0 0 0 0 0 0 0 0 0 0 0 0 0 0 0 0 0 0 0 0 0 0 0 0 0 0 0 0 0 0 0 0 0 0 0 0 0 0 0 0 0 0 0 0 0 0 0 0 0 0 0 0 0 0 0 0 0 0 0 0 0 0 0 0 0 0 0 0 0 0 0 0 0 0 0 0 0 0 0 0 0 0 0 0 0 0 0 0 0 0 0 0 0 0 0 0 0 0 0 0 0 0 0 0 0 0 0 0 0 0 0 0 0 0 0 0 0 0 0 0 0 0 0 0 0 0 0 0 0 0 0 0 0 0 0 0 0 0 0 0 0 0 0 0 0 0 0 0 0 0 0 0 0 0 0 0 0 0 0 0 0 0 0 0 0 0 0 0 0 0 0 0 0 0 0 0 0 0 0 0 0 0 0 0 0 0 0 0 0 0 0 0 0 0 0 0 0 0 0 0 0 0 0 0 0 0 0 0 0 0 0 0 0 0 0 0 0 0 0 0 0 0 0 0 0 0 0 0 0 0 0 0 0 0 0 0 0 0 0 0 0 0 0 0 0 0 0 0 0 0 0 0 0 0 0 0 0 0 0 0 0 0 0 0 0 0 0 0 0 0 0 0 0 0 0 0 0 0 0 0 0 0 0 0 0 0 0 0 0 0 0 0 0 0 0 0 0 0 0 0 0 0 0 0 0 0 0 0 0 0 0 0 0 0 0 0 0 0 0 0 0 0 0 0 0 0 0 0 0 0 0 0 0 0 0 0 0 0 0 0 0 0 0 0 0 0 1 0 1 0 1 0 1 0 1 0 1 0 1 0 1 0 1 0 1 0 1 0 1 0 1 0 1 0 1 0 1 0 1 0 1 0 1 0 1 0 1 0 1 0 1 0 1 0 1 0 1 0 1 0 1 0 1 0 1 0 1 0 1 0 1 0 1 0 1 0 1 0 1 0 1 0 1 0 1 0 1 0 1 0 1 0 1 0 1 0 1 0 1 0 1 0 1 0 1 0 1 0 1 0 1 0 1 0 1 0 1 0 1 0 1 0 1 0 1 0 1 0 1 0 1 0 1 0 1 0 1 0 1 0 1 0 1 0 1 0 1 0 1 0 1 0 1 0 1 0 1 0 1 0 1 0 1 0 1 0 1 0 1 0 1 0 1 0 1 0 1 0 1 0 1 0 1 0 1 0 1 0 1 0 1 0 1 0 1 0 1 0 1 0 1 0 1 0 1 0 1 0 1 0 1 0 1 0 1 0 1 0 1 0 1 0 1 0 1 0 1 0 1 0 1 0 1 0 1 0 1 0 1 0 1 0 1 0 1 0 1 0 1 0 1 0 1 0 1 0 1 0 1 0 1 0 1 0 1 0 1 0 1 0 1 0 1 0 1 0 1 0 1 0 1 0 1 0 1 0 1 0 1 0 1 0 1 0 1 0 1 0 1 0 1 0 1 0 1 0 1 0 1 0 1 0 1 0 1 0 1 0 1 0 1 0 1 0 1 0 1 0 1 0 1 0 1 0 1 0 1 0 1 0 1 0 1 0 1 0 1 0 1 0 1 0 1 0 1 0 1 0 1 0 1 0 1 0 1 0 1 0 1 0 1 0 1 0 1 0 1 0 1 0 1 0 1 0 1 0 1 0 1 0 1 0 1 0 1 0 1 0 1 0 1 0 1 0 1 0 1 0 1 0 1 0 1 0 1 0 1 0 1 0 1 0 1 0 1 0 1 0 1 0 1 0 1 0 1 0 1 0 1 0 1 0 1 0 1 0 1 0 1 0 1 0 1 0 1 0 0 0 0 0 0 0 0 0 0 0 0 0 0 0 0 0 0 0 0 0 0 0 0 0 0 0 0 0 0 0 0 0 0 0 0 0 0 0 0 0 0 0 0 0 0 0 0 0 0 0 0 0 0 0 0 0 0 0 0 0 0 0 0 0 0 0 0 0 0 0 0 0 0 0 0 0 0 0 0 0 0 0 0 0 0 0 0 0 0 0 0 0 0 0 0 0 0 0 0 0 0 0 0 0 0 0 0 0 1 0 1 0 1 0 1 0 1 0 1 0 1 0 1 0 1 0 1 0 1 0 1 0 1 0 1 0 1 0 1 0 1 0 1 0 1 0 1 0 1 0 1 0 1 0 1 0 1 0 1 0 1 0 1 0 1 0 1 0 1 0 1 0 1 0 1 0 1 0 1 0 1 0 1 0 1 0 1 0 1 0 1 0 1 0 1 0 1 0 1 0 1 0 1 0 1 0 1 0 1 0 1 0 1 0 1 0 1 0 1 0 1 0 1 0 1 0 1 0 1 0 1 0 1 0 1 0 1 0 1 0 1 0 1 0 1 0 1 0 1 0 1 0 1 0 1 0 1 0 1 0 1 0 1 0 1 0 1 0 1 0 1 0 1 0 1 0 1 0 1 0 1 0 1 0 1 0 1 0 1 0 1 0 1 0 1 0 1 0 1 0 1 0 1 0 1 0 1 0 1 0 1 0 1 0 1 0 1 0 1 0 1 0 0 0 0 0 0 0 0 0 0 0 0 0 0 0 0 0 0 0 0 0 0 0 0 0 0 0 0 0 1 0 1 0 1 0 1 0 1 0 1 0 1 0 1 0 1 0 1 0 1 0 1 0 0 0 0 0 0 0 0 0 0 0 0 0 0 0 0 0 0 0 0 0 0 0 0 0 0 0 0 0 0 0 0 0 0 0 0 0 0 0 0 0 0 0 0 0 0 0 0 0 0 0 0 0 0 0 0 0 0 0 0 0 0 0 0 0 0 0 0 0 0 0 0 0 0 0 0 0 0 0 0 0 0 0 0 0 0 0 0 0 0 0 0 0 0 0 0 0 0 0 0 0 0 0 0 0 0 0 0 0 0 0 0 0 0 0 0 0 0 0 0 0 0 0 0 0 0 0 0 0 0 0 0 0 0 0 0 0 0 0 0 0 0 0 0 0 0 0 0 0 0 0 0 0 0 0 0 0 0 0 0 0 0 0 0 0 0 0 0 0 0 0 0 0 0 0 0 0 0 0 0 0 0 0 0 0 0 0 0 0 0 0 0 0 0 0 0 0 0 0 0 0 0 0 0 0 0 0 0 0 0 0 0 0 0 0 0 0 0 0 0 0 0 0 0 0 0 0 0 0 0 0 0 0 0 0 0 0 0 0 0 0 0 0 0 0 0 0 0 0 0 0 0 0 0 0 0 0 0 0 0 0 0 0 0 0 0 0 0 0 0 0 0 0 0 0 0 0 0 0 0 0 0 0 0 0 0 0 0 0 0 0 0 0 0 0 0 0 0 0 0 0 0 0 0 0 0 0 0 0 0 0 0 0 0 0 0 0 0 0 0 0 0 0 0 0 0 0 0 0 0 0 0 0 0 0 0 0 0 0 0 0 0 0 0 0 0 0 0 0 0 0 0 0 0 0 0 0 0 0 0 0 0 0 0 0 0 0 0 0 0 0 0 0 0 0 0 0 0 0 0 0 0 0 0 0 0 0 0 0 0 0 0 0 0 0 0 0 0 0 0 0 0 0 0 0 0 0 0 0 0 0 0 0 0 0 0 0 0 0 0 0 0 0 0 0 0 0 0 0 0 0 0 0 0 0 0 0 0 0 0 0 0 0 0 0 0 0 0 0 0 0 0 0 0 0 0 0 0 0 0 0 0 0 0 0 0 0 0 0 0 0 0 0 0 0 0 0 0 0 0 0 0 0 0 0 0 0 0 0 0 0 0 0 0 0 0 0 0 0 0 0 0 0 0 0 0 0 0 0 0 0 0 0 0 0 0 0 0 0 0 0 0 0 0 0 0 0 0 0 0 0 0 0 0 0 0 0 0 0 0 0 0 0 0 0 0 0 0 0 0 0 0 0 0 0 0 0 0 0 0 0 0 0 0 0 0 0 0 0 0 0 0 0 0 0 0 0 0 0 0 0 0 0 0 0 0 0 0 0 0 0 0 0 0 0 0 0 0 0 0 0 0 0 0 0 0 0 0 0 0 0 0 0 0 0 0 0 0 0 0 0 0 0 0 0 0 0 0 0 0 0 0 0 0 0 0 0 0 0 0 0 0 0 0 0 0 0 0 0 0 0 0 0 0 0 0 0 0 0 0 0 0 0 0 0 0 0 0 0 0 0 0 0 0 0 0 0 0 0 0 0 0 0 0 0 0 0 0 0 0 0 0 0 0 0 0 0 0 0 0 0 0 0 0 0 0 0 0 0 0 0 0 0 0 0 0 0 0 0 0 0 0 0 0 0 0 0 0 0 0 0 0 0 0 0 0 0 0 0 0 0 0 0 0 0 0 0 1 0 1 0 1 0 1 0 1 0 1 0 1 0 1 0 1 0 1 0 1 0 1 0 1 0 1 0 1 0 1 0 1 0 1 0 1 0 1 0 1 0 1 0 1 0 1 0 1 0 1 0 1 0 1 0 1 0 1 0 1 0 1 0 1 0 1 0 1 0 1 0 1 0 1 0 1 0 1 0 1 0 1 0 1 0 1 0 1 0 1 0 1 0 1 0 1 0 1 0 1 0 1 0 1 0 1 0 1 0 1 0 1 0 1 0 1 0 1 0 1 0 1 0 1 0 1 0 1 0 1 0 1 0 1 0 1 0 1 0 1 0 1 0 1 0 1 0 1 0 1 0 1 0 1 0 1 0 1 0 1 0 1 0 1 0 1 0 1 0 1 0 1 0 1 0 1 0 1 0 1 0 1 0 1 0 1 0 1 0 1 0 1 0 1 0 1 0 1 0 1 0 1 0 1 0 1 0 1 0 1 0 1 0 1 0 1 0 1 0 1 0 1 0 1 0 1 0 1 0 1 0 1 0 1 0 1 0 1 0 1 0 1 0 1 0 1 0 1 0 1 0 1 0 1 0 1 0 1 0 1 0 1 0 1 0 1 0 1 0 1 0 1 0 1 0 1 0 1 0 1 0 1 0 1 0 1 0 1 0 1 0 1 0 1 0 1 0 1 0 1 0 1 0 1 0 1 0 1 0 1 0 1 0 1 0 1 0 1 0 1 0 1 0 1 0 1 0 1 0 1 0 1 0 1 0 1 0 1 0 1 0 1 0 1 0 1 0 1 0 1 0 1 0 1 0 1 0 1 0 1 0 1 0 1 0 1 0 1 0 1 0 1 0 1 0 1 0 1 0 1 0 1 0 1 0 1 0 1 0 1 0 1 0 1 0 1 0 1 0 1 0 1 0 1 0 1 0 1 0 1 0 1 0 1 0 1 0 1 0 1 0 1 0 1 0 1 0 1 0 1 0 1 0 1 0 1 0 1 0 1 0 1 0 1 0 1 0 1 0 1 0 1 0 1 0 1 0 1 0 1 0 1 0 1 0 1 0 1 0 1 0 1 0 1 0 1 0 1 0 1 0 1 0 1 0 1 0 1 0 1 0 1 0 1 0 1 0 1 0 1 0 1 0 1 0 1 0 1 0 1 0 1 0 1 0 1 0 1 0 1 0 1 0 1 0 1 0 1 0 1 0 1 0 1 0 1 0 1 0 1 0 1 0 1 0 1 0 1 0 1 0 1 0 1 0 1 0 1 0 1 0 1 0 1 0 1 0 1 0 1 0 1 0 1 0 1 0 1 0 1 0 1 0 1 0 1 0 1 0 1 0 1 0 1 0 1 0 1 0 1 0 1 0 1 0 1 0 1 0 1 0 1 0 1 0 1 0 1 0 1 0 1 0 1 0 1 0 1 0 1 0 1 0 1 0 1 0 1 0 1 0 1 0 1 0 1 0 1 0 1 0 1 0 1 0 1 0 1 0 1 0 1 0 1 0 1 0 1 0 1 0 1 0 1 0 1 0 1 0 1 0 1 0 1 0 1 0 1 0 1 0 1 0 1 0 1 0 1 0 1 0 1 0 1 0 1 0 1 0 1 0 1 0 1 0 1 0 1 0 1 0 1 0 1 0 1 0 1 0 1 0 1 0 1 0 1 0 1 0 1 0 1 0 1 0 1 0 1 0 1 0 1 0 1 0 1 0 1 0 1 0 1 0 1 0 1 0 1 0 1 0 0 0 0 0 0 0 0 0 0 0 0 0 0 0 0 0 0 0 0 0 0 0 0 0 0 0 0 0 0 0 0 0 0 0 0 0 0 0 0 0 0 0 0 0 0 0 0 0 0 0 0 0 0 0 0 0 1 0 1 0 1 0 1 0 1 0 1 0 1 0 1 0 1 0 1 0 1 0 1 0 1 0 1 0 1 0 1 0 1 0 1 0 1 0 1 0 1 0 1 0 1 0 1 0 1 0 1 0 1 0 1 0 1 0 1 0 1 0 1 0 1 0 1 0 1 0 1 0 1 0 1 0 1 0 1 0 1 0 1 0 1 0 1 0 1 0 1 0 1 0 1 0 0 0 0 0 0 0 0 0 0 0 1 0 1 0 1 0 1 0 1 0 1 0 1 0 1 0 1 0 1 0 0 0 0 0 0 0 0 0 0 0 0 0 0 0 0 0 0 0 0 0 0 0 0 0 0 0 0 0 0 0 0 0 0 0 0 0 0 0 0 0 0 0 0 0 0 0 0 0 0 0 0 0 0 0 0 0 0 0 0 0 0 0 1 0 1 0 1 0 1 0 1 0 1 0 1 0 1 0 1 0 1 0 1 0 1 0 1 0 1 0 1 0 1 0 </v>
        </vertex_weights>
      </skin>
    </controller>
  </library_controllers>
  <library_visual_scenes>
    <visual_scene id="Scene" name="Scene">
      <node id="Armature" name="Armature" type="NODE">
        <matrix sid="transform">1 0 0 0 0 1 0 0 0 0 1 0 0 0 0 1</matrix>
        <node id="Armature_Root" name="Root" sid="Root" type="JOINT">
          <matrix sid="transform">1 0 0 0 0 1 0 0 0 0 1 0 0 0 0 1</matrix>
          <node id="Armature_Skl_Root" name="Skl_Root" sid="Skl_Root" type="JOINT">
            <matrix sid="transform">2.086163E-07 -5.960464E-08 1 0 1 2.086163E-07 -5.960464E-08 0 -5.960464E-08 1 2.086163E-07 0 0 0 0 1</matrix>
            <node id="Armature_Base" name="Base" sid="Base" type="JOINT">
              <matrix sid="transform">1 0 0 5 0 1 0 0 0 0 1 0 0 0 0 1</matrix>
              <node id="Armature_Plant01" name="Plant01" sid="Plant01" type="JOINT">
                <matrix sid="transform">1 0 0 13.5 0 1 0 2 0 0 1 6.5 0 0 0 1</matrix>
              </node>
              <node id="Armature_Plant02" name="Plant02" sid="Plant02" type="JOINT">
                <matrix sid="transform">1 0 0 13.5 0 1 0 2 0 0 1 -6.5 0 0 0 1</matrix>
              </node>
              <node id="Armature_PlantTop" name="PlantTop" sid="PlantTop" type="JOINT">
                <matrix sid="transform">1 0 0 22 0 1 0 -5 0 0 1 0 0 0 0 1</matrix>
              </node>
            </node>
          </node>
        </node>
      </node>
      <node id="L01_01__mTreeOakLeaf" name="L01_01__mTreeOakLeaf" type="NODE">
        <instance_controller url="#Armature_L01_01__mTreeOakLeaf-mesh">
          <skeleton>#Armature_Root</skeleton>
          <bind_material>
            <technique_common>
              <instance_material symbol="mTreeOakLeaf" target="#mTreeOakLeaf" />
              <bind_vertex_input semantic="CHANNEL0" input_semantic="TEXCOORD" input_set="0" />
              <bind_vertex_input semantic="CHANNEL1" input_semantic="TEXCOORD" input_set="1" />
              <bind_vertex_input semantic="CHANNEL2" input_semantic="TEXCOORD" input_set="2" />
            </technique_common>
          </bind_material>
        </instance_controller>
      </node>
      <node id="L02_011_1__mShadowShake" name="L02_011_1__mShadowShake" type="NODE">
        <instance_controller url="#Armature_L02_011_1__mShadowShake-mesh">
          <skeleton>#Armature_Root</skeleton>
          <bind_material>
            <technique_common>
              <instance_material symbol="mShadowShake" target="#mShadowShake" />
              <bind_vertex_input semantic="CHANNEL0" input_semantic="TEXCOORD" input_set="0" />
              <bind_vertex_input semantic="CHANNEL1" input_semantic="TEXCOORD" input_set="1" />
              <bind_vertex_input semantic="CHANNEL2" input_semantic="TEXCOORD" input_set="2" />
            </technique_common>
          </bind_material>
        </instance_controller>
      </node>
      <node id="LB014_1__mShadow" name="LB014_1__mShadow" type="NODE">
        <instance_controller url="#Armature_LB014_1__mShadow-mesh">
          <skeleton>#Armature_Root</skeleton>
          <bind_material>
            <technique_common>
              <instance_material symbol="mShadow" target="#mShadow" />
              <bind_vertex_input semantic="CHANNEL0" input_semantic="TEXCOORD" input_set="0" />
              <bind_vertex_input semantic="CHANNEL1" input_semantic="TEXCOORD" input_set="1" />
              <bind_vertex_input semantic="CHANNEL2" input_semantic="TEXCOORD" input_set="2" />
            </technique_common>
          </bind_material>
        </instance_controller>
      </node>
      <node id="LB014__mTreeOakLeafBack" name="LB014__mTreeOakLeafBack" type="NODE">
        <instance_controller url="#Armature_LB014__mTreeOakLeafBack-mesh">
          <skeleton>#Armature_Root</skeleton>
          <bind_material>
            <technique_common>
              <instance_material symbol="mTreeOakLeafBack" target="#mTreeOakLeafBack" />
              <bind_vertex_input semantic="CHANNEL0" input_semantic="TEXCOORD" input_set="0" />
              <bind_vertex_input semantic="CHANNEL1" input_semantic="TEXCOORD" input_set="1" />
              <bind_vertex_input semantic="CHANNEL2" input_semantic="TEXCOORD" input_set="2" />
            </technique_common>
          </bind_material>
        </instance_controller>
      </node>
      <node id="TrunkBottom__mPltTreeOakTrunk" name="TrunkBottom__mPltTreeOakTrunk" type="NODE">
        <instance_controller url="#Armature_TrunkBottom__mPltTreeOakTrunk-mesh">
          <skeleton>#Armature_Root</skeleton>
          <bind_material>
            <technique_common>
              <instance_material symbol="mPltTreeOakTrunk" target="#mPltTreeOakTrunk" />
              <bind_vertex_input semantic="CHANNEL0" input_semantic="TEXCOORD" input_set="0" />
              <bind_vertex_input semantic="CHANNEL1" input_semantic="TEXCOORD" input_set="1" />
              <bind_vertex_input semantic="CHANNEL2" input_semantic="TEXCOORD" input_set="2" />
            </technique_common>
          </bind_material>
        </instance_controller>
      </node>
    </visual_scene>
  </library_visual_scenes>
  <scene>
    <instance_visual_scene url="#Scene" />
  </scene>
</COLLADA>