<?xml version="1.0" encoding="utf-8"?>
<COLLADA xmlns="http://www.collada.org/2005/11/COLLADASchema" version="1.4.1">
  <asset />
  <library_images>
    <image id="mPltTreeOakLeafColor_Grd">
      <init_from>mPltTreeOakLeafColor_Grd.png</init_from>
    </image>
    <image id="mPltTreeOakTrunkColor_Grd">
      <init_from>mPltTreeOakTrunkColor_Grd.png</init_from>
    </image>
    <image id="mPltTreeOakTrunk_AlbGry">
      <init_from>mPltTreeOakTrunk_AlbGry.png</init_from>
    </image>
    <image id="mPltTreeOakTrunk_Mix">
      <init_from>mPltTreeOakTrunk_Mix.png</init_from>
    </image>
    <image id="mPltTreeOakTrunk_Nrm">
      <init_from>mPltTreeOakTrunk_Nrm.png</init_from>
    </image>
    <image id="mTreeOakLeafBack_AlbGry">
      <init_from>mTreeOakLeafBack_AlbGry.png</init_from>
    </image>
    <image id="mTreeOakLeafBack_Mix">
      <init_from>mTreeOakLeafBack_Mix.png</init_from>
    </image>
    <image id="mTreeOakLeafBack_Nrm">
      <init_from>mTreeOakLeafBack_Nrm.png</init_from>
    </image>
    <image id="mTreeOakLeafBack_OP">
      <init_from>mTreeOakLeafBack_OP.png</init_from>
    </image>
    <image id="mTreeOakLeaf_AlbGry">
      <init_from>mTreeOakLeaf_AlbGry.png</init_from>
    </image>
    <image id="mTreeOakLeaf_Mix">
      <init_from>mTreeOakLeaf_Mix.png</init_from>
    </image>
    <image id="mTreeOakLeaf_Nrm">
      <init_from>mTreeOakLeaf_Nrm.png</init_from>
    </image>
    <image id="mTreeOakLeaf_OP">
      <init_from>mTreeOakLeaf_OP.png</init_from>
    </image>
  </library_images>
  <library_materials>
    <material id="mPltTreeOakTrunk">
      <instance_effect url="#Effect_mPltTreeOakTrunk" />
    </material>
    <material id="mShadow">
      <instance_effect url="#Effect_mShadow" />
    </material>
    <material id="mShadowShake">
      <instance_effect url="#Effect_mShadowShake" />
    </material>
    <material id="mTreeOakLeaf">
      <instance_effect url="#Effect_mTreeOakLeaf" />
    </material>
    <material id="mTreeOakLeafBack">
      <instance_effect url="#Effect_mTreeOakLeafBack" />
    </material>
  </library_materials>
  <library_effects>
    <effect id="Effect_mPltTreeOakTrunk">
      <profile_COMMON>
        <newparam sid="surface_mPltTreeOakTrunk-bump">
          <surface type="2D">
            <init_from>mPltTreeOakTrunk_Nrm</init_from>
            <format>A8R8G8B8</format>
          </surface>
        </newparam>
        <newparam sid="sampler_mPltTreeOakTrunk-bump">
          <sampler2D>
            <source>surface_mPltTreeOakTrunk-bump</source>
            <wrap_s>WRAP</wrap_s>
            <wrap_t>WRAP</wrap_t>
          </sampler2D>
        </newparam>
        <newparam sid="surface_mPltTreeOakTrunk-diffuse">
          <surface type="2D">
            <init_from>mPltTreeOakTrunk_AlbGry</init_from>
            <format>A8R8G8B8</format>
          </surface>
        </newparam>
        <newparam sid="sampler_mPltTreeOakTrunk-diffuse">
          <sampler2D>
            <source>surface_mPltTreeOakTrunk-diffuse</source>
            <wrap_s>WRAP</wrap_s>
            <wrap_t>WRAP</wrap_t>
          </sampler2D>
        </newparam>
        <newparam sid="surface_mPltTreeOakTrunk-specular">
          <surface type="2D">
            <init_from>mPltTreeOakTrunk_Mix</init_from>
            <format>A8R8G8B8</format>
          </surface>
        </newparam>
        <newparam sid="sampler_mPltTreeOakTrunk-specular">
          <sampler2D>
            <source>surface_mPltTreeOakTrunk-specular</source>
            <wrap_s>WRAP</wrap_s>
            <wrap_t>WRAP</wrap_t>
          </sampler2D>
        </newparam>
        <technique sid="common">
          <phong>
            <bump>
              <texture texture="sampler_mPltTreeOakTrunk-bump" texcoord="CHANNEL0" />
            </bump>
            <diffuse>
              <texture texture="sampler_mPltTreeOakTrunk-diffuse" texcoord="CHANNEL0" />
            </diffuse>
            <specular>
              <texture texture="sampler_mPltTreeOakTrunk-specular" texcoord="CHANNEL0" />
            </specular>
            <emission>
              <color sid="emission">0 0 0 1</color>
            </emission>
          </phong>
        </technique>
      </profile_COMMON>
    </effect>
    <effect id="Effect_mShadow">
      <profile_COMMON>
        <technique sid="common">
          <phong>
            <diffuse>
              <color sid="diffuse">1 1 1 1</color>
            </diffuse>
            <emission>
              <color sid="emission">0 0 0 1</color>
            </emission>
            <specular>
              <color sid="specular">0 0 0 1</color>
            </specular>
          </phong>
        </technique>
      </profile_COMMON>
    </effect>
    <effect id="Effect_mShadowShake">
      <profile_COMMON>
        <technique sid="common">
          <phong>
            <diffuse>
              <color sid="diffuse">1 1 1 1</color>
            </diffuse>
            <emission>
              <color sid="emission">0 0 0 1</color>
            </emission>
            <specular>
              <color sid="specular">0 0 0 1</color>
            </specular>
          </phong>
        </technique>
      </profile_COMMON>
    </effect>
    <effect id="Effect_mTreeOakLeaf">
      <profile_COMMON>
        <newparam sid="surface_mTreeOakLeaf-bump">
          <surface type="2D">
            <init_from>mTreeOakLeaf_Nrm</init_from>
            <format>A8R8G8B8</format>
          </surface>
        </newparam>
        <newparam sid="sampler_mTreeOakLeaf-bump">
          <sampler2D>
            <source>surface_mTreeOakLeaf-bump</source>
            <wrap_s>WRAP</wrap_s>
            <wrap_t>WRAP</wrap_t>
          </sampler2D>
        </newparam>
        <newparam sid="surface_mTreeOakLeaf-specular">
          <surface type="2D">
            <init_from>mTreeOakLeaf_Mix</init_from>
            <format>A8R8G8B8</format>
          </surface>
        </newparam>
        <newparam sid="sampler_mTreeOakLeaf-specular">
          <sampler2D>
            <source>surface_mTreeOakLeaf-specular</source>
            <wrap_s>WRAP</wrap_s>
            <wrap_t>WRAP</wrap_t>
          </sampler2D>
        </newparam>
        <newparam sid="surface_mTreeOakLeaf-diffuse">
          <surface type="2D">
            <init_from>mTreeOakLeaf_AlbGry</init_from>
            <format>A8R8G8B8</format>
          </surface>
        </newparam>
        <newparam sid="sampler_mTreeOakLeaf-diffuse">
          <sampler2D>
            <source>surface_mTreeOakLeaf-diffuse</source>
            <wrap_s>WRAP</wrap_s>
            <wrap_t>WRAP</wrap_t>
          </sampler2D>
        </newparam>
        <technique sid="common">
          <phong>
            <bump>
              <texture texture="sampler_mTreeOakLeaf-bump" texcoord="CHANNEL0" />
            </bump>
            <specular>
              <texture texture="sampler_mTreeOakLeaf-specular" texcoord="CHANNEL0" />
            </specular>
            <diffuse>
              <texture texture="sampler_mTreeOakLeaf-diffuse" texcoord="CHANNEL0" />
            </diffuse>
            <emission>
              <color sid="emission">0 0 0 1</color>
            </emission>
          </phong>
        </technique>
      </profile_COMMON>
    </effect>
    <effect id="Effect_mTreeOakLeafBack">
      <profile_COMMON>
        <newparam sid="surface_mTreeOakLeafBack-bump">
          <surface type="2D">
            <init_from>mTreeOakLeafBack_Nrm</init_from>
            <format>A8R8G8B8</format>
          </surface>
        </newparam>
        <newparam sid="sampler_mTreeOakLeafBack-bump">
          <sampler2D>
            <source>surface_mTreeOakLeafBack-bump</source>
            <wrap_s>WRAP</wrap_s>
            <wrap_t>WRAP</wrap_t>
          </sampler2D>
        </newparam>
        <newparam sid="surface_mTreeOakLeafBack-diffuse">
          <surface type="2D">
            <init_from>mTreeOakLeafBack_AlbGry</init_from>
            <format>A8R8G8B8</format>
          </surface>
        </newparam>
        <newparam sid="sampler_mTreeOakLeafBack-diffuse">
          <sampler2D>
            <source>surface_mTreeOakLeafBack-diffuse</source>
            <wrap_s>WRAP</wrap_s>
            <wrap_t>WRAP</wrap_t>
          </sampler2D>
        </newparam>
        <newparam sid="surface_mTreeOakLeafBack-specular">
          <surface type="2D">
            <init_from>mTreeOakLeafBack_Mix</init_from>
            <format>A8R8G8B8</format>
          </surface>
        </newparam>
        <newparam sid="sampler_mTreeOakLeafBack-specular">
          <sampler2D>
            <source>surface_mTreeOakLeafBack-specular</source>
            <wrap_s>WRAP</wrap_s>
            <wrap_t>WRAP</wrap_t>
          </sampler2D>
        </newparam>
        <technique sid="common">
          <phong>
            <bump>
              <texture texture="sampler_mTreeOakLeafBack-bump" texcoord="CHANNEL0" />
            </bump>
            <diffuse>
              <texture texture="sampler_mTreeOakLeafBack-diffuse" texcoord="CHANNEL0" />
            </diffuse>
            <specular>
              <texture texture="sampler_mTreeOakLeafBack-specular" texcoord="CHANNEL0" />
            </specular>
            <emission>
              <color sid="emission">0 0 0 1</color>
            </emission>
          </phong>
        </technique>
      </profile_COMMON>
    </effect>
  </library_effects>
  <library_geometries>
    <geometry id="L01_01__mTreeOakLeaf-mesh" name="L01_01__mTreeOakLeaf">
      <mesh>
        <source id="L01_01__mTreeOakLeaf-position">
          <float_array id="L01_01__mTreeOakLeaf-position-array" count="2898">11.28491 19.41274 2.096838 8.415529 20.9353 2.201427 10.07682 19.4906 3.967039 8.556959 20.37118 3.782153 8.863257 21.1868 0.5992272 8.415529 20.9353 2.201427 10.42986 20.42963 0.3018398 11.28491 19.41274 2.096838 12.74881 16.1254 4.054975 11.13526 18.92454 3.703103 10.93175 16.58022 5.261056 10.22678 18.1581 4.896487 12.37504 19.11624 2.581967 11.13526 18.92454 3.703103 13.40569 17.68321 2.595892 12.74881 16.1254 4.054975 2.504145 24.47785 2.238321 1.546164 27.39277 1.166889 0.3494196 25.03869 2.162155 0.07243947 26.67037 1.545302 3.216587 27.51667 1.008468 1.546164 27.39277 1.166889 3.970064 26.01289 1.544108 2.504145 24.47785 2.238321 7.174285 27.14185 -2.511757 4.705652 29.24815 -2.690125 5.780038 27.44751 -0.8012509 4.51914 28.63966 -1.130677 5.399038 29.42417 -4.212949 4.705652 29.24815 -2.690125 6.793539 28.35065 -4.350513 7.174285 27.14185 -2.511757 7.459249 22.83007 -0.9970851 6.057052 25.75381 -0.7778149 6.069679 23.33166 0.6704555 5.432118 24.97629 0.5793338 6.969893 25.93101 -2.179985 6.057052 25.75381 -0.7778149 7.840613 24.4307 -2.506965 7.459249 22.83007 -0.9970851 0.607066 20.97326 2.245246 1.073617 24.18448 2.063922 -1.102836 22.388 2.050527 -0.6048789 24.08068 1.970059 2.656317 23.62893 2.195015 1.073617 24.18448 2.063922 2.652427 21.86744 2.30959 0.607066 20.97326 2.245246 -5.536904 10.05358 3.79928 -5.682723 13.26031 4.307333 -7.486792 11.11113 4.005936 -7.315543 12.84818 4.275997 -4.019963 13.01401 4.234352 -5.682723 13.26031 4.307333 -3.691864 11.30172 3.957924 -5.536904 10.05358 3.79928 -2.500672 21.93358 3.381486 -2.26875 25.0084 2.354733 -4.249824 23.00461 2.511679 -3.883979 24.6627 2.025394 -0.7011417 24.72275 2.894891 -2.26875 25.0084 2.354733 -0.5847653 23.0734 3.513038 -2.500672 21.93358 3.381486 -5.06474 25.08864 0.3247705 -3.596904 27.94432 -0.1782556 -5.849145 26.5545 -1.158183 -4.887131 28.03243 -1.257368 -2.608062 27.26987 1.004141 -3.596904 27.94432 -0.1782556 -3.224933 25.67607 1.446039 -5.06474 25.08864 0.3247705 -5.162802 27.03798 -1.248696 -2.986936 29.45191 -1.281446 -5.129584 28.55204 -2.882619 -3.860897 29.76517 -2.68679 -2.559737 28.64301 0.1306224 -2.986936 29.45191 -1.281446 -3.631531 27.25958 0.3616791 -5.162802 27.03798 -1.248696 -1.923748 13.20013 5.656034 -3.439962 16.05921 5.357302 -4.123433 13.3872 5.955339 -4.721109 15.03538 5.741175 -1.847497 16.496 5.034767 -3.439962 16.05921 5.357302 -0.8142495 15.0688 5.141936 -1.923748 13.20013 5.656034 5.491345 12.37233 6.581173 5.493904 15.52808 5.804173 3.592469 13.51002 6.32993 3.843818 15.20669 5.908381 7.143465 15.2015 5.859504 5.493904 15.52808 5.804173 7.392061 13.50368 6.273739 5.491345 12.37233 6.581173 -10.88044 14.43612 5.062462 -9.509064 17.3562 4.668852 -11.81198 15.99422 3.771056 -10.88704 17.4977 3.710684 -8.412664 16.61514 5.707838 -9.509064 17.3562 4.668852 -8.962856 14.97761 6.070855 -10.88044 14.43612 5.062462 -11.5357 12.91675 1.602819 -10.78997 15.68784 3.128416 -12.45025 14.85755 1.00273 -11.89361 16.22349 1.974288 -9.839462 14.58322 3.969298 -10.78997 15.68784 3.128416 -10.08496 12.96842 3.299841 -11.5357 12.91675 1.602819 -9.013704 20.15804 1.579219 -7.289177 22.57874 0.2644236 -9.548518 21.0246 -0.4022546 -8.469159 22.32689 -0.9107966 -6.463285 22.33356 1.709605 -7.289177 22.57874 0.2644236 -7.238923 21.03201 2.61533 -9.013704 20.15804 1.579219 -1.208045 22.22282 2.13579 -3.928069 23.25567 0.6876187 -3.173662 22.17547 3.183311 -4.506463 22.786 2.198181 -2.791182 23.51328 -0.5255961 -3.928069 23.25567 0.6876187 -1.198177 23.01282 0.04700685 -1.208045 22.22282 2.13579 4.578224 10.87883 6.004916 5.146029 14.01839 5.385853 2.912434 12.34385 5.799889 3.463829 13.98799 5.464664 6.711644 13.40416 5.43415 5.146029 14.01839 5.385853 6.652276 11.67121 5.764825 4.578224 10.87883 6.004916 10.64667 12.79582 5.012115 9.279183 15.74094 5.148995 8.689784 13.1238 6.025136 8.147178 14.80378 5.971931 10.69197 16.07339 4.297956 9.279183 15.74094 5.148995 11.62031 14.58544 4.097515 10.64667 12.79582 5.012115 3.641578 15.14517 7.065789 4.543569 18.13689 6.172179 2.157479 16.63912 6.338623 2.880493 18.19294 5.911469 6.021442 17.46656 6.616371 4.543569 18.13689 6.172179 5.774225 15.80233 7.150434 3.641578 15.14517 7.065789 2.819277 18.27835 5.708078 2.758401 21.04058 3.996675 0.9563284 18.99127 4.715929 1.165836 20.51359 3.845165 4.363466 21.0004 4.49958 2.758401 21.04058 3.996675 4.638454 19.55153 5.469697 2.819277 18.27835 5.708078 6.997451 20.31136 4.626795 5.031443 22.2341 2.894636 4.829414 20.49275 5.106278 3.964408 21.59385 4.029734 6.502151 22.47956 2.115195 5.031443 22.2341 2.894636 7.75189 21.51245 2.901858 6.997451 20.31136 4.626795 4.779371 28.52839 -3.58018 2.440518 30.15164 -5.147768 2.893657 29.12858 -2.556925 1.773359 29.99934 -3.608731 3.587906 29.97065 -6.364938 2.440518 30.15164 -5.147768 4.983405 29.09535 -5.730559 4.779371 28.52839 -3.58018 0.6303563 14.2198 4.326361 -0.788733 17.14338 4.362858 -0.9979534 14.70458 5.767466 -1.613984 16.35133 5.5992 0.3278947 17.33515 3.119021 -0.788733 17.14338 4.362858 1.238314 15.83713 2.911498 0.6303563 14.2198 4.326361 -1.496495 10.92641 2.825691 -2.857831 13.86621 3.084315 -3.696188 11.17147 3.079634 -4.203248 12.85924 3.197537 -1.232898 14.26955 2.91799 -2.857831 13.86621 3.084315 -0.2756286 12.79512 2.757704 -1.496495 10.92641 2.825691 -6.553571 10.87858 1.023417 -6.486359 14.12408 1.18057 -8.429032 12.07866 1.098491 -8.142937 13.81964 1.18056 -4.843582 13.76214 1.148311 -6.486359 14.12408 1.18057 -4.629784 12.01208 1.061339 -6.553571 10.87858 1.023417 -10.57239 12.44167 -1.847665 -8.82341 15.18062 -1.806182 -11.54147 14.44289 -1.986099 -10.39066 15.78209 -1.943612 -7.615266 14.01678 -1.67727 -8.82341 15.18062 -1.806182 -8.345757 12.4098 -1.679404 -10.57239 12.44167 -1.847665 -10.59 10.54795 -3.455607 -8.767942 13.18169 -2.902393 -11.4489 12.60063 -3.565196 -10.26983 13.87149 -3.227101 -7.640167 11.95112 -2.691275 -8.767942 13.18169 -2.902393 -8.421005 10.38899 -2.948246 -10.59 10.54795 -3.455607 -6.480502 9.056961 -3.834903 -6.334413 12.23414 -3.16653 -8.32521 10.2909 -3.64089 -7.997011 11.98744 -3.275366 -4.701811 11.82847 -3.19493 -6.334413 12.23414 -3.16653 -4.530754 10.10747 -3.548342 -6.480502 9.056961 -3.834903 -6.266773 11.9326 5.549691 -6.793622 15.13599 5.397288 -8.330102 12.77254 5.530732 -8.366861 14.53626 5.444058 -5.112208 15.07797 5.381809 -6.793622 15.13599 5.397288 -4.582259 13.39595 5.45907 -6.266773 11.9326 5.549691 -11.9084 15.50629 2.495316 -10.6997 18.51886 2.656445 -12.54794 17.0941 1.069464 -11.7566 18.64777 1.351351 -9.890973 17.77138 3.928455 -10.6997 18.51886 2.656445 -10.39979 16.08457 4.037022 -11.9084 15.50629 2.495316 9.299719 10.33847 0.5415733 7.898672 13.2272 1.046353 7.126825 10.51303 1.001195 6.593006 12.18021 1.236056 9.492008 13.68105 0.7530042 7.898672 13.2272 1.046353 10.46523 12.24095 0.4448978 9.299719 10.33847 0.5415733 4.267049 13.35011 -0.9426315 4.576249 16.57519 -1.199046 2.497034 14.69962 -0.8475215 2.910837 16.40899 -1.010059 6.178173 16.0792 -1.335385 4.576249 16.57519 -1.199046 6.259385 14.31949 -1.222108 4.267049 13.35011 -0.9426315 9.322126 10.98701 3.854534 8.190016 14.02966 4.006595 7.280246 11.43121 4.626936 6.886539 13.15296 4.614273 9.725945 14.28162 3.367693 8.190016 14.02966 4.006595 10.55 12.73054 3.191466 9.322126 10.98701 3.854534 13.21717 14.41665 2.838638 11.29788 17.01616 2.490257 11.34993 14.65214 4.030763 10.47268 16.14208 3.670073 12.51716 17.35649 1.381972 11.29788 17.01616 2.490257 13.7044 16.05025 1.396022 13.21717 14.41665 2.838638 6.489184 8.947716 -2.789922 6.348435 12.11482 -2.074263 4.54123 9.990189 -2.503714 4.71519 11.70603 -2.122654 8.010578 11.87331 -2.172817 6.348435 12.11482 -2.074263 8.335937 10.18245 -2.561558 6.489184 8.947716 -2.789922 4.346808 27.62561 -0.2872467 2.704951 29.8563 -1.9875 2.503638 28.58037 0.5216718 1.78554 29.75988 -0.5795517 3.961478 29.4947 -3.046342 2.704951 29.8563 -1.9875 5.009453 28.27476 -2.318679 4.346808 27.62561 -0.2872467 -5.894892 22.26393 3.78803 -7.558532 22.04098 3.648283 -8.055527 20.64445 4.608644 -6.36391 19.65438 5.667594 -4.335061 20.54062 5.375101 -4.327554 21.95107 4.313701 2.07938 20.46912 5.420444 0.4491558 20.34186 5.016577 -0.1988392 18.8164 5.627039 1.311513 17.58491 6.706608 3.373975 18.42723 6.861401 3.55194 20.00418 6.088392 8.362092 19.72027 5.816007 7.222536 18.84209 6.691875 7.993669 17.43551 7.431131 10.16938 17.28159 6.977498 11.04561 18.88112 5.688731 9.87273 20.09772 5.178621 5.333582 23.41223 1.016301 4.171223 23.11176 2.197645 4.907161 22.25008 3.552447 7.080092 21.84935 3.267884 7.99725 22.57236 1.364391 6.854547 23.39179 0.2972659 0.3500467 30.08678 0.6444378 -1.303342 29.85229 0.8641067 -1.571481 28.53972 2.015128 0.316295 27.64135 2.784818 2.228338 28.50129 2.015535 1.996505 29.81915 0.8642449 -4.910264 23.83248 0.2131373 -6.476188 23.58148 0.7804239 -6.418115 22.89483 2.406686 -4.344722 22.59043 3.162708 -2.677964 23.17908 1.797933 -3.228219 23.82845 0.2514752 -5.979599 22.97816 -2.126673 -5.375995 23.00808 -3.698838 -6.660495 22.59465 -4.838454 -8.614444 22.1778 -3.852803 -8.67389 22.33642 -1.626032 -7.124207 22.78391 -0.9089293 -2.999302 22.95352 3.191647 -4.527742 22.68494 3.846375 -4.426658 21.45726 5.112148 -2.362274 20.68055 5.425539 -0.7559247 21.53814 4.13272 -1.340064 22.7554 2.995595 -6.987164 23.16459 1.771319 -8.342739 23.33656 0.7865462 -9.644242 22.299 1.377444 -9.086132 21.12787 3.188563 -7.018825 21.42118 3.980657 -6.062562 22.57444 3.047088 -6.436245 23.59577 -0.5386178 -7.383328 23.63805 -1.930803 -9.019247 23.08786 -1.555765 -9.294112 22.52994 0.5834787 -7.514118 22.73837 1.915913 -6.075958 23.33465 1.083963 -8.126225 22.26915 -1.226176 -8.132995 22.15347 -2.906504 -9.633789 21.39418 -3.445665 -10.99816 20.84875 -1.771096 -10.29756 21.32462 0.2952805 -8.70914 22.09319 0.3422661 -5.198096 22.75804 -0.9307263 -5.553921 22.36222 -2.528742 -7.175807 21.66944 -2.624264 -8.20064 21.54625 -0.6499965 -7.066587 22.29436 1.122421 -5.458772 22.90504 0.7249305 -3.839152 23.04005 -6.971854 -4.960259 22.78797 -8.203321 -6.502082 22.2762 -7.510171 -6.466343 22.13318 -5.287231 -4.541605 22.64222 -4.275568 -3.257477 23.10593 -5.394491 7.790831 21.53845 4.630957 6.567014 20.90883 5.601927 7.223907 19.64144 6.642028 9.403805 19.29418 6.340951 10.42394 20.56059 4.810357 9.345833 21.70726 4.011094 5.375761 21.95183 4.721889 3.701846 21.82634 4.860435 3.29253 20.52674 5.984307 5.077621 19.49961 6.833817 7.077079 20.23569 6.164812 6.988458 21.57383 5.016978 3.544768 22.8229 1.867683 1.904011 22.77633 1.489953 0.9947982 22.13303 2.860751 2.279747 21.60455 4.602248 4.474269 21.95209 4.377541 4.925782 22.61932 2.806892 5.938117 22.93347 1.24605 7.571898 22.7237 1.597748 8.501816 22.66464 0.09729731 7.244813 22.88124 -1.729234 5.048271 23.13539 -1.416481 4.572636 23.13251 0.2834481 1.396207 31.19478 -0.8475623 -0.03837773 31.00402 0.01412916 0.2468571 29.98549 1.428634 2.358638 29.29972 1.611092 3.778413 29.97654 0.02573109 3.028403 30.99643 -1.204428 -1.682342 30.78089 -1.003106 -3.126302 30.94599 -1.854373 -4.353173 29.88264 -1.158911 -3.612753 28.69676 0.575635 -1.484332 29.0094 1.175036 -0.634747 30.18786 0.172317 -0.3365829 31.2925 -3.612851 0.7990169 31.20195 -2.372227 2.412454 30.98083 -3.055977 2.423539 30.89534 -5.28213 0.4500443 31.09542 -6.308041 -0.9054567 31.3015 -5.196221 7.705247 21.11114 -3.511068 9.317811 20.78293 -3.152114 10.07336 19.94799 -4.512855 8.684202 19.60753 -6.220925 6.591153 20.34819 -5.980557 6.293688 21.13062 -4.426427 5.300195 22.76636 -0.4561591 6.928456 22.5269 -0.09789252 7.749425 21.82547 -1.495604 6.399863 21.49266 -3.236613 4.259619 22.07567 -2.978423 3.897724 22.7443 -1.385326 -1.697061 29.04622 0.4564142 -3.305086 29.0006 -0.04269361 -4.176265 27.76154 0.865797 -2.898749 26.68675 2.340913 -0.7571967 27.30846 2.461039 -0.3357748 28.60738 1.342459 -4.45658 28.78332 -1.566762 -5.72538 28.52652 -2.644321 -6.779522 27.24923 -2.030395 -6.107049 26.41192 -0.07850027 -4.247859 27.2797 0.8033051 -3.526665 28.55322 -0.1836257 -3.147229 30.34994 -2.386135 -3.877515 30.36509 -3.903826 -5.316163 29.34066 -3.883312 -5.690241 28.38384 -1.90651 -4.235847 28.84068 -0.2745676 -2.939091 29.93109 -0.7699647 -0.9180582 31.44754 -3.694338 -1.80602 31.42667 -5.125429 -3.426149 30.7967 -4.812525 -3.762844 30.24725 -2.679936 -2.054084 30.56083 -1.276721 -0.6142057 31.22196 -2.054964 0.3359929 31.74412 -3.359368 -1.316913 31.61421 -3.062788 -1.583068 31.02418 -1.419434 0.3059004 30.65195 -0.2985253 2.216505 31.06501 -1.37842 1.982719 31.64978 -3.027476 1.762371 31.41393 -3.182056 1.475137 31.05776 -1.561077 2.932148 30.37379 -0.8338237 4.635768 30.20752 -2.259735 4.273363 30.90868 -4.348812 2.639589 31.52238 -4.613658 -0.2385265 30.88781 -4.122414 0.5415756 30.77918 -5.611229 -0.6076244 30.2656 -6.850246 -2.665492 29.93587 -6.063068 -2.978325 30.2906 -3.880523 -1.516948 30.80099 -3.032065 -2.375109 30.15936 -3.76961 -1.362157 30.27858 -5.110001 -2.216676 29.72666 -6.553874 -4.305341 29.06788 -6.14561 -5.006134 29.1939 -4.028959 -3.784388 29.81603 -2.917075 -6.881234 19.0291 5.451219 -8.50522 19.12596 5.015075 -9.408403 17.81834 5.785764 -8.139576 16.497 7.053571 -5.965978 16.99629 7.169256 -5.51562 18.41233 6.216368 -2.104442 22.27713 2.500833 -2.879103 21.59442 3.831524 -1.805653 20.43004 4.613517 0.1758904 20.24552 3.612203 0.5178323 21.52177 1.811794 -0.861568 22.5427 1.398336 -1.698822 20.50483 4.045064 -3.201102 20.24208 4.759942 -3.053364 19.01845 6.025053 -0.9800453 18.23792 6.260238 0.5764589 19.08734 4.902671 -0.04895973 20.30213 3.785019 -8.553477 22.39232 1.109349 -9.50054 22.66235 -0.2570653 -10.96418 21.67742 -0.1720035 -11.08146 20.4279 1.668686 -9.381067 20.59084 3.107202 -8.125476 21.71894 2.590609 -9.451464 21.35207 -0.7813814 -9.56592 21.27563 -2.460069 -10.96021 20.29301 -2.91833 -12.0882 19.49259 -1.171862 -11.32033 20.02917 0.8553686 -9.878399 21.0467 0.8171294 -8.408361 21.90724 -3.062826 -7.543221 21.88005 -4.507722 -8.503096 21.09014 -5.762423 -10.49746 20.40252 -5.046257 -10.98972 20.79683 -2.903967 -9.702448 21.62548 -2.025181 -6.269322 21.8823 -3.598598 -4.653477 22.02401 -4.052355 -4.459048 21.51351 -5.73199 -6.365828 20.86361 -6.683313 -8.203218 20.94617 -5.416669 -7.904982 21.53142 -3.778215 -4.286062 22.14701 -6.416148 -4.088274 21.96194 -8.078545 -5.665845 21.76664 -8.848425 -7.364371 21.82672 -7.40808 -6.849535 22.11709 -5.254518 -5.115908 22.26631 -4.957421 4.403834 29.34709 -0.7887034 3.719157 28.85505 0.6693931 4.643561 27.50611 1.336804 6.372645 26.90675 0.0662837 6.686117 28.06203 -1.818987 5.492758 29.33806 -2.071249 2.920685 28.71946 1.235481 1.430458 28.46625 1.978477 1.499418 27.00662 2.970606 3.485113 25.99785 2.919757 5.064973 26.94596 1.657883 4.526804 28.41384 0.8383112 -4.62483 21.00854 4.523634 -6.203953 20.47752 4.771266 -6.193722 19.02512 5.776268 -4.147073 18.38139 6.376286 -2.443941 19.62662 5.644212 -2.947611 21.00014 4.6564 5.402798 19.99915 5.949302 4.007293 19.21517 6.473584 4.443566 17.83314 7.483155 6.643119 17.58013 7.730434 7.950857 19.06644 6.697047 7.052974 20.28644 5.790732 3.131626 19.31353 5.72417 1.564785 18.71411 5.874637 1.594858 17.18032 6.749953 3.643816 16.55036 7.356675 5.324499 17.90717 6.789596 4.803633 19.3456 5.908898 7.680171 18.71107 6.012956 6.094316 18.34121 6.443309 6.043097 16.75991 7.228447 8.04221 15.79031 7.391571 9.78101 16.92079 6.563445 9.340363 18.48121 5.865667 9.9629 20.09063 4.841797 8.968122 19.24483 5.905734 9.765294 17.75047 6.406743 11.77805 17.47447 5.4925 12.48567 19.07953 4.110391 11.33038 20.39927 3.911467 6.777054 22.73282 2.641961 6.009921 22.21017 4.047408 7.131882 21.25118 5.017526 9.148097 21.04807 4.091884 9.459488 22.05632 2.123721 8.031025 22.90954 1.534222 2.501773 21.7344 3.278756 1.159072 21.95785 2.28671 -0.1962914 21.0018 2.893783 0.2959304 19.83879 4.729084 2.374194 20.03876 5.521572 3.391556 21.12172 4.568592 9.129135 21.96823 -0.1777947 9.494667 21.53716 1.40887 11.00537 20.62281 1.445181 11.91596 20.34238 -0.5686173 10.82277 21.23096 -2.301406 9.33581 22.06546 -1.844706 9.336322 21.05306 -2.681083 10.52216 20.75516 -1.522642 11.95097 20.063 -2.296585 11.72833 19.81407 -4.499232 9.785795 20.45599 -5.394596 8.641631 21.09657 -4.212838 5.855033 21.63666 -4.593865 7.511145 21.33008 -4.578691 8.011621 20.68143 -6.143417 6.332901 20.48351 -7.594595 4.310585 21.11473 -6.888192 4.29704 21.70648 -5.225169 -4.982559 27.06787 0.03343821 -6.132933 26.9438 -1.190563 -6.822209 25.31763 -1.198148 -5.9687 23.98988 0.3740454 -4.406137 24.87526 1.701336 -4.034665 26.55995 1.327375 -0.5531691 27.88714 1.523622 -2.227245 27.77503 1.375857 -2.803722 26.32877 2.20987 -1.171361 25.15018 3.163565 0.9054915 25.93953 2.93811 0.9939755 27.43728 2.008111 4.067978 27.26759 1.167774 3.118056 26.50877 2.333437 3.93152 25.05012 2.90808 5.901308 24.69456 1.929965 6.552896 26.18906 0.4038219 5.39433 27.4981 0.1586094 2.784339 30.24461 -1.017706 1.632861 29.98284 0.1833386 2.178555 28.69485 1.261703 4.16339 27.85415 0.6988072 5.156661 28.73224 -1.098294 4.218973 30.01555 -1.866305 1.203564 30.83389 -3.861405 2.886176 30.78921 -3.800125 3.527688 30.31614 -5.376276 1.943818 29.94096 -6.89739 -0.1723086 30.20782 -6.235573 -0.3270537 30.69523 -4.546053 -1.348708 20.60086 2.914465 -2.05015 19.96489 4.307467 -0.8531337 19.02178 5.200369 1.147 18.97939 4.220136 1.352674 20.10287 2.301101 -0.1348305 20.9039 1.789551 -2.680514 17.67686 5.687005 -4.043354 17.08311 6.478873 -3.732967 15.44061 7.049335 -1.690732 14.70387 6.549642 -0.3601694 16.10477 5.429698 -1.114446 17.66018 5.072259 -7.467402 21.00282 3.50646 -8.92759 21.12213 2.675468 -10.09612 19.98687 3.357612 -9.281379 18.79428 5.053816 -7.162358 19.18967 5.637442 -6.379671 20.43004 4.655165 -3.92231 19.32347 5.119003 -5.504441 19.04761 5.626638 -5.561945 17.60172 6.639409 -3.573388 16.63476 6.911094 -1.835712 17.60103 5.894232 -2.268537 19.04727 4.979331 -9.298983 19.49968 3.858413 -10.69879 19.62378 2.929934 -11.86441 18.39971 3.442358 -11.12492 17.11969 5.109053 -9.072542 17.55092 5.876514 -8.274089 18.88691 5.043681 -5.936481 21.52726 -2.032174 -4.437171 21.48558 -2.798506 -4.66289 21.29473 -4.539831 -6.803725 21.17388 -5.144329 -8.320994 21.30713 -3.511129 -7.613859 21.49639 -1.904849 -5.583944 21.1935 -6.779536 -6.639273 21.38078 -8.078821 -8.287439 21.00508 -7.566979 -8.433859 20.41972 -5.422426 -6.531137 20.39072 -4.253661 -5.113778 20.84734 -5.201602 -7.738637 20.66442 -4.51475 -7.005221 20.54262 -6.026108 -8.114152 19.77517 -7.166672 -10.07494 19.23016 -6.260336 -10.35589 19.7164 -4.098891 -8.951757 20.49172 -3.361808 2.819468 25.60109 2.127447 1.470001 24.97976 2.921058 1.812717 23.342 3.486651 3.867275 22.6452 2.980255 5.16844 24.07373 1.860674 4.384077 25.6155 1.508939 -2.391772 26.88632 1.721535 -3.917275 27.33455 1.165785 -5.078901 26.04981 1.511679 -4.173583 24.29608 2.545139 -1.98711 24.40479 2.986413 -1.232121 25.90624 2.446392 9.201472 17.25685 5.698142 7.985537 16.56896 6.639016 8.453543 14.93385 7.115442 10.45046 14.32533 6.337477 11.54933 15.82463 5.099818 10.67386 17.34282 4.88854 -5.986227 17.80193 6.113718 -7.570267 17.29651 6.382619 -7.569653 15.65494 7.0344 -5.525458 14.80508 7.28381 -3.812566 16.11002 6.691902 -4.30758 17.69201 6.085069 -5.079476 22.8964 1.439717 -6.736869 22.60764 1.520948 -7.118135 21.73815 3.010317 -5.328696 21.31519 4.268173 -3.360063 22.02914 3.492315 -3.473255 22.8605 1.939242 6.724952 16.81423 6.885248 5.14578 17.38141 6.738751 4.009777 16.10125 7.17495 5.007776 14.19827 7.763038 7.240457 14.17621 7.719979 7.951542 15.70993 7.211978 1.928367 18.20679 6.020706 0.3047986 18.10691 5.58369 -0.2707543 16.45154 5.802958 1.297289 15.06587 6.567387 3.319089 15.93859 6.938741 3.422358 17.66176 6.56997 3.550676 21.72779 3.771236 1.931995 21.40495 4.106765 1.809449 20.44559 5.584665 3.785652 19.98436 6.503947 5.592902 20.77669 5.45836 5.217603 21.69267 3.996805 9.638645 21.98217 2.491171 8.810438 21.5434 3.890628 9.746603 20.3424 4.7855 11.67162 19.80967 3.798742 12.13489 20.83901 1.871816 10.88428 21.97488 1.360193 7.788812 22.26594 1.60355 7.580623 21.9725 3.248995 8.841252 20.87677 3.823242 10.26322 20.25282 2.225779 9.906044 21.07635 0.1809226 8.505063 22.14602 0.0858655 7.639728 22.63027 0.4628545 8.658008 22.6181 1.804455 10.29967 22.20208 1.302992 10.48794 21.83715 -0.8866589 8.628288 22.04249 -2.105984 7.206261 22.47958 -1.155837 10.02785 20.43163 -1.162019 10.77323 19.90896 0.255074 12.20941 18.96052 -0.1416981 12.56174 18.76707 -2.332961 11.09216 19.77047 -3.682293 9.802732 20.61251 -2.819536 3.716855 22.72138 1.05627 2.13718 22.51641 1.603576 2.154332 21.82016 3.226701 4.208026 21.4476 4.00563 5.908558 21.99091 2.663913 5.39738 22.66482 1.114545 3.529645 30.19155 -2.944686 3.814687 29.61427 -1.388269 5.382741 28.80339 -1.331152 6.449643 28.80627 -3.286888 5.417011 29.80519 -4.996574 3.844155 30.48439 -4.571365 -1.561072 18.9084 5.003941 -2.568334 18.29207 6.20498 -1.886257 16.79333 6.843826 0.0372982 16.21725 5.878811 0.811595 17.57615 4.284748 -0.2256231 18.97216 3.982534 -10.1676 20.52767 1.785478 -11.23715 20.62884 0.4882669 -12.39326 19.29568 0.5635657 -12.07114 17.94542 2.306042 -10.38033 18.45185 3.674223 -9.488892 19.8963 3.189575 -7.795087 17.07368 5.935068 -9.40052 17.09724 5.426185 -10.10523 15.48725 5.602015 -8.678753 13.98386 6.419415 -6.616902 14.7021 6.888561 -6.371093 16.41571 6.5434 11.04458 20.47519 1.161378 10.8974 20.12864 2.803076 11.90917 18.73992 3.212175 13.02475 17.91645 1.46845 12.71655 18.93277 -0.4960654 11.59834 20.29637 -0.4172695 6.921068 22.42526 -2.104638 8.527984 22.1818 -1.662508 9.44055 21.56991 -3.045407 8.202329 21.32419 -4.881059 6.042857 21.87016 -4.720412 5.577228 22.44264 -3.116841 0.4251881 31.00507 -1.39327 -1.226356 31.04262 -1.721792 -2.064851 29.87457 -0.6960306 -0.7012853 28.75746 0.6662998 1.472235 29.25642 0.5477605 1.845437 30.50603 -0.6418648 -0.549991 27.89344 0.6763968 -2.230891 27.84439 0.5809789 -2.82398 26.33591 1.282627 -1.198015 25.01904 2.047682 0.893891 25.76893 1.826758 0.9978516 27.3523 1.053375 0.008271216 26.17237 1.911315 -1.639812 25.82852 1.861072 -1.917596 24.16399 2.382385 -0.04548962 23.0847 2.924167 1.865271 24.2255 2.73769 1.645315 25.88224 2.169523 0.9545487 29.15042 0.6341043 -0.6778578 28.77763 0.8163524 -0.846432 27.23518 1.660152 1.105368 26.3049 2.197038 2.948725 27.4206 1.610145 2.617922 28.93894 0.7727666 6.249185 27.34125 -1.922748 5.815948 26.61539 -0.4659123 6.703976 25.10166 -0.2668943 8.075385 24.65317 -1.964329 8.133722 26.13746 -3.631866 7.057387 27.51517 -3.388122 -8.978089 14.94313 4.591553 -10.50582 15.13706 3.909366 -11.30466 13.5671 3.780338 -10.06456 11.88051 4.542405 -8.043271 12.39599 5.33981 -7.673447 14.12036 5.263648 -3.960112 14.39093 4.719452 -5.40624 13.53217 4.809828 -5.078759 11.80005 4.699851 -2.913432 11.32322 4.482633 -1.500688 13.05213 4.435693 -2.299073 14.61981 4.58045 -6.068 20.304 4.528 -7.587982 20.65033 3.890311 -8.703312 19.33105 4.257906 -7.762762 17.6772 5.416936 -5.603647 17.91207 5.936804 -4.895998 19.41832 5.348211 -7.603511 21.10262 2.977867 -9.136283 20.91643 2.304906 -9.904255 19.46836 2.962857 -8.629399 18.3837 4.433044 -6.616911 19.254 4.856932 -6.281381 20.73054 3.949613 -6.24997 23.23951 -0.09505606 -7.842039 22.76281 0.1788161 -8.023469 22.22325 1.850807 -6.135471 22.34462 3.027212 -4.329802 23.10942 1.958647 -4.634392 23.53246 0.2721553 -9.984853 16.96092 -2.824931 -11.63835 17.27991 -2.858574 -12.53943 15.7848 -2.589681 -11.2306 14.00536 -2.300261 -9.026062 14.35102 -2.388088 -8.587143 16.03508 -2.68356 -5.311993 15.82875 6.033141 -6.891903 15.2457 6.062545 -6.874762 13.48123 6.13954 -4.820775 12.61909 6.17205 -3.119982 14.06477 6.104683 -3.631222 15.75278 6.032259 3.209022 16.51228 5.909834 1.595269 16.72977 5.479215 0.7795773 15.16452 5.414052 2.115251 13.45186 5.909994 4.237366 13.9397 6.405821 4.598195 15.66641 6.340486 7.677211 15.75474 6.396977 6.165593 15.26771 6.958003 6.169604 13.52504 7.24552 8.123472 12.55896 6.784774 9.75647 13.89071 6.045195 9.280457 15.58558 5.915575 10.0254 15.041 3.950578 8.934937 14.10631 4.830453 9.5702 12.46917 5.01967 11.55827 12.1772 4.057627 12.44418 13.94435 3.018614 11.4306 15.38767 3.092682 4.772052 14.7189 1.953663 3.087781 14.72231 1.966003 2.489462 13.06742 2.117528 4.114992 11.54894 2.240242 6.21296 12.30972 2.1569 6.321411 14.06462 2.000165 -1.284533 23.11811 1.718599 -2.884112 22.59836 1.6284 -2.946115 20.83714 1.746068 -0.9391624 19.89631 1.970094 0.8194616 21.27203 2.013292 0.3859596 22.97635 1.860436 5.376547 25.96824 0.8297095 3.932561 25.65814 1.639447 3.893598 23.97208 2.164119 5.720892 22.82956 1.599479 7.300595 23.94381 0.4813604 6.891234 25.6339 0.1780257 -7.707847 13.29695 -0.2029347 -9.30143 13.7629 -0.4863527 -10.29087 12.33624 -0.8107913 -9.140183 10.42984 -0.7419767 -6.959622 10.58494 -0.2855804 -6.408361 12.24232 -0.03019667 -6.668924 13.74412 4.886813 -8.347746 13.72546 4.752125 -8.914043 12.0606 4.587359 -7.266245 10.56146 4.61038 -5.188962 11.35071 4.832162 -5.112748 13.10929 4.964742 -4.567723 14.71335 1.965307 -6.117536 14.05548 1.918248 -6.014972 12.29572 1.807291 -3.921659 11.53442 1.766488 -2.292879 13.05884 1.86864 -2.885256 14.71851 1.971542 -5.557885 12.83569 -0.4474647 -7.199906 12.53727 -0.674727 -7.468026 10.80343 -0.8784704 -5.594898 9.60211 -0.7716777 -3.695158 10.72579 -0.4317698 -3.923464 12.47016 -0.2867725 -8.54884 12.69441 -4.094079 -10.22785 12.78081 -4.196091 -10.89527 11.16152 -4.424217 -9.33975 9.568529 -4.501325 -7.215556 10.2231 -4.285615 -7.032229 11.96618 -4.075686 -1.226962 15.57946 3.93062 -2.328659 14.674 4.826912 -1.827213 12.98064 4.852726 0.05291319 12.59952 3.720001 1.012784 14.36103 2.738717 0.137526 15.87306 2.991082 -3.615672 12.62891 -3.106691 -4.837951 11.47008 -3.115123 -4.146232 9.876447 -3.433636 -1.936453 9.913458 -3.714169 -0.9340644 11.90293 -3.557914 -2.048605 13.23019 -3.22299 11.1696 15.18404 2.517394 10.2767 14.13965 3.491507 11.05174 12.55305 3.531519 12.91281 12.44885 2.311386 13.52049 14.3113 1.239376 12.42044 15.66682 1.500981 8.868419 12.90582 -1.992811 7.547008 11.87002 -1.858956 8.0844 10.19488 -2.016101 10.28088 9.998585 -2.332567 11.46177 11.89265 -2.404742 10.47984 13.34469 -2.196429 5.57082 13.05592 0.007180452 3.942345 12.68004 0.2162648 3.723076 10.92834 0.1610755 5.623422 9.810611 -0.1591651 7.485946 11.02632 -0.3597996 7.210095 12.76546 -0.2360594 1.160198 30.69332 -3.531425 0.4717184 30.55786 -2.000223 1.581712 29.70816 -0.9206285 3.485504 29.10553 -1.90835 3.717357 29.64454 -4.063092 2.326124 30.50276 -4.729366 -4.758427 11.96857 -4.141836 -6.340239 11.40321 -4.018653 -6.415888 9.722156 -4.555236 -4.444345 8.913517 -5.205088 -2.698632 10.30152 -5.090441 -3.112127 11.90665 -4.483333 -9.95883 15.02258 -2.543502 -11.46469 15.69956 -2.876688 -12.61613 14.42257 -3.280521 -11.72683 12.38083 -3.220138 -9.566305 12.23856 -2.673241 -8.815985 13.80318 -2.349248</float_array>
          <technique_common>
            <accessor source="#L01_01__mTreeOakLeaf-position-array" count="966" stride="3">
              <param name="X" type="float" />
              <param name="Y" type="float" />
              <param name="Z" type="float" />
            </accessor>
          </technique_common>
        </source>
        <source id="L01_01__mTreeOakLeaf-normal">
          <float_array id="L01_01__mTreeOakLeaf-normal-array" count="2898">0.4677104 0.8473581 0.2544031 0.4677104 0.8473581 0.2544031 0.4677104 0.8473581 0.2544031 0.4677104 0.8473581 0.2544031 0.4677104 0.8473581 0.2544031 0.4677104 0.8473581 0.2544031 0.4677104 0.8473581 0.2544031 0.4677104 0.8473581 0.2544031 0.5812133 0.4148728 0.7005871 0.5812133 0.4148728 0.7005871 0.5812133 0.4148728 0.7005871 0.5812133 0.4148728 0.7005871 0.5812133 0.4148728 0.7005871 0.5812133 0.4148728 0.7005871 0.5812133 0.4148728 0.7005871 0.5812133 0.4148728 0.7005871 0.0704501 0.3561644 0.9315069 0.0704501 0.3561644 0.9315069 0.0704501 0.3561644 0.9315069 0.0704501 0.3561644 0.9315069 0.0704501 0.3561644 0.9315069 0.0704501 0.3561644 0.9315069 0.0704501 0.3561644 0.9315069 0.0704501 0.3561644 0.9315069 0.6007828 0.7201566 0.3463796 0.6007828 0.7201566 0.3463796 0.6007828 0.7201566 0.3463796 0.6007828 0.7201566 0.3463796 0.6007828 0.7201566 0.3463796 0.6007828 0.7201566 0.3463796 0.6007828 0.7201566 0.3463796 0.6007828 0.7201566 0.3463796 0.778865 0.3248532 0.5381604 0.778865 0.3248532 0.5381604 0.778865 0.3248532 0.5381604 0.778865 0.3248532 0.5381604 0.778865 0.3248532 0.5381604 0.778865 0.3248532 0.5381604 0.778865 0.3248532 0.5381604 0.778865 0.3248532 0.5381604 -0.05283757 0.05675147 0.9960861 -0.05283757 0.05675147 0.9960861 -0.05283757 0.05675147 0.9960861 -0.05283757 0.05675147 0.9960861 -0.05283757 0.05675147 0.9960861 -0.05283757 0.05675147 0.9960861 -0.05283757 0.05675147 0.9960861 -0.05283757 0.05675147 0.9960861 0.02739726 -0.1624266 0.9863014 0.02739726 -0.1624266 0.9863014 0.02739726 -0.1624266 0.9863014 0.02739726 -0.1624266 0.9863014 0.02739726 -0.1624266 0.9863014 0.02739726 -0.1624266 0.9863014 0.02739726 -0.1624266 0.9863014 0.02739726 -0.1624266 0.9863014 -0.2485323 0.3170255 0.9158513 -0.2485323 0.3170255 0.9158513 -0.2485323 0.3170255 0.9158513 -0.2485323 0.3170255 0.9158513 -0.2485323 0.3170255 0.9158513 -0.2485323 0.3170255 0.9158513 -0.2485323 0.3170255 0.9158513 -0.2485323 0.3170255 0.9158513 -0.5655577 0.407045 0.7181996 -0.5655577 0.407045 0.7181996 -0.5655577 0.407045 0.7181996 -0.5655577 0.407045 0.7181996 -0.5655577 0.407045 0.7181996 -0.5655577 0.407045 0.7181996 -0.5655577 0.407045 0.7181996 -0.5655577 0.407045 0.7181996 -0.6320939 0.5675147 0.5264188 -0.6320939 0.5675147 0.5264188 -0.6320939 0.5675147 0.5264188 -0.6320939 0.5675147 0.5264188 -0.6320939 0.5675147 0.5264188 -0.6320939 0.5675147 0.5264188 -0.6320939 0.5675147 0.5264188 -0.6320939 0.5675147 0.5264188 0.1585127 0.1761252 0.9706458 0.1585127 0.1761252 0.9706458 0.1585127 0.1761252 0.9706458 0.1585127 0.1761252 0.9706458 0.1585127 0.1761252 0.9706458 0.1585127 0.1761252 0.9706458 0.1585127 0.1761252 0.9706458 0.1585127 0.1761252 0.9706458 0.02152642 0.2309198 0.9726027 0.02152642 0.2309198 0.9726027 0.02152642 0.2309198 0.9726027 0.02152642 0.2309198 0.9726027 0.02152642 0.2309198 0.9726027 0.02152642 0.2309198 0.9726027 0.02152642 0.2309198 0.9726027 0.02152642 0.2309198 0.9726027 -0.5088063 0.3365949 0.7925636 -0.5088063 0.3365949 0.7925636 -0.5088063 0.3365949 0.7925636 -0.5088063 0.3365949 0.7925636 -0.5088063 0.3365949 0.7925636 -0.5088063 0.3365949 0.7925636 -0.5088063 0.3365949 0.7925636 -0.5088063 0.3365949 0.7925636 -0.7455969 -0.1643836 0.6457925 -0.7455969 -0.1643836 0.6457925 -0.7455969 -0.1643836 0.6457925 -0.7455969 -0.1643836 0.6457925 -0.7455969 -0.1643836 0.6457925 -0.7455969 -0.1643836 0.6457925 -0.7455969 -0.1643836 0.6457925 -0.7455969 -0.1643836 0.6457925 -0.5909981 0.6614481 0.4598826 -0.5909981 0.6614481 0.4598826 -0.5909981 0.6614481 0.4598826 -0.5909981 0.6614481 0.4598826 -0.5909981 0.6614481 0.4598826 -0.5909981 0.6614481 0.4598826 -0.5909981 0.6614481 0.4598826 -0.5909981 0.6614481 0.4598826 0.1741683 0.9217221 0.3463796 0.1741683 0.9217221 0.3463796 0.1741683 0.9217221 0.3463796 0.1741683 0.9217221 0.3463796 0.1741683 0.9217221 0.3463796 0.1741683 0.9217221 0.3463796 0.1741683 0.9217221 0.3463796 0.1741683 0.9217221 0.3463796 0.04892368 0.1761252 0.9823875 0.04892368 0.1761252 0.9823875 0.04892368 0.1761252 0.9823875 0.04892368 0.1761252 0.9823875 0.04892368 0.1761252 0.9823875 0.04892368 0.1761252 0.9823875 0.04892368 0.1761252 0.9823875 0.04892368 0.1761252 0.9823875 0.4853229 0.1761252 0.8571429 0.4853229 0.1761252 0.8571429 0.4853229 0.1761252 0.8571429 0.4853229 0.1761252 0.8571429 0.4853229 0.1761252 0.8571429 0.4853229 0.1761252 0.8571429 0.4853229 0.1761252 0.8571429 0.4853229 0.1761252 0.8571429 -0.1311155 0.3111546 0.9412916 -0.1311155 0.3111546 0.9412916 -0.1311155 0.3111546 0.9412916 -0.1311155 0.3111546 0.9412916 -0.1311155 0.3111546 0.9412916 -0.1311155 0.3111546 0.9412916 -0.1311155 0.3111546 0.9412916 -0.1311155 0.3111546 0.9412916 -0.2387476 0.5009785 0.8317025 -0.2387476 0.5009785 0.8317025 -0.2387476 0.5009785 0.8317025 -0.2387476 0.5009785 0.8317025 -0.2387476 0.5009785 0.8317025 -0.2387476 0.5009785 0.8317025 -0.2387476 0.5009785 0.8317025 -0.2387476 0.5009785 0.8317025 0.2113503 0.7573385 0.6164383 0.2113503 0.7573385 0.6164383 0.2113503 0.7573385 0.6164383 0.2113503 0.7573385 0.6164383 0.2113503 0.7573385 0.6164383 0.2113503 0.7573385 0.6164383 0.2113503 0.7573385 0.6164383 0.2113503 0.7573385 0.6164383 0.4305284 0.8630137 0.2661448 0.4305284 0.8630137 0.2661448 0.4305284 0.8630137 0.2661448 0.4305284 0.8630137 0.2661448 0.4305284 0.8630137 0.2661448 0.4305284 0.8630137 0.2661448 0.4305284 0.8630137 0.2661448 0.4305284 0.8630137 0.2661448 0.6868885 0.3170255 0.6536204 0.6868885 0.3170255 0.6536204 0.6868885 0.3170255 0.6536204 0.6868885 0.3170255 0.6536204 0.6868885 0.3170255 0.6536204 0.6868885 0.3170255 0.6536204 0.6868885 0.3170255 0.6536204 0.6868885 0.3170255 0.6536204 0.1213307 -0.03913894 0.9921722 0.1213307 -0.03913894 0.9921722 0.1213307 -0.03913894 0.9921722 0.1213307 -0.03913894 0.9921722 0.1213307 -0.03913894 0.9921722 0.1213307 -0.03913894 0.9921722 0.1213307 -0.03913894 0.9921722 0.1213307 -0.03913894 0.9921722 0.01565558 -0.05675147 0.9980431 0.01565558 -0.05675147 0.9980431 0.01565558 -0.05675147 0.9980431 0.01565558 -0.05675147 0.9980431 0.01565558 -0.05675147 0.9980431 0.01565558 -0.05675147 0.9980431 0.01565558 -0.05675147 0.9980431 0.01565558 -0.05675147 0.9980431 -0.07240704 0.02152642 0.9980431 -0.07240704 0.02152642 0.9980431 -0.07240704 0.02152642 0.9980431 -0.07240704 0.02152642 0.9980431 -0.07240704 0.02152642 0.9980431 -0.07240704 0.02152642 0.9980431 -0.07240704 0.02152642 0.9980431 -0.07240704 0.02152642 0.9980431 -0.2289628 -0.05479452 0.9726027 -0.2289628 -0.05479452 0.9726027 -0.2289628 -0.05479452 0.9726027 -0.2289628 -0.05479452 0.9726027 -0.2289628 -0.05479452 0.9726027 -0.2289628 -0.05479452 0.9726027 -0.2289628 -0.05479452 0.9726027 -0.2289628 -0.05479452 0.9726027 -0.02739726 -0.2113503 0.9765166 -0.02739726 -0.2113503 0.9765166 -0.02739726 -0.2113503 0.9765166 -0.02739726 -0.2113503 0.9765166 -0.02739726 -0.2113503 0.9765166 -0.02739726 -0.2113503 0.9765166 -0.02739726 -0.2113503 0.9765166 -0.02739726 -0.2113503 0.9765166 0.01956947 0.04305284 0.9980431 0.01956947 0.04305284 0.9980431 0.01956947 0.04305284 0.9980431 0.01956947 0.04305284 0.9980431 0.01956947 0.04305284 0.9980431 0.01956947 0.04305284 0.9980431 0.01956947 0.04305284 0.9980431 0.01956947 0.04305284 0.9980431 -0.7358121 0.2524462 0.62818 -0.7358121 0.2524462 0.62818 -0.7358121 0.2524462 0.62818 -0.7358121 0.2524462 0.62818 -0.7358121 0.2524462 0.62818 -0.7358121 0.2524462 0.62818 -0.7358121 0.2524462 0.62818 -0.7358121 0.2524462 0.62818 0.2113503 -0.07632094 0.9745597 0.2113503 -0.07632094 0.9745597 0.2113503 -0.07632094 0.9745597 0.2113503 -0.07632094 0.9745597 0.2113503 -0.07632094 0.9745597 0.2113503 -0.07632094 0.9745597 0.2113503 -0.07632094 0.9745597 0.2113503 -0.07632094 0.9745597 0.111546 0.06066536 0.9921722 0.111546 0.06066536 0.9921722 0.111546 0.06066536 0.9921722 0.111546 0.06066536 0.9921722 0.111546 0.06066536 0.9921722 0.111546 0.06066536 0.9921722 0.111546 0.06066536 0.9921722 0.111546 0.06066536 0.9921722 0.3796478 0.08610567 0.9217221 0.3796478 0.08610567 0.9217221 0.3796478 0.08610567 0.9217221 0.3796478 0.08610567 0.9217221 0.3796478 0.08610567 0.9217221 0.3796478 0.08610567 0.9217221 0.3796478 0.08610567 0.9217221 0.3796478 0.08610567 0.9217221 0.5244619 0.4716243 0.7084149 0.5244619 0.4716243 0.7084149 0.5244619 0.4716243 0.7084149 0.5244619 0.4716243 0.7084149 0.5244619 0.4716243 0.7084149 0.5244619 0.4716243 0.7084149 0.5244619 0.4716243 0.7084149 0.5244619 0.4716243 0.7084149 0.0332681 -0.2270059 0.9726027 0.0332681 -0.2270059 0.9726027 0.0332681 -0.2270059 0.9726027 0.0332681 -0.2270059 0.9726027 0.0332681 -0.2270059 0.9726027 0.0332681 -0.2270059 0.9726027 0.0332681 -0.2270059 0.9726027 0.0332681 -0.2270059 0.9726027 0.5636008 0.7162427 0.4109589 0.5636008 0.7162427 0.4109589 0.5636008 0.7162427 0.4109589 0.5636008 0.7162427 0.4109589 0.5636008 0.7162427 0.4109589 0.5636008 0.7162427 0.4109589 0.5636008 0.7162427 0.4109589 0.5636008 0.7162427 0.4109589 -0.1409002 0.5890411 0.7964775 -0.1409002 0.5890411 0.7964775 -0.1409002 0.5890411 0.7964775 -0.1409002 0.5890411 0.7964775 -0.1409002 0.5890411 0.7964775 -0.1409002 0.5890411 0.7964775 -0.2426614 0.4403131 0.8649706 -0.2426614 0.4403131 0.8649706 -0.2426614 0.4403131 0.8649706 -0.2426614 0.4403131 0.8649706 -0.2426614 0.4403131 0.8649706 -0.2426614 0.4403131 0.8649706 0.2191781 0.5381604 0.81409 0.2191781 0.5381604 0.81409 0.2191781 0.5381604 0.81409 0.2191781 0.5381604 0.81409 0.2191781 0.5381604 0.81409 0.2191781 0.5381604 0.81409 0.2289628 0.8688846 0.4383562 0.2289628 0.8688846 0.4383562 0.2289628 0.8688846 0.4383562 0.2289628 0.8688846 0.4383562 0.2289628 0.8688846 0.4383562 0.2289628 0.8688846 0.4383562 0.01369863 0.6516634 0.7573385 0.01369863 0.6516634 0.7573385 0.01369863 0.6516634 0.7573385 0.01369863 0.6516634 0.7573385 0.01369863 0.6516634 0.7573385 0.01369863 0.6516634 0.7573385 0.001956947 0.9178082 0.3953033 0.001956947 0.9178082 0.3953033 0.001956947 0.9178082 0.3953033 0.001956947 0.9178082 0.3953033 0.001956947 0.9178082 0.3953033 0.001956947 0.9178082 0.3953033 -0.2544031 0.964775 -0.07240704 -0.2544031 0.964775 -0.07240704 -0.2544031 0.964775 -0.07240704 -0.2544031 0.964775 -0.07240704 -0.2544031 0.964775 -0.07240704 -0.2544031 0.964775 -0.07240704 0.1741683 0.7084149 0.6829746 0.1741683 0.7084149 0.6829746 0.1741683 0.7084149 0.6829746 0.1741683 0.7084149 0.6829746 0.1741683 0.7084149 0.6829746 0.1741683 0.7084149 0.6829746 -0.3287671 0.7377691 0.5909981 -0.3287671 0.7377691 0.5909981 -0.3287671 0.7377691 0.5909981 -0.3287671 0.7377691 0.5909981 -0.3287671 0.7377691 0.5909981 -0.3287671 0.7377691 0.5909981 -0.2720157 0.9373777 0.221135 -0.2720157 0.9373777 0.221135 -0.2720157 0.9373777 0.221135 -0.2720157 0.9373777 0.221135 -0.2720157 0.9373777 0.221135 -0.2720157 0.9373777 0.221135 -0.4422701 0.8962818 -0.05479452 -0.4422701 0.8962818 -0.05479452 -0.4422701 0.8962818 -0.05479452 -0.4422701 0.8962818 -0.05479452 -0.4422701 0.8962818 -0.05479452 -0.4422701 0.8962818 -0.05479452 -0.3894325 0.9119374 -0.1330724 -0.3894325 0.9119374 -0.1330724 -0.3894325 0.9119374 -0.1330724 -0.3894325 0.9119374 -0.1330724 -0.3894325 0.9119374 -0.1330724 -0.3894325 0.9119374 -0.1330724 -0.2896282 0.9530333 0.07632094 -0.2896282 0.9530333 0.07632094 -0.2896282 0.9530333 0.07632094 -0.2896282 0.9530333 0.07632094 -0.2896282 0.9530333 0.07632094 -0.2896282 0.9530333 0.07632094 0.2152642 0.6790606 0.702544 0.2152642 0.6790606 0.702544 0.2152642 0.6790606 0.702544 0.2152642 0.6790606 0.702544 0.2152642 0.6790606 0.702544 0.2152642 0.6790606 0.702544 0.02152642 0.6457925 0.7632094 0.02152642 0.6457925 0.7632094 0.02152642 0.6457925 0.7632094 0.02152642 0.6457925 0.7632094 0.02152642 0.6457925 0.7632094 0.02152642 0.6457925 0.7632094 -0.1056751 0.9217221 0.37182 -0.1056751 0.9217221 0.37182 -0.1056751 0.9217221 0.37182 -0.1056751 0.9217221 0.37182 -0.1056751 0.9217221 0.37182 -0.1056751 0.9217221 0.37182 0.1154599 0.9921722 0.02544031 0.1154599 0.9921722 0.02544031 0.1154599 0.9921722 0.02544031 0.1154599 0.9921722 0.02544031 0.1154599 0.9921722 0.02544031 0.1154599 0.9921722 0.02544031 0.2270059 0.8082192 0.5440313 0.2270059 0.8082192 0.5440313 0.2270059 0.8082192 0.5440313 0.2270059 0.8082192 0.5440313 0.2270059 0.8082192 0.5440313 0.2270059 0.8082192 0.5440313 -0.2818004 0.7240704 0.62818 -0.2818004 0.7240704 0.62818 -0.2818004 0.7240704 0.62818 -0.2818004 0.7240704 0.62818 -0.2818004 0.7240704 0.62818 -0.2818004 0.7240704 0.62818 0.1232877 0.9921722 -0.04696673 0.1232877 0.9921722 -0.04696673 0.1232877 0.9921722 -0.04696673 0.1232877 0.9921722 -0.04696673 0.1232877 0.9921722 -0.04696673 0.1232877 0.9921722 -0.04696673 0.2622309 0.8767123 -0.4011742 0.2622309 0.8767123 -0.4011742 0.2622309 0.8767123 -0.4011742 0.2622309 0.8767123 -0.4011742 0.2622309 0.8767123 -0.4011742 0.2622309 0.8767123 -0.4011742 0.2054795 0.9158513 -0.3463796 0.2054795 0.9158513 -0.3463796 0.2054795 0.9158513 -0.3463796 0.2054795 0.9158513 -0.3463796 0.2054795 0.9158513 -0.3463796 0.2054795 0.9158513 -0.3463796 -0.2309198 0.6712329 0.704501 -0.2309198 0.6712329 0.704501 -0.2309198 0.6712329 0.704501 -0.2309198 0.6712329 0.704501 -0.2309198 0.6712329 0.704501 -0.2309198 0.6712329 0.704501 -0.5459883 0.6771037 0.4911937 -0.5459883 0.6771037 0.4911937 -0.5459883 0.6771037 0.4911937 -0.5459883 0.6771037 0.4911937 -0.5459883 0.6771037 0.4911937 -0.5459883 0.6771037 0.4911937 -0.5596869 0.778865 0.2837573 -0.5596869 0.778865 0.2837573 -0.5596869 0.778865 0.2837573 -0.5596869 0.778865 0.2837573 -0.5596869 0.778865 0.2837573 -0.5596869 0.778865 0.2837573 -0.3287671 0.9236791 0.1976517 -0.3287671 0.9236791 0.1976517 -0.3287671 0.9236791 0.1976517 -0.3287671 0.9236791 0.1976517 -0.3287671 0.9236791 0.1976517 -0.3287671 0.9236791 0.1976517 -0.005870841 0.9393346 0.3424658 -0.005870841 0.9393346 0.3424658 -0.005870841 0.9393346 0.3424658 -0.005870841 0.9393346 0.3424658 -0.005870841 0.9393346 0.3424658 -0.005870841 0.9393346 0.3424658 0.3131115 0.9158513 0.2504892 0.3131115 0.9158513 0.2504892 0.3131115 0.9158513 0.2504892 0.3131115 0.9158513 0.2504892 0.3131115 0.9158513 0.2504892 0.3131115 0.9158513 0.2504892 -0.2348337 0.9530333 -0.18591 -0.2348337 0.9530333 -0.18591 -0.2348337 0.9530333 -0.18591 -0.2348337 0.9530333 -0.18591 -0.2348337 0.9530333 -0.18591 -0.2348337 0.9530333 -0.18591 -0.3365949 0.9275929 -0.1643836 -0.3365949 0.9275929 -0.1643836 -0.3365949 0.9275929 -0.1643836 -0.3365949 0.9275929 -0.1643836 -0.3365949 0.9275929 -0.1643836 -0.3365949 0.9275929 -0.1643836 -0.1741683 0.5792564 0.7964775 -0.1741683 0.5792564 0.7964775 -0.1741683 0.5792564 0.7964775 -0.1741683 0.5792564 0.7964775 -0.1741683 0.5792564 0.7964775 -0.1741683 0.5792564 0.7964775 0.37182 0.7240704 0.5812133 0.37182 0.7240704 0.5812133 0.37182 0.7240704 0.5812133 0.37182 0.7240704 0.5812133 0.37182 0.7240704 0.5812133 0.37182 0.7240704 0.5812133 0.2015656 0.7103718 0.6731898 0.2015656 0.7103718 0.6731898 0.2015656 0.7103718 0.6731898 0.2015656 0.7103718 0.6731898 0.2015656 0.7103718 0.6731898 0.2015656 0.7103718 0.6731898 -0.4755382 0.7358121 0.481409 -0.4755382 0.7358121 0.481409 -0.4755382 0.7358121 0.481409 -0.4755382 0.7358121 0.481409 -0.4755382 0.7358121 0.481409 -0.4755382 0.7358121 0.481409 -0.5831702 0.8121331 0.007827789 -0.5831702 0.8121331 0.007827789 -0.5831702 0.8121331 0.007827789 -0.5831702 0.8121331 0.007827789 -0.5831702 0.8121331 0.007827789 -0.5831702 0.8121331 0.007827789 -0.4050881 0.8786693 -0.2524462 -0.4050881 0.8786693 -0.2524462 -0.4050881 0.8786693 -0.2524462 -0.4050881 0.8786693 -0.2524462 -0.4050881 0.8786693 -0.2524462 -0.4050881 0.8786693 -0.2524462 -0.1761252 0.9334638 -0.3111546 -0.1761252 0.9334638 -0.3111546 -0.1761252 0.9334638 -0.3111546 -0.1761252 0.9334638 -0.3111546 -0.1761252 0.9334638 -0.3111546 -0.1761252 0.9334638 -0.3111546 -0.07436399 0.9902152 -0.1135029 -0.07436399 0.9902152 -0.1135029 -0.07436399 0.9902152 -0.1135029 -0.07436399 0.9902152 -0.1135029 -0.07436399 0.9902152 -0.1135029 -0.07436399 0.9902152 -0.1135029 0.592955 0.6399217 0.4872798 0.592955 0.6399217 0.4872798 0.592955 0.6399217 0.4872798 0.592955 0.6399217 0.4872798 0.592955 0.6399217 0.4872798 0.592955 0.6399217 0.4872798 0.3052838 0.5401174 0.7847358 0.3052838 0.5401174 0.7847358 0.3052838 0.5401174 0.7847358 0.3052838 0.5401174 0.7847358 0.3052838 0.5401174 0.7847358 0.3052838 0.5401174 0.7847358 -0.05283757 0.5616438 0.8258317 -0.05283757 0.5616438 0.8258317 -0.05283757 0.5616438 0.8258317 -0.05283757 0.5616438 0.8258317 -0.05283757 0.5616438 0.8258317 -0.05283757 0.5616438 0.8258317 -0.01369863 0.5812133 0.81409 -0.01369863 0.5812133 0.81409 -0.01369863 0.5812133 0.81409 -0.01369863 0.5812133 0.81409 -0.01369863 0.5812133 0.81409 -0.01369863 0.5812133 0.81409 -0.09589041 0.4853229 0.8688846 -0.09589041 0.4853229 0.8688846 -0.09589041 0.4853229 0.8688846 -0.09589041 0.4853229 0.8688846 -0.09589041 0.4853229 0.8688846 -0.09589041 0.4853229 0.8688846 0.146771 0.4305284 0.890411 0.146771 0.4305284 0.890411 0.146771 0.4305284 0.890411 0.146771 0.4305284 0.890411 0.146771 0.4305284 0.890411 0.146771 0.4305284 0.890411 0.4266145 0.4774951 0.7690802 0.4266145 0.4774951 0.7690802 0.4266145 0.4774951 0.7690802 0.4266145 0.4774951 0.7690802 0.4266145 0.4774951 0.7690802 0.4266145 0.4774951 0.7690802 0.3111546 0.8258317 0.4696673 0.3111546 0.8258317 0.4696673 0.3111546 0.8258317 0.4696673 0.3111546 0.8258317 0.4696673 0.3111546 0.8258317 0.4696673 0.3111546 0.8258317 0.4696673 -0.2896282 0.7651663 0.5753425 -0.2896282 0.7651663 0.5753425 -0.2896282 0.7651663 0.5753425 -0.2896282 0.7651663 0.5753425 -0.2896282 0.7651663 0.5753425 -0.2896282 0.7651663 0.5753425 0.518591 0.849315 0.1056751 0.518591 0.849315 0.1056751 0.518591 0.849315 0.1056751 0.518591 0.849315 0.1056751 0.518591 0.849315 0.1056751 0.518591 0.849315 0.1056751 0.369863 0.9158513 -0.1506849 0.369863 0.9158513 -0.1506849 0.369863 0.9158513 -0.1506849 0.369863 0.9158513 -0.1506849 0.369863 0.9158513 -0.1506849 0.369863 0.9158513 -0.1506849 0.1682975 0.925636 -0.3365949 0.1682975 0.925636 -0.3365949 0.1682975 0.925636 -0.3365949 0.1682975 0.925636 -0.3365949 0.1682975 0.925636 -0.3365949 0.1682975 0.925636 -0.3365949 -0.7084149 0.2896282 0.6438356 -0.7084149 0.2896282 0.6438356 -0.7084149 0.2896282 0.6438356 -0.7084149 0.2896282 0.6438356 -0.7084149 0.2896282 0.6438356 -0.7084149 0.2896282 0.6438356 -0.1037182 0.5225049 0.8473581 -0.1037182 0.5225049 0.8473581 -0.1037182 0.5225049 0.8473581 -0.1037182 0.5225049 0.8473581 -0.1037182 0.5225049 0.8473581 -0.1037182 0.5225049 0.8473581 0.4618395 0.5303327 0.7123288 0.4618395 0.5303327 0.7123288 0.4618395 0.5303327 0.7123288 0.4618395 0.5303327 0.7123288 0.4618395 0.5303327 0.7123288 0.4618395 0.5303327 0.7123288 0.4598826 0.6712329 0.5792564 0.4598826 0.6712329 0.5792564 0.4598826 0.6712329 0.5792564 0.4598826 0.6712329 0.5792564 0.4598826 0.6712329 0.5792564 0.4598826 0.6712329 0.5792564 0.02935421 0.9589041 -0.2837573 0.02935421 0.9589041 -0.2837573 0.02935421 0.9589041 -0.2837573 0.02935421 0.9589041 -0.2837573 0.02935421 0.9589041 -0.2837573 0.02935421 0.9589041 -0.2837573 0.2759295 0.8180039 0.5048923 0.2759295 0.8180039 0.5048923 0.2759295 0.8180039 0.5048923 0.2759295 0.8180039 0.5048923 0.2759295 0.8180039 0.5048923 0.2759295 0.8180039 0.5048923 0.3522505 0.3600783 0.8649706 0.3522505 0.3600783 0.8649706 0.3522505 0.3600783 0.8649706 0.3522505 0.3600783 0.8649706 0.3522505 0.3600783 0.8649706 0.3522505 0.3600783 0.8649706 -0.3072407 0.6947162 0.6497065 -0.3072407 0.6947162 0.6497065 -0.3072407 0.6947162 0.6497065 -0.3072407 0.6947162 0.6497065 -0.3072407 0.6947162 0.6497065 -0.3072407 0.6947162 0.6497065 0.1702544 0.555773 0.81409 0.1702544 0.555773 0.81409 0.1702544 0.555773 0.81409 0.1702544 0.555773 0.81409 0.1702544 0.555773 0.81409 0.1702544 0.555773 0.81409 -0.3816047 0.6360078 0.6712329 -0.3816047 0.6360078 0.6712329 -0.3816047 0.6360078 0.6712329 -0.3816047 0.6360078 0.6712329 -0.3816047 0.6360078 0.6712329 -0.3816047 0.6360078 0.6712329 -0.03522505 0.9941292 -0.111546 -0.03522505 0.9941292 -0.111546 -0.03522505 0.9941292 -0.111546 -0.03522505 0.9941292 -0.111546 -0.03522505 0.9941292 -0.111546 -0.03522505 0.9941292 -0.111546 -0.1428571 0.9549902 0.2622309 -0.1428571 0.9549902 0.2622309 -0.1428571 0.9549902 0.2622309 -0.1428571 0.9549902 0.2622309 -0.1428571 0.9549902 0.2622309 -0.1428571 0.9549902 0.2622309 -0.3737769 0.8943248 -0.2465753 -0.3737769 0.8943248 -0.2465753 -0.3737769 0.8943248 -0.2465753 -0.3737769 0.8943248 -0.2465753 -0.3737769 0.8943248 -0.2465753 -0.3737769 0.8943248 -0.2465753 0.3483366 0.3639922 0.8649706 0.3483366 0.3639922 0.8649706 0.3483366 0.3639922 0.8649706 0.3483366 0.3639922 0.8649706 0.3483366 0.3639922 0.8649706 0.3483366 0.3639922 0.8649706 -0.1976517 0.4090019 0.890411 -0.1976517 0.4090019 0.890411 -0.1976517 0.4090019 0.890411 -0.1976517 0.4090019 0.890411 -0.1976517 0.4090019 0.890411 -0.1976517 0.4090019 0.890411 0.4422701 0.3581213 0.8219178 0.4422701 0.3581213 0.8219178 0.4422701 0.3581213 0.8219178 0.4422701 0.3581213 0.8219178 0.4422701 0.3581213 0.8219178 0.4422701 0.3581213 0.8219178 0.04892368 0.3620352 0.9315069 0.04892368 0.3620352 0.9315069 0.04892368 0.3620352 0.9315069 0.04892368 0.3620352 0.9315069 0.04892368 0.3620352 0.9315069 0.04892368 0.3620352 0.9315069 -0.1213307 0.8669276 0.483366 -0.1213307 0.8669276 0.483366 -0.1213307 0.8669276 0.483366 -0.1213307 0.8669276 0.483366 -0.1213307 0.8669276 0.483366 -0.1213307 0.8669276 0.483366 0.02348337 0.295499 0.9549902 0.02348337 0.295499 0.9549902 0.02348337 0.295499 0.9549902 0.02348337 0.295499 0.9549902 0.02348337 0.295499 0.9549902 0.02348337 0.295499 0.9549902 -0.260274 0.2074364 0.9432485 -0.260274 0.2074364 0.9432485 -0.260274 0.2074364 0.9432485 -0.260274 0.2074364 0.9432485 -0.260274 0.2074364 0.9432485 -0.260274 0.2074364 0.9432485 -0.04696673 0.8356164 0.5459883 -0.04696673 0.8356164 0.5459883 -0.04696673 0.8356164 0.5459883 -0.04696673 0.8356164 0.5459883 -0.04696673 0.8356164 0.5459883 -0.04696673 0.8356164 0.5459883 0.4696673 0.7279844 0.4990215 0.4696673 0.7279844 0.4990215 0.4696673 0.7279844 0.4990215 0.4696673 0.7279844 0.4990215 0.4696673 0.7279844 0.4990215 0.4696673 0.7279844 0.4990215 0.5909981 0.778865 0.2074364 0.5909981 0.778865 0.2074364 0.5909981 0.778865 0.2074364 0.5909981 0.778865 0.2074364 0.5909981 0.778865 0.2074364 0.5909981 0.778865 0.2074364 0.2054795 0.9667319 -0.1545988 0.2054795 0.9667319 -0.1545988 0.2054795 0.9667319 -0.1545988 0.2054795 0.9667319 -0.1545988 0.2054795 0.9667319 -0.1545988 0.2054795 0.9667319 -0.1545988 0.55773 0.8297456 0.005870841 0.55773 0.8297456 0.005870841 0.55773 0.8297456 0.005870841 0.55773 0.8297456 0.005870841 0.55773 0.8297456 0.005870841 0.55773 0.8297456 0.005870841 0.02544031 0.9158513 0.3992172 0.02544031 0.9158513 0.3992172 0.02544031 0.9158513 0.3992172 0.02544031 0.9158513 0.3992172 0.02544031 0.9158513 0.3992172 0.02544031 0.9158513 0.3992172 0.4461839 0.8649706 0.2328767 0.4461839 0.8649706 0.2328767 0.4461839 0.8649706 0.2328767 0.4461839 0.8649706 0.2328767 0.4461839 0.8649706 0.2328767 0.4461839 0.8649706 0.2328767 0.5107632 0.516634 0.6868885 0.5107632 0.516634 0.6868885 0.5107632 0.516634 0.6868885 0.5107632 0.516634 0.6868885 0.5107632 0.516634 0.6868885 0.5107632 0.516634 0.6868885 -0.6144814 0.555773 0.55773 -0.6144814 0.555773 0.55773 -0.6144814 0.555773 0.55773 -0.6144814 0.555773 0.55773 -0.6144814 0.555773 0.55773 -0.6144814 0.555773 0.55773 -0.2857143 0.2191781 0.9334638 -0.2857143 0.2191781 0.9334638 -0.2857143 0.2191781 0.9334638 -0.2857143 0.2191781 0.9334638 -0.2857143 0.2191781 0.9334638 -0.2857143 0.2191781 0.9334638 0.7690802 0.6086106 0.1917808 0.7690802 0.6086106 0.1917808 0.7690802 0.6086106 0.1917808 0.7690802 0.6086106 0.1917808 0.7690802 0.6086106 0.1917808 0.7690802 0.6086106 0.1917808 0.2133072 0.9354208 -0.2818004 0.2133072 0.9354208 -0.2818004 0.2133072 0.9354208 -0.2818004 0.2133072 0.9354208 -0.2818004 0.2133072 0.9354208 -0.2818004 0.2133072 0.9354208 -0.2818004 -0.1193738 0.6966732 0.7084149 -0.1193738 0.6966732 0.7084149 -0.1193738 0.6966732 0.7084149 -0.1193738 0.6966732 0.7084149 -0.1193738 0.6966732 0.7084149 -0.1193738 0.6966732 0.7084149 -0.05870841 0.4324853 0.9001957 -0.05870841 0.4324853 0.9001957 -0.05870841 0.4324853 0.9001957 -0.05870841 0.4324853 0.9001957 -0.05870841 0.4324853 0.9001957 -0.05870841 0.4324853 0.9001957 -0.08610567 0.3052838 0.9491194 -0.08610567 0.3052838 0.9491194 -0.08610567 0.3052838 0.9491194 -0.08610567 0.3052838 0.9491194 -0.08610567 0.3052838 0.9491194 -0.08610567 0.3052838 0.9491194 -0.003913894 0.4735812 0.8806262 -0.003913894 0.4735812 0.8806262 -0.003913894 0.4735812 0.8806262 -0.003913894 0.4735812 0.8806262 -0.003913894 0.4735812 0.8806262 -0.003913894 0.4735812 0.8806262 0.7436399 0.4892368 0.4579256 0.7436399 0.4892368 0.4579256 0.7436399 0.4892368 0.4579256 0.7436399 0.4892368 0.4579256 0.7436399 0.4892368 0.4579256 0.7436399 0.4892368 0.4579256 -0.3874756 0.1154599 0.9138943 -0.3874756 0.1154599 0.9138943 -0.3874756 0.1154599 0.9138943 -0.3874756 0.1154599 0.9138943 -0.3874756 0.1154599 0.9138943 -0.3874756 0.1154599 0.9138943 0.0998043 -0.05088063 0.9941292 0.0998043 -0.05088063 0.9941292 0.0998043 -0.05088063 0.9941292 0.0998043 -0.05088063 0.9941292 0.0998043 -0.05088063 0.9941292 0.0998043 -0.05088063 0.9941292 -0.2524462 0.444227 0.8590998 -0.2524462 0.444227 0.8590998 -0.2524462 0.444227 0.8590998 -0.2524462 0.444227 0.8590998 -0.2524462 0.444227 0.8590998 -0.2524462 0.444227 0.8590998 -0.3874756 0.5381604 0.7495108 -0.3874756 0.5381604 0.7495108 -0.3874756 0.5381604 0.7495108 -0.3874756 0.5381604 0.7495108 -0.3874756 0.5381604 0.7495108 -0.3874756 0.5381604 0.7495108 -0.2250489 0.9315069 0.2837573 -0.2250489 0.9315069 0.2837573 -0.2250489 0.9315069 0.2837573 -0.2250489 0.9315069 0.2837573 -0.2250489 0.9315069 0.2837573 -0.2250489 0.9315069 0.2837573 0.01565558 0.1604697 0.9863014 0.01565558 0.1604697 0.9863014 0.01565558 0.1604697 0.9863014 0.01565558 0.1604697 0.9863014 0.01565558 0.1604697 0.9863014 0.01565558 0.1604697 0.9863014 0.01174168 0.037182 1 0.01174168 0.037182 1 0.01174168 0.037182 1 0.01174168 0.037182 1 0.01174168 0.037182 1 0.01174168 0.037182 1 -0.2407045 0.07827789 0.9667319 -0.2407045 0.07827789 0.9667319 -0.2407045 0.07827789 0.9667319 -0.2407045 0.07827789 0.9667319 -0.2407045 0.07827789 0.9667319 -0.2407045 0.07827789 0.9667319 0.3072407 0.148728 0.9393346 0.3072407 0.148728 0.9393346 0.3072407 0.148728 0.9393346 0.3072407 0.148728 0.9393346 0.3072407 0.148728 0.9393346 0.3072407 0.148728 0.9393346 0.4598826 0.2700587 0.8454012 0.4598826 0.2700587 0.8454012 0.4598826 0.2700587 0.8454012 0.4598826 0.2700587 0.8454012 0.4598826 0.2700587 0.8454012 0.4598826 0.2700587 0.8454012 0.01369863 0.08023483 0.9960861 0.01369863 0.08023483 0.9960861 0.01369863 0.08023483 0.9960861 0.01369863 0.08023483 0.9960861 0.01369863 0.08023483 0.9960861 0.01369863 0.08023483 0.9960861 -0.0704501 0.06262231 0.9960861 -0.0704501 0.06262231 0.9960861 -0.0704501 0.06262231 0.9960861 -0.0704501 0.06262231 0.9960861 -0.0704501 0.06262231 0.9960861 -0.0704501 0.06262231 0.9960861 0.4363992 0.2524462 0.8630137 0.4363992 0.2524462 0.8630137 0.4363992 0.2524462 0.8630137 0.4363992 0.2524462 0.8630137 0.4363992 0.2524462 0.8630137 0.4363992 0.2524462 0.8630137 -0.1956947 -0.09393346 0.9765166 -0.1956947 -0.09393346 0.9765166 -0.1956947 -0.09393346 0.9765166 -0.1956947 -0.09393346 0.9765166 -0.1956947 -0.09393346 0.9765166 -0.1956947 -0.09393346 0.9765166 -0.07240704 -0.08023483 0.9941292 -0.07240704 -0.08023483 0.9941292 -0.07240704 -0.08023483 0.9941292 -0.07240704 -0.08023483 0.9941292 -0.07240704 -0.08023483 0.9941292 -0.07240704 -0.08023483 0.9941292 0.005870841 -0.06849315 0.9980431 0.005870841 -0.06849315 0.9980431 0.005870841 -0.06849315 0.9980431 0.005870841 -0.06849315 0.9980431 0.005870841 -0.06849315 0.9980431 0.005870841 -0.06849315 0.9980431 -0.111546 -0.1056751 0.9882583 -0.111546 -0.1056751 0.9882583 -0.111546 -0.1056751 0.9882583 -0.111546 -0.1056751 0.9882583 -0.111546 -0.1056751 0.9882583 -0.111546 -0.1056751 0.9882583 -0.06066536 -0.1213307 0.9902152 -0.06066536 -0.1213307 0.9902152 -0.06066536 -0.1213307 0.9902152 -0.06066536 -0.1213307 0.9902152 -0.06066536 -0.1213307 0.9902152 -0.06066536 -0.1213307 0.9902152 0.5420744 0.1663405 0.8238748 0.5420744 0.1663405 0.8238748 0.5420744 0.1663405 0.8238748 0.5420744 0.1663405 0.8238748 0.5420744 0.1663405 0.8238748 0.5420744 0.1663405 0.8238748 0.1369863 -0.1428571 0.9804305 0.1369863 -0.1428571 0.9804305 0.1369863 -0.1428571 0.9804305 0.1369863 -0.1428571 0.9804305 0.1369863 -0.1428571 0.9804305 0.1369863 -0.1428571 0.9804305 0.5459883 0.2798434 0.7906067 0.5459883 0.2798434 0.7906067 0.5459883 0.2798434 0.7906067 0.5459883 0.2798434 0.7906067 0.5459883 0.2798434 0.7906067 0.5459883 0.2798434 0.7906067 0.148728 -0.05283757 0.9882583 0.148728 -0.05283757 0.9882583 0.148728 -0.05283757 0.9882583 0.148728 -0.05283757 0.9882583 0.148728 -0.05283757 0.9882583 0.148728 -0.05283757 0.9882583 0.1448141 -0.05675147 0.9882583 0.1448141 -0.05675147 0.9882583 0.1448141 -0.05675147 0.9882583 0.1448141 -0.05675147 0.9882583 0.1448141 -0.05675147 0.9882583 0.1448141 -0.05675147 0.9882583 0.4227006 0.8688846 0.260274 0.4227006 0.8688846 0.260274 0.4227006 0.8688846 0.260274 0.4227006 0.8688846 0.260274 0.4227006 0.8688846 0.260274 0.4227006 0.8688846 0.260274 0.1898239 -0.3131115 0.9315069 0.1898239 -0.3131115 0.9315069 0.1898239 -0.3131115 0.9315069 0.1898239 -0.3131115 0.9315069 0.1898239 -0.3131115 0.9315069 0.1898239 -0.3131115 0.9315069 -0.2485323 -0.09001957 0.964775 -0.2485323 -0.09001957 0.964775 -0.2485323 -0.09001957 0.964775 -0.2485323 -0.09001957 0.964775 -0.2485323 -0.09001957 0.964775 -0.2485323 -0.09001957 0.964775</float_array>
          <technique_common>
            <accessor source="#L01_01__mTreeOakLeaf-normal-array" count="966" stride="3">
              <param name="X" type="float" />
              <param name="Y" type="float" />
              <param name="Z" type="float" />
            </accessor>
          </technique_common>
        </source>
        <source id="L01_01__mTreeOakLeaf-color">
          <float_array id="L01_01__mTreeOakLeaf-color-array" count="3864">8.59375 20.79688 2.199219 1 8.59375 20.79688 2.199219 1 8.59375 20.79688 2.199219 1 8.59375 20.79688 2.199219 1 8.59375 20.79688 2.199219 1 8.59375 20.79688 2.199219 1 8.59375 20.79688 2.199219 1 8.59375 20.79688 2.199219 1 11.19531 18.6875 3.699219 1 11.19531 18.6875 3.699219 1 11.19531 18.6875 3.699219 1 11.19531 18.6875 3.699219 1 11.19531 18.6875 3.699219 1 11.19531 18.6875 3.699219 1 11.19531 18.6875 3.699219 1 11.19531 18.6875 3.699219 1 1.545898 27.39063 1.295898 0.3999023 1.545898 27.39063 1.295898 0.3999023 1.545898 27.39063 1.295898 0.3999023 1.545898 27.39063 1.295898 0.3999023 1.545898 27.39063 1.295898 0.3999023 1.545898 27.39063 1.295898 0.3999023 1.545898 27.39063 1.295898 0.3999023 1.545898 27.39063 1.295898 0.3999023 4.898438 29.09375 -2.699219 0.7998047 4.898438 29.09375 -2.699219 0.7998047 4.898438 29.09375 -2.699219 0.7998047 4.898438 29.09375 -2.699219 0.7998047 4.898438 29.09375 -2.699219 0.7998047 4.898438 29.09375 -2.699219 0.7998047 4.898438 29.09375 -2.699219 0.7998047 4.898438 29.09375 -2.699219 0.7998047 1 1 1 0.0009994507 1 1 1 0.0009994507 1 1 1 0.0009994507 1 1 1 0.0009994507 1 1 1 0.0009994507 1 1 1 0.0009994507 1 1 1 0.0009994507 1 1 1 0.0009994507 1 24 2.099609 1 1 24 2.099609 1 1 24 2.099609 1 1 24 2.099609 1 1 24 2.099609 1 1 24 2.099609 1 1 24 2.099609 1 1 24 2.099609 1 -5.699219 13 4.296875 1 -5.699219 13 4.296875 1 -5.699219 13 4.296875 1 -5.699219 13 4.296875 1 -5.699219 13 4.296875 1 -5.699219 13 4.296875 1 -5.699219 13 4.296875 1 -5.699219 13 4.296875 1 -2.298828 24.79688 2.398438 1 -2.298828 24.79688 2.398438 1 -2.298828 24.79688 2.398438 1 -2.298828 24.79688 2.398438 1 -2.298828 24.79688 2.398438 1 -2.298828 24.79688 2.398438 1 -2.298828 24.79688 2.398438 1 -2.298828 24.79688 2.398438 1 1 1 1 0.0009994507 1 1 1 0.0009994507 1 1 1 0.0009994507 1 1 1 0.0009994507 1 1 1 0.0009994507 1 1 1 0.0009994507 1 1 1 0.0009994507 1 1 1 0.0009994507 1 1 1 0.0009994507 1 1 1 0.0009994507 1 1 1 0.0009994507 1 1 1 0.0009994507 1 1 1 0.0009994507 1 1 1 0.0009994507 1 1 1 0.0009994507 1 1 1 0.0009994507 -3.298828 15.89844 5.398438 1 -3.298828 15.89844 5.398438 1 -3.298828 15.89844 5.398438 1 -3.298828 15.89844 5.398438 1 -3.298828 15.89844 5.398438 1 -3.298828 15.89844 5.398438 1 -3.298828 15.89844 5.398438 1 -3.298828 15.89844 5.398438 1 5.5 15.29688 5.898438 1 5.5 15.29688 5.898438 1 5.5 15.29688 5.898438 1 5.5 15.29688 5.898438 1 5.5 15.29688 5.898438 1 5.5 15.29688 5.898438 1 5.5 15.29688 5.898438 1 5.5 15.29688 5.898438 1 -9.59375 17.1875 4.699219 1 -9.59375 17.1875 4.699219 1 -9.59375 17.1875 4.699219 1 -9.59375 17.1875 4.699219 1 -9.59375 17.1875 4.699219 1 -9.59375 17.1875 4.699219 1 -9.59375 17.1875 4.699219 1 -9.59375 17.1875 4.699219 1 -10.79688 15.5 3 1 -10.79688 15.5 3 1 -10.79688 15.5 3 1 -10.79688 15.5 3 1 -10.79688 15.5 3 1 -10.79688 15.5 3 1 -10.79688 15.5 3 1 -10.79688 15.5 3 1 1 1 1 0.0009994507 1 1 1 0.0009994507 1 1 1 0.0009994507 1 1 1 0.0009994507 1 1 1 0.0009994507 1 1 1 0.0009994507 1 1 1 0.0009994507 1 1 1 0.0009994507 -3.699219 23.1875 0.7998047 1 -3.699219 23.1875 0.7998047 1 -3.699219 23.1875 0.7998047 1 -3.699219 23.1875 0.7998047 1 -3.699219 23.1875 0.7998047 1 -3.699219 23.1875 0.7998047 1 -3.699219 23.1875 0.7998047 1 -3.699219 23.1875 0.7998047 1 5.097656 13.79688 5.398438 1 5.097656 13.79688 5.398438 1 5.097656 13.79688 5.398438 1 5.097656 13.79688 5.398438 1 5.097656 13.79688 5.398438 1 5.097656 13.79688 5.398438 1 5.097656 13.79688 5.398438 1 5.097656 13.79688 5.398438 1 9.398438 15.5 5.097656 1 9.398438 15.5 5.097656 1 9.398438 15.5 5.097656 1 9.398438 15.5 5.097656 1 9.398438 15.5 5.097656 1 9.398438 15.5 5.097656 1 9.398438 15.5 5.097656 1 9.398438 15.5 5.097656 1 1 1 1 0.0009994507 1 1 1 0.0009994507 1 1 1 0.0009994507 1 1 1 0.0009994507 1 1 1 0.0009994507 1 1 1 0.0009994507 1 1 1 0.0009994507 1 1 1 0.0009994507 1 1 1 0.0009994507 1 1 1 0.0009994507 1 1 1 0.0009994507 1 1 1 0.0009994507 1 1 1 0.0009994507 1 1 1 0.0009994507 1 1 1 0.0009994507 1 1 1 0.0009994507 1 1 1 0.0009994507 1 1 1 0.0009994507 1 1 1 0.0009994507 1 1 1 0.0009994507 1 1 1 0.0009994507 1 1 1 0.0009994507 1 1 1 0.0009994507 1 1 1 0.0009994507 1 1 1 0.0009994507 1 1 1 0.0009994507 1 1 1 0.0009994507 1 1 1 0.0009994507 1 1 1 0.0009994507 1 1 1 0.0009994507 1 1 1 0.0009994507 1 1 1 0.0009994507 -0.699707 16.89063 4.398438 1 -0.699707 16.89063 4.398438 1 -0.699707 16.89063 4.398438 1 -0.699707 16.89063 4.398438 1 -0.699707 16.89063 4.398438 1 -0.699707 16.89063 4.398438 1 -0.699707 16.89063 4.398438 1 -0.699707 16.89063 4.398438 1 -2.798828 13.69531 3.099609 1 -2.798828 13.69531 3.099609 1 -2.798828 13.69531 3.099609 1 -2.798828 13.69531 3.099609 1 -2.798828 13.69531 3.099609 1 -2.798828 13.69531 3.099609 1 -2.798828 13.69531 3.099609 1 -2.798828 13.69531 3.099609 1 -6.5 13.89844 1.199219 1 -6.5 13.89844 1.199219 1 -6.5 13.89844 1.199219 1 -6.5 13.89844 1.199219 1 -6.5 13.89844 1.199219 1 -6.5 13.89844 1.199219 1 -6.5 13.89844 1.199219 1 -6.5 13.89844 1.199219 1 -8.898438 15 -1.799805 1 -8.898438 15 -1.799805 1 -8.898438 15 -1.799805 1 -8.898438 15 -1.799805 1 -8.898438 15 -1.799805 1 -8.898438 15 -1.799805 1 -8.898438 15 -1.799805 1 -8.898438 15 -1.799805 1 -8.898438 13 -2.898438 1 -8.898438 13 -2.898438 1 -8.898438 13 -2.898438 1 -8.898438 13 -2.898438 1 -8.898438 13 -2.898438 1 -8.898438 13 -2.898438 1 -8.898438 13 -2.898438 1 -8.898438 13 -2.898438 1 -6.296875 12 -3.199219 1 -6.296875 12 -3.199219 1 -6.296875 12 -3.199219 1 -6.296875 12 -3.199219 1 -6.296875 12 -3.199219 1 -6.296875 12 -3.199219 1 -6.296875 12 -3.199219 1 -6.296875 12 -3.199219 1 -6.796875 14.89844 5.398438 1 -6.796875 14.89844 5.398438 1 -6.796875 14.89844 5.398438 1 -6.796875 14.89844 5.398438 1 -6.796875 14.89844 5.398438 1 -6.796875 14.89844 5.398438 1 -6.796875 14.89844 5.398438 1 -6.796875 14.89844 5.398438 1 -10.79688 18.29688 2.599609 1 -10.79688 18.29688 2.599609 1 -10.79688 18.29688 2.599609 1 -10.79688 18.29688 2.599609 1 -10.79688 18.29688 2.599609 1 -10.79688 18.29688 2.599609 1 -10.79688 18.29688 2.599609 1 -10.79688 18.29688 2.599609 1 8 13 1 1 8 13 1 1 8 13 1 1 8 13 1 1 8 13 1 1 8 13 1 1 8 13 1 1 8 13 1 1 1 1 1 0.0009994507 1 1 1 0.0009994507 1 1 1 0.0009994507 1 1 1 0.0009994507 1 1 1 0.0009994507 1 1 1 0.0009994507 1 1 1 0.0009994507 1 1 1 0.0009994507 8.296875 13.79688 4 1 8.296875 13.79688 4 1 8.296875 13.79688 4 1 8.296875 13.79688 4 1 8.296875 13.79688 4 1 8.296875 13.79688 4 1 8.296875 13.79688 4 1 8.296875 13.79688 4 1 11.39844 16.79688 2.5 1 11.39844 16.79688 2.5 1 11.39844 16.79688 2.5 1 11.39844 16.79688 2.5 1 11.39844 16.79688 2.5 1 11.39844 16.79688 2.5 1 11.39844 16.79688 2.5 1 11.39844 16.79688 2.5 1 6.398438 11.89844 -2.099609 1 6.398438 11.89844 -2.099609 1 6.398438 11.89844 -2.099609 1 6.398438 11.89844 -2.099609 1 6.398438 11.89844 -2.099609 1 6.398438 11.89844 -2.099609 1 6.398438 11.89844 -2.099609 1 6.398438 11.89844 -2.099609 1 1 1 1 0.0009994507 1 1 1 0.0009994507 1 1 1 0.0009994507 1 1 1 0.0009994507 1 1 1 0.0009994507 1 1 1 0.0009994507 1 1 1 0.0009994507 1 1 1 0.0009994507 -5.898438 22.09375 3.898438 1 -5.898438 22.09375 3.898438 1 -5.898438 22.09375 3.898438 1 -5.898438 22.09375 3.898438 1 -5.898438 22.09375 3.898438 1 -5.898438 22.09375 3.898438 1 2 20.29688 5.5 1 2 20.29688 5.5 1 2 20.29688 5.5 1 2 20.29688 5.5 1 2 20.29688 5.5 1 2 20.29688 5.5 1 8.5 19.5 5.898438 1 8.5 19.5 5.898438 1 8.5 19.5 5.898438 1 8.5 19.5 5.898438 1 8.5 19.5 5.898438 1 8.5 19.5 5.898438 1 5.5 23.29688 1.199219 1 5.5 23.29688 1.199219 1 5.5 23.29688 1.199219 1 5.5 23.29688 1.199219 1 5.5 23.29688 1.199219 1 5.5 23.29688 1.199219 1 0.2998047 29.89063 0.7998047 1 0.2998047 29.89063 0.7998047 1 0.2998047 29.89063 0.7998047 1 0.2998047 29.89063 0.7998047 1 0.2998047 29.89063 0.7998047 1 0.2998047 29.89063 0.7998047 1 -4.898438 23.79688 0.3999023 1 -4.898438 23.79688 0.3999023 1 -4.898438 23.79688 0.3999023 1 -4.898438 23.79688 0.3999023 1 -4.898438 23.79688 0.3999023 1 -4.898438 23.79688 0.3999023 1 -6.199219 22.89063 -2.199219 1 -6.199219 22.89063 -2.199219 1 -6.199219 22.89063 -2.199219 1 -6.199219 22.89063 -2.199219 1 -6.199219 22.89063 -2.199219 1 -6.199219 22.89063 -2.199219 1 -3.099609 23.09375 3.099609 1 -3.099609 23.09375 3.099609 1 -3.099609 23.09375 3.099609 1 -3.099609 23.09375 3.099609 1 -3.099609 23.09375 3.099609 1 -3.099609 23.09375 3.099609 1 -7.097656 23 1.899414 1 -7.097656 23 1.899414 1 -7.097656 23 1.899414 1 -7.097656 23 1.899414 1 -7.097656 23 1.899414 1 -7.097656 23 1.899414 1 -6.597656 23.5 -0.5 1 -6.597656 23.5 -0.5 1 -6.597656 23.5 -0.5 1 -6.597656 23.5 -0.5 1 -6.597656 23.5 -0.5 1 -6.597656 23.5 -0.5 1 -8.296875 22.1875 -1.299805 1 -8.296875 22.1875 -1.299805 1 -8.296875 22.1875 -1.299805 1 -8.296875 22.1875 -1.299805 1 -8.296875 22.1875 -1.299805 1 -8.296875 22.1875 -1.299805 1 1 1 1 0.0009994507 1 1 1 0.0009994507 1 1 1 0.0009994507 1 1 1 0.0009994507 1 1 1 0.0009994507 1 1 1 0.0009994507 -4 23 -6.898438 1 -4 23 -6.898438 1 -4 23 -6.898438 1 -4 23 -6.898438 1 -4 23 -6.898438 1 -4 23 -6.898438 1 7.898438 21.39063 4.699219 1 7.898438 21.39063 4.699219 1 7.898438 21.39063 4.699219 1 7.898438 21.39063 4.699219 1 7.898438 21.39063 4.699219 1 7.898438 21.39063 4.699219 1 5.398438 21.79688 4.898438 1 5.398438 21.79688 4.898438 1 5.398438 21.79688 4.898438 1 5.398438 21.79688 4.898438 1 5.398438 21.79688 4.898438 1 5.398438 21.79688 4.898438 1 3.5 22.6875 2.099609 1 3.5 22.6875 2.099609 1 3.5 22.6875 2.099609 1 3.5 22.6875 2.099609 1 3.5 22.6875 2.099609 1 3.5 22.6875 2.099609 1 6 22.89063 1 1 6 22.89063 1 1 6 22.89063 1 1 6 22.89063 1 1 6 22.89063 1 1 6 22.89063 1 1 1.5 31.09375 -0.699707 1 1.5 31.09375 -0.699707 1 1.5 31.09375 -0.699707 1 1.5 31.09375 -0.699707 1 1.5 31.09375 -0.699707 1 1.5 31.09375 -0.699707 1 -1.799805 30.59375 -0.8999023 0.699707 -1.799805 30.59375 -0.8999023 0.699707 -1.799805 30.59375 -0.8999023 0.699707 -1.799805 30.59375 -0.8999023 0.699707 -1.799805 30.59375 -0.8999023 0.699707 -1.799805 30.59375 -0.8999023 0.699707 -0.09997559 31.29688 -3.699219 1 -0.09997559 31.29688 -3.699219 1 -0.09997559 31.29688 -3.699219 1 -0.09997559 31.29688 -3.699219 1 -0.09997559 31.29688 -3.699219 1 -0.09997559 31.29688 -3.699219 1 1 1 1 0.0009994507 1 1 1 0.0009994507 1 1 1 0.0009994507 1 1 1 0.0009994507 1 1 1 0.0009994507 1 1 1 0.0009994507 1 1 1 0.0009994507 1 1 1 0.0009994507 1 1 1 0.0009994507 1 1 1 0.0009994507 1 1 1 0.0009994507 1 1 1 0.0009994507 -1.799805 28.89063 0.5996094 1 -1.799805 28.89063 0.5996094 1 -1.799805 28.89063 0.5996094 1 -1.799805 28.89063 0.5996094 1 -1.799805 28.89063 0.5996094 1 -1.799805 28.89063 0.5996094 1 -4.597656 28.59375 -1.5 0.7998047 -4.597656 28.59375 -1.5 0.7998047 -4.597656 28.59375 -1.5 0.7998047 -4.597656 28.59375 -1.5 0.7998047 -4.597656 28.59375 -1.5 0.7998047 -4.597656 28.59375 -1.5 0.7998047 -3.298828 30.1875 -2.398438 1 -3.298828 30.1875 -2.398438 1 -3.298828 30.1875 -2.398438 1 -3.298828 30.1875 -2.398438 1 -3.298828 30.1875 -2.398438 1 -3.298828 30.1875 -2.398438 1 -1.099609 31.39063 -3.599609 0.7998047 -1.099609 31.39063 -3.599609 0.7998047 -1.099609 31.39063 -3.599609 0.7998047 -1.099609 31.39063 -3.599609 0.7998047 -1.099609 31.39063 -3.599609 0.7998047 -1.099609 31.39063 -3.599609 0.7998047 0.2998047 31.6875 -3.099609 1 0.2998047 31.6875 -3.099609 1 0.2998047 31.6875 -3.099609 1 0.2998047 31.6875 -3.099609 1 0.2998047 31.6875 -3.099609 1 0.2998047 31.6875 -3.099609 1 2 31.29688 -3.099609 1 2 31.29688 -3.099609 1 2 31.29688 -3.099609 1 2 31.29688 -3.099609 1 2 31.29688 -3.099609 1 2 31.29688 -3.099609 1 -0.3999023 30.79688 -4.296875 1 -0.3999023 30.79688 -4.296875 1 -0.3999023 30.79688 -4.296875 1 -0.3999023 30.79688 -4.296875 1 -0.3999023 30.79688 -4.296875 1 -0.3999023 30.79688 -4.296875 1 1 1 1 0.0009994507 1 1 1 0.0009994507 1 1 1 0.0009994507 1 1 1 0.0009994507 1 1 1 0.0009994507 1 1 1 0.0009994507 -7 18.89063 5.597656 1 -7 18.89063 5.597656 1 -7 18.89063 5.597656 1 -7 18.89063 5.597656 1 -7 18.89063 5.597656 1 -7 18.89063 5.597656 1 -1.899414 22.09375 2.599609 1 -1.899414 22.09375 2.599609 1 -1.899414 22.09375 2.599609 1 -1.899414 22.09375 2.599609 1 -1.899414 22.09375 2.599609 1 -1.899414 22.09375 2.599609 1 -1.599609 20.29688 4.199219 1 -1.599609 20.29688 4.199219 1 -1.599609 20.29688 4.199219 1 -1.599609 20.29688 4.199219 1 -1.599609 20.29688 4.199219 1 -1.599609 20.29688 4.199219 1 -8.695313 22.29688 1.099609 0.7998047 -8.695313 22.29688 1.099609 0.7998047 -8.695313 22.29688 1.099609 0.7998047 -8.695313 22.29688 1.099609 0.7998047 -8.695313 22.29688 1.099609 0.7998047 -8.695313 22.29688 1.099609 0.7998047 -9.59375 21.1875 -0.7998047 1 -9.59375 21.1875 -0.7998047 1 -9.59375 21.1875 -0.7998047 1 -9.59375 21.1875 -0.7998047 1 -9.59375 21.1875 -0.7998047 1 -9.59375 21.1875 -0.7998047 1 -8.59375 21.79688 -3.199219 1 -8.59375 21.79688 -3.199219 1 -8.59375 21.79688 -3.199219 1 -8.59375 21.79688 -3.199219 1 -8.59375 21.79688 -3.199219 1 -8.59375 21.79688 -3.199219 1 1 1 1 0.0009994507 1 1 1 0.0009994507 1 1 1 0.0009994507 1 1 1 0.0009994507 1 1 1 0.0009994507 1 1 1 0.0009994507 -4.5 22.09375 -6.5 1 -4.5 22.09375 -6.5 1 -4.5 22.09375 -6.5 1 -4.5 22.09375 -6.5 1 -4.5 22.09375 -6.5 1 -4.5 22.09375 -6.5 1 4.5 29.1875 -0.699707 1 4.5 29.1875 -0.699707 1 4.5 29.1875 -0.699707 1 4.5 29.1875 -0.699707 1 4.5 29.1875 -0.699707 1 4.5 29.1875 -0.699707 1 3 28.5 1.399414 1 3 28.5 1.399414 1 3 28.5 1.399414 1 3 28.5 1.399414 1 3 28.5 1.399414 1 3 28.5 1.399414 1 -4.597656 20.79688 4.699219 1 -4.597656 20.79688 4.699219 1 -4.597656 20.79688 4.699219 1 -4.597656 20.79688 4.699219 1 -4.597656 20.79688 4.699219 1 -4.597656 20.79688 4.699219 1 5.5 19.79688 6.097656 1 5.5 19.79688 6.097656 1 5.5 19.79688 6.097656 1 5.5 19.79688 6.097656 1 5.5 19.79688 6.097656 1 5.5 19.79688 6.097656 1 3.199219 19.09375 5.796875 1 3.199219 19.09375 5.796875 1 3.199219 19.09375 5.796875 1 3.199219 19.09375 5.796875 1 3.199219 19.09375 5.796875 1 3.199219 19.09375 5.796875 1 7.699219 18.5 6.097656 1 7.699219 18.5 6.097656 1 7.699219 18.5 6.097656 1 7.699219 18.5 6.097656 1 7.699219 18.5 6.097656 1 7.699219 18.5 6.097656 1 10.09375 19.89063 4.898438 1 10.09375 19.89063 4.898438 1 10.09375 19.89063 4.898438 1 10.09375 19.89063 4.898438 1 10.09375 19.89063 4.898438 1 10.09375 19.89063 4.898438 1 6.898438 22.59375 2.699219 1 6.898438 22.59375 2.699219 1 6.898438 22.59375 2.699219 1 6.898438 22.59375 2.699219 1 6.898438 22.59375 2.699219 1 6.898438 22.59375 2.699219 1 2.398438 21.59375 3.398438 0.5996094 2.398438 21.59375 3.398438 0.5996094 2.398438 21.59375 3.398438 0.5996094 2.398438 21.59375 3.398438 0.5996094 2.398438 21.59375 3.398438 0.5996094 2.398438 21.59375 3.398438 0.5996094 9.296875 21.89063 -0.1999512 1 9.296875 21.89063 -0.1999512 1 9.296875 21.89063 -0.1999512 1 9.296875 21.89063 -0.1999512 1 9.296875 21.89063 -0.1999512 1 9.296875 21.89063 -0.1999512 1 9.5 21 -2.798828 1 9.5 21 -2.798828 1 9.5 21 -2.798828 1 9.5 21 -2.798828 1 9.5 21 -2.798828 1 9.5 21 -2.798828 1 5.898438 21.59375 -4.796875 1 5.898438 21.59375 -4.796875 1 5.898438 21.59375 -4.796875 1 5.898438 21.59375 -4.796875 1 5.898438 21.59375 -4.796875 1 5.898438 21.59375 -4.796875 1 -5.097656 26.89063 0.09997559 1 -5.097656 26.89063 0.09997559 1 -5.097656 26.89063 0.09997559 1 -5.097656 26.89063 0.09997559 1 -5.097656 26.89063 0.09997559 1 -5.097656 26.89063 0.09997559 1 -0.5996094 27.6875 1.599609 1 -0.5996094 27.6875 1.599609 1 -0.5996094 27.6875 1.599609 1 -0.5996094 27.6875 1.599609 1 -0.5996094 27.6875 1.599609 1 -0.5996094 27.6875 1.599609 1 4.199219 27.09375 1.199219 1 4.199219 27.09375 1.199219 1 4.199219 27.09375 1.199219 1 4.199219 27.09375 1.199219 1 4.199219 27.09375 1.199219 1 4.199219 27.09375 1.199219 1 1 1 1 0.0009994507 1 1 1 0.0009994507 1 1 1 0.0009994507 1 1 1 0.0009994507 1 1 1 0.0009994507 1 1 1 0.0009994507 1 1 1 0.0009994507 1 1 1 0.0009994507 1 1 1 0.0009994507 1 1 1 0.0009994507 1 1 1 0.0009994507 1 1 1 0.0009994507 1 1 1 0.0009994507 1 1 1 0.0009994507 1 1 1 0.0009994507 1 1 1 0.0009994507 1 1 1 0.0009994507 1 1 1 0.0009994507 -2.599609 17.5 5.699219 1 -2.599609 17.5 5.699219 1 -2.599609 17.5 5.699219 1 -2.599609 17.5 5.699219 1 -2.599609 17.5 5.699219 1 -2.599609 17.5 5.699219 1 -7.597656 20.89063 3.599609 1 -7.597656 20.89063 3.599609 1 -7.597656 20.89063 3.599609 1 -7.597656 20.89063 3.599609 1 -7.597656 20.89063 3.599609 1 -7.597656 20.89063 3.599609 1 -3.898438 19.09375 5.199219 1 -3.898438 19.09375 5.199219 1 -3.898438 19.09375 5.199219 1 -3.898438 19.09375 5.199219 1 -3.898438 19.09375 5.199219 1 -3.898438 19.09375 5.199219 1 -9.398438 19.29688 3.898438 1 -9.398438 19.29688 3.898438 1 -9.398438 19.29688 3.898438 1 -9.398438 19.29688 3.898438 1 -9.398438 19.29688 3.898438 1 -9.398438 19.29688 3.898438 1 1 1 1 0.0009994507 1 1 1 0.0009994507 1 1 1 0.0009994507 1 1 1 0.0009994507 1 1 1 0.0009994507 1 1 1 0.0009994507 -5.796875 21.09375 -6.699219 1 -5.796875 21.09375 -6.699219 1 -5.796875 21.09375 -6.699219 1 -5.796875 21.09375 -6.699219 1 -5.796875 21.09375 -6.699219 1 -5.796875 21.09375 -6.699219 1 1 1 1 0.0009994507 1 1 1 0.0009994507 1 1 1 0.0009994507 1 1 1 0.0009994507 1 1 1 0.0009994507 1 1 1 0.0009994507 2.898438 24.6875 0 1 2.898438 24.6875 0 1 2.898438 24.6875 0 1 2.898438 24.6875 0 1 2.898438 24.6875 0 1 2.898438 24.6875 0 1 -2.5 26.6875 1.799805 0.8999023 -2.5 26.6875 1.799805 0.8999023 -2.5 26.6875 1.799805 0.8999023 -2.5 26.6875 1.799805 0.8999023 -2.5 26.6875 1.799805 0.8999023 -2.5 26.6875 1.799805 0.8999023 9.296875 17.09375 5.699219 1 9.296875 17.09375 5.699219 1 9.296875 17.09375 5.699219 1 9.296875 17.09375 5.699219 1 9.296875 17.09375 5.699219 1 9.296875 17.09375 5.699219 1 -6 17.59375 6.199219 1 -6 17.59375 6.199219 1 -6 17.59375 6.199219 1 -6 17.59375 6.199219 1 -6 17.59375 6.199219 1 -6 17.59375 6.199219 1 -5.097656 22.89063 1.399414 0.3999023 -5.097656 22.89063 1.399414 0.3999023 -5.097656 22.89063 1.399414 0.3999023 -5.097656 22.89063 1.399414 0.3999023 -5.097656 22.89063 1.399414 0.3999023 -5.097656 22.89063 1.399414 0.3999023 6.597656 16.59375 6.898438 1 6.597656 16.59375 6.898438 1 6.597656 16.59375 6.898438 1 6.597656 16.59375 6.898438 1 6.597656 16.59375 6.898438 1 6.597656 16.59375 6.898438 1 1.899414 18 6.097656 1 1.899414 18 6.097656 1 1.899414 18 6.097656 1 1.899414 18 6.097656 1 1.899414 18 6.097656 1 1.899414 18 6.097656 1 3.599609 21.59375 4 1 3.599609 21.59375 4 1 3.599609 21.59375 4 1 3.599609 21.59375 4 1 3.599609 21.59375 4 1 3.599609 21.59375 4 1 9.796875 21.79688 2.599609 1 9.796875 21.79688 2.599609 1 9.796875 21.79688 2.599609 1 9.796875 21.79688 2.599609 1 9.796875 21.79688 2.599609 1 9.796875 21.79688 2.599609 1 8 22.09375 1.599609 1 8 22.09375 1.599609 1 8 22.09375 1.599609 1 8 22.09375 1.599609 1 8 22.09375 1.599609 1 8 22.09375 1.599609 1 7.796875 22.59375 0.3999023 1 7.796875 22.59375 0.3999023 1 7.796875 22.59375 0.3999023 1 7.796875 22.59375 0.3999023 1 7.796875 22.59375 0.3999023 1 7.796875 22.59375 0.3999023 1 10.19531 20.29688 -1.199219 1 10.19531 20.29688 -1.199219 1 10.19531 20.29688 -1.199219 1 10.19531 20.29688 -1.199219 1 10.19531 20.29688 -1.199219 1 10.19531 20.29688 -1.199219 1 3.798828 22.79688 1.299805 0.3999023 3.798828 22.79688 1.299805 0.3999023 3.798828 22.79688 1.299805 0.3999023 3.798828 22.79688 1.299805 0.3999023 3.798828 22.79688 1.299805 0.3999023 3.798828 22.79688 1.299805 0.3999023 3.699219 30.09375 -3 0.3999023 3.699219 30.09375 -3 0.3999023 3.699219 30.09375 -3 0.3999023 3.699219 30.09375 -3 0.3999023 3.699219 30.09375 -3 0.3999023 3.699219 30.09375 -3 0.3999023 -1.5 18.6875 5.097656 1 -1.5 18.6875 5.097656 1 -1.5 18.6875 5.097656 1 -1.5 18.6875 5.097656 1 -1.5 18.6875 5.097656 1 -1.5 18.6875 5.097656 1 -10.29688 20.39063 1.799805 1 -10.29688 20.39063 1.799805 1 -10.29688 20.39063 1.799805 1 -10.29688 20.39063 1.799805 1 -10.29688 20.39063 1.799805 1 -10.29688 20.39063 1.799805 1 -7.898438 16.89063 6 1 -7.898438 16.89063 6 1 -7.898438 16.89063 6 1 -7.898438 16.89063 6 1 -7.898438 16.89063 6 1 -7.898438 16.89063 6 1 11.19531 20.29688 1.199219 1 11.19531 20.29688 1.199219 1 11.19531 20.29688 1.199219 1 11.19531 20.29688 1.199219 1 11.19531 20.29688 1.199219 1 11.19531 20.29688 1.199219 1 7 22.29688 -2.298828 1 7 22.29688 -2.298828 1 7 22.29688 -2.298828 1 7 22.29688 -2.298828 1 7 22.29688 -2.298828 1 7 22.29688 -2.298828 1 1 1 1 0.0009994507 1 1 1 0.0009994507 1 1 1 0.0009994507 1 1 1 0.0009994507 1 1 1 0.0009994507 1 1 1 0.0009994507 1 1 1 0.0009994507 1 1 1 0.0009994507 1 1 1 0.0009994507 1 1 1 0.0009994507 1 1 1 0.0009994507 1 1 1 0.0009994507 0 26 2 0.7998047 0 26 2 0.7998047 0 26 2 0.7998047 0 26 2 0.7998047 0 26 2 0.7998047 0 26 2 0.7998047 1 29 0.699707 0.3999023 1 29 0.699707 0.3999023 1 29 0.699707 0.3999023 1 29 0.699707 0.3999023 1 29 0.699707 0.3999023 1 29 0.699707 0.3999023 6.398438 27.1875 -1.899414 1 6.398438 27.1875 -1.899414 1 6.398438 27.1875 -1.899414 1 6.398438 27.1875 -1.899414 1 6.398438 27.1875 -1.899414 1 6.398438 27.1875 -1.899414 1 -9.09375 14.69531 4.597656 1 -9.09375 14.69531 4.597656 1 -9.09375 14.69531 4.597656 1 -9.09375 14.69531 4.597656 1 -9.09375 14.69531 4.597656 1 -9.09375 14.69531 4.597656 1 -3.898438 14.19531 4.699219 1 -3.898438 14.19531 4.699219 1 -3.898438 14.19531 4.699219 1 -3.898438 14.19531 4.699219 1 -3.898438 14.19531 4.699219 1 -3.898438 14.19531 4.699219 1 1 1 1 0.0009994507 1 1 1 0.0009994507 1 1 1 0.0009994507 1 1 1 0.0009994507 1 1 1 0.0009994507 1 1 1 0.0009994507 1 1 1 0.0009994507 1 1 1 0.0009994507 1 1 1 0.0009994507 1 1 1 0.0009994507 1 1 1 0.0009994507 1 1 1 0.0009994507 -6.199219 23.1875 -0.1999512 0.3999023 -6.199219 23.1875 -0.1999512 0.3999023 -6.199219 23.1875 -0.1999512 0.3999023 -6.199219 23.1875 -0.1999512 0.3999023 -6.199219 23.1875 -0.1999512 0.3999023 -6.199219 23.1875 -0.1999512 0.3999023 -10.09375 16.79688 -2.798828 1 -10.09375 16.79688 -2.798828 1 -10.09375 16.79688 -2.798828 1 -10.09375 16.79688 -2.798828 1 -10.09375 16.79688 -2.798828 1 -10.09375 16.79688 -2.798828 1 -5.296875 15.59375 6 1 -5.296875 15.59375 6 1 -5.296875 15.59375 6 1 -5.296875 15.59375 6 1 -5.296875 15.59375 6 1 -5.296875 15.59375 6 1 3.099609 16.29688 5.898438 1 3.099609 16.29688 5.898438 1 3.099609 16.29688 5.898438 1 3.099609 16.29688 5.898438 1 3.099609 16.29688 5.898438 1 3.099609 16.29688 5.898438 1 7.699219 15.5 6.398438 1 7.699219 15.5 6.398438 1 7.699219 15.5 6.398438 1 7.699219 15.5 6.398438 1 7.699219 15.5 6.398438 1 7.699219 15.5 6.398438 1 10.09375 14.79688 4 1 10.09375 14.79688 4 1 10.09375 14.79688 4 1 10.09375 14.79688 4 1 10.09375 14.79688 4 1 10.09375 14.79688 4 1 4.699219 14.5 2 1 4.699219 14.5 2 1 4.699219 14.5 2 1 4.699219 14.5 2 1 4.699219 14.5 2 1 4.699219 14.5 2 1 -1.299805 22.89063 1.699219 1 -1.299805 22.89063 1.699219 1 -1.299805 22.89063 1.699219 1 -1.299805 22.89063 1.699219 1 -1.299805 22.89063 1.699219 1 -1.299805 22.89063 1.699219 1 5.398438 25.79688 0.8999023 1 5.398438 25.79688 0.8999023 1 5.398438 25.79688 0.8999023 1 5.398438 25.79688 0.8999023 1 5.398438 25.79688 0.8999023 1 5.398438 25.79688 0.8999023 1 -7.796875 13.09375 -0.1999512 1 -7.796875 13.09375 -0.1999512 1 -7.796875 13.09375 -0.1999512 1 -7.796875 13.09375 -0.1999512 1 -7.796875 13.09375 -0.1999512 1 -7.796875 13.09375 -0.1999512 1 -6.699219 13.5 4.898438 1 -6.699219 13.5 4.898438 1 -6.699219 13.5 4.898438 1 -6.699219 13.5 4.898438 1 -6.699219 13.5 4.898438 1 -6.699219 13.5 4.898438 1 -4.5 14.5 2 1 -4.5 14.5 2 1 -4.5 14.5 2 1 -4.5 14.5 2 1 -4.5 14.5 2 1 -4.5 14.5 2 1 -5.597656 12.59375 -0.5 1 -5.597656 12.59375 -0.5 1 -5.597656 12.59375 -0.5 1 -5.597656 12.59375 -0.5 1 -5.597656 12.59375 -0.5 1 -5.597656 12.59375 -0.5 1 -8.59375 12.5 -4.097656 1 -8.59375 12.5 -4.097656 1 -8.59375 12.5 -4.097656 1 -8.59375 12.5 -4.097656 1 -8.59375 12.5 -4.097656 1 -8.59375 12.5 -4.097656 1 -1.099609 15.39844 3.898438 1 -1.099609 15.39844 3.898438 1 -1.099609 15.39844 3.898438 1 -1.099609 15.39844 3.898438 1 -1.099609 15.39844 3.898438 1 -1.099609 15.39844 3.898438 1 -3.5 12.39844 -3.099609 1 -3.5 12.39844 -3.099609 1 -3.5 12.39844 -3.099609 1 -3.5 12.39844 -3.099609 1 -3.5 12.39844 -3.099609 1 -3.5 12.39844 -3.099609 1 11.29688 15 2.5 1 11.29688 15 2.5 1 11.29688 15 2.5 1 11.29688 15 2.5 1 11.29688 15 2.5 1 11.29688 15 2.5 1 9 12.69531 -2 1 9 12.69531 -2 1 9 12.69531 -2 1 9 12.69531 -2 1 9 12.69531 -2 1 9 12.69531 -2 1 5.597656 12.79688 0 1 5.597656 12.79688 0 1 5.597656 12.79688 0 1 5.597656 12.79688 0 1 5.597656 12.79688 0 1 5.597656 12.79688 0 1 1 1 1 0.0009994507 1 1 1 0.0009994507 1 1 1 0.0009994507 1 1 1 0.0009994507 1 1 1 0.0009994507 1 1 1 0.0009994507 -4.699219 11.79688 -4.199219 1 -4.699219 11.79688 -4.199219 1 -4.699219 11.79688 -4.199219 1 -4.699219 11.79688 -4.199219 1 -4.699219 11.79688 -4.199219 1 -4.699219 11.79688 -4.199219 1 -10.09375 14.79688 -2.599609 1 -10.09375 14.79688 -2.599609 1 -10.09375 14.79688 -2.599609 1 -10.09375 14.79688 -2.599609 1 -10.09375 14.79688 -2.599609 1 -10.09375 14.79688 -2.599609 1</float_array>
          <technique_common>
            <accessor source="#L01_01__mTreeOakLeaf-color-array" count="966" stride="4">
              <param name="R" type="float" />
              <param name="G" type="float" />
              <param name="B" type="float" />
              <param name="A" type="float" />
            </accessor>
          </technique_common>
        </source>
        <source id="L01_01__mTreeOakLeaf-texcoord">
          <float_array id="L01_01__mTreeOakLeaf-texcoord-array" count="1932">0.8388672 0.3554688 0.8388672 0.6557617 0.6640625 0.4609375 0.6845703 0.625 0.9775391 0.6257324 0.8388672 0.6557617 0.9985352 0.4619141 0.8388672 0.3554688 0.8388672 0.3554688 0.8388672 0.6557617 0.6640625 0.4609375 0.6845703 0.625 0.9775391 0.6257324 0.8388672 0.6557617 0.9985352 0.4619141 0.8388672 0.3554688 0.8388672 0.3554688 0.8388672 0.6557617 0.6640625 0.4609375 0.6845703 0.625 0.9775391 0.6257324 0.8388672 0.6557617 0.9985352 0.4619141 0.8388672 0.3554688 0.8388672 0.3554688 0.8388672 0.6557617 0.6640625 0.4609375 0.6845703 0.625 0.9775391 0.6257324 0.8388672 0.6557617 0.9985352 0.4619141 0.8388672 0.3554688 0.8388672 0.3554688 0.8388672 0.6557617 0.6640625 0.4609375 0.6845703 0.625 0.9775391 0.6257324 0.8388672 0.6557617 0.9985352 0.4619141 0.8388672 0.3554688 0.8388672 0.3554688 0.8388672 0.6557617 0.6640625 0.4609375 0.6845703 0.625 0.9775391 0.6257324 0.8388672 0.6557617 0.9985352 0.4619141 0.8388672 0.3554688 0.8388672 0.3554688 0.8388672 0.6557617 0.6640625 0.4609375 0.6845703 0.625 0.9775391 0.6257324 0.8388672 0.6557617 0.9985352 0.4619141 0.8388672 0.3554688 0.8388672 0.3554688 0.8388672 0.6557617 0.6640625 0.4609375 0.6845703 0.625 0.9775391 0.6257324 0.8388672 0.6557617 0.9985352 0.4619141 0.8388672 0.3554688 0.8388672 0.3554688 0.8388672 0.6557617 0.6640625 0.4609375 0.6845703 0.625 0.9775391 0.6257324 0.8388672 0.6557617 0.9985352 0.4619141 0.8388672 0.3554688 0.8388672 0.3554688 0.8388672 0.6557617 0.6640625 0.4609375 0.6845703 0.625 0.9775391 0.6257324 0.8388672 0.6557617 0.9985352 0.4619141 0.8388672 0.3554688 0.8388672 0.3554688 0.8388672 0.6557617 0.6640625 0.4609375 0.6845703 0.625 0.9775391 0.6257324 0.8388672 0.6557617 0.9985352 0.4619141 0.8388672 0.3554688 0.8388672 0.3554688 0.8388672 0.6557617 0.6640625 0.4609375 0.6845703 0.625 0.9775391 0.6257324 0.8388672 0.6557617 0.9985352 0.4619141 0.8388672 0.3554688 0.8388672 0.3554688 0.8388672 0.6557617 0.6640625 0.4609375 0.6845703 0.625 0.9775391 0.6257324 0.8388672 0.6557617 0.9985352 0.4619141 0.8388672 0.3554688 0.8388672 0.3554688 0.8388672 0.6557617 0.6640625 0.4609375 0.6845703 0.625 0.9775391 0.6257324 0.8388672 0.6557617 0.9985352 0.4619141 0.8388672 0.3554688 0.8388672 0.3554688 0.8388672 0.6557617 0.6640625 0.4609375 0.6845703 0.625 0.9775391 0.6257324 0.8388672 0.6557617 0.9985352 0.4619141 0.8388672 0.3554688 0.8388672 0.3554688 0.8388672 0.6557617 0.6640625 0.4609375 0.6845703 0.625 0.9775391 0.6257324 0.8388672 0.6557617 0.9985352 0.4619141 0.8388672 0.3554688 0.8388672 0.3554688 0.8388672 0.6557617 0.6640625 0.4609375 0.6845703 0.625 0.9775391 0.6257324 0.8388672 0.6557617 0.9985352 0.4619141 0.8388672 0.3554688 0.8388672 0.3554688 0.8388672 0.6557617 0.6640625 0.4609375 0.6845703 0.625 0.9775391 0.6257324 0.8388672 0.6557617 0.9985352 0.4619141 0.8388672 0.3554688 0.8388672 0.3554688 0.8388672 0.6557617 0.6640625 0.4609375 0.6845703 0.625 0.9775391 0.6257324 0.8388672 0.6557617 0.9985352 0.4619141 0.8388672 0.3554688 0.8388672 0.3554688 0.8388672 0.6557617 0.6640625 0.4609375 0.6845703 0.625 0.9775391 0.6257324 0.8388672 0.6557617 0.9985352 0.4619141 0.8388672 0.3554688 0.8388672 0.3554688 0.8388672 0.6557617 0.6640625 0.4609375 0.6845703 0.625 0.9775391 0.6257324 0.8388672 0.6557617 0.9985352 0.4619141 0.8388672 0.3554688 0.8388672 0.009277344 0.8388672 0.3095703 0.6650391 0.1147461 0.6860352 0.2788086 0.980957 0.2797852 0.8388672 0.3095703 1.000977 0.1157227 0.8388672 0.009277344 0.8388672 0.009277344 0.8388672 0.3095703 0.6650391 0.1147461 0.6860352 0.2788086 0.980957 0.2797852 0.8388672 0.3095703 1.000977 0.1157227 0.8388672 0.009277344 0.8388672 0.009277344 0.8388672 0.3095703 0.6650391 0.1147461 0.6860352 0.2788086 0.980957 0.2797852 0.8388672 0.3095703 1.000977 0.1157227 0.8388672 0.009277344 0.8388672 0.009277344 0.8388672 0.3095703 0.6650391 0.1147461 0.6860352 0.2788086 0.980957 0.2797852 0.8388672 0.3095703 1.000977 0.1157227 0.8388672 0.009277344 0.8388672 0.009277344 0.8388672 0.3095703 0.6650391 0.1147461 0.6860352 0.2788086 0.980957 0.2797852 0.8388672 0.3095703 1.000977 0.1157227 0.8388672 0.009277344 0.8388672 0.009277344 0.8388672 0.3095703 0.6650391 0.1147461 0.6860352 0.2788086 0.980957 0.2797852 0.8388672 0.3095703 1.000977 0.1157227 0.8388672 0.009277344 0.8388672 0.009277344 0.8388672 0.3095703 0.6650391 0.1147461 0.6860352 0.2788086 0.980957 0.2797852 0.8388672 0.3095703 1.000977 0.1157227 0.8388672 0.009277344 0.8388672 0.009277344 0.8388672 0.3095703 0.6650391 0.1147461 0.6860352 0.2788086 0.980957 0.2797852 0.8388672 0.3095703 1.000977 0.1157227 0.8388672 0.009277344 0.8388672 0.009277344 0.8388672 0.3095703 0.6650391 0.1147461 0.6860352 0.2788086 0.980957 0.2797852 0.8388672 0.3095703 1.000977 0.1157227 0.8388672 0.009277344 0.8388672 0.009277344 0.8388672 0.3095703 0.6650391 0.1147461 0.6860352 0.2788086 0.980957 0.2797852 0.8388672 0.3095703 1.000977 0.1157227 0.8388672 0.009277344 0.8388672 0.009277344 0.8388672 0.3095703 0.6650391 0.1147461 0.6860352 0.2788086 0.980957 0.2797852 0.8388672 0.3095703 1.000977 0.1157227 0.8388672 0.009277344 0.8388672 0.009277344 0.8388672 0.3095703 0.6650391 0.1147461 0.6860352 0.2788086 0.980957 0.2797852 0.8388672 0.3095703 1.000977 0.1157227 0.8388672 0.009277344 0.8388672 0.009277344 0.8388672 0.3095703 0.6650391 0.1147461 0.6860352 0.2788086 0.980957 0.2797852 0.8388672 0.3095703 1.000977 0.1157227 0.8388672 0.009277344 0.8388672 0.009277344 0.8388672 0.3095703 0.6650391 0.1147461 0.6860352 0.2788086 0.980957 0.2797852 0.8388672 0.3095703 1.000977 0.1157227 0.8388672 0.009277344 0.8388672 0.009277344 0.8388672 0.3095703 0.6650391 0.1147461 0.6860352 0.2788086 0.980957 0.2797852 0.8388672 0.3095703 1.000977 0.1157227 0.8388672 0.009277344 0.4987793 0.9963207 0.3613281 0.9656372 0.3405762 0.8071289 0.4987793 0.7016602 0.6567383 0.8079834 0.6357422 0.9664917 0.1706543 0.9875488 0.03341675 0.9568787 0.01262665 0.7983398 0.1706543 0.6928711 0.3286133 0.7991943 0.3078613 0.9577026 0.1706543 0.9875488 0.03341675 0.9568787 0.01262665 0.7983398 0.1706543 0.6928711 0.3286133 0.7991943 0.3078613 0.9577026 0.1706543 0.9875488 0.03341675 0.9568787 0.01262665 0.7983398 0.1706543 0.6928711 0.3286133 0.7991943 0.3078613 0.9577026 0.4987793 0.9963207 0.3613281 0.9656372 0.3405762 0.8071289 0.4987793 0.7016602 0.6567383 0.8079834 0.6357422 0.9664917 0.4987793 0.9963207 0.3613281 0.9656372 0.3405762 0.8071289 0.4987793 0.7016602 0.6567383 0.8079834 0.6357422 0.9664917 0.4987793 0.9963207 0.3613281 0.9656372 0.3405762 0.8071289 0.4987793 0.7016602 0.6567383 0.8079834 0.6357422 0.9664917 0.5043945 0.9928436 0.3669434 0.9621582 0.3461914 0.8035889 0.5043945 0.6982422 0.6621094 0.8045654 0.6416016 0.9630127 0.5043945 0.9928436 0.3669434 0.9621582 0.3461914 0.8035889 0.5043945 0.6982422 0.6621094 0.8045654 0.6416016 0.9630127 0.5043945 0.9928436 0.3669434 0.9621582 0.3461914 0.8035889 0.5043945 0.6982422 0.6621094 0.8045654 0.6416016 0.9630127 0.5043945 0.9928436 0.3669434 0.9621582 0.3461914 0.8035889 0.5043945 0.6982422 0.6621094 0.8045654 0.6416016 0.9630127 0.5043945 0.9928436 0.3669434 0.9621582 0.3461914 0.8035889 0.5043945 0.6982422 0.6621094 0.8045654 0.6416016 0.9630127 0.5043945 0.9928436 0.3669434 0.9621582 0.3461914 0.8035889 0.5043945 0.6982422 0.6621094 0.8045654 0.6416016 0.9630127 0.5043945 0.9928436 0.3669434 0.9621582 0.3461914 0.8035889 0.5043945 0.6982422 0.6621094 0.8045654 0.6416016 0.9630127 0.5043945 0.9928436 0.3669434 0.9621582 0.3461914 0.8035889 0.5043945 0.6982422 0.6621094 0.8045654 0.6416016 0.9630127 0.5043945 0.9928436 0.3669434 0.9621582 0.3461914 0.8035889 0.5043945 0.6982422 0.6621094 0.8045654 0.6416016 0.9630127 0.5043945 0.9928436 0.3669434 0.9621582 0.3461914 0.8035889 0.5043945 0.6982422 0.6621094 0.8045654 0.6416016 0.9630127 0.5043945 0.9928436 0.3669434 0.9621582 0.3461914 0.8035889 0.5043945 0.6982422 0.6621094 0.8045654 0.6416016 0.9630127 0.5043945 0.9928436 0.3669434 0.9621582 0.3461914 0.8035889 0.5043945 0.6982422 0.6621094 0.8045654 0.6416016 0.9630127 0.5043945 0.9928436 0.3669434 0.9621582 0.3461914 0.8035889 0.5043945 0.6982422 0.6621094 0.8045654 0.6416016 0.9630127 0.8393555 0.9917374 0.6933594 0.9610596 0.6723633 0.8024902 0.8393555 0.6970215 0.9985352 0.8034668 0.9775391 0.9619141 0.8393555 0.9917374 0.6933594 0.9610596 0.6723633 0.8024902 0.8393555 0.6970215 0.9985352 0.8034668 0.9775391 0.9619141 0.8393555 0.9917374 0.6933594 0.9610596 0.6723633 0.8024902 0.8393555 0.6970215 0.9985352 0.8034668 0.9775391 0.9619141 0.8393555 0.9917374 0.6933594 0.9610596 0.6723633 0.8024902 0.8393555 0.6970215 0.9985352 0.8034668 0.9775391 0.9619141 0.8393555 0.9917374 0.6933594 0.9610596 0.6723633 0.8024902 0.8393555 0.6970215 0.9985352 0.8034668 0.9775391 0.9619141 0.8393555 0.9917374 0.6933594 0.9610596 0.6723633 0.8024902 0.8393555 0.6970215 0.9985352 0.8034668 0.9775391 0.9619141 0.8393555 0.9917374 0.6933594 0.9610596 0.6723633 0.8024902 0.8393555 0.6970215 0.9985352 0.8034668 0.9775391 0.9619141 0.8393555 0.9917374 0.6933594 0.9610596 0.6723633 0.8024902 0.8393555 0.6970215 0.9985352 0.8034668 0.9775391 0.9619141 0.8393555 0.9917374 0.6933594 0.9610596 0.6723633 0.8024902 0.8393555 0.6970215 0.9985352 0.8034668 0.9775391 0.9619141 0.8393555 0.9917374 0.6933594 0.9610596 0.6723633 0.8024902 0.8393555 0.6970215 0.9985352 0.8034668 0.9775391 0.9619141 0.8393555 0.9917374 0.6933594 0.9610596 0.6723633 0.8024902 0.8393555 0.6970215 0.9985352 0.8034668 0.9775391 0.9619141 0.8393555 0.9917374 0.6933594 0.9610596 0.6723633 0.8024902 0.8393555 0.6970215 0.9985352 0.8034668 0.9775391 0.9619141 0.8393555 0.9917374 0.6933594 0.9610596 0.6723633 0.8024902 0.8393555 0.6970215 0.9985352 0.8034668 0.9775391 0.9619141 0.8393555 0.9917374 0.6933594 0.9610596 0.6723633 0.8024902 0.8393555 0.6970215 0.9985352 0.8034668 0.9775391 0.9619141 0.8393555 0.9917374 0.6933594 0.9610596 0.6723633 0.8024902 0.8393555 0.6970215 0.9985352 0.8034668 0.9775391 0.9619141 0.8393555 0.9917374 0.6933594 0.9610596 0.6723633 0.8024902 0.8393555 0.6970215 0.9985352 0.8034668 0.9775391 0.9619141 0.8393555 0.9917374 0.6933594 0.9610596 0.6723633 0.8024902 0.8393555 0.6970215 0.9985352 0.8034668 0.9775391 0.9619141 0.8393555 0.9917374 0.6933594 0.9610596 0.6723633 0.8024902 0.8393555 0.6970215 0.9985352 0.8034668 0.9775391 0.9619141 0.8393555 0.9917374 0.6933594 0.9610596 0.6723633 0.8024902 0.8393555 0.6970215 0.9985352 0.8034668 0.9775391 0.9619141 0.8393555 0.9917374 0.6933594 0.9610596 0.6723633 0.8024902 0.8393555 0.6970215 0.9985352 0.8034668 0.9775391 0.9619141 0.8393555 0.9917374 0.6933594 0.9610596 0.6723633 0.8024902 0.8393555 0.6970215 0.9985352 0.8034668 0.9775391 0.9619141 0.8393555 0.9917374 0.6933594 0.9610596 0.6723633 0.8024902 0.8393555 0.6970215 0.9985352 0.8034668 0.9775391 0.9619141 0.8393555 0.9917374 0.6933594 0.9610596 0.6723633 0.8024902 0.8393555 0.6970215 0.9985352 0.8034668 0.9775391 0.9619141 0.8393555 0.9917374 0.6933594 0.9610596 0.6723633 0.8024902 0.8393555 0.6970215 0.9985352 0.8034668 0.9775391 0.9619141 0.8393555 0.9917374 0.6933594 0.9610596 0.6723633 0.8024902 0.8393555 0.6970215 0.9985352 0.8034668 0.9775391 0.9619141 0.8393555 0.9917374 0.6933594 0.9610596 0.6723633 0.8024902 0.8393555 0.6970215 0.9985352 0.8034668 0.9775391 0.9619141 0.8393555 0.9917374 0.6933594 0.9610596 0.6723633 0.8024902 0.8393555 0.6970215 0.9985352 0.8034668 0.9775391 0.9619141 0.8393555 0.9917374 0.6933594 0.9610596 0.6723633 0.8024902 0.8393555 0.6970215 0.9985352 0.8034668 0.9775391 0.9619141 0.8393555 0.9917374 0.6933594 0.9610596 0.6723633 0.8024902 0.8393555 0.6970215 0.9985352 0.8034668 0.9775391 0.9619141 0.1706543 0.6560059 0.02601624 0.6252441 0.004096985 0.4667969 0.1706543 0.3613281 0.3371582 0.4677734 0.3151855 0.6262207 0.1706543 0.6560059 0.02601624 0.6252441 0.004096985 0.4667969 0.1706543 0.3613281 0.3371582 0.4677734 0.3151855 0.6262207 0.1706543 0.6560059 0.02601624 0.6252441 0.004096985 0.4667969 0.1706543 0.3613281 0.3371582 0.4677734 0.3151855 0.6262207 0.1706543 0.6560059 0.02601624 0.6252441 0.004096985 0.4667969 0.1706543 0.3613281 0.3371582 0.4677734 0.3151855 0.6262207 0.1706543 0.6560059 0.02601624 0.6252441 0.004096985 0.4667969 0.1706543 0.3613281 0.3371582 0.4677734 0.3151855 0.6262207 0.1706543 0.6560059 0.02601624 0.6252441 0.004096985 0.4667969 0.1706543 0.3613281 0.3371582 0.4677734 0.3151855 0.6262207 0.1706543 0.6560059 0.02601624 0.6252441 0.004096985 0.4667969 0.1706543 0.3613281 0.3371582 0.4677734 0.3151855 0.6262207 0.1706543 0.6560059 0.02601624 0.6252441 0.004096985 0.4667969 0.1706543 0.3613281 0.3371582 0.4677734 0.3151855 0.6262207 0.1706543 0.6560059 0.02601624 0.6252441 0.004096985 0.4667969 0.1706543 0.3613281 0.3371582 0.4677734 0.3151855 0.6262207 0.1706543 0.6560059 0.02601624 0.6252441 0.004096985 0.4667969 0.1706543 0.3613281 0.3371582 0.4677734 0.3151855 0.6262207 0.1706543 0.6560059 0.02601624 0.6252441 0.004096985 0.4667969 0.1706543 0.3613281 0.3371582 0.4677734 0.3151855 0.6262207 0.1706543 0.6560059 0.02601624 0.6252441 0.004096985 0.4667969 0.1706543 0.3613281 0.3371582 0.4677734 0.3151855 0.6262207 0.1706543 0.6560059 0.02601624 0.6252441 0.004096985 0.4667969 0.1706543 0.3613281 0.3371582 0.4677734 0.3151855 0.6262207 0.1706543 0.6560059 0.02601624 0.6252441 0.004096985 0.4667969 0.1706543 0.3613281 0.3371582 0.4677734 0.3151855 0.6262207 0.1706543 0.6560059 0.02601624 0.6252441 0.004096985 0.4667969 0.1706543 0.3613281 0.3371582 0.4677734 0.3151855 0.6262207 0.1706543 0.6560059 0.02601624 0.6252441 0.004096985 0.4667969 0.1706543 0.3613281 0.3371582 0.4677734 0.3151855 0.6262207 0.1706543 0.6560059 0.02601624 0.6252441 0.004096985 0.4667969 0.1706543 0.3613281 0.3371582 0.4677734 0.3151855 0.6262207 0.1706543 0.6560059 0.02601624 0.6252441 0.004096985 0.4667969 0.1706543 0.3613281 0.3371582 0.4677734 0.3151855 0.6262207 0.1706543 0.6560059 0.02601624 0.6252441 0.004096985 0.4667969 0.1706543 0.3613281 0.3371582 0.4677734 0.3151855 0.6262207 0.1706543 0.6560059 0.02601624 0.6252441 0.004096985 0.4667969 0.1706543 0.3613281 0.3371582 0.4677734 0.3151855 0.6262207 0.1706543 0.6560059 0.02601624 0.6252441 0.004096985 0.4667969 0.1706543 0.3613281 0.3371582 0.4677734 0.3151855 0.6262207 0.1706543 0.6560059 0.02601624 0.6252441 0.004096985 0.4667969 0.1706543 0.3613281 0.3371582 0.4677734 0.3151855 0.6262207 0.1706543 0.6560059 0.02601624 0.6252441 0.004096985 0.4667969 0.1706543 0.3613281 0.3371582 0.4677734 0.3151855 0.6262207 0.1706543 0.6560059 0.02601624 0.6252441 0.004096985 0.4667969 0.1706543 0.3613281 0.3371582 0.4677734 0.3151855 0.6262207 0.1706543 0.6560059 0.02601624 0.6252441 0.004096985 0.4667969 0.1706543 0.3613281 0.3371582 0.4677734 0.3151855 0.6262207 0.1706543 0.6560059 0.02601624 0.6252441 0.004096985 0.4667969 0.1706543 0.3613281 0.3371582 0.4677734 0.3151855 0.6262207 0.1706543 0.6560059 0.02601624 0.6252441 0.004096985 0.4667969 0.1706543 0.3613281 0.3371582 0.4677734 0.3151855 0.6262207 0.5029297 0.6486816 0.3564453 0.6179199 0.3344727 0.4594727 0.5029297 0.3540039 0.6674805 0.4604492 0.6459961 0.6188965 0.5029297 0.6486816 0.3564453 0.6179199 0.3344727 0.4594727 0.5029297 0.3540039 0.6674805 0.4604492 0.6459961 0.6188965 0.5029297 0.6486816 0.3564453 0.6179199 0.3344727 0.4594727 0.5029297 0.3540039 0.6674805 0.4604492 0.6459961 0.6188965 0.5029297 0.6486816 0.3564453 0.6179199 0.3344727 0.4594727 0.5029297 0.3540039 0.6674805 0.4604492 0.6459961 0.6188965 0.5029297 0.6486816 0.3564453 0.6179199 0.3344727 0.4594727 0.5029297 0.3540039 0.6674805 0.4604492 0.6459961 0.6188965 0.5029297 0.6486816 0.3564453 0.6179199 0.3344727 0.4594727 0.5029297 0.3540039 0.6674805 0.4604492 0.6459961 0.6188965 0.5029297 0.6486816 0.3564453 0.6179199 0.3344727 0.4594727 0.5029297 0.3540039 0.6674805 0.4604492 0.6459961 0.6188965 0.5029297 0.6486816 0.3564453 0.6179199 0.3344727 0.4594727 0.5029297 0.3540039 0.6674805 0.4604492 0.6459961 0.6188965 0.5029297 0.6486816 0.3564453 0.6179199 0.3344727 0.4594727 0.5029297 0.3540039 0.6674805 0.4604492 0.6459961 0.6188965 0.5029297 0.6486816 0.3564453 0.6179199 0.3344727 0.4594727 0.5029297 0.3540039 0.6674805 0.4604492 0.6459961 0.6188965 0.1706543 0.3076172 0.02142334 0.2768555 -0.0004963875 0.1181641 0.1706543 0.01269531 0.3371582 0.1191406 0.3151855 0.277832 0.1706543 0.3076172 0.02142334 0.2768555 -0.0004963875 0.1181641 0.1706543 0.01269531 0.3371582 0.1191406 0.3151855 0.277832 0.1706543 0.3076172 0.02142334 0.2768555 -0.0004963875 0.1181641 0.1706543 0.01269531 0.3371582 0.1191406 0.3151855 0.277832 0.1706543 0.3076172 0.02142334 0.2768555 -0.0004963875 0.1181641 0.1706543 0.01269531 0.3371582 0.1191406 0.3151855 0.277832 0.1706543 0.3076172 0.02142334 0.2768555 -0.0004963875 0.1181641 0.1706543 0.01269531 0.3371582 0.1191406 0.3151855 0.277832 0.1706543 0.3076172 0.02142334 0.2768555 -0.0004963875 0.1181641 0.1706543 0.01269531 0.3371582 0.1191406 0.3151855 0.277832 0.1706543 0.3076172 0.02142334 0.2768555 -0.0004963875 0.1181641 0.1706543 0.01269531 0.3371582 0.1191406 0.3151855 0.277832 0.1706543 0.3076172 0.02142334 0.2768555 -0.0004963875 0.1181641 0.1706543 0.01269531 0.3371582 0.1191406 0.3151855 0.277832 0.1706543 0.3076172 0.02142334 0.2768555 -0.0004963875 0.1181641 0.1706543 0.01269531 0.3371582 0.1191406 0.3151855 0.277832 0.1706543 0.3076172 0.02142334 0.2768555 -0.0004963875 0.1181641 0.1706543 0.01269531 0.3371582 0.1191406 0.3151855 0.277832 0.1706543 0.3076172 0.02142334 0.2768555 -0.0004963875 0.1181641 0.1706543 0.01269531 0.3371582 0.1191406 0.3151855 0.277832 0.1706543 0.3076172 0.02142334 0.2768555 -0.0004963875 0.1181641 0.1706543 0.01269531 0.3371582 0.1191406 0.3151855 0.277832 0.1706543 0.3076172 0.02142334 0.2768555 -0.0004963875 0.1181641 0.1706543 0.01269531 0.3371582 0.1191406 0.3151855 0.277832 0.1706543 0.3076172 0.02142334 0.2768555 -0.0004963875 0.1181641 0.1706543 0.01269531 0.3371582 0.1191406 0.3151855 0.277832 0.503418 0.3076172 0.3544922 0.2763672 0.3322754 0.1157227 0.503418 0.008789063 0.6713867 0.1166992 0.6489258 0.2773438 0.503418 0.3076172 0.3544922 0.2763672 0.3322754 0.1157227 0.503418 0.008789063 0.6713867 0.1166992 0.6489258 0.2773438 0.503418 0.3076172 0.3544922 0.2763672 0.3322754 0.1157227 0.503418 0.008789063 0.6713867 0.1166992 0.6489258 0.2773438 0.503418 0.3076172 0.3544922 0.2763672 0.3322754 0.1157227 0.503418 0.008789063 0.6713867 0.1166992 0.6489258 0.2773438 0.503418 0.3076172 0.3544922 0.2763672 0.3322754 0.1157227 0.503418 0.008789063 0.6713867 0.1166992 0.6489258 0.2773438 0.503418 0.3076172 0.3544922 0.2763672 0.3322754 0.1157227 0.503418 0.008789063 0.6713867 0.1166992 0.6489258 0.2773438 0.503418 0.3076172 0.3544922 0.2763672 0.3322754 0.1157227 0.503418 0.008789063 0.6713867 0.1166992 0.6489258 0.2773438 0.503418 0.3076172 0.3544922 0.2763672 0.3322754 0.1157227 0.503418 0.008789063 0.6713867 0.1166992 0.6489258 0.2773438 0.503418 0.3076172 0.3544922 0.2763672 0.3322754 0.1157227 0.503418 0.008789063 0.6713867 0.1166992 0.6489258 0.2773438 0.503418 0.3076172 0.3544922 0.2763672 0.3322754 0.1157227 0.503418 0.008789063 0.6713867 0.1166992 0.6489258 0.2773438 0.503418 0.3076172 0.3544922 0.2763672 0.3322754 0.1157227 0.503418 0.008789063 0.6713867 0.1166992 0.6489258 0.2773438 0.503418 0.3076172 0.3544922 0.2763672 0.3322754 0.1157227 0.503418 0.008789063 0.6713867 0.1166992 0.6489258 0.2773438 0.503418 0.3076172 0.3544922 0.2763672 0.3322754 0.1157227 0.503418 0.008789063 0.6713867 0.1166992 0.6489258 0.2773438</float_array>
          <technique_common>
            <accessor source="#L01_01__mTreeOakLeaf-texcoord-array" count="966" stride="2">
              <param name="S" type="float" />
              <param name="T" type="float" />
            </accessor>
          </technique_common>
        </source>
        <source id="L01_01__mTreeOakLeaf-texcoord_1">
          <float_array id="L01_01__mTreeOakLeaf-texcoord-array_1" count="1932">0.02389563 0.001998961 0.02389563 0.07612723 0.001968414 0.02673382 0.003295949 0.07098496 0.04451057 0.07098496 0.02389563 0.07612723 0.0458381 0.02673382 0.02389563 0.001998961 0.02389563 0.001998961 0.02389563 0.07612723 0.001968414 0.02673382 0.003295949 0.07098496 0.04451057 0.07098496 0.02389563 0.07612723 0.0458381 0.02673382 0.02389563 0.001998961 0.02389563 0.001998961 0.02389563 0.07612723 0.001968414 0.02673382 0.003295949 0.07098496 0.04451057 0.07098496 0.02389563 0.07612723 0.0458381 0.02673382 0.02389563 0.001998961 0.02389563 0.001998961 0.02389563 0.07612723 0.001968414 0.02673382 0.003295949 0.07098496 0.04451057 0.07098496 0.02389563 0.07612723 0.0458381 0.02673382 0.02389563 0.001998961 0.02389563 0.001998961 0.02389563 0.07612723 0.001968414 0.02673382 0.003295949 0.07098496 0.04451057 0.07098496 0.02389563 0.07612723 0.0458381 0.02673382 0.02389563 0.001998961 0.02389563 0.001998961 0.02389563 0.07612723 0.001968414 0.02673382 0.003295949 0.07098496 0.04451057 0.07098496 0.02389563 0.07612723 0.0458381 0.02673382 0.02389563 0.001998961 0.02389563 0.001998961 0.02389563 0.07612723 0.001968414 0.02673382 0.003295949 0.07098496 0.04451057 0.07098496 0.02389563 0.07612723 0.0458381 0.02673382 0.02389563 0.001998961 0.02389563 0.001998961 0.02389563 0.07612723 0.001968414 0.02673382 0.003295949 0.07098496 0.04451057 0.07098496 0.02389563 0.07612723 0.0458381 0.02673382 0.02389563 0.001998961 0.02389563 0.001998961 0.02389563 0.07612723 0.001968414 0.02673382 0.003295949 0.07098496 0.04451057 0.07098496 0.02389563 0.07612723 0.0458381 0.02673382 0.02389563 0.001998961 0.02389563 0.001998961 0.02389563 0.07612723 0.001968414 0.02673382 0.003295949 0.07098496 0.04451057 0.07098496 0.02389563 0.07612723 0.0458381 0.02673382 0.02389563 0.001998961 0.02389563 0.001998961 0.02389563 0.07612723 0.001968414 0.02673382 0.003295949 0.07098496 0.04451057 0.07098496 0.02389563 0.07612723 0.0458381 0.02673382 0.02389563 0.001998961 0.02389563 0.001998961 0.02389563 0.07612723 0.001968414 0.02673382 0.003295949 0.07098496 0.04451057 0.07098496 0.02389563 0.07612723 0.0458381 0.02673382 0.02389563 0.001998961 0.02389563 0.001998961 0.02389563 0.07612723 0.001968414 0.02673382 0.003295949 0.07098496 0.04451057 0.07098496 0.02389563 0.07612723 0.0458381 0.02673382 0.02389563 0.001998961 0.02389563 0.001998961 0.02389563 0.07612723 0.001968414 0.02673382 0.003295949 0.07098496 0.04451057 0.07098496 0.02389563 0.07612723 0.0458381 0.02673382 0.02389563 0.001998961 0.02389563 0.001998961 0.02389563 0.07612723 0.001968414 0.02673382 0.003295949 0.07098496 0.04451057 0.07098496 0.02389563 0.07612723 0.0458381 0.02673382 0.02389563 0.001998961 0.02389563 0.001998961 0.02389563 0.07612723 0.001968414 0.02673382 0.003295949 0.07098496 0.04451057 0.07098496 0.02389563 0.07612723 0.0458381 0.02673382 0.02389563 0.001998961 0.02389563 0.001998961 0.02389563 0.07612723 0.001968414 0.02673382 0.003295949 0.07098496 0.04451057 0.07098496 0.02389563 0.07612723 0.0458381 0.02673382 0.02389563 0.001998961 0.02389563 0.001998961 0.02389563 0.07612723 0.001968414 0.02673382 0.003295949 0.07098496 0.04451057 0.07098496 0.02389563 0.07612723 0.0458381 0.02673382 0.02389563 0.001998961 0.02389563 0.001998961 0.02389563 0.07612723 0.001968414 0.02673382 0.003295949 0.07098496 0.04451057 0.07098496 0.02389563 0.07612723 0.0458381 0.02673382 0.02389563 0.001998961 0.02389563 0.001998961 0.02389563 0.07612723 0.001968414 0.02673382 0.003295949 0.07098496 0.04451057 0.07098496 0.02389563 0.07612723 0.0458381 0.02673382 0.02389563 0.001998961 0.02389563 0.001998961 0.02389563 0.07612723 0.001968414 0.02673382 0.003295949 0.07098496 0.04451057 0.07098496 0.02389563 0.07612723 0.0458381 0.02673382 0.02389563 0.001998961 0.02389563 0.001998961 0.02389563 0.07612723 0.001968414 0.02673382 0.003295949 0.07098496 0.04451057 0.07098496 0.02389563 0.07612723 0.0458381 0.02673382 0.02389563 0.001998961 0.02389563 0.001998961 0.02389563 0.07612723 0.001968414 0.02673382 0.003295949 0.07098496 0.04451057 0.07098496 0.02389563 0.07612723 0.0458381 0.02673382 0.02389563 0.001998961 0.02389563 0.001998961 0.02389563 0.07612723 0.001968414 0.02673382 0.003295949 0.07098496 0.04451057 0.07098496 0.02389563 0.07612723 0.0458381 0.02673382 0.02389563 0.001998961 0.02389563 0.001998961 0.02389563 0.07612723 0.001968414 0.02673382 0.003295949 0.07098496 0.04451057 0.07098496 0.02389563 0.07612723 0.0458381 0.02673382 0.02389563 0.001998961 0.02389563 0.001998961 0.02389563 0.07612723 0.001968414 0.02673382 0.003295949 0.07098496 0.04451057 0.07098496 0.02389563 0.07612723 0.0458381 0.02673382 0.02389563 0.001998961 0.02389563 0.001998961 0.02389563 0.07612723 0.001968414 0.02673382 0.003295949 0.07098496 0.04451057 0.07098496 0.02389563 0.07612723 0.0458381 0.02673382 0.02389563 0.001998961 0.02389563 0.001998961 0.02389563 0.07612723 0.001968414 0.02673382 0.003295949 0.07098496 0.04451057 0.07098496 0.02389563 0.07612723 0.0458381 0.02673382 0.02389563 0.001998961 0.02389563 0.001998961 0.02389563 0.07612723 0.001968414 0.02673382 0.003295949 0.07098496 0.04451057 0.07098496 0.02389563 0.07612723 0.0458381 0.02673382 0.02389563 0.001998961 0.02389563 0.001998961 0.02389563 0.07612723 0.001968414 0.02673382 0.003295949 0.07098496 0.04451057 0.07098496 0.02389563 0.07612723 0.0458381 0.02673382 0.02389563 0.001998961 0.02389563 0.001998961 0.02389563 0.07612723 0.001968414 0.02673382 0.003295949 0.07098496 0.04451057 0.07098496 0.02389563 0.07612723 0.0458381 0.02673382 0.02389563 0.001998961 0.02389563 0.001998961 0.02389563 0.07612723 0.001968414 0.02673382 0.003295949 0.07098496 0.04451057 0.07098496 0.02389563 0.07612723 0.0458381 0.02673382 0.02389563 0.001998961 0.02389563 0.001998961 0.02389563 0.07612723 0.001968414 0.02673382 0.003295949 0.07098496 0.04451057 0.07098496 0.02389563 0.07612723 0.0458381 0.02673382 0.02389563 0.001998961 0.02389563 0.001998961 0.02389563 0.07612723 0.001968414 0.02673382 0.003295949 0.07098496 0.04451057 0.07098496 0.02389563 0.07612723 0.0458381 0.02673382 0.02389563 0.001998961 0.02389563 0.001998961 0.02389563 0.07612723 0.001968414 0.02673382 0.003295949 0.07098496 0.04451057 0.07098496 0.02389563 0.07612723 0.0458381 0.02673382 0.02389563 0.001998961 0.02389563 0.001998961 0.02389563 0.07612723 0.001968414 0.02673382 0.003295949 0.07098496 0.04451057 0.07098496 0.02389563 0.07612723 0.0458381 0.02673382 0.02389563 0.001998961 0.02389563 0.07612723 0.003295949 0.07098496 0.001968414 0.02673382 0.02389563 0.001998961 0.0458381 0.02673382 0.04451057 0.07098496 0.02389563 0.07612723 0.003295949 0.07098496 0.001968414 0.02673382 0.02389563 0.001998961 0.0458381 0.02673382 0.04451057 0.07098496 0.02389563 0.07612723 0.003295949 0.07098496 0.001968414 0.02673382 0.02389563 0.001998961 0.0458381 0.02673382 0.04451057 0.07098496 0.02389563 0.07612723 0.003295949 0.07098496 0.001968414 0.02673382 0.02389563 0.001998961 0.0458381 0.02673382 0.04451057 0.07098496 0.02389563 0.07612723 0.003295949 0.07098496 0.001968414 0.02673382 0.02389563 0.001998961 0.0458381 0.02673382 0.04451057 0.07098496 0.02389563 0.07612723 0.003295949 0.07098496 0.001968414 0.02673382 0.02389563 0.001998961 0.0458381 0.02673382 0.04451057 0.07098496 0.02389563 0.07612723 0.003295949 0.07098496 0.001968414 0.02673382 0.02389563 0.001998961 0.0458381 0.02673382 0.04451057 0.07098496 0.02389563 0.07612723 0.003295949 0.07098496 0.001968414 0.02673382 0.02389563 0.001998961 0.0458381 0.02673382 0.04451057 0.07098496 0.02389563 0.07612723 0.003295949 0.07098496 0.001968414 0.02673382 0.02389563 0.001998961 0.0458381 0.02673382 0.04451057 0.07098496 0.02389563 0.07612723 0.003295949 0.07098496 0.001968414 0.02673382 0.02389563 0.001998961 0.0458381 0.02673382 0.04451057 0.07098496 0.02389563 0.07612723 0.003295949 0.07098496 0.001968414 0.02673382 0.02389563 0.001998961 0.0458381 0.02673382 0.04451057 0.07098496 0.02389563 0.07612723 0.003295949 0.07098496 0.001968414 0.02673382 0.02389563 0.001998961 0.0458381 0.02673382 0.04451057 0.07098496 0.02389563 0.07612723 0.003295949 0.07098496 0.001968414 0.02673382 0.02389563 0.001998961 0.0458381 0.02673382 0.04451057 0.07098496 0.02389563 0.07612723 0.003295949 0.07098496 0.001968414 0.02673382 0.02389563 0.001998961 0.0458381 0.02673382 0.04451057 0.07098496 0.02389563 0.07612723 0.003295949 0.07098496 0.001968414 0.02673382 0.02389563 0.001998961 0.0458381 0.02673382 0.04451057 0.07098496 0.02389563 0.07612723 0.003295949 0.07098496 0.001968414 0.02673382 0.02389563 0.001998961 0.0458381 0.02673382 0.04451057 0.07098496 0.02389563 0.07612723 0.003295949 0.07098496 0.001968414 0.02673382 0.02389563 0.001998961 0.0458381 0.02673382 0.04451057 0.07098496 0.02389563 0.07612723 0.003295949 0.07098496 0.001968414 0.02673382 0.02389563 0.001998961 0.0458381 0.02673382 0.04451057 0.07098496 0.02389563 0.07612723 0.003295949 0.07098496 0.001968414 0.02673382 0.02389563 0.001998961 0.0458381 0.02673382 0.04451057 0.07098496 0.02389563 0.07612723 0.003295949 0.07098496 0.001968414 0.02673382 0.02389563 0.001998961 0.0458381 0.02673382 0.04451057 0.07098496 0.02389563 0.07612723 0.003295949 0.07098496 0.001968414 0.02673382 0.02389563 0.001998961 0.0458381 0.02673382 0.04451057 0.07098496 0.02389563 0.07612723 0.003295949 0.07098496 0.001968414 0.02673382 0.02389563 0.001998961 0.0458381 0.02673382 0.04451057 0.07098496 0.02389563 0.07612723 0.003295949 0.07098496 0.001968414 0.02673382 0.02389563 0.001998961 0.0458381 0.02673382 0.04451057 0.07098496 0.02389563 0.07612723 0.003295949 0.07098496 0.001968414 0.02673382 0.02389563 0.001998961 0.0458381 0.02673382 0.04451057 0.07098496 0.02389563 0.07612723 0.003295949 0.07098496 0.001968414 0.02673382 0.02389563 0.001998961 0.0458381 0.02673382 0.04451057 0.07098496 0.02389563 0.07612723 0.003295949 0.07098496 0.001968414 0.02673382 0.02389563 0.001998961 0.0458381 0.02673382 0.04451057 0.07098496 0.02389563 0.07612723 0.003295949 0.07098496 0.001968414 0.02673382 0.02389563 0.001998961 0.0458381 0.02673382 0.04451057 0.07098496 0.02389563 0.07612723 0.003295949 0.07098496 0.001968414 0.02673382 0.02389563 0.001998961 0.0458381 0.02673382 0.04451057 0.07098496 0.02389563 0.07612723 0.003295949 0.07098496 0.001968414 0.02673382 0.02389563 0.001998961 0.0458381 0.02673382 0.04451057 0.07098496 0.02389563 0.07612723 0.003295949 0.07098496 0.001968414 0.02673382 0.02389563 0.001998961 0.0458381 0.02673382 0.04451057 0.07098496 0.02389563 0.07612723 0.003295949 0.07098496 0.001968414 0.02673382 0.02389563 0.001998961 0.0458381 0.02673382 0.04451057 0.07098496 0.02389563 0.07612723 0.003295949 0.07098496 0.001968414 0.02673382 0.02389563 0.001998961 0.0458381 0.02673382 0.04451057 0.07098496 0.02389563 0.07612723 0.003295949 0.07098496 0.001968414 0.02673382 0.02389563 0.001998961 0.0458381 0.02673382 0.04451057 0.07098496 0.02389563 0.07612723 0.003295949 0.07098496 0.001968414 0.02673382 0.02389563 0.001998961 0.0458381 0.02673382 0.04451057 0.07098496 0.02389563 0.07612723 0.003295949 0.07098496 0.001968414 0.02673382 0.02389563 0.001998961 0.0458381 0.02673382 0.04451057 0.07098496 0.02389563 0.07612723 0.003295949 0.07098496 0.001968414 0.02673382 0.02389563 0.001998961 0.0458381 0.02673382 0.04451057 0.07098496 0.02389563 0.07612723 0.003295949 0.07098496 0.001968414 0.02673382 0.02389563 0.001998961 0.0458381 0.02673382 0.04451057 0.07098496 0.02389563 0.07612723 0.003295949 0.07098496 0.001968414 0.02673382 0.02389563 0.001998961 0.0458381 0.02673382 0.04451057 0.07098496 0.02389563 0.07612723 0.003295949 0.07098496 0.001968414 0.02673382 0.02389563 0.001998961 0.0458381 0.02673382 0.04451057 0.07098496 0.02389563 0.07612723 0.003295949 0.07098496 0.001968414 0.02673382 0.02389563 0.001998961 0.0458381 0.02673382 0.04451057 0.07098496 0.02389563 0.07612723 0.003295949 0.07098496 0.001968414 0.02673382 0.02389563 0.001998961 0.0458381 0.02673382 0.04451057 0.07098496 0.02389563 0.07612723 0.003295949 0.07098496 0.001968414 0.02673382 0.02389563 0.001998961 0.0458381 0.02673382 0.04451057 0.07098496 0.02389563 0.07612723 0.003295949 0.07098496 0.001968414 0.02673382 0.02389563 0.001998961 0.0458381 0.02673382 0.04451057 0.07098496 0.02389563 0.07612723 0.003295949 0.07098496 0.001968414 0.02673382 0.02389563 0.001998961 0.0458381 0.02673382 0.04451057 0.07098496 0.02389563 0.07612723 0.003295949 0.07098496 0.001968414 0.02673382 0.02389563 0.001998961 0.0458381 0.02673382 0.04451057 0.07098496 0.02389563 0.07612723 0.003295949 0.07098496 0.001968414 0.02673382 0.02389563 0.001998961 0.0458381 0.02673382 0.04451057 0.07098496 0.02389563 0.07612723 0.003295949 0.07098496 0.001968414 0.02673382 0.02389563 0.001998961 0.0458381 0.02673382 0.04451057 0.07098496 0.02389563 0.07612723 0.003295949 0.07098496 0.001968414 0.02673382 0.02389563 0.001998961 0.0458381 0.02673382 0.04451057 0.07098496 0.02389563 0.07612723 0.003295949 0.07098496 0.001968414 0.02673382 0.02389563 0.001998961 0.0458381 0.02673382 0.04451057 0.07098496 0.02389563 0.07612723 0.003295949 0.07098496 0.001968414 0.02673382 0.02389563 0.001998961 0.0458381 0.02673382 0.04451057 0.07098496 0.02389563 0.07612723 0.003295949 0.07098496 0.001968414 0.02673382 0.02389563 0.001998961 0.0458381 0.02673382 0.04451057 0.07098496 0.02389563 0.07612723 0.003295949 0.07098496 0.001968414 0.02673382 0.02389563 0.001998961 0.0458381 0.02673382 0.04451057 0.07098496 0.02389563 0.07612723 0.003295949 0.07098496 0.001968414 0.02673382 0.02389563 0.001998961 0.0458381 0.02673382 0.04451057 0.07098496 0.02389563 0.07612723 0.003295949 0.07098496 0.001968414 0.02673382 0.02389563 0.001998961 0.0458381 0.02673382 0.04451057 0.07098496 0.02389563 0.07612723 0.003295949 0.07098496 0.001968414 0.02673382 0.02389563 0.001998961 0.0458381 0.02673382 0.04451057 0.07098496 0.02389563 0.07612723 0.003295949 0.07098496 0.001968414 0.02673382 0.02389563 0.001998961 0.0458381 0.02673382 0.04451057 0.07098496 0.02389563 0.07612723 0.003295949 0.07098496 0.001968414 0.02673382 0.02389563 0.001998961 0.0458381 0.02673382 0.04451057 0.07098496 0.02389563 0.07612723 0.003295949 0.07098496 0.001968414 0.02673382 0.02389563 0.001998961 0.0458381 0.02673382 0.04451057 0.07098496 0.02389563 0.07612723 0.003295949 0.07098496 0.001968414 0.02673382 0.02389563 0.001998961 0.0458381 0.02673382 0.04451057 0.07098496 0.02389563 0.07612723 0.003295949 0.07098496 0.001968414 0.02673382 0.02389563 0.001998961 0.0458381 0.02673382 0.04451057 0.07098496 0.02389563 0.07612723 0.003295949 0.07098496 0.001968414 0.02673382 0.02389563 0.001998961 0.0458381 0.02673382 0.04451057 0.07098496 0.02389563 0.07612723 0.003295949 0.07098496 0.001968414 0.02673382 0.02389563 0.001998961 0.0458381 0.02673382 0.04451057 0.07098496 0.02389563 0.07612723 0.003295949 0.07098496 0.001968414 0.02673382 0.02389563 0.001998961 0.0458381 0.02673382 0.04451057 0.07098496 0.02389563 0.07612723 0.003295949 0.07098496 0.001968414 0.02673382 0.02389563 0.001998961 0.0458381 0.02673382 0.04451057 0.07098496 0.02389563 0.07612723 0.003295949 0.07098496 0.001968414 0.02673382 0.02389563 0.001998961 0.0458381 0.02673382 0.04451057 0.07098496 0.02389563 0.07612723 0.003295949 0.07098496 0.001968414 0.02673382 0.02389563 0.001998961 0.0458381 0.02673382 0.04451057 0.07098496 0.02389563 0.07612723 0.003295949 0.07098496 0.001968414 0.02673382 0.02389563 0.001998961 0.0458381 0.02673382 0.04451057 0.07098496 0.02389563 0.07612723 0.003295949 0.07098496 0.001968414 0.02673382 0.02389563 0.001998961 0.0458381 0.02673382 0.04451057 0.07098496 0.02389563 0.07612723 0.003295949 0.07098496 0.001968414 0.02673382 0.02389563 0.001998961 0.0458381 0.02673382 0.04451057 0.07098496 0.02389563 0.07612723 0.003295949 0.07098496 0.001968414 0.02673382 0.02389563 0.001998961 0.0458381 0.02673382 0.04451057 0.07098496 0.02389563 0.07612723 0.003295949 0.07098496 0.001968414 0.02673382 0.02389563 0.001998961 0.0458381 0.02673382 0.04451057 0.07098496 0.02389563 0.07612723 0.003295949 0.07098496 0.001968414 0.02673382 0.02389563 0.001998961 0.0458381 0.02673382 0.04451057 0.07098496 0.02389563 0.07612723 0.003295949 0.07098496 0.001968414 0.02673382 0.02389563 0.001998961 0.0458381 0.02673382 0.04451057 0.07098496 0.02389563 0.07612723 0.003295949 0.07098496 0.001968414 0.02673382 0.02389563 0.001998961 0.0458381 0.02673382 0.04451057 0.07098496 0.02389563 0.07612723 0.003295949 0.07098496 0.001968414 0.02673382 0.02389563 0.001998961 0.0458381 0.02673382 0.04451057 0.07098496 0.02389563 0.07612723 0.003295949 0.07098496 0.001968414 0.02673382 0.02389563 0.001998961 0.0458381 0.02673382 0.04451057 0.07098496 0.02389563 0.07612723 0.003295949 0.07098496 0.001968414 0.02673382 0.02389563 0.001998961 0.0458381 0.02673382 0.04451057 0.07098496 0.02389563 0.07612723 0.003295949 0.07098496 0.001968414 0.02673382 0.02389563 0.001998961 0.0458381 0.02673382 0.04451057 0.07098496 0.02389563 0.07612723 0.003295949 0.07098496 0.001968414 0.02673382 0.02389563 0.001998961 0.0458381 0.02673382 0.04451057 0.07098496 0.02389563 0.07612723 0.003295949 0.07098496 0.001968414 0.02673382 0.02389563 0.001998961 0.0458381 0.02673382 0.04451057 0.07098496 0.02389563 0.07612723 0.003295949 0.07098496 0.001968414 0.02673382 0.02389563 0.001998961 0.0458381 0.02673382 0.04451057 0.07098496 0.02389563 0.07612723 0.003295949 0.07098496 0.001968414 0.02673382 0.02389563 0.001998961 0.0458381 0.02673382 0.04451057 0.07098496 0.02389563 0.07612723 0.003295949 0.07098496 0.001968414 0.02673382 0.02389563 0.001998961 0.0458381 0.02673382 0.04451057 0.07098496 0.02389563 0.07612723 0.003295949 0.07098496 0.001968414 0.02673382 0.02389563 0.001998961 0.0458381 0.02673382 0.04451057 0.07098496 0.02389563 0.07612723 0.003295949 0.07098496 0.001968414 0.02673382 0.02389563 0.001998961 0.0458381 0.02673382 0.04451057 0.07098496 0.02389563 0.07612723 0.003295949 0.07098496 0.001968414 0.02673382 0.02389563 0.001998961 0.0458381 0.02673382 0.04451057 0.07098496 0.02389563 0.07612723 0.003295949 0.07098496 0.001968414 0.02673382 0.02389563 0.001998961 0.0458381 0.02673382 0.04451057 0.07098496 0.02389563 0.07612723 0.003295949 0.07098496 0.001968414 0.02673382 0.02389563 0.001998961 0.0458381 0.02673382 0.04451057 0.07098496 0.02389563 0.07612723 0.003295949 0.07098496 0.001968414 0.02673382 0.02389563 0.001998961 0.0458381 0.02673382 0.04451057 0.07098496 0.02389563 0.07612723 0.003295949 0.07098496 0.001968414 0.02673382 0.02389563 0.001998961 0.0458381 0.02673382 0.04451057 0.07098496 0.02389563 0.07612723 0.003295949 0.07098496 0.001968414 0.02673382 0.02389563 0.001998961 0.0458381 0.02673382 0.04451057 0.07098496 0.02389563 0.07612723 0.003295949 0.07098496 0.001968414 0.02673382 0.02389563 0.001998961 0.0458381 0.02673382 0.04451057 0.07098496 0.02389563 0.07612723 0.003295949 0.07098496 0.001968414 0.02673382 0.02389563 0.001998961 0.0458381 0.02673382 0.04451057 0.07098496 0.02389563 0.07612723 0.003295949 0.07098496 0.001968414 0.02673382 0.02389563 0.001998961 0.0458381 0.02673382 0.04451057 0.07098496 0.02389563 0.07612723 0.003295949 0.07098496 0.001968414 0.02673382 0.02389563 0.001998961 0.0458381 0.02673382 0.04451057 0.07098496 0.02389563 0.07612723 0.003295949 0.07098496 0.001968414 0.02673382 0.02389563 0.001998961 0.0458381 0.02673382 0.04451057 0.07098496 0.02389563 0.07612723 0.003295949 0.07098496 0.001968414 0.02673382 0.02389563 0.001998961 0.0458381 0.02673382 0.04451057 0.07098496 0.02389563 0.07612723 0.003295949 0.07098496 0.001968414 0.02673382 0.02389563 0.001998961 0.0458381 0.02673382 0.04451057 0.07098496 0.02389563 0.07612723 0.003295949 0.07098496 0.001968414 0.02673382 0.02389563 0.001998961 0.0458381 0.02673382 0.04451057 0.07098496 0.02389563 0.07612723 0.003295949 0.07098496 0.001968414 0.02673382 0.02389563 0.001998961 0.0458381 0.02673382 0.04451057 0.07098496 0.02389563 0.07612723 0.003295949 0.07098496 0.001968414 0.02673382 0.02389563 0.001998961 0.0458381 0.02673382 0.04451057 0.07098496 0.02389563 0.07612723 0.003295949 0.07098496 0.001968414 0.02673382 0.02389563 0.001998961 0.0458381 0.02673382 0.04451057 0.07098496 0.02389563 0.07612723 0.003295949 0.07098496 0.001968414 0.02673382 0.02389563 0.001998961 0.0458381 0.02673382 0.04451057 0.07098496 0.02389563 0.07612723 0.003295949 0.07098496 0.001968414 0.02673382 0.02389563 0.001998961 0.0458381 0.02673382 0.04451057 0.07098496 0.02389563 0.07612723 0.003295949 0.07098496 0.001968414 0.02673382 0.02389563 0.001998961 0.0458381 0.02673382 0.04451057 0.07098496 0.02389563 0.07612723 0.003295949 0.07098496 0.001968414 0.02673382 0.02389563 0.001998961 0.0458381 0.02673382 0.04451057 0.07098496 0.02389563 0.07612723 0.003295949 0.07098496 0.001968414 0.02673382 0.02389563 0.001998961 0.0458381 0.02673382 0.04451057 0.07098496 0.02389563 0.07612723 0.003295949 0.07098496 0.001968414 0.02673382 0.02389563 0.001998961 0.0458381 0.02673382 0.04451057 0.07098496 0.02389563 0.07612723 0.003295949 0.07098496 0.001968414 0.02673382 0.02389563 0.001998961 0.0458381 0.02673382 0.04451057 0.07098496 0.02389563 0.07612723 0.003295949 0.07098496 0.001968414 0.02673382 0.02389563 0.001998961 0.0458381 0.02673382 0.04451057 0.07098496 0.02389563 0.07612723 0.003295949 0.07098496 0.001968414 0.02673382 0.02389563 0.001998961 0.0458381 0.02673382 0.04451057 0.07098496 0.02389563 0.07612723 0.003295949 0.07098496 0.001968414 0.02673382 0.02389563 0.001998961 0.0458381 0.02673382 0.04451057 0.07098496 0.02389563 0.07612723 0.003295949 0.07098496 0.001968414 0.02673382 0.02389563 0.001998961 0.0458381 0.02673382 0.04451057 0.07098496</float_array>
          <technique_common>
            <accessor source="#L01_01__mTreeOakLeaf-texcoord-array_1" count="966" stride="2">
              <param name="S" type="float" />
              <param name="T" type="float" />
            </accessor>
          </technique_common>
        </source>
        <vertices id="L01_01__mTreeOakLeaf-vertex">
          <input semantic="POSITION" source="#L01_01__mTreeOakLeaf-position" />
        </vertices>
        <triangles material="mTreeOakLeaf" count="596">
          <input semantic="VERTEX" source="#L01_01__mTreeOakLeaf-vertex" offset="0" />
          <input semantic="NORMAL" source="#L01_01__mTreeOakLeaf-normal" offset="1" />
          <input semantic="COLOR" source="#L01_01__mTreeOakLeaf-color" offset="2" set="0" />
          <input semantic="TEXCOORD" source="#L01_01__mTreeOakLeaf-texcoord" offset="3" set="0" />
          <input semantic="TEXCOORD" source="#L01_01__mTreeOakLeaf-texcoord_1" offset="4" set="1" />
          <p>0 0 0 0 0 1 1 1 1 1 2 2 2 2 2 1 1 1 1 1 3 3 3 3 3 2 2 2 2 2 4 4 4 4 4 5 5 5 5 5 6 6 6 6 6 5 5 5 5 5 7 7 7 7 7 6 6 6 6 6 8 8 8 8 8 9 9 9 9 9 10 10 10 10 10 9 9 9 9 9 11 11 11 11 11 10 10 10 10 10 12 12 12 12 12 13 13 13 13 13 14 14 14 14 14 13 13 13 13 13 15 15 15 15 15 14 14 14 14 14 16 16 16 16 16 17 17 17 17 17 18 18 18 18 18 17 17 17 17 17 19 19 19 19 19 18 18 18 18 18 20 20 20 20 20 21 21 21 21 21 22 22 22 22 22 21 21 21 21 21 23 23 23 23 23 22 22 22 22 22 24 24 24 24 24 25 25 25 25 25 26 26 26 26 26 25 25 25 25 25 27 27 27 27 27 26 26 26 26 26 28 28 28 28 28 29 29 29 29 29 30 30 30 30 30 29 29 29 29 29 31 31 31 31 31 30 30 30 30 30 32 32 32 32 32 33 33 33 33 33 34 34 34 34 34 33 33 33 33 33 35 35 35 35 35 34 34 34 34 34 36 36 36 36 36 37 37 37 37 37 38 38 38 38 38 37 37 37 37 37 39 39 39 39 39 38 38 38 38 38 40 40 40 40 40 41 41 41 41 41 42 42 42 42 42 41 41 41 41 41 43 43 43 43 43 42 42 42 42 42 44 44 44 44 44 45 45 45 45 45 46 46 46 46 46 45 45 45 45 45 47 47 47 47 47 46 46 46 46 46 48 48 48 48 48 49 49 49 49 49 50 50 50 50 50 49 49 49 49 49 51 51 51 51 51 50 50 50 50 50 52 52 52 52 52 53 53 53 53 53 54 54 54 54 54 53 53 53 53 53 55 55 55 55 55 54 54 54 54 54 56 56 56 56 56 57 57 57 57 57 58 58 58 58 58 57 57 57 57 57 59 59 59 59 59 58 58 58 58 58 60 60 60 60 60 61 61 61 61 61 62 62 62 62 62 61 61 61 61 61 63 63 63 63 63 62 62 62 62 62 64 64 64 64 64 65 65 65 65 65 66 66 66 66 66 65 65 65 65 65 67 67 67 67 67 66 66 66 66 66 68 68 68 68 68 69 69 69 69 69 70 70 70 70 70 69 69 69 69 69 71 71 71 71 71 70 70 70 70 70 72 72 72 72 72 73 73 73 73 73 74 74 74 74 74 73 73 73 73 73 75 75 75 75 75 74 74 74 74 74 76 76 76 76 76 77 77 77 77 77 78 78 78 78 78 77 77 77 77 77 79 79 79 79 79 78 78 78 78 78 80 80 80 80 80 81 81 81 81 81 82 82 82 82 82 81 81 81 81 81 83 83 83 83 83 82 82 82 82 82 84 84 84 84 84 85 85 85 85 85 86 86 86 86 86 85 85 85 85 85 87 87 87 87 87 86 86 86 86 86 88 88 88 88 88 89 89 89 89 89 90 90 90 90 90 89 89 89 89 89 91 91 91 91 91 90 90 90 90 90 92 92 92 92 92 93 93 93 93 93 94 94 94 94 94 93 93 93 93 93 95 95 95 95 95 94 94 94 94 94 96 96 96 96 96 97 97 97 97 97 98 98 98 98 98 97 97 97 97 97 99 99 99 99 99 98 98 98 98 98 100 100 100 100 100 101 101 101 101 101 102 102 102 102 102 101 101 101 101 101 103 103 103 103 103 102 102 102 102 102 104 104 104 104 104 105 105 105 105 105 106 106 106 106 106 105 105 105 105 105 107 107 107 107 107 106 106 106 106 106 108 108 108 108 108 109 109 109 109 109 110 110 110 110 110 109 109 109 109 109 111 111 111 111 111 110 110 110 110 110 112 112 112 112 112 113 113 113 113 113 114 114 114 114 114 113 113 113 113 113 115 115 115 115 115 114 114 114 114 114 116 116 116 116 116 117 117 117 117 117 118 118 118 118 118 117 117 117 117 117 119 119 119 119 119 118 118 118 118 118 120 120 120 120 120 121 121 121 121 121 122 122 122 122 122 121 121 121 121 121 123 123 123 123 123 122 122 122 122 122 124 124 124 124 124 125 125 125 125 125 126 126 126 126 126 125 125 125 125 125 127 127 127 127 127 126 126 126 126 126 128 128 128 128 128 129 129 129 129 129 130 130 130 130 130 129 129 129 129 129 131 131 131 131 131 130 130 130 130 130 132 132 132 132 132 133 133 133 133 133 134 134 134 134 134 133 133 133 133 133 135 135 135 135 135 134 134 134 134 134 136 136 136 136 136 137 137 137 137 137 138 138 138 138 138 137 137 137 137 137 139 139 139 139 139 138 138 138 138 138 140 140 140 140 140 141 141 141 141 141 142 142 142 142 142 141 141 141 141 141 143 143 143 143 143 142 142 142 142 142 144 144 144 144 144 145 145 145 145 145 146 146 146 146 146 145 145 145 145 145 147 147 147 147 147 146 146 146 146 146 148 148 148 148 148 149 149 149 149 149 150 150 150 150 150 149 149 149 149 149 151 151 151 151 151 150 150 150 150 150 152 152 152 152 152 153 153 153 153 153 154 154 154 154 154 153 153 153 153 153 155 155 155 155 155 154 154 154 154 154 156 156 156 156 156 157 157 157 157 157 158 158 158 158 158 157 157 157 157 157 159 159 159 159 159 158 158 158 158 158 160 160 160 160 160 161 161 161 161 161 162 162 162 162 162 161 161 161 161 161 163 163 163 163 163 162 162 162 162 162 164 164 164 164 164 165 165 165 165 165 166 166 166 166 166 165 165 165 165 165 167 167 167 167 167 166 166 166 166 166 168 168 168 168 168 169 169 169 169 169 170 170 170 170 170 169 169 169 169 169 171 171 171 171 171 170 170 170 170 170 172 172 172 172 172 173 173 173 173 173 174 174 174 174 174 173 173 173 173 173 175 175 175 175 175 174 174 174 174 174 176 176 176 176 176 177 177 177 177 177 178 178 178 178 178 177 177 177 177 177 179 179 179 179 179 178 178 178 178 178 180 180 180 180 180 181 181 181 181 181 182 182 182 182 182 181 181 181 181 181 183 183 183 183 183 182 182 182 182 182 184 184 184 184 184 185 185 185 185 185 186 186 186 186 186 185 185 185 185 185 187 187 187 187 187 186 186 186 186 186 188 188 188 188 188 189 189 189 189 189 190 190 190 190 190 189 189 189 189 189 191 191 191 191 191 190 190 190 190 190 192 192 192 192 192 193 193 193 193 193 194 194 194 194 194 193 193 193 193 193 195 195 195 195 195 194 194 194 194 194 196 196 196 196 196 197 197 197 197 197 198 198 198 198 198 197 197 197 197 197 199 199 199 199 199 198 198 198 198 198 200 200 200 200 200 201 201 201 201 201 202 202 202 202 202 201 201 201 201 201 203 203 203 203 203 202 202 202 202 202 204 204 204 204 204 205 205 205 205 205 206 206 206 206 206 205 205 205 205 205 207 207 207 207 207 206 206 206 206 206 208 208 208 208 208 209 209 209 209 209 210 210 210 210 210 209 209 209 209 209 211 211 211 211 211 210 210 210 210 210 212 212 212 212 212 213 213 213 213 213 214 214 214 214 214 213 213 213 213 213 215 215 215 215 215 214 214 214 214 214 216 216 216 216 216 217 217 217 217 217 218 218 218 218 218 217 217 217 217 217 219 219 219 219 219 218 218 218 218 218 220 220 220 220 220 221 221 221 221 221 222 222 222 222 222 221 221 221 221 221 223 223 223 223 223 222 222 222 222 222 224 224 224 224 224 225 225 225 225 225 226 226 226 226 226 225 225 225 225 225 227 227 227 227 227 226 226 226 226 226 228 228 228 228 228 229 229 229 229 229 230 230 230 230 230 229 229 229 229 229 231 231 231 231 231 230 230 230 230 230 232 232 232 232 232 233 233 233 233 233 234 234 234 234 234 233 233 233 233 233 235 235 235 235 235 234 234 234 234 234 236 236 236 236 236 237 237 237 237 237 238 238 238 238 238 237 237 237 237 237 239 239 239 239 239 238 238 238 238 238 240 240 240 240 240 241 241 241 241 241 242 242 242 242 242 241 241 241 241 241 243 243 243 243 243 242 242 242 242 242 244 244 244 244 244 245 245 245 245 245 246 246 246 246 246 245 245 245 245 245 247 247 247 247 247 246 246 246 246 246 248 248 248 248 248 249 249 249 249 249 250 250 250 250 250 249 249 249 249 249 251 251 251 251 251 250 250 250 250 250 252 252 252 252 252 253 253 253 253 253 254 254 254 254 254 253 253 253 253 253 255 255 255 255 255 254 254 254 254 254 256 256 256 256 256 257 257 257 257 257 258 258 258 258 258 257 257 257 257 257 259 259 259 259 259 258 258 258 258 258 260 260 260 260 260 261 261 261 261 261 262 262 262 262 262 261 261 261 261 261 263 263 263 263 263 262 262 262 262 262 264 264 264 264 264 265 265 265 265 265 266 266 266 266 266 265 265 265 265 265 267 267 267 267 267 266 266 266 266 266 268 268 268 268 268 269 269 269 269 269 270 270 270 270 270 269 269 269 269 269 271 271 271 271 271 270 270 270 270 270 272 272 272 272 272 273 273 273 273 273 274 274 274 274 274 273 273 273 273 273 275 275 275 275 275 274 274 274 274 274 276 276 276 276 276 277 277 277 277 277 278 278 278 278 278 277 277 277 277 277 279 279 279 279 279 278 278 278 278 278 280 280 280 280 280 281 281 281 281 281 282 282 282 282 282 281 281 281 281 281 283 283 283 283 283 282 282 282 282 282 284 284 284 284 284 285 285 285 285 285 286 286 286 286 286 285 285 285 285 285 287 287 287 287 287 286 286 286 286 286 288 288 288 288 288 289 289 289 289 289 290 290 290 290 290 291 291 291 291 291 288 288 288 288 288 290 290 290 290 290 288 288 288 288 288 291 291 291 291 291 292 292 292 292 292 293 293 293 293 293 288 288 288 288 288 292 292 292 292 292 294 294 294 294 294 295 295 295 295 295 296 296 296 296 296 297 297 297 297 297 294 294 294 294 294 296 296 296 296 296 294 294 294 294 294 297 297 297 297 297 298 298 298 298 298 299 299 299 299 299 294 294 294 294 294 298 298 298 298 298 300 300 300 300 300 301 301 301 301 301 302 302 302 302 302 303 303 303 303 303 300 300 300 300 300 302 302 302 302 302 300 300 300 300 300 303 303 303 303 303 304 304 304 304 304 305 305 305 305 305 300 300 300 300 300 304 304 304 304 304 306 306 306 306 306 307 307 307 307 307 308 308 308 308 308 309 309 309 309 309 306 306 306 306 306 308 308 308 308 308 306 306 306 306 306 309 309 309 309 309 310 310 310 310 310 311 311 311 311 311 306 306 306 306 306 310 310 310 310 310 312 312 312 312 312 313 313 313 313 313 314 314 314 314 314 315 315 315 315 315 312 312 312 312 312 314 314 314 314 314 312 312 312 312 312 315 315 315 315 315 316 316 316 316 316 317 317 317 317 317 312 312 312 312 312 316 316 316 316 316 318 318 318 318 318 319 319 319 319 319 320 320 320 320 320 321 321 321 321 321 318 318 318 318 318 320 320 320 320 320 318 318 318 318 318 321 321 321 321 321 322 322 322 322 322 323 323 323 323 323 318 318 318 318 318 322 322 322 322 322 324 324 324 324 324 325 325 325 325 325 326 326 326 326 326 327 327 327 327 327 324 324 324 324 324 326 326 326 326 326 324 324 324 324 324 327 327 327 327 327 328 328 328 328 328 329 329 329 329 329 324 324 324 324 324 328 328 328 328 328 330 330 330 330 330 331 331 331 331 331 332 332 332 332 332 333 333 333 333 333 330 330 330 330 330 332 332 332 332 332 330 330 330 330 330 333 333 333 333 333 334 334 334 334 334 335 335 335 335 335 330 330 330 330 330 334 334 334 334 334 336 336 336 336 336 337 337 337 337 337 338 338 338 338 338 339 339 339 339 339 336 336 336 336 336 338 338 338 338 338 336 336 336 336 336 339 339 339 339 339 340 340 340 340 340 341 341 341 341 341 336 336 336 336 336 340 340 340 340 340 342 342 342 342 342 343 343 343 343 343 344 344 344 344 344 345 345 345 345 345 342 342 342 342 342 344 344 344 344 344 342 342 342 342 342 345 345 345 345 345 346 346 346 346 346 347 347 347 347 347 342 342 342 342 342 346 346 346 346 346 348 348 348 348 348 349 349 349 349 349 350 350 350 350 350 351 351 351 351 351 348 348 348 348 348 350 350 350 350 350 348 348 348 348 348 351 351 351 351 351 352 352 352 352 352 353 353 353 353 353 348 348 348 348 348 352 352 352 352 352 354 354 354 354 354 355 355 355 355 355 356 356 356 356 356 357 357 357 357 357 354 354 354 354 354 356 356 356 356 356 354 354 354 354 354 357 357 357 357 357 358 358 358 358 358 359 359 359 359 359 354 354 354 354 354 358 358 358 358 358 360 360 360 360 360 361 361 361 361 361 362 362 362 362 362 363 363 363 363 363 360 360 360 360 360 362 362 362 362 362 360 360 360 360 360 363 363 363 363 363 364 364 364 364 364 365 365 365 365 365 360 360 360 360 360 364 364 364 364 364 366 366 366 366 366 367 367 367 367 367 368 368 368 368 368 369 369 369 369 369 366 366 366 366 366 368 368 368 368 368 366 366 366 366 366 369 369 369 369 369 370 370 370 370 370 371 371 371 371 371 366 366 366 366 366 370 370 370 370 370 372 372 372 372 372 373 373 373 373 373 374 374 374 374 374 375 375 375 375 375 372 372 372 372 372 374 374 374 374 374 372 372 372 372 372 375 375 375 375 375 376 376 376 376 376 377 377 377 377 377 372 372 372 372 372 376 376 376 376 376 378 378 378 378 378 379 379 379 379 379 380 380 380 380 380 381 381 381 381 381 378 378 378 378 378 380 380 380 380 380 378 378 378 378 378 381 381 381 381 381 382 382 382 382 382 383 383 383 383 383 378 378 378 378 378 382 382 382 382 382 384 384 384 384 384 385 385 385 385 385 386 386 386 386 386 387 387 387 387 387 384 384 384 384 384 386 386 386 386 386 384 384 384 384 384 387 387 387 387 387 388 388 388 388 388 389 389 389 389 389 384 384 384 384 384 388 388 388 388 388 390 390 390 390 390 391 391 391 391 391 392 392 392 392 392 393 393 393 393 393 390 390 390 390 390 392 392 392 392 392 390 390 390 390 390 393 393 393 393 393 394 394 394 394 394 395 395 395 395 395 390 390 390 390 390 394 394 394 394 394 396 396 396 396 396 397 397 397 397 397 398 398 398 398 398 399 399 399 399 399 396 396 396 396 396 398 398 398 398 398 396 396 396 396 396 399 399 399 399 399 400 400 400 400 400 401 401 401 401 401 396 396 396 396 396 400 400 400 400 400 402 402 402 402 402 403 403 403 403 403 404 404 404 404 404 405 405 405 405 405 402 402 402 402 402 404 404 404 404 404 402 402 402 402 402 405 405 405 405 405 406 406 406 406 406 407 407 407 407 407 402 402 402 402 402 406 406 406 406 406 408 408 408 408 408 409 409 409 409 409 410 410 410 410 410 411 411 411 411 411 408 408 408 408 408 410 410 410 410 410 408 408 408 408 408 411 411 411 411 411 412 412 412 412 412 413 413 413 413 413 408 408 408 408 408 412 412 412 412 412 414 414 414 414 414 415 415 415 415 415 416 416 416 416 416 417 417 417 417 417 414 414 414 414 414 416 416 416 416 416 414 414 414 414 414 417 417 417 417 417 418 418 418 418 418 419 419 419 419 419 414 414 414 414 414 418 418 418 418 418 420 420 420 420 420 421 421 421 421 421 422 422 422 422 422 423 423 423 423 423 420 420 420 420 420 422 422 422 422 422 420 420 420 420 420 423 423 423 423 423 424 424 424 424 424 425 425 425 425 425 420 420 420 420 420 424 424 424 424 424 426 426 426 426 426 427 427 427 427 427 428 428 428 428 428 429 429 429 429 429 426 426 426 426 426 428 428 428 428 428 426 426 426 426 426 429 429 429 429 429 430 430 430 430 430 431 431 431 431 431 426 426 426 426 426 430 430 430 430 430 432 432 432 432 432 433 433 433 433 433 434 434 434 434 434 435 435 435 435 435 432 432 432 432 432 434 434 434 434 434 432 432 432 432 432 435 435 435 435 435 436 436 436 436 436 437 437 437 437 437 432 432 432 432 432 436 436 436 436 436 438 438 438 438 438 439 439 439 439 439 440 440 440 440 440 441 441 441 441 441 438 438 438 438 438 440 440 440 440 440 438 438 438 438 438 441 441 441 441 441 442 442 442 442 442 443 443 443 443 443 438 438 438 438 438 442 442 442 442 442 444 444 444 444 444 445 445 445 445 445 446 446 446 446 446 447 447 447 447 447 444 444 444 444 444 446 446 446 446 446 444 444 444 444 444 447 447 447 447 447 448 448 448 448 448 449 449 449 449 449 444 444 444 444 444 448 448 448 448 448 450 450 450 450 450 451 451 451 451 451 452 452 452 452 452 453 453 453 453 453 450 450 450 450 450 452 452 452 452 452 450 450 450 450 450 453 453 453 453 453 454 454 454 454 454 455 455 455 455 455 450 450 450 450 450 454 454 454 454 454 456 456 456 456 456 457 457 457 457 457 458 458 458 458 458 459 459 459 459 459 456 456 456 456 456 458 458 458 458 458 456 456 456 456 456 459 459 459 459 459 460 460 460 460 460 461 461 461 461 461 456 456 456 456 456 460 460 460 460 460 462 462 462 462 462 463 463 463 463 463 464 464 464 464 464 465 465 465 465 465 462 462 462 462 462 464 464 464 464 464 462 462 462 462 462 465 465 465 465 465 466 466 466 466 466 467 467 467 467 467 462 462 462 462 462 466 466 466 466 466 468 468 468 468 468 469 469 469 469 469 470 470 470 470 470 471 471 471 471 471 468 468 468 468 468 470 470 470 470 470 468 468 468 468 468 471 471 471 471 471 472 472 472 472 472 473 473 473 473 473 468 468 468 468 468 472 472 472 472 472 474 474 474 474 474 475 475 475 475 475 476 476 476 476 476 477 477 477 477 477 474 474 474 474 474 476 476 476 476 476 474 474 474 474 474 477 477 477 477 477 478 478 478 478 478 479 479 479 479 479 474 474 474 474 474 478 478 478 478 478 480 480 480 480 480 481 481 481 481 481 482 482 482 482 482 483 483 483 483 483 480 480 480 480 480 482 482 482 482 482 480 480 480 480 480 483 483 483 483 483 484 484 484 484 484 485 485 485 485 485 480 480 480 480 480 484 484 484 484 484 486 486 486 486 486 487 487 487 487 487 488 488 488 488 488 489 489 489 489 489 486 486 486 486 486 488 488 488 488 488 486 486 486 486 486 489 489 489 489 489 490 490 490 490 490 491 491 491 491 491 486 486 486 486 486 490 490 490 490 490 492 492 492 492 492 493 493 493 493 493 494 494 494 494 494 495 495 495 495 495 492 492 492 492 492 494 494 494 494 494 492 492 492 492 492 495 495 495 495 495 496 496 496 496 496 497 497 497 497 497 492 492 492 492 492 496 496 496 496 496 498 498 498 498 498 499 499 499 499 499 500 500 500 500 500 501 501 501 501 501 498 498 498 498 498 500 500 500 500 500 498 498 498 498 498 501 501 501 501 501 502 502 502 502 502 503 503 503 503 503 498 498 498 498 498 502 502 502 502 502 504 504 504 504 504 505 505 505 505 505 506 506 506 506 506 507 507 507 507 507 504 504 504 504 504 506 506 506 506 506 504 504 504 504 504 507 507 507 507 507 508 508 508 508 508 509 509 509 509 509 504 504 504 504 504 508 508 508 508 508 510 510 510 510 510 511 511 511 511 511 512 512 512 512 512 513 513 513 513 513 510 510 510 510 510 512 512 512 512 512 510 510 510 510 510 513 513 513 513 513 514 514 514 514 514 515 515 515 515 515 510 510 510 510 510 514 514 514 514 514 516 516 516 516 516 517 517 517 517 517 518 518 518 518 518 519 519 519 519 519 516 516 516 516 516 518 518 518 518 518 516 516 516 516 516 519 519 519 519 519 520 520 520 520 520 521 521 521 521 521 516 516 516 516 516 520 520 520 520 520 522 522 522 522 522 523 523 523 523 523 524 524 524 524 524 525 525 525 525 525 522 522 522 522 522 524 524 524 524 524 522 522 522 522 522 525 525 525 525 525 526 526 526 526 526 527 527 527 527 527 522 522 522 522 522 526 526 526 526 526 528 528 528 528 528 529 529 529 529 529 530 530 530 530 530 531 531 531 531 531 528 528 528 528 528 530 530 530 530 530 528 528 528 528 528 531 531 531 531 531 532 532 532 532 532 533 533 533 533 533 528 528 528 528 528 532 532 532 532 532 534 534 534 534 534 535 535 535 535 535 536 536 536 536 536 537 537 537 537 537 534 534 534 534 534 536 536 536 536 536 534 534 534 534 534 537 537 537 537 537 538 538 538 538 538 539 539 539 539 539 534 534 534 534 534 538 538 538 538 538 540 540 540 540 540 541 541 541 541 541 542 542 542 542 542 543 543 543 543 543 540 540 540 540 540 542 542 542 542 542 540 540 540 540 540 543 543 543 543 543 544 544 544 544 544 545 545 545 545 545 540 540 540 540 540 544 544 544 544 544 546 546 546 546 546 547 547 547 547 547 548 548 548 548 548 549 549 549 549 549 546 546 546 546 546 548 548 548 548 548 546 546 546 546 546 549 549 549 549 549 550 550 550 550 550 551 551 551 551 551 546 546 546 546 546 550 550 550 550 550 552 552 552 552 552 553 553 553 553 553 554 554 554 554 554 555 555 555 555 555 552 552 552 552 552 554 554 554 554 554 552 552 552 552 552 555 555 555 555 555 556 556 556 556 556 557 557 557 557 557 552 552 552 552 552 556 556 556 556 556 558 558 558 558 558 559 559 559 559 559 560 560 560 560 560 561 561 561 561 561 558 558 558 558 558 560 560 560 560 560 558 558 558 558 558 561 561 561 561 561 562 562 562 562 562 563 563 563 563 563 558 558 558 558 558 562 562 562 562 562 564 564 564 564 564 565 565 565 565 565 566 566 566 566 566 567 567 567 567 567 564 564 564 564 564 566 566 566 566 566 564 564 564 564 564 567 567 567 567 567 568 568 568 568 568 569 569 569 569 569 564 564 564 564 564 568 568 568 568 568 570 570 570 570 570 571 571 571 571 571 572 572 572 572 572 573 573 573 573 573 570 570 570 570 570 572 572 572 572 572 570 570 570 570 570 573 573 573 573 573 574 574 574 574 574 575 575 575 575 575 570 570 570 570 570 574 574 574 574 574 576 576 576 576 576 577 577 577 577 577 578 578 578 578 578 579 579 579 579 579 576 576 576 576 576 578 578 578 578 578 576 576 576 576 576 579 579 579 579 579 580 580 580 580 580 581 581 581 581 581 576 576 576 576 576 580 580 580 580 580 582 582 582 582 582 583 583 583 583 583 584 584 584 584 584 585 585 585 585 585 582 582 582 582 582 584 584 584 584 584 582 582 582 582 582 585 585 585 585 585 586 586 586 586 586 587 587 587 587 587 582 582 582 582 582 586 586 586 586 586 588 588 588 588 588 589 589 589 589 589 590 590 590 590 590 591 591 591 591 591 588 588 588 588 588 590 590 590 590 590 588 588 588 588 588 591 591 591 591 591 592 592 592 592 592 593 593 593 593 593 588 588 588 588 588 592 592 592 592 592 594 594 594 594 594 595 595 595 595 595 596 596 596 596 596 597 597 597 597 597 594 594 594 594 594 596 596 596 596 596 594 594 594 594 594 597 597 597 597 597 598 598 598 598 598 599 599 599 599 599 594 594 594 594 594 598 598 598 598 598 600 600 600 600 600 601 601 601 601 601 602 602 602 602 602 603 603 603 603 603 600 600 600 600 600 602 602 602 602 602 600 600 600 600 600 603 603 603 603 603 604 604 604 604 604 605 605 605 605 605 600 600 600 600 600 604 604 604 604 604 606 606 606 606 606 607 607 607 607 607 608 608 608 608 608 609 609 609 609 609 606 606 606 606 606 608 608 608 608 608 606 606 606 606 606 609 609 609 609 609 610 610 610 610 610 611 611 611 611 611 606 606 606 606 606 610 610 610 610 610 612 612 612 612 612 613 613 613 613 613 614 614 614 614 614 615 615 615 615 615 612 612 612 612 612 614 614 614 614 614 612 612 612 612 612 615 615 615 615 615 616 616 616 616 616 617 617 617 617 617 612 612 612 612 612 616 616 616 616 616 618 618 618 618 618 619 619 619 619 619 620 620 620 620 620 621 621 621 621 621 618 618 618 618 618 620 620 620 620 620 618 618 618 618 618 621 621 621 621 621 622 622 622 622 622 623 623 623 623 623 618 618 618 618 618 622 622 622 622 622 624 624 624 624 624 625 625 625 625 625 626 626 626 626 626 627 627 627 627 627 624 624 624 624 624 626 626 626 626 626 624 624 624 624 624 627 627 627 627 627 628 628 628 628 628 629 629 629 629 629 624 624 624 624 624 628 628 628 628 628 630 630 630 630 630 631 631 631 631 631 632 632 632 632 632 633 633 633 633 633 630 630 630 630 630 632 632 632 632 632 630 630 630 630 630 633 633 633 633 633 634 634 634 634 634 635 635 635 635 635 630 630 630 630 630 634 634 634 634 634 636 636 636 636 636 637 637 637 637 637 638 638 638 638 638 639 639 639 639 639 636 636 636 636 636 638 638 638 638 638 636 636 636 636 636 639 639 639 639 639 640 640 640 640 640 641 641 641 641 641 636 636 636 636 636 640 640 640 640 640 642 642 642 642 642 643 643 643 643 643 644 644 644 644 644 645 645 645 645 645 642 642 642 642 642 644 644 644 644 644 642 642 642 642 642 645 645 645 645 645 646 646 646 646 646 647 647 647 647 647 642 642 642 642 642 646 646 646 646 646 648 648 648 648 648 649 649 649 649 649 650 650 650 650 650 651 651 651 651 651 648 648 648 648 648 650 650 650 650 650 648 648 648 648 648 651 651 651 651 651 652 652 652 652 652 653 653 653 653 653 648 648 648 648 648 652 652 652 652 652 654 654 654 654 654 655 655 655 655 655 656 656 656 656 656 657 657 657 657 657 654 654 654 654 654 656 656 656 656 656 654 654 654 654 654 657 657 657 657 657 658 658 658 658 658 659 659 659 659 659 654 654 654 654 654 658 658 658 658 658 660 660 660 660 660 661 661 661 661 661 662 662 662 662 662 663 663 663 663 663 660 660 660 660 660 662 662 662 662 662 660 660 660 660 660 663 663 663 663 663 664 664 664 664 664 665 665 665 665 665 660 660 660 660 660 664 664 664 664 664 666 666 666 666 666 667 667 667 667 667 668 668 668 668 668 669 669 669 669 669 666 666 666 666 666 668 668 668 668 668 666 666 666 666 666 669 669 669 669 669 670 670 670 670 670 671 671 671 671 671 666 666 666 666 666 670 670 670 670 670 672 672 672 672 672 673 673 673 673 673 674 674 674 674 674 675 675 675 675 675 672 672 672 672 672 674 674 674 674 674 672 672 672 672 672 675 675 675 675 675 676 676 676 676 676 677 677 677 677 677 672 672 672 672 672 676 676 676 676 676 678 678 678 678 678 679 679 679 679 679 680 680 680 680 680 681 681 681 681 681 678 678 678 678 678 680 680 680 680 680 678 678 678 678 678 681 681 681 681 681 682 682 682 682 682 683 683 683 683 683 678 678 678 678 678 682 682 682 682 682 684 684 684 684 684 685 685 685 685 685 686 686 686 686 686 687 687 687 687 687 684 684 684 684 684 686 686 686 686 686 684 684 684 684 684 687 687 687 687 687 688 688 688 688 688 689 689 689 689 689 684 684 684 684 684 688 688 688 688 688 690 690 690 690 690 691 691 691 691 691 692 692 692 692 692 693 693 693 693 693 690 690 690 690 690 692 692 692 692 692 690 690 690 690 690 693 693 693 693 693 694 694 694 694 694 695 695 695 695 695 690 690 690 690 690 694 694 694 694 694 696 696 696 696 696 697 697 697 697 697 698 698 698 698 698 699 699 699 699 699 696 696 696 696 696 698 698 698 698 698 696 696 696 696 696 699 699 699 699 699 700 700 700 700 700 701 701 701 701 701 696 696 696 696 696 700 700 700 700 700 702 702 702 702 702 703 703 703 703 703 704 704 704 704 704 705 705 705 705 705 702 702 702 702 702 704 704 704 704 704 702 702 702 702 702 705 705 705 705 705 706 706 706 706 706 707 707 707 707 707 702 702 702 702 702 706 706 706 706 706 708 708 708 708 708 709 709 709 709 709 710 710 710 710 710 711 711 711 711 711 708 708 708 708 708 710 710 710 710 710 708 708 708 708 708 711 711 711 711 711 712 712 712 712 712 713 713 713 713 713 708 708 708 708 708 712 712 712 712 712 714 714 714 714 714 715 715 715 715 715 716 716 716 716 716 717 717 717 717 717 714 714 714 714 714 716 716 716 716 716 714 714 714 714 714 717 717 717 717 717 718 718 718 718 718 719 719 719 719 719 714 714 714 714 714 718 718 718 718 718 720 720 720 720 720 721 721 721 721 721 722 722 722 722 722 723 723 723 723 723 720 720 720 720 720 722 722 722 722 722 720 720 720 720 720 723 723 723 723 723 724 724 724 724 724 725 725 725 725 725 720 720 720 720 720 724 724 724 724 724 726 726 726 726 726 727 727 727 727 727 728 728 728 728 728 729 729 729 729 729 726 726 726 726 726 728 728 728 728 728 726 726 726 726 726 729 729 729 729 729 730 730 730 730 730 731 731 731 731 731 726 726 726 726 726 730 730 730 730 730 732 732 732 732 732 733 733 733 733 733 734 734 734 734 734 735 735 735 735 735 732 732 732 732 732 734 734 734 734 734 732 732 732 732 732 735 735 735 735 735 736 736 736 736 736 737 737 737 737 737 732 732 732 732 732 736 736 736 736 736 738 738 738 738 738 739 739 739 739 739 740 740 740 740 740 741 741 741 741 741 738 738 738 738 738 740 740 740 740 740 738 738 738 738 738 741 741 741 741 741 742 742 742 742 742 743 743 743 743 743 738 738 738 738 738 742 742 742 742 742 744 744 744 744 744 745 745 745 745 745 746 746 746 746 746 747 747 747 747 747 744 744 744 744 744 746 746 746 746 746 744 744 744 744 744 747 747 747 747 747 748 748 748 748 748 749 749 749 749 749 744 744 744 744 744 748 748 748 748 748 750 750 750 750 750 751 751 751 751 751 752 752 752 752 752 753 753 753 753 753 750 750 750 750 750 752 752 752 752 752 750 750 750 750 750 753 753 753 753 753 754 754 754 754 754 755 755 755 755 755 750 750 750 750 750 754 754 754 754 754 756 756 756 756 756 757 757 757 757 757 758 758 758 758 758 759 759 759 759 759 756 756 756 756 756 758 758 758 758 758 756 756 756 756 756 759 759 759 759 759 760 760 760 760 760 761 761 761 761 761 756 756 756 756 756 760 760 760 760 760 762 762 762 762 762 763 763 763 763 763 764 764 764 764 764 765 765 765 765 765 762 762 762 762 762 764 764 764 764 764 762 762 762 762 762 765 765 765 765 765 766 766 766 766 766 767 767 767 767 767 762 762 762 762 762 766 766 766 766 766 768 768 768 768 768 769 769 769 769 769 770 770 770 770 770 771 771 771 771 771 768 768 768 768 768 770 770 770 770 770 768 768 768 768 768 771 771 771 771 771 772 772 772 772 772 773 773 773 773 773 768 768 768 768 768 772 772 772 772 772 774 774 774 774 774 775 775 775 775 775 776 776 776 776 776 777 777 777 777 777 774 774 774 774 774 776 776 776 776 776 774 774 774 774 774 777 777 777 777 777 778 778 778 778 778 779 779 779 779 779 774 774 774 774 774 778 778 778 778 778 780 780 780 780 780 781 781 781 781 781 782 782 782 782 782 783 783 783 783 783 780 780 780 780 780 782 782 782 782 782 780 780 780 780 780 783 783 783 783 783 784 784 784 784 784 785 785 785 785 785 780 780 780 780 780 784 784 784 784 784 786 786 786 786 786 787 787 787 787 787 788 788 788 788 788 789 789 789 789 789 786 786 786 786 786 788 788 788 788 788 786 786 786 786 786 789 789 789 789 789 790 790 790 790 790 791 791 791 791 791 786 786 786 786 786 790 790 790 790 790 792 792 792 792 792 793 793 793 793 793 794 794 794 794 794 795 795 795 795 795 792 792 792 792 792 794 794 794 794 794 792 792 792 792 792 795 795 795 795 795 796 796 796 796 796 797 797 797 797 797 792 792 792 792 792 796 796 796 796 796 798 798 798 798 798 799 799 799 799 799 800 800 800 800 800 801 801 801 801 801 798 798 798 798 798 800 800 800 800 800 798 798 798 798 798 801 801 801 801 801 802 802 802 802 802 803 803 803 803 803 798 798 798 798 798 802 802 802 802 802 804 804 804 804 804 805 805 805 805 805 806 806 806 806 806 807 807 807 807 807 804 804 804 804 804 806 806 806 806 806 804 804 804 804 804 807 807 807 807 807 808 808 808 808 808 809 809 809 809 809 804 804 804 804 804 808 808 808 808 808 810 810 810 810 810 811 811 811 811 811 812 812 812 812 812 813 813 813 813 813 810 810 810 810 810 812 812 812 812 812 810 810 810 810 810 813 813 813 813 813 814 814 814 814 814 815 815 815 815 815 810 810 810 810 810 814 814 814 814 814 816 816 816 816 816 817 817 817 817 817 818 818 818 818 818 819 819 819 819 819 816 816 816 816 816 818 818 818 818 818 816 816 816 816 816 819 819 819 819 819 820 820 820 820 820 821 821 821 821 821 816 816 816 816 816 820 820 820 820 820 822 822 822 822 822 823 823 823 823 823 824 824 824 824 824 825 825 825 825 825 822 822 822 822 822 824 824 824 824 824 822 822 822 822 822 825 825 825 825 825 826 826 826 826 826 827 827 827 827 827 822 822 822 822 822 826 826 826 826 826 828 828 828 828 828 829 829 829 829 829 830 830 830 830 830 831 831 831 831 831 828 828 828 828 828 830 830 830 830 830 828 828 828 828 828 831 831 831 831 831 832 832 832 832 832 833 833 833 833 833 828 828 828 828 828 832 832 832 832 832 834 834 834 834 834 835 835 835 835 835 836 836 836 836 836 837 837 837 837 837 834 834 834 834 834 836 836 836 836 836 834 834 834 834 834 837 837 837 837 837 838 838 838 838 838 839 839 839 839 839 834 834 834 834 834 838 838 838 838 838 840 840 840 840 840 841 841 841 841 841 842 842 842 842 842 843 843 843 843 843 840 840 840 840 840 842 842 842 842 842 840 840 840 840 840 843 843 843 843 843 844 844 844 844 844 845 845 845 845 845 840 840 840 840 840 844 844 844 844 844 846 846 846 846 846 847 847 847 847 847 848 848 848 848 848 849 849 849 849 849 846 846 846 846 846 848 848 848 848 848 846 846 846 846 846 849 849 849 849 849 850 850 850 850 850 851 851 851 851 851 846 846 846 846 846 850 850 850 850 850 852 852 852 852 852 853 853 853 853 853 854 854 854 854 854 855 855 855 855 855 852 852 852 852 852 854 854 854 854 854 852 852 852 852 852 855 855 855 855 855 856 856 856 856 856 857 857 857 857 857 852 852 852 852 852 856 856 856 856 856 858 858 858 858 858 859 859 859 859 859 860 860 860 860 860 861 861 861 861 861 858 858 858 858 858 860 860 860 860 860 858 858 858 858 858 861 861 861 861 861 862 862 862 862 862 863 863 863 863 863 858 858 858 858 858 862 862 862 862 862 864 864 864 864 864 865 865 865 865 865 866 866 866 866 866 867 867 867 867 867 864 864 864 864 864 866 866 866 866 866 864 864 864 864 864 867 867 867 867 867 868 868 868 868 868 869 869 869 869 869 864 864 864 864 864 868 868 868 868 868 870 870 870 870 870 871 871 871 871 871 872 872 872 872 872 873 873 873 873 873 870 870 870 870 870 872 872 872 872 872 870 870 870 870 870 873 873 873 873 873 874 874 874 874 874 875 875 875 875 875 870 870 870 870 870 874 874 874 874 874 876 876 876 876 876 877 877 877 877 877 878 878 878 878 878 879 879 879 879 879 876 876 876 876 876 878 878 878 878 878 876 876 876 876 876 879 879 879 879 879 880 880 880 880 880 881 881 881 881 881 876 876 876 876 876 880 880 880 880 880 882 882 882 882 882 883 883 883 883 883 884 884 884 884 884 885 885 885 885 885 882 882 882 882 882 884 884 884 884 884 882 882 882 882 882 885 885 885 885 885 886 886 886 886 886 887 887 887 887 887 882 882 882 882 882 886 886 886 886 886 888 888 888 888 888 889 889 889 889 889 890 890 890 890 890 891 891 891 891 891 888 888 888 888 888 890 890 890 890 890 888 888 888 888 888 891 891 891 891 891 892 892 892 892 892 893 893 893 893 893 888 888 888 888 888 892 892 892 892 892 894 894 894 894 894 895 895 895 895 895 896 896 896 896 896 897 897 897 897 897 894 894 894 894 894 896 896 896 896 896 894 894 894 894 894 897 897 897 897 897 898 898 898 898 898 899 899 899 899 899 894 894 894 894 894 898 898 898 898 898 900 900 900 900 900 901 901 901 901 901 902 902 902 902 902 903 903 903 903 903 900 900 900 900 900 902 902 902 902 902 900 900 900 900 900 903 903 903 903 903 904 904 904 904 904 905 905 905 905 905 900 900 900 900 900 904 904 904 904 904 906 906 906 906 906 907 907 907 907 907 908 908 908 908 908 909 909 909 909 909 906 906 906 906 906 908 908 908 908 908 906 906 906 906 906 909 909 909 909 909 910 910 910 910 910 911 911 911 911 911 906 906 906 906 906 910 910 910 910 910 912 912 912 912 912 913 913 913 913 913 914 914 914 914 914 915 915 915 915 915 912 912 912 912 912 914 914 914 914 914 912 912 912 912 912 915 915 915 915 915 916 916 916 916 916 917 917 917 917 917 912 912 912 912 912 916 916 916 916 916 918 918 918 918 918 919 919 919 919 919 920 920 920 920 920 921 921 921 921 921 918 918 918 918 918 920 920 920 920 920 918 918 918 918 918 921 921 921 921 921 922 922 922 922 922 923 923 923 923 923 918 918 918 918 918 922 922 922 922 922 924 924 924 924 924 925 925 925 925 925 926 926 926 926 926 927 927 927 927 927 924 924 924 924 924 926 926 926 926 926 924 924 924 924 924 927 927 927 927 927 928 928 928 928 928 929 929 929 929 929 924 924 924 924 924 928 928 928 928 928 930 930 930 930 930 931 931 931 931 931 932 932 932 932 932 933 933 933 933 933 930 930 930 930 930 932 932 932 932 932 930 930 930 930 930 933 933 933 933 933 934 934 934 934 934 935 935 935 935 935 930 930 930 930 930 934 934 934 934 934 936 936 936 936 936 937 937 937 937 937 938 938 938 938 938 939 939 939 939 939 936 936 936 936 936 938 938 938 938 938 936 936 936 936 936 939 939 939 939 939 940 940 940 940 940 941 941 941 941 941 936 936 936 936 936 940 940 940 940 940 942 942 942 942 942 943 943 943 943 943 944 944 944 944 944 945 945 945 945 945 942 942 942 942 942 944 944 944 944 944 942 942 942 942 942 945 945 945 945 945 946 946 946 946 946 947 947 947 947 947 942 942 942 942 942 946 946 946 946 946 948 948 948 948 948 949 949 949 949 949 950 950 950 950 950 951 951 951 951 951 948 948 948 948 948 950 950 950 950 950 948 948 948 948 948 951 951 951 951 951 952 952 952 952 952 953 953 953 953 953 948 948 948 948 948 952 952 952 952 952 954 954 954 954 954 955 955 955 955 955 956 956 956 956 956 957 957 957 957 957 954 954 954 954 954 956 956 956 956 956 954 954 954 954 954 957 957 957 957 957 958 958 958 958 958 959 959 959 959 959 954 954 954 954 954 958 958 958 958 958 960 960 960 960 960 961 961 961 961 961 962 962 962 962 962 963 963 963 963 963 960 960 960 960 960 962 962 962 962 962 960 960 960 960 960 963 963 963 963 963 964 964 964 964 964 965 965 965 965 965 960 960 960 960 960 964 964 964 964 964 </p>
        </triangles>
      </mesh>
    </geometry>
    <geometry id="L02_011_1__mShadowShake-mesh" name="L02_011_1__mShadowShake">
      <mesh>
        <source id="L02_011_1__mShadowShake-position">
          <float_array id="L02_011_1__mShadowShake-position-array" count="1572">-10.43893 19.57172 1.256285 -8.134951 21.72287 0.4646213 -10.35182 20.48952 -0.7718279 -9.015265 21.62736 -0.9681585 -7.727704 21.3767 2.05995 -8.869436 20.20064 2.715176 -2.013874 22.99281 -9.550252 -1.812049 25.92915 -8.171961 -0.1370219 24.19021 -9.633063 -0.2658921 25.75065 -8.815755 -3.399645 25.50474 -7.811166 -3.74561 23.9067 -8.476423 3.663746 21.15886 -8.504642 3.31772 24.2757 -7.651363 5.199403 22.2061 -7.276542 4.79489 23.89191 -6.938897 1.911599 24.01952 -8.53903 1.87929 22.35269 -9.11922 -5.420898 27.80282 -1.517547 -3.141021 29.99023 -2.279064 -5.431623 28.85959 -3.478751 -4.096298 30.00035 -3.666247 -2.653862 29.53097 -0.7355227 -3.770899 28.31884 -0.1038895 0.2817404 29.56955 -7.479473 0.2097377 30.65698 -4.417643 2.145278 29.78727 -6.278217 1.857948 30.39486 -4.644857 -1.423688 30.69583 -4.819102 -1.633568 30.13372 -6.479216 -4.314491 29.05024 -6.142901 -2.38463 30.15305 -3.771837 -2.228832 29.71578 -6.555536 -1.374135 30.27345 -5.113976 -3.791377 29.80622 -2.91654 -5.012544 29.17764 -4.025427 10.73472 20.21311 2.095212 10.61399 21.40707 0.2182273 8.287093 22.28169 1.554278 9.197819 22.46026 0.1487088 7.878929 21.67838 3.070915 9.095555 20.50649 3.583255 -10.79805 19.35483 -2.204122 -8.170732 21.22608 -1.806456 -9.667368 20.15817 -3.947509 -8.278948 21.1473 -3.485449 -8.601972 20.92064 -0.209115 -10.03964 19.89696 -0.1748059 4.06515 12.11841 -8.08534 2.052792 13.07081 -8.004467 3.710944 15.34764 -8.180524 2.110336 14.83486 -8.0708 5.384278 15.19738 -8.270703 5.822826 13.48789 -8.234651 -10.90683 12.76723 -5.410619 -10.06176 15.88729 -5.073633 -9.866511 13.87324 -7.040851 -9.50896 15.5532 -6.629182 -10.78807 15.58074 -3.587276 -11.33953 13.9046 -3.538089 -5.765905 12.10425 -8.742297 -7.663522 13.27123 -8.722435 -5.761372 15.34779 -8.537545 -7.411183 15.01542 -8.605253 -4.112492 15.01418 -8.511878 -3.86503 13.26943 -8.614939 -10.90683 12.76723 -5.410619 -10.06176 15.88729 -5.073633 -9.866511 13.87324 -7.040851 -9.50896 15.5532 -6.629182 -10.78807 15.58074 -3.587276 -11.33953 13.9046 -3.538089 -11.86247 14.52664 -2.910103 -10.21305 17.32638 -2.851992 -11.26697 15.56516 -4.788947 -10.38028 17.06659 -4.507731 -10.38449 17.01131 -1.208184 -11.272 15.50119 -0.9894755 12.78646 15.78069 -3.655013 12.33959 16.34439 -1.546522 10.73672 18.20029 -2.943268 11.19912 17.68588 -1.407526 10.69518 18.21788 -4.62515 11.75952 16.95672 -5.251745 10.84922 14.27379 -7.410361 11.45675 15.56673 -5.700859 8.91075 16.63077 -6.292575 10.24265 16.77563 -5.271797 7.976869 16.00196 -7.542864 8.847893 14.67556 -8.316154 0.07777262 25.32429 2.452327 0.1028815 28.1664 0.8761706 -1.813181 26.35288 1.878324 -1.549681 27.88041 1.031671 1.750288 27.86884 1.044296 1.98678 26.33923 1.893045 -6.847599 22.99684 -1.106273 -5.882885 26.06384 -1.580978 -7.667743 24.22988 -2.770655 -6.995393 25.86208 -2.829398 -4.968457 25.63586 -0.2350888 -5.333808 23.96903 0.2167869 3.822575 28.78403 -4.702921 4.237195 28.68044 -1.430698 5.296126 27.92838 -5.163902 5.773245 27.80928 -1.395842 6.540565 27.29169 -3.422293 5.521799 10.91645 3.021016 7.471649 11.91286 3.43144 5.668203 13.97125 4.120686 7.300748 13.56906 4.020833 4.005597 13.74621 3.994747 3.677216 12.1165 3.401276 -9.988018 14.45734 4.488081 -8.526348 17.3562 4.337685 -11.02 16.23757 3.63426 -10.02902 17.6994 3.658612 -7.323799 16.4178 5.047638 -7.905069 14.76146 5.233765 12.16016 14.92237 1.902908 12.36543 16.6795 0.5488238 10.92726 17.82458 2.690063 11.61708 18.14633 1.187542 10.49059 16.90693 4.030959 11.06841 15.25199 3.822971 -10.76954 13.22006 2.480343 -10.24293 16.42283 2.646031 -11.96258 14.65933 1.268593 -11.49749 16.34384 1.524975 -9.096491 15.84421 3.733066 -9.197854 14.08364 3.811225 -11.72833 17.47377 0.2493167 -9.568452 19.90033 0.3452581 -11.06111 18.51124 -1.605855 -9.885197 19.79446 -1.30562 -9.695187 19.50796 1.976436 -10.84256 18.18104 2.173472 6.753961 24.61875 -1.202149 5.673695 27.56592 -2.044614 5.436162 25.80428 0.1473408 4.977513 27.37262 -0.5231342 6.591683 27.15408 -3.393114 7.295029 25.55229 -3.157386 9.659046 13.96891 5.103793 11.06643 15.52276 4.350134 8.657047 16.98925 4.443479 10.295 17.08545 4.062963 7.224833 16.2729 4.959575 7.531204 14.58674 5.382674 -9.322412 12.49734 4.547364 -8.249315 15.56466 4.596904 -10.56707 14.17773 3.779056 -9.77545 15.75126 3.909134 -6.943515 14.74826 5.2745 -7.306179 13.02241 5.351292 2.871678 12.18604 4.533188 5.007983 12.65011 4.962172 3.950744 15.24909 4.658857 5.358232 14.38119 4.979253 2.321697 15.48807 4.312657 1.511243 13.92435 4.194564 -2.344892 12.46705 5.132883 -3.509411 15.49726 4.977213 -4.519483 12.89099 5.366583 -4.91469 14.60813 5.244754 -1.865025 15.7642 4.741634 -1.007612 14.22188 4.787254 -11.65009 14.03121 0.3298465 -11.22075 15.11178 2.230171 -10.92851 17.2 0.3544359 -10.85506 16.8236 1.994516 -11.15012 16.92576 -1.290692 -11.56059 15.22906 -1.552798 12.34552 18.8463 -0.5946615 9.584278 20.52905 -0.9207964 11.16395 19.49771 1.178115 9.703866 20.39654 0.7540394 10.03165 20.31604 -2.528667 11.54171 19.40481 -2.601934 7.298308 11.64152 4.949037 8.90844 13.15425 4.662128 6.631296 14.81753 4.774234 8.306324 14.81343 4.597606 5.093224 14.16951 4.986753 5.208582 12.4124 5.110259 -6.733589 12.13632 5.5832 -6.102009 15.29097 5.122987 -8.370765 13.63733 5.410519 -7.785822 15.28555 5.163979 -4.547877 14.64865 5.176488 -4.642296 12.90356 5.424979 3.901675 11.55639 2.30801 5.994476 12.30447 2.153886 4.551643 14.72332 1.975403 6.099392 14.05894 1.979563 2.870439 14.73743 2.039535 2.276213 13.08539 2.222984 0.0721612 12.62971 3.749626 -1.221265 15.60435 3.95241 -1.813563 13.00398 4.875307 -2.322201 14.69514 4.845837 0.1452446 15.90279 3.017346 1.027888 14.39427 2.769751 0.7782989 16.11798 5.146516 2.730149 16.86665 5.91655 2.01804 18.95428 4.156104 3.198677 18.42761 5.235758 0.5828533 18.89858 3.279808 -0.2821546 17.40866 3.664358 1.361086 11.47444 3.457649 3.539861 11.7071 3.860143 2.736491 14.40827 3.709436 4.057904 13.39302 3.9545 1.132672 14.82114 3.412674 0.1712537 13.35126 3.236196 12.84254 15.98557 0.5086308 11.90224 16.91589 2.301266 11.24587 18.80966 0.3144914 11.09178 18.4458 1.951806 11.72779 18.59366 -1.28296 12.6348 17.08583 -1.423594 -11.55455 16.75049 1.921068 -9.809327 19.47758 1.638805 -11.79908 18.11259 0.1751928 -10.7458 19.52893 0.2397666 -9.231192 18.86628 3.095799 -10.05518 17.34922 3.463991 -7.42036 14.082 -8.324684 -5.825781 12.97426 -8.632867 -7.743978 13.42094 -8.549043 -6.384753 12.47823 -8.816088 -7.743978 13.42094 -8.549043 -6.384753 12.47823 -8.816088 -7.83442 12.88306 -8.730533 -6.87633 12.21976 -8.922154 -7.83442 12.88306 -8.730533 -6.87633 12.21976 -8.922154 -7.674646 12.14584 -8.951088 -10.50216 15.92514 -3.715362 -10.52701 15.28751 -5.57481 -11.08148 15.30197 -3.647408 -11.10599 14.76152 -5.233226 -11.08148 15.30197 -3.647408 -11.10599 14.76152 -5.233226 -11.48029 14.82943 -3.752992 -11.50017 14.45087 -4.871441 -11.48029 14.82943 -3.752992 -11.50017 14.45087 -4.871441 -11.88407 14.22873 -4.154366 -1.59891 30.35672 -5.823325 0.0286501 29.89154 -6.82302 -1.901889 30.02073 -6.445724 -0.5148374 29.62833 -7.299899 -1.901889 30.02073 -6.445724 -0.5148374 29.62833 -7.299899 -1.975887 29.75835 -6.951797 -0.9984041 29.48498 -7.555472 -1.975887 29.75835 -6.951797 -0.9984041 29.48498 -7.555472 -1.792839 29.39831 -7.625986 0.2535031 29.93806 -6.282613 2.017623 29.91005 -5.41553 0.7028481 29.7375 -6.874166 2.207014 29.71808 -6.136189 0.7028481 29.7375 -6.874166 2.207014 29.71808 -6.136189 1.151922 29.60298 -7.206831 2.212509 29.59276 -6.687523 1.151922 29.60298 -7.206831 2.212509 29.59276 -6.687523 1.894486 29.44329 -7.408723 -1.980274 24.33168 -8.924971 -0.2540767 25.27118 -8.876882 -1.547772 23.86281 -9.355289 -0.07770175 24.66594 -9.318064 -1.547772 23.86281 -9.355289 -0.07770175 24.66594 -9.318064 -1.114843 23.62254 -9.647295 -0.07966746 24.19043 -9.623989 -1.114843 23.62254 -9.647295 -0.07966746 24.19043 -9.623989 -0.3885072 23.51511 -9.927584 -6.366838 12.88078 5.47039 -7.773895 14.2435 5.303265 -6.998162 12.44799 5.549059 -8.197297 13.61013 5.41117 -6.998162 12.44799 5.549059 -8.197297 13.61013 5.41117 -7.54131 12.26502 5.593125 -8.386365 13.08462 5.499489 -7.54131 12.26502 5.593125 -8.386365 13.08462 5.499489 -8.326816 12.29035 5.59541 -9.499633 15.35056 4.427248 -10.04457 17.04962 3.602037 -10.20664 15.17235 4.181375 -10.67283 16.62188 3.482066 -10.20664 15.17235 4.181375 -10.67283 16.62188 3.482066 -10.73297 15.19036 3.950986 -11.0629 16.21307 3.461253 -10.73297 15.19036 3.950986 -11.0629 16.21307 3.461253 -11.35712 15.47424 3.566906 -3.714176 14.34847 5.116337 -5.762657 13.61975 5.304629 -3.384475 12.96209 5.205598 -5.130099 12.34141 5.371168 -3.384475 12.96209 5.205598 -5.130099 12.34141 5.371168 -3.459949 12.3312 5.264665 -4.690009 11.89407 5.38532 -3.459949 12.3312 5.264665 -4.690009 11.89407 5.38532 -3.865083 11.56191 5.337061 -10.55136 13.99285 -5.29964 -9.589724 15.16653 -6.549619 -10.35255 13.49005 -5.847118 -9.536879 14.49127 -6.914706 -10.35255 13.49005 -5.847118 -9.536879 14.49127 -6.914706 -10.143 13.24433 -6.322663 -9.571192 13.95067 -7.076821 -10.143 13.24433 -6.322663 -9.571192 13.95067 -7.076821 -9.75906 13.17405 -7.004803 2.945069 12.50593 4.265062 4.455973 12.95259 4.567264 3.209807 11.95066 4.391038 4.498417 12.33094 4.644969 3.209807 11.95066 4.391038 4.498417 12.33094 4.644969 3.513105 11.60913 4.497857 4.421974 11.87683 4.673993 3.513105 11.60913 4.497857 4.421974 11.87683 4.673993 4.063799 11.32884 4.669612 -10.91915 15.38197 -0.9252667 -11.08899 15.68431 -2.860333 -11.48467 14.77254 -1.118332 -11.63287 15.0332 -2.766846 -11.48467 14.77254 -1.118332 -11.63287 15.0332 -2.766846 -11.88596 14.38557 -1.405856 -11.99309 14.57159 -2.567127 -11.88596 14.38557 -1.405856 -11.99309 14.57159 -2.567127 -12.31502 14.02303 -2.013653 11.86333 16.85727 -3.391339 10.96889 17.78454 -4.876223 12.08818 16.42652 -3.987969 11.32214 17.21417 -5.252996 12.08818 16.42652 -3.987969 11.32214 17.21417 -5.252996 12.16506 16.20654 -4.513449 11.62227 16.75958 -5.404603 12.16506 16.20654 -4.513449 11.62227 16.75958 -5.404603 12.11568 16.13663 -5.294692 11.59451 17.0007 -1.673653 11.87996 16.66746 -3.690076 12.13512 16.3989 -1.653616 12.37481 16.11165 -3.372217 12.13512 16.3989 -1.653616 12.37481 16.11165 -3.372217 12.52242 15.95989 -1.803583 12.68855 15.75493 -3.014829 12.52242 15.95989 -1.803583 12.68855 15.75493 -3.014829 12.98119 15.46507 -2.279486 10.77436 15.75758 -5.515667 9.889889 14.95668 -7.130445 11.32028 15.23966 -5.74216 10.56444 14.55377 -7.115735 11.32028 15.23966 -5.74216 10.56444 14.55377 -7.115735 11.61775 14.81968 -6.024633 11.08348 14.3337 -6.990606 11.61775 14.81968 -6.024633 11.08348 14.3337 -6.990606 11.79164 14.27028 -6.583387 -0.2682591 25.92404 2.105002 -1.672027 27.10097 1.391558 -0.8944436 25.49403 2.227705 -2.091387 26.49907 1.623781 -0.8944436 25.49403 2.227705 -2.091387 26.49907 1.623781 -1.434389 25.29902 2.257008 -2.278377 26.00887 1.8346 -1.434389 25.29902 2.257008 -2.278377 26.00887 1.8346 -2.213828 25.27779 2.158566 -9.530706 21.03598 -0.3918345 -10.04894 20.10443 1.153385 -10.09923 20.64753 -0.6482732 -10.5382 19.85028 0.6676757 -10.09923 20.64753 -0.6482732 -10.5382 19.85028 0.6676757 -10.5252 20.30494 -0.6981616 -10.83245 19.74049 0.2284887 -10.5252 20.30494 -0.6981616 -10.83245 19.74049 0.2284887 -11.05775 19.81473 -0.4999342 -9.971182 13.78374 3.074644 -11.23003 14.89343 2.050626 -10.32685 13.24777 2.652378 -11.40294 14.19307 1.782915 -10.32685 13.24777 2.652378 -11.40294 14.19307 1.782915 -10.6736 12.97307 2.285324 -11.43448 13.63891 1.675117 -10.6736 12.97307 2.285324 -11.43448 13.63891 1.675117 -11.22067 12.86769 1.730994 9.892458 20.71583 2.067731 9.944931 21.9095 0.2984588 10.55311 20.38732 1.675456 10.59483 21.40143 0.1651878 10.55311 20.38732 1.675456 10.59483 21.40143 0.1651878 11.00365 20.25791 1.263191 11.03071 20.9701 0.19697 11.00365 20.25791 1.263191 11.03071 20.9701 0.19697 11.48848 20.32611 0.5640912 -10.72768 18.99456 0.2389069 -11.02773 17.45576 1.424998 -11.20744 18.57234 -0.1896176 -11.45957 17.25865 0.8194147 -11.20744 18.57234 -0.1896176 -11.45957 17.25865 0.8194147 -11.55456 18.15855 -0.3863611 -11.72946 17.23098 0.3233303 -11.55456 18.15855 -0.3863611 -11.72946 17.23098 0.3233303 -11.97414 17.49404 -0.3939848 5.267668 13.37108 4.880478 6.845804 12.54701 4.757725 5.074162 12.70407 4.954815 6.418743 12.00139 4.84605 5.074162 12.70407 4.954815 6.418743 12.00139 4.84605 5.070245 12.18357 4.991599 6.017523 11.68808 4.911716 5.070245 12.18357 4.991599 6.017523 11.68808 4.911716 5.3191 11.5158 5.025208 9.47223 14.58062 4.69883 10.49369 16.24381 4.008247 10.23316 14.30197 4.694892 11.10316 15.718 4.101736 10.23316 14.30197 4.694892 11.10316 15.718 4.101736 10.83267 14.24613 4.632018 11.44538 15.24295 4.210407 10.83267 14.24613 4.632018 11.44538 15.24295 4.210407 11.61681 14.4587 4.473849 12.34593 16.80932 0.6586815 12.35838 17.80728 -1.035029 12.55519 16.25655 0.1660179 12.56138 17.10605 -1.278215 12.55519 16.25655 0.1660179 12.56138 17.10605 -1.278215 12.69439 15.96084 -0.3068562 12.6953 16.55873 -1.325263 12.69439 15.96084 -0.3068562 12.6953 16.55873 -1.325263 12.85638 15.81804 -1.062523 8.129121 14.60509 5.087226 9.957576 14.70356 4.640684 8.349314 13.92018 5.25037 9.90679 14.00283 4.865654 8.349314 13.92018 5.25037 9.90679 14.00283 4.865654 8.646468 13.46149 5.321259 9.743441 13.51875 5.046901 8.646468 13.46149 5.321259 9.743441 13.51875 5.046901 9.247883 13.0079 5.338514 0.9338813 16.75803 4.806258 2.505305 17.14103 5.560328 1.060363 16.16627 5.155114 2.401686 16.49117 5.794471 1.060363 16.16627 5.155114 2.401686 16.49117 5.794471 1.275634 15.79373 5.450348 2.222537 16.02152 5.898358 1.275634 15.79373 5.450348 2.222537 16.02152 5.898358 1.740876 15.47541 5.887609 2.425391 13.90651 -7.78872 4.259459 13.25273 -8.059845 2.290025 13.18235 -8.010851 3.853069 12.62652 -8.246322 2.290025 13.18235 -8.010851 3.853069 12.62652 -8.246322 2.346689 12.63839 -8.18783 3.448196 12.24772 -8.357209 2.346689 12.63839 -8.18783 3.448196 12.24772 -8.357209 2.697658 11.96726 -8.397782 4.208993 12.93786 -7.926403 5.703267 14.21531 -7.922143 4.791105 12.48106 -8.137445 6.063856 13.57083 -8.138232 4.791105 12.48106 -8.137445 6.063856 13.57083 -8.138232 5.307224 12.27513 -8.284573 6.203602 13.04398 -8.288569 5.307224 12.27513 -8.284573 6.203602 13.04398 -8.288569 6.081317 12.26202 -8.41975 -5.789612 13.11634 -8.625785 -4.24998 14.33243 -8.501716 -5.206716 12.62229 -8.716404 -3.894628 13.65944 -8.615212 -5.206716 12.62229 -8.716404 -3.894628 13.65944 -8.615212 -4.685766 12.38577 -8.772086 -3.761135 13.11728 -8.704315 -4.685766 12.38577 -8.772086 -3.761135 13.11728 -8.704315 -3.901941 12.3325 -8.793222</float_array>
          <technique_common>
            <accessor source="#L02_011_1__mShadowShake-position-array" count="524" stride="3">
              <param name="X" type="float" />
              <param name="Y" type="float" />
              <param name="Z" type="float" />
            </accessor>
          </technique_common>
        </source>
        <source id="L02_011_1__mShadowShake-normal">
          <float_array id="L02_011_1__mShadowShake-normal-array" count="1572">-0.5890411 0.7455969 0.3111546 -0.5890411 0.7455969 0.3111546 -0.5890411 0.7455969 0.3111546 -0.5890411 0.7455969 0.3111546 -0.5890411 0.7455969 0.3111546 -0.5890411 0.7455969 0.3111546 -0.3072407 0.4207436 -0.853229 -0.3072407 0.4207436 -0.853229 -0.3072407 0.4207436 -0.853229 -0.3072407 0.4207436 -0.853229 -0.3072407 0.4207436 -0.853229 -0.3072407 0.4207436 -0.853229 0.4755382 0.2818004 -0.8336595 0.4755382 0.2818004 -0.8336595 0.4755382 0.2818004 -0.8336595 0.4755382 0.2818004 -0.8336595 0.4755382 0.2818004 -0.8336595 0.4755382 0.2818004 -0.8336595 -0.5636008 0.7260274 0.3933464 -0.5636008 0.7260274 0.3933464 -0.5636008 0.7260274 0.3933464 -0.5636008 0.7260274 0.3933464 -0.5636008 0.7260274 0.3933464 -0.5636008 0.7260274 0.3933464 0.1037182 0.9373777 -0.3307241 0.1037182 0.9373777 -0.3307241 0.1037182 0.9373777 -0.3307241 0.1037182 0.9373777 -0.3307241 0.1037182 0.9373777 -0.3307241 0.1037182 0.9373777 -0.3307241 -0.3287671 0.9295499 -0.1643836 -0.3287671 0.9295499 -0.1643836 -0.3287671 0.9295499 -0.1643836 -0.3287671 0.9295499 -0.1643836 -0.3287671 0.9295499 -0.1643836 -0.3287671 0.9295499 -0.1643836 0.5244619 0.7338552 0.4324853 0.5244619 0.7338552 0.4324853 0.5244619 0.7338552 0.4324853 0.5244619 0.7338552 0.4324853 0.5244619 0.7338552 0.4324853 0.5244619 0.7338552 0.4324853 -0.5792564 0.81409 0 -0.5792564 0.81409 0 -0.5792564 0.81409 0 -0.5792564 0.81409 0 -0.5792564 0.81409 0 -0.5792564 0.81409 0 -0.05675147 -0.03522505 -0.9980431 -0.05675147 -0.03522505 -0.9980431 -0.05675147 -0.03522505 -0.9980431 -0.05675147 -0.03522505 -0.9980431 -0.05675147 -0.03522505 -0.9980431 -0.05675147 -0.03522505 -0.9980431 -0.8845401 0.2798434 -0.3737769 -0.8845401 0.2798434 -0.3737769 -0.8845401 0.2798434 -0.3737769 -0.8845401 0.2798434 -0.3737769 -0.8845401 0.2798434 -0.3737769 -0.8845401 0.2798434 -0.3737769 0.02739726 0.06262231 -0.9980431 0.02739726 0.06262231 -0.9980431 0.02739726 0.06262231 -0.9980431 0.02739726 0.06262231 -0.9980431 0.02739726 0.06262231 -0.9980431 0.02739726 0.06262231 -0.9980431 -0.8845401 0.2798434 -0.3737769 -0.8845401 0.2798434 -0.3737769 -0.8845401 0.2798434 -0.3737769 -0.8845401 0.2798434 -0.3737769 -0.8845401 0.2798434 -0.3737769 -0.8845401 0.2798434 -0.3737769 -0.8610567 0.5068493 0.007827789 -0.8610567 0.5068493 0.007827789 -0.8610567 0.5068493 0.007827789 -0.8610567 0.5068493 0.007827789 -0.8610567 0.5068493 0.007827789 -0.8610567 0.5068493 0.007827789 -0.7612525 -0.6477495 0.01174168 -0.7612525 -0.6477495 0.01174168 -0.7612525 -0.6477495 0.01174168 -0.7612525 -0.6477495 0.01174168 -0.7612525 -0.6477495 0.01174168 -0.7612525 -0.6477495 0.01174168 -0.4187867 -0.6457925 0.6379648 -0.4187867 -0.6457925 0.6379648 -0.4187867 -0.6457925 0.6379648 -0.4187867 -0.6457925 0.6379648 -0.4187867 -0.6457925 0.6379648 -0.4187867 -0.6457925 0.6379648 -0.001956947 0.4853229 0.8747554 -0.001956947 0.4853229 0.8747554 -0.001956947 0.4853229 0.8747554 -0.001956947 0.4853229 0.8747554 -0.001956947 0.4853229 0.8747554 -0.001956947 0.4853229 0.8747554 -0.7318982 0.3228963 0.6007828 -0.7318982 0.3228963 0.6007828 -0.7318982 0.3228963 0.6007828 -0.7318982 0.3228963 0.6007828 -0.7318982 0.3228963 0.6007828 -0.7318982 0.3228963 0.6007828 0.4931507 0.8688846 -0.03522505 0.4931507 0.8688846 -0.03522505 0.4931507 0.8688846 -0.03522505 0.4931507 0.8688846 -0.03522505 0.4931507 0.8688846 -0.03522505 -0.02544031 -0.3365949 0.9412916 -0.02544031 -0.3365949 0.9412916 -0.02544031 -0.3365949 0.9412916 -0.02544031 -0.3365949 0.9412916 -0.02544031 -0.3365949 0.9412916 -0.02544031 -0.3365949 0.9412916 -0.3581213 0.2270059 0.9060665 -0.3581213 0.2270059 0.9060665 -0.3581213 0.2270059 0.9060665 -0.3581213 0.2270059 0.9060665 -0.3581213 0.2270059 0.9060665 -0.3581213 0.2270059 0.9060665 0.8610567 0.2446184 0.4481409 0.8610567 0.2446184 0.4481409 0.8610567 0.2446184 0.4481409 0.8610567 0.2446184 0.4481409 0.8610567 0.2446184 0.4481409 0.8610567 0.2446184 0.4481409 -0.667319 0.0704501 0.7416829 -0.667319 0.0704501 0.7416829 -0.667319 0.0704501 0.7416829 -0.667319 0.0704501 0.7416829 -0.667319 0.0704501 0.7416829 -0.667319 0.0704501 0.7416829 -0.7455969 0.6594912 0.0998043 -0.7455969 0.6594912 0.0998043 -0.7455969 0.6594912 0.0998043 -0.7455969 0.6594912 0.0998043 -0.7455969 0.6594912 0.0998043 -0.7455969 0.6594912 0.0998043 0.8062623 0.4168297 0.4207436 0.8062623 0.4168297 0.4207436 0.8062623 0.4168297 0.4207436 0.8062623 0.4168297 0.4207436 0.8062623 0.4168297 0.4207436 0.8062623 0.4168297 0.4207436 0.2015656 0.2720157 0.9412916 0.2015656 0.2720157 0.9412916 0.2015656 0.2720157 0.9412916 0.2015656 0.2720157 0.9412916 0.2015656 0.2720157 0.9412916 0.2015656 0.2720157 0.9412916 -0.3953033 0.1232877 0.9099804 -0.3953033 0.1232877 0.9099804 -0.3953033 0.1232877 0.9099804 -0.3953033 0.1232877 0.9099804 -0.3953033 0.1232877 0.9099804 -0.3953033 0.1232877 0.9099804 -0.2035225 0.03131115 0.9784736 -0.2035225 0.03131115 0.9784736 -0.2035225 0.03131115 0.9784736 -0.2035225 0.03131115 0.9784736 -0.2035225 0.03131115 0.9784736 -0.2035225 0.03131115 0.9784736 0.1252446 0.0998043 0.9863014 0.1252446 0.0998043 0.9863014 0.1252446 0.0998043 0.9863014 0.1252446 0.0998043 0.9863014 0.1252446 0.0998043 0.9863014 0.1252446 0.0998043 0.9863014 -0.9706458 0.221135 0.09393346 -0.9706458 0.221135 0.09393346 -0.9706458 0.221135 0.09393346 -0.9706458 0.221135 0.09393346 -0.9706458 0.221135 0.09393346 -0.9706458 0.221135 0.09393346 0.516634 0.8551859 0.03131115 0.516634 0.8551859 0.03131115 0.516634 0.8551859 0.03131115 0.516634 0.8551859 0.03131115 0.516634 0.8551859 0.03131115 0.516634 0.8551859 0.03131115 0.1056751 0.07632094 0.9921722 0.1056751 0.07632094 0.9921722 0.1056751 0.07632094 0.9921722 0.1056751 0.07632094 0.9921722 0.1056751 0.07632094 0.9921722 0.1056751 0.07632094 0.9921722 0.02348337 0.1389433 0.9902152 0.02348337 0.1389433 0.9902152 0.02348337 0.1389433 0.9902152 0.02348337 0.1389433 0.9902152 0.02348337 0.1389433 0.9902152 0.02348337 0.1389433 0.9902152 0.03913894 0.09589041 0.9941292 0.03913894 0.09589041 0.9941292 0.03913894 0.09589041 0.9941292 0.03913894 0.09589041 0.9941292 0.03913894 0.09589041 0.9941292 0.03913894 0.09589041 0.9941292 0.5303327 0.1741683 0.8297456 0.5303327 0.1741683 0.8297456 0.5303327 0.1741683 0.8297456 0.5303327 0.1741683 0.8297456 0.5303327 0.1741683 0.8297456 0.5303327 0.1741683 0.8297456 -0.4735812 0.4677104 0.7455969 -0.4735812 0.4677104 0.7455969 -0.4735812 0.4677104 0.7455969 -0.4735812 0.4677104 0.7455969 -0.4735812 0.4677104 0.7455969 -0.4735812 0.4677104 0.7455969 -0.1819961 0 0.9823875 -0.1819961 0 0.9823875 -0.1819961 0 0.9823875 -0.1819961 0 0.9823875 -0.1819961 0 0.9823875 -0.1819961 0 0.9823875 -0.849315 -0.4931507 -0.1898239 -0.849315 -0.4931507 -0.1898239 -0.849315 -0.4931507 -0.1898239 -0.849315 -0.4931507 -0.1898239 -0.849315 -0.4931507 -0.1898239 -0.849315 -0.4931507 -0.1898239 -0.7084149 0.5048923 0.4931507 -0.7084149 0.5048923 0.4931507 -0.7084149 0.5048923 0.4931507 -0.7084149 0.5048923 0.4931507 -0.7084149 0.5048923 0.4931507 -0.7084149 0.5048923 0.4931507 0.03131115 0.3111546 -0.9491194 0.03131115 0.3111546 -0.9491194 0.03131115 0.3111546 -0.9491194 0.03131115 0.3111546 -0.9491194 0.0332681 0.3189824 -0.9471624 0.0332681 0.3189824 -0.9471624 0.0332681 0.3189824 -0.9471624 0.0332681 0.3189824 -0.9471624 0.007827789 0.2876712 -0.9569471 0.007827789 0.2876712 -0.9569471 0.007827789 0.2876712 -0.9569471 -0.7260274 0.6555773 -0.2133072 -0.7260274 0.6555773 -0.2133072 -0.7260274 0.6555773 -0.2133072 -0.7260274 0.6555773 -0.2133072 -0.7201566 0.6594912 -0.2133072 -0.7201566 0.6594912 -0.2133072 -0.7201566 0.6594912 -0.2133072 -0.7201566 0.6594912 -0.2133072 -0.7455969 0.6360078 -0.2015656 -0.7455969 0.6360078 -0.2015656 -0.7455969 0.6360078 -0.2015656 -0.03131115 0.8864971 -0.4598826 -0.03131115 0.8864971 -0.4598826 -0.03131115 0.8864971 -0.4598826 -0.03131115 0.8864971 -0.4598826 -0.02935421 0.890411 -0.4540117 -0.02935421 0.890411 -0.4540117 -0.02935421 0.890411 -0.4540117 -0.02935421 0.890411 -0.4540117 -0.05283757 0.8747554 -0.481409 -0.05283757 0.8747554 -0.481409 -0.05283757 0.8747554 -0.481409 0.1252446 0.964775 -0.2270059 0.1252446 0.964775 -0.2270059 0.1252446 0.964775 -0.2270059 0.1252446 0.964775 -0.2270059 0.1193738 0.9667319 -0.223092 0.1193738 0.9667319 -0.223092 0.1193738 0.9667319 -0.223092 0.1193738 0.9667319 -0.223092 0.1350294 0.9569471 -0.258317 0.1350294 0.9569471 -0.258317 0.1350294 0.9569471 -0.258317 -0.260274 0.5146771 -0.816047 -0.260274 0.5146771 -0.816047 -0.260274 0.5146771 -0.816047 -0.260274 0.5146771 -0.816047 -0.2641879 0.518591 -0.8121331 -0.2641879 0.518591 -0.8121331 -0.2641879 0.518591 -0.8121331 -0.2641879 0.518591 -0.8121331 -0.2504892 0.4892368 -0.8356164 -0.2504892 0.4892368 -0.8356164 -0.2504892 0.4892368 -0.8356164 0.02739726 0.146771 0.9882583 0.02739726 0.146771 0.9882583 0.02739726 0.146771 0.9882583 0.02739726 0.146771 0.9882583 0.0332681 0.1506849 0.9882583 0.0332681 0.1506849 0.9882583 0.0332681 0.1506849 0.9882583 0.0332681 0.1506849 0.9882583 0.005870841 0.1213307 0.9921722 0.005870841 0.1213307 0.9921722 0.005870841 0.1213307 0.9921722 -0.3776908 0.3033268 0.8747554 -0.3776908 0.3033268 0.8747554 -0.3776908 0.3033268 0.8747554 -0.3776908 0.3033268 0.8747554 -0.369863 0.3033268 0.8786693 -0.369863 0.3033268 0.8786693 -0.369863 0.3033268 0.8786693 -0.369863 0.3033268 0.8786693 -0.4050881 0.2857143 0.8688846 -0.4050881 0.2857143 0.8688846 -0.4050881 0.2857143 0.8688846 0.06457926 0.08219178 0.9941292 0.06457926 0.08219178 0.9941292 0.06457926 0.08219178 0.9941292 0.06457926 0.08219178 0.9941292 0.06457926 0.09001957 0.9941292 0.06457926 0.09001957 0.9941292 0.06457926 0.09001957 0.9941292 0.06457926 0.09001957 0.9941292 0.07827789 0.05283757 0.9960861 0.07827789 0.05283757 0.9960861 0.07827789 0.05283757 0.9960861 -0.8571429 0.1878669 -0.479452 -0.8571429 0.1878669 -0.479452 -0.8571429 0.1878669 -0.479452 -0.8571429 0.1878669 -0.479452 -0.8590998 0.1917808 -0.4735812 -0.8590998 0.1917808 -0.4735812 -0.8590998 0.1917808 -0.4735812 -0.8590998 0.1917808 -0.4735812 -0.853229 0.1604697 -0.4970646 -0.853229 0.1604697 -0.4970646 -0.853229 0.1604697 -0.4970646 0.2250489 -0.109589 -0.9686888 0.2250489 -0.109589 -0.9686888 0.2250489 -0.109589 -0.9686888 0.2250489 -0.109589 -0.9686888 0.221135 -0.1037182 -0.9706458 0.221135 -0.1037182 -0.9706458 0.221135 -0.1037182 -0.9706458 0.221135 -0.1037182 -0.9706458 0.2289628 -0.1409002 -0.962818 0.2289628 -0.1409002 -0.962818 0.2289628 -0.1409002 -0.962818 -0.7475538 0.6438356 0.1682975 -0.7475538 0.6438356 0.1682975 -0.7475538 0.6438356 0.1682975 -0.7475538 0.6438356 0.1682975 -0.7416829 0.6477495 0.1702544 -0.7416829 0.6477495 0.1702544 -0.7416829 0.6477495 0.1702544 -0.7416829 0.6477495 0.1702544 -0.7651663 0.6203523 0.1702544 -0.7651663 0.6203523 0.1702544 -0.7651663 0.6203523 0.1702544 -0.8043053 -0.5831702 0.1213307 -0.8043053 -0.5831702 0.1213307 -0.8043053 -0.5831702 0.1213307 -0.8043053 -0.5831702 0.1213307 -0.8043053 -0.5792564 0.1291585 -0.8043053 -0.5792564 0.1291585 -0.8043053 -0.5792564 0.1291585 -0.8043053 -0.5792564 0.1291585 -0.7886497 -0.6066536 0.1037182 -0.7886497 -0.6066536 0.1037182 -0.7886497 -0.6066536 0.1037182 -0.7455969 -0.6653621 0.005870841 -0.7455969 -0.6653621 0.005870841 -0.7455969 -0.6653621 0.005870841 -0.7455969 -0.6653621 0.005870841 -0.7514677 -0.6594912 0.005870841 -0.7514677 -0.6594912 0.005870841 -0.7514677 -0.6594912 0.005870841 -0.7514677 -0.6594912 0.005870841 -0.7240704 -0.6888454 0.01761252 -0.7240704 -0.6888454 0.01761252 -0.7240704 -0.6888454 0.01761252 -0.4246575 -0.6966732 0.5792564 -0.4246575 -0.6966732 0.5792564 -0.4246575 -0.6966732 0.5792564 -0.4246575 -0.6966732 0.5792564 -0.4285714 -0.6908023 0.5831702 -0.4285714 -0.6908023 0.5831702 -0.4285714 -0.6908023 0.5831702 -0.4285714 -0.6908023 0.5831702 -0.3972603 -0.7142857 0.5772994 -0.3972603 -0.7142857 0.5772994 -0.3972603 -0.7142857 0.5772994 -0.1056751 0.4187867 0.9021527 -0.1056751 0.4187867 0.9021527 -0.1056751 0.4187867 0.9021527 -0.1056751 0.4187867 0.9021527 -0.0998043 0.4207436 0.9021527 -0.0998043 0.4207436 0.9021527 -0.0998043 0.4207436 0.9021527 -0.0998043 0.4207436 0.9021527 -0.1252446 0.3933464 0.9119374 -0.1252446 0.3933464 0.9119374 -0.1252446 0.3933464 0.9119374 0.6223092 -0.7455969 -0.2426614 0.6223092 -0.7455969 -0.2426614 0.6223092 -0.7455969 -0.2426614 0.6223092 -0.7455969 -0.2426614 0.62818 -0.739726 -0.2407045 0.62818 -0.739726 -0.2407045 0.62818 -0.739726 -0.2407045 0.62818 -0.739726 -0.2407045 0.5988258 -0.7573385 -0.2622309 0.5988258 -0.7573385 -0.2622309 0.5988258 -0.7573385 -0.2622309 -0.6829746 -0.111546 0.7221135 -0.6829746 -0.111546 0.7221135 -0.6829746 -0.111546 0.7221135 -0.6829746 -0.111546 0.7221135 -0.6790606 -0.1056751 0.7260274 -0.6790606 -0.1056751 0.7260274 -0.6790606 -0.1056751 0.7260274 -0.6790606 -0.1056751 0.7260274 -0.6908023 -0.1409002 0.7084149 -0.6908023 -0.1409002 0.7084149 -0.6908023 -0.1409002 0.7084149 -0.6007828 -0.6536204 -0.4579256 -0.6007828 -0.6536204 -0.4579256 -0.6007828 -0.6536204 -0.4579256 -0.6007828 -0.6536204 -0.4579256 -0.6066536 -0.6516634 -0.4540117 -0.6066536 -0.6516634 -0.4540117 -0.6066536 -0.6516634 -0.4540117 -0.6066536 -0.6516634 -0.4540117 -0.5753425 -0.6731898 -0.4637965 -0.5753425 -0.6731898 -0.4637965 -0.5753425 -0.6731898 -0.4637965 0.7827789 -0.4677104 -0.4109589 0.7827789 -0.4677104 -0.4109589 0.7827789 -0.4677104 -0.4109589 0.7827789 -0.4677104 -0.4109589 0.7886497 -0.4618395 -0.407045 0.7886497 -0.4618395 -0.407045 0.7886497 -0.4618395 -0.407045 0.7886497 -0.4618395 -0.407045 0.7632094 -0.4774951 -0.4344423 0.7632094 -0.4774951 -0.4344423 0.7632094 -0.4774951 -0.4344423 -0.1174168 -0.07240704 -0.9902152 -0.1174168 -0.07240704 -0.9902152 -0.1174168 -0.07240704 -0.9902152 -0.1174168 -0.07240704 -0.9902152 -0.1154599 -0.06457926 -0.9902152 -0.1154599 -0.06457926 -0.9902152 -0.1154599 -0.06457926 -0.9902152 -0.1154599 -0.06457926 -0.9902152 -0.1350294 -0.0998043 -0.9863014 -0.1350294 -0.0998043 -0.9863014 -0.1350294 -0.0998043 -0.9863014 -0.1232877 -0.3150685 -0.9412916 -0.1232877 -0.3150685 -0.9412916 -0.1232877 -0.3150685 -0.9412916 -0.1232877 -0.3150685 -0.9412916 -0.1311155 -0.3150685 -0.9393346 -0.1311155 -0.3150685 -0.9393346 -0.1311155 -0.3150685 -0.9393346 -0.1311155 -0.3150685 -0.9393346 -0.09784736 -0.3365949 -0.9373777 -0.09784736 -0.3365949 -0.9373777 -0.09784736 -0.3365949 -0.9373777 -0.962818 -0.2328767 -0.1428571 -0.962818 -0.2328767 -0.1428571 -0.962818 -0.2328767 -0.1428571 -0.962818 -0.2328767 -0.1428571 -0.964775 -0.2270059 -0.1369863 -0.964775 -0.2270059 -0.1369863 -0.964775 -0.2270059 -0.1369863 -0.964775 -0.2270059 -0.1369863 -0.9530333 -0.2622309 -0.1545988 -0.9530333 -0.2622309 -0.1545988 -0.9530333 -0.2622309 -0.1545988 -0.2133072 -0.2876712 -0.9334638 -0.2133072 -0.2876712 -0.9334638 -0.2133072 -0.2876712 -0.9334638 -0.2133072 -0.2876712 -0.9334638 -0.2172211 -0.2818004 -0.9354208 -0.2172211 -0.2818004 -0.9354208 -0.2172211 -0.2818004 -0.9354208 -0.2172211 -0.2818004 -0.9354208 -0.2133072 -0.3189824 -0.9236791 -0.2133072 -0.3189824 -0.9236791 -0.2133072 -0.3189824 -0.9236791 0.4716243 -0.3679061 -0.8003914 0.4716243 -0.3679061 -0.8003914 0.4716243 -0.3679061 -0.8003914 0.4716243 -0.3679061 -0.8003914 0.4696673 -0.3620352 -0.8043053 0.4696673 -0.3620352 -0.8043053 0.4696673 -0.3620352 -0.8043053 0.4696673 -0.3620352 -0.8043053 0.4696673 -0.3972603 -0.7886497 0.4696673 -0.3972603 -0.7886497 0.4696673 -0.3972603 -0.7886497 -0.03522505 0.3013699 -0.9530333 -0.03522505 0.3013699 -0.9530333 -0.03522505 0.3013699 -0.9530333 -0.03522505 0.3013699 -0.9530333 -0.03522505 0.3091977 -0.9510763 -0.03522505 0.3091977 -0.9510763 -0.03522505 0.3091977 -0.9510763 -0.03522505 0.3091977 -0.9510763 -0.05088063 0.2739726 -0.960861 -0.05088063 0.2739726 -0.960861 -0.05088063 0.2739726 -0.960861 -0.183953 0.2152642 -0.9589041 -0.183953 0.2152642 -0.9589041 -0.183953 0.2152642 -0.9589041 -0.183953 0.2152642 -0.9589041 -0.1898239 0.2191781 -0.9569471 -0.1898239 0.2191781 -0.9569471 -0.1898239 0.2191781 -0.9569471 -0.1898239 0.2191781 -0.9569471 -0.1663405 0.1878669 -0.9686888 -0.1663405 0.1878669 -0.9686888 -0.1663405 0.1878669 -0.9686888 -0.03522505 0.1448141 -0.9882583 -0.03522505 0.1448141 -0.9882583 -0.03522505 0.1448141 -0.9882583 -0.03522505 0.1448141 -0.9882583 -0.04305284 0.148728 -0.9882583 -0.04305284 0.148728 -0.9882583 -0.04305284 0.148728 -0.9882583 -0.04305284 0.148728 -0.9882583 -0.01956947 0.1154599 -0.9921722 -0.01956947 0.1154599 -0.9921722 -0.01956947 0.1154599 -0.9921722</float_array>
          <technique_common>
            <accessor source="#L02_011_1__mShadowShake-normal-array" count="524" stride="3">
              <param name="X" type="float" />
              <param name="Y" type="float" />
              <param name="Z" type="float" />
            </accessor>
          </technique_common>
        </source>
        <source id="L02_011_1__mShadowShake-color">
          <float_array id="L02_011_1__mShadowShake-color-array" count="2096">-8.296875 21.59375 0.5 1 -8.296875 21.59375 0.5 1 -8.296875 21.59375 0.5 1 -8.296875 21.59375 0.5 1 -8.296875 21.59375 0.5 1 -8.296875 21.59375 0.5 1 -1.799805 25.6875 -8.296875 1 -1.799805 25.6875 -8.296875 1 -1.799805 25.6875 -8.296875 1 -1.799805 25.6875 -8.296875 1 -1.799805 25.6875 -8.296875 1 -1.799805 25.6875 -8.296875 1 3.398438 24.09375 -7.796875 1 3.398438 24.09375 -7.796875 1 3.398438 24.09375 -7.796875 1 3.398438 24.09375 -7.796875 1 3.398438 24.09375 -7.796875 1 3.398438 24.09375 -7.796875 1 -3.298828 29.79688 -2.199219 1 -3.298828 29.79688 -2.199219 1 -3.298828 29.79688 -2.199219 1 -3.298828 29.79688 -2.199219 1 -3.298828 29.79688 -2.199219 1 -3.298828 29.79688 -2.199219 1 0.1999512 30.59375 -4.597656 1 0.1999512 30.59375 -4.597656 1 0.1999512 30.59375 -4.597656 1 0.1999512 30.59375 -4.597656 1 0.1999512 30.59375 -4.597656 1 0.1999512 30.59375 -4.597656 1 -2.5 30.09375 -3.898438 1 -2.5 30.09375 -3.898438 1 -2.5 30.09375 -3.898438 1 -2.5 30.09375 -3.898438 1 -2.5 30.09375 -3.898438 1 -2.5 30.09375 -3.898438 1 8.5 22.09375 1.599609 1 8.5 22.09375 1.599609 1 8.5 22.09375 1.599609 1 8.5 22.09375 1.599609 1 8.5 22.09375 1.599609 1 8.5 22.09375 1.599609 1 -8.398438 21.09375 -1.799805 1 -8.398438 21.09375 -1.799805 1 -8.398438 21.09375 -1.799805 1 -8.398438 21.09375 -1.799805 1 -8.398438 21.09375 -1.799805 1 -8.398438 21.09375 -1.799805 1 3.798828 15.09375 -8.195313 1 3.798828 15.09375 -8.195313 1 3.798828 15.09375 -8.195313 1 3.798828 15.09375 -8.195313 1 3.798828 15.09375 -8.195313 1 3.798828 15.09375 -8.195313 1 -10.09375 15.69531 -5.097656 1 -10.09375 15.69531 -5.097656 1 -10.09375 15.69531 -5.097656 1 -10.09375 15.69531 -5.097656 1 -10.09375 15.69531 -5.097656 1 -10.09375 15.69531 -5.097656 1 -5.796875 15.09375 -8.59375 1 -5.796875 15.09375 -8.59375 1 -5.796875 15.09375 -8.59375 1 -5.796875 15.09375 -8.59375 1 -5.796875 15.09375 -8.59375 1 -5.796875 15.09375 -8.59375 1 -10.09375 15.69531 -5.097656 1 -10.09375 15.69531 -5.097656 1 -10.09375 15.69531 -5.097656 1 -10.09375 15.69531 -5.097656 1 -10.09375 15.69531 -5.097656 1 -10.09375 15.69531 -5.097656 1 -10.39844 17.1875 -2.798828 1 -10.39844 17.1875 -2.798828 1 -10.39844 17.1875 -2.798828 1 -10.39844 17.1875 -2.798828 1 -10.39844 17.1875 -2.798828 1 -10.39844 17.1875 -2.798828 1 10.89844 18.09375 -3 1 10.89844 18.09375 -3 1 10.89844 18.09375 -3 1 10.89844 18.09375 -3 1 10.89844 18.09375 -3 1 10.89844 18.09375 -3 1 9 16.5 -6.398438 1 9 16.5 -6.398438 1 9 16.5 -6.398438 1 9 16.5 -6.398438 1 9 16.5 -6.398438 1 9 16.5 -6.398438 1 0.09997559 28 0.5 1 0.09997559 28 0.5 1 0.09997559 28 0.5 1 0.09997559 28 0.5 1 0.09997559 28 0.5 1 0.09997559 28 0.5 1 -5.898438 25.89063 -1.5 1 -5.898438 25.89063 -1.5 1 -5.898438 25.89063 -1.5 1 -5.898438 25.89063 -1.5 1 -5.898438 25.89063 -1.5 1 -5.898438 25.89063 -1.5 1 4 28.6875 -3.099609 1 4 28.6875 -3.099609 1 4 28.6875 -3.099609 1 4 28.6875 -3.099609 1 4 28.6875 -3.099609 1 5.699219 13.79688 4 1 5.699219 13.79688 4 1 5.699219 13.79688 4 1 5.699219 13.79688 4 1 5.699219 13.79688 4 1 5.699219 13.79688 4 1 -8.59375 17.1875 4.296875 1 -8.59375 17.1875 4.296875 1 -8.59375 17.1875 4.296875 1 -8.59375 17.1875 4.296875 1 -8.59375 17.1875 4.296875 1 -8.59375 17.1875 4.296875 1 11 17.59375 2.599609 1 11 17.59375 2.599609 1 11 17.59375 2.599609 1 11 17.59375 2.599609 1 11 17.59375 2.599609 1 11 17.59375 2.599609 1 -10.29688 16.1875 2.599609 1 -10.29688 16.1875 2.599609 1 -10.29688 16.1875 2.599609 1 -10.29688 16.1875 2.599609 1 -10.29688 16.1875 2.599609 1 -10.29688 16.1875 2.599609 1 -9.695313 19.6875 0.2998047 1 -9.695313 19.6875 0.2998047 1 -9.695313 19.6875 0.2998047 1 -9.695313 19.6875 0.2998047 1 -9.695313 19.6875 0.2998047 1 -9.695313 19.6875 0.2998047 1 6 27.5 -2 1 6 27.5 -2 1 6 27.5 -2 1 6 27.5 -2 1 6 27.5 -2 1 6 27.5 -2 1 8.695313 16.79688 4.5 1 8.695313 16.79688 4.5 1 8.695313 16.79688 4.5 1 8.695313 16.79688 4.5 1 8.695313 16.79688 4.5 1 8.695313 16.79688 4.5 1 -8.5 14.69531 4.597656 1 -8.5 14.69531 4.597656 1 -8.5 14.69531 4.597656 1 -8.5 14.69531 4.597656 1 -8.5 14.69531 4.597656 1 -8.5 14.69531 4.597656 1 3.898438 15 4.699219 1 3.898438 15 4.699219 1 3.898438 15 4.699219 1 3.898438 15 4.699219 1 3.898438 15 4.699219 1 3.898438 15 4.699219 1 -3.898438 14.89844 4.699219 1 -3.898438 14.89844 4.699219 1 -3.898438 14.89844 4.699219 1 -3.898438 14.89844 4.699219 1 -3.898438 14.89844 4.699219 1 -3.898438 14.89844 4.699219 1 -11 17 0.2998047 1 -11 17 0.2998047 1 -11 17 0.2998047 1 -11 17 0.2998047 1 -11 17 0.2998047 1 -11 17 0.2998047 1 9.898438 20.79688 -0.2998047 1 9.898438 20.79688 -0.2998047 1 9.898438 20.79688 -0.2998047 1 9.898438 20.79688 -0.2998047 1 9.898438 20.79688 -0.2998047 1 9.898438 20.79688 -0.2998047 1 6.699219 14.59375 4.796875 1 6.699219 14.59375 4.796875 1 6.699219 14.59375 4.796875 1 6.699219 14.59375 4.796875 1 6.699219 14.59375 4.796875 1 6.699219 14.59375 4.796875 1 -6.097656 15.09375 5.199219 1 -6.097656 15.09375 5.199219 1 -6.097656 15.09375 5.199219 1 -6.097656 15.09375 5.199219 1 -6.097656 15.09375 5.199219 1 -6.097656 15.09375 5.199219 1 4.5 14.5 2 1 4.5 14.5 2 1 4.5 14.5 2 1 4.5 14.5 2 1 4.5 14.5 2 1 4.5 14.5 2 1 -1.099609 15.39844 3.898438 1 -1.099609 15.39844 3.898438 1 -1.099609 15.39844 3.898438 1 -1.099609 15.39844 3.898438 1 -1.099609 15.39844 3.898438 1 -1.099609 15.39844 3.898438 1 1.899414 18.79688 4.199219 1 1.899414 18.79688 4.199219 1 1.899414 18.79688 4.199219 1 1.899414 18.79688 4.199219 1 1.899414 18.79688 4.199219 1 1.899414 18.79688 4.199219 1 2.599609 14.19531 3.699219 1 2.599609 14.19531 3.699219 1 2.599609 14.19531 3.699219 1 2.599609 14.19531 3.699219 1 2.599609 14.19531 3.699219 1 2.599609 14.19531 3.699219 1 11.39844 18.59375 0.2998047 1 11.39844 18.59375 0.2998047 1 11.39844 18.59375 0.2998047 1 11.39844 18.59375 0.2998047 1 11.39844 18.59375 0.2998047 1 11.39844 18.59375 0.2998047 1 -9.898438 19.29688 1.699219 1 -9.898438 19.29688 1.699219 1 -9.898438 19.29688 1.699219 1 -9.898438 19.29688 1.699219 1 -9.898438 19.29688 1.699219 1 -9.898438 19.29688 1.699219 1 -5.796875 15.09375 -8.59375 1 -5.796875 15.09375 -8.59375 1 -5.796875 15.09375 -8.59375 1 -5.796875 15.09375 -8.59375 1 -5.796875 15.09375 -8.59375 1 -5.796875 15.09375 -8.59375 1 -5.796875 15.09375 -8.59375 1 -5.796875 15.09375 -8.59375 1 -5.796875 15.09375 -8.59375 1 -5.796875 15.09375 -8.59375 1 -5.796875 15.09375 -8.59375 1 -10.09375 15.69531 -5.097656 1 -10.09375 15.69531 -5.097656 1 -10.09375 15.69531 -5.097656 1 -10.09375 15.69531 -5.097656 1 -10.09375 15.69531 -5.097656 1 -10.09375 15.69531 -5.097656 1 -10.09375 15.69531 -5.097656 1 -10.09375 15.69531 -5.097656 1 -10.09375 15.69531 -5.097656 1 -10.09375 15.69531 -5.097656 1 -10.09375 15.69531 -5.097656 1 0.1999512 30.59375 -4.597656 1 0.1999512 30.59375 -4.597656 1 0.1999512 30.59375 -4.597656 1 0.1999512 30.59375 -4.597656 1 0.1999512 30.59375 -4.597656 1 0.1999512 30.59375 -4.597656 1 0.1999512 30.59375 -4.597656 1 0.1999512 30.59375 -4.597656 1 0.1999512 30.59375 -4.597656 1 0.1999512 30.59375 -4.597656 1 0.1999512 30.59375 -4.597656 1 0.1999512 30.59375 -4.597656 1 0.1999512 30.59375 -4.597656 1 0.1999512 30.59375 -4.597656 1 0.1999512 30.59375 -4.597656 1 0.1999512 30.59375 -4.597656 1 0.1999512 30.59375 -4.597656 1 0.1999512 30.59375 -4.597656 1 0.1999512 30.59375 -4.597656 1 0.1999512 30.59375 -4.597656 1 0.1999512 30.59375 -4.597656 1 0.1999512 30.59375 -4.597656 1 -1.799805 25.6875 -8.296875 1 -1.799805 25.6875 -8.296875 1 -1.799805 25.6875 -8.296875 1 -1.799805 25.6875 -8.296875 1 -1.799805 25.6875 -8.296875 1 -1.799805 25.6875 -8.296875 1 -1.799805 25.6875 -8.296875 1 -1.799805 25.6875 -8.296875 1 -1.799805 25.6875 -8.296875 1 -1.799805 25.6875 -8.296875 1 -1.799805 25.6875 -8.296875 1 -6.097656 15.09375 5.199219 1 -6.097656 15.09375 5.199219 1 -6.097656 15.09375 5.199219 1 -6.097656 15.09375 5.199219 1 -6.097656 15.09375 5.199219 1 -6.097656 15.09375 5.199219 1 -6.097656 15.09375 5.199219 1 -6.097656 15.09375 5.199219 1 -6.097656 15.09375 5.199219 1 -6.097656 15.09375 5.199219 1 -6.097656 15.09375 5.199219 1 -8.59375 17.1875 4.296875 1 -8.59375 17.1875 4.296875 1 -8.59375 17.1875 4.296875 1 -8.59375 17.1875 4.296875 1 -8.59375 17.1875 4.296875 1 -8.59375 17.1875 4.296875 1 -8.59375 17.1875 4.296875 1 -8.59375 17.1875 4.296875 1 -8.59375 17.1875 4.296875 1 -8.59375 17.1875 4.296875 1 -8.59375 17.1875 4.296875 1 -6.097656 15.09375 5.199219 1 -6.097656 15.09375 5.199219 1 -6.097656 15.09375 5.199219 1 -6.097656 15.09375 5.199219 1 -6.097656 15.09375 5.199219 1 -6.097656 15.09375 5.199219 1 -6.097656 15.09375 5.199219 1 -6.097656 15.09375 5.199219 1 -6.097656 15.09375 5.199219 1 -6.097656 15.09375 5.199219 1 -6.097656 15.09375 5.199219 1 -10.09375 15.69531 -5.097656 1 -10.09375 15.69531 -5.097656 1 -10.09375 15.69531 -5.097656 1 -10.09375 15.69531 -5.097656 1 -10.09375 15.69531 -5.097656 1 -10.09375 15.69531 -5.097656 1 -10.09375 15.69531 -5.097656 1 -10.09375 15.69531 -5.097656 1 -10.09375 15.69531 -5.097656 1 -10.09375 15.69531 -5.097656 1 -10.09375 15.69531 -5.097656 1 3.898438 15 4.699219 1 3.898438 15 4.699219 1 3.898438 15 4.699219 1 3.898438 15 4.699219 1 3.898438 15 4.699219 1 3.898438 15 4.699219 1 3.898438 15 4.699219 1 3.898438 15 4.699219 1 3.898438 15 4.699219 1 3.898438 15 4.699219 1 3.898438 15 4.699219 1 -10.39844 17.1875 -2.798828 1 -10.39844 17.1875 -2.798828 1 -10.39844 17.1875 -2.798828 1 -10.39844 17.1875 -2.798828 1 -10.39844 17.1875 -2.798828 1 -10.39844 17.1875 -2.798828 1 -10.39844 17.1875 -2.798828 1 -10.39844 17.1875 -2.798828 1 -10.39844 17.1875 -2.798828 1 -10.39844 17.1875 -2.798828 1 -10.39844 17.1875 -2.798828 1 10.89844 18.09375 -3 1 10.89844 18.09375 -3 1 10.89844 18.09375 -3 1 10.89844 18.09375 -3 1 10.89844 18.09375 -3 1 10.89844 18.09375 -3 1 10.89844 18.09375 -3 1 10.89844 18.09375 -3 1 10.89844 18.09375 -3 1 10.89844 18.09375 -3 1 10.89844 18.09375 -3 1 10.89844 18.09375 -3 1 10.89844 18.09375 -3 1 10.89844 18.09375 -3 1 10.89844 18.09375 -3 1 10.89844 18.09375 -3 1 10.89844 18.09375 -3 1 10.89844 18.09375 -3 1 10.89844 18.09375 -3 1 10.89844 18.09375 -3 1 10.89844 18.09375 -3 1 10.89844 18.09375 -3 1 9 16.5 -6.398438 1 9 16.5 -6.398438 1 9 16.5 -6.398438 1 9 16.5 -6.398438 1 9 16.5 -6.398438 1 9 16.5 -6.398438 1 9 16.5 -6.398438 1 9 16.5 -6.398438 1 9 16.5 -6.398438 1 9 16.5 -6.398438 1 9 16.5 -6.398438 1 0.09997559 28 0.5 1 0.09997559 28 0.5 1 0.09997559 28 0.5 1 0.09997559 28 0.5 1 0.09997559 28 0.5 1 0.09997559 28 0.5 1 0.09997559 28 0.5 1 0.09997559 28 0.5 1 0.09997559 28 0.5 1 0.09997559 28 0.5 1 0.09997559 28 0.5 1 -8.296875 21.59375 0.5 1 -8.296875 21.59375 0.5 1 -8.296875 21.59375 0.5 1 -8.296875 21.59375 0.5 1 -8.296875 21.59375 0.5 1 -8.296875 21.59375 0.5 1 -8.296875 21.59375 0.5 1 -8.296875 21.59375 0.5 1 -8.296875 21.59375 0.5 1 -8.296875 21.59375 0.5 1 -8.296875 21.59375 0.5 1 -10.29688 16.1875 2.599609 1 -10.29688 16.1875 2.599609 1 -10.29688 16.1875 2.599609 1 -10.29688 16.1875 2.599609 1 -10.29688 16.1875 2.599609 1 -10.29688 16.1875 2.599609 1 -10.29688 16.1875 2.599609 1 -10.29688 16.1875 2.599609 1 -10.29688 16.1875 2.599609 1 -10.29688 16.1875 2.599609 1 -10.29688 16.1875 2.599609 1 8.5 22.09375 1.599609 1 8.5 22.09375 1.599609 1 8.5 22.09375 1.599609 1 8.5 22.09375 1.599609 1 8.5 22.09375 1.599609 1 8.5 22.09375 1.599609 1 8.5 22.09375 1.599609 1 8.5 22.09375 1.599609 1 8.5 22.09375 1.599609 1 8.5 22.09375 1.599609 1 8.5 22.09375 1.599609 1 -9.898438 19.29688 1.699219 1 -9.898438 19.29688 1.699219 1 -9.898438 19.29688 1.699219 1 -9.898438 19.29688 1.699219 1 -9.898438 19.29688 1.699219 1 -9.898438 19.29688 1.699219 1 -9.898438 19.29688 1.699219 1 -9.898438 19.29688 1.699219 1 -9.898438 19.29688 1.699219 1 -9.898438 19.29688 1.699219 1 -9.898438 19.29688 1.699219 1 6.699219 14.59375 4.796875 1 6.699219 14.59375 4.796875 1 6.699219 14.59375 4.796875 1 6.699219 14.59375 4.796875 1 6.699219 14.59375 4.796875 1 6.699219 14.59375 4.796875 1 6.699219 14.59375 4.796875 1 6.699219 14.59375 4.796875 1 6.699219 14.59375 4.796875 1 6.699219 14.59375 4.796875 1 6.699219 14.59375 4.796875 1 8.695313 16.79688 4.5 1 8.695313 16.79688 4.5 1 8.695313 16.79688 4.5 1 8.695313 16.79688 4.5 1 8.695313 16.79688 4.5 1 8.695313 16.79688 4.5 1 8.695313 16.79688 4.5 1 8.695313 16.79688 4.5 1 8.695313 16.79688 4.5 1 8.695313 16.79688 4.5 1 8.695313 16.79688 4.5 1 11.39844 18.59375 0.2998047 1 11.39844 18.59375 0.2998047 1 11.39844 18.59375 0.2998047 1 11.39844 18.59375 0.2998047 1 11.39844 18.59375 0.2998047 1 11.39844 18.59375 0.2998047 1 11.39844 18.59375 0.2998047 1 11.39844 18.59375 0.2998047 1 11.39844 18.59375 0.2998047 1 11.39844 18.59375 0.2998047 1 11.39844 18.59375 0.2998047 1 8.695313 16.79688 4.5 1 8.695313 16.79688 4.5 1 8.695313 16.79688 4.5 1 8.695313 16.79688 4.5 1 8.695313 16.79688 4.5 1 8.695313 16.79688 4.5 1 8.695313 16.79688 4.5 1 8.695313 16.79688 4.5 1 8.695313 16.79688 4.5 1 8.695313 16.79688 4.5 1 8.695313 16.79688 4.5 1 1.899414 18.79688 4.199219 1 1.899414 18.79688 4.199219 1 1.899414 18.79688 4.199219 1 1.899414 18.79688 4.199219 1 1.899414 18.79688 4.199219 1 1.899414 18.79688 4.199219 1 1.899414 18.79688 4.199219 1 1.899414 18.79688 4.199219 1 1.899414 18.79688 4.199219 1 1.899414 18.79688 4.199219 1 1.899414 18.79688 4.199219 1 3.798828 15.09375 -8.195313 1 3.798828 15.09375 -8.195313 1 3.798828 15.09375 -8.195313 1 3.798828 15.09375 -8.195313 1 3.798828 15.09375 -8.195313 1 3.798828 15.09375 -8.195313 1 3.798828 15.09375 -8.195313 1 3.798828 15.09375 -8.195313 1 3.798828 15.09375 -8.195313 1 3.798828 15.09375 -8.195313 1 3.798828 15.09375 -8.195313 1 3.798828 15.09375 -8.195313 1 3.798828 15.09375 -8.195313 1 3.798828 15.09375 -8.195313 1 3.798828 15.09375 -8.195313 1 3.798828 15.09375 -8.195313 1 3.798828 15.09375 -8.195313 1 3.798828 15.09375 -8.195313 1 3.798828 15.09375 -8.195313 1 3.798828 15.09375 -8.195313 1 3.798828 15.09375 -8.195313 1 3.798828 15.09375 -8.195313 1 -5.796875 15.09375 -8.59375 1 -5.796875 15.09375 -8.59375 1 -5.796875 15.09375 -8.59375 1 -5.796875 15.09375 -8.59375 1 -5.796875 15.09375 -8.59375 1 -5.796875 15.09375 -8.59375 1 -5.796875 15.09375 -8.59375 1 -5.796875 15.09375 -8.59375 1 -5.796875 15.09375 -8.59375 1 -5.796875 15.09375 -8.59375 1 -5.796875 15.09375 -8.59375 1</float_array>
          <technique_common>
            <accessor source="#L02_011_1__mShadowShake-color-array" count="524" stride="4">
              <param name="R" type="float" />
              <param name="G" type="float" />
              <param name="B" type="float" />
              <param name="A" type="float" />
            </accessor>
          </technique_common>
        </source>
        <vertices id="L02_011_1__mShadowShake-vertex">
          <input semantic="POSITION" source="#L02_011_1__mShadowShake-position" />
        </vertices>
        <triangles material="mShadowShake" count="286">
          <input semantic="VERTEX" source="#L02_011_1__mShadowShake-vertex" offset="0" />
          <input semantic="NORMAL" source="#L02_011_1__mShadowShake-normal" offset="1" />
          <input semantic="COLOR" source="#L02_011_1__mShadowShake-color" offset="2" set="0" />
          <p>0 0 0 1 1 1 2 2 2 1 1 1 3 3 3 2 2 2 4 4 4 1 1 1 5 5 5 1 1 1 0 0 0 5 5 5 6 6 6 7 7 7 8 8 8 7 7 7 9 9 9 8 8 8 10 10 10 7 7 7 11 11 11 7 7 7 6 6 6 11 11 11 12 12 12 13 13 13 14 14 14 13 13 13 15 15 15 14 14 14 16 16 16 13 13 13 17 17 17 13 13 13 12 12 12 17 17 17 18 18 18 19 19 19 20 20 20 19 19 19 21 21 21 20 20 20 22 22 22 19 19 19 23 23 23 19 19 19 18 18 18 23 23 23 24 24 24 25 25 25 26 26 26 25 25 25 27 27 27 26 26 26 28 28 28 25 25 25 29 29 29 25 25 25 24 24 24 29 29 29 30 30 30 31 31 31 32 32 32 31 31 31 33 33 33 32 32 32 34 34 34 31 31 31 35 35 35 31 31 31 30 30 30 35 35 35 36 36 36 37 37 37 38 38 38 37 37 37 39 39 39 38 38 38 40 40 40 41 41 41 38 38 38 41 41 41 36 36 36 38 38 38 42 42 42 43 43 43 44 44 44 43 43 43 45 45 45 44 44 44 46 46 46 43 43 43 47 47 47 43 43 43 42 42 42 47 47 47 48 48 48 49 49 49 50 50 50 49 49 49 51 51 51 50 50 50 52 52 52 53 53 53 50 50 50 53 53 53 48 48 48 50 50 50 54 54 54 55 55 55 56 56 56 55 55 55 57 57 57 56 56 56 58 58 58 55 55 55 59 59 59 55 55 55 54 54 54 59 59 59 60 60 60 61 61 61 62 62 62 61 61 61 63 63 63 62 62 62 64 64 64 65 65 65 62 62 62 65 65 65 60 60 60 62 62 62 66 66 66 67 67 67 68 68 68 67 67 67 69 69 69 68 68 68 70 70 70 67 67 67 71 71 71 67 67 67 66 66 66 71 71 71 72 72 72 73 73 73 74 74 74 73 73 73 75 75 75 74 74 74 76 76 76 73 73 73 77 77 77 73 73 73 72 72 72 77 77 77 78 78 78 79 79 79 80 80 80 79 79 79 81 81 81 80 80 80 82 82 82 83 83 83 80 80 80 83 83 83 78 78 78 80 80 80 84 84 84 85 85 85 86 86 86 85 85 85 87 87 87 86 86 86 88 88 88 89 89 89 86 86 86 89 89 89 84 84 84 86 86 86 90 90 90 91 91 91 92 92 92 91 91 91 93 93 93 92 92 92 94 94 94 91 91 91 95 95 95 91 91 91 90 90 90 95 95 95 96 96 96 97 97 97 98 98 98 97 97 97 99 99 99 98 98 98 100 100 100 97 97 97 101 101 101 97 97 97 96 96 96 101 101 101 102 102 102 103 103 103 104 104 104 103 103 103 105 105 105 104 104 104 104 104 104 105 105 105 106 106 106 107 107 107 108 108 108 109 109 109 108 108 108 110 110 110 109 109 109 111 111 111 112 112 112 109 109 109 112 112 112 107 107 107 109 109 109 113 113 113 114 114 114 115 115 115 114 114 114 116 116 116 115 115 115 117 117 117 114 114 114 118 118 118 114 114 114 113 113 113 118 118 118 119 119 119 120 120 120 121 121 121 120 120 120 122 122 122 121 121 121 123 123 123 124 124 124 121 121 121 124 124 124 119 119 119 121 121 121 125 125 125 126 126 126 127 127 127 126 126 126 128 128 128 127 127 127 129 129 129 126 126 126 130 130 130 126 126 126 125 125 125 130 130 130 131 131 131 132 132 132 133 133 133 132 132 132 134 134 134 133 133 133 135 135 135 132 132 132 136 136 136 132 132 132 131 131 131 136 136 136 137 137 137 138 138 138 139 139 139 138 138 138 140 140 140 139 139 139 141 141 141 138 138 138 142 142 142 138 138 138 137 137 137 142 142 142 143 143 143 144 144 144 145 145 145 144 144 144 146 146 146 145 145 145 147 147 147 148 148 148 145 145 145 148 148 148 143 143 143 145 145 145 149 149 149 150 150 150 151 151 151 150 150 150 152 152 152 151 151 151 153 153 153 150 150 150 154 154 154 150 150 150 149 149 149 154 154 154 155 155 155 156 156 156 157 157 157 156 156 156 158 158 158 157 157 157 159 159 159 160 160 160 157 157 157 160 160 160 155 155 155 157 157 157 161 161 161 162 162 162 163 163 163 162 162 162 164 164 164 163 163 163 165 165 165 162 162 162 166 166 166 162 162 162 161 161 161 166 166 166 167 167 167 168 168 168 169 169 169 168 168 168 170 170 170 169 169 169 171 171 171 172 172 172 169 169 169 172 172 172 167 167 167 169 169 169 173 173 173 174 174 174 175 175 175 174 174 174 176 176 176 175 175 175 177 177 177 174 174 174 178 178 178 174 174 174 173 173 173 178 178 178 179 179 179 180 180 180 181 181 181 180 180 180 182 182 182 181 181 181 183 183 183 184 184 184 181 181 181 184 184 184 179 179 179 181 181 181 185 185 185 186 186 186 187 187 187 186 186 186 188 188 188 187 187 187 189 189 189 186 186 186 190 190 190 186 186 186 185 185 185 190 190 190 191 191 191 192 192 192 193 193 193 192 192 192 194 194 194 193 193 193 195 195 195 196 196 196 193 193 193 196 196 196 191 191 191 193 193 193 197 197 197 198 198 198 199 199 199 198 198 198 200 200 200 199 199 199 201 201 201 198 198 198 202 202 202 198 198 198 197 197 197 202 202 202 203 203 203 204 204 204 205 205 205 204 204 204 206 206 206 205 205 205 207 207 207 208 208 208 205 205 205 208 208 208 203 203 203 205 205 205 209 209 209 210 210 210 211 211 211 210 210 210 212 212 212 211 211 211 213 213 213 214 214 214 211 211 211 214 214 214 209 209 209 211 211 211 215 215 215 216 216 216 217 217 217 216 216 216 218 218 218 217 217 217 219 219 219 220 220 220 217 217 217 220 220 220 215 215 215 217 217 217 221 221 221 222 222 222 223 223 223 222 222 222 224 224 224 223 223 223 225 225 225 222 222 222 226 226 226 222 222 222 221 221 221 226 226 226 227 227 227 228 228 228 229 229 229 228 228 228 230 230 230 229 229 229 231 231 231 232 232 232 233 233 233 232 232 232 234 234 234 233 233 233 235 235 235 236 236 236 237 237 237 238 238 238 239 239 239 240 240 240 239 239 239 241 241 241 240 240 240 242 242 242 243 243 243 244 244 244 243 243 243 245 245 245 244 244 244 246 246 246 247 247 247 248 248 248 249 249 249 250 250 250 251 251 251 250 250 250 252 252 252 251 251 251 253 253 253 254 254 254 255 255 255 254 254 254 256 256 256 255 255 255 257 257 257 258 258 258 259 259 259 260 260 260 261 261 261 262 262 262 261 261 261 263 263 263 262 262 262 264 264 264 265 265 265 266 266 266 265 265 265 267 267 267 266 266 266 268 268 268 269 269 269 270 270 270 271 271 271 272 272 272 273 273 273 272 272 272 274 274 274 273 273 273 275 275 275 276 276 276 277 277 277 276 276 276 278 278 278 277 277 277 279 279 279 280 280 280 281 281 281 282 282 282 283 283 283 284 284 284 283 283 283 285 285 285 284 284 284 286 286 286 287 287 287 288 288 288 287 287 287 289 289 289 288 288 288 290 290 290 291 291 291 292 292 292 293 293 293 294 294 294 295 295 295 294 294 294 296 296 296 295 295 295 297 297 297 298 298 298 299 299 299 298 298 298 300 300 300 299 299 299 301 301 301 302 302 302 303 303 303 304 304 304 305 305 305 306 306 306 305 305 305 307 307 307 306 306 306 308 308 308 309 309 309 310 310 310 309 309 309 311 311 311 310 310 310 312 312 312 313 313 313 314 314 314 315 315 315 316 316 316 317 317 317 316 316 316 318 318 318 317 317 317 319 319 319 320 320 320 321 321 321 320 320 320 322 322 322 321 321 321 323 323 323 324 324 324 325 325 325 326 326 326 327 327 327 328 328 328 327 327 327 329 329 329 328 328 328 330 330 330 331 331 331 332 332 332 331 331 331 333 333 333 332 332 332 334 334 334 335 335 335 336 336 336 337 337 337 338 338 338 339 339 339 338 338 338 340 340 340 339 339 339 341 341 341 342 342 342 343 343 343 342 342 342 344 344 344 343 343 343 345 345 345 346 346 346 347 347 347 348 348 348 349 349 349 350 350 350 349 349 349 351 351 351 350 350 350 352 352 352 353 353 353 354 354 354 353 353 353 355 355 355 354 354 354 356 356 356 357 357 357 358 358 358 359 359 359 360 360 360 361 361 361 360 360 360 362 362 362 361 361 361 363 363 363 364 364 364 365 365 365 364 364 364 366 366 366 365 365 365 367 367 367 368 368 368 369 369 369 370 370 370 371 371 371 372 372 372 371 371 371 373 373 373 372 372 372 374 374 374 375 375 375 376 376 376 375 375 375 377 377 377 376 376 376 378 378 378 379 379 379 380 380 380 381 381 381 382 382 382 383 383 383 382 382 382 384 384 384 383 383 383 385 385 385 386 386 386 387 387 387 386 386 386 388 388 388 387 387 387 389 389 389 390 390 390 391 391 391 392 392 392 393 393 393 394 394 394 393 393 393 395 395 395 394 394 394 396 396 396 397 397 397 398 398 398 397 397 397 399 399 399 398 398 398 400 400 400 401 401 401 402 402 402 403 403 403 404 404 404 405 405 405 404 404 404 406 406 406 405 405 405 407 407 407 408 408 408 409 409 409 408 408 408 410 410 410 409 409 409 411 411 411 412 412 412 413 413 413 414 414 414 415 415 415 416 416 416 415 415 415 417 417 417 416 416 416 418 418 418 419 419 419 420 420 420 419 419 419 421 421 421 420 420 420 422 422 422 423 423 423 424 424 424 425 425 425 426 426 426 427 427 427 426 426 426 428 428 428 427 427 427 429 429 429 430 430 430 431 431 431 430 430 430 432 432 432 431 431 431 433 433 433 434 434 434 435 435 435 436 436 436 437 437 437 438 438 438 437 437 437 439 439 439 438 438 438 440 440 440 441 441 441 442 442 442 441 441 441 443 443 443 442 442 442 444 444 444 445 445 445 446 446 446 447 447 447 448 448 448 449 449 449 448 448 448 450 450 450 449 449 449 451 451 451 452 452 452 453 453 453 452 452 452 454 454 454 453 453 453 455 455 455 456 456 456 457 457 457 458 458 458 459 459 459 460 460 460 459 459 459 461 461 461 460 460 460 462 462 462 463 463 463 464 464 464 463 463 463 465 465 465 464 464 464 466 466 466 467 467 467 468 468 468 469 469 469 470 470 470 471 471 471 470 470 470 472 472 472 471 471 471 473 473 473 474 474 474 475 475 475 474 474 474 476 476 476 475 475 475 477 477 477 478 478 478 479 479 479 480 480 480 481 481 481 482 482 482 481 481 481 483 483 483 482 482 482 484 484 484 485 485 485 486 486 486 485 485 485 487 487 487 486 486 486 488 488 488 489 489 489 490 490 490 491 491 491 492 492 492 493 493 493 492 492 492 494 494 494 493 493 493 495 495 495 496 496 496 497 497 497 496 496 496 498 498 498 497 497 497 499 499 499 500 500 500 501 501 501 502 502 502 503 503 503 504 504 504 503 503 503 505 505 505 504 504 504 506 506 506 507 507 507 508 508 508 507 507 507 509 509 509 508 508 508 510 510 510 511 511 511 512 512 512 513 513 513 514 514 514 515 515 515 514 514 514 516 516 516 515 515 515 517 517 517 518 518 518 519 519 519 518 518 518 520 520 520 519 519 519 521 521 521 522 522 522 523 523 523 </p>
        </triangles>
      </mesh>
    </geometry>
    <geometry id="LB014_1__mShadow-mesh" name="LB014_1__mShadow">
      <mesh>
        <source id="LB014_1__mShadow-position">
          <float_array id="LB014_1__mShadow-position-array" count="2034">-0.2601225 30.78757 -4.298208 -0.8728294 28.07853 1.383582 2.372393 30.65449 -4.525663 -0.8728294 28.07853 1.383582 4.750352 20.6783 2.019388 2.903415 27.88217 1.035901 -5.502988 27.64254 -2.118896 -0.8728294 28.07853 1.383582 -3.057096 30.30486 -3.824744 -5.502988 27.64254 -2.118896 -5.650089 23.48907 0.06866026 -0.8728294 28.07853 1.383582 -0.8728294 28.07853 1.383582 -5.650089 23.48907 0.06866026 -3.380641 20.9017 2.235846 2.372393 30.65449 -4.525663 2.903415 27.88217 1.035901 6.436178 26.90289 -2.100554 -0.8728294 28.07853 1.383582 -3.380641 20.9017 2.235846 4.750352 20.6783 2.019388 -3.057096 30.30486 -3.824744 -0.8728294 28.07853 1.383582 -0.2601225 30.78757 -4.298208 2.372393 30.65449 -4.525663 -0.8728294 28.07853 1.383582 2.903415 27.88217 1.035901 2.903415 27.88217 1.035901 4.750352 20.6783 2.019388 6.436178 26.90289 -2.100554 -5.826636 19.83473 5.254224 -2.998027 17.30114 5.318405 -3.052699 20.71809 4.028965 -7.474289 13.74662 5.090281 -3.84855 14.0948 4.955838 -6.650463 16.79068 5.658452 -7.48606 20.19085 4.512776 -7.832054 18.74369 5.365747 -5.826636 19.83473 5.254224 -7.832054 18.74369 5.365747 -6.650463 16.79068 5.658452 -5.826636 19.83473 5.254224 -5.840336 21.40495 4.231501 -7.48606 20.19085 4.512776 -5.826636 19.83473 5.254224 -6.650463 16.79068 5.658452 -2.998027 17.30114 5.318405 -5.826636 19.83473 5.254224 -2.998027 17.30114 5.318405 -3.84855 14.0948 4.955838 -0.2228117 14.44298 3.724766 -6.650463 16.79068 5.658452 -3.84855 14.0948 4.955838 -2.998027 17.30114 5.318405 9.087232 22.51412 0.8432467 8.602611 19.69623 4.903445 11.05892 19.29329 2.2813 2.060828 23.09177 1.08572 6.096355 22.02892 3.267749 6.807547 22.92379 -0.184494 6.096355 22.02892 3.267749 4.057367 21.45374 4.040149 5.230567 19.88179 5.98299 8.578899 17.24918 5.955863 8.602611 19.69623 4.903445 5.230567 19.88179 5.98299 8.578899 17.24918 5.955863 8.756024 14.53362 4.947606 11.22651 15.45473 3.490316 8.602611 19.69623 4.903445 7.305775 21.73138 3.427775 5.230567 19.88179 5.98299 7.305775 21.73138 3.427775 6.096355 22.02892 3.267749 5.230567 19.88179 5.98299 2.162954 18.95673 5.506846 3.785734 16.40586 6.111496 5.230567 19.88179 5.98299 6.285542 13.61251 4.807136 3.785734 16.40586 6.111496 0.7283025 14.65093 3.003306 2.060828 23.09177 1.08572 4.057367 21.45374 4.040149 6.096355 22.02892 3.267749 9.087232 22.51412 0.8432467 7.305775 21.73138 3.427775 8.602611 19.69623 4.903445 8.578899 17.24918 5.955863 6.285542 13.61251 4.807136 8.756024 14.53362 4.947606 -1.124861 14.82356 2.267861 -2.494608 5 2.200428 -1.23232 5 2.874999 1.243981 5 2.874999 2.503163 5 2.200429 1.159436 14.82356 2.267861 3.288261 14.85226 3.184082E-05 3.276486 5 1.190863 3.566844 5 1.06087E-05 3.276486 5 1.190863 3.288261 14.85226 3.184082E-05 2.503163 5 2.200429 -1.124861 14.82356 2.267861 -2.987427 14.82356 0.9393781 -2.494608 5 2.200428 1.159436 14.82356 2.267861 2.503163 5 2.200429 2.269465 14.82356 1.735746 -2.494608 5 2.200428 -2.987427 14.82356 0.9393781 -3.278038 5 1.190863 2.503163 5 2.200429 3.288261 14.85226 3.184082E-05 2.269465 14.82356 1.735746 -2.274949E-07 -1.070437 -6.274914 -2.408051E-07 0.6767898 -4.832189 1.463494 -1.192288 -4.369884 -2.274949E-07 -1.070437 -6.274914 -1.463495 -1.192288 -4.369884 -2.408051E-07 0.6767898 -4.832189 -3.909625 -1.411707 5.203281 -2.985651 0.9983063 4.049938 -3.835033 -1.022902 2.616471 -3.909625 -1.411707 5.203281 -1.400592 -1.022902 4.567174 -2.985651 0.9983063 4.049938 3.396237 -1.420147 5.037057 2.574655 1.072382 3.846397 0.9348921 -0.8555536 4.195635 3.396237 -1.420147 5.037057 3.484351 -0.8555535 2.436836 2.574655 1.072382 3.846397 6.009509 -1.420147 -2.138003 4.670847 1.072382 -1.589686 4.701659 -0.8555535 0.1842935 6.009509 -1.420147 -2.138003 3.448205 -0.8555535 -2.877019 4.670847 1.072382 -1.589686 5.803755 9.62554 -4.178686 6.806233 9.62554 -3.109163 3.904541 9.384044 -0.03948832 6.806233 9.62554 -3.109163 6.24571 9.794939 0.7753023 3.904541 9.384044 -0.03948832 6.765269 21.79652 -5.608683 4.425901 22.68965 -0.5741398 8.487253 21.79652 -3.771533 0.4440603 21.79652 -3.737932 4.425901 22.68965 -0.5741398 3.170255 21.79652 -6.150166 8.487253 21.79652 -3.771533 4.425901 22.68965 -0.5741398 8.41088 21.79652 1.066319 3.170255 21.79652 -6.150166 4.425901 22.68965 -0.5741398 6.765269 21.79652 -5.608683 -5.910064 -1.420148 -2.14264 -4.572155 1.072381 -1.592489 -3.347892 -0.8555538 -2.876675 -5.910064 -1.420148 -2.14264 -4.606331 -0.8555539 0.1825915 -4.572155 1.072381 -1.592489 1.045988 19.17352 -7.444242 2.738436 19.17352 -6.385325 -9.754181E-07 18.2232 -4.091767 -1.045992 19.17352 -7.444242 1.045988 19.17352 -7.444242 -9.754181E-07 18.2232 -4.091767 -1.045992 19.17352 -7.444242 -9.754181E-07 18.2232 -4.091767 -3.986655 19.17352 -3.335871 2.738436 19.17352 -6.385325 3.986652 19.17352 -3.335872 -9.754181E-07 18.2232 -4.091767 0.8804716 29.58821 -6.687192 -1.515524E-06 30.57938 -4.091767 2.305108 29.58821 -5.795837 -0.8804755 29.58821 -6.687191 -1.515524E-06 30.57938 -4.091767 0.8804716 29.58821 -6.687192 -2.305111 29.58821 -5.795836 -1.515524E-06 30.57938 -4.091767 -0.8804755 29.58821 -6.687191 -3.355811 29.58821 -3.017504 -1.515524E-06 30.57938 -4.091767 -2.305111 29.58821 -5.795836 2.305108 29.58821 -5.795837 -1.515524E-06 30.57938 -4.091767 3.355808 29.58821 -3.017504 -6.181838 9.261902 -3.631581 -5.100999 9.261902 -4.506711 -4.198823 8.929316 -2.568049 -4.198823 8.929316 -2.568049 -5.100999 9.261902 -4.506711 -1.892416 9.261902 -2.785879 -7.610821 22.09521 -4.579467 -4.198824 23.38602 -2.568049 -5.76096 22.09521 -6.077258 -7.943679 22.09521 -0.05032229 -4.198824 23.38602 -2.568049 -7.610821 22.09521 -4.579467 -5.76096 22.09521 -6.077258 -4.198824 23.38602 -2.568049 -2.670709 22.09521 -6.011188 -2.670709 22.09521 -6.011188 -4.198824 23.38602 -2.568049 -0.2694473 22.09521 -3.132044 -7.832054 18.74369 5.365747 -7.48606 20.19085 4.512776 -10.03641 17.29438 3.77263 -9.950109 20.14214 0.578142 -7.474289 13.74662 5.090281 -6.650463 16.79068 5.658452 -10.03641 17.29438 3.77263 -7.832054 18.74369 5.365747 -5.840336 21.40495 4.231501 -4.429349 21.57329 3.957008 -7.377202 22.56298 -0.5692554 -4.555601 23.23921 -2.448593 -9.950109 20.14214 0.578142 -7.48606 20.19085 4.512776 -7.377202 22.56298 -0.5692554 -5.840336 21.40495 4.231501 -3.052699 20.71809 4.028965 -4.429349 21.57329 3.957008 -5.826636 19.83473 5.254224 -5.840336 21.40495 4.231501 -3.052699 20.71809 4.028965 -2.998027 17.30114 5.318405 1.356668 21.60146 1.65018 -0.2228117 14.44298 3.724766 5.230567 19.88179 5.98299 6.07003 16.41861 6.298938 8.578899 17.24918 5.955863 3.785734 16.40586 6.111496 -0.650321 17.97587 2.508305 0.7283025 14.65093 3.003306 2.162954 18.95673 5.506846 3.785734 16.40586 6.111496 6.096355 22.02892 3.267749 7.305775 21.73138 3.427775 6.807547 22.92379 -0.184494 9.087232 22.51412 0.8432467 8.602611 19.69623 4.903445 8.578899 17.24918 5.955863 11.05892 19.29329 2.2813 11.22651 15.45473 3.490316 5.230567 19.88179 5.98299 2.57397 20.23909 4.832065 2.162954 18.95673 5.506846 4.057367 21.45374 4.040149 8.578899 17.24918 5.955863 6.07003 16.41861 6.298938 6.285542 13.61251 4.807136 3.785734 16.40586 6.111496 2.622112 1.146161E-07 -2.436942 2.503164 5 -2.200428 3.425953 1.497532E-07 -1.318863 3.276487 5 -1.190862 1.728088E-06 7.553712E-14 -3.446359 0.006431241 5 -3.111876 2.622112 1.146161E-07 -2.436942 2.503164 5 -2.200428 -2.494607 5 -2.20043 0.006431241 5 -3.111876 -2.622109 -1.14616E-07 -2.436944 1.728088E-06 7.553712E-14 -3.446359 -3.278038 5 -1.190865 -2.494607 5 -2.20043 -3.425952 -1.497531E-07 -1.318866 -2.622109 -1.14616E-07 -2.436944 -3.549592 5 2.090309E-05 -3.278038 5 -1.190865 -3.708224 -1.620916E-07 -1.074879E-06 -3.425952 -1.497531E-07 -1.318866 -3.425953 -1.497532E-07 1.318864 -3.278038 5 1.190863 -3.708224 -1.620916E-07 -1.074879E-06 -3.549592 5 2.090309E-05 -2.622111 -1.146161E-07 2.436943 -2.494608 5 2.200428 -3.425953 -1.497532E-07 1.318864 -3.278038 5 1.190863 -1.287014 -5.625717E-08 3.18402 -1.23232 5 2.874999 -2.622111 -1.146161E-07 2.436943 -2.494608 5 2.200428 1.243981 5 2.874999 -1.23232 5 2.874999 1.287013 5.625713E-08 3.184021 -1.287014 -5.625717E-08 3.18402 2.503163 5 2.200429 1.243981 5 2.874999 2.62211 1.146161E-07 2.436944 1.287013 5.625713E-08 3.184021 3.276486 5 1.190863 2.503163 5 2.200429 3.425952 1.497531E-07 1.318864 2.62211 1.146161E-07 2.436944 3.566844 5 1.06087E-05 3.276486 5 1.190863 3.708224 1.620916E-07 -1.620916E-07 3.425952 1.497531E-07 1.318864 3.425953 1.497532E-07 -1.318863 3.276487 5 -1.190862 3.708224 1.620916E-07 -1.620916E-07 3.566844 5 1.06087E-05 0.006431241 5 -3.111876 0.01906338 14.82356 -2.454715 2.503164 5 -2.200428 2.269466 14.82356 -1.735745 0.006431241 5 -3.111876 -2.494607 5 -2.20043 0.01906338 14.82356 -2.454715 -2.244102 14.82356 -1.735746 -3.278038 5 1.190863 -2.987427 14.82356 0.9393781 -3.549592 5 2.090309E-05 -3.237927 14.82356 6.408346E-05 1.159436 14.82356 2.267861 -1.124861 14.82356 2.267861 1.243981 5 2.874999 -1.23232 5 2.874999 -2.408051E-07 0.6767898 -4.832189 -2.040725E-07 2.03631 -2.632326 1.463494 -1.192288 -4.369884 2.692557 -0.9999999 -1.89251 -2.692557 -1 -1.89251 -2.040725E-07 2.03631 -2.632326 -1.463495 -1.192288 -4.369884 -2.408051E-07 0.6767898 -4.832189 -2.985651 0.9983063 4.049938 -1.630553 2.21316 2.358743 -3.835033 -1.022902 2.616471 -3.042506 -1 0.2749225 0.71093 -0.9999999 3.282529 -1.630553 2.21316 2.358743 -1.400592 -1.022902 4.567174 -2.985651 0.9983063 4.049938 2.574655 1.072382 3.846397 1.326292 2.20472 2.036909 0.9348921 -0.8555536 4.195635 -1.198449 -1 2.875694 3.006914 -0.9999999 -0.02546636 1.326292 2.20472 2.036909 3.484351 -0.8555535 2.436836 2.574655 1.072382 3.846397 4.670847 1.072382 -1.589686 2.636444 2.20472 -0.7566999 4.701659 -0.8555535 0.1842935 2.855541 -0.9999999 1.739922 1.041687 -0.9999999 -2.690058 2.636444 2.20472 -0.7566999 3.448205 -0.8555535 -2.877019 4.670847 1.072382 -1.589686 5.803755 9.62554 -4.178686 6.951131 10.59074 -5.75072 6.806233 9.62554 -3.109163 8.857957 10.59074 -3.716367 6.951131 10.59074 -5.75072 5.803755 9.62554 -4.178686 3.020465 10.52239 -6.205111 3.675376 9.633453 -2.571501 6.24571 9.794939 0.7753023 6.806233 9.62554 -3.109163 8.40938 10.80115 1.319942 8.857957 10.59074 -3.716367 6.951131 10.59074 -5.75072 7.861693 12.09409 -6.998293 8.857957 10.59074 -3.716367 10.48621 12.09409 -4.198246 7.861693 12.09409 -6.998293 6.951131 10.59074 -5.75072 2.67755 11.98515 -7.297964 3.020465 10.52239 -6.205111 8.40938 10.80115 1.319942 8.857957 10.59074 -3.716367 10.19288 12.29225 1.507488 10.48621 12.09409 -4.198246 7.861693 12.09409 -6.998293 8.446311 13.4465 -7.799284 10.48621 12.09409 -4.198246 11.53162 13.4465 -4.507632 10.19288 12.29225 1.507488 10.48621 12.09409 -4.198246 11.37083 13.61591 1.506778 11.53162 13.4465 -4.507632 8.446311 13.4465 -7.799284 8.647757 15.34996 -8.075287 11.53162 13.4465 -4.507632 11.89184 15.34996 -4.61424 -2.063068 11.87622 -3.076812 -3.344587 14.95632 -4.242621 2.67755 11.98515 -7.297964 2.429822 15.15314 -8.419367 11.37083 13.61591 1.506778 11.53162 13.4465 -4.507632 11.82243 15.34996 1.338129 11.89184 15.34996 -4.61424 11.89184 15.34996 -4.61424 8.647757 15.34996 -8.075287 11.53162 17.79176 -4.507632 8.446311 17.79176 -7.799284 11.89184 15.34996 -4.61424 11.53162 17.79176 -4.507632 11.82243 15.34996 1.338129 11.52639 17.79176 1.883796 11.53162 17.79176 -4.507632 8.446311 17.79176 -7.799284 10.48621 19.74399 -4.198246 7.861693 19.74399 -6.998293 -3.344587 14.95632 -4.242621 -1.772623 19.74399 -4.147036 2.429822 15.15314 -8.419367 2.822773 19.74399 -7.833076 11.53162 17.79176 -4.507632 10.48621 19.74399 -4.198246 11.52639 17.79176 1.883796 10.46518 19.74399 1.890578 10.48621 19.74399 -4.198246 7.861693 19.74399 -6.998293 8.487253 21.79652 -3.771533 6.765269 21.79652 -5.608683 7.861693 19.74399 -6.998293 2.822773 19.74399 -7.833076 6.765269 21.79652 -5.608683 3.170255 21.79652 -6.150166 10.46518 19.74399 1.890578 10.48621 19.74399 -4.198246 8.41088 21.79652 1.066319 8.487253 21.79652 -3.771533 1.546998 9.641366 -0.9643149 3.675376 9.633453 -2.571501 3.904541 9.384044 -0.03948832 5.803755 9.62554 -4.178686 2.67755 11.98515 -7.297964 3.020465 10.52239 -6.205111 -2.063068 11.87622 -3.076812 -0.4666772 10.45404 -2.138676 3.020465 10.52239 -6.205111 3.675376 9.633453 -2.571501 -0.4666772 10.45404 -2.138676 1.546998 9.641366 -0.9643149 3.170255 21.79652 -6.150166 2.822773 19.74399 -7.833076 0.4440603 21.79652 -3.737932 -1.772623 19.74399 -4.147036 -4.572155 1.072381 -1.592489 -2.539112 2.20472 -0.7561907 -3.347892 -0.8555538 -2.876675 -0.9612162 -1 -2.638306 -2.742267 -1 1.691429 -2.539112 2.20472 -0.7561907 -4.606331 -0.8555539 0.1825915 -4.572155 1.072381 -1.592489 1.045988 19.17352 -7.444242 1.708365 21.66007 -8.66725 2.738436 19.17352 -6.385325 4.47256 21.13668 -6.937772 1.045988 19.17352 -7.444242 -1.045992 19.17352 -7.444242 1.708365 21.66007 -8.66725 -1.708368 21.66007 -8.66725 2.738436 19.17352 -6.385325 4.47256 21.13668 -6.937772 3.986652 19.17352 -3.335872 6.511214 21.66007 -1.331706 4.47256 21.13668 -6.937772 1.708365 21.66007 -8.66725 4.801704 24.15843 -7.09606 1.834086 24.15843 -8.952814 1.708365 21.66007 -8.66725 -1.708368 21.66007 -8.66725 1.834086 24.15843 -8.952814 -1.83409 24.15843 -8.952814 -1.708368 21.66007 -8.66725 -4.472564 21.66007 -6.93777 -1.83409 24.15843 -8.952814 -4.801708 24.15843 -7.096059 -4.472564 21.66007 -6.93777 -6.511216 21.66006 -1.331705 -4.801708 24.15843 -7.096059 -6.990388 24.15843 -1.284058 4.47256 21.13668 -6.937772 4.801704 24.15843 -7.09606 6.511214 21.66007 -1.331706 6.990386 24.15843 -1.284059 4.801704 24.15843 -7.09606 1.834086 24.15843 -8.952814 4.566692 25.99252 -6.949019 1.74432 25.99252 -8.714897 1.834086 24.15843 -8.952814 -1.83409 24.15843 -8.952814 1.74432 25.99252 -8.714897 -1.744324 25.99252 -8.714897 -4.801708 24.15843 -7.096059 -4.566696 25.99252 -6.949018 -1.83409 24.15843 -8.952814 -1.744324 25.99252 -8.714897 -4.801708 24.15843 -7.096059 -6.990388 24.15843 -1.284058 -4.566696 25.99252 -6.949018 -6.648255 25.99252 -1.062548 4.801704 24.15843 -7.09606 4.566692 25.99252 -6.949019 6.990386 24.15843 -1.284059 6.648252 25.99252 -1.062549 4.566692 25.99252 -6.949019 1.74432 25.99252 -8.714897 3.701655 28.09919 -6.500423 1.413905 28.09919 -7.931804 1.74432 25.99252 -8.714897 -1.744324 25.99252 -8.714897 1.413905 28.09919 -7.931804 -1.413909 28.09919 -7.931803 -4.566696 25.99252 -6.949018 -3.701659 28.09919 -6.500422 -1.744324 25.99252 -8.714897 -1.413909 28.09919 -7.931803 -6.648255 25.99252 -1.062548 -5.388923 28.09919 -2.252422 -4.566696 25.99252 -6.949018 -3.701659 28.09919 -6.500422 6.648252 25.99252 -1.062549 4.566692 25.99252 -6.949019 5.388919 28.09919 -2.252423 3.701655 28.09919 -6.500423 3.701655 28.09919 -6.500423 1.413905 28.09919 -7.931804 2.305108 29.58821 -5.795837 0.8804716 29.58821 -6.687192 1.413905 28.09919 -7.931804 -1.413909 28.09919 -7.931803 0.8804716 29.58821 -6.687192 -0.8804755 29.58821 -6.687191 -3.701659 28.09919 -6.500422 -2.305111 29.58821 -5.795836 -1.413909 28.09919 -7.931803 -0.8804755 29.58821 -6.687191 -5.388923 28.09919 -2.252422 -3.355811 29.58821 -3.017504 -3.701659 28.09919 -6.500422 -2.305111 29.58821 -5.795836 5.388919 28.09919 -2.252423 3.701655 28.09919 -6.500423 3.355808 29.58821 -3.017504 2.305108 29.58821 -5.795837 -5.100999 9.261902 -4.506711 -6.181838 9.261902 -3.631581 -5.914864 10.22711 -6.255604 -7.97074 10.22711 -4.591007 -4.198823 8.929316 -2.568049 -8.365239 10.22711 0.1823736 -6.181838 9.261902 -3.631581 -7.97074 10.22711 -4.591007 -5.914864 10.22711 -6.255604 -7.97074 10.22711 -4.591007 -6.56075 11.73045 -7.643533 -9.390422 11.73045 -5.352412 -8.365239 10.22711 0.1823736 -9.773169 11.73045 0.315347 -7.97074 10.22711 -4.591007 -9.390422 11.73045 -5.352412 1.839431 11.73045 -3.138337 0.1882253 10.22711 -2.982388 -1.803511 11.73045 -7.450963 -2.279746 10.22711 -6.399228 -6.56075 11.73045 -7.643533 -9.390422 11.73045 -5.352412 -6.975435 13.62477 -8.534637 -10.30191 13.62477 -5.841265 -9.773169 11.73045 0.315347 -10.69963 13.62477 0.4028472 -9.390422 11.73045 -5.352412 -10.30191 13.62477 -5.841265 -6.975435 13.62477 -8.534637 -10.30191 13.62477 -5.841265 -7.118326 15.72464 -8.841691 -10.61599 15.72464 -6.009711 -10.69963 13.62477 0.4028472 -11.01886 15.72464 0.4329977 -10.30191 13.62477 -5.841265 -10.61599 15.72464 -6.009711 -10.61599 15.72464 -6.009711 -10.30191 17.82451 -5.841265 -7.118326 15.72464 -8.841691 -6.975435 17.82451 -8.534637 -10.61599 15.72464 -6.009711 -11.01886 15.72464 0.4329977 -10.30191 17.82451 -5.841265 -10.69963 17.82451 0.4028472 -10.30191 17.82451 -5.841265 -9.390423 19.91698 -5.352412 -6.975435 17.82451 -8.534637 -6.560751 19.91698 -7.643533 -10.30191 17.82451 -5.841265 -10.69963 17.82451 0.4028472 -9.390423 19.91698 -5.352412 -10.01645 19.91698 0.3383235 -9.390423 19.91698 -5.352412 -7.610821 22.09521 -4.579467 -6.560751 19.91698 -7.643533 -5.76096 22.09521 -6.077258 -9.390423 19.91698 -5.352412 -10.01645 19.91698 0.3383235 -7.610821 22.09521 -4.579467 -7.943679 22.09521 -0.05032229 1.839431 19.91698 -3.138337 -1.803512 19.91698 -7.450963 -0.2694473 22.09521 -3.132044 -2.670709 22.09521 -6.011188 -2.279746 10.22711 -6.399228 -5.914864 10.22711 -6.255604 -1.803511 11.73045 -7.450963 -6.56075 11.73045 -7.643533 -1.803511 11.73045 -7.450963 -1.398942 15.72464 -8.42824 1.839431 11.73045 -3.138337 3.26487 15.72464 -3.272964 -1.803512 19.91698 -7.450963 1.839431 19.91698 -3.138337 -1.398942 15.72464 -8.42824 3.26487 15.72464 -3.272964 -2.670709 22.09521 -6.011188 -1.803512 19.91698 -7.450963 -5.76096 22.09521 -6.077258 -6.560751 19.91698 -7.643533 -4.555601 23.23921 -2.448593 -4.429349 21.57329 3.957008 -3.093133 22.94062 0.9642621 -3.052699 20.71809 4.028965 1.356668 21.60146 1.65018 -3.237927 14.82356 6.408346E-05 -2.244102 14.82356 -1.735746 -3.549592 5 2.090309E-05 -2.494607 5 -2.20043 -3.278038 5 -1.190865 3.276487 5 -1.190862 2.503164 5 -2.200428 3.566844 5 1.06087E-05 2.269466 14.82356 -1.735745 3.288261 14.85226 3.184082E-05 7.861693 12.09409 -6.998293 2.67755 11.98515 -7.297964 8.446311 13.4465 -7.799284 2.429822 15.15314 -8.419367 8.647757 15.34996 -8.075287 8.647757 15.34996 -8.075287 2.429822 15.15314 -8.419367 8.446311 17.79176 -7.799284 2.822773 19.74399 -7.833076 7.861693 19.74399 -6.998293 -1.708368 21.66007 -8.66725 -1.045992 19.17352 -7.444242 -4.472564 21.66007 -6.93777 -3.986655 19.17352 -3.335871 -6.511216 21.66006 -1.331705 0.1882253 10.22711 -2.982388 -1.892416 9.261902 -2.785879 -2.279746 10.22711 -6.399228 -5.100999 9.261902 -4.506711 -5.914864 10.22711 -6.255604 -7.118326 15.72464 -8.841691 -1.398942 15.72464 -8.42824 -6.975435 13.62477 -8.534637 -1.803511 11.73045 -7.450963 -6.56075 11.73045 -7.643533 -6.560751 19.91698 -7.643533 -1.803512 19.91698 -7.450963 -6.975435 17.82451 -8.534637 -1.398942 15.72464 -8.42824 -7.118326 15.72464 -8.841691 -0.650321 17.97587 2.508305 2.162954 18.95673 5.506846 2.57397 20.23909 4.832065 -0.1585083 20.77809 1.764567 2.060828 23.09177 1.08572 4.057367 21.45374 4.040149</float_array>
          <technique_common>
            <accessor source="#LB014_1__mShadow-position-array" count="678" stride="3">
              <param name="X" type="float" />
              <param name="Y" type="float" />
              <param name="Z" type="float" />
            </accessor>
          </technique_common>
        </source>
        <source id="LB014_1__mShadow-normal">
          <float_array id="LB014_1__mShadow-normal-array" count="2034">0.08219178 0.8962818 0.4363992 0.08219178 0.8962818 0.4363992 0.08219178 0.8962818 0.4363992 0.09784736 0.1585127 0.9823875 0.09784736 0.1585127 0.9823875 0.09784736 0.1585127 0.9823875 -0.4500979 0.7377691 0.5048923 -0.4500979 0.7377691 0.5048923 -0.4500979 0.7377691 0.5048923 -0.5772994 0.3972603 0.7142857 -0.5772994 0.3972603 0.7142857 -0.5772994 0.3972603 0.7142857 -0.4872798 0.2681018 0.8317025 -0.4872798 0.2681018 0.8317025 -0.4872798 0.2681018 0.8317025 0.5205479 0.7827789 0.3405088 0.5205479 0.7827789 0.3405088 0.5205479 0.7827789 0.3405088 0.02935421 0.1076321 0.9941292 0.02935421 0.1076321 0.9941292 0.02935421 0.1076321 0.9941292 -0.08414873 0.9021527 0.4207436 -0.08414873 0.9021527 0.4207436 -0.08414873 0.9021527 0.4207436 0.08610567 0.8943248 0.4383562 0.08610567 0.8943248 0.4383562 0.08610567 0.8943248 0.4383562 0.6810176 0.2681018 0.6829746 0.6810176 0.2681018 0.6829746 0.6810176 0.2681018 0.6829746 0.2857143 0.3424658 0.8943248 0.2857143 0.3424658 0.8943248 0.2857143 0.3424658 0.8943248 0.05479452 -0.1976517 0.9784736 0.05479452 -0.1976517 0.9784736 0.05479452 -0.1976517 0.9784736 -0.2465753 0.5342466 0.8082192 -0.2465753 0.5342466 0.8082192 -0.2465753 0.5342466 0.8082192 -0.01956947 0.1369863 0.9902152 -0.01956947 0.1369863 0.9902152 -0.01956947 0.1369863 0.9902152 -0.2504892 0.5264188 0.8121331 -0.2504892 0.5264188 0.8121331 -0.2504892 0.5264188 0.8121331 0.07632094 0.111546 0.9902152 0.07632094 0.111546 0.9902152 0.07632094 0.111546 0.9902152 0.332681 -0.1917808 0.9236791 0.332681 -0.1917808 0.9236791 0.332681 -0.1917808 0.9236791 0.111546 -0.1409002 0.9843444 0.111546 -0.1409002 0.9843444 0.111546 -0.1409002 0.9843444 0.6262231 0.6027398 0.4931507 0.6262231 0.6027398 0.4931507 0.6262231 0.6027398 0.4931507 0.1056751 0.9569471 0.2700587 0.1056751 0.9569471 0.2700587 0.1056751 0.9569471 0.2700587 0.01565558 0.7827789 0.6223092 0.01565558 0.7827789 0.6223092 0.01565558 0.7827789 0.6223092 0.3013699 0.3737769 0.8767123 0.3013699 0.3737769 0.8767123 0.3013699 0.3737769 0.8767123 0.5596869 -0.2563601 0.7886497 0.5596869 -0.2563601 0.7886497 0.5596869 -0.2563601 0.7886497 0.260274 0.6692759 0.6947162 0.260274 0.6692759 0.6947162 0.260274 0.6692759 0.6947162 0.1037182 0.7632094 0.6379648 0.1037182 0.7632094 0.6379648 0.1037182 0.7632094 0.6379648 -0.18591 0.1135029 0.9765166 -0.18591 0.1135029 0.9765166 -0.18591 0.1135029 0.9765166 -0.3444227 -0.6320939 0.6947162 -0.3444227 -0.6320939 0.6947162 -0.3444227 -0.6320939 0.6947162 -0.04892368 0.8590998 0.5088063 -0.04892368 0.8590998 0.5088063 -0.04892368 0.8590998 0.5088063 0.4774951 0.6947162 0.5381604 0.4774951 0.6947162 0.5381604 0.4774951 0.6947162 0.5381604 0.07436399 -0.3424658 0.9373777 0.07436399 -0.3424658 0.9373777 0.07436399 -0.3424658 0.9373777 -0.4696673 0.05870841 0.8806262 -0.4696673 0.05870841 0.8806262 -0.4696673 0.05870841 0.8806262 0.4716243 0.05870841 0.8806262 0.4716243 0.05870841 0.8806262 0.4716243 0.05870841 0.8806262 0.9706458 0.02739726 0.2367906 0.9706458 0.02739726 0.2367906 0.9706458 0.02739726 0.2367906 0.7925636 0.07240704 0.6066536 0.7925636 0.07240704 0.6066536 0.7925636 0.07240704 0.6066536 -0.5792564 0.07436399 0.8121331 -0.5792564 0.07436399 0.8121331 -0.5792564 0.07436399 0.8121331 0.4324853 0.05283757 0.9001957 0.4324853 0.05283757 0.9001957 0.4324853 0.05283757 0.9001957 -0.7886497 0.03913894 0.6125244 -0.7886497 0.03913894 0.6125244 -0.7886497 0.03913894 0.6125244 0.8610567 0.04500978 0.5068493 0.8610567 0.04500978 0.5068493 0.8610567 0.04500978 0.5068493 0.7260274 0.4383562 -0.5303327 0.7260274 0.4383562 -0.5303327 0.7260274 0.4383562 -0.5303327 -0.7260274 0.4383562 -0.5303327 -0.7260274 0.4383562 -0.5303327 -0.7260274 0.4383562 -0.5303327 -0.9295499 0.369863 0.02935421 -0.9295499 0.369863 0.02935421 -0.9295499 0.369863 0.02935421 0.1741683 0.369863 0.9119374 0.1741683 0.369863 0.9119374 0.1741683 0.369863 0.9119374 -0.2270059 0.3581213 0.9060665 -0.2270059 0.3581213 0.9060665 -0.2270059 0.3581213 0.9060665 0.9275929 0.3581213 0.109589 0.9275929 0.3581213 0.109589 0.9275929 0.3581213 0.109589 0.8454012 0.369863 0.3855186 0.8454012 0.369863 0.3855186 0.8454012 0.369863 0.3855186 0.332681 0.369863 -0.8688846 0.332681 0.369863 -0.8688846 0.332681 0.369863 -0.8688846 0.04109589 -0.9980431 -0.03913894 0.04109589 -0.9980431 -0.03913894 0.04109589 -0.9980431 -0.03913894 0.1506849 -0.9863014 0.06457926 0.1506849 -0.9863014 0.06457926 0.1506849 -0.9863014 0.06457926 0.1252446 0.9843444 -0.1174168 0.1252446 0.9843444 -0.1174168 0.1252446 0.9843444 -0.1174168 -0.1154599 0.9843444 -0.1311155 -0.1154599 0.9843444 -0.1311155 -0.1154599 0.9843444 -0.1311155 0.2172211 0.9765166 0.003913894 0.2172211 0.9765166 0.003913894 0.2172211 0.9765166 0.003913894 0.02544031 0.9863014 -0.1643836 0.02544031 0.9863014 -0.1643836 0.02544031 0.9863014 -0.1643836 -0.3307241 0.369863 -0.8688846 -0.3307241 0.369863 -0.8688846 -0.3307241 0.369863 -0.8688846 -0.8454012 0.369863 0.3855186 -0.8454012 0.369863 0.3855186 -0.8454012 0.369863 0.3855186 0.1428571 -0.962818 -0.2289628 0.1428571 -0.962818 -0.2289628 0.1428571 -0.962818 -0.2289628 0 -0.962818 -0.2720157 0 -0.962818 -0.2720157 0 -0.962818 -0.2720157 -0.260274 -0.9471624 -0.1878669 -0.260274 -0.9471624 -0.1878669 -0.260274 -0.9471624 -0.1878669 0.2485323 -0.962818 -0.1017613 0.2485323 -0.962818 -0.1017613 0.2485323 -0.962818 -0.1017613 0.183953 0.9373777 -0.295499 0.183953 0.9373777 -0.295499 0.183953 0.9373777 -0.295499 0 0.9334638 -0.3561644 0 0.9334638 -0.3561644 0 0.9334638 -0.3561644 -0.183953 0.9373777 -0.295499 -0.183953 0.9373777 -0.295499 -0.183953 0.9373777 -0.295499 -0.3170255 0.9412916 -0.1193738 -0.3170255 0.9412916 -0.1193738 -0.3170255 0.9412916 -0.1193738 0.3170255 0.9412916 -0.1193738 0.3170255 0.9412916 -0.1193738 0.3170255 0.9412916 -0.1193738 -0.0998043 -0.9882583 -0.1232877 -0.0998043 -0.9882583 -0.1232877 -0.0998043 -0.9882583 -0.1232877 0.1193738 -0.9686888 -0.221135 0.1193738 -0.9686888 -0.221135 0.1193738 -0.9686888 -0.221135 -0.2074364 0.9452055 -0.2544031 -0.2074364 0.9452055 -0.2544031 -0.2074364 0.9452055 -0.2544031 -0.3405088 0.9393346 -0.02544031 -0.3405088 0.9393346 -0.02544031 -0.3405088 0.9393346 -0.02544031 0.007827789 0.9373777 -0.3483366 0.007827789 0.9373777 -0.3483366 0.007827789 0.9373777 -0.3483366 0.2739726 0.9334638 -0.2289628 0.2739726 0.9334638 -0.2289628 0.2739726 0.9334638 -0.2289628 -0.7181996 0.5127202 0.4677104 -0.7181996 0.5127202 0.4677104 -0.7181996 0.5127202 0.4677104 -0.7181996 0.5127202 0.4677104 -0.4951076 -0.08219178 0.8649706 -0.4951076 -0.08219178 0.8649706 -0.4951076 -0.08219178 0.8649706 -0.4951076 -0.08219178 0.8649706 -0.06457926 0.964775 0.2524462 -0.06457926 0.964775 0.2524462 -0.06457926 0.964775 0.2524462 -0.06457926 0.964775 0.2524462 -0.5420744 0.7651663 0.3463796 -0.5420744 0.7651663 0.3463796 -0.5420744 0.7651663 0.3463796 -0.5420744 0.7651663 0.3463796 0.2367906 0.4520548 0.8610567 0.2035225 0.4755382 0.8551859 0.1800391 0.4911937 0.851272 0.09784736 0.5440313 0.8336595 0.5146771 0.1917808 0.8356164 0.5146771 0.1917808 0.8356164 0.5146771 0.1917808 0.8356164 0.5146771 0.1917808 0.8356164 0.01761252 0.09589041 0.9960861 0.01956947 0.09589041 0.9960861 0.09784736 0.1135029 0.9882583 -0.08219178 0.0704501 0.9941292 -0.6594912 -0.2015656 0.7240704 -0.6594912 -0.2015656 0.7240704 -0.6594912 -0.2015656 0.7240704 -0.6594912 -0.2015656 0.7240704 0.09001957 0.9491194 0.3013699 0.09001957 0.9491194 0.3013699 0.09001957 0.9491194 0.3013699 0.09001957 0.9491194 0.3013699 0.7358121 0.2446184 0.6320939 0.7358121 0.2446184 0.6320939 0.7358121 0.2446184 0.6320939 0.7358121 0.2446184 0.6320939 -0.2309198 0.6399217 0.7338552 -0.2465753 0.6066536 0.7553816 -0.2818004 0.516634 0.8082192 -0.2035225 0.6966732 0.6868885 0.2622309 -0.4363992 0.8610567 0.1154599 -0.4598826 0.8806262 0.111546 -0.4598826 0.8806262 -0.06849315 -0.4716243 0.8786693 0.8023483 0.04305284 -0.5949119 0.8023483 0.04305284 -0.5949119 0.8023483 0.04305284 -0.5949119 0.8023483 0.04305284 -0.5949119 0.3502935 0.05675147 -0.9354208 0.3502935 0.05675147 -0.9354208 0.3502935 0.05675147 -0.9354208 0.3502935 0.05675147 -0.9354208 -0.3502935 0.05870841 -0.9354208 -0.3502935 0.05870841 -0.9354208 -0.3502935 0.05870841 -0.9354208 -0.3502935 0.05870841 -0.9354208 -0.8003914 0.04305284 -0.5968689 -0.8003914 0.04305284 -0.5968689 -0.8003914 0.04305284 -0.5968689 -0.8003914 0.04305284 -0.5968689 -0.9765166 0.0332681 -0.2152642 -0.9765166 0.0332681 -0.2152642 -0.9765166 0.0332681 -0.2152642 -0.9765166 0.0332681 -0.2152642 -0.9765166 0.0332681 0.2152642 -0.9765166 0.0332681 0.2152642 -0.9765166 0.0332681 0.2152642 -0.9765166 0.0332681 0.2152642 -0.8003914 0.04305284 0.5968689 -0.8003914 0.04305284 0.5968689 -0.8003914 0.04305284 0.5968689 -0.8003914 0.04305284 0.5968689 -0.479452 0.05675147 0.8767123 -0.479452 0.05675147 0.8767123 -0.479452 0.05675147 0.8767123 -0.479452 0.05675147 0.8767123 0 0.06262231 0.9980431 0 0.06262231 0.9980431 0 0.06262231 0.9980431 0 0.06262231 0.9980431 0.479452 0.05479452 0.8747554 0.479452 0.05479452 0.8747554 0.479452 0.05479452 0.8747554 0.479452 0.05479452 0.8747554 0.8023483 0.04305284 0.5949119 0.8023483 0.04305284 0.5949119 0.8023483 0.04305284 0.5949119 0.8023483 0.04305284 0.5949119 0.9745597 0.03131115 0.223092 0.9745597 0.03131115 0.223092 0.9745597 0.03131115 0.223092 0.9745597 0.03131115 0.223092 0.9745597 0.03131115 -0.223092 0.9745597 0.03131115 -0.223092 0.9745597 0.03131115 -0.223092 0.9745597 0.03131115 -0.223092 0.3248532 0.05675147 -0.9432485 0.3248532 0.05675147 -0.9432485 0.3248532 0.05675147 -0.9432485 0.3248532 0.05675147 -0.9432485 -0.3228963 0.05870841 -0.9452055 -0.3228963 0.05870841 -0.9452055 -0.3228963 0.05870841 -0.9452055 -0.3228963 0.05870841 -0.9452055 -0.9706458 0.0332681 0.2387476 -0.9706458 0.0332681 0.2387476 -0.9706458 0.0332681 0.2387476 -0.9706458 0.0332681 0.2387476 0 0.06262231 0.9980431 0 0.06262231 0.9980431 0 0.06262231 0.9980431 0 0.06262231 0.9980431 0.7495108 0.5440313 -0.3776908 0.7495108 0.5440313 -0.3776908 0.7495108 0.5440313 -0.3776908 0.7495108 0.5440313 -0.3776908 -0.7495108 0.5440313 -0.3776908 -0.7495108 0.5440313 -0.3776908 -0.7495108 0.5440313 -0.3776908 -0.7495108 0.5440313 -0.3776908 -0.8062623 0.5283757 -0.2681018 -0.8062623 0.5283757 -0.2681018 -0.8062623 0.5283757 -0.2681018 -0.8062623 0.5283757 -0.2681018 0.4363992 0.5283757 0.7279844 0.4363992 0.5283757 0.7279844 0.4363992 0.5283757 0.7279844 0.4363992 0.5283757 0.7279844 -0.4774951 0.5459883 0.6888454 -0.4774951 0.5459883 0.6888454 -0.4774951 0.5459883 0.6888454 -0.4774951 0.5459883 0.6888454 0.8121331 0.5459883 -0.2015656 0.8121331 0.5459883 -0.2015656 0.8121331 0.5459883 -0.2015656 0.8121331 0.5459883 -0.2015656 0.5342466 0.555773 0.6379648 0.5342466 0.555773 0.6379648 0.5342466 0.555773 0.6379648 0.5342466 0.555773 0.6379648 -0.0665362 0.555773 -0.8277887 -0.0665362 0.555773 -0.8277887 -0.0665362 0.555773 -0.8277887 -0.0665362 0.555773 -0.8277887 0.3287671 -0.8923679 -0.3072407 0.3287671 -0.8923679 -0.3072407 0.3287671 -0.8923679 -0.3072407 0.3287671 -0.8923679 -0.3072407 -0.05479452 -0.9393346 -0.3405088 -0.05479452 -0.9393346 -0.3405088 -0.05479452 -0.9393346 -0.3405088 -0.05479452 -0.9393346 -0.3405088 0.4227006 -0.9021527 0.08610567 0.4227006 -0.9021527 0.08610567 0.4227006 -0.9021527 0.08610567 0.4227006 -0.9021527 0.08610567 0.5127202 -0.7103718 -0.481409 0.5127202 -0.7103718 -0.481409 0.5127202 -0.7103718 -0.481409 0.5127202 -0.7103718 -0.481409 0.07632094 -0.6262231 -0.7749511 0.07632094 -0.6262231 -0.7749511 0.07632094 -0.6262231 -0.7749511 0.07632094 -0.6262231 -0.7749511 0.6614481 -0.7455969 0.07436399 0.6614481 -0.7455969 0.07436399 0.6614481 -0.7455969 0.07436399 0.6614481 -0.7455969 0.07436399 0.592955 -0.5851272 -0.555773 0.592955 -0.5851272 -0.555773 0.592955 -0.5851272 -0.555773 0.592955 -0.5851272 -0.555773 0.7710372 -0.6340509 0.04892368 0.7710372 -0.6340509 0.04892368 0.7710372 -0.6340509 0.04892368 0.7710372 -0.6340509 0.04892368 0.7181996 -0.1741683 -0.6731898 0.7181996 -0.1741683 -0.6731898 0.7181996 -0.1741683 -0.6731898 0.7181996 -0.1741683 -0.6731898 -0.5636008 -0.4011742 -0.7201566 -0.5636008 -0.4011742 -0.7201566 -0.5636008 -0.4011742 -0.7201566 -0.5636008 -0.4011742 -0.7201566 0.9765166 -0.2152642 0.02152642 0.9765166 -0.2152642 0.02152642 0.9765166 -0.2152642 0.02152642 0.9765166 -0.2152642 0.02152642 0.7221135 0.1369863 -0.6771037 0.7221135 0.1369863 -0.6771037 0.7221135 0.1369863 -0.6771037 0.7221135 0.1369863 -0.6771037 0.9902152 0.1330724 0.005870841 0.9902152 0.1330724 0.005870841 0.9902152 0.1330724 0.005870841 0.9902152 0.1330724 0.005870841 0.6536204 0.4461839 -0.6125244 0.6536204 0.4461839 -0.6125244 0.6536204 0.4461839 -0.6125244 0.6536204 0.4461839 -0.6125244 -0.5968689 0.1819961 -0.7827789 -0.5968689 0.1819961 -0.7827789 -0.5968689 0.1819961 -0.7827789 -0.5968689 0.1819961 -0.7827789 0.8806262 0.4755382 0.001956947 0.8806262 0.4755382 0.001956947 0.8806262 0.4755382 0.001956947 0.8806262 0.4755382 0.001956947 0.555773 0.6497065 -0.5205479 0.555773 0.6497065 -0.5205479 0.555773 0.6497065 -0.5205479 0.555773 0.6497065 -0.5205479 0.1252446 0.6086106 -0.7827789 0.1252446 0.6086106 -0.7827789 0.1252446 0.6086106 -0.7827789 0.1252446 0.6086106 -0.7827789 0.7103718 0.702544 0.005870841 0.7103718 0.702544 0.005870841 0.7103718 0.702544 0.005870841 0.7103718 0.702544 0.005870841 -0.07240704 -0.9941292 -0.09197652 -0.07240704 -0.9941292 -0.09197652 -0.07240704 -0.9941292 -0.09197652 -0.07240704 -0.9941292 -0.09197652 -0.5009785 -0.6966732 -0.5127202 -0.5009785 -0.6966732 -0.5127202 -0.5009785 -0.6966732 -0.5127202 -0.5009785 -0.6966732 -0.5127202 -0.2113503 -0.9530333 -0.2191781 -0.2113503 -0.9530333 -0.2191781 -0.2113503 -0.9530333 -0.2191781 -0.2113503 -0.9530333 -0.2191781 -0.5009785 0.6203523 -0.6027398 -0.5009785 0.6203523 -0.6027398 -0.5009785 0.6203523 -0.6027398 -0.5009785 0.6203523 -0.6027398 0.07827789 0.553816 -0.8297456 0.07827789 0.553816 -0.8297456 0.07827789 0.553816 -0.8297456 0.07827789 0.553816 -0.8297456 -0.5283757 0.553816 0.6438356 -0.5283757 0.553816 0.6438356 -0.5283757 0.553816 0.6438356 -0.5283757 0.553816 0.6438356 0.4090019 -0.518591 -0.7495108 0.4090019 -0.518591 -0.7495108 0.4090019 -0.518591 -0.7495108 0.4090019 -0.518591 -0.7495108 0 -0.4422701 -0.8982387 0 -0.4422701 -0.8982387 0 -0.4422701 -0.8982387 0 -0.4422701 -0.8982387 0.739726 -0.62818 -0.2426614 0.739726 -0.62818 -0.2426614 0.739726 -0.62818 -0.2426614 0.739726 -0.62818 -0.2426614 0.5205479 -0.111546 -0.8473581 0.5205479 -0.111546 -0.8473581 0.5205479 -0.111546 -0.8473581 0.5205479 -0.111546 -0.8473581 0 -0.1135029 -0.9941292 0 -0.1135029 -0.9941292 0 -0.1135029 -0.9941292 0 -0.1135029 -0.9941292 -0.5264188 -0.1232877 -0.8414873 -0.5264188 -0.1232877 -0.8414873 -0.5264188 -0.1232877 -0.8414873 -0.5264188 -0.1232877 -0.8414873 -0.925636 -0.1565558 -0.3424658 -0.925636 -0.1565558 -0.3424658 -0.925636 -0.1565558 -0.3424658 -0.925636 -0.1565558 -0.3424658 0.9295499 -0.1428571 -0.3385518 0.9295499 -0.1428571 -0.3385518 0.9295499 -0.1428571 -0.3385518 0.9295499 -0.1428571 -0.3385518 0.5264188 0.1350294 -0.8395303 0.5264188 0.1350294 -0.8395303 0.5264188 0.1350294 -0.8395303 0.5264188 0.1350294 -0.8395303 0 0.1291585 -0.9921722 0 0.1291585 -0.9921722 0 0.1291585 -0.9921722 0 0.1291585 -0.9921722 -0.5264188 0.1350294 -0.8395303 -0.5264188 0.1350294 -0.8395303 -0.5264188 0.1350294 -0.8395303 -0.5264188 0.1350294 -0.8395303 -0.9236791 0.1800391 -0.3365949 -0.9236791 0.1800391 -0.3365949 -0.9236791 0.1800391 -0.3365949 -0.9236791 0.1800391 -0.3365949 0.9236791 0.1800391 -0.3365949 0.9236791 0.1800391 -0.3365949 0.9236791 0.1800391 -0.3365949 0.9236791 0.1800391 -0.3365949 0.4931507 0.369863 -0.7866927 0.4931507 0.369863 -0.7866927 0.4931507 0.369863 -0.7866927 0.4931507 0.369863 -0.7866927 0 0.3483366 -0.9373777 0 0.3483366 -0.9373777 0 0.3483366 -0.9373777 0 0.3483366 -0.9373777 -0.4931507 0.369863 -0.7866927 -0.4931507 0.369863 -0.7866927 -0.4931507 0.369863 -0.7866927 -0.4931507 0.369863 -0.7866927 -0.8669276 0.3796478 -0.3228963 -0.8669276 0.3796478 -0.3228963 -0.8669276 0.3796478 -0.3228963 -0.8669276 0.3796478 -0.3228963 0.8669276 0.3796478 -0.3228963 0.8669276 0.3796478 -0.3228963 0.8669276 0.3796478 -0.3228963 0.8669276 0.3796478 -0.3228963 0.3953033 0.6692759 -0.630137 0.3953033 0.6692759 -0.630137 0.3953033 0.6692759 -0.630137 0.3953033 0.6692759 -0.630137 0 0.6418787 -0.7671233 0 0.6418787 -0.7671233 0 0.6418787 -0.7671233 0 0.6418787 -0.7671233 -0.3953033 0.6692759 -0.630137 -0.3953033 0.6692759 -0.630137 -0.3953033 0.6692759 -0.630137 -0.3953033 0.6692759 -0.630137 -0.6379648 0.7299413 -0.2485323 -0.6379648 0.7299413 -0.2485323 -0.6379648 0.7299413 -0.2485323 -0.6379648 0.7299413 -0.2485323 0.6379648 0.7299413 -0.2485323 0.6379648 0.7299413 -0.2485323 0.6379648 0.7299413 -0.2485323 0.6379648 0.7299413 -0.2485323 -0.2876712 -0.888454 -0.3561644 -0.2876712 -0.888454 -0.3561644 -0.2876712 -0.888454 -0.3561644 -0.2876712 -0.888454 -0.3561644 -0.3444227 -0.9373777 0.04109589 -0.3444227 -0.9373777 0.04109589 -0.3444227 -0.9373777 0.04109589 -0.3444227 -0.9373777 0.04109589 -0.4481409 -0.702544 -0.553816 -0.4481409 -0.702544 -0.553816 -0.4481409 -0.702544 -0.553816 -0.4481409 -0.702544 -0.553816 -0.7221135 -0.6908023 -0.05283757 -0.7221135 -0.6908023 -0.05283757 -0.7221135 -0.6908023 -0.05283757 -0.7221135 -0.6908023 -0.05283757 0.6105675 -0.6262231 -0.483366 0.6105675 -0.6262231 -0.483366 0.6105675 -0.6262231 -0.483366 0.6105675 -0.6262231 -0.483366 -0.5616438 -0.4500979 -0.6947162 -0.5616438 -0.4500979 -0.6947162 -0.5616438 -0.4500979 -0.6947162 -0.5616438 -0.4500979 -0.6947162 -0.8962818 -0.4403131 -0.05870841 -0.8962818 -0.4403131 -0.05870841 -0.8962818 -0.4403131 -0.05870841 -0.8962818 -0.4403131 -0.05870841 -0.6223092 -0.1545988 -0.7671233 -0.6223092 -0.1545988 -0.7671233 -0.6223092 -0.1545988 -0.7671233 -0.6223092 -0.1545988 -0.7671233 -0.9863014 -0.1506849 -0.06262231 -0.9863014 -0.1506849 -0.06262231 -0.9863014 -0.1506849 -0.06262231 -0.9863014 -0.1506849 -0.06262231 -0.6223092 0.1545988 -0.7671233 -0.6223092 0.1545988 -0.7671233 -0.6223092 0.1545988 -0.7671233 -0.6223092 0.1545988 -0.7671233 -0.9863014 0.1506849 -0.06262231 -0.9863014 0.1506849 -0.06262231 -0.9863014 0.1506849 -0.06262231 -0.9863014 0.1506849 -0.06262231 -0.5733855 0.4148728 -0.7064579 -0.5733855 0.4148728 -0.7064579 -0.5733855 0.4148728 -0.7064579 -0.5733855 0.4148728 -0.7064579 -0.9295499 0.3620352 -0.08023483 -0.9295499 0.3620352 -0.08023483 -0.9295499 0.3620352 -0.08023483 -0.9295499 0.3620352 -0.08023483 -0.4931507 0.6203523 -0.6105675 -0.4931507 0.6203523 -0.6105675 -0.4931507 0.6203523 -0.6105675 -0.4931507 0.6203523 -0.6105675 -0.7436399 0.6634051 -0.0704501 -0.7436399 0.6634051 -0.0704501 -0.7436399 0.6634051 -0.0704501 -0.7436399 0.6634051 -0.0704501 0.6164383 0.592955 -0.518591 0.6164383 0.592955 -0.518591 0.6164383 0.592955 -0.518591 0.6164383 0.592955 -0.518591 0.003913894 -0.630137 -0.776908 0.003913894 -0.630137 -0.776908 0.003913894 -0.630137 -0.776908 0.003913894 -0.630137 -0.776908 0.7260274 -0.2544031 -0.6379648 0.7260274 -0.2544031 -0.6379648 0.7260274 -0.2544031 -0.6379648 0.7260274 -0.2544031 -0.6379648 0.7299413 0.2446184 -0.6399217 0.7299413 0.2446184 -0.6399217 0.7299413 0.2446184 -0.6399217 0.7299413 0.2446184 -0.6399217 0.02739726 0.5675147 -0.8219178 0.02739726 0.5675147 -0.8219178 0.02739726 0.5675147 -0.8219178 0.02739726 0.5675147 -0.8219178 -0.3776908 0.8943248 0.2407045 0.1585127 0.8219178 0.5459883 -0.001956947 0.8806262 0.4735812 0.223092 0.7906067 0.5694716 0.223092 0.7906067 0.5694716 -0.8864971 0.05088063 -0.4618395 -0.8864971 0.05088063 -0.4618395 -0.8864971 0.05088063 -0.4618395 -0.8864971 0.05088063 -0.4618395 -0.8864971 0.05088063 -0.4618395 0.8825831 0.04892368 -0.4677104 0.8825831 0.04892368 -0.4677104 0.8825831 0.04892368 -0.4677104 0.8825831 0.04892368 -0.4677104 0.8825831 0.04892368 -0.4677104 0.03131115 -0.3209393 -0.9471624 0.03131115 -0.3209393 -0.9471624 0.03131115 -0.3209393 -0.9471624 0.03131115 -0.3209393 -0.9471624 0.03131115 -0.3209393 -0.9471624 0.0704501 0.1819961 -0.9804305 0.0704501 0.1819961 -0.9804305 0.0704501 0.1819961 -0.9804305 0.0704501 0.1819961 -0.9804305 0.0704501 0.1819961 -0.9804305 -0.6497065 -0.6203523 -0.4403131 -0.6497065 -0.6203523 -0.4403131 -0.6497065 -0.6203523 -0.4403131 -0.6497065 -0.6203523 -0.4403131 -0.6497065 -0.6203523 -0.4403131 0.1780822 -0.925636 -0.332681 0.1780822 -0.925636 -0.332681 0.1780822 -0.925636 -0.332681 0.1780822 -0.925636 -0.332681 0.1780822 -0.925636 -0.332681 0.08414873 -0.258317 -0.962818 0.08414873 -0.258317 -0.962818 0.08414873 -0.258317 -0.962818 0.08414873 -0.258317 -0.962818 0.08414873 -0.258317 -0.962818 0.08219178 0.2465753 -0.964775 0.08219178 0.2465753 -0.964775 0.08219178 0.2465753 -0.964775 0.08219178 0.2465753 -0.964775 0.08219178 0.2465753 -0.964775 -0.6986302 0.3679061 0.6125244 -0.6986302 0.3679061 0.6125244 -0.5714286 0.5459883 0.6125244 -0.5655577 0.553816 0.6105675 -0.4266145 0.6908023 0.5851272 -0.4266145 0.6908023 0.5851272</float_array>
          <technique_common>
            <accessor source="#LB014_1__mShadow-normal-array" count="678" stride="3">
              <param name="X" type="float" />
              <param name="Y" type="float" />
              <param name="Z" type="float" />
            </accessor>
          </technique_common>
        </source>
        <vertices id="LB014_1__mShadow-vertex">
          <input semantic="POSITION" source="#LB014_1__mShadow-position" />
        </vertices>
        <triangles material="mShadow" count="310">
          <input semantic="VERTEX" source="#LB014_1__mShadow-vertex" offset="0" />
          <input semantic="NORMAL" source="#LB014_1__mShadow-normal" offset="1" />
          <p>0 0 1 1 2 2 3 3 4 4 5 5 6 6 7 7 8 8 9 9 10 10 11 11 12 12 13 13 14 14 15 15 16 16 17 17 18 18 19 19 20 20 21 21 22 22 23 23 24 24 25 25 26 26 27 27 28 28 29 29 30 30 31 31 32 32 33 33 34 34 35 35 36 36 37 37 38 38 39 39 40 40 41 41 42 42 43 43 44 44 45 45 46 46 47 47 48 48 49 49 50 50 51 51 52 52 53 53 54 54 55 55 56 56 57 57 58 58 59 59 60 60 61 61 62 62 63 63 64 64 65 65 66 66 67 67 68 68 69 69 70 70 71 71 72 72 73 73 74 74 75 75 76 76 77 77 78 78 79 79 80 80 81 81 82 82 83 83 84 84 85 85 86 86 87 87 88 88 89 89 90 90 91 91 92 92 93 93 94 94 95 95 96 96 97 97 98 98 99 99 100 100 101 101 102 102 103 103 104 104 105 105 106 106 107 107 108 108 109 109 110 110 111 111 112 112 113 113 114 114 115 115 116 116 117 117 118 118 119 119 120 120 121 121 122 122 123 123 124 124 125 125 126 126 127 127 128 128 129 129 130 130 131 131 132 132 133 133 134 134 135 135 136 136 137 137 138 138 139 139 140 140 141 141 142 142 143 143 144 144 145 145 146 146 147 147 148 148 149 149 150 150 151 151 152 152 153 153 154 154 155 155 156 156 157 157 158 158 159 159 160 160 161 161 162 162 163 163 164 164 165 165 166 166 167 167 168 168 169 169 170 170 171 171 172 172 173 173 174 174 175 175 176 176 177 177 178 178 179 179 180 180 181 181 182 182 183 183 184 184 185 185 186 186 187 187 188 188 189 189 190 190 191 191 192 192 193 193 194 194 195 195 196 196 197 197 198 198 199 199 200 200 201 201 202 202 203 203 204 204 205 205 206 206 207 207 208 208 209 209 208 208 210 210 209 209 211 211 212 212 213 213 212 212 214 214 213 213 215 215 216 216 217 217 216 216 218 218 217 217 219 219 220 220 221 221 220 220 222 222 221 221 223 223 224 224 225 225 224 224 226 226 225 225 227 227 228 228 229 229 228 228 230 230 229 229 231 231 232 232 233 233 231 231 234 234 232 232 235 235 236 236 237 237 236 236 238 238 237 237 239 239 240 240 241 241 240 240 242 242 241 241 243 243 244 244 245 245 244 244 246 246 245 245 247 247 248 248 249 249 250 250 248 248 247 247 251 251 252 252 253 253 253 253 252 252 254 254 255 255 256 256 257 257 256 256 258 258 257 257 259 259 260 260 261 261 260 260 262 262 261 261 263 263 264 264 265 265 264 264 266 266 265 265 267 267 268 268 269 269 268 268 270 270 269 269 271 271 272 272 273 273 272 272 274 274 273 273 275 275 276 276 277 277 276 276 278 278 277 277 279 279 280 280 281 281 280 280 282 282 281 281 283 283 284 284 285 285 284 284 286 286 285 285 287 287 288 288 289 289 288 288 290 290 289 289 291 291 292 292 293 293 292 292 294 294 293 293 295 295 296 296 297 297 296 296 298 298 297 297 299 299 300 300 301 301 300 300 302 302 301 301 303 303 304 304 305 305 304 304 306 306 305 305 307 307 308 308 309 309 308 308 310 310 309 309 311 311 312 312 313 313 312 312 314 314 313 313 315 315 316 316 317 317 316 316 318 318 317 317 319 319 320 320 321 321 320 320 322 322 321 321 323 323 324 324 325 325 324 324 326 326 325 325 327 327 328 328 329 329 328 328 330 330 329 329 331 331 332 332 333 333 332 332 334 334 333 333 335 335 336 336 337 337 336 336 338 338 337 337 339 339 340 340 341 341 340 340 342 342 341 341 343 343 344 344 345 345 344 344 346 346 345 345 347 347 348 348 349 349 348 348 350 350 349 349 351 351 352 352 353 353 352 352 354 354 353 353 355 355 356 356 357 357 356 356 358 358 357 357 359 359 360 360 361 361 360 360 362 362 361 361 363 363 364 364 365 365 364 364 366 366 365 365 367 367 368 368 369 369 368 368 370 370 369 369 371 371 372 372 373 373 372 372 374 374 373 373 375 375 376 376 377 377 376 376 378 378 377 377 379 379 380 380 381 381 380 380 382 382 381 381 383 383 384 384 385 385 384 384 386 386 385 385 387 387 388 388 389 389 388 388 390 390 389 389 391 391 392 392 393 393 392 392 394 394 393 393 395 395 396 396 397 397 396 396 398 398 397 397 399 399 400 400 401 401 400 400 402 402 401 401 403 403 404 404 405 405 404 404 406 406 405 405 407 407 408 408 409 409 408 408 410 410 409 409 411 411 412 412 413 413 412 412 414 414 413 413 415 415 416 416 417 417 416 416 418 418 417 417 419 419 420 420 421 421 420 420 422 422 421 421 423 423 424 424 425 425 424 424 426 426 425 425 427 427 428 428 429 429 428 428 430 430 429 429 431 431 432 432 433 433 432 432 434 434 433 433 435 435 436 436 437 437 436 436 438 438 437 437 439 439 440 440 441 441 440 440 442 442 441 441 443 443 444 444 445 445 444 444 446 446 445 445 447 447 448 448 449 449 448 448 450 450 449 449 451 451 452 452 453 453 452 452 454 454 453 453 455 455 456 456 457 457 456 456 458 458 457 457 459 459 460 460 461 461 460 460 462 462 461 461 463 463 464 464 465 465 464 464 466 466 465 465 467 467 468 468 469 469 468 468 470 470 469 469 471 471 472 472 473 473 472 472 474 474 473 473 475 475 476 476 477 477 476 476 478 478 477 477 479 479 480 480 481 481 480 480 482 482 481 481 483 483 484 484 485 485 484 484 486 486 485 485 487 487 488 488 489 489 488 488 490 490 489 489 491 491 492 492 493 493 492 492 494 494 493 493 495 495 496 496 497 497 496 496 498 498 497 497 499 499 500 500 501 501 500 500 502 502 501 501 503 503 504 504 505 505 504 504 506 506 505 505 507 507 508 508 509 509 508 508 510 510 509 509 511 511 512 512 513 513 512 512 514 514 513 513 515 515 516 516 517 517 516 516 518 518 517 517 519 519 520 520 521 521 520 520 522 522 521 521 523 523 524 524 525 525 524 524 526 526 525 525 527 527 528 528 529 529 528 528 530 530 529 529 531 531 532 532 533 533 532 532 534 534 533 533 535 535 536 536 537 537 536 536 538 538 537 537 539 539 540 540 541 541 540 540 542 542 541 541 543 543 544 544 545 545 544 544 546 546 545 545 547 547 548 548 549 549 548 548 550 550 549 549 551 551 552 552 553 553 552 552 554 554 553 553 555 555 556 556 557 557 556 556 558 558 557 557 559 559 560 560 561 561 560 560 562 562 561 561 563 563 564 564 565 565 564 564 566 566 565 565 567 567 568 568 569 569 568 568 570 570 569 569 571 571 572 572 573 573 572 572 574 574 573 573 575 575 576 576 577 577 576 576 578 578 577 577 579 579 580 580 581 581 580 580 582 582 581 581 583 583 584 584 585 585 584 584 586 586 585 585 587 587 588 588 589 589 588 588 590 590 589 589 591 591 592 592 593 593 592 592 594 594 593 593 595 595 596 596 597 597 596 596 598 598 597 597 599 599 600 600 601 601 600 600 602 602 601 601 603 603 604 604 605 605 604 604 606 606 605 605 607 607 608 608 609 609 608 608 610 610 609 609 611 611 612 612 613 613 612 612 614 614 613 613 615 615 616 616 617 617 616 616 618 618 617 617 619 619 620 620 621 621 620 620 622 622 621 621 623 623 624 624 625 625 624 624 626 626 625 625 627 627 628 628 629 629 629 629 628 628 630 630 631 631 629 629 630 630 632 632 633 633 634 634 633 633 635 635 634 634 634 634 635 635 636 636 637 637 638 638 639 639 638 638 640 640 639 639 639 639 640 640 641 641 642 642 643 643 644 644 643 643 645 645 644 644 644 644 645 645 646 646 647 647 648 648 649 649 648 648 650 650 649 649 649 649 650 650 651 651 652 652 653 653 654 654 653 653 655 655 654 654 654 654 655 655 656 656 657 657 658 658 659 659 658 658 660 660 659 659 659 659 660 660 661 661 662 662 663 663 664 664 663 663 665 665 664 664 664 664 665 665 666 666 667 667 668 668 669 669 668 668 670 670 669 669 669 669 670 670 671 671 672 672 673 673 674 674 675 675 672 672 674 674 675 675 674 674 676 676 674 674 677 677 676 676 </p>
        </triangles>
      </mesh>
    </geometry>
    <geometry id="LB014__mTreeOakLeafBack-mesh" name="LB014__mTreeOakLeafBack">
      <mesh>
        <source id="LB014__mTreeOakLeafBack-position">
          <float_array id="LB014__mTreeOakLeafBack-position-array" count="636">5.970333 14.28507 -0.9887974 6.697554 12.54526 -0.902427 6.670503 15.06539 -1.135025 9.158753 15.44881 -1.431443 9.961866 11.64932 -1.160606 9.977872 15.182 -1.492307 11.14338 13.07512 -1.417547 -1.207625 18.44283 1.590871 -0.8712697 16.39457 2.095218 -0.2392745 19.14732 1.619951 2.574787 19.04605 2.167574 2.453271 14.73677 3.073731 3.397996 18.58429 2.42092 4.115957 16.04444 3.102531 7.394483 14.03942 1.202071 8.744251 12.23322 1.164093 7.966207 15.1511 1.010801 10.70634 16.32739 0.4816287 12.75368 12.15223 0.5580176 11.72487 16.25832 0.3321903 13.68613 14.15474 0.2283844 3.462944 13.20424 0.9597656 4.779722 11.60941 0.9055206 3.94344 14.25355 0.8411504 6.417239 15.46699 0.4842256 8.473633 11.72864 0.4750986 7.357621 15.4527 0.3773538 9.249496 13.61411 0.2719901 1.129659 9.961338 -2.295058 3.144548 8.600438 -2.443455 1.321203 11.30988 -2.398696 3.703488 13.51468 -2.805192 7.265977 9.978055 -2.999088 4.767583 13.81489 -2.94529 7.511563 12.37175 -3.172232 7.72705 16.94515 6.352946 9.594034 16.33133 5.679041 7.31257 17.91886 5.8656 7.992381 19.85641 3.976504 11.74615 17.98169 3.108747 8.570242 20.24378 3.328775 10.9485 19.69428 2.293533 -4.857517 28.42954 -4.481868 -4.600933 26.78419 -2.112338 -3.604309 29.41619 -4.787854 -0.1299033 30.42057 -3.357173 -0.616145 26.63714 1.238692 0.8527979 30.33971 -2.472047 1.543289 28.41625 0.6074543 1.487455 28.80197 -1.395675 3.254328 27.55247 -1.476692 1.261468 29.45415 -2.39483 2.333889 29.96636 -5.049122 5.759196 27.16745 -4.434017 2.995396 29.83802 -5.775455 5.292272 28.35038 -6.160967 -6.863911 24.61909 -1.570993 -6.251006 22.74437 -0.66958 -6.159707 25.57751 -1.317246 -3.768156 26.29411 0.1822038 -3.178558 22.11006 1.647433 -2.999133 26.08768 0.774117 -1.985164 23.85007 2.048352 2.084519 27.32961 1.626263 3.311132 25.46717 1.725785 2.401879 28.13696 0.7237639 4.370209 28.47522 -1.511938 6.385409 24.42932 -0.6384292 5.15641 28.17032 -2.088121 6.882596 25.90717 -2.205704 -13.00587 18.31271 -1.096033 -12.79702 16.57761 -0.3825488 -12.18684 18.96735 -0.9506161 -9.877571 19.03086 0.09318876 -10.11959 15.33618 1.29534 -9.216288 18.67958 0.5234838 -8.710052 16.54411 1.516679 -7.916021 11.01574 -2.572689 -6.202552 9.645779 -2.173796 -7.622612 12.22554 -2.690051 -5.259897 14.06383 -2.619143 -2.330175 10.61665 -1.795094 -4.265001 14.2642 -2.51554 -1.895285 12.77045 -2.015406 -8.250988 19.76051 4.070642 -6.515077 18.7155 5.001479 -7.963262 20.70734 3.306301 -5.594181 22.17149 2.206084 -2.618803 19.52363 4.5042 -4.592822 22.34087 2.109699 -2.194712 21.20809 3.140656 -0.4960961 15.94705 3.628669 -0.2439222 13.71202 3.795879 0.5252008 16.63404 3.919631 3.397013 16.31259 4.827151 3.080036 11.67288 4.912397 4.217785 15.75236 5.105096 4.838017 12.95822 5.409157 -4.111382 20.16494 1.369697 -2.907284 18.29365 1.547472 -3.452549 21.22862 1.33013 -0.6241241 22.22006 1.3946 1.088441 17.96181 1.752112 0.3870873 22.08779 1.449554 2.17798 19.88398 1.675985 1.534062 21.66266 1.985161 3.063764 21.27335 3.020382 1.724081 22.02491 1.008851 3.6478 22.59492 -0.5405543 6.318326 21.6012 2.111842 4.486409 22.66459 -0.7347939 6.582015 22.24522 0.376731 -3.737678 30.17088 -4.49579 -3.681912 29.37642 -2.784371 -2.858167 30.68065 -4.790927 -0.5362808 31.25172 -3.948912 -1.106354 29.39936 -0.5727935 0.09588491 31.23568 -3.360732 0.4144688 30.31619 -1.157105 8.905495 15.97128 5.027732 10.72281 15.22296 4.353964 8.611108 17.02077 4.616236 9.554282 19.02783 2.92301 13.12475 16.84758 1.997489 10.19196 19.40523 2.327639 12.53721 18.69715 1.313634 5.647135 18.71213 5.764217 7.557676 17.90337 5.653302 5.496456 19.72271 5.204353 6.897838 21.57273 3.655659 10.53001 19.31099 3.879719 7.677722 21.89534 3.218359 10.18737 21.09575 2.914845 2.652829 12.26402 -1.657528 3.995293 10.39147 -1.508905 3.278703 13.39129 -1.775369 6.151726 14.54565 -1.940204 8.144204 10.23643 -1.576485 7.204219 14.45663 -1.952701 9.170747 12.26878 -1.786926 2.949077 17.9651 -1.859432 4.228031 23.92864 -2.924493 -0.4098528 26.22587 -3.648116 -3.918379 17.65738 -2.21988 -5.943761 19.52475 -2.701545 -5.05617 26.06569 -3.901188 -2.793987 12.17945 3.214931 -2.465702 17.32816 2.832421 -6.555003 18.69551 2.143004 -8.399671 11.09718 2.516056 -10.2902 12.41815 2.139973 -10.35346 18.0035 1.665998 -4.984461 16.26628 3.999851 -3.611837 20.79366 1.90653 -7.025602 22.0218 -0.5235357 -10.2818 15.34881 1.955366 -11.71611 16.52257 0.5321528 -10.60648 21.43649 -1.926887 7.662625 22.70049 -2.753645 6.405808 27.29745 -5.042331 2.308558 28.26738 -3.564361 2.937652 21.40159 0.492516 0.8357262 22.46237 0.8915362 -0.9055901 27.42399 -1.381796 11.3349 14.6367 1.037635 10.76005 19.39347 -0.388618 6.817366 20.41735 0.712257 6.431381 13.31948 3.298973 4.491871 14.4267 3.632666 3.487694 19.56283 2.23404 8.335285 17.67042 4.119571 8.385904 21.09549 0.9422557 4.621091 22.19887 0.5413814 3.315889 17.20734 5.374634 1.542414 18.17771 4.768881 1.217928 21.91271 1.36659 11.79567 18.49251 -0.1198306 9.462278 20.97037 -3.320537 6.111651 22.06311 -1.551022 8.665796 18.54792 4.025625 6.775871 19.38918 4.443027 3.970366 22.12083 1.233926 2.766214 23.23653 0.5652366 3.069467 28.24057 -0.1097932 -0.9360849 29.52311 -0.8451324 -2.714369 22.12317 -0.03004265 -4.568577 23.38508 -0.466156 -4.649917 28.80884 -1.254269 2.224049 13.67792 4.205582 4.287362 12.53836 4.112832 5.832905 16.75694 5.030467 1.651708 19.28574 3.656821 6.855367 13.29486 3.761293 5.241511 20.32545 3.167338 9.794715 14.16314 3.358661 9.320954 19.32463 2.848013 -3.185793 23.5087 -0.1535459 -1.022225 22.24938 0.4072027 0.8674827 26.82382 -0.2038412 -3.381972 28.96723 -3.000335 1.83658 22.78183 -0.0009388924 0.612982 29.69434 -3.561818 5.108963 23.39356 -0.4693079 4.986236 28.41355 -3.089999 -9.045817 14.8586 4.817839 -6.681632 13.71742 5.131751 -5.17219 18.56065 4.553398 -9.929557 20.60611 2.272167 -3.832841 14.52912 4.512009 -5.946476 21.7225 1.414105 -0.5722046 15.46064 3.801545 -1.326108 20.75141 1.452948</float_array>
          <technique_common>
            <accessor source="#LB014__mTreeOakLeafBack-position-array" count="212" stride="3">
              <param name="X" type="float" />
              <param name="Y" type="float" />
              <param name="Z" type="float" />
            </accessor>
          </technique_common>
        </source>
        <source id="LB014__mTreeOakLeafBack-normal">
          <float_array id="LB014__mTreeOakLeafBack-normal-array" count="636">0.111546 0.08414873 0.9902152 0.111546 0.08414873 0.9902152 0.1037182 0.09197652 0.9902152 0.111546 0.08414873 0.9902152 0.1037182 0.09197652 0.9902152 0.111546 0.08414873 0.9902152 0.111546 0.08414873 0.9902152 -0.1741683 0.1976517 0.964775 -0.1741683 0.1976517 0.964775 -0.1800391 0.2074364 0.960861 -0.1741683 0.1976517 0.964775 -0.1800391 0.2074364 0.960861 -0.1741683 0.1976517 0.964775 -0.1741683 0.1976517 0.964775 0.1604697 0.08610567 0.9843444 0.1604697 0.08610567 0.9843444 0.1506849 0.09197652 0.9843444 0.1604697 0.08610567 0.9843444 0.1506849 0.09197652 0.9843444 0.1604697 0.08610567 0.9843444 0.1604697 0.08610567 0.9843444 0.1232877 0.05479452 0.9902152 0.1232877 0.05479452 0.9902152 0.1135029 0.06066536 0.9921722 0.1232877 0.05479452 0.9902152 0.1135029 0.06066536 0.9921722 0.1232877 0.05479452 0.9902152 0.1232877 0.05479452 0.9902152 0.1232877 0.05675147 0.9902152 0.1232877 0.05675147 0.9902152 0.1135029 0.06066536 0.9921722 0.1232877 0.05675147 0.9902152 0.1135029 0.06066536 0.9921722 0.1232877 0.05675147 0.9902152 0.1232877 0.05675147 0.9902152 0.4461839 0.5440313 0.7103718 0.4461839 0.5440313 0.7103718 0.4363992 0.5440313 0.7162427 0.4461839 0.5440313 0.7103718 0.4363992 0.5440313 0.7162427 0.4461839 0.5440313 0.7103718 0.4461839 0.5440313 0.7103718 -0.4285714 0.7142857 0.553816 -0.4285714 0.7142857 0.553816 -0.4324853 0.7181996 0.5459883 -0.4285714 0.7142857 0.553816 -0.4324853 0.7181996 0.5459883 -0.4285714 0.7142857 0.553816 -0.4285714 0.7142857 0.553816 0.55773 0.7475538 0.3620352 0.55773 0.7475538 0.3620352 0.5479452 0.7514677 0.3659491 0.55773 0.7475538 0.3620352 0.5479452 0.7514677 0.3659491 0.55773 0.7475538 0.3620352 0.55773 0.7475538 0.3620352 -0.55773 0.1937378 0.8082192 -0.55773 0.1937378 0.8082192 -0.5636008 0.2015656 0.8023483 -0.55773 0.1937378 0.8082192 -0.5636008 0.2015656 0.8023483 -0.55773 0.1937378 0.8082192 -0.55773 0.1937378 0.8082192 0.6418787 0.444227 0.6242661 0.6418787 0.444227 0.6242661 0.6340509 0.4520548 0.6262231 0.6418787 0.444227 0.6242661 0.6340509 0.4520548 0.6262231 0.6418787 0.444227 0.6242661 0.6418787 0.444227 0.6242661 -0.3953033 0.2994129 0.8688846 -0.3953033 0.2994129 0.8688846 -0.3992172 0.3072407 0.8630137 -0.3953033 0.2994129 0.8688846 -0.3992172 0.3072407 0.8630137 -0.3953033 0.2994129 0.8688846 -0.3953033 0.2994129 0.8688846 -0.1174168 0.1232877 0.9863014 -0.1174168 0.1232877 0.9863014 -0.1272016 0.1272016 0.9843444 -0.1174168 0.1232877 0.9863014 -0.1272016 0.1272016 0.9843444 -0.1174168 0.1232877 0.9863014 -0.1174168 0.1232877 0.9863014 -0.02348337 0.6320939 0.7749511 -0.02348337 0.6320939 0.7749511 -0.0332681 0.6340509 0.7729941 -0.02348337 0.6320939 0.7749511 -0.0332681 0.6340509 0.7729941 -0.02348337 0.6320939 0.7749511 -0.02348337 0.6320939 0.7749511 -0.2915851 0.02739726 0.9549902 -0.2915851 0.02739726 0.9549902 -0.297456 0.037182 0.9549902 -0.2915851 0.02739726 0.9549902 -0.297456 0.037182 0.9549902 -0.2915851 0.02739726 0.9549902 -0.2915851 0.02739726 0.9549902 -0.037182 0.05870841 0.9980431 -0.037182 0.05870841 0.9980431 -0.04500978 0.06457926 0.9960861 -0.037182 0.05870841 0.9980431 -0.04500978 0.06457926 0.9960861 -0.037182 0.05870841 0.9980431 -0.037182 0.05870841 0.9980431 0.01369863 0.9354208 0.3502935 0.01369863 0.9354208 0.3502935 0.001956947 0.9373777 0.3483366 0.01369863 0.9354208 0.3502935 0.001956947 0.9373777 0.3483366 0.01369863 0.9354208 0.3502935 0.01369863 0.9354208 0.3502935 -0.3502935 0.8414873 0.4129159 -0.3502935 0.8414873 0.4129159 -0.3542074 0.8434442 0.4031311 -0.3502935 0.8414873 0.4129159 -0.3542074 0.8434442 0.4031311 -0.3502935 0.8414873 0.4129159 -0.3502935 0.8414873 0.4129159 0.4735812 0.4324853 0.7671233 0.4735812 0.4324853 0.7671233 0.4637965 0.4324853 0.7729941 0.4735812 0.4324853 0.7671233 0.4637965 0.4324853 0.7729941 0.4735812 0.4324853 0.7671233 0.4735812 0.4324853 0.7671233 0.2681018 0.4970646 0.8258317 0.2681018 0.4970646 0.8258317 0.258317 0.4970646 0.8277887 0.2681018 0.4970646 0.8258317 0.258317 0.4970646 0.8277887 0.2681018 0.4970646 0.8258317 0.2681018 0.4970646 0.8258317 0.02935421 0.08806262 0.9960861 0.02935421 0.08806262 0.9960861 0.01956947 0.09393346 0.9960861 0.02935421 0.08806262 0.9960861 0.01956947 0.09393346 0.9960861 0.02935421 0.08806262 0.9960861 0.02935421 0.08806262 0.9960861 -0.06066536 0.1878669 0.9804305 -0.05283757 0.1800391 0.9823875 -0.05283757 0.1800391 0.9823875 -0.05283757 0.1800391 0.9823875 -0.05283757 0.1800391 0.9823875 -0.06066536 0.1878669 0.9804305 -0.1389433 0.08219178 0.9863014 -0.1311155 0.07436399 0.9882583 -0.1311155 0.07436399 0.9882583 -0.1311155 0.07436399 0.9882583 -0.1311155 0.07436399 0.9882583 -0.1389433 0.08219178 0.9863014 -0.3874756 0.481409 0.7866927 -0.3816047 0.4735812 0.7925636 -0.3816047 0.4735812 0.7925636 -0.3816047 0.4735812 0.7925636 -0.3816047 0.4735812 0.7925636 -0.3874756 0.481409 0.7866927 0.3953033 0.4931507 0.7749511 0.4050881 0.4872798 0.7729941 0.4050881 0.4872798 0.7729941 0.4050881 0.4872798 0.7729941 0.4050881 0.4872798 0.7729941 0.3953033 0.4931507 0.7749511 0.3287671 0.3072407 0.8923679 0.3385518 0.3013699 0.8923679 0.3385518 0.3013699 0.8923679 0.3385518 0.3013699 0.8923679 0.3385518 0.3013699 0.8923679 0.3287671 0.3072407 0.8923679 0.1193738 0.6751468 0.7279844 0.1272016 0.667319 0.7318982 0.1272016 0.667319 0.7318982 0.1272016 0.667319 0.7318982 0.1272016 0.667319 0.7318982 0.1193738 0.6751468 0.7279844 0.444227 0.8356164 0.3228963 0.4540117 0.8317025 0.3228963 0.4540117 0.8317025 0.3228963 0.4540117 0.8317025 0.3228963 0.4540117 0.8317025 0.3228963 0.444227 0.8356164 0.3228963 -0.1350294 0.1409002 0.9804305 -0.1272016 0.1330724 0.9823875 -0.1272016 0.1330724 0.9823875 -0.1272016 0.1330724 0.9823875 -0.1272016 0.1330724 0.9823875 -0.1350294 0.1409002 0.9804305 0.111546 0.0998043 0.9882583 0.111546 0.0998043 0.9882583 0.09589041 0.1428571 0.9843444 -0.1761252 0.2289628 0.9569471 0.2113503 -0.2818004 0.9354208 0.111546 0.0998043 0.9882583 0.3874756 -0.003913894 0.9217221 0.111546 0.0998043 0.9882583 0.04892368 0.4559687 0.888454 0.04892368 0.4559687 0.888454 0.0332681 0.4951076 0.8688846 -0.2289628 0.5733855 0.7866927 0.1272016 0.08023483 0.9882583 0.04892368 0.4559687 0.888454 0.3209393 0.3268102 0.888454 0.04892368 0.4559687 0.888454 0.08806262 0.4090019 0.9080235 0.08806262 0.4090019 0.9080235 0.0704501 0.444227 0.8943248 -0.1878669 0.5029354 0.8434442 0.1976517 0.05479452 0.9784736 0.08806262 0.4090019 0.9080235 0.3522505 0.3091977 0.8845401 0.08806262 0.4090019 0.9080235</float_array>
          <technique_common>
            <accessor source="#LB014__mTreeOakLeafBack-normal-array" count="212" stride="3">
              <param name="X" type="float" />
              <param name="Y" type="float" />
              <param name="Z" type="float" />
            </accessor>
          </technique_common>
        </source>
        <source id="LB014__mTreeOakLeafBack-color">
          <float_array id="LB014__mTreeOakLeafBack-color-array" count="848">1 1 1 0.0009994507 1 1 1 0.0009994507 1 1 1 0.0009994507 1 1 1 0.0009994507 1 1 1 0.0009994507 1 1 1 0.0009994507 1 1 1 0.0009994507 1 1 1 0.0009994507 1 1 1 0.0009994507 1 1 1 0.0009994507 1 1 1 0.0009994507 1 1 1 0.0009994507 1 1 1 0.0009994507 1 1 1 0.0009994507 11 15.5 0.5 1 11 15.5 0.5 1 11 15.5 0.5 1 11 15.5 0.5 1 11 15.5 0.5 1 11 15.5 0.5 1 11 15.5 0.5 1 6.097656 14.39844 0.5996094 1 6.097656 14.39844 0.5996094 1 6.097656 14.39844 0.5996094 1 6.097656 14.39844 0.5996094 1 6.097656 14.39844 0.5996094 1 6.097656 14.39844 0.5996094 1 6.097656 14.39844 0.5996094 1 4.296875 12.79688 -2.798828 1 4.296875 12.79688 -2.798828 1 4.296875 12.79688 -2.798828 1 4.296875 12.79688 -2.798828 1 4.296875 12.79688 -2.798828 1 4.296875 12.79688 -2.798828 1 4.296875 12.79688 -2.798828 1 1 1 1 0.0009994507 1 1 1 0.0009994507 1 1 1 0.0009994507 1 1 1 0.0009994507 1 1 1 0.0009994507 1 1 1 0.0009994507 1 1 1 0.0009994507 1 1 1 0.0009994507 1 1 1 0.0009994507 1 1 1 0.0009994507 1 1 1 0.0009994507 1 1 1 0.0009994507 1 1 1 0.0009994507 1 1 1 0.0009994507 1 1 1 0.0009994507 1 1 1 0.0009994507 1 1 1 0.0009994507 1 1 1 0.0009994507 1 1 1 0.0009994507 1 1 1 0.0009994507 1 1 1 0.0009994507 -3.699219 25.5 0.3999023 0.3999023 -3.699219 25.5 0.3999023 0.3999023 -3.699219 25.5 0.3999023 0.3999023 -3.699219 25.5 0.3999023 0.3999023 -3.699219 25.5 0.3999023 0.3999023 -3.699219 25.5 0.3999023 0.3999023 -3.699219 25.5 0.3999023 0.3999023 1 1 1 0.0009994507 1 1 1 0.0009994507 1 1 1 0.0009994507 1 1 1 0.0009994507 1 1 1 0.0009994507 1 1 1 0.0009994507 1 1 1 0.0009994507 1 1 1 0.0009994507 1 1 1 0.0009994507 1 1 1 0.0009994507 1 1 1 0.0009994507 1 1 1 0.0009994507 1 1 1 0.0009994507 1 1 1 0.0009994507 -5.398438 12.89844 -2.5 1 -5.398438 12.89844 -2.5 1 -5.398438 12.89844 -2.5 1 -5.398438 12.89844 -2.5 1 -5.398438 12.89844 -2.5 1 -5.398438 12.89844 -2.5 1 -5.398438 12.89844 -2.5 1 1 1 1 0.0009994507 1 1 1 0.0009994507 1 1 1 0.0009994507 1 1 1 0.0009994507 1 1 1 0.0009994507 1 1 1 0.0009994507 1 1 1 0.0009994507 3.199219 15.39844 4.796875 1 3.199219 15.39844 4.796875 1 3.199219 15.39844 4.796875 1 3.199219 15.39844 4.796875 1 3.199219 15.39844 4.796875 1 3.199219 15.39844 4.796875 1 3.199219 15.39844 4.796875 1 1 1 1 0.0009994507 1 1 1 0.0009994507 1 1 1 0.0009994507 1 1 1 0.0009994507 1 1 1 0.0009994507 1 1 1 0.0009994507 1 1 1 0.0009994507 1 1 1 0.0009994507 1 1 1 0.0009994507 1 1 1 0.0009994507 1 1 1 0.0009994507 1 1 1 0.0009994507 1 1 1 0.0009994507 1 1 1 0.0009994507 1 1 1 0.0009994507 1 1 1 0.0009994507 1 1 1 0.0009994507 1 1 1 0.0009994507 1 1 1 0.0009994507 1 1 1 0.0009994507 1 1 1 0.0009994507 10.19531 18.5 2.798828 0.5996094 10.19531 18.5 2.798828 0.5996094 10.19531 18.5 2.798828 0.5996094 10.19531 18.5 2.798828 0.5996094 10.19531 18.5 2.798828 0.5996094 10.19531 18.5 2.798828 0.5996094 10.19531 18.5 2.798828 0.5996094 1 1 1 0.0009994507 1 1 1 0.0009994507 1 1 1 0.0009994507 1 1 1 0.0009994507 1 1 1 0.0009994507 1 1 1 0.0009994507 1 1 1 0.0009994507 6.5 13.69531 -1.899414 1 6.5 13.69531 -1.899414 1 6.5 13.69531 -1.899414 1 6.5 13.69531 -1.899414 1 6.5 13.69531 -1.899414 1 6.5 13.69531 -1.899414 1 6.5 13.69531 -1.899414 1 -1.399414 21.89063 -2.898438 0.0009994507 -1.399414 21.89063 -2.898438 0.0009994507 -1.399414 21.89063 -2.898438 0.0009994507 -1.399414 21.89063 -2.898438 0.0009994507 -1.399414 21.89063 -2.898438 0.0009994507 -1.399414 21.89063 -2.898438 0.0009994507 -6.796875 15 2.398438 1 -6.796875 15 2.398438 1 -6.796875 15 2.398438 1 -6.796875 15 2.398438 1 -6.796875 15 2.398438 1 -6.796875 15 2.398438 1 1 1 1 0.0009994507 1 1 1 0.0009994507 1 1 1 0.0009994507 1 1 1 0.0009994507 1 1 1 0.0009994507 1 1 1 0.0009994507 1 1 1 0.0009994507 1 1 1 0.0009994507 1 1 1 0.0009994507 1 1 1 0.0009994507 1 1 1 0.0009994507 1 1 1 0.0009994507 1 1 1 0.0009994507 1 1 1 0.0009994507 1 1 1 0.0009994507 1 1 1 0.0009994507 1 1 1 0.0009994507 1 1 1 0.0009994507 1 1 1 0.0009994507 1 1 1 0.0009994507 1 1 1 0.0009994507 1 1 1 0.0009994507 1 1 1 0.0009994507 1 1 1 0.0009994507 1 1 1 0.0009994507 1 1 1 0.0009994507 1 1 1 0.0009994507 1 1 1 0.0009994507 1 1 1 0.0009994507 1 1 1 0.0009994507 1 1 1 0.0009994507 1 1 1 0.0009994507 1 1 1 0.0009994507 1 1 1 0.0009994507 1 1 1 0.0009994507 1 1 1 0.0009994507 1 1 1 0.0009994507 1 1 1 0.0009994507 1 1 1 0.0009994507 1 1 1 0.0009994507 1 1 1 0.0009994507 1 1 1 0.0009994507 1 1 1 0.0009994507 1 1 1 0.0009994507 1 1 1 0.0009994507 1 1 1 0.0009994507 1 1 1 0.0009994507 1 1 1 0.0009994507 1 1 1 0.0009994507 1 1 1 0.0009994507 1 1 1 0.0009994507 1 1 1 0.0009994507 1 1 1 0.0009994507 1 1 1 0.0009994507 1 1 1 0.0009994507 1 1 1 0.0009994507 1 1 1 0.0009994507 1 1 1 0.0009994507 1 1 1 0.0009994507 1 1 1 0.0009994507</float_array>
          <technique_common>
            <accessor source="#LB014__mTreeOakLeafBack-color-array" count="212" stride="4">
              <param name="R" type="float" />
              <param name="G" type="float" />
              <param name="B" type="float" />
              <param name="A" type="float" />
            </accessor>
          </technique_common>
        </source>
        <source id="LB014__mTreeOakLeafBack-texcoord">
          <float_array id="LB014__mTreeOakLeafBack-texcoord-array" count="424">0.02700888 0.2784814 0.1331523 0.1031221 0.1309549 0.3592334 0.4987945 0.4033021 0.6133 0.01687676 0.61919 0.374279 0.7878353 0.1627247 0.02700888 0.2784814 0.1331523 0.1031221 0.1309549 0.3592334 0.4987945 0.4033021 0.6133 0.01687676 0.61919 0.374279 0.7878353 0.1627247 0.02700888 0.2784814 0.1331523 0.1031221 0.1309549 0.3592334 0.4987945 0.4033021 0.6133 0.01687676 0.61919 0.374279 0.7878353 0.1627247 0.02700888 0.2784814 0.1331523 0.1031221 0.1309549 0.3592334 0.4987945 0.4033021 0.6133 0.01687676 0.61919 0.374279 0.7878353 0.1627247 0.02700888 0.2784814 0.1331523 0.1031221 0.1309549 0.3592334 0.4987945 0.4033021 0.6133 0.01687676 0.61919 0.374279 0.7878353 0.1627247 0.02700888 0.2784814 0.1331523 0.1031221 0.1309549 0.3592334 0.4987945 0.4033021 0.6133 0.01687676 0.61919 0.374279 0.7878353 0.1627247 0.02700888 0.2784814 0.1331523 0.1031221 0.1309549 0.3592334 0.4987945 0.4033021 0.6133 0.01687676 0.61919 0.374279 0.7878353 0.1627247 0.02700888 0.2784814 0.1331523 0.1031221 0.1309549 0.3592334 0.4987945 0.4033021 0.6133 0.01687676 0.61919 0.374279 0.7878353 0.1627247 0.02700888 0.2784814 0.1331523 0.1031221 0.1309549 0.3592334 0.4987945 0.4033021 0.6133 0.01687676 0.61919 0.374279 0.7878353 0.1627247 0.02700888 0.2784814 0.1331523 0.1031221 0.1309549 0.3592334 0.4987945 0.4033021 0.6133 0.01687676 0.61919 0.374279 0.7878353 0.1627247 0.02700888 0.2784814 0.1331523 0.1031221 0.1309549 0.3592334 0.4987945 0.4033021 0.6133 0.01687676 0.61919 0.374279 0.7878353 0.1627247 0.02700888 0.2784814 0.1331523 0.1031221 0.1309549 0.3592334 0.4987945 0.4033021 0.6133 0.01687676 0.61919 0.374279 0.7878353 0.1627247 0.02700888 0.2784814 0.1331523 0.1031221 0.1309549 0.3592334 0.4987945 0.4033021 0.6133 0.01687676 0.61919 0.374279 0.7878353 0.1627247 0.02700888 0.2784814 0.1331523 0.1031221 0.1309549 0.3592334 0.4987945 0.4033021 0.6133 0.01687676 0.61919 0.374279 0.7878353 0.1627247 0.02700888 0.2784814 0.1331523 0.1031221 0.1309549 0.3592334 0.4987945 0.4033021 0.6133 0.01687676 0.61919 0.374279 0.7878353 0.1627247 0.02700888 0.2784814 0.1331523 0.1031221 0.1309549 0.3592334 0.4987945 0.4033021 0.6133 0.01687676 0.61919 0.374279 0.7878353 0.1627247 0.02700888 0.2784814 0.1331523 0.1031221 0.1309549 0.3592334 0.4987945 0.4033021 0.6133 0.01687676 0.61919 0.374279 0.7878353 0.1627247 0.02700888 0.2784814 0.1331523 0.1031221 0.1309549 0.3592334 0.4987945 0.4033021 0.6133 0.01687676 0.61919 0.374279 0.7878353 0.1627247 0.02700888 0.2784814 0.1331523 0.1031221 0.1309549 0.3592334 0.4987945 0.4033021 0.6133 0.01687676 0.61919 0.374279 0.7878353 0.1627247 0.02700888 0.2784814 0.1331523 0.1031221 0.1309549 0.3592334 0.4987945 0.4033021 0.6133 0.01687676 0.61919 0.374279 0.7878353 0.1627247 0.9256569 0.4737999 0.9829707 0.8810694 0.4842982 1.002045 0.2323069 0.4051942 0.004028443 0.5157323 0.01458785 0.9588305 0.9256569 0.4737999 0.9829707 0.8810694 0.4842982 1.002045 0.2323069 0.4051942 0.004028443 0.5157323 0.01458785 0.9588305 0.9256569 0.4737999 0.9829707 0.8810694 0.4842982 1.002045 0.2323069 0.4051942 0.004028443 0.5157323 0.01458785 0.9588305 0.9256569 0.4737999 0.9829707 0.8810694 0.4842982 1.002045 0.2323069 0.4051942 0.004028443 0.5157323 0.01458785 0.9588305 0.9256569 0.4737999 0.9829707 0.8810694 0.4842982 1.002045 0.2323069 0.4051942 0.004028443 0.5157323 0.01458785 0.9588305 0.9256569 0.4737999 0.9829707 0.8810694 0.4842982 1.002045 0.2323069 0.4051942 0.004028443 0.5157323 0.01458785 0.9588305 0.9256569 0.4737999 0.9829707 0.8810694 0.4842982 1.002045 0.2323069 0.4051942 0.004028443 0.5157323 0.01458785 0.9588305 0.9256569 0.4737999 0.9829707 0.8810694 0.4842982 1.002045 0.2323069 0.4051942 0.004028443 0.5157323 0.01458785 0.9588305 0.004028443 0.5157323 0.2323069 0.4051942 0.4934843 0.6984161 0.01458785 0.9588305 0.5547349 0.4370861 0.4842982 1.002045 0.9256569 0.4737999 0.9829707 0.8810694 0.004028443 0.5157323 0.2323069 0.4051942 0.4934843 0.6984161 0.01458785 0.9588305 0.5547349 0.4370861 0.4842982 1.002045 0.9256569 0.4737999 0.9829707 0.8810694 0.004028443 0.5157323 0.2323069 0.4051942 0.4934843 0.6984161 0.01458785 0.9588305 0.5547349 0.4370861 0.4842982 1.002045 0.9256569 0.4737999 0.9829707 0.8810694</float_array>
          <technique_common>
            <accessor source="#LB014__mTreeOakLeafBack-texcoord-array" count="212" stride="2">
              <param name="S" type="float" />
              <param name="T" type="float" />
            </accessor>
          </technique_common>
        </source>
        <source id="LB014__mTreeOakLeafBack-texcoord_1">
          <float_array id="LB014__mTreeOakLeafBack-texcoord-array_1" count="424">-0.04376221 0.04638672 -0.02838135 0.001953125 -0.02890015 0.06640625 0.02389526 0.07617188 0.04089355 -0.02050781 0.0413208 0.06933594 0.065979 0.015625 -0.04376221 0.04638672 -0.02838135 0.001953125 -0.02890015 0.06640625 0.02389526 0.07617188 0.04089355 -0.02050781 0.0413208 0.06933594 0.065979 0.015625 -0.04376221 0.04638672 -0.02838135 0.001953125 -0.02890015 0.06640625 0.02389526 0.07617188 0.04089355 -0.02050781 0.0413208 0.06933594 0.065979 0.015625 -0.04376221 0.04638672 -0.02838135 0.001953125 -0.02890015 0.06640625 0.02389526 0.07617188 0.04089355 -0.02050781 0.0413208 0.06933594 0.065979 0.015625 -0.04376221 0.04638672 -0.02838135 0.001953125 -0.02890015 0.06640625 0.02389526 0.07617188 0.04089355 -0.02050781 0.0413208 0.06933594 0.065979 0.015625 -0.04376221 0.04638672 -0.02838135 0.001953125 -0.02890015 0.06640625 0.02389526 0.07617188 0.04089355 -0.02050781 0.0413208 0.06933594 0.065979 0.015625 -0.04376221 0.04638672 -0.02838135 0.001953125 -0.02890015 0.06640625 0.02389526 0.07617188 0.04089355 -0.02050781 0.0413208 0.06933594 0.065979 0.015625 -0.04376221 0.04638672 -0.02838135 0.001953125 -0.02890015 0.06640625 0.02389526 0.07617188 0.04089355 -0.02050781 0.0413208 0.06933594 0.065979 0.015625 -0.04376221 0.04638672 -0.02838135 0.001953125 -0.02890015 0.06640625 0.02389526 0.07617188 0.04089355 -0.02050781 0.0413208 0.06933594 0.065979 0.015625 -0.04376221 0.04638672 -0.02838135 0.001953125 -0.02890015 0.06640625 0.02389526 0.07617188 0.04089355 -0.02050781 0.0413208 0.06933594 0.065979 0.015625 -0.04376221 0.04638672 -0.02838135 0.001953125 -0.02890015 0.06640625 0.02389526 0.07617188 0.04089355 -0.02050781 0.0413208 0.06933594 0.065979 0.015625 -0.04376221 0.04638672 -0.02838135 0.001953125 -0.02890015 0.06640625 0.02389526 0.07617188 0.04089355 -0.02050781 0.0413208 0.06933594 0.065979 0.015625 -0.04376221 0.04638672 -0.02838135 0.001953125 -0.02890015 0.06640625 0.02389526 0.07617188 0.04089355 -0.02050781 0.0413208 0.06933594 0.065979 0.015625 -0.04376221 0.04638672 -0.02838135 0.001953125 -0.02890015 0.06640625 0.02389526 0.07617188 0.04089355 -0.02050781 0.0413208 0.06933594 0.065979 0.015625 -0.04376221 0.04638672 -0.02838135 0.001953125 -0.02890015 0.06640625 0.02389526 0.07617188 0.04089355 -0.02050781 0.0413208 0.06933594 0.065979 0.015625 -0.04376221 0.04638672 -0.02838135 0.001953125 -0.02890015 0.06640625 0.02389526 0.07617188 0.04089355 -0.02050781 0.0413208 0.06933594 0.065979 0.015625 -0.04376221 0.04638672 -0.02838135 0.001953125 -0.02890015 0.06640625 0.02389526 0.07617188 0.04089355 -0.02050781 0.0413208 0.06933594 0.065979 0.015625 -0.04376221 0.04638672 -0.02838135 0.001953125 -0.02890015 0.06640625 0.02389526 0.07617188 0.04089355 -0.02050781 0.0413208 0.06933594 0.065979 0.015625 -0.04376221 0.04638672 -0.02838135 0.001953125 -0.02890015 0.06640625 0.02389526 0.07617188 0.04089355 -0.02050781 0.0413208 0.06933594 0.065979 0.015625 -0.04376221 0.04638672 -0.02838135 0.001953125 -0.02890015 0.06640625 0.02389526 0.07617188 0.04089355 -0.02050781 0.0413208 0.06933594 0.065979 0.015625 0.08508301 -0.05859375 0.09307861 0.04541016 0.02389526 0.07617188 -0.01072693 -0.07519531 -0.04229736 -0.04589844 -0.04089355 0.06884766 0.08508301 -0.05859375 0.09307861 0.04541016 0.02389526 0.07617188 -0.01072693 -0.07519531 -0.04229736 -0.04589844 -0.04089355 0.06884766 0.08508301 -0.05859375 0.09307861 0.04541016 0.02389526 0.07617188 -0.01072693 -0.07519531 -0.04229736 -0.04589844 -0.04089355 0.06884766 0.08508301 -0.05859375 0.09307861 0.04541016 0.02389526 0.07617188 -0.01072693 -0.07519531 -0.04229736 -0.04589844 -0.04089355 0.06884766 0.08508301 -0.05859375 0.09307861 0.04541016 0.02389526 0.07617188 -0.01072693 -0.07519531 -0.04229736 -0.04589844 -0.04089355 0.06884766 0.08508301 -0.05859375 0.09307861 0.04541016 0.02389526 0.07617188 -0.01072693 -0.07519531 -0.04229736 -0.04589844 -0.04089355 0.06884766 0.08508301 -0.05859375 0.09307861 0.04541016 0.02389526 0.07617188 -0.01072693 -0.07519531 -0.04229736 -0.04589844 -0.04089355 0.06884766 0.08508301 -0.05859375 0.09307861 0.04541016 0.02389526 0.07617188 -0.01072693 -0.07519531 -0.04229736 -0.04589844 -0.04089355 0.06884766 -0.04229736 -0.04589844 -0.01072693 -0.07519531 0.02540588 0 -0.04089355 0.06884766 0.03381348 -0.06738281 0.02389526 0.07617188 0.08508301 -0.05859375 0.09307861 0.04541016 -0.04229736 -0.04589844 -0.01072693 -0.07519531 0.02540588 0 -0.04089355 0.06884766 0.03381348 -0.06738281 0.02389526 0.07617188 0.08508301 -0.05859375 0.09307861 0.04541016 -0.04229736 -0.04589844 -0.01072693 -0.07519531 0.02540588 0 -0.04089355 0.06884766 0.03381348 -0.06738281 0.02389526 0.07617188 0.08508301 -0.05859375 0.09307861 0.04541016</float_array>
          <technique_common>
            <accessor source="#LB014__mTreeOakLeafBack-texcoord-array_1" count="212" stride="2">
              <param name="S" type="float" />
              <param name="T" type="float" />
            </accessor>
          </technique_common>
        </source>
        <vertices id="LB014__mTreeOakLeafBack-vertex">
          <input semantic="POSITION" source="#LB014__mTreeOakLeafBack-position" />
        </vertices>
        <triangles material="mTreeOakLeafBack" count="153">
          <input semantic="VERTEX" source="#LB014__mTreeOakLeafBack-vertex" offset="0" />
          <input semantic="NORMAL" source="#LB014__mTreeOakLeafBack-normal" offset="1" />
          <input semantic="COLOR" source="#LB014__mTreeOakLeafBack-color" offset="2" set="0" />
          <input semantic="TEXCOORD" source="#LB014__mTreeOakLeafBack-texcoord" offset="3" set="0" />
          <input semantic="TEXCOORD" source="#LB014__mTreeOakLeafBack-texcoord_1" offset="4" set="1" />
          <p>0 0 0 0 0 1 1 1 1 1 2 2 2 2 2 1 1 1 1 1 3 3 3 3 3 2 2 2 2 2 3 3 3 3 3 1 1 1 1 1 4 4 4 4 4 5 5 5 5 5 3 3 3 3 3 4 4 4 4 4 5 5 5 5 5 4 4 4 4 4 6 6 6 6 6 7 7 7 7 7 8 8 8 8 8 9 9 9 9 9 8 8 8 8 8 10 10 10 10 10 9 9 9 9 9 10 10 10 10 10 8 8 8 8 8 11 11 11 11 11 12 12 12 12 12 10 10 10 10 10 11 11 11 11 11 12 12 12 12 12 11 11 11 11 11 13 13 13 13 13 14 14 14 14 14 15 15 15 15 15 16 16 16 16 16 15 15 15 15 15 17 17 17 17 17 16 16 16 16 16 17 17 17 17 17 15 15 15 15 15 18 18 18 18 18 19 19 19 19 19 17 17 17 17 17 18 18 18 18 18 19 19 19 19 19 18 18 18 18 18 20 20 20 20 20 21 21 21 21 21 22 22 22 22 22 23 23 23 23 23 22 22 22 22 22 24 24 24 24 24 23 23 23 23 23 24 24 24 24 24 22 22 22 22 22 25 25 25 25 25 26 26 26 26 26 24 24 24 24 24 25 25 25 25 25 26 26 26 26 26 25 25 25 25 25 27 27 27 27 27 28 28 28 28 28 29 29 29 29 29 30 30 30 30 30 29 29 29 29 29 31 31 31 31 31 30 30 30 30 30 31 31 31 31 31 29 29 29 29 29 32 32 32 32 32 33 33 33 33 33 31 31 31 31 31 32 32 32 32 32 33 33 33 33 33 32 32 32 32 32 34 34 34 34 34 35 35 35 35 35 36 36 36 36 36 37 37 37 37 37 36 36 36 36 36 38 38 38 38 38 37 37 37 37 37 38 38 38 38 38 36 36 36 36 36 39 39 39 39 39 40 40 40 40 40 38 38 38 38 38 39 39 39 39 39 40 40 40 40 40 39 39 39 39 39 41 41 41 41 41 42 42 42 42 42 43 43 43 43 43 44 44 44 44 44 43 43 43 43 43 45 45 45 45 45 44 44 44 44 44 45 45 45 45 45 43 43 43 43 43 46 46 46 46 46 47 47 47 47 47 45 45 45 45 45 46 46 46 46 46 47 47 47 47 47 46 46 46 46 46 48 48 48 48 48 49 49 49 49 49 50 50 50 50 50 51 51 51 51 51 50 50 50 50 50 52 52 52 52 52 51 51 51 51 51 52 52 52 52 52 50 50 50 50 50 53 53 53 53 53 54 54 54 54 54 52 52 52 52 52 53 53 53 53 53 54 54 54 54 54 53 53 53 53 53 55 55 55 55 55 56 56 56 56 56 57 57 57 57 57 58 58 58 58 58 57 57 57 57 57 59 59 59 59 59 58 58 58 58 58 59 59 59 59 59 57 57 57 57 57 60 60 60 60 60 61 61 61 61 61 59 59 59 59 59 60 60 60 60 60 61 61 61 61 61 60 60 60 60 60 62 62 62 62 62 63 63 63 63 63 64 64 64 64 64 65 65 65 65 65 64 64 64 64 64 66 66 66 66 66 65 65 65 65 65 66 66 66 66 66 64 64 64 64 64 67 67 67 67 67 68 68 68 68 68 66 66 66 66 66 67 67 67 67 67 68 68 68 68 68 67 67 67 67 67 69 69 69 69 69 70 70 70 70 70 71 71 71 71 71 72 72 72 72 72 71 71 71 71 71 73 73 73 73 73 72 72 72 72 72 73 73 73 73 73 71 71 71 71 71 74 74 74 74 74 75 75 75 75 75 73 73 73 73 73 74 74 74 74 74 75 75 75 75 75 74 74 74 74 74 76 76 76 76 76 77 77 77 77 77 78 78 78 78 78 79 79 79 79 79 78 78 78 78 78 80 80 80 80 80 79 79 79 79 79 80 80 80 80 80 78 78 78 78 78 81 81 81 81 81 82 82 82 82 82 80 80 80 80 80 81 81 81 81 81 82 82 82 82 82 81 81 81 81 81 83 83 83 83 83 84 84 84 84 84 85 85 85 85 85 86 86 86 86 86 85 85 85 85 85 87 87 87 87 87 86 86 86 86 86 87 87 87 87 87 85 85 85 85 85 88 88 88 88 88 89 89 89 89 89 87 87 87 87 87 88 88 88 88 88 89 89 89 89 89 88 88 88 88 88 90 90 90 90 90 91 91 91 91 91 92 92 92 92 92 93 93 93 93 93 92 92 92 92 92 94 94 94 94 94 93 93 93 93 93 94 94 94 94 94 92 92 92 92 92 95 95 95 95 95 96 96 96 96 96 94 94 94 94 94 95 95 95 95 95 96 96 96 96 96 95 95 95 95 95 97 97 97 97 97 98 98 98 98 98 99 99 99 99 99 100 100 100 100 100 99 99 99 99 99 101 101 101 101 101 100 100 100 100 100 101 101 101 101 101 99 99 99 99 99 102 102 102 102 102 103 103 103 103 103 101 101 101 101 101 102 102 102 102 102 103 103 103 103 103 102 102 102 102 102 104 104 104 104 104 105 105 105 105 105 106 106 106 106 106 107 107 107 107 107 106 106 106 106 106 108 108 108 108 108 107 107 107 107 107 108 108 108 108 108 106 106 106 106 106 109 109 109 109 109 110 110 110 110 110 108 108 108 108 108 109 109 109 109 109 110 110 110 110 110 109 109 109 109 109 111 111 111 111 111 112 112 112 112 112 113 113 113 113 113 114 114 114 114 114 113 113 113 113 113 115 115 115 115 115 114 114 114 114 114 115 115 115 115 115 113 113 113 113 113 116 116 116 116 116 117 117 117 117 117 115 115 115 115 115 116 116 116 116 116 117 117 117 117 117 116 116 116 116 116 118 118 118 118 118 119 119 119 119 119 120 120 120 120 120 121 121 121 121 121 120 120 120 120 120 122 122 122 122 122 121 121 121 121 121 122 122 122 122 122 120 120 120 120 120 123 123 123 123 123 124 124 124 124 124 122 122 122 122 122 123 123 123 123 123 124 124 124 124 124 123 123 123 123 123 125 125 125 125 125 126 126 126 126 126 127 127 127 127 127 128 128 128 128 128 127 127 127 127 127 129 129 129 129 129 128 128 128 128 128 129 129 129 129 129 127 127 127 127 127 130 130 130 130 130 131 131 131 131 131 129 129 129 129 129 130 130 130 130 130 131 131 131 131 131 130 130 130 130 130 132 132 132 132 132 133 133 133 133 133 134 134 134 134 134 135 135 135 135 135 134 134 134 134 134 136 136 136 136 136 135 135 135 135 135 136 136 136 136 136 134 134 134 134 134 137 137 137 137 137 138 138 138 138 138 136 136 136 136 136 137 137 137 137 137 138 138 138 138 138 137 137 137 137 137 139 139 139 139 139 140 140 140 140 140 141 141 141 141 141 142 142 142 142 142 140 140 140 140 140 142 142 142 142 142 143 143 143 143 143 143 143 143 143 143 142 142 142 142 142 144 144 144 144 144 144 144 144 144 144 142 142 142 142 142 145 145 145 145 145 146 146 146 146 146 147 147 147 147 147 148 148 148 148 148 146 146 146 146 146 148 148 148 148 148 149 149 149 149 149 149 149 149 149 149 148 148 148 148 148 150 150 150 150 150 150 150 150 150 150 148 148 148 148 148 151 151 151 151 151 152 152 152 152 152 153 153 153 153 153 154 154 154 154 154 152 152 152 152 152 154 154 154 154 154 155 155 155 155 155 155 155 155 155 155 154 154 154 154 154 156 156 156 156 156 156 156 156 156 156 154 154 154 154 154 157 157 157 157 157 158 158 158 158 158 159 159 159 159 159 160 160 160 160 160 158 158 158 158 158 160 160 160 160 160 161 161 161 161 161 161 161 161 161 161 160 160 160 160 160 162 162 162 162 162 162 162 162 162 162 160 160 160 160 160 163 163 163 163 163 164 164 164 164 164 165 165 165 165 165 166 166 166 166 166 164 164 164 164 164 166 166 166 166 166 167 167 167 167 167 167 167 167 167 167 166 166 166 166 166 168 168 168 168 168 168 168 168 168 168 166 166 166 166 166 169 169 169 169 169 170 170 170 170 170 171 171 171 171 171 172 172 172 172 172 170 170 170 170 170 172 172 172 172 172 173 173 173 173 173 173 173 173 173 173 172 172 172 172 172 174 174 174 174 174 174 174 174 174 174 172 172 172 172 172 175 175 175 175 175 176 176 176 176 176 177 177 177 177 177 178 178 178 178 178 176 176 176 176 176 178 178 178 178 178 179 179 179 179 179 179 179 179 179 179 178 178 178 178 178 180 180 180 180 180 180 180 180 180 180 178 178 178 178 178 181 181 181 181 181 182 182 182 182 182 183 183 183 183 183 184 184 184 184 184 182 182 182 182 182 184 184 184 184 184 185 185 185 185 185 185 185 185 185 185 184 184 184 184 184 186 186 186 186 186 186 186 186 186 186 184 184 184 184 184 187 187 187 187 187 188 188 188 188 188 189 189 189 189 189 190 190 190 190 190 188 188 188 188 188 190 190 190 190 190 191 191 191 191 191 190 190 190 190 190 189 189 189 189 189 192 192 192 192 192 191 191 191 191 191 190 190 190 190 190 193 193 193 193 193 190 190 190 190 190 192 192 192 192 192 194 194 194 194 194 193 193 193 193 193 190 190 190 190 190 195 195 195 195 195 190 190 190 190 190 194 194 194 194 194 195 195 195 195 195 196 196 196 196 196 197 197 197 197 197 198 198 198 198 198 196 196 196 196 196 198 198 198 198 198 199 199 199 199 199 198 198 198 198 198 197 197 197 197 197 200 200 200 200 200 199 199 199 199 199 198 198 198 198 198 201 201 201 201 201 198 198 198 198 198 200 200 200 200 200 202 202 202 202 202 201 201 201 201 201 198 198 198 198 198 203 203 203 203 203 198 198 198 198 198 202 202 202 202 202 203 203 203 203 203 204 204 204 204 204 205 205 205 205 205 206 206 206 206 206 204 204 204 204 204 206 206 206 206 206 207 207 207 207 207 206 206 206 206 206 205 205 205 205 205 208 208 208 208 208 207 207 207 207 207 206 206 206 206 206 209 209 209 209 209 206 206 206 206 206 208 208 208 208 208 210 210 210 210 210 209 209 209 209 209 206 206 206 206 206 211 211 211 211 211 206 206 206 206 206 210 210 210 210 210 211 211 211 211 211 </p>
        </triangles>
      </mesh>
    </geometry>
    <geometry id="TrunkBottom__mPltTreeOakTrunk-mesh" name="TrunkBottom__mPltTreeOakTrunk">
      <mesh>
        <source id="TrunkBottom__mPltTreeOakTrunk-position">
          <float_array id="TrunkBottom__mPltTreeOakTrunk-position-array" count="5349">2.170853 -0.2768187 -2.976638 1.629335 0.7429472 -3.820073 1.845398 0.8867199 -3.070515 -0.4191709 0.3428857 -5.968222 -2.756388E-07 -0.1200913 -6.425972 -0.004607243 -1.415474 -6.77547 -2.756388E-07 -0.1200913 -6.425972 0.4191704 0.3428858 -5.968222 -0.004607243 -1.415474 -6.77547 2.353475 2.734696 -2.931286 1.845398 0.8867199 -3.070515 1.220595 1.738343 -3.479037 1.220595 1.738343 -3.479037 1.383284 3.474896 -3.339539 2.353475 2.734696 -2.931286 2.170853 -0.2768187 -2.976638 1.914824 -0.769073 -3.91982 1.629335 0.7429472 -3.820073 -1.383281 3.474896 -3.339541 -1.507172 5 -3.030472 -1.36276 5 -3.122038 -1.518681 2.051753 3.307266 -1.343282 1.559988 3.843887 -1.079859 1.814858 3.520391 -1.079859 1.814858 3.520391 -1.343282 1.559988 3.843887 -0.5600665 1.234858 3.486702 -0.5600665 1.234858 3.486702 -0.8663032 0.7429471 4.078448 -0.2280515 0.8867202 3.54554 -0.2280515 0.8867202 3.54554 -0.8663032 0.7429471 4.078448 0.1147511 -0.2768193 3.71874 -0.6933476 -0.7690734 4.384179 0.1147511 -0.2768193 3.71874 -0.8663032 0.7429471 4.078448 -3.014712 1.814858 2.114639 -3.236544 1.559988 2.468352 -2.674434 2.051753 2.464612 -3.142981 1.234858 1.610105 -3.236544 1.559988 2.468352 -3.014712 1.814858 2.114639 -3.524575 -0.2768195 1.161333 -3.606804 0.742947 2.101373 -3.265753 0.8867201 1.422655 -3.606804 0.742947 2.101373 -3.524575 -0.2768195 1.161333 -3.947006 -0.7690735 2.020258 -3.085163 0.4621183 5.135626 -2.191323 0.5222412 4.94314 -2.443871 1.01899 4.760221 -3.085163 0.4621183 5.135626 -3.518799 0.6595597 4.843213 -3.837227 0.0001443735 5.281491 -3.518799 0.6595597 4.843213 -3.930902 0.4621183 4.521161 -3.837227 0.0001443735 5.281491 -3.769061 1.01899 3.800149 -4.045387 0.5222412 3.599953 -3.930902 0.4621183 4.521161 -3.085163 0.4621183 5.135626 -3.837227 0.0001443735 5.281491 -3.461344 -0.004474367 5.323675 -3.680029 -1.387176 5.576754 -3.181968 -0.02331795 5.322884 -3.461344 -0.004474367 5.323675 -3.837227 0.0001443735 5.281491 -3.930902 0.4621183 4.521161 -3.993683 -0.00447439 4.936907 -4.259772 -1.221645 3.663901 -4.119578 -0.001595916 3.981288 -4.045387 0.5222412 3.599953 -3.461344 -0.004474367 5.323675 -3.837227 0.0001443735 5.281491 -4.039329 -1.415474 5.570945 -3.461344 -0.004474367 5.323675 -4.039329 -1.415474 5.570945 -3.680029 -1.387176 5.576754 -4.039329 -1.415474 5.570945 -3.837227 0.0001443735 5.281491 -3.993683 -0.00447439 4.936907 -3.930902 0.4621183 4.521161 -4.079263 -0.02331799 4.670961 -3.993683 -0.00447439 4.936907 -4.155883 -1.387176 5.231026 -4.039329 -1.415474 5.570945 -3.993683 -0.00447439 4.936907 -3.993683 -0.00447439 4.936907 -4.079263 -0.02331799 4.670961 -4.155883 -1.387176 5.231026 -2.169533 2.234858 2.986105 -2.704462 3.474896 2.361331 -2.674434 2.051753 2.464612 0.1147511 -0.2768193 3.71874 0.1157999 0.9079527 3.600001 -0.2280515 0.8867202 3.54554 -1.079859 1.814858 3.520391 -1.410035 3.474896 3.301788 -1.518681 2.051753 3.307266 -3.462291 2.980509 1.192702 -3.403513 1.905613 1.1118 -3.014712 1.814858 2.114639 -3.265753 0.8867201 1.422655 -3.423804 0.9079525 1.112461 -3.524575 -0.2768195 1.161333 -1.518681 2.051753 3.307266 -1.410035 3.474896 3.301788 -2.169533 2.234858 2.986105 -3.014712 1.814858 2.114639 -3.403513 1.905613 1.1118 -3.142981 1.234858 1.610105 -0.5600665 1.234858 3.486702 -1.343282 1.559988 3.843887 -0.8663032 0.7429471 4.078448 -2.191323 0.5222412 4.94314 -3.085163 0.4621183 5.135626 -2.517412 -0.003598145 5.144175 -2.824477 -1.329211 5.62814 -2.517412 -0.003598145 5.144175 -3.181968 -0.02331795 5.322884 -2.191323 0.5222412 4.94314 -2.517412 -0.003598145 5.144175 -2.157502 -1.221645 5.19129 -4.469135 -1.329211 4.433227 -4.119578 -0.001595916 3.981288 -4.259772 -1.221645 3.663901 -3.181968 -0.02331795 5.322884 -3.085163 0.4621183 5.135626 -3.461344 -0.004474367 5.323675 -3.680029 -1.387176 5.576754 -2.824477 -1.329211 5.62814 -3.181968 -0.02331795 5.322884 -4.155883 -1.387176 5.231026 -4.079263 -0.02331799 4.670961 -4.469135 -1.329211 4.433227 -3.181968 -0.02331795 5.322884 -2.517412 -0.003598145 5.144175 -3.085163 0.4621183 5.135626 -4.079263 -0.02331799 4.670961 -4.119578 -0.001595916 3.981288 -4.469135 -1.329211 4.433227 -0.5600665 1.234858 3.486702 7.522392E-08 1.893636 3.614558 -1.079859 1.814858 3.520391 2.649647 1.660169 2.485572 3.023449 1.296353 2.692242 2.970973 1.481567 2.146416 2.970973 1.481567 2.146416 3.023449 1.296353 2.692242 3.157922 1.145597 1.709489 3.157922 1.145597 1.709489 3.380389 0.714938 2.348614 3.288591 0.8214394 1.494807 3.288591 0.8214394 1.494807 3.380389 0.714938 2.348614 3.515361 -0.2768192 1.161333 3.676683 -0.7062731 2.322597 3.515361 -0.2768192 1.161333 3.380389 0.714938 2.348614 1.120628 1.481567 3.490771 1.352718 1.296353 3.79286 1.541628 1.660169 3.287644 0.7367809 1.176314 3.53815 1.352718 1.296353 3.79286 1.120628 1.481567 3.490771 0.1147511 -0.2768193 3.71874 0.9175858 0.7149379 3.984599 0.5120742 0.7820953 3.617693 0.9175858 0.7149379 3.984599 0.1147511 -0.2768193 3.71874 0.73817 -0.7062733 4.258386 3.52519 0.2968197 4.590036 3.68112 0.4585893 3.761165 3.406498 0.7969322 3.944131 3.810586 -1.251361 4.675759 3.68112 0.4585893 3.761165 3.52519 0.2968197 4.590036 3.68112 0.4585893 3.761165 3.810586 -1.251361 4.675759 3.836916 -1.154341 3.864483 3.52519 0.2968197 4.590036 3.216317 0.4837681 4.814777 3.429308 -0.009273401 5.14117 3.810586 -1.251361 4.675759 3.52519 0.2968197 4.590036 3.488107 -0.01343928 5.012121 3.216317 0.4837681 4.814777 2.889686 0.2968196 5.012306 3.429308 -0.009273401 5.14117 2.349541 0.7969322 4.648796 2.057858 0.4585892 4.843097 2.889686 0.2968196 5.012306 3.52519 0.2968197 4.590036 3.429308 -0.009273401 5.14117 3.488107 -0.01343928 5.012121 3.735164 -1.303642 5.141287 3.810586 -1.251361 4.675759 3.488107 -0.01343928 5.012121 3.429308 -0.009273401 5.14117 2.889686 0.2968196 5.012306 3.288594 -0.01343928 5.144691 2.889686 0.2968196 5.012306 2.057858 0.4585892 4.843097 2.835684 -1.251361 5.323546 3.488107 -0.01343928 5.012121 3.429308 -0.009273401 5.14117 3.612313 -1.329166 5.442795 3.488107 -0.01343928 5.012121 3.612313 -1.329166 5.442795 3.735164 -1.303642 5.141287 3.612313 -1.329166 5.442795 3.429308 -0.009273401 5.14117 3.288594 -0.01343928 5.144691 2.889686 0.2968196 5.012306 2.835684 -1.251361 5.323546 3.288594 -0.01343928 5.144691 2.057858 0.4585892 4.843097 2.086712 -1.154341 5.027429 2.835684 -1.251361 5.323546 3.289289 -1.303642 5.437555 3.612313 -1.329166 5.442795 3.288594 -0.01343928 5.144691 3.288594 -0.01343928 5.144691 2.835684 -1.251361 5.323546 3.289289 -1.303642 5.437555 2.169533 1.806483 3.092512 1.410035 3.474896 3.301788 1.541628 1.660169 3.287644 3.515361 -0.2768192 1.161333 3.356034 0.9079528 1.112461 3.288591 0.8214394 1.494807 2.970973 1.481567 2.146416 2.704462 3.474896 2.361331 2.649647 1.660169 2.485572 0.5120742 0.7820953 3.617693 0.1157999 0.9079527 3.600001 0.1147511 -0.2768193 3.71874 2.970973 1.481567 2.146416 3.462292 2.98051 1.192702 2.704462 3.474896 2.361331 2.649647 1.660169 2.485572 2.704462 3.474896 2.361331 2.169533 1.806483 3.092512 2.970973 1.481567 2.146416 3.403513 1.905613 1.1118 3.462292 2.98051 1.192702 1.120628 1.481567 3.490771 7.522392E-08 1.893636 3.614558 0.7367809 1.176314 3.53815 3.157922 1.145597 1.709489 3.023449 1.296353 2.692242 3.380389 0.714938 2.348614 3.157922 1.145597 1.709489 3.403513 1.905613 1.1118 2.970973 1.481567 2.146416 -3.604592 1.660169 -0.4534459 -4.028482 1.296353 -0.4009311 -3.6652 1.519866 0.009807151 -3.6652 1.519866 0.009807151 -4.028482 1.296353 -0.4009311 -3.559625 1.145597 0.4731741 -3.559625 1.145597 0.4731741 -4.115273 0.7149377 0.08687383 -3.563086 0.8214391 0.7410497 -3.563086 0.8214391 0.7410497 -4.115273 0.7149377 0.08687383 -3.524575 -0.2768195 1.161333 -4.337661 -0.7062735 0.3166735 -3.524575 -0.2768195 1.161333 -4.115273 0.7149377 0.08687383 -2.958431 1.519866 -2.165404 -3.32376 1.296353 -2.27338 -3.179632 1.660169 -1.753613 -2.179833 -0.2768829 -2.976316 -3.084431 0.7149377 -2.684265 -2.447019 0.8214392 -2.693851 -3.084431 0.7149377 -2.684265 -2.179833 -0.2768829 -2.976316 -3.098182 -0.7062734 -2.976627 -5.63953 0.343267 -1.659264 -5.26764 0.5098945 -0.8741503 -5.149568 0.8583976 -1.192884 -5.924662 -1.238107 -1.52184 -5.26764 0.5098945 -0.8741503 -5.63953 0.343267 -1.659264 -5.26764 0.5098945 -0.8741503 -5.924662 -1.238107 -1.52184 -5.455426 -1.138174 -0.8298538 -5.63953 0.343267 -1.659264 -5.518209 0.5358294 -2.033546 -5.893306 0.02798224 -2.17658 -5.924662 -1.238107 -1.52184 -5.63953 0.343267 -1.659264 -5.875279 0.02369126 -2.003576 -5.518209 0.5358294 -2.033546 -5.365614 0.343267 -2.395903 -5.893306 0.02798224 -2.17658 -4.695423 0.8583976 -2.420008 -4.569998 0.5098945 -2.758517 -5.365614 0.343267 -2.395903 -5.63953 0.343267 -1.659264 -5.893306 0.02798224 -2.17658 -5.875279 0.02369126 -2.003576 -6.143659 -1.291958 -1.955433 -5.924662 -1.238107 -1.52184 -5.875279 0.02369126 -2.003576 -5.893306 0.02798224 -2.17658 -5.365614 0.343267 -2.395903 -5.767073 0.02369127 -2.294574 -5.365614 0.343267 -2.395903 -4.569998 0.5098945 -2.758517 -5.504458 -1.238107 -2.65189 -5.875279 0.02369126 -2.003576 -5.893306 0.02798224 -2.17658 -6.223829 -1.318248 -2.281062 -5.875279 0.02369126 -2.003576 -6.223829 -1.318248 -2.281062 -6.143659 -1.291958 -1.955433 -6.223829 -1.318248 -2.281062 -5.893306 0.02798224 -2.17658 -5.767073 0.02369127 -2.294574 -5.365614 0.343267 -2.395903 -5.504458 -1.238107 -2.65189 -5.767073 0.02369127 -2.294574 -4.569998 0.5098945 -2.758517 -4.701051 -1.138174 -2.858586 -5.504458 -1.238107 -2.65189 -5.951478 -1.291958 -2.472265 -6.223829 -1.318248 -2.281062 -5.767073 0.02369127 -2.294574 -5.767073 0.02369127 -2.294574 -5.504458 -1.238107 -2.65189 -5.951478 -1.291958 -2.472265 -3.510378 1.81958 -1.140591 -3.33954 3.474895 -1.383284 -3.179632 1.660169 -1.753613 -3.524575 -0.2768195 1.161333 -3.423804 0.9079525 1.112461 -3.563086 0.8214391 0.7410497 -3.6652 1.519866 0.009807151 -3.614692 3.474895 -1.147322E-06 -3.604592 1.660169 -0.4534459 -3.6652 1.519866 0.009807151 -3.462291 2.980509 1.192702 -3.614692 3.474895 -1.147322E-06 -3.604592 1.660169 -0.4534459 -3.614692 3.474895 -1.147322E-06 -3.510378 1.81958 -1.140591 -3.6652 1.519866 0.009807151 -3.403513 1.905613 1.1118 -3.462291 2.980509 1.192702 -3.559625 1.145597 0.4731741 -4.028482 1.296353 -0.4009311 -4.115273 0.7149377 0.08687383 -3.559625 1.145597 0.4731741 -3.403513 1.905613 1.1118 -3.6652 1.519866 0.009807151 3.172601 2.051754 -1.782976 3.346118 1.559989 -2.320209 2.942858 1.814858 -2.213331 2.362197 0.8867203 -2.666291 3.098106 0.7429473 -2.790334 2.170853 -0.2768187 -2.976638 3.681907 1.814858 0.06122466 4.06928 1.559989 -0.09454542 3.612325 2.051753 -0.4219202 3.489121 1.234858 0.5447951 4.06928 1.559989 -0.09454542 3.681907 1.814858 0.06122466 3.515361 -0.2768192 1.161333 4.153122 0.7429473 0.41998 3.448682 0.8867204 0.7686092 4.153122 0.7429473 0.41998 3.515361 -0.2768192 1.161333 4.361979 -0.7690731 0.7147474 4.778125 -1.221644 -2.902516 5.0603 -0.003597813 -2.682027 5.574494 -1.329211 -2.863897 5.514595 0.4621187 -2.341395 5.693538 0.6595601 -1.849943 6.208766 0.0001448127 -2.017351 5.693538 0.6595601 -1.849943 5.837638 0.4621187 -1.34717 6.208766 0.0001448127 -2.017351 5.282906 1.018991 -0.8589867 5.388787 0.5222416 -0.5346044 5.837638 0.4621187 -1.34717 5.514595 0.4621187 -2.341395 6.208766 0.0001448127 -2.017351 5.929464 -0.004473956 -2.272417 6.236445 -1.387176 -2.319444 5.702979 -0.02331756 -2.43599 5.929464 -0.004473956 -2.272417 6.208766 0.0001448127 -2.017351 5.837638 0.4621187 -1.34717 6.132799 -0.004473947 -1.646614 5.581121 -1.221644 -0.4311483 5.672951 -0.001595488 -0.7995028 5.388787 0.5222416 -0.5346044 5.929464 -0.004473956 -2.272417 6.208766 0.0001448127 -2.017351 6.523711 -1.415474 -2.103553 5.929464 -0.004473956 -2.272417 6.523711 -1.415474 -2.103553 6.236445 -1.387176 -2.319444 6.523711 -1.415474 -2.103553 6.208766 0.0001448127 -2.017351 6.132799 -0.004473947 -1.646614 5.837638 0.4621187 -1.34717 6.045715 -0.02331755 -1.381157 6.132799 -0.004473947 -1.646614 6.418206 -1.387176 -1.760044 6.523711 -1.415474 -2.103553 6.132799 -0.004473947 -1.646614 6.132799 -0.004473947 -1.646614 6.045715 -0.02331755 -1.381157 6.418206 -1.387176 -1.760044 3.510377 2.234858 -1.140591 3.614692 3.474896 -1.580032E-07 3.612325 2.051753 -0.4219202 1.845398 0.8867199 -3.070515 2.362197 0.8867203 -2.666291 2.170853 -0.2768187 -2.976638 3.462292 2.98051 1.192702 3.403513 1.905613 1.1118 3.681907 1.814858 0.06122466 3.448682 0.8867204 0.7686092 3.356034 0.9079528 1.112461 3.515361 -0.2768192 1.161333 3.172601 2.051754 -1.782976 3.339541 3.474896 -1.383281 3.510377 2.234858 -1.140591 3.681907 1.814858 0.06122466 3.403513 1.905613 1.1118 3.489121 1.234858 0.5447951 5.574494 -1.329211 -2.863897 5.0603 -0.003597813 -2.682027 5.702979 -0.02331756 -2.43599 4.678323 0.5222415 -2.711057 5.0603 -0.003597813 -2.682027 4.778125 -1.221644 -2.902516 5.837638 0.4621187 -1.34717 5.672951 -0.001595488 -0.7995028 6.045715 -0.02331755 -1.381157 5.672951 -0.001595488 -0.7995028 5.837638 0.4621187 -1.34717 5.388787 0.5222416 -0.5346044 6.202698 -1.329211 -0.9304858 5.672951 -0.001595488 -0.7995028 5.581121 -1.221644 -0.4311483 5.702979 -0.02331756 -2.43599 5.514595 0.4621187 -2.341395 5.929464 -0.004473956 -2.272417 6.236445 -1.387176 -2.319444 5.574494 -1.329211 -2.863897 5.702979 -0.02331756 -2.43599 6.418206 -1.387176 -1.760044 6.045715 -0.02331755 -1.381157 6.202698 -1.329211 -0.9304858 6.045715 -0.02331755 -1.381157 5.672951 -0.001595488 -0.7995028 6.202698 -1.329211 -0.9304858 -2.756388E-07 -0.1200913 -6.425972 -2.857281E-07 0.5501574 -5.98654 0.4191704 0.3428858 -5.968222 -0.4191709 0.3428857 -5.968222 -2.857281E-07 0.5501574 -5.98654 -2.756388E-07 -0.1200913 -6.425972 -2.373642 5 -2.481072 -2.555973 3.474896 -2.555974 -2.518054 5 -2.389505 -2.373642 5 -2.481072 -1.969627 3.474896 -2.947758 -2.555973 3.474896 -2.555974 3.733036 13.81106 -0.6617021 4.821622 14.45057 -0.4376913 4.882474 13.99417 -0.614869 3.801905 11.63906 0.001119773 3.69612 12.3853 -0.6112273 5.1064 13.32049 -0.009946483 3.69612 12.3853 -0.6112273 4.949612 13.58372 -0.4376913 5.1064 13.32049 -0.009946483 3.801905 11.63906 0.001119773 5.1064 13.32049 -0.009946483 3.69612 12.3853 0.5531937 5.1064 13.32049 -0.009946483 4.949612 13.58372 0.4177983 3.69612 12.3853 0.5531937 3.69612 12.3853 0.5531937 4.949612 13.58372 0.4177983 3.655559 12.99678 0.7277082 4.949612 13.58372 0.4177983 4.882474 13.99417 0.5949759 3.655559 12.99678 0.7277082 3.655559 12.99678 0.7277082 4.882474 13.99417 0.5949759 3.733037 13.81106 0.6036687 4.882474 13.99417 0.5949759 4.821622 14.45057 0.4177983 3.733037 13.81106 0.6036687 3.733037 13.81106 0.6036687 4.821622 14.45057 0.4177983 3.790214 14.42947 0.001120089 4.821622 14.45057 0.4177983 4.859175 14.67647 -0.009946472 3.790214 14.42947 0.001120089 3.733036 13.81106 -0.6617021 3.790214 14.42947 0.001120089 4.821622 14.45057 -0.4376913 3.790214 14.42947 0.001120089 4.859175 14.67647 -0.009946472 4.821622 14.45057 -0.4376913 4.882474 13.99417 -0.614869 4.821622 14.45057 -0.4376913 6.391077 14.70908 -0.3555741 6.391077 14.70908 -0.3555741 4.821622 14.45057 -0.4376913 6.227228 15.00457 -0.009946532 4.882474 13.99417 -0.614869 6.391077 14.70908 -0.3555741 4.949612 13.58372 -0.4376913 6.391077 14.70908 -0.3555741 6.506937 14.50013 -0.2543422 4.949612 13.58372 -0.4376913 4.949612 13.58372 -0.4376913 6.506937 14.50013 -0.2543422 5.1064 13.32049 -0.009946483 6.506937 14.50013 -0.2543422 6.554926 14.41358 -0.009946547 5.1064 13.32049 -0.009946483 4.859175 14.67647 -0.009946472 6.227228 15.00457 -0.009946532 4.821622 14.45057 -0.4376913 6.760794 15.02701 -0.009946555 6.610981 14.88914 -0.1827603 6.491241 15.10509 -0.009946544 6.610981 14.88914 -0.1827603 6.760794 15.02701 -0.009946555 6.695648 14.73644 -0.1321444 6.695648 14.73644 -0.1321444 6.760794 15.02701 -0.009946555 6.73072 14.67319 -0.009946554 6.73072 14.67319 -0.009946554 6.760794 15.02701 -0.009946555 6.695648 14.73644 0.1122513 6.695648 14.73644 0.1122513 6.760794 15.02701 -0.009946555 6.610981 14.88914 0.1628673 6.610981 14.88914 0.1628673 6.760794 15.02701 -0.009946555 6.526311 15.04184 0.1122513 6.526311 15.04184 0.1122513 6.760794 15.02701 -0.009946555 6.491241 15.10509 -0.009946544 3.733036 13.81106 -0.6617021 2.951266 13.94383 -0.8017665 3.790214 14.42947 0.001120089 3.790214 14.42947 0.001120089 2.951266 13.94383 -0.8017665 3.215997 14.82596 6.534738E-05 3.790214 14.42947 0.001120089 3.215997 14.82596 6.534738E-05 2.951267 13.94383 0.8786603 3.790214 14.42947 0.001120089 2.951267 13.94383 0.8786603 3.733037 13.81106 0.6036687 3.283147 10.39479 3.24592E-05 3.801905 11.63906 0.001119773 3.301065 11.46778 0.7243605 -3.604549 11.26317 0.001120097 -4.852882 12.82984 -0.009946047 -3.409205 12.14424 -0.6495287 -3.604549 11.26317 0.001120097 -3.409205 12.14424 0.5914958 -4.852882 12.82984 -0.009946047 -4.852882 12.82984 -0.009946047 -3.409205 12.14424 0.5914958 -4.645136 13.07855 0.4177988 -3.409205 12.14424 0.5914958 -3.363504 12.75572 0.7781177 -4.645136 13.07855 0.4177988 -4.645136 13.07855 0.4177988 -3.363504 12.75572 0.7781177 -4.522404 13.48176 0.5949764 -3.363504 12.75572 0.7781177 -3.362564 13.57 0.6454725 -4.522404 13.48176 0.5949764 -4.522404 13.48176 0.5949764 -3.362564 13.57 0.6454725 -4.401589 13.93131 0.4177987 -3.362564 13.57 0.6454725 -3.427776 14.18841 0.001120405 -4.401589 13.93131 0.4177987 -4.401589 13.93131 0.4177987 -3.427776 14.18841 0.001120405 -4.418567 14.15971 -0.009946067 -3.362564 13.57 -0.7035054 -4.401589 13.93131 -0.4376909 -3.427776 14.18841 0.001120405 -6.770854 14.50344 -0.1321438 -6.803941 14.43481 -0.009945963 -6.873839 14.78314 -0.009945959 -6.803941 14.43481 -0.009945963 -6.770854 14.50344 0.1122518 -6.873839 14.78314 -0.009945959 -2.968931 8.985728 1.057274 -2.239226 10.367 1.769086 -2.981208 10.367 0.9574223 -3.362564 13.57 -0.7035054 -3.427776 14.18841 0.001120405 -2.794624 13.6924 -0.8017662 -2.178096 12.66505 1.596866 -2.106863 13.6924 1.481468 -2.887695 12.67956 0.9470966 -2.887695 12.67956 0.9470966 -2.106863 13.6924 1.481468 -2.794624 13.6924 0.8786606 -3.427776 14.18841 0.001120405 -3.096553 14.50037 6.56232E-05 -2.794624 13.6924 -0.8017662 -3.427776 14.18841 0.001120405 -2.794624 13.6924 0.8786606 -3.096553 14.50037 6.56232E-05 -2.794624 13.6924 0.8786606 -2.106863 13.6924 1.481468 -2.756645 14.50037 0.7446086 2.951267 13.94383 0.8786603 3.215997 14.82596 6.534738E-05 2.798323 14.50037 0.7446091 2.866637 17.00018 -0.7116278 2.188157 17.00997 -1.129835 2.26554 17.63354 -1.006394 -2.244806 17.00997 -1.129836 -2.923286 17.00018 -0.7116276 -2.32219 17.63354 -1.006393 -2.923286 17.00018 0.7116278 -2.244806 17.00997 1.129836 -2.322189 17.63354 1.006394 2.188156 17.00997 1.129835 2.866637 17.00018 0.7116276 2.26554 17.63354 1.006393 -4.255379 20.18277 1.860085E-07 -4.013494 19.76118 -0.4677884 -4.336262 19.60213 -0.3307763 -4.255379 20.18277 1.860085E-07 -4.336262 19.60213 -0.3307763 -4.469958 19.53625 1.95388E-07 -4.255379 20.18277 1.860085E-07 -4.469958 19.53625 1.95388E-07 -4.336262 19.60213 0.3307766 -4.255379 20.18277 1.860085E-07 -4.336262 19.60213 0.3307766 -4.013494 19.76118 0.4677888 -4.255379 20.18277 1.860085E-07 -4.013494 19.76118 0.4677888 -3.690725 19.92023 0.3307766 -4.255379 20.18277 1.860085E-07 -3.690725 19.92023 0.3307766 -3.55703 19.9861 1.554827E-07 3.671679 19.74519 -0.5084863 3.912748 20.23535 -1.710317E-07 3.993359 19.56027 -0.3595541 3.993359 19.56027 -0.3595541 3.912748 20.23535 -1.710317E-07 4.126604 19.48368 -1.803796E-07 4.126604 19.48368 -1.803796E-07 3.912748 20.23535 -1.710317E-07 3.993359 19.56027 0.3595537 3.993359 19.56027 0.3595537 3.912748 20.23535 -1.710317E-07 3.671679 19.74519 0.5084859 3.671679 19.74519 0.5084859 3.912748 20.23535 -1.710317E-07 3.349998 19.9301 0.3595538 3.349998 19.9301 0.3595538 3.912748 20.23535 -1.710317E-07 3.216753 20.00669 -1.406088E-07 -1.691876 17.75456 0.7116278 -7.354244E-07 17.62368 0.7991332 -7.858532E-07 17.97823 0 -7.354244E-07 17.62368 0.7991332 1.635227 17.75456 0.7116277 -7.858532E-07 17.97823 0 -3.427776 14.18841 0.001120405 -3.362564 13.57 0.6454725 -2.794624 13.6924 0.8786606 -3.231255 10.367 6.531518E-05 -3.067504 11.21635 0.7743711 -3.604549 11.26317 0.001120097 3.215997 14.82596 6.534738E-05 2.951266 13.94383 -0.8017665 2.798324 14.50037 -0.7446077 -3.604549 11.26317 0.001120097 -3.067504 11.21635 0.7743711 -3.409205 12.14424 0.5914958 3.301065 11.46778 0.7243605 3.801905 11.63906 0.001119773 3.69612 12.3853 0.5531937 -1.134205 5 -1.605033 -2.518054 5 -2.389505 -2.185569E-07 5 0 -1.134205 5 -1.605033 -2.185569E-07 5 0 -1.36276 5 -3.122038 -1.134205 5 -1.605033 -2.373642 5 -2.481072 -2.518054 5 -2.389505 -1.134205 5 -1.605033 -1.36276 5 -3.122038 -1.506398 5 -3.030472 -1.845198 0.8867199 -3.070514 -2.179833 -0.2768829 -2.976316 -2.447019 0.8214392 -2.693851 -2.958431 1.519866 -2.165404 -1.845198 0.8867199 -3.070514 -2.555973 3.474896 -2.555974 -1.220394 1.738343 -3.479036 -1.969627 3.474896 -2.947758 -1.383281 3.474896 -3.339541 -1.969627 3.474896 -2.947758 -1.507172 5 -3.030472 -2.157502 -1.221645 5.19129 -2.517412 -0.003598145 5.144175 -2.824477 -1.329211 5.62814 -1.382816 -1.066182 4.807516 -2.191323 0.5222412 4.94314 -1.453788 0.656879 4.539091 -2.169533 2.234858 2.986105 -1.410035 3.474896 3.301788 -2.704462 3.474896 2.361331 -1.410035 3.474896 3.301788 -2.518054 5 2.389503 -1.36276 5 3.122038 2.169533 1.806483 3.092512 2.704462 3.474896 2.361331 1.410035 3.474896 3.301788 2.518056 5 2.389504 1.410035 3.474896 3.301788 1.362763 5 3.122038 3.119191 -0.7690732 -3.110157 2.170853 -0.2768187 -2.976638 3.098106 0.7429473 -2.790334 2.362197 0.8867203 -2.666291 3.346118 1.559989 -2.320209 2.942858 1.814858 -2.213331 4.678323 0.5222415 -2.711057 5.514595 0.4621187 -2.341395 5.0603 -0.003597813 -2.682027 5.514595 0.4621187 -2.341395 4.775121 1.018991 -2.414628 5.702979 -0.02331756 -2.43599 5.0603 -0.003597813 -2.682027 -3.409205 12.14424 -0.6495287 -4.852882 12.82984 -0.009946047 -4.645136 13.07855 -0.4376909 -4.852882 12.82984 -0.009946047 -6.534136 14.2973 -0.2543416 -4.522404 13.48176 -0.6148686 -4.645136 13.07855 -0.4376909 -6.42483 14.52401 -0.3555736 -4.645136 13.07855 -0.4376909 -3.362564 13.57 -0.7035054 -3.409205 12.14424 -0.6495287 -6.42483 14.52401 -0.3555736 -4.645136 13.07855 -0.4376909 -6.534136 14.2973 -0.2543416 -6.534136 14.2973 -0.2543416 -6.690976 14.66912 -0.1827598 -6.770854 14.50344 -0.1321438 -6.690976 14.66912 -0.1827598 -6.873839 14.78314 -0.009945959 -6.534136 14.2973 -0.2543416 -4.852882 12.82984 -0.009946047 -6.57941 14.20339 -0.009945972 -6.57941 14.20339 -0.009945972 -6.770854 14.50344 -0.1321438 -6.803941 14.43481 -0.009945963 -6.270248 14.84462 -0.009945986 -4.401589 13.93131 -0.4376909 -6.42483 14.52401 -0.3555736 -6.270248 14.84462 -0.009945986 -6.690976 14.66912 -0.1827598 -6.548298 14.91143 -0.009945974 -6.873839 14.78314 -0.009945959 -6.690976 14.66912 -0.1827598 -6.770854 14.50344 0.1122518 -6.690976 14.66912 0.1628678 -6.873839 14.78314 -0.009945959 -6.690976 14.66912 0.1628678 -6.534136 14.2973 0.2344496 -6.42483 14.52401 0.3356816 -4.522404 13.48176 0.5949764 -6.534136 14.2973 0.2344496 -4.645136 13.07855 0.4177988 -6.690976 14.66912 0.1628678 -6.611095 14.83479 0.1122518 -6.873839 14.78314 -0.009945959 -6.315524 14.75071 0.2344496 -6.690976 14.66912 0.1628678 -6.42483 14.52401 0.3356816 -3.090059 7.497465 1.13709 -2.365029 7.497465 2.10107 -2.968931 8.985728 1.057274 -2.365029 7.497465 2.10107 -3.289997 5 1.29319 -2.518054 5 2.389503 -2.365029 7.497465 2.10107 -1.279945 7.497465 2.745181 -2.272321 8.985728 1.953589 -1.279945 7.497465 2.745181 -2.518054 5 2.389503 -1.36276 5 3.122038 -2.239224 10.367 -1.769087 -2.96893 8.985728 -1.057276 -2.981208 10.367 -0.9574236 -2.981208 10.367 -0.9574236 -2.10686 13.6924 -1.481471 -2.794624 13.6924 -0.8017662 -2.272321 8.985728 1.953589 -1.237221 10.367 2.311423 -2.239226 10.367 1.769086 -1.237221 10.367 2.311423 -2.178096 12.66505 1.596866 -1.123606 13.6924 1.877177 -2.178096 12.66505 1.596866 -1.123606 13.6924 1.877177 -2.106863 13.6924 1.481468 -2.106863 13.6924 1.481468 -1.530045 16.96539 1.32943 -2.244806 17.00997 1.129836 -2.794624 13.6924 -0.8017662 -3.096553 14.50037 6.56232E-05 -2.756644 14.50037 -0.7446095 -3.302616 16.82261 1.443619E-07 -2.756644 14.50037 -0.7446095 -2.923286 17.00018 -0.7116276 -3.096553 14.50037 6.56232E-05 -2.794624 13.6924 0.8786606 -2.756645 14.50037 0.7446086 -2.756645 14.50037 0.7446086 -3.302616 16.82261 1.443619E-07 -2.923286 17.00018 0.7116278 2.978264 10.367 0.9574227 3.283147 10.39479 3.24592E-05 3.301065 11.46778 0.7243605 3.213546 8.985728 -1.404686E-07 2.978264 10.367 0.9574227 2.96893 8.985728 1.057275 3.344656 7.497465 -1.461996E-07 3.213546 8.985728 -1.404686E-07 3.090058 7.497465 1.137091 3.561067 5 -1.556592E-07 3.289998 5 1.29319 2.179311 13.6924 1.48147 2.951267 13.94383 0.8786603 2.798323 14.50037 0.7446091 3.032872 12.84169 0.9470964 2.179311 13.6924 1.48147 2.250545 12.66505 1.596866 -0.4191709 0.3428857 -5.968222 -1.154456 0.5222413 -5.024348 -0.8152609 0.9843031 -5.024348 -1.629134 0.7429471 -3.820073 -1.154456 0.5222413 -5.024348 -1.220394 1.738343 -3.479036 -1.845198 0.8867199 -3.070514 0.8170512 0.9843032 -5.024348 1.156246 0.5222414 -5.024348 0.4191704 0.3428858 -5.968222 1.156246 0.5222414 -5.024348 1.629335 0.7429472 -3.820073 1.220595 1.738343 -3.479037 1.845398 0.8867199 -3.070515 -6.611095 14.83479 0.1122518 -6.548298 14.91143 -0.009945974 -6.873839 14.78314 -0.009945959 -6.270248 14.84462 -0.009945986 -6.315524 14.75071 0.2344496 -6.611095 14.83479 0.1122518 -1.229772 8.985728 2.552488 0.01985105 10.367 2.501867 -1.237221 10.367 2.311423 0.03622429 13.6924 2.031843 -1.123606 13.6924 1.877177 -1.237221 10.367 2.311423 -1.320966 -1.221645 -5.169214 -1.924039 -0.7690731 -3.91982 -1.154456 0.5222413 -5.024348 -1.629134 0.7429471 -3.820073 1.629335 0.7429472 -3.820073 1.914824 -0.769073 -3.91982 1.156246 0.5222414 -5.024348 1.311751 -1.221645 -5.169214 0.0008951052 1.214983 -5.024347 -2.857281E-07 0.5501574 -5.98654 -0.8152609 0.9843031 -5.024348 -0.4191709 0.3428857 -5.968222 -0.004607243 -1.415474 -6.77547 -1.320966 -1.221645 -5.169214 -0.4191709 0.3428857 -5.968222 -1.154456 0.5222413 -5.024348 1.220595 1.738343 -3.479037 0.8170512 0.9843032 -5.024348 -2.535625E-07 2.113551 -3.687283 0.0008951052 1.214983 -5.024347 0.0008951052 1.214983 -5.024347 0.8170512 0.9843032 -5.024348 -2.857281E-07 0.5501574 -5.98654 0.4191704 0.3428858 -5.968222 1.156246 0.5222414 -5.024348 1.311751 -1.221645 -5.169214 0.4191704 0.3428858 -5.968222 -0.004607243 -1.415474 -6.77547 -1.220394 1.738343 -3.479036 -1.383281 3.474896 -3.339541 -2.535625E-07 2.113551 -3.687283 1.52145E-06 3.474896 -3.614692 -1.383281 3.474896 -3.339541 -3.662695E-07 5 -3.379269 -1.36276 5 -3.122038 -1.924039 -0.7690731 -3.91982 -2.179833 -0.2768829 -2.976316 -1.629134 0.7429471 -3.820073 -1.845198 0.8867199 -3.070514 1.383284 3.474896 -3.339539 1.220595 1.738343 -3.479037 -2.535625E-07 2.113551 -3.687283 1.52145E-06 3.474896 -3.614692 -3.662695E-07 5 -3.379269 1.383284 3.474896 -3.339539 1.362763 5 -3.122037 -1.220394 1.738343 -3.479036 -2.535625E-07 2.113551 -3.687283 -0.8152609 0.9843031 -5.024348 0.0008951052 1.214983 -5.024347 2.353475 2.734696 -2.931286 2.518056 5 -2.389503 3.339541 3.474896 -1.383281 3.289998 5 -1.293189 2.353475 2.734696 -2.931286 1.383284 3.474896 -3.339539 2.518056 5 -2.389503 1.362763 5 -3.122037 -3.462291 2.980509 1.192702 -3.289997 5 1.29319 -3.614692 3.474895 -1.147322E-06 -3.561067 5 -1.049067E-06 -3.462291 2.980509 1.192702 -2.704462 3.474896 2.361331 -3.289997 5 1.29319 -2.518054 5 2.389503 2.679329E-08 2.955921 3.56888 -7.084439E-08 5 3.379269 -1.410035 3.474896 3.301788 -1.36276 5 3.122038 2.679329E-08 2.955921 3.56888 1.410035 3.474896 3.301788 -7.084439E-08 5 3.379269 1.362763 5 3.122038 3.462292 2.98051 1.192702 3.289998 5 1.29319 2.704462 3.474896 2.361331 2.518056 5 2.389504 3.462292 2.98051 1.192702 3.614692 3.474896 -1.580032E-07 3.289998 5 1.29319 3.561067 5 -1.556592E-07 -2.169533 2.234858 2.986105 -2.291969 1.89014 3.154625 -1.518681 2.051753 3.307266 -1.343282 1.559988 3.843887 -3.236544 1.559988 2.468352 -2.291969 1.89014 3.154625 -2.674434 2.051753 2.464612 -2.169533 2.234858 2.986105 -1.343282 1.559988 3.843887 -2.291969 1.89014 3.154625 -1.84585 1.384699 4.276688 -2.671796 1.695797 3.677411 -0.8663032 0.7429471 4.078448 -1.343282 1.559988 3.843887 -1.453788 0.656879 4.539091 -1.84585 1.384699 4.276688 -2.671796 1.695797 3.677411 -2.291969 1.89014 3.154625 -3.493694 1.384699 3.081214 -3.236544 1.559988 2.468352 -1.382816 -1.066182 4.807516 -0.6933476 -0.7690734 4.384179 -1.453788 0.656879 4.539091 -0.8663032 0.7429471 4.078448 -2.671796 1.695797 3.677411 -3.108519 1.252111 4.27851 -1.84585 1.384699 4.276688 -2.443871 1.01899 4.760221 -1.84585 1.384699 4.276688 -2.443871 1.01899 4.760221 -1.453788 0.656879 4.539091 -2.191323 0.5222412 4.94314 -3.265753 0.8867201 1.422655 -3.606804 0.742947 2.101373 -3.142981 1.234858 1.610105 -3.236544 1.559988 2.468352 -2.671796 1.695797 3.677411 -3.493694 1.384699 3.081214 -3.108519 1.252111 4.27851 -3.769061 1.01899 3.800149 -3.493694 1.384699 3.081214 -3.236544 1.559988 2.468352 -3.871217 0.6568789 2.807216 -3.606804 0.742947 2.101373 -3.108519 1.252111 4.27851 -3.518799 0.6595597 4.843213 -2.443871 1.01899 4.760221 -3.085163 0.4621183 5.135626 -3.108519 1.252111 4.27851 -3.769061 1.01899 3.800149 -3.518799 0.6595597 4.843213 -3.930902 0.4621183 4.521161 -3.493694 1.384699 3.081214 -3.871217 0.6568789 2.807216 -3.769061 1.01899 3.800149 -4.045387 0.5222412 3.599953 -3.606804 0.742947 2.101373 -3.947006 -0.7690735 2.020258 -3.871217 0.6568789 2.807216 -4.136567 -1.066182 2.8068 -3.871217 0.6568789 2.807216 -4.136567 -1.066182 2.8068 -4.045387 0.5222412 3.599953 -4.259772 -1.221645 3.663901 -3.014712 1.814858 2.114639 -2.674434 2.051753 2.464612 -3.462291 2.980509 1.192702 -2.704462 3.474896 2.361331 7.522392E-08 1.893636 3.614558 -0.5600665 1.234858 3.486702 0.1157999 0.9079527 3.600001 -0.2280515 0.8867202 3.54554 -1.410035 3.474896 3.301788 -1.079859 1.814858 3.520391 2.679329E-08 2.955921 3.56888 7.522392E-08 1.893636 3.614558 -3.403513 1.905613 1.1118 -3.423804 0.9079525 1.112461 -3.142981 1.234858 1.610105 -3.265753 0.8867201 1.422655 -3.930902 0.4621183 4.521161 -4.119578 -0.001595916 3.981288 -4.079263 -0.02331799 4.670961 -4.045387 0.5222412 3.599953 2.169533 1.806483 3.092512 2.190177 1.535854 3.241172 2.649647 1.660169 2.485572 3.023449 1.296353 2.692242 1.352718 1.296353 3.79286 2.190177 1.535854 3.241172 1.541628 1.660169 3.287644 2.169533 1.806483 3.092512 3.023449 1.296353 2.692242 2.190177 1.535854 3.241172 3.239492 1.124834 3.262816 2.515671 1.397227 3.740798 3.380389 0.714938 2.348614 3.023449 1.296353 2.692242 3.599965 0.6349779 3.003977 3.239492 1.124834 3.262816 2.515671 1.397227 3.740798 2.190177 1.535854 3.241172 1.789042 1.124834 4.220764 1.352718 1.296353 3.79286 3.835582 -0.9937437 3.051058 3.676683 -0.7062731 2.322597 3.599965 0.6349779 3.003977 3.380389 0.714938 2.348614 3.239492 1.124834 3.262816 2.515671 1.397227 3.740798 3.406498 0.7969322 3.944131 2.877993 0.9612029 4.296322 3.599965 0.6349779 3.003977 3.239492 1.124834 3.262816 3.68112 0.4585893 3.761165 3.406498 0.7969322 3.944131 0.5120742 0.7820953 3.617693 0.9175858 0.7149379 3.984599 0.7367809 1.176314 3.53815 1.352718 1.296353 3.79286 2.877993 0.9612029 4.296322 2.515671 1.397227 3.740798 2.349541 0.7969322 4.648796 1.789042 1.124834 4.220764 1.789042 1.124834 4.220764 1.352718 1.296353 3.79286 1.431592 0.6349778 4.456707 0.9175858 0.7149379 3.984599 3.836916 -1.154341 3.864483 3.835582 -0.9937437 3.051058 3.68112 0.4585893 3.761165 3.599965 0.6349779 3.003977 2.877993 0.9612029 4.296322 3.216317 0.4837681 4.814777 3.406498 0.7969322 3.944131 3.52519 0.2968197 4.590036 2.877993 0.9612029 4.296322 2.349541 0.7969322 4.648796 3.216317 0.4837681 4.814777 2.889686 0.2968196 5.012306 2.349541 0.7969322 4.648796 1.789042 1.124834 4.220764 2.057858 0.4585892 4.843097 1.431592 0.6349778 4.456707 0.9175858 0.7149379 3.984599 0.73817 -0.7062733 4.258386 1.431592 0.6349778 4.456707 1.341442 -0.9937438 4.695466 1.431592 0.6349778 4.456707 1.341442 -0.9937438 4.695466 2.057858 0.4585892 4.843097 2.086712 -1.154341 5.027429 3.403513 1.905613 1.1118 3.157922 1.145597 1.709489 3.356034 0.9079528 1.112461 3.288591 0.8214394 1.494807 7.522392E-08 1.893636 3.614558 0.1157999 0.9079527 3.600001 0.7367809 1.176314 3.53815 0.5120742 0.7820953 3.617693 -3.510378 1.81958 -1.140591 -3.677004 1.535853 -1.334809 -3.604592 1.660169 -0.4534459 -4.028482 1.296353 -0.4009311 -4.115273 0.7149377 0.08687383 -4.028482 1.296353 -0.4009311 -4.678126 0.6349775 -0.3142619 -4.53864 1.124833 -0.735548 -4.234007 1.397227 -1.547695 -3.677004 1.535853 -1.334809 -3.928269 1.124833 -2.363097 -3.32376 1.296353 -2.27338 -4.894392 -0.9937441 -0.1792654 -4.337661 -0.7062735 0.3166735 -4.678126 0.6349775 -0.3142619 -4.115273 0.7149377 0.08687383 -3.32376 1.296353 -2.27338 -2.958431 1.519866 -2.165404 -3.084431 0.7149377 -2.684265 -2.447019 0.8214392 -2.693851 -4.53864 1.124833 -0.735548 -4.234007 1.397227 -1.547695 -5.149568 0.8583976 -1.192884 -4.922388 1.027601 -1.806345 -4.678126 0.6349775 -0.3142619 -4.53864 1.124833 -0.735548 -5.26764 0.5098945 -0.8741503 -5.149568 0.8583976 -1.192884 -4.922388 1.027601 -1.806345 -4.234007 1.397227 -1.547695 -4.695423 0.8583976 -2.420008 -3.928269 1.124833 -2.363097 -3.928269 1.124833 -2.363097 -3.32376 1.296353 -2.27338 -3.777769 0.6349775 -2.764083 -3.084431 0.7149377 -2.684265 -5.455426 -1.138174 -0.8298538 -4.894392 -0.9937441 -0.1792654 -5.26764 0.5098945 -0.8741503 -4.678126 0.6349775 -0.3142619 -4.922388 1.027601 -1.806345 -5.518209 0.5358294 -2.033546 -5.149568 0.8583976 -1.192884 -5.63953 0.343267 -1.659264 -4.922388 1.027601 -1.806345 -4.695423 0.8583976 -2.420008 -5.518209 0.5358294 -2.033546 -5.365614 0.343267 -2.395903 -4.695423 0.8583976 -2.420008 -3.928269 1.124833 -2.363097 -4.569998 0.5098945 -2.758517 -3.777769 0.6349775 -2.764083 -3.403513 1.905613 1.1118 -3.559625 1.145597 0.4731741 -3.423804 0.9079525 1.112461 -3.563086 0.8214391 0.7410497 -2.958431 1.519866 -2.165404 -3.179632 1.660169 -1.753613 -2.555973 3.474896 -2.555974 -3.33954 3.474895 -1.383284 -2.555973 3.474896 -2.555974 -2.518054 5 -2.389505 -3.289997 5 -1.293192 3.510377 2.234858 -1.140591 3.708484 1.890141 -1.20496 3.172601 2.051754 -1.782976 3.346118 1.559989 -2.320209 4.06928 1.559989 -0.09454542 3.708484 1.890141 -1.20496 3.612325 2.051753 -0.4219202 3.510377 2.234858 -1.140591 3.346118 1.559989 -2.320209 3.708484 1.890141 -1.20496 4.007099 1.384699 -2.37495 4.323056 1.695797 -1.404646 3.098106 0.7429473 -2.790334 3.346118 1.559989 -2.320209 3.84415 0.6568792 -2.817687 4.007099 1.384699 -2.37495 4.323056 1.695797 -1.404646 5.02969 1.252111 -1.634245 4.007099 1.384699 -2.37495 4.775121 1.018991 -2.414628 4.007099 1.384699 -2.37495 4.775121 1.018991 -2.414628 3.84415 0.6568792 -2.817687 4.678323 0.5222415 -2.711057 3.448682 0.8867204 0.7686092 4.153122 0.7429473 0.41998 3.489121 1.234858 0.5447951 4.06928 1.559989 -0.09454542 4.63755 1.3847 -0.4392124 4.06928 1.559989 -0.09454542 4.781921 0.6568793 0.00435844 4.153122 0.7429473 0.41998 5.02969 1.252111 -1.634245 5.693538 0.6595601 -1.849943 4.775121 1.018991 -2.414628 5.514595 0.4621187 -2.341395 5.02969 1.252111 -1.634245 5.282906 1.018991 -0.8589867 5.693538 0.6595601 -1.849943 5.837638 0.4621187 -1.34717 4.63755 1.3847 -0.4392124 4.781921 0.6568793 0.00435844 5.282906 1.018991 -0.8589867 5.388787 0.5222416 -0.5346044 4.153122 0.7429473 0.41998 4.361979 -0.7690731 0.7147474 4.781921 0.6568793 0.00435844 4.977654 -1.066182 0.1898418 4.781921 0.6568793 0.00435844 4.977654 -1.066182 0.1898418 5.388787 0.5222416 -0.5346044 5.581121 -1.221644 -0.4311483 3.462292 2.98051 1.192702 3.681907 1.814858 0.06122466 3.614692 3.474896 -1.580032E-07 3.612325 2.051753 -0.4219202 3.339541 3.474896 -1.383281 3.172601 2.051754 -1.782976 2.353475 2.734696 -2.931286 2.942858 1.814858 -2.213331 2.942858 1.814858 -2.213331 2.362197 0.8867203 -2.666291 2.353475 2.734696 -2.931286 1.845398 0.8867199 -3.070515 3.403513 1.905613 1.1118 3.356034 0.9079528 1.112461 3.489121 1.234858 0.5447951 3.448682 0.8867204 0.7686092 3.69612 12.3853 -0.6112273 3.733036 13.81106 -0.6617021 4.949612 13.58372 -0.4376913 4.882474 13.99417 -0.614869 6.554926 14.41358 -0.009946547 6.506937 14.50013 0.2344491 5.1064 13.32049 -0.009946483 4.949612 13.58372 0.4177983 4.949612 13.58372 0.4177983 6.506937 14.50013 0.2344491 4.882474 13.99417 0.5949759 6.391077 14.70908 0.3356811 4.882474 13.99417 0.5949759 6.391077 14.70908 0.3356811 4.821622 14.45057 0.4177983 6.275218 14.91802 0.2344491 4.821622 14.45057 0.4177983 6.275218 14.91802 0.2344491 4.859175 14.67647 -0.009946472 6.227228 15.00457 -0.009946532 6.491241 15.10509 -0.009946544 6.610981 14.88914 -0.1827603 6.227228 15.00457 -0.009946532 6.391077 14.70908 -0.3555741 6.610981 14.88914 -0.1827603 6.695648 14.73644 -0.1321444 6.391077 14.70908 -0.3555741 6.506937 14.50013 -0.2543422 6.695648 14.73644 -0.1321444 6.73072 14.67319 -0.009946554 6.506937 14.50013 -0.2543422 6.554926 14.41358 -0.009946547 6.554926 14.41358 -0.009946547 6.73072 14.67319 -0.009946554 6.506937 14.50013 0.2344491 6.695648 14.73644 0.1122513 6.506937 14.50013 0.2344491 6.695648 14.73644 0.1122513 6.391077 14.70908 0.3356811 6.610981 14.88914 0.1628673 6.391077 14.70908 0.3356811 6.610981 14.88914 0.1628673 6.275218 14.91802 0.2344491 6.526311 15.04184 0.1122513 6.275218 14.91802 0.2344491 6.526311 15.04184 0.1122513 6.227228 15.00457 -0.009946532 6.491241 15.10509 -0.009946544 3.69612 12.3853 -0.6112273 3.801905 11.63906 0.001119773 2.978265 10.367 -0.9574218 3.283147 10.39479 3.24592E-05 2.978265 10.367 -0.9574218 3.213546 8.985728 -1.404686E-07 2.96893 8.985728 -1.057274 3.213546 8.985728 -1.404686E-07 3.344656 7.497465 -1.461996E-07 3.090059 7.497465 -1.13709 3.561067 5 -1.556592E-07 3.289998 5 -1.293189 3.733037 13.81106 0.6036687 2.951267 13.94383 0.8786603 3.655559 12.99678 0.7277082 3.032872 12.84169 0.9470964 -3.362564 13.57 -0.7035054 -4.522404 13.48176 -0.6148686 -4.401589 13.93131 -0.4376909 -6.42483 14.52401 -0.3555736 -3.427776 14.18841 0.001120405 -4.401589 13.93131 -0.4376909 -4.418567 14.15971 -0.009946067 -6.270248 14.84462 -0.009945986 -4.645136 13.07855 0.4177988 -6.534136 14.2973 0.2344496 -4.852882 12.82984 -0.009946047 -6.57941 14.20339 -0.009945972 -4.522404 13.48176 0.5949764 -4.401589 13.93131 0.4177987 -6.42483 14.52401 0.3356816 -6.315524 14.75071 0.2344496 -4.401589 13.93131 0.4177987 -4.418567 14.15971 -0.009946067 -6.315524 14.75071 0.2344496 -6.270248 14.84462 -0.009945986 -6.534136 14.2973 0.2344496 -6.770854 14.50344 0.1122518 -6.57941 14.20339 -0.009945972 -6.803941 14.43481 -0.009945963 -2.518054 5 -2.389505 -3.289997 5 -1.293192 -2.365028 7.497465 -2.101071 -3.090059 7.497465 -1.137092 -2.365028 7.497465 -2.101071 -2.27232 8.985728 -1.95359 -2.96893 8.985728 -1.057276 -2.239224 10.367 -1.769087 1.362763 5 3.122038 2.518056 5 2.389504 1.279944 7.497465 2.745181 2.365028 7.497465 2.101071 2.27232 8.985728 1.95359 1.22977 8.985728 2.552488 1.279944 7.497465 2.745181 2.518056 5 2.389504 3.289998 5 1.29319 2.365028 7.497465 2.101071 3.090058 7.497465 1.137091 2.96893 8.985728 1.057275 2.27232 8.985728 1.95359 2.365028 7.497465 2.101071 2.96893 8.985728 1.057275 2.26619 10.367 1.769087 2.978264 10.367 0.9574227 -2.968931 8.985728 1.057274 -2.365029 7.497465 2.10107 -2.272321 8.985728 1.953589 -2.239226 10.367 1.769086 -2.272321 8.985728 1.953589 -1.279945 7.497465 2.745181 -1.229772 8.985728 2.552488 -1.237221 10.367 2.311423 2.266191 10.367 -1.769086 2.978265 10.367 -0.9574218 2.96893 8.985728 -1.057274 2.272321 8.985728 -1.953588 2.365029 7.497465 -2.101069 3.090059 7.497465 -1.13709 2.96893 8.985728 -1.057274 2.365029 7.497465 -2.101069 3.289998 5 -1.293189 2.518056 5 -2.389503 1.362763 5 -3.122037 2.365029 7.497465 -2.101069 1.236928E-06 7.497465 -2.971362 -3.662695E-07 5 -3.379269 -2.981208 10.367 -0.9574236 -3.213547 8.985728 1.404686E-07 -3.231255 10.367 6.531518E-05 -2.981208 10.367 -0.9574236 -3.604549 11.26317 0.001120097 -3.409205 12.14424 -0.6495287 -2.96893 8.985728 -1.057276 -3.213547 8.985728 1.404686E-07 -3.344656 7.497465 -9.014138E-07 -3.090059 7.497465 -1.137092 -3.561067 5 -1.049067E-06 -3.289997 5 -1.293192 1.22977 8.985728 2.552488 1.276923 10.367 2.311423 0.01985105 10.367 2.501867 -2.720132E-07 8.985728 2.762793 1.279944 7.497465 2.745181 1.22977 8.985728 2.552488 -1.978422E-07 7.497465 2.971363 1.362763 5 3.122038 -7.084439E-08 5 3.379269 1.22977 8.985728 2.552488 2.27232 8.985728 1.95359 1.276923 10.367 2.311423 2.26619 10.367 1.769087 2.250545 12.66505 1.596866 1.276923 10.367 2.311423 1.196056 13.6924 1.877177 2.179311 13.6924 1.48147 1.473395 16.96539 1.32943 2.179311 13.6924 1.48147 2.188156 17.00997 1.129835 0.01985105 10.367 2.501867 1.276923 10.367 2.311423 0.03622429 13.6924 2.031843 1.196056 13.6924 1.877177 2.978264 10.367 0.9574227 3.301065 11.46778 0.7243605 3.005568 11.34791 0.9522595 3.032872 12.84169 0.9470964 3.301065 11.46778 0.7243605 3.69612 12.3853 0.5531937 3.655559 12.99678 0.7277082 2.951266 13.94383 -0.8017665 2.978265 10.367 -0.9574218 2.179313 13.6924 -1.481468 2.266191 10.367 -1.769086 0.01985298 10.367 -2.501867 0.03622611 13.6924 -2.031843 2.266191 10.367 -1.769086 2.179313 13.6924 -1.481468 -2.10686 13.6924 -1.481471 0.03622611 13.6924 -2.031843 -2.239224 10.367 -1.769087 0.01985298 10.367 -2.501867 -2.239224 10.367 -1.769087 -2.27232 8.985728 -1.95359 1.236928E-06 7.497465 -2.971362 -2.365028 7.497465 -2.101071 -3.362564 13.57 -0.7035054 -2.794624 13.6924 -0.8017662 -3.409205 12.14424 -0.6495287 -2.981208 10.367 -0.9574236 2.188157 17.00997 -1.129835 2.179313 13.6924 -1.481468 -7.984999E-07 16.92048 -1.347067 0.03622611 13.6924 -2.031843 -2.244806 17.00997 -1.129836 -7.984999E-07 16.92048 -1.347067 -2.10686 13.6924 -1.481471 0.03622611 13.6924 -2.031843 -2.923286 17.00018 0.7116278 -2.756645 14.50037 0.7446086 -2.244806 17.00997 1.129836 -2.106863 13.6924 1.481468 -1.530045 16.96539 1.32943 -1.123606 13.6924 1.877177 -6.807355E-07 16.92048 1.347068 0.03622429 13.6924 2.031843 1.473395 16.96539 1.32943 -6.807355E-07 16.92048 1.347068 1.196056 13.6924 1.877177 0.03622429 13.6924 2.031843 2.866637 17.00018 0.7116276 2.188156 17.00997 1.129835 2.798323 14.50037 0.7446091 2.179311 13.6924 1.48147 2.798323 14.50037 0.7446091 3.215997 14.82596 6.534738E-05 2.866637 17.00018 0.7116276 3.234402 16.82703 -1.413802E-07 2.798324 14.50037 -0.7446077 2.866637 17.00018 -0.7116278 3.215997 14.82596 6.534738E-05 3.234402 16.82703 -1.413802E-07 -7.858532E-07 17.97823 0 2.26554 17.63354 -1.006394 -7.984999E-07 16.92048 -1.347067 2.188157 17.00997 -1.129835 -7.858532E-07 17.97823 0 -7.984999E-07 16.92048 -1.347067 -2.32219 17.63354 -1.006393 -2.244806 17.00997 -1.129836 -1.530045 16.96539 1.32943 -1.691876 17.75456 0.7116278 -2.244806 17.00997 1.129836 -2.322189 17.63354 1.006394 -6.807355E-07 16.92048 1.347068 -7.354244E-07 17.62368 0.7991332 -1.530045 16.96539 1.32943 -1.691876 17.75456 0.7116278 -6.807355E-07 16.92048 1.347068 1.473395 16.96539 1.32943 -7.354244E-07 17.62368 0.7991332 1.635227 17.75456 0.7116277 1.473395 16.96539 1.32943 2.188156 17.00997 1.129835 1.635227 17.75456 0.7116277 2.26554 17.63354 1.006393 -2.923286 17.00018 -0.7116276 -3.362827 18.09064 -0.5789298 -2.32219 17.63354 -1.006393 -2.824134 18.36886 -0.8187304 -2.923286 17.00018 -0.7116276 -3.302616 16.82261 1.443619E-07 -3.362827 18.09064 -0.5789298 -3.671423 17.94618 1.60483E-07 -2.923286 17.00018 0.7116278 -3.362827 18.09064 0.57893 -3.302616 16.82261 1.443619E-07 -3.671423 17.94618 1.60483E-07 -2.923286 17.00018 0.7116278 -2.322189 17.63354 1.006394 -3.362827 18.09064 0.57893 -2.824134 18.36886 0.8187306 -1.691876 17.75456 0.7116278 -2.002044 18.4882 0.57893 -2.322189 17.63354 1.006394 -2.824134 18.36886 0.8187306 -7.858532E-07 17.97823 0 -1.661523 18.60426 7.262746E-08 -1.691876 17.75456 0.7116278 -2.002044 18.4882 0.57893 -2.002044 18.4882 -0.5789298 -2.824134 18.36886 -0.8187304 -3.690725 19.92023 -0.3307763 -4.013494 19.76118 -0.4677884 -2.824134 18.36886 -0.8187304 -3.362827 18.09064 -0.5789298 -4.013494 19.76118 -0.4677884 -4.336262 19.60213 -0.3307763 -3.362827 18.09064 -0.5789298 -3.671423 17.94618 1.60483E-07 -4.336262 19.60213 -0.3307763 -4.469958 19.53625 1.95388E-07 -3.362827 18.09064 0.57893 -4.336262 19.60213 0.3307766 -3.671423 17.94618 1.60483E-07 -4.469958 19.53625 1.95388E-07 -2.824134 18.36886 0.8187306 -4.013494 19.76118 0.4677888 -3.362827 18.09064 0.57893 -4.336262 19.60213 0.3307766 -2.002044 18.4882 0.57893 -3.690725 19.92023 0.3307766 -2.824134 18.36886 0.8187306 -4.013494 19.76118 0.4677888 -1.661523 18.60426 7.262746E-08 -3.55703 19.9861 1.554827E-07 -2.002044 18.4882 0.57893 -3.690725 19.92023 0.3307766 -1.661523 18.60426 7.262746E-08 -2.002044 18.4882 -0.5789298 -3.55703 19.9861 1.554827E-07 -3.690725 19.92023 -0.3307763 -3.55703 19.9861 1.554827E-07 -3.690725 19.92023 -0.3307763 -4.255379 20.18277 1.860085E-07 -4.013494 19.76118 -0.4677884 2.767484 18.36886 -0.8187306 3.306177 18.09064 -0.57893 2.26554 17.63354 -1.006394 2.866637 17.00018 -0.7116278 2.866637 17.00018 -0.7116278 3.306177 18.09064 -0.57893 3.234402 16.82703 -1.413802E-07 3.614774 17.94618 -1.580068E-07 3.614774 17.94618 -1.580068E-07 3.306177 18.09064 0.5789298 3.234402 16.82703 -1.413802E-07 2.866637 17.00018 0.7116276 2.866637 17.00018 0.7116276 3.306177 18.09064 0.5789298 2.26554 17.63354 1.006393 2.767484 18.36886 0.8187304 2.767484 18.36886 0.8187304 1.945395 18.4882 0.5789298 2.26554 17.63354 1.006393 1.635227 17.75456 0.7116277 1.945395 18.4882 0.5789298 1.604874 18.60426 -7.015131E-08 1.635227 17.75456 0.7116277 -7.858532E-07 17.97823 0 1.945395 18.4882 -0.57893 3.349998 19.9301 -0.3595541 2.767484 18.36886 -0.8187306 3.671679 19.74519 -0.5084863 2.767484 18.36886 -0.8187306 3.671679 19.74519 -0.5084863 3.306177 18.09064 -0.57893 3.993359 19.56027 -0.3595541 3.306177 18.09064 -0.57893 3.993359 19.56027 -0.3595541 3.614774 17.94618 -1.580068E-07 4.126604 19.48368 -1.803796E-07 4.126604 19.48368 -1.803796E-07 3.993359 19.56027 0.3595537 3.614774 17.94618 -1.580068E-07 3.306177 18.09064 0.5789298 3.993359 19.56027 0.3595537 3.671679 19.74519 0.5084859 3.306177 18.09064 0.5789298 2.767484 18.36886 0.8187304 3.671679 19.74519 0.5084859 3.349998 19.9301 0.3595538 2.767484 18.36886 0.8187304 1.945395 18.4882 0.5789298 3.349998 19.9301 0.3595538 3.216753 20.00669 -1.406088E-07 1.945395 18.4882 0.5789298 1.604874 18.60426 -7.015131E-08 1.604874 18.60426 -7.015131E-08 3.216753 20.00669 -1.406088E-07 1.945395 18.4882 -0.57893 3.349998 19.9301 -0.3595541 3.671679 19.74519 -0.5084863 3.349998 19.9301 -0.3595541 3.912748 20.23535 -1.710317E-07 3.216753 20.00669 -1.406088E-07 -3.363504 12.75572 0.7781177 -2.887695 12.67956 0.9470966 -3.362564 13.57 0.6454725 -2.794624 13.6924 0.8786606 -3.363504 12.75572 0.7781177 -3.409205 12.14424 0.5914958 -2.887695 12.67956 0.9470966 -3.067504 11.21635 0.7743711 2.978265 10.367 -0.9574218 2.951266 13.94383 -0.8017665 3.69612 12.3853 -0.6112273 3.733036 13.81106 -0.6617021 -2.373642 5 -2.481072 -1.134205 3.504267 -1.910465 -1.969628 3.474896 -2.947758 -1.134205 5 -1.605033 -1.134205 5 -1.605033 -1.506398 5 -3.030472 -1.134205 3.504267 -1.910465 -1.969628 3.474896 -2.947758 3.289998 5 -1.293189 3.561067 5 -1.556592E-07 3.614692 3.474896 -1.580032E-07 3.339541 3.474896 -1.383281 3.510377 2.234858 -1.140591 7.522392E-08 1.893636 3.614558 1.120628 1.481567 3.490771 2.679329E-08 2.955921 3.56888 1.541628 1.660169 3.287644 1.410035 3.474896 3.301788 -4.701051 -1.138174 -2.858586 -4.569998 0.5098945 -2.758517 -3.098182 -0.7062734 -2.976627 -3.777769 0.6349775 -2.764083 -3.084431 0.7149377 -2.684265 4.678323 0.5222415 -2.711057 4.778125 -1.221644 -2.902516 3.84415 0.6568792 -2.817687 3.119191 -0.7690732 -3.110157 3.098106 0.7429473 -2.790334 -2.518054 5 -2.389505 -2.365028 7.497465 -2.101071 -1.36276 5 -3.122038 1.236928E-06 7.497465 -2.971362 -3.662695E-07 5 -3.379269 2.365029 7.497465 -2.101069 1.236928E-06 7.497465 -2.971362 2.272321 8.985728 -1.953588 0.01985298 10.367 -2.501867 2.266191 10.367 -1.769086 -2.720132E-07 8.985728 2.762793 0.01985105 10.367 2.501867 -1.229772 8.985728 2.552488 -1.978422E-07 7.497465 2.971363 -1.279945 7.497465 2.745181 -1.978422E-07 7.497465 2.971363 -1.36276 5 3.122038 -7.084439E-08 5 3.379269 -2.981208 10.367 0.9574223 -2.239226 10.367 1.769086 -3.067504 11.21635 0.7743711 -2.178096 12.66505 1.596866 -2.887695 12.67956 0.9470966 3.032872 12.84169 0.9470964 2.250545 12.66505 1.596866 3.005568 11.34791 0.9522595 2.26619 10.367 1.769087 2.978264 10.367 0.9574227 2.951266 13.94383 -0.8017665 2.179313 13.6924 -1.481468 2.798324 14.50037 -0.7446077 2.188157 17.00997 -1.129835 2.866637 17.00018 -0.7116278 -2.923286 17.00018 -0.7116276 -2.244806 17.00997 -1.129836 -2.756644 14.50037 -0.7446095 -2.10686 13.6924 -1.481471 -2.794624 13.6924 -0.8017662 -2.824134 18.36886 -0.8187304 -2.002044 18.4882 -0.5789298 -2.32219 17.63354 -1.006393 -1.661523 18.60426 7.262746E-08 -7.858532E-07 17.97823 0 -7.858532E-07 17.97823 0 1.604874 18.60426 -7.015131E-08 2.26554 17.63354 -1.006394 1.945395 18.4882 -0.57893 2.767484 18.36886 -0.8187306 -3.614692 3.474895 -1.147322E-06 -3.561067 5 -1.049067E-06 -3.289997 5 -1.293192 -3.33954 3.474895 -1.383284 -3.510378 1.81958 -1.140591 -3.289997 5 1.29319 -3.090059 7.497465 1.13709 -3.561067 5 -1.049067E-06 -3.344656 7.497465 -9.014138E-07 -2.968931 8.985728 1.057274 -3.213547 8.985728 1.404686E-07 -2.981208 10.367 0.9574223 -3.067504 11.21635 0.7743711 -3.231255 10.367 6.531518E-05 -3.213547 8.985728 1.404686E-07 -3.32376 1.296353 -2.27338 -3.677004 1.535853 -1.334809 -3.179632 1.660169 -1.753613 -3.510378 1.81958 -1.140591 -4.234007 1.397227 -1.547695 -4.53864 1.124833 -0.735548 -4.028482 1.296353 -0.4009311 4.323056 1.695797 -1.404646 3.708484 1.890141 -1.20496 4.63755 1.3847 -0.4392124 4.06928 1.559989 -0.09454542 5.282906 1.018991 -0.8589867 5.02969 1.252111 -1.634245 4.323056 1.695797 -1.404646 3.289998 5 -1.293189 2.518056 5 -2.389503 3.561067 5 -1.556592E-07 1.362763 5 -3.122037 -2.185569E-07 5 0 3.289998 5 1.29319 -3.662695E-07 5 -3.379269 -1.36276 5 -3.122038 2.518056 5 2.389504 -2.518054 5 -2.389505 -3.289997 5 -1.293192 -3.561067 5 -1.049067E-06 -3.289997 5 1.29319 -2.518054 5 2.389503 -7.084439E-08 5 3.379269 1.362763 5 3.122038 -1.36276 5 3.122038 -3.662695E-07 5 -3.379269 -2.518054 5 -2.389505 -1.36276 5 -3.122038 1.362763 5 -3.122037 2.518056 5 -2.389503 -3.289997 5 -1.293192 -3.561067 5 -1.049067E-06 3.289998 5 -1.293189 3.561067 5 -1.556592E-07 -3.289997 5 1.29319 -2.518054 5 2.389503 3.289998 5 1.29319 2.518056 5 2.389504 -7.084439E-08 5 3.379269 -1.36276 5 3.122038 1.362763 5 3.122038</float_array>
          <technique_common>
            <accessor source="#TrunkBottom__mPltTreeOakTrunk-position-array" count="1783" stride="3">
              <param name="X" type="float" />
              <param name="Y" type="float" />
              <param name="Z" type="float" />
            </accessor>
          </technique_common>
        </source>
        <source id="TrunkBottom__mPltTreeOakTrunk-normal">
          <float_array id="TrunkBottom__mPltTreeOakTrunk-normal-array" count="5349">0.3287671 -0.7984344 -0.5029354 0.9041096 0.2407045 -0.3542074 0.8023483 0.04305284 -0.5968689 -0.5636008 0.4109589 -0.7162427 0 0.369863 -0.9295499 0 -0.1311155 -0.9921722 0 0.369863 -0.9295499 0.5636008 0.4109589 -0.7162427 0 -0.1311155 -0.9921722 0.6575342 0.04696673 -0.7514677 0.8023483 0.04305284 -0.5968689 0.5127202 0.1017613 -0.853229 0.5127202 0.1017613 -0.853229 0.3659491 0.1213307 -0.9236791 0.6575342 0.04696673 -0.7514677 0.3287671 -0.7984344 -0.5029354 0.9138943 -0.1232877 -0.3855186 0.9041096 0.2407045 -0.3542074 -0.3835616 0.09589041 -0.9178082 -0.5303327 0.1272016 -0.8375734 -0.3620352 0.1409002 -0.9217221 -0.3679061 0.3091977 0.8767123 0.2563601 0.7162427 0.6497065 -0.09197652 0.1272016 0.9882583 -0.09197652 0.1272016 0.9882583 0.2563601 0.7162427 0.6497065 0.1409002 0.18591 0.9726027 0.1409002 0.18591 0.9726027 0.5459883 0.2915851 0.7866927 0.1917808 0.007827789 0.9804305 0.1917808 0.007827789 0.9804305 0.5459883 0.2915851 0.7866927 0.05870841 -0.8003914 0.5968689 0.55773 -0.111546 0.8219178 0.05870841 -0.8003914 0.5968689 0.5459883 0.2915851 0.7866927 -0.8825831 0.109589 0.4559687 -0.7064579 0.704501 -0.05675147 -0.7906067 0.2054795 0.5792564 -0.960861 0.2739726 0.04892368 -0.7064579 0.704501 -0.05675147 -0.8825831 0.109589 0.4559687 -0.5851272 -0.8043053 0.09589041 -0.9021527 0.297456 -0.3111546 -0.9941292 0.109589 -0.01369863 -0.9021527 0.297456 -0.3111546 -0.5851272 -0.8043053 0.09589041 -0.9491194 -0.1056751 -0.2994129 -0.08610567 0.6066536 0.7906067 0.3855186 0.2485323 0.888454 0.04305284 0.6986302 0.7142857 -0.08610567 0.6066536 0.7906067 -0.407045 0.7201566 0.5616438 -0.5518591 0.3424658 0.7592955 -0.407045 0.7201566 0.5616438 -0.7240704 0.6046967 0.3287671 -0.5518591 0.3424658 0.7592955 -0.6868885 0.704501 0.1819961 -0.962818 0.2504892 -0.09589041 -0.7240704 0.6046967 0.3287671 -0.08610567 0.6066536 0.7906067 -0.5518591 0.3424658 0.7592955 -0.05088063 0.1956947 0.9784736 -0.04500978 -0.1741683 0.9843444 0.1232877 0.221135 0.9667319 -0.05088063 0.1956947 0.9784736 -0.5518591 0.3424658 0.7592955 -0.7240704 0.6046967 0.3287671 -0.9158513 0.1956947 0.3502935 -0.9706458 -0.1663405 -0.1722113 -0.9843444 0.1780822 -0.0332681 -0.962818 0.2504892 -0.09589041 -0.05088063 0.1956947 0.9784736 -0.5518591 0.3424658 0.7592955 -0.5792564 -0.1643836 0.7984344 -0.05088063 0.1956947 0.9784736 -0.5792564 -0.1643836 0.7984344 -0.04500978 -0.1741683 0.9843444 -0.5792564 -0.1643836 0.7984344 -0.5518591 0.3424658 0.7592955 -0.9158513 0.1956947 0.3502935 -0.7240704 0.6046967 0.3287671 -0.9569471 0.221135 0.18591 -0.9158513 0.1956947 0.3502935 -0.9217221 -0.1741683 0.3463796 -0.5792564 -0.1643836 0.7984344 -0.9158513 0.1956947 0.3502935 -0.9158513 0.1956947 0.3502935 -0.9569471 0.221135 0.18591 -0.9217221 -0.1741683 0.3463796 -0.5636008 0.2837573 0.7749511 -0.7377691 0.07436399 0.6712329 -0.7906067 0.2054795 0.5792564 0.05870841 -0.8003914 0.5968689 -0.03131115 -0.1135029 0.9921722 0.1917808 0.007827789 0.9804305 -0.09197652 0.1272016 0.9882583 -0.3365949 0.09197652 0.9373777 -0.3679061 0.3091977 0.8767123 -0.9295499 0.04500978 0.3659491 -0.9491194 -0.05088063 0.3091977 -0.8825831 0.109589 0.4559687 -0.9941292 0.109589 -0.01369863 -0.9275929 -0.0998043 0.3600783 -0.5851272 -0.8043053 0.09589041 -0.3679061 0.3091977 0.8767123 -0.3365949 0.09197652 0.9373777 -0.5636008 0.2837573 0.7749511 -0.8825831 0.109589 0.4559687 -0.9491194 -0.05088063 0.3091977 -0.960861 0.2739726 0.04892368 0.1409002 0.18591 0.9726027 0.2563601 0.7162427 0.6497065 0.5459883 0.2915851 0.7866927 0.3855186 0.2485323 0.888454 -0.08610567 0.6066536 0.7906067 0.3463796 0.18591 0.9197652 0.2172211 -0.1174168 0.9686888 0.3463796 0.18591 0.9197652 0.1232877 0.221135 0.9667319 0.3855186 0.2485323 0.888454 0.3463796 0.18591 0.9197652 0.4559687 -0.1585127 0.8747554 -0.9882583 -0.1193738 0.09393346 -0.9843444 0.1780822 -0.0332681 -0.9706458 -0.1663405 -0.1722113 0.1232877 0.221135 0.9667319 -0.08610567 0.6066536 0.7906067 -0.05088063 0.1956947 0.9784736 -0.04500978 -0.1741683 0.9843444 0.2172211 -0.1174168 0.9686888 0.1232877 0.221135 0.9667319 -0.9217221 -0.1741683 0.3463796 -0.9569471 0.221135 0.18591 -0.9882583 -0.1193738 0.09393346 0.1232877 0.221135 0.9667319 0.3463796 0.18591 0.9197652 -0.08610567 0.6066536 0.7906067 -0.9569471 0.221135 0.18591 -0.9843444 0.1780822 -0.0332681 -0.9882583 -0.1193738 0.09393346 0.1409002 0.18591 0.9726027 0.06262231 0.05479452 0.9960861 -0.09197652 0.1272016 0.9882583 0.7221135 0.2700587 0.6360078 0.6457925 0.7592955 0.08023483 0.8786693 0.1076321 0.4637965 0.8786693 0.1076321 0.4637965 0.6457925 0.7592955 0.08023483 0.9569471 0.1585127 0.2407045 0.9569471 0.1585127 0.2407045 0.9471624 0.2915851 -0.1428571 0.9941292 -0.02348337 0.1076321 0.9941292 -0.02348337 0.1076321 0.9471624 0.2915851 -0.1428571 0.5322896 -0.8023483 0.2700587 0.9765166 -0.1193738 -0.183953 0.5322896 -0.8023483 0.2700587 0.9471624 0.2915851 -0.1428571 0.1761252 0.08414873 0.9804305 -0.2485323 0.7749511 0.5792564 0.2407045 0.1565558 0.9589041 -0.1409002 0.2720157 0.9510763 -0.2485323 0.7749511 0.5792564 0.1761252 0.08414873 0.9804305 0.05870841 -0.8003914 0.5968689 -0.5753425 0.3091977 0.7553816 -0.2367906 0.08610567 0.9667319 -0.5753425 0.3091977 0.7553816 0.05870841 -0.8003914 0.5968689 -0.6066536 -0.1135029 0.7866927 0.8551859 0.4187867 0.3052838 0.9765166 0.2093934 0.04305284 0.6399217 0.7240704 0.2563601 0.9784736 -0.1663405 0.1291585 0.9765166 0.2093934 0.04305284 0.8551859 0.4187867 0.3052838 0.9765166 0.2093934 0.04305284 0.9784736 -0.1663405 0.1291585 0.9804305 -0.1996086 -0.009784736 0.8551859 0.4187867 0.3052838 0.3776908 0.7318982 0.5675147 0.5068493 0.4011742 0.7632094 0.9784736 -0.1663405 0.1291585 0.8551859 0.4187867 0.3052838 0.9530333 0.1585127 0.258317 0.3776908 0.7318982 0.5675147 -0.04696673 0.4207436 0.9060665 0.5068493 0.4011742 0.7632094 -0.01369863 0.7299413 0.6829746 -0.3542074 0.2328767 0.9060665 -0.04696673 0.4207436 0.9060665 0.8551859 0.4187867 0.3052838 0.5068493 0.4011742 0.7632094 0.9530333 0.1585127 0.258317 0.9569471 -0.1311155 0.2622309 0.9784736 -0.1663405 0.1291585 0.9530333 0.1585127 0.258317 0.5068493 0.4011742 0.7632094 -0.04696673 0.4207436 0.9060665 -0.1389433 0.1604697 0.9765166 -0.04696673 0.4207436 0.9060665 -0.3542074 0.2328767 0.9060665 -0.2622309 -0.1702544 0.9491194 0.9530333 0.1585127 0.258317 0.5068493 0.4011742 0.7632094 0.5499021 -0.1193738 0.8277887 0.9530333 0.1585127 0.258317 0.5499021 -0.1193738 0.8277887 0.9569471 -0.1311155 0.2622309 0.5499021 -0.1193738 0.8277887 0.5068493 0.4011742 0.7632094 -0.1389433 0.1604697 0.9765166 -0.04696673 0.4207436 0.9060665 -0.2622309 -0.1702544 0.9491194 -0.1389433 0.1604697 0.9765166 -0.3542074 0.2328767 0.9060665 -0.4187867 0.04892368 0.9060665 -0.2622309 -0.1702544 0.9491194 -0.1350294 -0.1291585 0.9823875 0.5499021 -0.1193738 0.8277887 -0.1389433 0.1604697 0.9765166 -0.1389433 0.1604697 0.9765166 -0.2622309 -0.1702544 0.9491194 -0.1350294 -0.1291585 0.9823875 0.5772994 0.2485323 0.776908 0.3405088 0.08414873 0.9354208 0.2407045 0.1565558 0.9589041 0.5322896 -0.8023483 0.2700587 0.960861 -0.1174168 0.2524462 0.9941292 -0.02348337 0.1076321 0.8786693 0.1076321 0.4637965 0.7318982 0.0704501 0.6790606 0.7221135 0.2700587 0.6360078 -0.2367906 0.08610567 0.9667319 -0.03131115 -0.1135029 0.9921722 0.05870841 -0.8003914 0.5968689 0.8786693 0.1076321 0.4637965 0.9373777 0.04500978 0.3444227 0.7318982 0.0704501 0.6790606 0.7221135 0.2700587 0.6360078 0.7318982 0.0704501 0.6790606 0.5772994 0.2485323 0.776908 0.8786693 0.1076321 0.4637965 0.9510763 -0.06262231 0.3052838 0.9373777 0.04500978 0.3444227 0.1761252 0.08414873 0.9804305 0.06262231 0.05479452 0.9960861 -0.1409002 0.2720157 0.9510763 0.9569471 0.1585127 0.2407045 0.6457925 0.7592955 0.08023483 0.9471624 0.2915851 -0.1428571 0.9569471 0.1585127 0.2407045 0.9510763 -0.06262231 0.3052838 0.8786693 0.1076321 0.4637965 -0.960861 0.260274 -0.09197652 -0.5694716 0.7592955 0.3150685 -0.9823875 0.1017613 0.1565558 -0.9823875 0.1017613 0.1565558 -0.5694716 0.7592955 0.3150685 -0.925636 0.1878669 0.3307241 -0.925636 0.1878669 0.3307241 -0.6868885 0.2857143 0.667319 -0.8962818 -0.02348337 0.444227 -0.8962818 -0.02348337 0.444227 -0.6868885 0.2857143 0.667319 -0.5851272 -0.8043053 0.09589041 -0.6810176 -0.1193738 0.7221135 -0.5851272 -0.8043053 0.09589041 -0.6868885 0.2857143 0.667319 -0.7690802 0.1037182 -0.630137 -0.1565558 0.7690802 -0.6203523 -0.8277887 0.1682975 -0.5342466 -0.4598826 -0.8043053 -0.3776908 -0.02935421 0.2994129 -0.9530333 -0.4187867 0.04305284 -0.9080235 -0.02935421 0.2994129 -0.9530333 -0.4598826 -0.8043053 -0.3776908 0.001956947 -0.1154599 -0.9941292 -0.8688846 0.4227006 0.258317 -0.7808219 0.221135 0.5831702 -0.6164383 0.7612525 0.2074364 -0.8630137 -0.1702544 0.4755382 -0.7808219 0.221135 0.5831702 -0.8688846 0.4227006 0.258317 -0.7808219 0.221135 0.5831702 -0.8630137 -0.1702544 0.4755382 -0.7553816 -0.1996086 0.6242661 -0.8688846 0.4227006 0.258317 -0.6379648 0.7318982 -0.2367906 -0.8630137 0.3874756 -0.3209393 -0.8630137 -0.1702544 0.4755382 -0.8688846 0.4227006 0.258317 -0.9217221 0.1663405 0.3522505 -0.6379648 0.7318982 -0.2367906 -0.4911937 0.4246575 -0.7612525 -0.8630137 0.3874756 -0.3209393 -0.3268102 0.7651663 -0.553816 -0.1956947 0.2191781 -0.9549902 -0.4911937 0.4246575 -0.7612525 -0.8688846 0.4227006 0.258317 -0.8630137 0.3874756 -0.3209393 -0.9217221 0.1663405 0.3522505 -0.925636 -0.1506849 0.3502935 -0.8630137 -0.1702544 0.4755382 -0.9217221 0.1663405 0.3522505 -0.8630137 0.3874756 -0.3209393 -0.4911937 0.4246575 -0.7612525 -0.4598826 0.1663405 -0.8727984 -0.4911937 0.4246575 -0.7612525 -0.1956947 0.2191781 -0.9549902 -0.3385518 -0.1741683 -0.9236791 -0.9217221 0.1663405 0.3522505 -0.8630137 0.3874756 -0.3209393 -0.9275929 -0.1369863 -0.3463796 -0.9217221 0.1663405 0.3522505 -0.9275929 -0.1369863 -0.3463796 -0.925636 -0.1506849 0.3502935 -0.9275929 -0.1369863 -0.3463796 -0.8630137 0.3874756 -0.3209393 -0.4598826 0.1663405 -0.8727984 -0.4911937 0.4246575 -0.7612525 -0.3385518 -0.1741683 -0.9236791 -0.4598826 0.1663405 -0.8727984 -0.1956947 0.2191781 -0.9549902 -0.1428571 -0.2074364 -0.9686888 -0.3385518 -0.1741683 -0.9236791 -0.4657534 -0.148728 -0.8727984 -0.9275929 -0.1369863 -0.3463796 -0.4598826 0.1663405 -0.8727984 -0.4598826 0.1663405 -0.8727984 -0.3385518 -0.1741683 -0.9236791 -0.4657534 -0.148728 -0.8727984 -0.9315069 0.2465753 -0.2681018 -0.9138943 0.05479452 -0.4011742 -0.8277887 0.1682975 -0.5342466 -0.5851272 -0.8043053 0.09589041 -0.9275929 -0.0998043 0.3600783 -0.8962818 -0.02348337 0.444227 -0.9823875 0.1017613 0.1565558 -0.9980431 0.04500978 0.005870841 -0.960861 0.260274 -0.09197652 -0.9823875 0.1017613 0.1565558 -0.9295499 0.04500978 0.3659491 -0.9980431 0.04500978 0.005870841 -0.960861 0.260274 -0.09197652 -0.9980431 0.04500978 0.005870841 -0.9315069 0.2465753 -0.2681018 -0.9823875 0.1017613 0.1565558 -0.9491194 -0.05088063 0.3091977 -0.9295499 0.04500978 0.3659491 -0.925636 0.1878669 0.3307241 -0.5694716 0.7592955 0.3150685 -0.6868885 0.2857143 0.667319 -0.925636 0.1878669 0.3307241 -0.9491194 -0.05088063 0.3091977 -0.9823875 0.1017613 0.1565558 0.8199608 0.1976517 -0.5381604 0.1741683 0.7162427 -0.6751468 0.7592955 0.06066536 -0.6477495 0.5479452 -0.1252446 -0.8258317 -0.007827789 0.2915851 -0.9569471 0.3287671 -0.7984344 -0.5029354 0.9804305 0.09197652 0.1761252 0.5381604 0.704501 0.4637965 0.9804305 0.1956947 0.009784736 0.7925636 0.2544031 0.553816 0.5381604 0.704501 0.4637965 0.9804305 0.09197652 0.1761252 0.5322896 -0.8023483 0.2700587 0.5420744 0.2994129 0.7847358 0.7749511 0.09197652 0.6262231 0.5420744 0.2994129 0.7847358 0.5322896 -0.8023483 0.2700587 0.5909981 -0.1056751 0.8003914 0.146771 -0.1585127 -0.9765166 0.260274 0.18591 -0.9471624 0.3933464 -0.1174168 -0.9119374 0.5342466 0.6066536 -0.5890411 0.6594912 0.7201566 -0.2152642 0.8943248 0.3424658 -0.2896282 0.6594912 0.7201566 -0.2152642 0.778865 0.6046967 0.1604697 0.8943248 0.3424658 -0.2896282 0.6614481 0.704501 0.2563601 0.7221135 0.2504892 0.6438356 0.778865 0.6046967 0.1604697 0.5342466 0.6066536 -0.5890411 0.8943248 0.3424658 -0.2896282 0.6164383 0.1956947 -0.7632094 0.6144814 -0.1741683 -0.7690802 0.4696673 0.221135 -0.8551859 0.6164383 0.1956947 -0.7632094 0.8943248 0.3424658 -0.2896282 0.778865 0.6046967 0.1604697 0.9471624 0.1956947 0.2544031 0.6849315 -0.1663405 0.7103718 0.776908 0.1780822 0.6046967 0.7221135 0.2504892 0.6438356 0.6164383 0.1956947 -0.7632094 0.8943248 0.3424658 -0.2896282 0.9373777 -0.1643836 -0.3052838 0.6164383 0.1956947 -0.7632094 0.9373777 -0.1643836 -0.3052838 0.6144814 -0.1741683 -0.7690802 0.9373777 -0.1643836 -0.3052838 0.8943248 0.3424658 -0.2896282 0.9471624 0.1956947 0.2544031 0.778865 0.6046967 0.1604697 0.8845401 0.221135 0.4129159 0.9471624 0.1956947 0.2544031 0.9491194 -0.1741683 0.260274 0.9373777 -0.1643836 -0.3052838 0.9471624 0.1956947 0.2544031 0.9471624 0.1956947 0.2544031 0.8845401 0.221135 0.4129159 0.9491194 -0.1741683 0.260274 0.9197652 0.2778865 -0.2759295 0.9980431 0.04892368 0.007827789 0.9804305 0.1956947 0.009784736 0.8023483 0.04305284 -0.5968689 0.5479452 -0.1252446 -0.8258317 0.3287671 -0.7984344 -0.5029354 0.9373777 0.04500978 0.3444227 0.9510763 -0.06262231 0.3052838 0.9804305 0.09197652 0.1761252 0.7749511 0.09197652 0.6262231 0.960861 -0.1174168 0.2524462 0.5322896 -0.8023483 0.2700587 0.8199608 0.1976517 -0.5381604 0.9001957 0.06066536 -0.4324853 0.9197652 0.2778865 -0.2759295 0.9804305 0.09197652 0.1761252 0.9510763 -0.06262231 0.3052838 0.7925636 0.2544031 0.553816 0.3933464 -0.1174168 -0.9119374 0.260274 0.18591 -0.9471624 0.4696673 0.221135 -0.8551859 0.2113503 0.2485323 -0.9452055 0.260274 0.18591 -0.9471624 0.146771 -0.1585127 -0.9765166 0.778865 0.6046967 0.1604697 0.776908 0.1780822 0.6046967 0.8845401 0.221135 0.4129159 0.776908 0.1780822 0.6046967 0.778865 0.6046967 0.1604697 0.7221135 0.2504892 0.6438356 0.8551859 -0.1193738 0.5048923 0.776908 0.1780822 0.6046967 0.6849315 -0.1663405 0.7103718 0.4696673 0.221135 -0.8551859 0.5342466 0.6066536 -0.5890411 0.6164383 0.1956947 -0.7632094 0.6144814 -0.1741683 -0.7690802 0.3933464 -0.1174168 -0.9119374 0.4696673 0.221135 -0.8551859 0.9491194 -0.1741683 0.260274 0.8845401 0.221135 0.4129159 0.8551859 -0.1193738 0.5048923 0.8845401 0.221135 0.4129159 0.776908 0.1780822 0.6046967 0.8551859 -0.1193738 0.5048923 0 0.369863 -0.9295499 0 0.6731898 -0.7377691 0.5636008 0.4109589 -0.7162427 -0.5636008 0.4109589 -0.7162427 0 0.6731898 -0.7377691 0 0.369863 -0.9295499 -0.5322896 0.1056751 -0.8395303 -0.7064579 0.06457926 -0.704501 -0.6810176 0.111546 -0.7240704 -0.5518591 0.1056751 -0.8258317 -0.5518591 0.1056751 -0.8258317 -0.7064579 0.06457926 -0.704501 0.1037182 0.3522505 -0.9295499 -0.146771 0.6340509 -0.7592955 0.1389433 0.01761252 -0.9902152 0.890411 -0.4540117 0.001956947 0.5322896 -0.2759295 -0.8003914 0.667319 -0.7416829 0.05283757 0.5322896 -0.2759295 -0.8003914 0.4481409 -0.4951076 -0.7436399 0.667319 -0.7416829 0.05283757 0.890411 -0.4540117 0.001956947 0.667319 -0.7416829 0.05283757 0.5342466 -0.2739726 0.7984344 0.667319 -0.7416829 0.05283757 0.4559687 -0.5107632 0.7299413 0.5342466 -0.2739726 0.7984344 0.5342466 -0.2739726 0.7984344 0.4559687 -0.5107632 0.7299413 0.334638 -0.04109589 0.9412916 0.4559687 -0.5107632 0.7299413 0.1545988 0.007827789 0.9882583 0.334638 -0.04109589 0.9412916 0.334638 -0.04109589 0.9412916 0.1545988 0.007827789 0.9882583 0.1448141 0.3385518 0.9295499 0.1545988 0.007827789 0.9882583 -0.1213307 0.6027398 0.7886497 0.1448141 0.3385518 0.9295499 0.1448141 0.3385518 0.9295499 -0.1213307 0.6027398 0.7886497 0.0704501 0.9980431 0.001956947 -0.1213307 0.6027398 0.7886497 -0.2309198 0.9726027 -0.001956947 0.0704501 0.9980431 0.001956947 0.1037182 0.3522505 -0.9295499 0.0704501 0.9980431 0.001956947 -0.146771 0.6340509 -0.7592955 0.0704501 0.9980431 0.001956947 -0.2309198 0.9726027 -0.001956947 -0.146771 0.6340509 -0.7592955 0.1389433 0.01761252 -0.9902152 -0.146771 0.6340509 -0.7592955 0.2172211 0.06457926 -0.9745597 0.2172211 0.06457926 -0.9745597 -0.146771 0.6340509 -0.7592955 -0.2641879 0.964775 0 0.1389433 0.01761252 -0.9902152 0.2172211 0.06457926 -0.9745597 0.4481409 -0.4951076 -0.7436399 0.2172211 0.06457926 -0.9745597 0.5068493 -0.5146771 -0.6927593 0.4481409 -0.4951076 -0.7436399 0.4481409 -0.4951076 -0.7436399 0.5068493 -0.5146771 -0.6927593 0.667319 -0.7416829 0.05283757 0.5068493 -0.5146771 -0.6927593 0.592955 -0.7514677 0.2857143 0.667319 -0.7416829 0.05283757 -0.2309198 0.9726027 -0.001956947 -0.2641879 0.964775 0 -0.146771 0.6340509 -0.7592955 0.8454012 0.5322896 0 0.4559687 0.2700587 -0.8473581 -0.1976517 0.9804305 0 0.4559687 0.2700587 -0.8473581 0.8454012 0.5322896 0 0.7612525 -0.1917808 -0.6203523 0.7612525 -0.1917808 -0.6203523 0.8454012 0.5322896 0 0.8923679 -0.4500979 0 0.8923679 -0.4500979 0 0.8454012 0.5322896 0 0.7612525 -0.1917808 0.6203523 0.7612525 -0.1917808 0.6203523 0.8454012 0.5322896 0 0.4559687 0.2700587 0.8473581 0.4559687 0.2700587 0.8473581 0.8454012 0.5322896 0 0.04500978 0.739726 0.6712329 0.04500978 0.739726 0.6712329 0.8454012 0.5322896 0 -0.1976517 0.9804305 0 0.1037182 0.3522505 -0.9295499 0.5342466 0.2250489 -0.81409 0.0704501 0.9980431 0.001956947 0.0704501 0.9980431 0.001956947 0.5342466 0.2250489 -0.81409 0.9960861 0.08806262 0 0.0704501 0.9980431 0.001956947 0.9960861 0.08806262 0 0.5303327 0.2191781 0.8199608 0.0704501 0.9980431 0.001956947 0.5303327 0.2191781 0.8199608 0.1448141 0.3385518 0.9295499 0.9960861 -0.09784736 0 0.890411 -0.4540117 0.001956947 0.7592955 -0.1956947 0.6203523 -0.8923679 -0.4500979 0.001956947 -0.6536204 -0.7553816 0.06066536 -0.5205479 -0.2641879 -0.8121331 -0.8923679 -0.4500979 0.001956947 -0.5244619 -0.2622309 0.8101761 -0.6536204 -0.7553816 0.06066536 -0.6536204 -0.7553816 0.06066536 -0.5244619 -0.2622309 0.8101761 -0.4324853 -0.5009785 0.7495108 -0.5244619 -0.2622309 0.8101761 -0.3483366 -0.037182 0.9354208 -0.4324853 -0.5009785 0.7495108 -0.4324853 -0.5009785 0.7495108 -0.3483366 -0.037182 0.9354208 -0.1526419 0.009784736 0.9882583 -0.3483366 -0.037182 0.9354208 -0.2015656 0.37182 0.9060665 -0.1526419 0.009784736 0.9882583 -0.1526419 0.009784736 0.9882583 -0.2015656 0.37182 0.9060665 0.09784736 0.5792564 0.8082192 -0.2015656 0.37182 0.9060665 -0.2367906 0.9706458 0.001956947 0.09784736 0.5792564 0.8082192 0.09784736 0.5792564 0.8082192 -0.2367906 0.9706458 0.001956947 0.2348337 0.9726027 -0.001956947 -0.1545988 0.3855186 -0.9099804 0.109589 0.6203523 -0.776908 -0.2367906 0.9706458 0.001956947 -0.6927593 -0.2837573 -0.6634051 -0.8101761 -0.5870842 0 -0.8806262 0.4716243 0 -0.8101761 -0.5870842 0 -0.6927593 -0.2837573 0.6634051 -0.8806262 0.4716243 0 -0.9158513 0.07632094 0.3953033 -0.6144814 0.09197652 0.7827789 -0.8473581 0.03131115 0.5303327 -0.1545988 0.3855186 -0.9099804 -0.2367906 0.9706458 0.001956947 -0.592955 0.2152642 -0.7749511 -0.5714286 0.08219178 0.816047 -0.5029354 0.1682975 0.8473581 -0.6242661 0.04109589 0.7808219 -0.6242661 0.04109589 0.7808219 -0.5029354 0.1682975 0.8473581 -0.6007828 0.1937378 0.7749511 -0.2367906 0.9706458 0.001956947 -1 -0.001956947 0 -0.592955 0.2152642 -0.7749511 -0.2367906 0.9706458 0.001956947 -0.6007828 0.1937378 0.7749511 -1 -0.001956947 0 -0.6007828 0.1937378 0.7749511 -0.5029354 0.1682975 0.8473581 -0.7455969 0.005870841 0.6653621 0.5303327 0.2191781 0.8199608 0.9960861 0.08806262 0 0.7084149 0.0704501 0.702544 0.7181996 -0.04305284 -0.6947162 0.4129159 0.1076321 -0.9041096 0.09001957 0.2348337 -0.9667319 -0.4148728 0.08806262 -0.9060665 -0.7240704 -0.06849315 -0.6868885 -0.09001957 0.2348337 -0.9667319 -0.7240704 -0.06849315 0.6868885 -0.4148728 0.08806262 0.9060665 -0.09001957 0.2348337 0.9667319 0.4129159 0.1076321 0.9041096 0.7181996 -0.04305284 0.6947162 0.09001957 0.2348337 0.9667319 -0.4520548 0.8923679 0 -0.1193738 0.1937378 -0.9745597 -0.6457925 -0.2328767 -0.7279844 -0.4520548 0.8923679 0 -0.6457925 -0.2328767 -0.7279844 -0.9041096 -0.4285714 0 -0.4520548 0.8923679 0 -0.9041096 -0.4285714 0 -0.6457925 -0.2328767 0.7279844 -0.4520548 0.8923679 0 -0.6457925 -0.2328767 0.7279844 -0.1193738 0.1937378 0.9745597 -0.4520548 0.8923679 0 -0.1193738 0.1937378 0.9745597 0.3600783 0.5909981 0.7221135 -0.4520548 0.8923679 0 0.3600783 0.5909981 0.7221135 0.5909981 0.8062623 0 0.09393346 0.2152642 -0.9726027 0.4872798 0.8727984 0 0.6692759 -0.1409002 -0.7299413 0.6692759 -0.1409002 -0.7299413 0.4872798 0.8727984 0 0.9530333 -0.3033268 0 0.9530333 -0.3033268 0 0.4872798 0.8727984 0 0.6692759 -0.1409002 0.7299413 0.6692759 -0.1409002 0.7299413 0.4872798 0.8727984 0 0.09393346 0.2152642 0.9726027 0.09393346 0.2152642 0.9726027 0.4872798 0.8727984 0 -0.4050881 0.5518591 0.7279844 -0.4050881 0.5518591 0.7279844 0.4872798 0.8727984 0 -0.6575342 0.7534246 0 0.1800391 0.5831702 0.7925636 0 0.7240704 0.6888454 -0.003913894 1 0 0 0.7240704 0.6888454 -0.183953 0.5812133 0.7925636 -0.003913894 1 0 -0.2367906 0.9706458 0.001956947 -0.2015656 0.37182 0.9060665 -0.6007828 0.1937378 0.7749511 -0.9960861 -0.09393346 0 -0.7573385 -0.01956947 0.6536204 -0.8923679 -0.4500979 0.001956947 0.9960861 0.08806262 0 0.5342466 0.2250489 -0.81409 0.7123288 0.06066536 -0.6986302 -0.8923679 -0.4500979 0.001956947 -0.7573385 -0.01956947 0.6536204 -0.5244619 -0.2622309 0.8101761 0.7592955 -0.1956947 0.6203523 0.890411 -0.4540117 0.001956947 0.5342466 -0.2739726 0.7984344 0 1 0 0 1 0 0 1 0 0 1 0 0 1 0 0 1 0 0 1 0 0 1 0 0 1 0 0 1 0 0 1 0 0 1 0 -0.8317025 0.03913894 -0.553816 -0.4598826 -0.8043053 -0.3776908 -0.4187867 0.04305284 -0.9080235 -0.7690802 0.1037182 -0.630137 -0.8317025 0.03913894 -0.553816 -0.7064579 0.06457926 -0.704501 -0.6007828 0.1643836 -0.7827789 -0.5870842 0.01369863 -0.8101761 -0.3835616 0.09589041 -0.9178082 -0.5518591 0.1232877 -0.8258317 -0.5518591 0.1232877 -0.8258317 0.4559687 -0.1585127 0.8747554 0.3463796 0.18591 0.9197652 0.2172211 -0.1174168 0.9686888 0.4872798 -0.148728 0.8610567 0.3855186 0.2485323 0.888454 0.4774951 0.2681018 0.8375734 -0.5636008 0.2837573 0.7749511 -0.3365949 0.09197652 0.9373777 -0.7377691 0.07436399 0.6712329 -0.3365949 0.09197652 0.9373777 -0.6849315 0.1037182 0.7201566 -0.3561644 0.1272016 0.925636 0.5772994 0.2485323 0.776908 0.7318982 0.0704501 0.6790606 0.3405088 0.08414873 0.9354208 0.6849315 0.1037182 0.7201566 0.3405088 0.08414873 0.9354208 0.3561644 0.1272016 0.925636 0.009784736 -0.111546 -0.9941292 0.3287671 -0.7984344 -0.5029354 -0.007827789 0.2915851 -0.9569471 0.5479452 -0.1252446 -0.8258317 0.1741683 0.7162427 -0.6751468 0.7592955 0.06066536 -0.6477495 0.2113503 0.2485323 -0.9452055 0.5342466 0.6066536 -0.5890411 0.260274 0.18591 -0.9471624 0.5342466 0.6066536 -0.5890411 0.3855186 0.6986302 -0.6027398 0.4696673 0.221135 -0.8551859 0.260274 0.18591 -0.9471624 -0.5205479 -0.2641879 -0.8121331 -0.6536204 -0.7553816 0.06066536 -0.4207436 -0.4911937 -0.7612525 -0.6536204 -0.7553816 0.06066536 -0.4774951 -0.5009785 -0.7201566 -0.148728 0.01369863 -0.9882583 -0.4207436 -0.4911937 -0.7612525 -0.1643836 0.07632094 -0.9843444 -0.4207436 -0.4911937 -0.7612525 -0.1545988 0.3855186 -0.9099804 -0.5205479 -0.2641879 -0.8121331 -0.1643836 0.07632094 -0.9843444 -0.4207436 -0.4911937 -0.7612525 -0.4774951 -0.5009785 -0.7201566 -0.4774951 -0.5009785 -0.7201566 -0.4520548 0.221135 -0.8649706 -0.6927593 -0.2837573 -0.6634051 -0.4520548 0.221135 -0.8649706 -0.8806262 0.4716243 0 -0.4774951 -0.5009785 -0.7201566 -0.6536204 -0.7553816 0.06066536 -0.592955 -0.7436399 0.3072407 -0.592955 -0.7436399 0.3072407 -0.6927593 -0.2837573 -0.6634051 -0.8101761 -0.5870842 0 0.3248532 0.9452055 0 0.109589 0.6203523 -0.776908 -0.1643836 0.07632094 -0.9843444 0.3248532 0.9452055 0 -0.4520548 0.221135 -0.8649706 0.0665362 0.9980431 0 -0.8806262 0.4716243 0 -0.4520548 0.221135 -0.8649706 -0.6927593 -0.2837573 0.6634051 -0.4520548 0.221135 0.8649706 -0.8806262 0.4716243 0 -0.4520548 0.221135 0.8649706 -0.4344423 -0.5009785 0.7475538 -0.1350294 0.05870841 0.9882583 -0.1526419 0.009784736 0.9882583 -0.4344423 -0.5009785 0.7475538 -0.4324853 -0.5009785 0.7495108 -0.4520548 0.221135 0.8649706 -0.1643836 0.7064579 0.6888454 -0.8806262 0.4716243 0 0.1193738 0.5401174 0.8336595 -0.4520548 0.221135 0.8649706 -0.1350294 0.05870841 0.9882583 -0.9138943 0.09784736 0.3933464 -0.6692759 0.1213307 0.7318982 -0.9158513 0.07632094 0.3953033 -0.6692759 0.1213307 0.7318982 -0.9119374 0.08414873 0.3992172 -0.6849315 0.1037182 0.7201566 -0.6692759 0.1213307 0.7318982 -0.3502935 0.1448141 0.925636 -0.6438356 0.1213307 0.7553816 -0.3502935 0.1448141 0.925636 -0.6849315 0.1037182 0.7201566 -0.3561644 0.1272016 0.925636 -0.6164383 0.08806262 -0.7827789 -0.8962818 0.08219178 -0.4344423 -0.8062623 0.0332681 -0.5909981 -0.8062623 0.0332681 -0.5909981 -0.479452 0.1800391 -0.8590998 -0.592955 0.2152642 -0.7749511 -0.6438356 0.1213307 0.7553816 -0.3072407 0.1369863 0.9412916 -0.6144814 0.09197652 0.7827789 -0.3072407 0.1369863 0.9412916 -0.5714286 0.08219178 0.816047 -0.2426614 0.2133072 0.9471624 -0.5714286 0.08219178 0.816047 -0.2426614 0.2133072 0.9471624 -0.5029354 0.1682975 0.8473581 -0.5029354 0.1682975 0.8473581 -0.1193738 0.260274 0.9569471 -0.4148728 0.08806262 0.9060665 -0.592955 0.2152642 -0.7749511 -1 -0.001956947 0 -0.7514677 -0.01565558 -0.6594912 -0.9902152 -0.1389433 0 -0.7514677 -0.01565558 -0.6594912 -0.7240704 -0.06849315 -0.6868885 -1 -0.001956947 0 -0.6007828 0.1937378 0.7749511 -0.7455969 0.005870841 0.6653621 -0.7455969 0.005870841 0.6653621 -0.9902152 -0.1389433 0 -0.7240704 -0.06849315 0.6868885 0.8669276 -0.003913894 0.4970646 0.9960861 -0.09784736 0 0.7592955 -0.1956947 0.6203523 1 0.04109589 0 0.8669276 -0.003913894 0.4970646 0.8923679 0.06457926 0.4461839 0.9960861 0.09001957 0 1 0.04109589 0 0.9041096 0.0998043 0.4129159 0.9980431 0.07240704 -0.001956947 0.9119374 0.08414873 0.3992172 0.4872798 0.1722113 0.8551859 0.5303327 0.2191781 0.8199608 0.7084149 0.0704501 0.702544 0.5636008 0.04109589 0.8238748 0.4872798 0.1722113 0.8551859 0.5401174 0.08610567 0.8375734 -0.5636008 0.4109589 -0.7162427 -0.8297456 0.1819961 -0.5264188 -0.4677104 0.6477495 -0.6007828 -0.8982387 0.2504892 -0.3620352 -0.8297456 0.1819961 -0.5264188 -0.6007828 0.1643836 -0.7827789 -0.8317025 0.03913894 -0.553816 0.4677104 0.6477495 -0.6007828 0.8297456 0.1819961 -0.5264188 0.5636008 0.4109589 -0.7162427 0.8297456 0.1819961 -0.5264188 0.9041096 0.2407045 -0.3542074 0.5127202 0.1017613 -0.853229 0.8023483 0.04305284 -0.5968689 -0.1643836 0.7064579 0.6888454 0.0665362 0.9980431 0 -0.8806262 0.4716243 0 0.3248532 0.9452055 0 0.1193738 0.5401174 0.8336595 -0.1643836 0.7064579 0.6888454 -0.3268102 0.148728 0.9334638 0.02935421 0.1565558 0.9863014 -0.3072407 0.1369863 0.9412916 0.02348337 0.2309198 0.9726027 -0.2426614 0.2133072 0.9471624 -0.3072407 0.1369863 0.9412916 -0.853229 -0.1800391 -0.4892368 -0.9217221 -0.1135029 -0.37182 -0.8297456 0.1819961 -0.5264188 -0.8982387 0.2504892 -0.3620352 0.9041096 0.2407045 -0.3542074 0.9138943 -0.1232877 -0.3855186 0.8297456 0.1819961 -0.5264188 0.853229 -0.1800391 -0.4892368 0 0.7827789 -0.6223092 0 0.6731898 -0.7377691 -0.4677104 0.6477495 -0.6007828 -0.5636008 0.4109589 -0.7162427 0 -0.1311155 -0.9921722 -0.853229 -0.1800391 -0.4892368 -0.5636008 0.4109589 -0.7162427 -0.8297456 0.1819961 -0.5264188 0.5127202 0.1017613 -0.853229 0.4677104 0.6477495 -0.6007828 0 0.3600783 -0.9334638 0 0.7827789 -0.6223092 0 0.7827789 -0.6223092 0.4677104 0.6477495 -0.6007828 0 0.6731898 -0.7377691 0.5636008 0.4109589 -0.7162427 0.8297456 0.1819961 -0.5264188 0.853229 -0.1800391 -0.4892368 0.5636008 0.4109589 -0.7162427 0 -0.1311155 -0.9921722 -0.6007828 0.1643836 -0.7827789 -0.3835616 0.09589041 -0.9178082 0 0.3600783 -0.9334638 0 0.1154599 -0.9941292 -0.3835616 0.09589041 -0.9178082 0 0.1545988 -0.9882583 -0.3620352 0.1409002 -0.9217221 -0.9217221 -0.1135029 -0.37182 -0.4598826 -0.8043053 -0.3776908 -0.8982387 0.2504892 -0.3620352 -0.8317025 0.03913894 -0.553816 0.3659491 0.1213307 -0.9236791 0.5127202 0.1017613 -0.853229 0 0.3600783 -0.9334638 0 0.1154599 -0.9941292 0 0.1545988 -0.9882583 0.3659491 0.1213307 -0.9236791 0.3542074 0.148728 -0.9236791 -0.6007828 0.1643836 -0.7827789 0 0.3600783 -0.9334638 -0.4677104 0.6477495 -0.6007828 0 0.7827789 -0.6223092 0.6575342 0.04696673 -0.7514677 0.6908023 0.1154599 -0.7123288 0.9001957 0.06066536 -0.4324853 0.9060665 0.08023483 -0.4129159 0.6575342 0.04696673 -0.7514677 0.3659491 0.1213307 -0.9236791 0.6908023 0.1154599 -0.7123288 0.3542074 0.148728 -0.9236791 -0.9295499 0.04500978 0.3659491 -0.9119374 0.08414873 0.3992172 -0.9980431 0.04500978 0.005870841 -0.9980431 0.07240704 -0.001956947 -0.9295499 0.04500978 0.3659491 -0.7377691 0.07436399 0.6712329 -0.9119374 0.08414873 0.3992172 -0.6849315 0.1037182 0.7201566 0.03522505 0.08023483 0.9960861 0 0.1350294 0.9902152 -0.3365949 0.09197652 0.9373777 -0.3561644 0.1272016 0.925636 0.03522505 0.08023483 0.9960861 0.3405088 0.08414873 0.9354208 0 0.1350294 0.9902152 0.3561644 0.1272016 0.925636 0.9373777 0.04500978 0.3444227 0.9119374 0.08414873 0.3992172 0.7318982 0.0704501 0.6790606 0.6849315 0.1037182 0.7201566 0.9373777 0.04500978 0.3444227 0.9980431 0.04892368 0.007827789 0.9119374 0.08414873 0.3992172 0.9980431 0.07240704 -0.001956947 -0.5636008 0.2837573 0.7749511 -0.3072407 0.853229 0.4227006 -0.3679061 0.3091977 0.8767123 0.2563601 0.7162427 0.6497065 -0.7064579 0.704501 -0.05675147 -0.3072407 0.853229 0.4227006 -0.7906067 0.2054795 0.5792564 -0.5636008 0.2837573 0.7749511 0.2563601 0.7162427 0.6497065 -0.3072407 0.853229 0.4227006 0.1819961 0.7553816 0.62818 -0.2367906 0.9158513 0.3268102 0.5459883 0.2915851 0.7866927 0.2563601 0.7162427 0.6497065 0.4774951 0.2681018 0.8375734 0.1819961 0.7553816 0.62818 -0.2367906 0.9158513 0.3268102 -0.3072407 0.853229 0.4227006 -0.6516634 0.7592955 0.01761252 -0.7064579 0.704501 -0.05675147 0.4872798 -0.148728 0.8610567 0.55773 -0.111546 0.8219178 0.4774951 0.2681018 0.8375734 0.5459883 0.2915851 0.7866927 -0.2367906 0.9158513 0.3268102 -0.3365949 0.8199608 0.4637965 0.1819961 0.7553816 0.62818 0.04305284 0.6986302 0.7142857 0.1819961 0.7553816 0.62818 0.04305284 0.6986302 0.7142857 0.4774951 0.2681018 0.8375734 0.3855186 0.2485323 0.888454 -0.9941292 0.109589 -0.01369863 -0.9021527 0.297456 -0.3111546 -0.960861 0.2739726 0.04892368 -0.7064579 0.704501 -0.05675147 -0.2367906 0.9158513 0.3268102 -0.6516634 0.7592955 0.01761252 -0.3365949 0.8199608 0.4637965 -0.6868885 0.704501 0.1819961 -0.6516634 0.7592955 0.01761252 -0.7064579 0.704501 -0.05675147 -0.9412916 0.2720157 -0.2015656 -0.9021527 0.297456 -0.3111546 -0.3365949 0.8199608 0.4637965 -0.407045 0.7201566 0.5616438 0.04305284 0.6986302 0.7142857 -0.08610567 0.6066536 0.7906067 -0.3365949 0.8199608 0.4637965 -0.6868885 0.704501 0.1819961 -0.407045 0.7201566 0.5616438 -0.7240704 0.6046967 0.3287671 -0.6516634 0.7592955 0.01761252 -0.9412916 0.2720157 -0.2015656 -0.6868885 0.704501 0.1819961 -0.962818 0.2504892 -0.09589041 -0.9021527 0.297456 -0.3111546 -0.9491194 -0.1056751 -0.2994129 -0.9412916 0.2720157 -0.2015656 -0.9667319 -0.148728 -0.2074364 -0.9412916 0.2720157 -0.2015656 -0.9667319 -0.148728 -0.2074364 -0.962818 0.2504892 -0.09589041 -0.9706458 -0.1663405 -0.1722113 -0.8825831 0.109589 0.4559687 -0.7906067 0.2054795 0.5792564 -0.9295499 0.04500978 0.3659491 -0.7377691 0.07436399 0.6712329 0.06262231 0.05479452 0.9960861 0.1409002 0.18591 0.9726027 -0.03131115 -0.1135029 0.9921722 0.1917808 0.007827789 0.9804305 -0.3365949 0.09197652 0.9373777 -0.09197652 0.1272016 0.9882583 0.03522505 0.08023483 0.9960861 0.06262231 0.05479452 0.9960861 -0.9491194 -0.05088063 0.3091977 -0.9275929 -0.0998043 0.3600783 -0.960861 0.2739726 0.04892368 -0.9941292 0.109589 -0.01369863 -0.7240704 0.6046967 0.3287671 -0.9843444 0.1780822 -0.0332681 -0.9569471 0.221135 0.18591 -0.962818 0.2504892 -0.09589041 0.5772994 0.2485323 0.776908 0.2465753 0.888454 0.3874756 0.7221135 0.2700587 0.6360078 0.6457925 0.7592955 0.08023483 -0.2485323 0.7749511 0.5792564 0.2465753 0.888454 0.3874756 0.2407045 0.1565558 0.9589041 0.5772994 0.2485323 0.776908 0.6457925 0.7592955 0.08023483 0.2465753 0.888454 0.3874756 0.6046967 0.7925636 0.08610567 0.221135 0.9158513 0.334638 0.9471624 0.2915851 -0.1428571 0.6457925 0.7592955 0.08023483 0.9510763 0.2876712 -0.1193738 0.6046967 0.7925636 0.08610567 0.221135 0.9158513 0.334638 0.2465753 0.888454 0.3874756 -0.1624266 0.7945206 0.5831702 -0.2485323 0.7749511 0.5792564 0.9784736 -0.1624266 -0.1252446 0.9765166 -0.1193738 -0.183953 0.9510763 0.2876712 -0.1193738 0.9471624 0.2915851 -0.1428571 0.6046967 0.7925636 0.08610567 0.221135 0.9158513 0.334638 0.6399217 0.7240704 0.2563601 0.3209393 0.81409 0.483366 0.9510763 0.2876712 -0.1193738 0.6046967 0.7925636 0.08610567 0.9765166 0.2093934 0.04305284 0.6399217 0.7240704 0.2563601 -0.2367906 0.08610567 0.9667319 -0.5753425 0.3091977 0.7553816 -0.1409002 0.2720157 0.9510763 -0.2485323 0.7749511 0.5792564 0.3209393 0.81409 0.483366 0.221135 0.9158513 0.334638 -0.01369863 0.7299413 0.6829746 -0.1624266 0.7945206 0.5831702 -0.1624266 0.7945206 0.5831702 -0.2485323 0.7749511 0.5792564 -0.4970646 0.2896282 0.8180039 -0.5753425 0.3091977 0.7553816 0.9804305 -0.1996086 -0.009784736 0.9784736 -0.1624266 -0.1252446 0.9765166 0.2093934 0.04305284 0.9510763 0.2876712 -0.1193738 0.3209393 0.81409 0.483366 0.3776908 0.7318982 0.5675147 0.6399217 0.7240704 0.2563601 0.8551859 0.4187867 0.3052838 0.3209393 0.81409 0.483366 -0.01369863 0.7299413 0.6829746 0.3776908 0.7318982 0.5675147 -0.04696673 0.4207436 0.9060665 -0.01369863 0.7299413 0.6829746 -0.1624266 0.7945206 0.5831702 -0.3542074 0.2328767 0.9060665 -0.4970646 0.2896282 0.8180039 -0.5753425 0.3091977 0.7553816 -0.6066536 -0.1135029 0.7866927 -0.4970646 0.2896282 0.8180039 -0.518591 -0.1624266 0.8395303 -0.4970646 0.2896282 0.8180039 -0.518591 -0.1624266 0.8395303 -0.3542074 0.2328767 0.9060665 -0.4187867 0.04892368 0.9060665 0.9510763 -0.06262231 0.3052838 0.9569471 0.1585127 0.2407045 0.960861 -0.1174168 0.2524462 0.9941292 -0.02348337 0.1076321 0.06262231 0.05479452 0.9960861 -0.03131115 -0.1135029 0.9921722 -0.1409002 0.2720157 0.9510763 -0.2367906 0.08610567 0.9667319 -0.9315069 0.2465753 -0.2681018 -0.4266145 0.888454 -0.1682975 -0.960861 0.260274 -0.09197652 -0.5694716 0.7592955 0.3150685 -0.6868885 0.2857143 0.667319 -0.5694716 0.7592955 0.3150685 -0.6712329 0.2876712 0.6829746 -0.4990215 0.8082192 0.3111546 -0.3307241 0.9354208 -0.1252446 -0.4266145 0.888454 -0.1682975 -0.1663405 0.8101761 -0.5616438 -0.1565558 0.7690802 -0.6203523 -0.6868885 -0.1624266 0.7084149 -0.6810176 -0.1193738 0.7221135 -0.6712329 0.2876712 0.6829746 -0.6868885 0.2857143 0.667319 -0.1565558 0.7690802 -0.6203523 -0.7690802 0.1037182 -0.630137 -0.02935421 0.2994129 -0.9530333 -0.4187867 0.04305284 -0.9080235 -0.4990215 0.8082192 0.3111546 -0.3307241 0.9354208 -0.1252446 -0.6164383 0.7612525 0.2074364 -0.4853229 0.8551859 -0.1819961 -0.6712329 0.2876712 0.6829746 -0.4990215 0.8082192 0.3111546 -0.7808219 0.221135 0.5831702 -0.6164383 0.7612525 0.2074364 -0.4853229 0.8551859 -0.1819961 -0.3307241 0.9354208 -0.1252446 -0.3268102 0.7651663 -0.553816 -0.1663405 0.8101761 -0.5616438 -0.1663405 0.8101761 -0.5616438 -0.1565558 0.7690802 -0.6203523 -0.04109589 0.2896282 -0.9569471 -0.02935421 0.2994129 -0.9530333 -0.7553816 -0.1996086 0.6242661 -0.6868885 -0.1624266 0.7084149 -0.7808219 0.221135 0.5831702 -0.6712329 0.2876712 0.6829746 -0.4853229 0.8551859 -0.1819961 -0.6379648 0.7318982 -0.2367906 -0.6164383 0.7612525 0.2074364 -0.8688846 0.4227006 0.258317 -0.4853229 0.8551859 -0.1819961 -0.3268102 0.7651663 -0.553816 -0.6379648 0.7318982 -0.2367906 -0.4911937 0.4246575 -0.7612525 -0.3268102 0.7651663 -0.553816 -0.1663405 0.8101761 -0.5616438 -0.1956947 0.2191781 -0.9549902 -0.04109589 0.2896282 -0.9569471 -0.9491194 -0.05088063 0.3091977 -0.925636 0.1878669 0.3307241 -0.9275929 -0.0998043 0.3600783 -0.8962818 -0.02348337 0.444227 -0.7690802 0.1037182 -0.630137 -0.8277887 0.1682975 -0.5342466 -0.7064579 0.06457926 -0.704501 -0.9138943 0.05479452 -0.4011742 -0.7064579 0.06457926 -0.704501 -0.6810176 0.111546 -0.7240704 -0.9119374 0.08219178 -0.4011742 0.9197652 0.2778865 -0.2759295 0.4970646 0.853229 -0.1604697 0.8199608 0.1976517 -0.5381604 0.1741683 0.7162427 -0.6751468 0.5381604 0.704501 0.4637965 0.4970646 0.853229 -0.1604697 0.9804305 0.1956947 0.009784736 0.9197652 0.2778865 -0.2759295 0.1741683 0.7162427 -0.6751468 0.4970646 0.853229 -0.1604697 0.221135 0.7553816 -0.6164383 0.3835616 0.9158513 -0.1252446 -0.007827789 0.2915851 -0.9569471 0.1741683 0.7162427 -0.6751468 0.1056751 0.2681018 -0.9569471 0.221135 0.7553816 -0.6164383 0.3835616 0.9158513 -0.1252446 0.5440313 0.8199608 -0.1780822 0.221135 0.7553816 -0.6164383 0.3855186 0.6986302 -0.6027398 0.221135 0.7553816 -0.6164383 0.3855186 0.6986302 -0.6027398 0.1056751 0.2681018 -0.9569471 0.2113503 0.2485323 -0.9452055 0.7749511 0.09197652 0.6262231 0.5420744 0.2994129 0.7847358 0.7925636 0.2544031 0.553816 0.5381604 0.704501 0.4637965 0.5381604 0.7592955 0.3679061 0.5381604 0.704501 0.4637965 0.6438356 0.2720157 0.7162427 0.5420744 0.2994129 0.7847358 0.5440313 0.8199608 -0.1780822 0.6594912 0.7201566 -0.2152642 0.3855186 0.6986302 -0.6027398 0.5342466 0.6066536 -0.5890411 0.5440313 0.8199608 -0.1780822 0.6614481 0.704501 0.2563601 0.6594912 0.7201566 -0.2152642 0.778865 0.6046967 0.1604697 0.5381604 0.7592955 0.3679061 0.6438356 0.2720157 0.7162427 0.6614481 0.704501 0.2563601 0.7221135 0.2504892 0.6438356 0.5420744 0.2994129 0.7847358 0.5909981 -0.1056751 0.8003914 0.6438356 0.2720157 0.7162427 0.6594912 -0.148728 0.7358121 0.6438356 0.2720157 0.7162427 0.6594912 -0.148728 0.7358121 0.7221135 0.2504892 0.6438356 0.6849315 -0.1663405 0.7103718 0.9373777 0.04500978 0.3444227 0.9804305 0.09197652 0.1761252 0.9980431 0.04892368 0.007827789 0.9804305 0.1956947 0.009784736 0.9001957 0.06066536 -0.4324853 0.8199608 0.1976517 -0.5381604 0.6575342 0.04696673 -0.7514677 0.7592955 0.06066536 -0.6477495 0.7592955 0.06066536 -0.6477495 0.5479452 -0.1252446 -0.8258317 0.6575342 0.04696673 -0.7514677 0.8023483 0.04305284 -0.5968689 0.9510763 -0.06262231 0.3052838 0.960861 -0.1174168 0.2524462 0.7925636 0.2544031 0.553816 0.7749511 0.09197652 0.6262231 0.5322896 -0.2759295 -0.8003914 0.1037182 0.3522505 -0.9295499 0.4481409 -0.4951076 -0.7436399 0.1389433 0.01761252 -0.9902152 0.592955 -0.7514677 0.2857143 0.4540117 -0.5303327 0.7162427 0.667319 -0.7416829 0.05283757 0.4559687 -0.5107632 0.7299413 0.4559687 -0.5107632 0.7299413 0.4540117 -0.5303327 0.7162427 0.1545988 0.007827789 0.9882583 0.1898239 0.0332681 0.9804305 0.1545988 0.007827789 0.9882583 0.1898239 0.0332681 0.9804305 -0.1213307 0.6027398 0.7886497 -0.06262231 0.55773 0.8277887 -0.1213307 0.6027398 0.7886497 -0.06262231 0.55773 0.8277887 -0.2309198 0.9726027 -0.001956947 -0.2641879 0.964775 0 -0.1976517 0.9804305 0 0.4559687 0.2700587 -0.8473581 -0.2641879 0.964775 0 0.2172211 0.06457926 -0.9745597 0.4559687 0.2700587 -0.8473581 0.7612525 -0.1917808 -0.6203523 0.2172211 0.06457926 -0.9745597 0.5068493 -0.5146771 -0.6927593 0.7612525 -0.1917808 -0.6203523 0.8923679 -0.4500979 0 0.5068493 -0.5146771 -0.6927593 0.592955 -0.7514677 0.2857143 0.592955 -0.7514677 0.2857143 0.8923679 -0.4500979 0 0.4540117 -0.5303327 0.7162427 0.7612525 -0.1917808 0.6203523 0.4540117 -0.5303327 0.7162427 0.7612525 -0.1917808 0.6203523 0.1898239 0.0332681 0.9804305 0.4559687 0.2700587 0.8473581 0.1898239 0.0332681 0.9804305 0.4559687 0.2700587 0.8473581 -0.06262231 0.55773 0.8277887 0.04500978 0.739726 0.6712329 -0.06262231 0.55773 0.8277887 0.04500978 0.739726 0.6712329 -0.2641879 0.964775 0 -0.1976517 0.9804305 0 0.5322896 -0.2759295 -0.8003914 0.890411 -0.4540117 0.001956947 0.8669276 -0.003913894 -0.4970646 0.9960861 -0.09784736 0 0.8669276 -0.003913894 -0.4970646 1 0.04109589 0 0.8923679 0.06457926 -0.4461839 1 0.04109589 0 0.9960861 0.09001957 0 0.9041096 0.0998043 -0.4129159 0.9980431 0.07240704 -0.001956947 0.9060665 0.08023483 -0.4129159 0.1448141 0.3385518 0.9295499 0.5303327 0.2191781 0.8199608 0.334638 -0.04109589 0.9412916 0.5636008 0.04109589 0.8238748 -0.1545988 0.3855186 -0.9099804 -0.148728 0.01369863 -0.9882583 0.109589 0.6203523 -0.776908 -0.1643836 0.07632094 -0.9843444 -0.2367906 0.9706458 0.001956947 0.109589 0.6203523 -0.776908 0.2348337 0.9726027 -0.001956947 0.3248532 0.9452055 0 -0.4324853 -0.5009785 0.7495108 -0.4344423 -0.5009785 0.7475538 -0.6536204 -0.7553816 0.06066536 -0.592955 -0.7436399 0.3072407 -0.1526419 0.009784736 0.9882583 0.09784736 0.5792564 0.8082192 -0.1350294 0.05870841 0.9882583 0.1193738 0.5401174 0.8336595 0.09784736 0.5792564 0.8082192 0.2348337 0.9726027 -0.001956947 0.1193738 0.5401174 0.8336595 0.3248532 0.9452055 0 -0.4344423 -0.5009785 0.7475538 -0.6927593 -0.2837573 0.6634051 -0.592955 -0.7436399 0.3072407 -0.8101761 -0.5870842 0 -0.6810176 0.111546 -0.7240704 -0.9119374 0.08219178 -0.4011742 -0.667319 0.1213307 -0.7358121 -0.9041096 0.0998043 -0.4129159 -0.667319 0.1213307 -0.7358121 -0.62818 0.1193738 -0.7690802 -0.8962818 0.08219178 -0.4344423 -0.6164383 0.08806262 -0.7827789 0.3561644 0.1272016 0.925636 0.6849315 0.1037182 0.7201566 0.3483366 0.1428571 0.9275929 0.667319 0.1213307 0.7358121 0.6418787 0.1076321 0.7592955 0.3248532 0.1409002 0.9354208 0.3483366 0.1428571 0.9275929 0.6849315 0.1037182 0.7201566 0.9119374 0.08414873 0.3992172 0.667319 0.1213307 0.7358121 0.9041096 0.0998043 0.4129159 0.8923679 0.06457926 0.4461839 0.6418787 0.1076321 0.7592955 0.667319 0.1213307 0.7358121 0.8923679 0.06457926 0.4461839 0.6262231 0.08219178 0.7749511 0.8669276 -0.003913894 0.4970646 -0.9158513 0.07632094 0.3953033 -0.6692759 0.1213307 0.7318982 -0.6438356 0.1213307 0.7553816 -0.6144814 0.09197652 0.7827789 -0.6438356 0.1213307 0.7553816 -0.3502935 0.1448141 0.925636 -0.3268102 0.148728 0.9334638 -0.3072407 0.1369863 0.9412916 0.6262231 0.08219178 -0.7749511 0.8669276 -0.003913894 -0.4970646 0.8923679 0.06457926 -0.4461839 0.6418787 0.1076321 -0.7592955 0.667319 0.1213307 -0.7358121 0.9041096 0.0998043 -0.4129159 0.8923679 0.06457926 -0.4461839 0.667319 0.1213307 -0.7358121 0.9060665 0.08023483 -0.4129159 0.6908023 0.1154599 -0.7123288 0.3542074 0.148728 -0.9236791 0.667319 0.1213307 -0.7358121 0 0.1506849 -0.9882583 0 0.1545988 -0.9882583 -0.8062623 0.0332681 -0.5909981 -0.9980431 0.06457926 0 -0.9960861 -0.09393346 0 -0.8062623 0.0332681 -0.5909981 -0.8923679 -0.4500979 0.001956947 -0.5205479 -0.2641879 -0.8121331 -0.8962818 0.08219178 -0.4344423 -0.9980431 0.06457926 0 -0.9960861 0.09001957 0 -0.9041096 0.0998043 -0.4129159 -0.9980431 0.07240704 -0.001956947 -0.9119374 0.08219178 -0.4011742 0.3248532 0.1409002 0.9354208 0.3170255 0.1369863 0.9393346 0.02935421 0.1565558 0.9863014 0.05479452 0.1565558 0.9863014 0.3483366 0.1428571 0.9275929 0.3248532 0.1409002 0.9354208 0.01565558 0.1526419 0.9882583 0.3561644 0.1272016 0.925636 0 0.1350294 0.9902152 0.3248532 0.1409002 0.9354208 0.6418787 0.1076321 0.7592955 0.3170255 0.1369863 0.9393346 0.6262231 0.08219178 0.7749511 0.5401174 0.08610567 0.8375734 0.3170255 0.1369863 0.9393346 0.2485323 0.2074364 0.9471624 0.4872798 0.1722113 0.8551859 0.1193738 0.2641879 0.9569471 0.4872798 0.1722113 0.8551859 0.4129159 0.1076321 0.9041096 0.02935421 0.1565558 0.9863014 0.3170255 0.1369863 0.9393346 0.02348337 0.2309198 0.9726027 0.2485323 0.2074364 0.9471624 0.8669276 -0.003913894 0.4970646 0.7592955 -0.1956947 0.6203523 0.6849315 0.01565558 0.7279844 0.5636008 0.04109589 0.8238748 0.7592955 -0.1956947 0.6203523 0.5342466 -0.2739726 0.7984344 0.334638 -0.04109589 0.9412916 0.5342466 0.2250489 -0.81409 0.8669276 -0.003913894 -0.4970646 0.5009785 0.1741683 -0.8473581 0.6262231 0.08219178 -0.7749511 0 0.1604697 -0.9863014 0 0.2270059 -0.9745597 0.6262231 0.08219178 -0.7749511 0.5009785 0.1741683 -0.8473581 -0.479452 0.1800391 -0.8590998 0 0.2270059 -0.9745597 -0.6164383 0.08806262 -0.7827789 0 0.1604697 -0.9863014 -0.6164383 0.08806262 -0.7827789 -0.62818 0.1193738 -0.7690802 0 0.1506849 -0.9882583 -0.667319 0.1213307 -0.7358121 -0.1545988 0.3855186 -0.9099804 -0.592955 0.2152642 -0.7749511 -0.5205479 -0.2641879 -0.8121331 -0.8062623 0.0332681 -0.5909981 0.4129159 0.1076321 -0.9041096 0.5009785 0.1741683 -0.8473581 0 0.3091977 -0.9510763 0 0.2270059 -0.9745597 -0.4148728 0.08806262 -0.9060665 0 0.3091977 -0.9510763 -0.479452 0.1800391 -0.8590998 0 0.2270059 -0.9745597 -0.7240704 -0.06849315 0.6868885 -0.7455969 0.005870841 0.6653621 -0.4148728 0.08806262 0.9060665 -0.5029354 0.1682975 0.8473581 -0.1193738 0.260274 0.9569471 -0.2426614 0.2133072 0.9471624 0 0.3091977 0.9510763 0.02348337 0.2309198 0.9726027 0.1193738 0.2641879 0.9569471 0 0.3091977 0.9510763 0.2485323 0.2074364 0.9471624 0.02348337 0.2309198 0.9726027 0.7181996 -0.04305284 0.6947162 0.4129159 0.1076321 0.9041096 0.7084149 0.0704501 0.702544 0.4872798 0.1722113 0.8551859 0.7084149 0.0704501 0.702544 0.9960861 0.08806262 0 0.7181996 -0.04305284 0.6947162 0.9941292 -0.1017613 0 0.7123288 0.06066536 -0.6986302 0.7181996 -0.04305284 -0.6947162 0.9960861 0.08806262 0 0.9941292 -0.1017613 0 -0.003913894 1 0 0.09001957 0.2348337 -0.9667319 0 0.3091977 -0.9510763 0.4129159 0.1076321 -0.9041096 -0.003913894 1 0 0 0.3091977 -0.9510763 -0.09001957 0.2348337 -0.9667319 -0.4148728 0.08806262 -0.9060665 -0.1193738 0.260274 0.9569471 0.1800391 0.5831702 0.7925636 -0.4148728 0.08806262 0.9060665 -0.09001957 0.2348337 0.9667319 0 0.3091977 0.9510763 0 0.7240704 0.6888454 -0.1193738 0.260274 0.9569471 0.1800391 0.5831702 0.7925636 0 0.3091977 0.9510763 0.1193738 0.2641879 0.9569471 0 0.7240704 0.6888454 -0.183953 0.5812133 0.7925636 0.1193738 0.2641879 0.9569471 0.4129159 0.1076321 0.9041096 -0.183953 0.5812133 0.7925636 0.09001957 0.2348337 0.9667319 -0.7240704 -0.06849315 -0.6868885 -0.6203523 -0.2074364 -0.7573385 -0.09001957 0.2348337 -0.9667319 -0.06066536 0.1937378 -0.9784736 -0.7240704 -0.06849315 -0.6868885 -0.9902152 -0.1389433 0 -0.6203523 -0.2074364 -0.7573385 -0.9217221 -0.3894325 0 -0.7240704 -0.06849315 0.6868885 -0.6203523 -0.2074364 0.7573385 -0.9902152 -0.1389433 0 -0.9217221 -0.3894325 0 -0.7240704 -0.06849315 0.6868885 -0.09001957 0.2348337 0.9667319 -0.6203523 -0.2074364 0.7573385 -0.06066536 0.1937378 0.9784736 0.1800391 0.5831702 0.7925636 0.3913894 0.5792564 0.7142857 -0.09001957 0.2348337 0.9667319 -0.06066536 0.1937378 0.9784736 -0.003913894 1 0 0.553816 0.8317025 0 0.1800391 0.5831702 0.7925636 0.3913894 0.5792564 0.7142857 0.3913894 0.5792564 -0.7142857 -0.06066536 0.1937378 -0.9784736 0.3600783 0.5909981 -0.7221135 -0.1193738 0.1937378 -0.9745597 -0.06066536 0.1937378 -0.9784736 -0.6203523 -0.2074364 -0.7573385 -0.1193738 0.1937378 -0.9745597 -0.6457925 -0.2328767 -0.7279844 -0.6203523 -0.2074364 -0.7573385 -0.9217221 -0.3894325 0 -0.6457925 -0.2328767 -0.7279844 -0.9041096 -0.4285714 0 -0.6203523 -0.2074364 0.7573385 -0.6457925 -0.2328767 0.7279844 -0.9217221 -0.3894325 0 -0.9041096 -0.4285714 0 -0.06066536 0.1937378 0.9784736 -0.1193738 0.1937378 0.9745597 -0.6203523 -0.2074364 0.7573385 -0.6457925 -0.2328767 0.7279844 0.3913894 0.5792564 0.7142857 0.3600783 0.5909981 0.7221135 -0.06066536 0.1937378 0.9784736 -0.1193738 0.1937378 0.9745597 0.553816 0.8317025 0 0.5909981 0.8062623 0 0.3913894 0.5792564 0.7142857 0.3600783 0.5909981 0.7221135 0.553816 0.8317025 0 0.3913894 0.5792564 -0.7142857 0.5909981 0.8062623 0 0.3600783 0.5909981 -0.7221135 0.5909981 0.8062623 0 0.3600783 0.5909981 -0.7221135 -0.4520548 0.8923679 0 -0.1193738 0.1937378 -0.9745597 0.07240704 0.1722113 -0.9823875 0.6477495 -0.1761252 -0.7416829 0.09001957 0.2348337 -0.9667319 0.7181996 -0.04305284 -0.6947162 0.7181996 -0.04305284 -0.6947162 0.6477495 -0.1761252 -0.7416829 0.9941292 -0.1017613 0 0.9452055 -0.3268102 0 0.9452055 -0.3268102 0 0.6477495 -0.1761252 0.7416829 0.9941292 -0.1017613 0 0.7181996 -0.04305284 0.6947162 0.7181996 -0.04305284 0.6947162 0.6477495 -0.1761252 0.7416829 0.09001957 0.2348337 0.9667319 0.07240704 0.1722113 0.9823875 0.07240704 0.1722113 0.9823875 -0.4109589 0.5459883 0.7299413 0.09001957 0.2348337 0.9667319 -0.183953 0.5812133 0.7925636 -0.4109589 0.5459883 0.7299413 -0.592955 0.8043053 0 -0.183953 0.5812133 0.7925636 -0.003913894 1 0 -0.4109589 0.5459883 -0.7299413 -0.4050881 0.5518591 -0.7279844 0.07240704 0.1722113 -0.9823875 0.09393346 0.2152642 -0.9726027 0.07240704 0.1722113 -0.9823875 0.09393346 0.2152642 -0.9726027 0.6477495 -0.1761252 -0.7416829 0.6692759 -0.1409002 -0.7299413 0.6477495 -0.1761252 -0.7416829 0.6692759 -0.1409002 -0.7299413 0.9452055 -0.3268102 0 0.9530333 -0.3033268 0 0.9530333 -0.3033268 0 0.6692759 -0.1409002 0.7299413 0.9452055 -0.3268102 0 0.6477495 -0.1761252 0.7416829 0.6692759 -0.1409002 0.7299413 0.09393346 0.2152642 0.9726027 0.6477495 -0.1761252 0.7416829 0.07240704 0.1722113 0.9823875 0.09393346 0.2152642 0.9726027 -0.4050881 0.5518591 0.7279844 0.07240704 0.1722113 0.9823875 -0.4109589 0.5459883 0.7299413 -0.4050881 0.5518591 0.7279844 -0.6575342 0.7534246 0 -0.4109589 0.5459883 0.7299413 -0.592955 0.8043053 0 -0.592955 0.8043053 0 -0.6575342 0.7534246 0 -0.4109589 0.5459883 -0.7299413 -0.4050881 0.5518591 -0.7279844 0.09393346 0.2152642 -0.9726027 -0.4050881 0.5518591 -0.7279844 0.4872798 0.8727984 0 -0.6575342 0.7534246 0 -0.3483366 -0.037182 0.9354208 -0.6242661 0.04109589 0.7808219 -0.2015656 0.37182 0.9060665 -0.6007828 0.1937378 0.7749511 -0.3483366 -0.037182 0.9354208 -0.5244619 -0.2622309 0.8101761 -0.6242661 0.04109589 0.7808219 -0.7573385 -0.01956947 0.6536204 0.8669276 -0.003913894 -0.4970646 0.5342466 0.2250489 -0.81409 0.5322896 -0.2759295 -0.8003914 0.1037182 0.3522505 -0.9295499 0.6438356 0.260274 -0.7181996 0.6555773 0.2739726 -0.704501 0.7181996 0.369863 -0.5890411 0.5694716 0.1643836 -0.8062623 -0.9667319 -0.05088063 0.2524462 -0.9021527 0.09001957 0.4207436 -0.8864971 0.1154599 0.4481409 -0.7553816 0.2622309 0.6007828 0.9060665 0.08023483 -0.4129159 0.9980431 0.07240704 -0.001956947 0.9980431 0.04892368 0.007827789 0.9001957 0.06066536 -0.4324853 0.9197652 0.2778865 -0.2759295 0.06262231 0.05479452 0.9960861 0.1761252 0.08414873 0.9804305 0.03522505 0.08023483 0.9960861 0.2407045 0.1565558 0.9589041 0.3405088 0.08414873 0.9354208 -0.1428571 -0.2074364 -0.9686888 -0.1956947 0.2191781 -0.9549902 0.001956947 -0.1154599 -0.9941292 -0.04109589 0.2896282 -0.9569471 -0.02935421 0.2994129 -0.9530333 0.2113503 0.2485323 -0.9452055 0.146771 -0.1585127 -0.9765166 0.1056751 0.2681018 -0.9569471 0.009784736 -0.111546 -0.9941292 -0.007827789 0.2915851 -0.9569471 -0.6810176 0.111546 -0.7240704 -0.667319 0.1213307 -0.7358121 -0.3620352 0.1409002 -0.9217221 0 0.1506849 -0.9882583 0 0.1545988 -0.9882583 0.667319 0.1213307 -0.7358121 0 0.1506849 -0.9882583 0.6418787 0.1076321 -0.7592955 0 0.1604697 -0.9863014 0.6262231 0.08219178 -0.7749511 0.05479452 0.1565558 0.9863014 0.02935421 0.1565558 0.9863014 -0.3268102 0.148728 0.9334638 0.01565558 0.1526419 0.9882583 -0.3502935 0.1448141 0.925636 0.01565558 0.1526419 0.9882583 -0.3561644 0.1272016 0.925636 0 0.1350294 0.9902152 -0.8473581 0.03131115 0.5303327 -0.6144814 0.09197652 0.7827789 -0.7573385 -0.01956947 0.6536204 -0.5714286 0.08219178 0.816047 -0.6242661 0.04109589 0.7808219 0.5636008 0.04109589 0.8238748 0.5401174 0.08610567 0.8375734 0.6849315 0.01565558 0.7279844 0.6262231 0.08219178 0.7749511 0.8669276 -0.003913894 0.4970646 0.5342466 0.2250489 -0.81409 0.5009785 0.1741683 -0.8473581 0.7123288 0.06066536 -0.6986302 0.4129159 0.1076321 -0.9041096 0.7181996 -0.04305284 -0.6947162 -0.7240704 -0.06849315 -0.6868885 -0.4148728 0.08806262 -0.9060665 -0.7514677 -0.01565558 -0.6594912 -0.479452 0.1800391 -0.8590998 -0.592955 0.2152642 -0.7749511 -0.06066536 0.1937378 -0.9784736 0.3913894 0.5792564 -0.7142857 -0.09001957 0.2348337 -0.9667319 0.553816 0.8317025 0 -0.003913894 1 0 -0.003913894 1 0 -0.592955 0.8043053 0 0.09001957 0.2348337 -0.9667319 -0.4109589 0.5459883 -0.7299413 0.07240704 0.1722113 -0.9823875 -0.9980431 0.04500978 0.005870841 -0.9980431 0.07240704 -0.001956947 -0.9119374 0.08219178 -0.4011742 -0.9138943 0.05479452 -0.4011742 -0.9315069 0.2465753 -0.2681018 -0.9119374 0.08414873 0.3992172 -0.9138943 0.09784736 0.3933464 -0.9980431 0.07240704 -0.001956947 -0.9960861 0.09001957 0 -0.9158513 0.07632094 0.3953033 -0.9980431 0.06457926 0 -0.8473581 0.03131115 0.5303327 -0.7573385 -0.01956947 0.6536204 -0.9960861 -0.09393346 0 -0.9980431 0.06457926 0 -0.1565558 0.7690802 -0.6203523 -0.4266145 0.888454 -0.1682975 -0.8277887 0.1682975 -0.5342466 -0.9315069 0.2465753 -0.2681018 -0.3307241 0.9354208 -0.1252446 -0.4990215 0.8082192 0.3111546 -0.5694716 0.7592955 0.3150685 0.3835616 0.9158513 -0.1252446 0.4970646 0.853229 -0.1604697 0.5381604 0.7592955 0.3679061 0.5381604 0.704501 0.4637965 0.6614481 0.704501 0.2563601 0.5440313 0.8199608 -0.1780822 0.3835616 0.9158513 -0.1252446 0 1 0 0 1 0 0 1 0 0 1 0 0 1 0 0 1 0 0 1 0 0 1 0 0 1 0 0 1 0 0 1 0 0 1 0 0 1 0 0 1 0 0 1 0 0 1 0 0 1 0 0 -1 0 0 -1 0 0 -1 0 0 -1 0 0 -1 0 0 -1 0 0 -1 0 0 -1 0 0 -1 0 0 -1 0 0 -1 0 0 -1 0 0 -1 0 0 -1 0 0 -1 0 0 -1 0</float_array>
          <technique_common>
            <accessor source="#TrunkBottom__mPltTreeOakTrunk-normal-array" count="1783" stride="3">
              <param name="X" type="float" />
              <param name="Y" type="float" />
              <param name="Z" type="float" />
            </accessor>
          </technique_common>
        </source>
        <source id="TrunkBottom__mPltTreeOakTrunk-color">
          <float_array id="TrunkBottom__mPltTreeOakTrunk-color-array" count="7132">1 1 1 1 1 1 1 1 1 1 1 1 1 1 1 1 1 1 1 1 1 1 1 1 1 1 1 1 1 1 1 1 1 1 1 1 1 1 1 1 1 1 1 1 1 1 1 1 1 1 1 1 1 1 1 1 1 1 1 1 1 1 1 1 1 1 1 1 1 1 1 1 1 1 1 1 1 1 1 1 1 1 1 1 1 1 1 1 1 1 1 1 1 1 1 1 1 1 1 1 1 1 1 1 1 1 1 1 1 1 1 1 1 1 1 1 1 1 1 1 1 1 1 1 1 1 1 1 1 1 1 1 1 1 1 1 1 1 1 1 1 1 1 1 1 1 1 1 1 1 1 1 1 1 1 1 1 1 1 1 1 1 1 1 1 1 1 1 1 1 1 1 1 1 1 1 1 1 1 1 1 1 1 1 1 1 1 1 1 1 1 1 1 1 1 1 1 1 1 1 1 1 1 1 1 1 1 1 1 1 1 1 1 1 1 1 1 1 1 1 1 1 1 1 1 1 1 1 1 1 1 1 1 1 1 1 1 1 1 1 1 1 1 1 1 1 1 1 1 1 1 1 1 1 1 1 1 1 1 1 1 1 1 1 1 1 1 1 1 1 1 1 1 1 1 1 1 1 1 1 1 1 1 1 1 1 1 1 1 1 1 1 1 1 1 1 1 1 1 1 1 1 1 1 1 1 1 1 1 1 1 1 1 1 1 1 1 1 1 1 1 1 1 1 1 1 1 1 1 1 1 1 1 1 1 1 1 1 1 1 1 1 1 1 1 1 1 1 1 1 1 1 1 1 1 1 1 1 1 1 1 1 1 1 1 1 1 1 1 1 1 1 1 1 1 1 1 1 1 1 1 1 1 1 1 1 1 1 1 1 1 1 1 1 1 1 1 1 1 1 1 1 1 1 1 1 1 1 1 1 1 1 1 1 1 1 1 1 1 1 1 1 1 1 1 1 1 1 1 1 1 1 1 1 1 1 1 1 1 1 1 1 1 1 1 1 1 1 1 1 1 1 1 1 1 1 1 1 1 1 1 1 1 1 1 1 1 1 1 1 1 1 1 1 1 1 1 1 1 1 1 1 1 1 1 1 1 1 1 1 1 1 1 1 1 1 1 1 1 1 1 1 1 1 1 1 1 1 1 1 1 1 1 1 1 1 1 1 1 1 1 1 1 1 1 1 1 1 1 1 1 1 1 1 1 1 1 1 1 1 1 1 1 1 1 1 1 1 1 1 1 1 1 1 1 1 1 1 1 1 1 1 1 1 1 1 1 1 1 1 1 1 1 1 1 1 1 1 1 1 1 1 1 1 1 1 1 1 1 1 1 1 1 1 1 1 1 1 1 1 1 1 1 1 1 1 1 1 1 1 1 1 1 1 1 1 1 1 1 1 1 1 1 1 1 1 1 1 1 1 1 1 1 1 1 1 1 1 1 1 1 1 1 1 1 1 1 1 1 1 1 1 1 1 1 1 1 1 1 1 1 1 1 1 1 1 1 1 1 1 1 1 1 1 1 1 1 1 1 1 1 1 1 1 1 1 1 1 1 1 1 1 1 1 1 1 1 1 1 1 1 1 1 1 1 1 1 1 1 1 1 1 1 1 1 1 1 1 1 1 1 1 1 1 1 1 1 1 1 1 1 1 1 1 1 1 1 1 1 1 1 1 1 1 1 1 1 1 1 1 1 1 1 1 1 1 1 1 1 1 1 1 1 1 1 1 1 1 1 1 1 1 1 1 1 1 1 1 1 1 1 1 1 1 1 1 1 1 1 1 1 1 1 1 1 1 1 1 1 1 1 1 1 1 1 1 1 1 1 1 1 1 1 1 1 1 1 1 1 1 1 1 1 1 1 1 1 1 1 1 1 1 1 1 1 1 1 1 1 1 1 1 1 1 1 1 1 1 1 1 1 1 1 1 1 1 1 1 1 1 1 1 1 1 1 1 1 1 1 1 1 1 1 1 1 1 1 1 1 1 1 1 1 1 1 1 1 1 1 1 1 1 1 1 1 1 1 1 1 1 1 1 1 1 1 1 1 1 1 1 1 1 1 1 1 1 1 1 1 1 1 1 1 1 1 1 1 1 1 1 1 1 1 1 1 1 1 1 1 1 1 1 1 1 1 1 1 1 1 1 1 1 1 1 1 1 1 1 1 1 1 1 1 1 1 1 1 1 1 1 1 1 1 1 1 1 1 1 1 1 1 1 1 1 1 1 1 1 1 1 1 1 1 1 1 1 1 1 1 1 1 1 1 1 1 1 1 1 1 1 1 1 1 1 1 1 1 1 1 1 1 1 1 1 1 1 1 1 1 1 1 1 1 1 1 1 1 1 1 1 1 1 1 1 1 1 1 1 1 1 1 1 1 1 1 1 1 1 1 1 1 1 1 1 1 1 1 1 1 1 1 1 1 1 1 1 1 1 1 1 1 1 1 1 1 1 1 1 1 1 1 1 1 1 1 1 1 1 1 1 1 1 1 1 1 1 1 1 1 1 1 1 1 1 1 1 1 1 1 1 1 1 1 1 1 1 1 1 1 1 1 1 1 1 1 1 1 1 1 1 1 1 1 1 1 1 1 1 1 1 1 1 1 1 1 1 1 1 1 1 1 1 1 1 1 1 1 1 1 1 1 1 1 1 1 1 1 1 1 1 1 1 1 1 1 1 1 1 1 1 1 1 1 1 1 1 1 1 1 1 1 1 1 1 1 1 1 1 1 1 1 1 1 1 1 1 1 1 1 1 1 1 1 1 1 1 1 1 1 1 1 1 1 1 1 1 1 1 1 1 1 1 1 1 1 1 1 1 1 1 1 1 1 1 1 1 1 1 1 1 1 1 1 1 1 1 1 1 1 1 1 1 1 1 1 1 1 1 1 1 1 1 1 1 1 1 1 1 1 1 1 1 1 1 1 1 1 1 1 1 1 1 1 1 1 1 1 1 1 1 1 1 1 1 1 1 1 1 1 1 1 1 1 1 1 1 1 1 1 1 1 1 1 1 1 1 1 1 1 1 1 1 1 1 1 1 1 1 1 1 1 1 1 1 1 1 1 1 1 1 1 1 1 1 1 1 1 1 1 1 1 1 1 1 1 1 1 1 1 1 1 1 1 1 1 1 1 1 1 1 1 1 1 1 1 1 1 1 1 1 1 1 1 1 1 1 1 1 1 1 1 1 1 1 1 1 1 1 1 1 1 1 1 1 1 1 1 1 1 1 1 1 1 1 1 1 1 1 1 1 1 1 1 1 1 1 1 1 1 1 1 1 1 1 1 1 1 1 1 1 1 1 1 1 1 1 1 1 1 1 1 1 1 1 1 1 1 1 1 1 1 1 1 1 1 1 1 1 1 1 1 1 1 1 1 1 1 1 1 1 1 1 1 1 1 1 1 1 1 1 1 1 1 1 1 1 1 1 1 1 1 1 1 1 1 1 1 1 1 1 1 1 1 1 1 1 1 1 1 1 1 1 1 1 1 1 1 1 1 1 1 1 1 1 1 1 1 1 1 1 1 1 1 1 1 1 1 1 1 1 1 1 1 1 1 1 1 1 1 1 1 1 1 1 1 1 1 1 1 1 1 1 1 1 1 1 1 1 1 1 1 1 1 1 1 1 1 1 1 1 1 1 1 1 1 1 1 1 1 1 1 1 1 1 1 1 1 1 1 1 1 1 1 1 1 1 1 1 1 1 1 1 1 1 1 1 1 1 1 1 1 1 1 1 1 1 1 1 1 1 1 1 1 1 1 1 1 1 1 1 1 1 1 1 1 1 1 1 1 1 1 1 1 1 1 1 1 1 1 1 1 1 1 1 1 1 1 1 1 1 1 1 1 1 1 1 1 1 1 1 1 1 1 1 1 1 1 1 1 1 1 1 1 1 1 1 1 1 1 1 1 1 1 1 1 1 1 1 1 1 1 1 1 1 1 1 1 1 1 1 1 1 1 1 1 1 1 1 1 1 1 1 1 1 1 1 1 1 1 1 1 1 1 1 1 1 1 1 1 1 1 1 1 1 1 1 1 1 1 1 1 1 1 1 1 1 1 1 1 1 1 1 1 1 1 1 1 1 1 1 1 1 1 1 1 1 1 1 1 1 1 1 1 1 1 1 1 1 1 1 1 1 1 1 1 1 1 1 1 1 1 1 1 1 1 1 1 1 1 1 1 1 1 1 1 1 1 1 1 1 1 1 1 1 1 1 1 1 1 1 1 1 1 1 1 1 1 1 1 1 1 1 1 1 1 1 1 1 1 1 1 1 1 1 1 1 1 1 1 1 1 1 1 1 1 1 1 1 1 1 1 1 1 1 1 1 1 1 1 1 1 1 1 1 1 1 1 1 1 1 1 1 1 1 1 1 1 1 1 1 1 1 1 1 1 1 1 1 1 1 1 1 1 1 1 1 1 1 1 1 1 1 1 1 1 1 1 1 1 1 1 1 1 1 1 1 1 1 1 1 1 1 1 1 1 1 1 1 1 1 1 1 1 1 1 1 1 1 1 1 1 1 1 1 1 1 1 1 1 1 1 1 1 1 1 1 1 1 1 1 1 1 1 1 1 1 1 1 1 1 1 1 1 1 1 1 1 1 1 1 1 1 1 1 1 1 1 1 1 1 1 1 1 1 1 1 1 1 1 1 1 1 1 1 1 1 1 1 1 1 1 1 1 1 1 1 1 1 1 1 1 1 1 1 1 1 1 1 1 1 1 1 1 1 1 1 1 1 1 1 1 1 1 1 1 1 1 1 1 1 1 1 1 1 1 1 1 1 1 1 1 1 1 1 1 1 1 1 1 1 1 1 1 1 1 1 1 1 1 1 1 1 1 1 1 1 1 1 1 1 1 1 1 1 1 1 1 1 1 1 1 1 1 1 1 1 1 1 1 1 1 1 1 1 1 1 1 1 1 1 1 1 1 1 1 1 1 1 1 1 1 1 1 1 1 1 1 1 1 1 1 1 1 1 1 1 1 1 1 1 1 1 1 1 1 1 1 1 1 1 1 1 1 1 1 1 1 1 1 1 1 1 1 1 1 1 1 1 1 1 1 1 1 1 1 1 1 1 1 1 1 1 1 1 1 1 1 1 1 1 1 1 1 1 1 1 1 1 1 1 1 1 1 1 1 1 1 1 1 1 1 1 1 1 1 1 1 1 1 1 1 1 1 1 1 1 1 1 1 1 1 1 1 1 1 1 1 1 1 1 1 1 1 1 1 1 1 1 1 1 1 1 1 1 1 1 1 1 1 1 1 1 1 1 1 1 1 1 1 1 1 1 1 1 1 1 1 1 1 1 1 1 1 1 1 1 1 1 1 1 1 1 1 1 1 1 1 1 1 1 1 1 1 1 1 1 1 1 1 1 1 1 1 1 1 1 1 1 1 1 1 1 1 1 1 1 1 1 1 1 1 1 1 1 1 1 1 1 1 1 1 1 1 1 1 1 1 1 1 1 1 1 1 1 1 1 1 1 1 1 1 1 1 1 1 1 1 1 1 1 1 1 1 1 1 1 1 1 1 1 1 1 1 1 1 1 1 1 1 1 1 1 1 1 1 1 1 1 1 1 1 1 1 1 1 1 1 1 1 1 1 1 1 1 1 1 1 1 1 1 1 1 1 1 1 1 1 1 1 1 1 1 1 1 1 1 1 1 1 1 1 1 1 1 1 1 1 1 1 1 1 1 1 1 1 1 1 1 1 1 1 1 1 1 1 1 1 1 1 1 1 1 1 1 1 1 1 1 1 1 1 1 1 1 1 1 1 1 1 1 1 1 1 1 1 1 1 1 1 1 1 1 1 1 1 1 1 1 1 1 1 1 1 1 1 1 1 1 1 1 1 1 1 1 1 1 1 1 1 1 1 1 1 1 1 1 1 1 1 1 1 1 1 1 1 1 1 1 1 1 1 1 1 1 1 1 1 1 1 1 1 1 1 1 1 1 1 1 1 1 1 1 1 1 1 1 1 1 1 1 1 1 1 1 1 1 1 1 1 1 1 1 1 1 1 1 1 1 1 1 1 1 1 1 1 1 1 1 1 1 1 1 1 1 1 1 1 1 1 1 1 1 1 1 1 1 1 1 1 1 1 1 1 1 1 1 1 1 1 1 1 1 1 1 1 1 1 1 1 1 1 1 1 1 1 1 1 1 1 1 1 1 1 1 1 1 1 1 1 1 1 1 1 1 1 1 1 1 1 1 1 1 1 1 1 1 1 1 1 1 1 1 1 1 1 1 1 1 1 1 1 1 1 1 1 1 1 1 1 1 1 1 1 1 1 1 1 1 1 1 1 1 1 1 1 1 1 1 1 1 1 1 1 1 1 1 1 1 1 1 1 1 1 1 1 1 1 1 1 1 1 1 1 1 1 1 1 1 1 1 1 1 1 1 1 1 1 1 1 1 1 1 1 1 1 1 1 1 1 1 1 1 1 1 1 1 1 1 1 1 1 1 1 1 1 1 1 1 1 1 1 1 1 1 1 1 1 1 1 1 1 1 1 1 1 1 1 1 1 1 1 1 1 1 1 1 1 1 1 1 1 1 1 1 1 1 1 1 1 1 1 1 1 1 1 1 1 1 1 1 1 1 1 1 1 1 1 1 1 1 1 1 1 1 1 1 1 1 1 1 1 1 1 1 1 1 1 1 1 1 1 1 1 1 1 1 1 1 1 1 1 1 1 1 1 1 1 1 1 1 1 1 1 1 1 1 1 1 1 1 1 1 1 1 1 1 1 1 1 1 1 1 1 1 1 1 1 1 1 1 1 1 1 1 1 1 1 1 1 1 1 1 1 1 1 1 1 1 1 1 1 1 1 1 1 1 1 1 1 1 1 1 1 1 1 1 1 1 1 1 1 1 1 1 1 1 1 1 1 1 1 1 1 1 1 1 1 1 1 1 1 1 1 1 1 1 1 1 1 1 1 1 1 1 1 1 1 1 1 1 1 1 1 1 1 1 1 1 1 1 1 1 1 1 1 1 1 1 1 1 1 1 1 1 1 1 1 1 1 1 1 1 1 1 1 1 1 1 1 1 1 1 1 1 1 1 1 1 1 1 1 1 1 1 1 1 1 1 1 1 1 1 1 1 1 1 1 1 1 1 1 1 1 1 1 1 1 1 1 1 1 1 1 1 1 1 1 1 1 1 1 1 1 1 1 1 1 1 1 1 1 1 1 1 1 1 1 1 1 1 1 1 1 1 1 1 1 1 1 1 1 1 1 1 1 1 1 1 1 1 1 1 1 1 1 1 1 1 1 1 1 1 1 1 1 1 1 1 1 1 1 1 1 1 1 1 1 1 1 1 1 1 1 1 1 1 1 1 1 1 1 1 1 1 1 1 1 1 1 1 1 1 1 1 1 1 1 1 1 1 1 1 1 1 1 1 1 1 1 1 1 1 1 1 1 1 1 1 1 1 1 1 1 1 1 1 1 1 1 1 1 1 1 1 1 1 1 1 1 1 1 1 1 1 1 1 1 1 1 1 1 1 1 1 1 1 1 1 1 1 1 1 1 1 1 1 1 1 1 1 1 1 1 1 1 1 1 1 1 1 1 1 1 1 1 1 1 1 1 1 1 1 1 1 1 1 1 1 1 1 1 1 1 1 1 1 1 1 1 1 1 1 1 1 1 1 1 1 1 1 1 1 1 1 1 1 1 1 1 1 1 1 1 1 1 1 1 1 1 1 1 1 1 1 1 1 1 1 1 1 1 1 1 1 1 1 1 1 1 1 1 1 1 1 1 1 1 1 1 1 1 1 1 1 1 1 1 1 1 1 1 1 1 1 1 1 1 1 1 1 1 1 1 1 1 1 1 1 1 1 1 1 1 1 1 1 1 1 1 1 1 1 1 1 1 1 1 1 1 1 1 1 1 1 1 1 1 1 1 1 1 1 1 1 1 1 1 1 1 1 1 1 1 1 1 1 1 1 1 1 1 1 1 1 1 1 1 1 1 1 1 1 1 1 1 1 1 1 1 1 1 1 1 1 1 1 1 1 1 1 1 1 1 1 1 1 1 1 1 1 1 1 1 1 1 1 1 1 1 1 1 1 1 1 1 1 1 1 1 1 1 1 1 1 1 1 1 1 1 1 1 1 1 1 1 1 1 1 1 1 1 1 1 1 1 1 1 1 1 1 1 1 1 1 1 1 1 1 1 1 1 1 1 1 1 1 1 1 1 1 1 1 1 1 1 1 1 1 1 1 1 1 1 1 1 1 1 1 1 1 1 1 1 1 1 1 1 1 1 1 1 1 1 1 1 1 1 1 1 1 1 1 1 1 1 1 1 1 1 1 1 1 1 1 1 1 1 1 1 1 1 1 1 1 1 1 1 1 1 1 1 1 1 1 1 1 1 1 1 1 1 1 1 1 1 1 1 1 1 1 1 1 1 1 1 1 1 1 1 1 1 1 1 1 1 1 1 1 1 1 1 1 1 1 1 1 1 1 1 1 1 1 1 1 1 1 1 1 1 1 1 1 1 1 1 1 1 1 1 1 1 1 1 1 1 1 1 1 1 1 1 1 1 1 1 1 1 1 1 1 1 1 1 1 1 1 1 1 1 1 1 1 1 1 1 1 1 1 1 1 1 1 1 1 1 1 1 1 1 1 1 1 1 1 1 1 1 1 1 1 1 1 1 1 1 1 1 1 1 1 1 1 1 1 1 1 1 1 1 1 1 1 1 1 1 1 1 1 1 1 1 1 1 1 1 1 1 1 1 1 1 1 1 1 1 1 1 1 1 1 1 1 1 1 1 1 1 1 1 1 1 1 1 1 1 1 1 1 1 1 1 1 1 1 1 1 1 1 1 1 1 1 1 1 1 1 1 1 1 1 1 1 1 1 1 1 1 1 1 1 1 1 1 1 1 1 1 1 1 1 1 1 1 1 1 1 1 1 1 1 1 1 1 1 1 1 1 1 1 1 1 1 1 1 1 1 1 1 1 1 1 1 1 1 1 1 1 1 1 1 1 1 1 1 1 1 1 1 1 1 1 1 1 1 1 1 1 1 1 1 1 1 1 1 1 1 1 1 1 1 1 1 1 1 1 1 1 1 1 1 1 1 1 1 1 1 1 1 1 1 1 1 1 1 1 1 1 1 1 1 1 1 1 1 1 1 1 1 1 1 1 1 1 1 1 1 1 1 1 1 1 1 1 1 1 1 1 1 1 1 1 1 1 1 1 1 1 1 1 1 1 1 1 1 1 1 1 1 1 1 1 1 1 1 1 1 1 1 1 1 1 1 1 1 1 1 1 1 1 1 1 1 1 1 1 1 1 1 1 1 1 1 1 1 1 1 1 1 1 1 1 1 1 1 1 1 1 1 1 1 1 1 1 1 1 1 1 1 1 1 1 1 1 1 1 1 1 1 1 1 1 1 1 1 1 1 1 1 1 1 1 1 1 1 1 1 1 1 1 1 1 1 1 1 1 1 1 1 1 1 1 1 1 1 1 1 1 1 1 1 1 1 1 1 1 1 1 1 1 1 1 1 1 1 1 1 1 1 1 1 1 1 1 1 1 1 1 1 1 1 1 1 1 1 1 1 1 1 1 1 1 1 1 1 1 1 1 1 1 1 1 1 1 1 1 1 1 1 1 1 1 1 1 1 1 1 1 1 1 1 1 1 1 1 1 1 1 1 1 1 1 1 1 1 1 1 1 1 1 1 1 1 1 1 1 1 1 1 1 1 1 1 1 1 1 1 1 1 1 1 1 1 1 1 1 1 1 1 1 1 1 1 1 1 1 1 1 1 1 1 1 1 1 1 1 1 1 1 1 1 1 1 1 1 1 1 1 1 1 1 1 1 1 1 1 1 1 1 1 1 1 1 1 1 1 1 1 1 1 1 1 1 1 1 1 1 1 1 1 1 1 1 1 1 1 1 1 1 1 1 1 1 1 1 1 1 1 1 1 1 1 1 1 1 1 1 1 1 1 1 1 1 1 1 1 1 1 1 1 1 1 1 1 1 1 1 1 1 1 1 1 1 1 1 1 1 1 1 1 1 1 1 1 1 1 1 1 1 1 1 1 1 1 1 1 1 1 1 1 1 1 1 1 1 1 1 1 1 1 1 1 1 1 1 1 1 1 1 1 1 1 1 1 1 1 1 1 1 1 1 1 1 1 1 1 1 1 1 1 1 1 1 1 1 1 1 1 1 1 1 1 1 1 1 1 1 1 1 1 1 1 1 1 1 1 1 1 1 1 1 1 1 1 1 1 1 1 1 1 1 1 1 1 1 1 1 1 1 1 1 1 1 1 1 1 1 1 1 1 1 1 1 1 1 1 1 1 1 1 1 1 1 1 1 1 1 1 1 1 1 1 1 1 1 1 1 1 1 1 1 1 1 1 1 1 1 1 1 1 1 1 1 1 1 1 1 1 1 1 1 1 1 1 1 1 1 1 1 1 1 1 1 1 1 1 1 1 1 1 1 1 1 1 1 1 1 1 1 1 1 1 1 1 1 1 1 1 1 1 1 1 1 1 1 1 1 1 1 1 1 1 1 1 1 1 1 1 1 1 1 1 1 1 1 1 1 1 1 1 1 1 1 1 1 1 1 1 1 1 1 1 1 1 1 1 1 1 1 1 1 1 1 1 1 1 1 1 1 1 1 1 1 1 1 1 1 1 1 1 1 1 1 1 1 1 1 1 1 1 1 1 1 1 1 1 1 1 1 1 1 1 1 1 1 1 1 1 1 1 1 1 1 1 1 1 1 1 1 1 1 1 1 1 1 1 1 1 1 1 1 1 1 1 1 1 1 1 1 1 1 1 1 1 1 1 1 1 1 1 1 1 1 1 1 1 1 1 1 1 1 1 1 1 1 1 1 1 1 1 1 1 1 1 1 1 1 1 1 1 1 1 1 1 1 1 1 1 1 1 1 1 1 1 1 1 1 1 1 1 1 1 1 1 1 1 1 1 1 1 1 1 1 1 1 1 1 1 1 1 1 1 1 1 1 1 1 1 1 1 1 1 1 1 1 1 1 1 1 1 1 1 1 1 1 1 1 1 1 1 1 1 1 1 1 1 1 1 1 1 1 1 1 1 1 1 1 1 1 1 1 1 1 1 1 1 1 1 1 1 1 1 1 1 1 1 1 1 1 1 1 1 1 1 1 1 1 1 1 1 1 1 1 1 1 1 1 1 1 1 1 1 1 1 1 1 1 1 1 1 1 1 1 1 1 1 1 1 1 1 1 1 1 1 1 1 1 1 1 1 1 1 1 1 1 1 1 1 1 1 1 1 1 1 1 1 1 1 1 1 1 1 1 1 1 1 1 1 1 1 1 1 1 1 1 1 1 1 1 1 1 1 1 1 1 1 1 1 1 1 1 1 1 1 1 1 1 1 1 1 1 1 1 1 1 1 1 1 1 1 1 1 1 1 1 1 1 1 1 1 1 1 1 1 1 1 1 1 1 1 1 1 1 1 1 1 1 1 1 1 1 1 1 1 1 1 1 1 1 1 1 1 1 1 1 1 1 1 1 1 1 1 1 1 1 1 1 1 1 1 1 1 1 1 1 1 1 1 1 1 1 1 1 1 1 1 1 1 1 1 1 1 1 1 1 1 1 1 1 1 1 1 1 1 1 1 1 1 1 1 1 1 1 1 1 1 1 1 1 1 1 1 1 1 1 1 1 1 1 1 1 1 1 1 1 1 1 1 1 1 1 1 1 1 1 1 1 1 1 1 1 1 1 1 1 1 1 1 1 1 1 1 1 1 1 1 1 1 1 1 1 1 1 1 1 1 1 1 1 1 1 1 1 1 1 1 1 1 1 1 1 1 1 1 1 1 1 1 1 1 1 1 1 1 1 1 1 1 1 1 1 1 1 1 1 1 1 1 1 1 1 1 1 1 1 1 1 1 1 1 1 1 1 1 1 1 1 1 1 1 1 1 1 1 1 1 1 1 1 1 1 1 1 1 1 1 1 1 1 1 1 1 1 1 1 1 1 1 1 1 1 1 1 1 1 1 1 1 1 1 1 1 1 1 1 1 1 1 1 1 1 1 1 1 1 1 1 1 1 1 1 1 1 1 1 1 1 1 1 1 1 1 1 1 1 1 1 1 1 1 1 1 1 1 1 1 1 1 1 1 1 1 1 1 1 1 1 1 1 1 1 1 1 1 1 1 1 1 1 1 1 1 1 1 1 1 1 1 1 1 1 1 1 1 1 1 1 1 1 1 1 1 1 1 1 1 1 1 1 1 1 1 1 1 1 1 1 1 1 1 1 1 1 1 1 1 1 1 1 1 1 1 1 1 1 1 1 1 1 1 1 1 1 1 1 1 1 1 1 1 1 1 1 1 1 1 1 1 1 1 1 1 1 1 1 1 1 1 1 1 1 1 1 1 1 1 1 1 1 1 1 1 1 1 1 1 1 1 1 1 1 1 1 1 1 1 1 1 1 1 1 1 1 1 1 1 1 1 1 1 1 1 1 1 1 1 1 1 1 1 1 1 1 1 1 1 1 1 1 1 1 1 1 1 1 1 1 1 1 1 1 1 1 1 1 1 1 1 1 1 1 1 1 1 1 1 1 1 1 1 1 1 1 1 1 1 1 1 1 1 1 1 1 1 1 1 1 1 1 1 1 1 1 1 1 1 1 1 1 1 1 1 1 1 1 1 1 1 1 1 1 1 1 1 1 1 1 1 1 1 1 1 1 1 1 1 1 1 1 1 1 1 1 1 1 1 1 1 1 1 1 1 1 1 1 1 1 1 1 1 1 1 1 1 1 1 1 1 1 1 1 1 1 1 1 1 1 1 1 1 1 1 1 1 1 1 1 1 1 1 1 1 1 1 1 1 1 1 1 1 1 1 1 1 1 1 1 1 1 1 1 1 1 1 1 1 1 1 1 1 1 1 1 1 1 1 1 1 1 1 1 1 1 1 1 1 1 1 1 1 1 1 1 1 1 1 1 1 1 1 1 1 1 1 1 1 1 1 1 1 1 1 1 1 1 1 1 1 1 1 1 1 1 1 1 1 1 1 1 1 1 1 1 1 1 1 1 1 1 1 1 1 1 1 1 1 1 1 1 1 1 1 1 1 1 1 1 1 1 1 1 1 1 1 1 1 1 1 1 1 1 1 1 1 1 1 1 1 1 1 1 1 1 1 1 1 1 1 1 1 1 1 1 1 1 1 1 1 1 1 1 1 1 1 1 1 1 1 1 1 1 1 1 1 1 1 1 1 1 1 1 1 1 1 1 1 1 1 1 1 1 1 1 1 1 1 1 1 1 1 1 1 1 1 1 1 1 1 1 1 1 1 1 1 1 1 1 1 1 1 1 1 1 1 1 1 1 1 1 1 1 1 1 1 1 1 1 1 1 1 1 1 1 1 1 1 1 1 1 1 1 1 1 1 1 1 1 1 1 1 1 1 1 1 1 1 1 1 1 1 1 1 1 1 1 1 1 1 1 1 1 1 1 1 1 1 1 1 1 1 1 1 1 1 1 1 1 1 1 1 1 1 1 1 1 1 1 1 1 1 1 1 1 1 1 1 1 1 1 1 1 1 1 1 1 1 1 1 1 1 1 1 1 1 1 1 1 1 1 1 1 1 1 1 1 1 1 1 1 1 1 1 1 1 1 1 1 1 1 1 1 1 1 1 1 1 1 1 1 1 1 1 1 1 1 1 1 1 1 1 1 1 1 1 1 1 1 1 1 1 1 1 1 1 1 1 1 1 1 1 1 1 1 1 1 1 1 1 1 1 1 1 1 1 1 1 1 1 1 1 1 1 1 1 1 1 1 1 1 1 1 1 1 1 1 1 1 1 1 1 1 1 1 1 1 1 1 1 1 1 1 1 1 1 1 1 1 1 1 1 1 1 1 1 1 1 1 1 1 1 1 1 1 1 1 1 1 1 1 1 1 1 1 1 1 1 1 1 1 1 1 1 1 1 1 1 1 1 1 1 1 1 1 1 1 1 1 1 1 1 1 1 1 1 1 1 1 1 1 1 1 1 1 1 1 1 1 1 1 1 1 1 1 1 1 1 1 1 1 1 1 1 1 1 1 1 1 1 1 1 1 1 1 1 1 1 1 1 1 1 1 1 1 1 1 1 1 1 1 1 1 1 1 1 1 1 1 1 1 1 1 1 1 1 1 1 1 1 1 1 1 1 1 1 1 1 1 1 1 1 1 1 1 1 1 1 1 1 1 1 1 1 1 1 1 1 1 1 1 1 1 1 1 1 1 1 1 1 1 1 1 1 1 1 1 1 1 1 1 1 1 1 1 1 1 1 1 1 1 1 1 1 1 1 1 1 1 1 1 1 1 1 1 1 1 1 1 1 1 1 1 1 1 1 1 1 1 1 1 1 1 1 1 1 1 1 1 1 1 1 1 1 1 1 1 1 1 1 1 1 1 1 1 1 1 1 1 1 1 1 1 1 1 1 1 1 1 1 1 1 1 1 1 1 1 1 1 1 1 1 1 1 1 1 1 1 1 1 1 1 1 1 1 1 1 1 1 1 1 1 1 1 1 1 1 1 1 1 1 1 1 1 1 1 1 1 1 1 1 1 1 1 1 1 1 1 1 1 1 1 1 1 1 1 1 1 1 1 1 1 1 1 1 1 1 1 1 1 1 1 1 1 1 1 1 1 1 1 1 1 1 1 1 1 1 1 1 1 1 1 1 1 1 1 1 1 1 1 1 1 1 1 1 1 1 1 1 1 1 1 1 1 1 1 1 1 1 1 1 1 1 1 1 1 1 1 1 1 1 1 1 1 1 1 1 1 1 1 1 1 1 1 1 1 1 1 1 1 1 1 1 1 1 1 1 1 1 1 1 1 1 1 1 1 1 1 1 1 1 1 1 0 0 0 1 0 0 0 1 0 0 0 1 0 0 0 1 0 0 0 1 0 0 0 1 0 0 0 1 0 0 0 1 1 1 1 1 1 1 1 1 1 1 1 1 1 1 1 1 1 1 1 1 1 1 1 1 1 1 1 1 1 1 1 1 1 1 1 1 1 1 1 1 1 1 1 1 1 1 1 1 1 1 1 1 1 1 1 1 1 1 1 1 1 1 1 1 1 1 1 1 1 1 1 1 1 1 1 1 1 1 1 1 1 1 1 1 1 1 1 1 1 1 1 1 1 1 1 1 1 1 1 1 1 1 1 1 1 1 1 1 1 1 1 1 1 1 1 1 1 1 1 1 1 1 1 1 1 1 1 1 1 1 1 1 1 1 1 1 1 1 1 1 1 1 1 1 1 1 1 1 1 1 1 1 1 1 1 1 1 1 1 1 1 1 1 1 1 1 1 1 1 1 1 1 1 1 1 1 1 1 1 1 1 1 1 1 1 1 1 1 1 1 1 1 1 1 1 1 1 1 1 1 1 1 1 1 1 1 1 1 1 1 1 1 1 1 1 1 1 1 1 1 1 1 1 1 1 1 1 1 1 1 1 1 1 1 1 1 1 1 1 1 1 1 1 1 1 1 1 1 1 1 1 1 1 1 1 1 1 1 1 1 1 1 1 1 1 1 1 1 1 1 1 1 1 1 1 1 1 1 1 1 1 1 1 1 1 1 1 1 1 1 1 1 1 1 1 1 1 1 1 1 1 1 1 1 1 1 1 1 1 1 1 1 1 1 1 1 1 1 1 1 1 1 1 1 1 1 1 1 1 1 1 1 1 1 1 1 1 1 1 1 1 1 1 1 1 1 1 1 1 1 1 1 1 1 1 1 1 1 1 1 1 1 1 1 1 1 1 1 1 1 1 1 1 1 1 1 1 1 1 1 1 1 1 1 1 1 1 1 1 1 1 1 1 1 1 1 1 1 1 1 1 1 1 1 1 1 1 1 1 1 1 1 1 1 1 1 1 1 1 1 1 1 1 1 1 1 1 1 1 1 1 1 1 1 1 1 1 1 1 1 1 1 1 1 1 1 1 1 1 1 1 1 1 1 1 1 1 1 1 1 1 1 1 1 1 1 1 1 1 1 1 1 1 1 1 1 1 1 1 1 1 1 1 1 1 1 1 1 1 1 1 1 1 1 1 1 1 1 1 1 1 1 1 1 1 1 1 1 1 1 1 1 1 1 1 1 1 1 1 1</float_array>
          <technique_common>
            <accessor source="#TrunkBottom__mPltTreeOakTrunk-color-array" count="1783" stride="4">
              <param name="R" type="float" />
              <param name="G" type="float" />
              <param name="B" type="float" />
              <param name="A" type="float" />
            </accessor>
          </technique_common>
        </source>
        <source id="TrunkBottom__mPltTreeOakTrunk-texcoord">
          <float_array id="TrunkBottom__mPltTreeOakTrunk-texcoord-array" count="3566">0.9135716 0.07754755 0.9329203 0.07586902 0.9299905 0.09653002 0.02099673 0.03735465 0.004150517 0.02926725 0.004150517 0.01004058 0.9940794 0.02819908 0.9712515 0.03628653 0.9940794 0.008972466 0.8993499 0.1408734 0.9299905 0.09653002 0.9626454 0.09988707 0.9626454 0.09988707 0.9400006 0.1661733 0.8993499 0.1408734 0.9135716 0.07754755 0.9185156 0.06857508 0.9329203 0.07586902 0.05999939 0.1661733 0.07473983 0.2240669 0.06863613 0.2241279 0.4337291 0.1158177 0.4467299 0.09591967 0.4523453 0.1132237 0.4523453 0.1132237 0.4467299 0.09591967 0.4743492 0.1012299 0.4743492 0.1012299 0.4764245 0.07779169 0.4869533 0.08447522 0.4869533 0.08447522 0.4764245 0.07779169 0.5019074 0.06878871 0.4958647 0.06042665 0.5019074 0.06878871 0.4764245 0.07779169 0.3430586 0.112247 0.3498031 0.09591967 0.3620716 0.1154515 0.3253578 0.1058382 0.3498031 0.09591967 0.3430586 0.112247 0.294412 0.07916504 0.318949 0.08301038 0.3116855 0.09283733 0.318949 0.08301038 0.294412 0.07916504 0.2945647 0.0671407 0.4235359 0.03161716 0.4538408 0.044496 0.4314402 0.04928738 0.4235359 0.03161716 0.3971374 0.03357035 0.3971374 0.01983702 0.3971374 0.03357035 0.3730277 0.03189182 0.3971374 0.01983702 0.3638417 0.04968411 0.3422651 0.04541153 0.3730277 0.03189182 0.4235359 0.03161716 0.3971374 0.01983702 0.4123966 0.01788384 0.4527116 0.005981624 0.4379406 0.01928771 0.4123966 0.01788384 0.3971374 0.01983702 0.3730277 0.03189182 0.38258 0.01736504 0.313303 0.03265482 0.3360698 0.03195286 0.3422651 0.04541153 0.4123966 0.01788384 0.3971374 0.01983702 0.3971374 0.0003051758 0.4123966 0.01788384 0.3971374 0.0003051758 0.4527116 0.005981624 0.3971374 0.0003051758 0.3971374 0.01983702 0.38258 0.01736504 0.3730277 0.03189182 0.3562426 0.01904356 0.38258 0.01736504 0.3541978 0.0110172 0.3971374 0.0003051758 0.38258 0.01736504 0.38258 0.01736504 0.3562426 0.01904356 0.3541978 0.0110172 0.3971374 0.1174352 0.3612781 0.1657155 0.3620716 0.1154515 0.5019074 0.06878871 0.501175 0.08682513 0.4869533 0.08447522 0.4523453 0.1132237 0.4362621 0.1657155 0.4337291 0.1158177 0.3005463 0.1462142 0.2938017 0.1179235 0.3430586 0.112247 0.3116855 0.09283733 0.2947173 0.09680474 0.294412 0.07916504 0.4337291 0.1158177 0.4362621 0.1657155 0.3971374 0.1174352 0.3430586 0.112247 0.2938017 0.1179235 0.3253578 0.1058382 0.4743492 0.1012299 0.4467299 0.09591967 0.4764245 0.07779169 0.4538408 0.044496 0.4235359 0.03161716 0.4586932 0.03146458 0.469039 0.0158391 0.4586932 0.03146458 0.4379406 0.01928771 0.4538408 0.044496 0.4586932 0.03146458 0.4824671 0.02871794 0.3261513 0.02319407 0.3360698 0.03195286 0.313303 0.03265482 0.4379406 0.01928771 0.4235359 0.03161716 0.4123966 0.01788384 0.4527116 0.005981624 0.469039 0.0158391 0.4379406 0.01928771 0.3541978 0.0110172 0.3562426 0.01904356 0.3261513 0.02319407 0.4379406 0.01928771 0.4586932 0.03146458 0.4235359 0.03161716 0.3562426 0.01904356 0.3360698 0.03195286 0.3261513 0.02319407 0.4743492 0.1012299 0.4982757 0.1146581 0.4523453 0.1132237 0.6400952 0.1120334 0.6530961 0.08996856 0.6587115 0.1079134 0.6587115 0.1079134 0.6530961 0.08996856 0.6815088 0.101352 0.6815088 0.101352 0.6827906 0.08111823 0.6928312 0.09884948 0.6928312 0.09884948 0.6827906 0.08111823 0.7080294 0.07812738 0.7008271 0.05618459 0.7080294 0.07812738 0.6827906 0.08111823 0.5494247 0.1069369 0.5561693 0.08996856 0.5684378 0.1106601 0.531724 0.103061 0.5561693 0.08996856 0.5494247 0.1069369 0.5019074 0.06878871 0.5308084 0.07770014 0.5146336 0.08474988 0.5308084 0.07770014 0.5019074 0.06878871 0.5066683 0.06051821 0.6299021 0.03207493 0.6602069 0.0426954 0.6378064 0.04748678 0.6649373 0.02356029 0.6602069 0.0426954 0.6299021 0.03207493 0.6602069 0.0426954 0.6649373 0.02356029 0.6782433 0.0362255 0.6299021 0.03207493 0.603473 0.03402811 0.603473 0.02029479 0.6649373 0.02356029 0.6299021 0.03207493 0.6187628 0.0183416 0.603473 0.03402811 0.5793939 0.03234965 0.603473 0.02029479 0.5702078 0.04788357 0.5524766 0.04452652 0.5793939 0.03234965 0.6299021 0.03207493 0.603473 0.02029479 0.6187628 0.0183416 0.6440932 0.01098669 0.6649373 0.02356029 0.6187628 0.0183416 0.603473 0.02029479 0.5793939 0.03234965 0.5889462 0.01779228 0.5793939 0.03234965 0.5524766 0.04452652 0.5362102 0.03051853 0.6187628 0.0183416 0.603473 0.02029479 0.603473 0.0007629395 0.6187628 0.0183416 0.603473 0.0007629395 0.6440932 0.01098669 0.603473 0.0007629395 0.603473 0.02029479 0.5889462 0.01779228 0.5793939 0.03234965 0.5362102 0.03051853 0.5889462 0.01779228 0.5524766 0.04452652 0.5264748 0.037965 0.5362102 0.03051853 0.5531785 0.02188176 0.603473 0.0007629395 0.5889462 0.01779228 0.5889462 0.01779228 0.5362102 0.03051853 0.5531785 0.02188176 0.603473 0.1128575 0.5676443 0.1657155 0.5684378 0.1106601 0.7080294 0.07812738 0.707297 0.1027864 0.6928312 0.09884948 0.6587115 0.1079134 0.6426283 0.1657155 0.6400952 0.1120334 0.5146336 0.08474988 0.501175 0.08682513 0.5019074 0.06878871 0.6587115 0.1079134 0.7117527 0.149266 0.6426283 0.1657155 0.6400952 0.1120334 0.6426283 0.1657155 0.603473 0.1128575 0.6587115 0.1079134 0.7063814 0.1185949 0.7117527 0.149266 0.5494247 0.1069369 0.4982757 0.1146581 0.531724 0.103061 0.6815088 0.101352 0.6530961 0.08996856 0.6827906 0.08111823 0.6815088 0.101352 0.7063814 0.1185949 0.6587115 0.1079134 0.2273629 0.1148106 0.2403638 0.08996856 0.2459792 0.1106907 0.2459792 0.1106907 0.2403638 0.08996856 0.268807 0.1041597 0.268807 0.1041597 0.2700583 0.08111823 0.2805872 0.09842217 0.2805872 0.09842217 0.2700583 0.08111823 0.294412 0.07916504 0.2830897 0.06445509 0.294412 0.07916504 0.2700583 0.08111823 0.1366924 0.109714 0.1434675 0.08996856 0.1557054 0.1134373 0.0885342 0.07806635 0.1125828 0.08032471 0.1035188 0.0972625 0.1125828 0.08032471 0.0885342 0.07806635 0.09445479 0.06857508 0.2171697 0.03698844 0.2475051 0.04763937 0.225074 0.05243081 0.257149 0.02923673 0.2475051 0.04763937 0.2171697 0.03698844 0.2475051 0.04763937 0.257149 0.02923673 0.2681662 0.04147464 0.2171697 0.03698844 0.1907712 0.03897214 0.1907712 0.02523881 0.257149 0.02923673 0.2171697 0.03698844 0.2060305 0.02325511 0.1907712 0.03897214 0.1666921 0.0372631 0.1907712 0.02523881 0.157506 0.05282754 0.1358989 0.04855496 0.1666921 0.0372631 0.2171697 0.03698844 0.1907712 0.02523881 0.2060305 0.02325511 0.2363048 0.01348919 0.257149 0.02923673 0.2060305 0.02325511 0.1907712 0.02523881 0.1666921 0.0372631 0.1762444 0.02273631 0.1666921 0.0372631 0.1358989 0.04855496 0.1267434 0.02713096 0.2060305 0.02325511 0.1907712 0.02523881 0.1907712 0.005676448 0.2060305 0.02325511 0.1907712 0.005676448 0.2363048 0.01348919 0.1907712 0.005676448 0.1907712 0.02523881 0.1762444 0.02273631 0.1666921 0.0372631 0.1267434 0.02713096 0.1762444 0.02273631 0.1358989 0.04855496 0.1142918 0.03665274 0.1267434 0.02713096 0.1478317 0.01638842 0.1907712 0.005676448 0.1762444 0.02273631 0.1762444 0.02273631 0.1267434 0.02713096 0.1478317 0.01638842 0.1907712 0.1156651 0.1797235 0.1625111 0.1557054 0.1134373 0.294412 0.07916504 0.2947173 0.09680474 0.2805872 0.09842217 0.2459792 0.1106907 0.2408216 0.1625111 0.2273629 0.1148106 0.2459792 0.1106907 0.3005463 0.1462142 0.2408216 0.1625111 0.2273629 0.1148106 0.2408216 0.1625111 0.1907712 0.1156651 0.2459792 0.1106907 0.2938017 0.1179235 0.3005463 0.1462142 0.268807 0.1041597 0.2403638 0.08996856 0.2700583 0.08111823 0.268807 0.1041597 0.2938017 0.1179235 0.2459792 0.1106907 0.8464614 0.1140782 0.8594317 0.09323406 0.8650777 0.1114841 0.8996552 0.09564501 0.8891568 0.07910401 0.9135716 0.07754755 0.7557909 0.1105075 0.7625355 0.09323406 0.7748039 0.113712 0.7380902 0.1058382 0.7625355 0.09323406 0.7557909 0.1105075 0.7080294 0.07812738 0.7316813 0.08032471 0.724662 0.1010773 0.7316813 0.08032471 0.7080294 0.07812738 0.7175817 0.06381422 0.8933988 0.03964353 0.871395 0.03683585 0.8762475 0.02606279 0.8362682 0.03698844 0.8098392 0.03897214 0.8098392 0.02523881 0.8098392 0.03897214 0.78576 0.0372631 0.8098392 0.02523881 0.776574 0.05282754 0.7577441 0.04855496 0.78576 0.0372631 0.8362682 0.03698844 0.8098392 0.02523881 0.8250984 0.02325511 0.8553728 0.01348919 0.850673 0.02465898 0.8250984 0.02325511 0.8098392 0.02523881 0.78576 0.0372631 0.7953123 0.02273631 0.7415998 0.03143406 0.7553942 0.03643912 0.7577441 0.04855496 0.8250984 0.02325511 0.8098392 0.02523881 0.8098392 0.005676448 0.8250984 0.02325511 0.8098392 0.005676448 0.8553728 0.01348919 0.8098392 0.005676448 0.8098392 0.02523881 0.7953123 0.02273631 0.78576 0.0372631 0.7689749 0.02444535 0.7953123 0.02273631 0.7669302 0.01638842 0.8098392 0.005676448 0.7953123 0.02273631 0.7953123 0.02273631 0.7689749 0.02444535 0.7669302 0.01638842 0.8098392 0.1156957 0.7796564 0.1625111 0.7748039 0.113712 0.9299905 0.09653002 0.8996552 0.09564501 0.9135716 0.07754755 0.7117527 0.149266 0.7063814 0.1185949 0.7557909 0.1105075 0.724662 0.1010773 0.707297 0.1027864 0.7080294 0.07812738 0.8464614 0.1140782 0.8339183 0.1625111 0.8098392 0.1156957 0.7557909 0.1105075 0.7063814 0.1185949 0.7380902 0.1058382 0.8762475 0.02606279 0.871395 0.03683585 0.850673 0.02465898 0.8665731 0.04763937 0.871395 0.03683585 0.8933988 0.03964353 0.78576 0.0372631 0.7553942 0.03643912 0.7689749 0.02444535 0.7553942 0.03643912 0.78576 0.0372631 0.7577441 0.04855496 0.7489242 0.02612382 0.7553942 0.03643912 0.7415998 0.03143406 0.850673 0.02465898 0.8362682 0.03698844 0.8250984 0.02325511 0.8553728 0.01348919 0.8762475 0.02606279 0.850673 0.02465898 0.7669302 0.01638842 0.7689749 0.02444535 0.7489242 0.02612382 0.7689749 0.02444535 0.7553942 0.03643912 0.7489242 0.02612382 0.9940794 0.02819908 0.9940794 0.04007083 0.9712515 0.03628653 0.02099673 0.03735465 0.004150517 0.04113895 0.004150517 0.02926725 0.1113926 0.2238533 0.1262856 0.1625111 0.1174963 0.2238228 0.1113926 0.2238533 0.09314249 0.1643422 0.1262856 0.1625111 0.128544 0.8070925 0.2083804 0.8278451 0.2057558 0.8355052 0.1044954 0.8572955 0.1102634 0.8373669 0.1988891 0.8493912 0.1102634 0.8373669 0.2028565 0.8453017 0.1988891 0.8493912 0.7574389 0.4958342 0.7976623 0.5426496 0.7260354 0.5162816 0.7976623 0.5426496 0.7776116 0.547441 0.7260354 0.5162816 0.7260354 0.5162816 0.7776116 0.547441 0.7141942 0.5538499 0.7776116 0.547441 0.7694632 0.5558641 0.7141942 0.5538499 0.7141942 0.5538499 0.7694632 0.5558641 0.7165441 0.585345 0.7694632 0.5558641 0.7803278 0.587115 0.7165441 0.585345 0.7165441 0.585345 0.7803278 0.587115 0.7573779 0.6047548 0.7803278 0.587115 0.7856685 0.5986816 0.7573779 0.6047548 0.128544 0.8070925 0.1379131 0.7909787 0.2083804 0.8278451 0.1379131 0.7909787 0.2061525 0.818659 0.2083804 0.8278451 0.2057558 0.8355052 0.2083804 0.8278451 0.2710654 0.8458205 0.2710654 0.8458205 0.2083804 0.8278451 0.2723472 0.8335826 0.2057558 0.8355052 0.2710654 0.8458205 0.2028565 0.8453017 0.2710654 0.8458205 0.2686544 0.8545488 0.2028565 0.8453017 0.2028565 0.8453017 0.2686544 0.8545488 0.1988891 0.8493912 0.2686544 0.8545488 0.2627644 0.8582721 0.1988891 0.8493912 0.2061525 0.818659 0.2723472 0.8335826 0.2083804 0.8278451 0.3416547 0.8509781 0.3208716 0.8522904 0.3212683 0.8428907 0.3208716 0.8522904 0.3416547 0.8509781 0.3218177 0.8554949 0.3218177 0.8554949 0.3416547 0.8509781 0.3206275 0.860622 0.3355815 0.8297067 0.3416547 0.8509781 0.3316752 0.8329722 0.3316752 0.8329722 0.3416547 0.8509781 0.3274636 0.8366344 0.3274636 0.8366344 0.3416547 0.8509781 0.3256325 0.8393506 0.3256325 0.8393506 0.3416547 0.8509781 0.3212683 0.8428907 0.7982116 0.585345 0.8193304 0.5895261 0.7573779 0.6047548 0.7573779 0.6047548 0.8193304 0.5895261 0.7555162 0.6217841 0.7573779 0.6047548 0.7555162 0.6217841 0.6918241 0.5895261 0.7573779 0.6047548 0.6918241 0.5895261 0.7165441 0.585345 0.7555162 0.4483169 0.7574389 0.4958342 0.7149571 0.4894254 0.2129276 0.6593219 0.20777 0.6943877 0.1909543 0.6583453 0.2459182 0.49794 0.2581866 0.5309305 0.206061 0.545732 0.206061 0.545732 0.2609333 0.5329447 0.2108829 0.5530259 0.2609333 0.5329447 0.2768639 0.5452437 0.2108829 0.5530259 0.2108829 0.5530259 0.2768639 0.5452437 0.2158574 0.5721915 0.2768639 0.5452437 0.2609638 0.5833002 0.2158574 0.5721915 0.2158574 0.5721915 0.2609638 0.5833002 0.2195807 0.5828425 0.2609638 0.5833002 0.2450026 0.5913267 0.2195807 0.5828425 0.2195807 0.5828425 0.2450026 0.5913267 0.2225715 0.5899533 0.124546 0.6583453 0.1241798 0.6943877 0.1067843 0.6583453 0.1657155 0.7462691 0.1733757 0.7462691 0.1506699 0.7556383 0.04177984 0.7462691 0.0494705 0.7462691 0.06466872 0.7556383 0.3063753 0.3886227 0.3670156 0.445967 0.2972503 0.4496597 0.2290414 0.5833002 0.2450026 0.5913267 0.1920225 0.59035 0.365215 0.5452437 0.365215 0.5893124 0.3122349 0.5525681 0.3122349 0.5525681 0.365215 0.5893124 0.2979522 0.59035 0.2450026 0.5913267 0.2450026 0.6147954 0.1920225 0.59035 0.2450026 0.5913267 0.2979522 0.59035 0.2450026 0.6147954 0.2979522 0.59035 0.365215 0.5893124 0.3087558 0.6147954 0.6918241 0.5895261 0.7555162 0.6217841 0.6912748 0.6147954 0.6912748 0.6489456 0.6275216 0.6501053 0.6504105 0.669454 0.365215 0.6501053 0.3081759 0.6489456 0.3523057 0.669454 0.3084811 0.6489456 0.365215 0.6501053 0.3523057 0.669454 0.6275216 0.6501053 0.6912748 0.6489456 0.6504105 0.669454 0.2385632 0.7788019 0.2514725 0.7582324 0.2346873 0.7549669 0.2385632 0.7788019 0.2346873 0.7549669 0.2277291 0.7536241 0.2385632 0.7788019 0.2277291 0.7536241 0.2346873 0.7549669 0.2385632 0.7788019 0.2346873 0.7549669 0.2514725 0.7582324 0.2385632 0.7788019 0.2514725 0.7582324 0.2682577 0.7614673 0.2385632 0.7788019 0.2682577 0.7614673 0.2934355 0.7628101 0.7385479 0.7578967 0.7544175 0.778222 0.7552721 0.7541124 0.7552721 0.7541124 0.7544175 0.778222 0.7621998 0.7525559 0.7621998 0.7525559 0.7544175 0.778222 0.7552721 0.7541124 0.7552721 0.7541124 0.7544175 0.778222 0.7385479 0.7578967 0.7385479 0.7578967 0.7544175 0.778222 0.7218238 0.761681 0.7218238 0.761681 0.7544175 0.778222 0.7014374 0.7632374 0.4148076 0.6831263 0.5000153 0.6804407 0.5000153 0.7053133 0.5000153 0.6804407 0.587878 0.6831263 0.5000153 0.7053133 0.2450026 0.5913267 0.2609638 0.5833002 0.2979522 0.59035 0.2450026 0.4496597 0.2945341 0.4860988 0.2459182 0.49794 0.7555162 0.6217841 0.8193304 0.5895261 0.8187811 0.6147954 0.2459182 0.49794 0.2945341 0.4860988 0.2609333 0.5329447 0.7149571 0.4894254 0.7574389 0.4958342 0.7260354 0.5162816 0.8063295 0.9259621 0.7579272 0.9618518 0.8535722 0.8728294 0.8063295 0.9259621 0.8535722 0.8728294 0.8018128 0.9891354 0.8063295 0.9259621 0.768334 0.9645375 0.7579272 0.9618518 0.8063295 0.9259621 0.8018128 0.9891354 0.7902463 0.9768059 0.07623523 0.09820855 0.0885342 0.07806635 0.1035188 0.0972625 0.1366924 0.109714 0.07623523 0.09820855 0.1262856 0.1625111 0.04364147 0.1016877 0.09314249 0.1643422 0.05999939 0.1661733 0.09314249 0.1643422 0.07473983 0.2240669 0.4824671 0.02871794 0.4586932 0.03146458 0.469039 0.0158391 0.4885708 0.04782248 0.4538408 0.044496 0.4658345 0.06393629 0.3971374 0.1174352 0.4362621 0.1657155 0.3612781 0.1657155 0.4362621 0.1657155 0.3725089 0.2238228 0.4362621 0.2238228 0.603473 0.1128575 0.6426283 0.1657155 0.5676443 0.1657155 0.6300241 0.2238228 0.5676443 0.1657155 0.5637684 0.2238228 0.9061556 0.06527907 0.9135716 0.07754755 0.8891568 0.07910401 0.8996552 0.09564501 0.8594317 0.09323406 0.8650777 0.1114841 0.8665731 0.04763937 0.8362682 0.03698844 0.871395 0.03683585 0.8362682 0.03698844 0.844142 0.05243081 0.850673 0.02465898 0.871395 0.03683585 0.1909543 0.6583453 0.20777 0.6943877 0.1893979 0.6943877 0.2078311 0.6943877 0.1759392 0.7353435 0.1581469 0.6943877 0.1893979 0.6943877 0.1497848 0.7353435 0.1893979 0.6943877 0.124546 0.6583453 0.1909543 0.6583453 0.1497848 0.7353435 0.1893979 0.6943877 0.1759392 0.7353435 0.1759392 0.7353435 0.1526231 0.7462691 0.1657155 0.7462691 0.1526231 0.7462691 0.1496322 0.7556383 0.1759392 0.7353435 0.2078311 0.6943877 0.1913205 0.7353435 0.1913816 0.7353435 0.1657155 0.7462691 0.1733757 0.7462691 0.1067843 0.7353435 0.1241798 0.6943877 0.1497848 0.7353435 0.1067843 0.7353435 0.1515549 0.7462691 0.123722 0.7462691 0.1494491 0.7556383 0.1515549 0.7462691 0.0494705 0.7462691 0.06253242 0.7462691 0.06466872 0.7556383 0.06253242 0.7462691 0.03662221 0.7353435 0.06277657 0.7353435 0.03952147 0.6720786 0.03662221 0.7353435 0.008270516 0.6720786 0.06253242 0.7462691 0.07562487 0.7462691 0.06466872 0.7556383 0.08893093 0.7353435 0.06253242 0.7462691 0.06277657 0.7353435 0.3063753 0.3295694 0.3725089 0.3295694 0.3063753 0.3886227 0.3725089 0.3295694 0.3063753 0.2238228 0.3725089 0.2238228 0.3725089 0.3295694 0.4362621 0.3295694 0.3725089 0.3886227 0.4362621 0.3295694 0.3725089 0.2238228 0.4362621 0.2238228 0.1174963 0.4496597 0.1812494 0.3886227 0.1812494 0.4496597 0.1812494 0.4496597 0.1174963 0.5863521 0.1920225 0.59035 0.3725089 0.3886227 0.4362621 0.4471267 0.3670156 0.445967 0.4362621 0.4471267 0.365215 0.5452437 0.4362621 0.5893124 0.365215 0.5452437 0.4362621 0.5893124 0.365215 0.5893124 0.365215 0.5893124 0.4333323 0.6578265 0.365215 0.6501053 0.1920225 0.59035 0.2450026 0.6147954 0.1812494 0.6147954 0.2450026 0.6429639 0.1812494 0.6147954 0.1812494 0.6489456 0.2450026 0.6147954 0.2979522 0.59035 0.3087558 0.6147954 0.3087558 0.6147954 0.2450026 0.6429639 0.3084811 0.6489456 0.6912748 0.4481643 0.7555162 0.4483169 0.7149571 0.4894254 0.7550279 0.3886227 0.6912748 0.4481643 0.6912748 0.3886227 0.7550279 0.3295694 0.7550279 0.3886227 0.6912748 0.3295694 0.7606738 0.2238228 0.6969207 0.2238228 0.6275216 0.5893124 0.6918241 0.5895261 0.6912748 0.6147954 0.6918241 0.5491195 0.6275216 0.5893124 0.6275216 0.5452437 0.02099673 0.03735465 0.0519425 0.04678488 0.02679525 0.04678488 0.06451613 0.07693714 0.0519425 0.04678488 0.04364147 0.1016877 0.07623523 0.09820855 0.965331 0.0457167 0.9520859 0.0457167 0.9712515 0.03628653 0.9520859 0.0457167 0.9329203 0.07586902 0.9626454 0.09988707 0.9299905 0.09653002 0.07562487 0.7462691 0.08374279 0.7462691 0.06466872 0.7556383 0.1067843 0.7353435 0.08893093 0.7353435 0.07562487 0.7462691 0.4362621 0.3886227 0.5000153 0.4496597 0.4362621 0.4471267 0.5000153 0.5893124 0.4362621 0.5893124 0.4362621 0.4471267 0.06579791 0.04678488 0.08151494 0.06878871 0.0519425 0.04678488 0.06451613 0.07693714 0.9329203 0.07586902 0.9185156 0.06857508 0.9520859 0.0457167 0.9415265 0.04550308 0.004150517 0.05056918 0.004150517 0.04113895 0.02679525 0.04678488 0.02099673 0.03735465 0.004150517 0.01004058 0.06579791 0.04678488 0.02099673 0.03735465 0.0519425 0.04678488 0.9626454 0.09988707 0.965331 0.0457167 0.9929197 0.1017487 0.9940794 0.049501 0.9940794 0.049501 0.965331 0.0457167 0.9940794 0.04007083 0.9712515 0.03628653 0.9520859 0.0457167 0.9415265 0.04550308 0.9712515 0.03628653 0.9940794 0.008972466 0.04364147 0.1016877 0.05999939 0.1661733 0.004150517 0.1027864 0.004150517 0.1661733 0.05999939 0.1661733 0.01391644 0.2241279 0.06863613 0.2241279 0.08151494 0.06878871 0.0885342 0.07806635 0.06451613 0.07693714 0.07623523 0.09820855 0.9400006 0.1661733 0.9626454 0.09988707 0.9929197 0.1017487 0.9929502 0.1661733 0.990112 0.2264168 0.9400006 0.1661733 0.9374676 0.2264168 0.04364147 0.1016877 0.004150517 0.1027864 0.02679525 0.04678488 0.004150517 0.05056918 0.8993499 0.1408734 0.8825343 0.2238228 0.8339183 0.1625111 0.8250679 0.2238228 0.8993499 0.1408734 0.9400006 0.1661733 0.8825343 0.2238228 0.9374676 0.2264168 0.3005463 0.1462142 0.3063753 0.2238228 0.2408216 0.1625111 0.2450026 0.2238228 0.3005463 0.1462142 0.3612781 0.1657155 0.3063753 0.2238228 0.3725089 0.2238228 0.501999 0.1446272 0.5000153 0.2238228 0.4362621 0.1657155 0.4362621 0.2238228 0.501999 0.1446272 0.5676443 0.1657155 0.5000153 0.2238228 0.5637684 0.2238228 0.7117527 0.149266 0.6969207 0.2238228 0.6426283 0.1657155 0.6300241 0.2238228 0.7117527 0.149266 0.7796564 0.1625111 0.6969207 0.2238228 0.7606738 0.2238228 0.3971374 0.1174352 0.3971374 0.09927672 0.4337291 0.1158177 0.4467299 0.09591967 0.3498031 0.09591967 0.3971374 0.09927672 0.3620716 0.1154515 0.3971374 0.1174352 0.4467299 0.09591967 0.3971374 0.09927672 0.4396191 0.07620472 0.3971374 0.08078247 0.4764245 0.07779169 0.4467299 0.09591967 0.4658345 0.06393629 0.4396191 0.07620472 0.3971374 0.08078247 0.3971374 0.09927672 0.3574938 0.07614368 0.3498031 0.09591967 0.4885708 0.04782248 0.4958647 0.06042665 0.4658345 0.06393629 0.4764245 0.07779169 0.3971374 0.08078247 0.3971374 0.05215615 0.4396191 0.07620472 0.4314402 0.04928738 0.4396191 0.07620472 0.4314402 0.04928738 0.4658345 0.06393629 0.4538408 0.044496 0.3116855 0.09283733 0.318949 0.08301038 0.3253578 0.1058382 0.3498031 0.09591967 0.3971374 0.08078247 0.3574938 0.07614368 0.3971374 0.05215615 0.3638417 0.04968411 0.3574938 0.07614368 0.3498031 0.09591967 0.3295083 0.06836146 0.318949 0.08301038 0.3971374 0.05215615 0.3971374 0.03357035 0.4314402 0.04928738 0.4235359 0.03161716 0.3971374 0.05215615 0.3638417 0.04968411 0.3971374 0.03357035 0.3730277 0.03189182 0.3574938 0.07614368 0.3295083 0.06836146 0.3638417 0.04968411 0.3422651 0.04541153 0.318949 0.08301038 0.2945647 0.0671407 0.3295083 0.06836146 0.3025605 0.05493331 0.3295083 0.06836146 0.3025605 0.05493331 0.3422651 0.04541153 0.313303 0.03265482 0.3430586 0.112247 0.3620716 0.1154515 0.3005463 0.1462142 0.3612781 0.1657155 0.4982757 0.1146581 0.4743492 0.1012299 0.501175 0.08682513 0.4869533 0.08447522 0.4362621 0.1657155 0.4523453 0.1132237 0.501999 0.1446272 0.4982757 0.1146581 0.2938017 0.1179235 0.2947173 0.09680474 0.3253578 0.1058382 0.3116855 0.09283733 0.3730277 0.03189182 0.3360698 0.03195286 0.3562426 0.01904356 0.3422651 0.04541153 0.603473 0.1128575 0.603473 0.0932951 0.6400952 0.1120334 0.6530961 0.08996856 0.5561693 0.08996856 0.603473 0.0932951 0.5684378 0.1106601 0.603473 0.1128575 0.6530961 0.08996856 0.603473 0.0932951 0.6459853 0.07361066 0.603473 0.07641834 0.6827906 0.08111823 0.6530961 0.08996856 0.6722007 0.06048769 0.6459853 0.07361066 0.603473 0.07641834 0.603473 0.0932951 0.56386 0.07351911 0.5561693 0.08996856 0.691702 0.04803616 0.7008271 0.05618459 0.6722007 0.06048769 0.6827906 0.08111823 0.6459853 0.07361066 0.603473 0.07641834 0.6378064 0.04748678 0.603473 0.05035555 0.6722007 0.06048769 0.6459853 0.07361066 0.6602069 0.0426954 0.6378064 0.04748678 0.5146336 0.08474988 0.5308084 0.07770014 0.531724 0.103061 0.5561693 0.08996856 0.603473 0.05035555 0.603473 0.07641834 0.5702078 0.04788357 0.56386 0.07351911 0.56386 0.07351911 0.5561693 0.08996856 0.5413678 0.06393629 0.5308084 0.07770014 0.6782433 0.0362255 0.691702 0.04803616 0.6602069 0.0426954 0.6722007 0.06048769 0.603473 0.05035555 0.603473 0.03402811 0.6378064 0.04748678 0.6299021 0.03207493 0.603473 0.05035555 0.5702078 0.04788357 0.603473 0.03402811 0.5793939 0.03234965 0.5702078 0.04788357 0.56386 0.07351911 0.5524766 0.04452652 0.5413678 0.06393629 0.5308084 0.07770014 0.5066683 0.06051821 0.5413678 0.06393629 0.5135655 0.05859554 0.5413678 0.06393629 0.5135655 0.05859554 0.5524766 0.04452652 0.5264748 0.037965 0.7063814 0.1185949 0.6815088 0.101352 0.707297 0.1027864 0.6928312 0.09884948 0.4982757 0.1146581 0.501175 0.08682513 0.531724 0.103061 0.5146336 0.08474988 0.1907712 0.1156651 0.1907712 0.0932951 0.2273629 0.1148106 0.2403638 0.08996856 0.2700583 0.08111823 0.2403638 0.08996856 0.2594684 0.06656086 0.233253 0.07361066 0.1907712 0.07641834 0.1907712 0.0932951 0.1511277 0.07351911 0.1434675 0.08996856 0.276223 0.05606252 0.2830897 0.06445509 0.2594684 0.06656086 0.2700583 0.08111823 0.1434675 0.08996856 0.1366924 0.109714 0.1125828 0.08032471 0.1035188 0.0972625 0.233253 0.07361066 0.1907712 0.07641834 0.225074 0.05243081 0.1907712 0.05529952 0.2594684 0.06656086 0.233253 0.07361066 0.2475051 0.04763937 0.225074 0.05243081 0.1907712 0.05529952 0.1907712 0.07641834 0.157506 0.05282754 0.1511277 0.07351911 0.1511277 0.07351911 0.1434675 0.08996856 0.1231422 0.06701863 0.1125828 0.08032471 0.2681662 0.04147464 0.276223 0.05606252 0.2475051 0.04763937 0.2594684 0.06656086 0.1907712 0.05529952 0.1907712 0.03897214 0.225074 0.05243081 0.2171697 0.03698844 0.1907712 0.05529952 0.157506 0.05282754 0.1907712 0.03897214 0.1666921 0.0372631 0.157506 0.05282754 0.1511277 0.07351911 0.1358989 0.04855496 0.1231422 0.06701863 0.2938017 0.1179235 0.268807 0.1041597 0.2947173 0.09680474 0.2805872 0.09842217 0.1366924 0.109714 0.1557054 0.1134373 0.1262856 0.1625111 0.1797235 0.1625111 0.1262856 0.1625111 0.1174963 0.2238228 0.1812494 0.2238228 0.8098392 0.1156957 0.8098392 0.09659106 0.8464614 0.1140782 0.8594317 0.09323406 0.7625355 0.09323406 0.8098392 0.09659106 0.7748039 0.113712 0.8098392 0.1156957 0.8594317 0.09323406 0.8098392 0.09659106 0.8523209 0.07486188 0.8098392 0.0794397 0.8891568 0.07910401 0.8594317 0.09323406 0.8785669 0.06656086 0.8523209 0.07486188 0.8098392 0.0794397 0.8098392 0.05529952 0.8523209 0.07486188 0.844142 0.05243081 0.8523209 0.07486188 0.844142 0.05243081 0.8785669 0.06656086 0.8665731 0.04763937 0.724662 0.1010773 0.7316813 0.08032471 0.7380902 0.1058382 0.7625355 0.09323406 0.7702261 0.07480085 0.7625355 0.09323406 0.7422407 0.06701863 0.7316813 0.08032471 0.8098392 0.05529952 0.8098392 0.03897214 0.844142 0.05243081 0.8362682 0.03698844 0.8098392 0.05529952 0.776574 0.05282754 0.8098392 0.03897214 0.78576 0.0372631 0.7702261 0.07480085 0.7422407 0.06701863 0.776574 0.05282754 0.7577441 0.04855496 0.7316813 0.08032471 0.7175817 0.06381422 0.7422407 0.06701863 0.7256386 0.05200356 0.7422407 0.06701863 0.7256386 0.05200356 0.7577441 0.04855496 0.7415998 0.03143406 0.7117527 0.149266 0.7557909 0.1105075 0.7796564 0.1625111 0.7748039 0.113712 0.8339183 0.1625111 0.8464614 0.1140782 0.8993499 0.1408734 0.8650777 0.1114841 0.8650777 0.1114841 0.8996552 0.09564501 0.8993499 0.1408734 0.9299905 0.09653002 0.7063814 0.1185949 0.707297 0.1027864 0.7380902 0.1058382 0.724662 0.1010773 0.1102634 0.8373669 0.128544 0.8070925 0.2028565 0.8453017 0.2057558 0.8355052 0.280221 0.8042848 0.2781457 0.8122501 0.2115543 0.786401 0.2107303 0.791528 0.2107303 0.791528 0.2781457 0.8122501 0.2093265 0.8002564 0.2760704 0.8202155 0.2093265 0.8002564 0.2760704 0.8202155 0.2085025 0.80871 0.2739952 0.8281503 0.2085025 0.80871 0.2739952 0.8281503 0.2061525 0.818659 0.2723472 0.8335826 0.3212683 0.8428907 0.3208716 0.8522904 0.2723472 0.8335826 0.2710654 0.8458205 0.3208716 0.8522904 0.3218177 0.8554949 0.2710654 0.8458205 0.2686544 0.8545488 0.3218177 0.8554949 0.3206275 0.860622 0.2686544 0.8545488 0.2627644 0.8583026 0.280221 0.8042543 0.3355815 0.8297067 0.2781457 0.8122501 0.3316752 0.8329722 0.2781457 0.8122501 0.3316752 0.8329722 0.2760704 0.8202155 0.3274636 0.8366344 0.2760704 0.8202155 0.3274636 0.8366344 0.2739952 0.8281503 0.3256325 0.8393506 0.2739952 0.8281503 0.3256325 0.8393506 0.2723472 0.8335826 0.3212683 0.8428907 0.7860957 0.5054781 0.7574389 0.4958342 0.8187811 0.4481643 0.7555162 0.4483169 0.8187811 0.4481643 0.7550279 0.3886227 0.8187811 0.3886227 0.7550279 0.3886227 0.7550279 0.3295694 0.8187811 0.3295694 0.7606738 0.2238228 0.8250679 0.2238228 0.7165441 0.585345 0.6918241 0.5895261 0.7141942 0.5538499 0.6918241 0.5491195 0.124546 0.6583453 0.1581469 0.6943877 0.1241798 0.6943877 0.1497848 0.7353435 0.1067843 0.6583453 0.1241798 0.6943877 0.1067232 0.6943877 0.1067843 0.7353435 0.008270516 0.6720786 0.03662221 0.7353435 0.004455702 0.6943877 0.02124088 0.7353435 0.03952147 0.6720786 0.07080294 0.6720786 0.06277657 0.7353435 0.08893093 0.7353435 0.07080294 0.6720786 0.1067232 0.6943877 0.08893093 0.7353435 0.1067843 0.7353435 0.03662221 0.7353435 0.0494705 0.7462691 0.02121036 0.7353435 0.04181036 0.7462691 0.1174963 0.2238228 0.1812494 0.2238228 0.1174963 0.3295694 0.1812494 0.3295694 0.1174963 0.3295694 0.1174963 0.3886227 0.1812494 0.3886227 0.1174963 0.4496597 0.5637684 0.2238228 0.6300241 0.2238228 0.5637684 0.3295694 0.6275216 0.3295694 0.6275216 0.3886227 0.5637684 0.3886227 0.5637684 0.3295694 0.6300241 0.2238228 0.6969207 0.2238228 0.6275216 0.3295694 0.6912748 0.3295694 0.6912748 0.3886227 0.6275216 0.3886227 0.6275216 0.3295694 0.6912748 0.3886227 0.6275216 0.4496597 0.6912748 0.4481643 0.3063753 0.3886227 0.3725089 0.3295694 0.3725089 0.3886227 0.3670156 0.445967 0.3725089 0.3886227 0.4362621 0.3295694 0.4362621 0.3886227 0.4362621 0.4471267 0.8825343 0.4496597 0.8187811 0.4481643 0.8187811 0.3886227 0.8825343 0.3886227 0.8825343 0.3295694 0.8187811 0.3295694 0.8187811 0.3886227 0.8825343 0.3295694 0.8250679 0.2238228 0.8825343 0.2238228 0.9374676 0.2264168 0.8825343 0.3295694 0.990112 0.3295694 0.990112 0.2264168 0.1812494 0.4496597 0.2450026 0.3886227 0.2450026 0.4496597 0.1812494 0.4496597 0.2459182 0.49794 0.2290414 0.5329447 0.1812494 0.3886227 0.2450026 0.3886227 0.2450026 0.3295694 0.1812494 0.3295694 0.2450026 0.2238228 0.1812494 0.2238228 0.5637684 0.3886227 0.5637684 0.4496597 0.5000153 0.4496597 0.5000153 0.3886227 0.5637684 0.3295694 0.5637684 0.3886227 0.5000153 0.3295694 0.5637684 0.2238228 0.5000153 0.2238228 0.5637684 0.3886227 0.6275216 0.3886227 0.5637684 0.4496597 0.6275216 0.4496597 0.6275216 0.5452437 0.5637684 0.4496597 0.5637684 0.5893124 0.6275216 0.5893124 0.5666982 0.6578265 0.6275216 0.5893124 0.6275216 0.6501053 0.5000153 0.4496597 0.5637684 0.4496597 0.5000153 0.5893124 0.5637684 0.5893124 0.6912748 0.4481643 0.7149571 0.4894254 0.6912748 0.4890591 0.6918241 0.5491195 0.7149571 0.4894254 0.7260354 0.5162816 0.7141942 0.5538499 0.8193304 0.5895261 0.8187811 0.4481643 0.8825343 0.5863521 0.8825343 0.4496597 0.990112 0.4496597 0.9999695 0.5863521 0.8825343 0.4496597 0.8825343 0.5863521 0.1174963 0.5863521 -0.002899258 0.5863521 0.1174963 0.4496597 0.00695822 0.4496597 0.1174963 0.4496597 0.1174963 0.3886227 0.00695822 0.3295694 0.1174963 0.3295694 0.2290414 0.5833002 0.1920225 0.59035 0.2290414 0.5329447 0.1812494 0.4496597 0.8825343 0.6504105 0.8825343 0.5863521 0.9999695 0.6501053 0.9999695 0.5863521 0.1174963 0.6501053 -0.002899258 0.6501053 0.1174963 0.5863521 -0.002899258 0.5863521 0.3084811 0.6489456 0.3087558 0.6147954 0.365215 0.6501053 0.365215 0.5893124 0.4333323 0.6578265 0.4362621 0.5893124 0.5000153 0.6588336 0.5000153 0.5893124 0.5666982 0.6578265 0.5000153 0.6588336 0.5637684 0.5893124 0.5000153 0.5893124 0.6912748 0.6489456 0.6275216 0.6501053 0.6912748 0.6147954 0.6275216 0.5893124 0.6912748 0.6147954 0.7555162 0.6217841 0.6912748 0.6489456 0.7550279 0.6429639 0.8187811 0.6147954 0.8187811 0.6492813 0.7555162 0.6217841 0.7550279 0.6429639 0.5000153 0.7053133 0.6504105 0.669454 0.5000153 0.6588336 0.6275216 0.6501053 0.5000153 0.7053133 0.5000153 0.6588336 0.3523057 0.669454 0.365215 0.6501053 0.4333323 0.6578265 0.4148076 0.6831263 0.365215 0.6501053 0.3523057 0.669454 0.5000153 0.6588336 0.5000153 0.6804407 0.4333323 0.6578265 0.4148076 0.6831263 0.5000153 0.6588336 0.5666982 0.6578265 0.5000153 0.6804407 0.587878 0.6831263 0.5666982 0.6578265 0.6275216 0.6501053 0.587878 0.6831263 0.6504105 0.669454 0.3081759 0.6489456 0.2853175 0.6992401 0.3523057 0.669454 0.3290811 0.7049165 0.3081759 0.6489456 0.2450026 0.6429639 0.2853175 0.6992401 0.2353587 0.6962798 0.3084811 0.6489456 0.2853175 0.6992401 0.2450026 0.6429639 0.2353587 0.6962798 0.3084811 0.6489456 0.3523057 0.669454 0.2853175 0.6992401 0.3290811 0.7049165 0.4148076 0.6831263 0.3986938 0.7124546 0.3523057 0.669454 0.3290811 0.7049165 0.5000153 0.7053133 0.4163945 0.714835 0.4148076 0.6831263 0.3986938 0.7124546 0.3986938 0.7124546 0.3290811 0.7049165 0.2682577 0.7614673 0.2514725 0.7582324 0.3290811 0.7049165 0.2853175 0.6992401 0.2514725 0.7582324 0.2346873 0.7549669 0.2853175 0.6992401 0.2353587 0.6962798 0.2346873 0.7549669 0.2277291 0.7536241 0.2853175 0.6992401 0.2346873 0.7549669 0.2353587 0.6962798 0.2277291 0.7536241 0.3290811 0.7049165 0.2514725 0.7582324 0.2853175 0.6992401 0.2346873 0.7549669 0.3986938 0.7124546 0.2682577 0.7614673 0.3290811 0.7049165 0.2514725 0.7582324 0.4163945 0.714835 0.2934355 0.7628101 0.3986938 0.7124546 0.2682577 0.7614673 0.4163945 0.714835 0.3986938 0.7124546 0.2934355 0.7628101 0.2682577 0.7614673 0.2934355 0.7628101 0.2682577 0.7614673 0.2385632 0.7788019 0.2514725 0.7582324 0.6622517 0.7095554 0.7195349 0.6992401 0.6504105 0.669454 0.6912748 0.6489456 0.6912748 0.6489456 0.7195349 0.6992401 0.7550279 0.6429639 0.7529221 0.6962798 0.7529221 0.6962798 0.7195349 0.6992401 0.7550279 0.6429639 0.6912748 0.6489456 0.6912748 0.6489456 0.7195349 0.6992401 0.6504105 0.669454 0.6622517 0.7095554 0.6622517 0.7095554 0.6039918 0.7124546 0.6504105 0.669454 0.587878 0.6831263 0.6039918 0.7124546 0.5862911 0.714835 0.587878 0.6831263 0.5000153 0.7053133 0.6039918 0.7124546 0.7218238 0.761681 0.6622517 0.7095554 0.7385479 0.7578967 0.6622517 0.7095554 0.7385479 0.7578967 0.7195349 0.6992401 0.7552721 0.7541124 0.7195349 0.6992401 0.7552721 0.7541124 0.7529221 0.6962798 0.7621998 0.7525559 0.7621998 0.7525559 0.7552721 0.7541124 0.7529221 0.6962798 0.7195349 0.6992401 0.7552721 0.7541124 0.7385479 0.7578967 0.7195349 0.6992401 0.6622517 0.7095554 0.7385479 0.7578967 0.7218238 0.761681 0.6622517 0.7095554 0.6039918 0.7124546 0.7218238 0.761681 0.7014374 0.7632374 0.6039918 0.7124546 0.5862911 0.714835 0.5862911 0.714835 0.7014374 0.7632374 0.6039918 0.7124546 0.7218238 0.761681 0.7385479 0.7578967 0.7218238 0.761681 0.7544175 0.778222 0.7014374 0.7632374 0.2768639 0.5452437 0.3122349 0.5525681 0.2609638 0.5833002 0.2979522 0.59035 0.2768639 0.5452437 0.2609333 0.5329447 0.3122349 0.5525681 0.2945341 0.4860988 0.8187811 0.4481643 0.8193304 0.5895261 0.7860957 0.5054781 0.7982116 0.585345 0.768334 0.9645375 0.7981201 0.939024 0.7762993 0.9756157 0.8063295 0.9259621 0.8063295 0.9259621 0.7902463 0.9768059 0.7981201 0.939024 0.7762993 0.9756157 0.8250679 0.2238228 0.7606738 0.2238228 0.7796564 0.1625111 0.8339183 0.1625111 0.8098392 0.1156957 0.4982757 0.1146581 0.5494247 0.1069369 0.501999 0.1446272 0.5684378 0.1106601 0.5676443 0.1657155 0.1142918 0.03665274 0.1358989 0.04855496 0.09445479 0.06857508 0.1231422 0.06701863 0.1125828 0.08032471 0.8665731 0.04763937 0.8933988 0.03964353 0.8785669 0.06656086 0.9061556 0.06527907 0.8891568 0.07910401 0.1174963 0.2238228 0.1174963 0.3295694 0.06863613 0.2241279 0.00695822 0.3295694 0.01391644 0.2241279 0.8825343 0.3295694 0.990112 0.3295694 0.8825343 0.3886227 0.990112 0.4496597 0.8825343 0.4496597 0.5000153 0.3886227 0.5000153 0.4496597 0.4362621 0.3886227 0.5000153 0.3295694 0.4362621 0.3295694 0.5000153 0.3295694 0.4362621 0.2238228 0.5000153 0.2238228 0.2972503 0.4496597 0.3670156 0.445967 0.2945341 0.4860988 0.365215 0.5452437 0.3122349 0.5525681 0.6918241 0.5491195 0.6275216 0.5452437 0.6912748 0.4890591 0.6275216 0.4496597 0.6912748 0.4481643 0.8193304 0.5895261 0.8825343 0.5863521 0.8187811 0.6147954 0.8825343 0.6504105 0.8187811 0.6492813 0.1812494 0.6489456 0.1174963 0.6501053 0.1812494 0.6147954 0.1174963 0.5863521 0.1920225 0.59035 0.3290811 0.7049165 0.3986938 0.7124546 0.3523057 0.669454 0.4163945 0.714835 0.5000153 0.7053133 0.5000153 0.7053133 0.5862911 0.714835 0.6504105 0.669454 0.6039918 0.7124546 0.6622517 0.7095554 0.2408216 0.1625111 0.2450026 0.2238228 0.1812494 0.2238228 0.1797235 0.1625111 0.1907712 0.1156651 0.3063753 0.2238228 0.3063753 0.3295694 0.2450026 0.2238228 0.2450026 0.3295694 0.3063753 0.3886227 0.2450026 0.3886227 0.2972503 0.4496597 0.2945341 0.4860988 0.2450026 0.4496597 0.2450026 0.3886227 0.1434675 0.08996856 0.1907712 0.0932951 0.1557054 0.1134373 0.1907712 0.1156651 0.1907712 0.07641834 0.233253 0.07361066 0.2403638 0.08996856 0.8098392 0.0794397 0.8098392 0.09659106 0.7702261 0.07480085 0.7625355 0.09323406 0.776574 0.05282754 0.8098392 0.05529952 0.8098392 0.0794397 0.9785455 0.9209876 0.9492477 0.9618518 0.9888607 0.8728294 0.9053621 0.9891354 0.8535722 0.8728294 0.9785455 0.8246406 0.8535722 0.9987182 0.8018128 0.9891354 0.9492477 0.7838069 0.7579272 0.9618518 0.7285989 0.9209876 0.7183142 0.8728294 0.7285989 0.8246406 0.7579272 0.7838069 0.8535722 0.7469405 0.9053621 0.7565233 0.8018128 0.7565233 0.8535722 0.9987182 0.7579272 0.9618518 0.8018128 0.9891354 0.9053621 0.9891354 0.9492477 0.9618518 0.7285989 0.9209876 0.7183142 0.8728294 0.9785455 0.9209876 0.9888607 0.8728294 0.7285989 0.8246406 0.7579272 0.7838069 0.9785455 0.8246406 0.9492477 0.7838069 0.8535722 0.7469405 0.8018128 0.7565233 0.9053621 0.7565233</float_array>
          <technique_common>
            <accessor source="#TrunkBottom__mPltTreeOakTrunk-texcoord-array" count="1783" stride="2">
              <param name="S" type="float" />
              <param name="T" type="float" />
            </accessor>
          </technique_common>
        </source>
        <vertices id="TrunkBottom__mPltTreeOakTrunk-vertex">
          <input semantic="POSITION" source="#TrunkBottom__mPltTreeOakTrunk-position" />
        </vertices>
        <triangles material="mPltTreeOakTrunk" count="814">
          <input semantic="VERTEX" source="#TrunkBottom__mPltTreeOakTrunk-vertex" offset="0" />
          <input semantic="NORMAL" source="#TrunkBottom__mPltTreeOakTrunk-normal" offset="1" />
          <input semantic="COLOR" source="#TrunkBottom__mPltTreeOakTrunk-color" offset="2" set="0" />
          <input semantic="TEXCOORD" source="#TrunkBottom__mPltTreeOakTrunk-texcoord" offset="3" set="0" />
          <p>0 0 0 0 1 1 1 1 2 2 2 2 3 3 3 3 4 4 4 4 5 5 5 5 6 6 6 6 7 7 7 7 8 8 8 8 9 9 9 9 10 10 10 10 11 11 11 11 12 12 12 12 13 13 13 13 14 14 14 14 15 15 15 15 16 16 16 16 17 17 17 17 18 18 18 18 19 19 19 19 20 20 20 20 21 21 21 21 22 22 22 22 23 23 23 23 24 24 24 24 25 25 25 25 26 26 26 26 27 27 27 27 28 28 28 28 29 29 29 29 30 30 30 30 31 31 31 31 32 32 32 32 33 33 33 33 34 34 34 34 35 35 35 35 36 36 36 36 37 37 37 37 38 38 38 38 39 39 39 39 40 40 40 40 41 41 41 41 42 42 42 42 43 43 43 43 44 44 44 44 45 45 45 45 46 46 46 46 47 47 47 47 48 48 48 48 49 49 49 49 50 50 50 50 51 51 51 51 52 52 52 52 53 53 53 53 54 54 54 54 55 55 55 55 56 56 56 56 57 57 57 57 58 58 58 58 59 59 59 59 60 60 60 60 61 61 61 61 62 62 62 62 63 63 63 63 64 64 64 64 65 65 65 65 66 66 66 66 67 67 67 67 68 68 68 68 69 69 69 69 70 70 70 70 71 71 71 71 72 72 72 72 73 73 73 73 74 74 74 74 75 75 75 75 76 76 76 76 77 77 77 77 78 78 78 78 79 79 79 79 80 80 80 80 81 81 81 81 82 82 82 82 83 83 83 83 84 84 84 84 85 85 85 85 86 86 86 86 87 87 87 87 88 88 88 88 89 89 89 89 90 90 90 90 91 91 91 91 92 92 92 92 93 93 93 93 94 94 94 94 95 95 95 95 96 96 96 96 97 97 97 97 98 98 98 98 99 99 99 99 100 100 100 100 101 101 101 101 102 102 102 102 103 103 103 103 104 104 104 104 105 105 105 105 106 106 106 106 107 107 107 107 108 108 108 108 109 109 109 109 110 110 110 110 111 111 111 111 112 112 112 112 113 113 113 113 114 114 114 114 115 115 115 115 116 116 116 116 117 117 117 117 118 118 118 118 119 119 119 119 120 120 120 120 121 121 121 121 122 122 122 122 123 123 123 123 124 124 124 124 125 125 125 125 126 126 126 126 127 127 127 127 128 128 128 128 129 129 129 129 130 130 130 130 131 131 131 131 132 132 132 132 133 133 133 133 134 134 134 134 135 135 135 135 136 136 136 136 137 137 137 137 138 138 138 138 139 139 139 139 140 140 140 140 141 141 141 141 142 142 142 142 143 143 143 143 144 144 144 144 145 145 145 145 146 146 146 146 147 147 147 147 148 148 148 148 149 149 149 149 150 150 150 150 151 151 151 151 152 152 152 152 153 153 153 153 154 154 154 154 155 155 155 155 156 156 156 156 157 157 157 157 158 158 158 158 159 159 159 159 160 160 160 160 161 161 161 161 162 162 162 162 163 163 163 163 164 164 164 164 165 165 165 165 166 166 166 166 167 167 167 167 168 168 168 168 169 169 169 169 170 170 170 170 171 171 171 171 172 172 172 172 173 173 173 173 174 174 174 174 175 175 175 175 176 176 176 176 177 177 177 177 178 178 178 178 179 179 179 179 180 180 180 180 181 181 181 181 182 182 182 182 183 183 183 183 184 184 184 184 185 185 185 185 186 186 186 186 187 187 187 187 188 188 188 188 189 189 189 189 190 190 190 190 191 191 191 191 192 192 192 192 193 193 193 193 194 194 194 194 195 195 195 195 196 196 196 196 197 197 197 197 198 198 198 198 199 199 199 199 200 200 200 200 201 201 201 201 202 202 202 202 203 203 203 203 204 204 204 204 205 205 205 205 206 206 206 206 207 207 207 207 208 208 208 208 209 209 209 209 210 210 210 210 211 211 211 211 212 212 212 212 213 213 213 213 214 214 214 214 215 215 215 215 216 216 216 216 217 217 217 217 218 218 218 218 219 219 219 219 220 220 220 220 221 221 221 221 222 222 222 222 223 223 223 223 224 224 224 224 225 225 225 225 226 226 226 226 227 227 227 227 228 228 228 228 229 229 229 229 230 230 230 230 231 231 231 231 232 232 232 232 233 233 233 233 234 234 234 234 235 235 235 235 236 236 236 236 237 237 237 237 238 238 238 238 239 239 239 239 240 240 240 240 241 241 241 241 242 242 242 242 243 243 243 243 244 244 244 244 245 245 245 245 246 246 246 246 247 247 247 247 248 248 248 248 249 249 249 249 250 250 250 250 251 251 251 251 252 252 252 252 253 253 253 253 254 254 254 254 255 255 255 255 256 256 256 256 257 257 257 257 258 258 258 258 259 259 259 259 260 260 260 260 261 261 261 261 262 262 262 262 263 263 263 263 264 264 264 264 265 265 265 265 266 266 266 266 267 267 267 267 268 268 268 268 269 269 269 269 270 270 270 270 271 271 271 271 272 272 272 272 273 273 273 273 274 274 274 274 275 275 275 275 276 276 276 276 277 277 277 277 278 278 278 278 279 279 279 279 280 280 280 280 281 281 281 281 282 282 282 282 283 283 283 283 284 284 284 284 285 285 285 285 286 286 286 286 287 287 287 287 288 288 288 288 289 289 289 289 290 290 290 290 291 291 291 291 292 292 292 292 293 293 293 293 294 294 294 294 295 295 295 295 296 296 296 296 297 297 297 297 298 298 298 298 299 299 299 299 300 300 300 300 301 301 301 301 302 302 302 302 303 303 303 303 304 304 304 304 305 305 305 305 306 306 306 306 307 307 307 307 308 308 308 308 309 309 309 309 310 310 310 310 311 311 311 311 312 312 312 312 313 313 313 313 314 314 314 314 315 315 315 315 316 316 316 316 317 317 317 317 318 318 318 318 319 319 319 319 320 320 320 320 321 321 321 321 322 322 322 322 323 323 323 323 324 324 324 324 325 325 325 325 326 326 326 326 327 327 327 327 328 328 328 328 329 329 329 329 330 330 330 330 331 331 331 331 332 332 332 332 333 333 333 333 334 334 334 334 335 335 335 335 336 336 336 336 337 337 337 337 338 338 338 338 339 339 339 339 340 340 340 340 341 341 341 341 342 342 342 342 343 343 343 343 344 344 344 344 345 345 345 345 346 346 346 346 347 347 347 347 348 348 348 348 349 349 349 349 350 350 350 350 351 351 351 351 352 352 352 352 353 353 353 353 354 354 354 354 355 355 355 355 356 356 356 356 357 357 357 357 358 358 358 358 359 359 359 359 360 360 360 360 361 361 361 361 362 362 362 362 363 363 363 363 364 364 364 364 365 365 365 365 366 366 366 366 367 367 367 367 368 368 368 368 369 369 369 369 370 370 370 370 371 371 371 371 372 372 372 372 373 373 373 373 374 374 374 374 375 375 375 375 376 376 376 376 377 377 377 377 378 378 378 378 379 379 379 379 380 380 380 380 381 381 381 381 382 382 382 382 383 383 383 383 384 384 384 384 385 385 385 385 386 386 386 386 387 387 387 387 388 388 388 388 389 389 389 389 390 390 390 390 391 391 391 391 392 392 392 392 393 393 393 393 394 394 394 394 395 395 395 395 396 396 396 396 397 397 397 397 398 398 398 398 399 399 399 399 400 400 400 400 401 401 401 401 402 402 402 402 403 403 403 403 404 404 404 404 405 405 405 405 406 406 406 406 407 407 407 407 408 408 408 408 409 409 409 409 410 410 410 410 411 411 411 411 412 412 412 412 413 413 413 413 414 414 414 414 415 415 415 415 416 416 416 416 417 417 417 417 418 418 418 418 419 419 419 419 420 420 420 420 421 421 421 421 422 422 422 422 423 423 423 423 424 424 424 424 425 425 425 425 426 426 426 426 427 427 427 427 428 428 428 428 429 429 429 429 430 430 430 430 431 431 431 431 432 432 432 432 433 433 433 433 434 434 434 434 435 435 435 435 436 436 436 436 437 437 437 437 438 438 438 438 439 439 439 439 440 440 440 440 441 441 441 441 442 442 442 442 443 443 443 443 444 444 444 444 445 445 445 445 446 446 446 446 447 447 447 447 448 448 448 448 449 449 449 449 450 450 450 450 451 451 451 451 452 452 452 452 453 453 453 453 454 454 454 454 455 455 455 455 456 456 456 456 457 457 457 457 458 458 458 458 459 459 459 459 460 460 460 460 461 461 461 461 462 462 462 462 463 463 463 463 464 464 464 464 465 465 465 465 466 466 466 466 467 467 467 467 468 468 468 468 469 469 469 469 470 470 470 470 471 471 471 471 472 472 472 472 473 473 473 473 474 474 474 474 475 475 475 475 476 476 476 476 477 477 477 477 478 478 478 478 479 479 479 479 480 480 480 480 481 481 481 481 482 482 482 482 483 483 483 483 484 484 484 484 485 485 485 485 486 486 486 486 487 487 487 487 488 488 488 488 489 489 489 489 490 490 490 490 491 491 491 491 492 492 492 492 493 493 493 493 494 494 494 494 495 495 495 495 496 496 496 496 497 497 497 497 498 498 498 498 499 499 499 499 500 500 500 500 501 501 501 501 502 502 502 502 503 503 503 503 504 504 504 504 505 505 505 505 506 506 506 506 507 507 507 507 508 508 508 508 509 509 509 509 510 510 510 510 511 511 511 511 512 512 512 512 513 513 513 513 514 514 514 514 515 515 515 515 516 516 516 516 517 517 517 517 518 518 518 518 519 519 519 519 520 520 520 520 521 521 521 521 522 522 522 522 523 523 523 523 524 524 524 524 525 525 525 525 526 526 526 526 527 527 527 527 528 528 528 528 529 529 529 529 530 530 530 530 531 531 531 531 532 532 532 532 533 533 533 533 534 534 534 534 535 535 535 535 536 536 536 536 537 537 537 537 538 538 538 538 539 539 539 539 540 540 540 540 541 541 541 541 542 542 542 542 543 543 543 543 544 544 544 544 545 545 545 545 546 546 546 546 547 547 547 547 548 548 548 548 549 549 549 549 550 550 550 550 551 551 551 551 552 552 552 552 553 553 553 553 554 554 554 554 555 555 555 555 556 556 556 556 557 557 557 557 558 558 558 558 559 559 559 559 560 560 560 560 561 561 561 561 562 562 562 562 563 563 563 563 564 564 564 564 565 565 565 565 566 566 566 566 567 567 567 567 568 568 568 568 569 569 569 569 570 570 570 570 571 571 571 571 572 572 572 572 573 573 573 573 574 574 574 574 575 575 575 575 576 576 576 576 577 577 577 577 578 578 578 578 579 579 579 579 580 580 580 580 581 581 581 581 582 582 582 582 583 583 583 583 584 584 584 584 585 585 585 585 586 586 586 586 587 587 587 587 588 588 588 588 589 589 589 589 590 590 590 590 591 591 591 591 592 592 592 592 593 593 593 593 594 594 594 594 595 595 595 595 596 596 596 596 597 597 597 597 598 598 598 598 599 599 599 599 600 600 600 600 601 601 601 601 602 602 602 602 603 603 603 603 604 604 604 604 605 605 605 605 606 606 606 606 607 607 607 607 608 608 608 608 609 609 609 609 610 610 610 610 611 611 611 611 612 612 612 612 613 613 613 613 614 614 614 614 615 615 615 615 616 616 616 616 617 617 617 617 618 618 618 618 619 619 619 619 620 620 620 620 621 621 621 621 622 622 622 622 623 623 623 623 624 624 624 624 625 625 625 625 626 626 626 626 627 627 627 627 628 628 628 628 629 629 629 629 630 630 630 630 631 631 631 631 632 632 632 632 633 633 633 633 634 634 634 634 635 635 635 635 636 636 636 636 637 637 637 637 638 638 638 638 639 639 639 639 640 640 640 640 641 641 641 641 642 642 642 642 643 643 643 643 644 644 644 644 645 645 645 645 646 646 646 646 647 647 647 647 648 648 648 648 649 649 649 649 650 650 650 650 651 651 651 651 652 652 652 652 653 653 653 653 654 654 654 654 655 655 655 655 656 656 656 656 657 657 657 657 658 658 658 658 659 659 659 659 660 660 660 660 661 661 661 661 662 662 662 662 663 663 663 663 664 664 664 664 665 665 665 665 666 666 666 666 667 667 667 667 668 668 668 668 669 669 669 669 670 670 670 670 671 671 671 671 672 672 672 672 673 673 673 673 674 674 674 674 675 675 675 675 676 676 676 676 677 677 677 677 678 678 678 678 679 679 679 679 680 680 680 680 681 681 681 681 682 682 682 682 683 683 683 683 684 684 684 684 685 685 685 685 686 686 686 686 687 687 687 687 688 688 688 688 689 689 689 689 690 690 690 690 691 691 691 691 692 692 692 692 693 693 693 693 694 694 694 694 695 695 695 695 696 696 696 696 697 697 697 697 698 698 698 698 699 699 699 699 700 700 700 700 701 701 701 701 702 702 702 702 703 703 703 703 704 704 704 704 705 705 705 705 706 706 706 706 707 707 707 707 708 708 708 708 709 709 709 709 710 710 710 710 711 711 711 711 712 712 712 712 713 713 713 713 713 713 713 713 714 714 714 714 715 715 715 715 714 714 714 714 716 716 716 716 715 715 715 715 715 715 715 715 716 716 716 716 717 717 717 717 716 716 716 716 718 718 718 718 717 717 717 717 717 717 717 717 718 718 718 718 719 719 719 719 719 719 719 719 720 720 720 720 721 721 721 721 722 722 722 722 723 723 723 723 724 724 724 724 722 722 722 722 725 725 725 725 726 726 726 726 725 725 725 725 727 727 727 727 726 726 726 726 728 728 728 728 729 729 729 729 730 730 730 730 730 730 730 730 731 731 731 731 732 732 732 732 731 731 731 731 733 733 733 733 732 732 732 732 734 734 734 734 735 735 735 735 736 736 736 736 735 735 735 735 737 737 737 737 738 738 738 738 737 737 737 737 739 739 739 739 738 738 738 738 740 740 740 740 741 741 741 741 742 742 742 742 742 742 742 742 743 743 743 743 744 744 744 744 743 743 743 743 745 745 745 745 744 744 744 744 746 746 746 746 747 747 747 747 748 748 748 748 749 749 749 749 746 746 746 746 750 750 750 750 751 751 751 751 752 752 752 752 749 749 749 749 753 753 753 753 754 754 754 754 755 755 755 755 755 755 755 755 756 756 756 756 757 757 757 757 758 758 758 758 759 759 759 759 760 760 760 760 761 761 761 761 758 758 758 758 762 762 762 762 763 763 763 763 761 761 761 761 762 762 762 762 764 764 764 764 765 765 765 765 766 766 766 766 764 764 764 764 767 767 767 767 768 768 768 768 767 767 767 767 769 769 769 769 768 768 768 768 770 770 770 770 769 769 769 769 771 771 771 771 772 772 772 772 773 773 773 773 774 774 774 774 772 772 772 772 775 775 775 775 776 776 776 776 775 775 775 775 777 777 777 777 776 776 776 776 778 778 778 778 779 779 779 779 780 780 780 780 781 781 781 781 780 780 780 780 782 782 782 782 783 783 783 783 781 781 781 781 782 782 782 782 784 784 784 784 783 783 783 783 785 785 785 785 786 786 786 786 787 787 787 787 788 788 788 788 789 789 789 789 786 786 786 786 790 790 790 790 791 791 791 791 789 789 789 789 790 790 790 790 792 792 792 792 791 791 791 791 793 793 793 793 794 794 794 794 792 792 792 792 793 793 793 793 795 795 795 795 796 796 796 796 797 797 797 797 798 798 798 798 796 796 796 796 799 799 799 799 800 800 800 800 798 798 798 798 799 799 799 799 801 801 801 801 802 802 802 802 803 803 803 803 804 804 804 804 801 801 801 801 805 805 805 805 806 806 806 806 804 804 804 804 805 805 805 805 807 807 807 807 808 808 808 808 809 809 809 809 810 810 810 810 807 807 807 807 811 811 811 811 812 812 812 812 810 810 810 810 811 811 811 811 813 813 813 813 814 814 814 814 815 815 815 815 813 813 813 813 816 816 816 816 817 817 817 817 816 816 816 816 818 818 818 818 817 817 817 817 819 819 819 819 820 820 820 820 821 821 821 821 821 821 821 821 822 822 822 822 823 823 823 823 822 822 822 822 824 824 824 824 823 823 823 823 825 825 825 825 826 826 826 826 827 827 827 827 828 828 828 828 826 826 826 826 829 829 829 829 830 830 830 830 828 828 828 828 829 829 829 829 831 831 831 831 832 832 832 832 833 833 833 833 832 832 832 832 834 834 834 834 835 835 835 835 834 834 834 834 836 836 836 836 835 835 835 835 837 837 837 837 838 838 838 838 839 839 839 839 837 837 837 837 840 840 840 840 841 841 841 841 840 840 840 840 842 842 842 842 841 841 841 841 843 843 843 843 844 844 844 844 845 845 845 845 846 846 846 846 844 844 844 844 847 847 847 847 848 848 848 848 846 846 846 846 847 847 847 847 849 849 849 849 850 850 850 850 848 848 848 848 851 851 851 851 849 849 849 849 848 848 848 848 852 852 852 852 849 849 849 849 851 851 851 851 853 853 853 853 852 852 852 852 851 851 851 851 854 854 854 854 855 855 855 855 856 856 856 856 857 857 857 857 855 855 855 855 858 858 858 858 859 859 859 859 857 857 857 857 858 858 858 858 860 860 860 860 861 861 861 861 862 862 862 862 863 863 863 863 862 862 862 862 864 864 864 864 865 865 865 865 862 862 862 862 863 863 863 863 866 866 866 866 865 865 865 865 863 863 863 863 867 867 867 867 868 868 868 868 869 869 869 869 870 870 870 870 867 867 867 867 871 871 871 871 867 867 867 867 872 872 872 872 871 871 871 871 871 871 871 871 872 872 872 872 873 873 873 873 874 874 874 874 875 875 875 875 876 876 876 876 877 877 877 877 875 875 875 875 878 878 878 878 875 875 875 875 879 879 879 879 878 878 878 878 880 880 880 880 881 881 881 881 882 882 882 882 881 881 881 881 883 883 883 883 884 884 884 884 885 885 885 885 881 881 881 881 884 884 884 884 886 886 886 886 887 887 887 887 888 888 888 888 887 887 887 887 889 889 889 889 888 888 888 888 890 890 890 890 891 891 891 891 892 892 892 892 891 891 891 891 893 893 893 893 892 892 892 892 894 894 894 894 895 895 895 895 896 896 896 896 895 895 895 895 897 897 897 897 896 896 896 896 898 898 898 898 899 899 899 899 900 900 900 900 899 899 899 899 901 901 901 901 900 900 900 900 902 902 902 902 903 903 903 903 904 904 904 904 903 903 903 903 905 905 905 905 904 904 904 904 906 906 906 906 907 907 907 907 908 908 908 908 907 907 907 907 909 909 909 909 908 908 908 908 910 910 910 910 911 911 911 911 912 912 912 912 911 911 911 911 913 913 913 913 912 912 912 912 914 914 914 914 915 915 915 915 916 916 916 916 915 915 915 915 917 917 917 917 916 916 916 916 917 917 917 917 918 918 918 918 919 919 919 919 918 918 918 918 920 920 920 920 919 919 919 919 921 921 921 921 922 922 922 922 923 923 923 923 922 922 922 922 924 924 924 924 923 923 923 923 925 925 925 925 926 926 926 926 927 927 927 927 928 928 928 928 925 925 925 925 927 927 927 927 928 928 928 928 929 929 929 929 930 930 930 930 929 929 929 929 931 931 931 931 930 930 930 930 932 932 932 932 933 933 933 933 934 934 934 934 933 933 933 933 935 935 935 935 934 934 934 934 936 936 936 936 937 937 937 937 938 938 938 938 937 937 937 937 939 939 939 939 938 938 938 938 940 940 940 940 941 941 941 941 942 942 942 942 941 941 941 941 943 943 943 943 942 942 942 942 944 944 944 944 945 945 945 945 946 946 946 946 945 945 945 945 947 947 947 947 946 946 946 946 948 948 948 948 949 949 949 949 950 950 950 950 949 949 949 949 951 951 951 951 950 950 950 950 952 952 952 952 953 953 953 953 954 954 954 954 953 953 953 953 955 955 955 955 954 954 954 954 956 956 956 956 957 957 957 957 958 958 958 958 957 957 957 957 959 959 959 959 958 958 958 958 960 960 960 960 961 961 961 961 962 962 962 962 961 961 961 961 963 963 963 963 962 962 962 962 964 964 964 964 965 965 965 965 966 966 966 966 965 965 965 965 967 967 967 967 966 966 966 966 968 968 968 968 969 969 969 969 970 970 970 970 969 969 969 969 971 971 971 971 970 970 970 970 972 972 972 972 973 973 973 973 974 974 974 974 973 973 973 973 975 975 975 975 974 974 974 974 976 976 976 976 977 977 977 977 978 978 978 978 977 977 977 977 979 979 979 979 978 978 978 978 980 980 980 980 981 981 981 981 982 982 982 982 981 981 981 981 983 983 983 983 982 982 982 982 984 984 984 984 985 985 985 985 986 986 986 986 985 985 985 985 987 987 987 987 986 986 986 986 988 988 988 988 989 989 989 989 990 990 990 990 989 989 989 989 991 991 991 991 990 990 990 990 992 992 992 992 993 993 993 993 994 994 994 994 993 993 993 993 995 995 995 995 994 994 994 994 996 996 996 996 997 997 997 997 998 998 998 998 997 997 997 997 999 999 999 999 998 998 998 998 1000 1000 1000 1000 1001 1001 1001 1001 1002 1002 1002 1002 1001 1001 1001 1001 1003 1003 1003 1003 1002 1002 1002 1002 1004 1004 1004 1004 1005 1005 1005 1005 1006 1006 1006 1006 1005 1005 1005 1005 1007 1007 1007 1007 1006 1006 1006 1006 1008 1008 1008 1008 1009 1009 1009 1009 1010 1010 1010 1010 1009 1009 1009 1009 1011 1011 1011 1011 1010 1010 1010 1010 1012 1012 1012 1012 1013 1013 1013 1013 1014 1014 1014 1014 1013 1013 1013 1013 1015 1015 1015 1015 1014 1014 1014 1014 1016 1016 1016 1016 1017 1017 1017 1017 1018 1018 1018 1018 1017 1017 1017 1017 1019 1019 1019 1019 1018 1018 1018 1018 1020 1020 1020 1020 1021 1021 1021 1021 1022 1022 1022 1022 1021 1021 1021 1021 1023 1023 1023 1023 1022 1022 1022 1022 1024 1024 1024 1024 1025 1025 1025 1025 1026 1026 1026 1026 1025 1025 1025 1025 1027 1027 1027 1027 1026 1026 1026 1026 1028 1028 1028 1028 1029 1029 1029 1029 1030 1030 1030 1030 1029 1029 1029 1029 1031 1031 1031 1031 1030 1030 1030 1030 1032 1032 1032 1032 1033 1033 1033 1033 1034 1034 1034 1034 1033 1033 1033 1033 1035 1035 1035 1035 1034 1034 1034 1034 1036 1036 1036 1036 1037 1037 1037 1037 1038 1038 1038 1038 1037 1037 1037 1037 1039 1039 1039 1039 1038 1038 1038 1038 1040 1040 1040 1040 1041 1041 1041 1041 1042 1042 1042 1042 1041 1041 1041 1041 1043 1043 1043 1043 1042 1042 1042 1042 1044 1044 1044 1044 1045 1045 1045 1045 1046 1046 1046 1046 1045 1045 1045 1045 1047 1047 1047 1047 1046 1046 1046 1046 1048 1048 1048 1048 1049 1049 1049 1049 1050 1050 1050 1050 1049 1049 1049 1049 1048 1048 1048 1048 1051 1051 1051 1051 1052 1052 1052 1052 1053 1053 1053 1053 1054 1054 1054 1054 1053 1053 1053 1053 1055 1055 1055 1055 1054 1054 1054 1054 1056 1056 1056 1056 1057 1057 1057 1057 1058 1058 1058 1058 1057 1057 1057 1057 1059 1059 1059 1059 1058 1058 1058 1058 1060 1060 1060 1060 1061 1061 1061 1061 1062 1062 1062 1062 1061 1061 1061 1061 1063 1063 1063 1063 1062 1062 1062 1062 1064 1064 1064 1064 1065 1065 1065 1065 1066 1066 1066 1066 1065 1065 1065 1065 1067 1067 1067 1067 1066 1066 1066 1066 1068 1068 1068 1068 1069 1069 1069 1069 1070 1070 1070 1070 1069 1069 1069 1069 1071 1071 1071 1071 1070 1070 1070 1070 1072 1072 1072 1072 1073 1073 1073 1073 1074 1074 1074 1074 1073 1073 1073 1073 1075 1075 1075 1075 1074 1074 1074 1074 1076 1076 1076 1076 1077 1077 1077 1077 1078 1078 1078 1078 1077 1077 1077 1077 1079 1079 1079 1079 1078 1078 1078 1078 1080 1080 1080 1080 1081 1081 1081 1081 1082 1082 1082 1082 1081 1081 1081 1081 1083 1083 1083 1083 1082 1082 1082 1082 1084 1084 1084 1084 1085 1085 1085 1085 1086 1086 1086 1086 1085 1085 1085 1085 1087 1087 1087 1087 1086 1086 1086 1086 1088 1088 1088 1088 1089 1089 1089 1089 1090 1090 1090 1090 1089 1089 1089 1089 1091 1091 1091 1091 1090 1090 1090 1090 1092 1092 1092 1092 1093 1093 1093 1093 1094 1094 1094 1094 1093 1093 1093 1093 1095 1095 1095 1095 1094 1094 1094 1094 1096 1096 1096 1096 1097 1097 1097 1097 1098 1098 1098 1098 1097 1097 1097 1097 1099 1099 1099 1099 1098 1098 1098 1098 1100 1100 1100 1100 1101 1101 1101 1101 1102 1102 1102 1102 1101 1101 1101 1101 1103 1103 1103 1103 1102 1102 1102 1102 1104 1104 1104 1104 1105 1105 1105 1105 1106 1106 1106 1106 1105 1105 1105 1105 1107 1107 1107 1107 1106 1106 1106 1106 1108 1108 1108 1108 1109 1109 1109 1109 1110 1110 1110 1110 1109 1109 1109 1109 1111 1111 1111 1111 1110 1110 1110 1110 1112 1112 1112 1112 1113 1113 1113 1113 1114 1114 1114 1114 1113 1113 1113 1113 1115 1115 1115 1115 1114 1114 1114 1114 1116 1116 1116 1116 1117 1117 1117 1117 1118 1118 1118 1118 1117 1117 1117 1117 1119 1119 1119 1119 1118 1118 1118 1118 1120 1120 1120 1120 1121 1121 1121 1121 1122 1122 1122 1122 1121 1121 1121 1121 1123 1123 1123 1123 1122 1122 1122 1122 1124 1124 1124 1124 1125 1125 1125 1125 1126 1126 1126 1126 1125 1125 1125 1125 1127 1127 1127 1127 1126 1126 1126 1126 1128 1128 1128 1128 1129 1129 1129 1129 1130 1130 1130 1130 1129 1129 1129 1129 1131 1131 1131 1131 1130 1130 1130 1130 1132 1132 1132 1132 1133 1133 1133 1133 1134 1134 1134 1134 1133 1133 1133 1133 1135 1135 1135 1135 1134 1134 1134 1134 1136 1136 1136 1136 1137 1137 1137 1137 1138 1138 1138 1138 1137 1137 1137 1137 1139 1139 1139 1139 1138 1138 1138 1138 1140 1140 1140 1140 1141 1141 1141 1141 1142 1142 1142 1142 1141 1141 1141 1141 1143 1143 1143 1143 1142 1142 1142 1142 1144 1144 1144 1144 1145 1145 1145 1145 1146 1146 1146 1146 1145 1145 1145 1145 1147 1147 1147 1147 1146 1146 1146 1146 1148 1148 1148 1148 1149 1149 1149 1149 1150 1150 1150 1150 1149 1149 1149 1149 1151 1151 1151 1151 1150 1150 1150 1150 1152 1152 1152 1152 1153 1153 1153 1153 1154 1154 1154 1154 1153 1153 1153 1153 1155 1155 1155 1155 1154 1154 1154 1154 1156 1156 1156 1156 1157 1157 1157 1157 1158 1158 1158 1158 1157 1157 1157 1157 1159 1159 1159 1159 1158 1158 1158 1158 1160 1160 1160 1160 1161 1161 1161 1161 1162 1162 1162 1162 1161 1161 1161 1161 1163 1163 1163 1163 1162 1162 1162 1162 1164 1164 1164 1164 1165 1165 1165 1165 1166 1166 1166 1166 1165 1165 1165 1165 1167 1167 1167 1167 1166 1166 1166 1166 1168 1168 1168 1168 1169 1169 1169 1169 1170 1170 1170 1170 1169 1169 1169 1169 1171 1171 1171 1171 1170 1170 1170 1170 1172 1172 1172 1172 1173 1173 1173 1173 1174 1174 1174 1174 1173 1173 1173 1173 1175 1175 1175 1175 1174 1174 1174 1174 1176 1176 1176 1176 1177 1177 1177 1177 1178 1178 1178 1178 1177 1177 1177 1177 1179 1179 1179 1179 1178 1178 1178 1178 1180 1180 1180 1180 1181 1181 1181 1181 1182 1182 1182 1182 1181 1181 1181 1181 1183 1183 1183 1183 1182 1182 1182 1182 1184 1184 1184 1184 1185 1185 1185 1185 1186 1186 1186 1186 1185 1185 1185 1185 1187 1187 1187 1187 1186 1186 1186 1186 1188 1188 1188 1188 1187 1187 1187 1187 1189 1189 1189 1189 1187 1187 1187 1187 1190 1190 1190 1190 1189 1189 1189 1189 1191 1191 1191 1191 1192 1192 1192 1192 1193 1193 1193 1193 1192 1192 1192 1192 1194 1194 1194 1194 1193 1193 1193 1193 1195 1195 1195 1195 1196 1196 1196 1196 1197 1197 1197 1197 1196 1196 1196 1196 1198 1198 1198 1198 1197 1197 1197 1197 1199 1199 1199 1199 1200 1200 1200 1200 1201 1201 1201 1201 1200 1200 1200 1200 1202 1202 1202 1202 1201 1201 1201 1201 1203 1203 1203 1203 1204 1204 1204 1204 1205 1205 1205 1205 1204 1204 1204 1204 1206 1206 1206 1206 1205 1205 1205 1205 1207 1207 1207 1207 1208 1208 1208 1208 1209 1209 1209 1209 1208 1208 1208 1208 1210 1210 1210 1210 1209 1209 1209 1209 1211 1211 1211 1211 1212 1212 1212 1212 1213 1213 1213 1213 1212 1212 1212 1212 1214 1214 1214 1214 1213 1213 1213 1213 1215 1215 1215 1215 1216 1216 1216 1216 1217 1217 1217 1217 1216 1216 1216 1216 1218 1218 1218 1218 1217 1217 1217 1217 1219 1219 1219 1219 1220 1220 1220 1220 1221 1221 1221 1221 1220 1220 1220 1220 1222 1222 1222 1222 1221 1221 1221 1221 1223 1223 1223 1223 1224 1224 1224 1224 1225 1225 1225 1225 1224 1224 1224 1224 1226 1226 1226 1226 1225 1225 1225 1225 1227 1227 1227 1227 1228 1228 1228 1228 1229 1229 1229 1229 1228 1228 1228 1228 1230 1230 1230 1230 1229 1229 1229 1229 1231 1231 1231 1231 1232 1232 1232 1232 1233 1233 1233 1233 1232 1232 1232 1232 1234 1234 1234 1234 1233 1233 1233 1233 1235 1235 1235 1235 1236 1236 1236 1236 1237 1237 1237 1237 1236 1236 1236 1236 1238 1238 1238 1238 1237 1237 1237 1237 1239 1239 1239 1239 1240 1240 1240 1240 1241 1241 1241 1241 1240 1240 1240 1240 1242 1242 1242 1242 1241 1241 1241 1241 1243 1243 1243 1243 1244 1244 1244 1244 1245 1245 1245 1245 1244 1244 1244 1244 1246 1246 1246 1246 1245 1245 1245 1245 1247 1247 1247 1247 1248 1248 1248 1248 1249 1249 1249 1249 1248 1248 1248 1248 1250 1250 1250 1250 1249 1249 1249 1249 1251 1251 1251 1251 1252 1252 1252 1252 1253 1253 1253 1253 1252 1252 1252 1252 1254 1254 1254 1254 1253 1253 1253 1253 1255 1255 1255 1255 1256 1256 1256 1256 1257 1257 1257 1257 1256 1256 1256 1256 1258 1258 1258 1258 1257 1257 1257 1257 1259 1259 1259 1259 1260 1260 1260 1260 1261 1261 1261 1261 1260 1260 1260 1260 1262 1262 1262 1262 1261 1261 1261 1261 1263 1263 1263 1263 1264 1264 1264 1264 1265 1265 1265 1265 1264 1264 1264 1264 1266 1266 1266 1266 1265 1265 1265 1265 1267 1267 1267 1267 1268 1268 1268 1268 1269 1269 1269 1269 1268 1268 1268 1268 1270 1270 1270 1270 1269 1269 1269 1269 1271 1271 1271 1271 1272 1272 1272 1272 1273 1273 1273 1273 1272 1272 1272 1272 1274 1274 1274 1274 1273 1273 1273 1273 1275 1275 1275 1275 1276 1276 1276 1276 1277 1277 1277 1277 1276 1276 1276 1276 1278 1278 1278 1278 1277 1277 1277 1277 1279 1279 1279 1279 1280 1280 1280 1280 1281 1281 1281 1281 1280 1280 1280 1280 1282 1282 1282 1282 1281 1281 1281 1281 1283 1283 1283 1283 1284 1284 1284 1284 1285 1285 1285 1285 1284 1284 1284 1284 1286 1286 1286 1286 1285 1285 1285 1285 1287 1287 1287 1287 1288 1288 1288 1288 1289 1289 1289 1289 1288 1288 1288 1288 1290 1290 1290 1290 1289 1289 1289 1289 1291 1291 1291 1291 1292 1292 1292 1292 1293 1293 1293 1293 1292 1292 1292 1292 1294 1294 1294 1294 1293 1293 1293 1293 1295 1295 1295 1295 1296 1296 1296 1296 1297 1297 1297 1297 1296 1296 1296 1296 1298 1298 1298 1298 1297 1297 1297 1297 1299 1299 1299 1299 1300 1300 1300 1300 1301 1301 1301 1301 1300 1300 1300 1300 1302 1302 1302 1302 1301 1301 1301 1301 1303 1303 1303 1303 1304 1304 1304 1304 1305 1305 1305 1305 1304 1304 1304 1304 1306 1306 1306 1306 1305 1305 1305 1305 1307 1307 1307 1307 1308 1308 1308 1308 1309 1309 1309 1309 1308 1308 1308 1308 1310 1310 1310 1310 1309 1309 1309 1309 1311 1311 1311 1311 1310 1310 1310 1310 1312 1312 1312 1312 1313 1313 1313 1313 1311 1311 1311 1311 1312 1312 1312 1312 1313 1313 1313 1313 1314 1314 1314 1314 1315 1315 1315 1315 1316 1316 1316 1316 1313 1313 1313 1313 1315 1315 1315 1315 1316 1316 1316 1316 1315 1315 1315 1315 1317 1317 1317 1317 1318 1318 1318 1318 1316 1316 1316 1316 1317 1317 1317 1317 1319 1319 1319 1319 1320 1320 1320 1320 1321 1321 1321 1321 1320 1320 1320 1320 1322 1322 1322 1322 1321 1321 1321 1321 1323 1323 1323 1323 1324 1324 1324 1324 1325 1325 1325 1325 1324 1324 1324 1324 1326 1326 1326 1326 1325 1325 1325 1325 1327 1327 1327 1327 1328 1328 1328 1328 1329 1329 1329 1329 1329 1329 1329 1329 1328 1328 1328 1328 1330 1330 1330 1330 1331 1331 1331 1331 1332 1332 1332 1332 1333 1333 1333 1333 1332 1332 1332 1332 1334 1334 1334 1334 1333 1333 1333 1333 1335 1335 1335 1335 1336 1336 1336 1336 1337 1337 1337 1337 1336 1336 1336 1336 1338 1338 1338 1338 1337 1337 1337 1337 1339 1339 1339 1339 1340 1340 1340 1340 1341 1341 1341 1341 1340 1340 1340 1340 1342 1342 1342 1342 1341 1341 1341 1341 1343 1343 1343 1343 1344 1344 1344 1344 1345 1345 1345 1345 1344 1344 1344 1344 1346 1346 1346 1346 1345 1345 1345 1345 1347 1347 1347 1347 1348 1348 1348 1348 1349 1349 1349 1349 1348 1348 1348 1348 1350 1350 1350 1350 1349 1349 1349 1349 1351 1351 1351 1351 1350 1350 1350 1350 1352 1352 1352 1352 1350 1350 1350 1350 1353 1353 1353 1353 1352 1352 1352 1352 1352 1352 1352 1352 1353 1353 1353 1353 1354 1354 1354 1354 1355 1355 1355 1355 1356 1356 1356 1356 1357 1357 1357 1357 1356 1356 1356 1356 1358 1358 1358 1358 1357 1357 1357 1357 1358 1358 1358 1358 1359 1359 1359 1359 1360 1360 1360 1360 1361 1361 1361 1361 1358 1358 1358 1358 1360 1360 1360 1360 1362 1362 1362 1362 1363 1363 1363 1363 1364 1364 1364 1364 1363 1363 1363 1363 1365 1365 1365 1365 1364 1364 1364 1364 1365 1365 1365 1365 1366 1366 1366 1366 1367 1367 1367 1367 1368 1368 1368 1368 1365 1365 1365 1365 1367 1367 1367 1367 1367 1367 1367 1367 1369 1369 1369 1369 1370 1370 1370 1370 1369 1369 1369 1369 1371 1371 1371 1371 1370 1370 1370 1370 1372 1372 1372 1372 1373 1373 1373 1373 1374 1374 1374 1374 1374 1374 1374 1374 1375 1375 1375 1375 1372 1372 1372 1372 1376 1376 1376 1376 1377 1377 1377 1377 1378 1378 1378 1378 1378 1378 1378 1378 1379 1379 1379 1379 1376 1376 1376 1376 1380 1380 1380 1380 1381 1381 1381 1381 1382 1382 1382 1382 1383 1383 1383 1383 1380 1380 1380 1380 1382 1382 1382 1382 1384 1384 1384 1384 1383 1383 1383 1383 1385 1385 1385 1385 1383 1383 1383 1383 1386 1386 1386 1386 1385 1385 1385 1385 1387 1387 1387 1387 1385 1385 1385 1385 1388 1388 1388 1388 1389 1389 1389 1389 1387 1387 1387 1387 1388 1388 1388 1388 1390 1390 1390 1390 1391 1391 1391 1391 1389 1389 1389 1389 1392 1392 1392 1392 1391 1391 1391 1391 1390 1390 1390 1390 1393 1393 1393 1393 1392 1392 1392 1392 1390 1390 1390 1390 1394 1394 1394 1394 1395 1395 1395 1395 1396 1396 1396 1396 1397 1397 1397 1397 1396 1396 1396 1396 1398 1398 1398 1398 1399 1399 1399 1399 1397 1397 1397 1397 1398 1398 1398 1398 1400 1400 1400 1400 1401 1401 1401 1401 1394 1394 1394 1394 1402 1402 1402 1402 1401 1401 1401 1401 1400 1400 1400 1400 1403 1403 1403 1403 1402 1402 1402 1402 1400 1400 1400 1400 1404 1404 1404 1404 1402 1402 1402 1402 1403 1403 1403 1403 1405 1405 1405 1405 1404 1404 1404 1404 1403 1403 1403 1403 1406 1406 1406 1406 1407 1407 1407 1407 1408 1408 1408 1408 1409 1409 1409 1409 1406 1406 1406 1406 1408 1408 1408 1408 1410 1410 1410 1410 1411 1411 1411 1411 1409 1409 1409 1409 1412 1412 1412 1412 1410 1410 1410 1410 1409 1409 1409 1409 1413 1413 1413 1413 1410 1410 1410 1410 1412 1412 1412 1412 1414 1414 1414 1414 1413 1413 1413 1413 1412 1412 1412 1412 1415 1415 1415 1415 1416 1416 1416 1416 1417 1417 1417 1417 1416 1416 1416 1416 1418 1418 1418 1418 1417 1417 1417 1417 1419 1419 1419 1419 1420 1420 1420 1420 1418 1418 1418 1418 1421 1421 1421 1421 1420 1420 1420 1420 1419 1419 1419 1419 1422 1422 1422 1422 1421 1421 1421 1421 1419 1419 1419 1419 1423 1423 1423 1423 1421 1421 1421 1421 1424 1424 1424 1424 1425 1425 1425 1425 1423 1423 1423 1423 1424 1424 1424 1424 1426 1426 1426 1426 1427 1427 1427 1427 1428 1428 1428 1428 1427 1427 1427 1427 1429 1429 1429 1429 1428 1428 1428 1428 1430 1430 1430 1430 1431 1431 1431 1431 1432 1432 1432 1432 1432 1432 1432 1432 1431 1431 1431 1431 1433 1433 1433 1433 1434 1434 1434 1434 1435 1435 1435 1435 1433 1433 1433 1433 1435 1435 1435 1435 1436 1436 1436 1436 1433 1433 1433 1433 1437 1437 1437 1437 1438 1438 1438 1438 1439 1439 1439 1439 1438 1438 1438 1438 1440 1440 1440 1440 1439 1439 1439 1439 1441 1441 1441 1441 1442 1442 1442 1442 1443 1443 1443 1443 1442 1442 1442 1442 1444 1444 1444 1444 1443 1443 1443 1443 1445 1445 1445 1445 1446 1446 1446 1446 1447 1447 1447 1447 1446 1446 1446 1446 1448 1448 1448 1448 1447 1447 1447 1447 1449 1449 1449 1449 1448 1448 1448 1448 1450 1450 1450 1450 1448 1448 1448 1448 1451 1451 1451 1451 1450 1450 1450 1450 1450 1450 1450 1450 1451 1451 1451 1451 1452 1452 1452 1452 1453 1453 1453 1453 1454 1454 1454 1454 1455 1455 1455 1455 1454 1454 1454 1454 1456 1456 1456 1456 1455 1455 1455 1455 1457 1457 1457 1457 1458 1458 1458 1458 1459 1459 1459 1459 1458 1458 1458 1458 1460 1460 1460 1460 1459 1459 1459 1459 1461 1461 1461 1461 1462 1462 1462 1462 1463 1463 1463 1463 1462 1462 1462 1462 1464 1464 1464 1464 1463 1463 1463 1463 1465 1465 1465 1465 1466 1466 1466 1466 1467 1467 1467 1467 1466 1466 1466 1466 1468 1468 1468 1468 1467 1467 1467 1467 1469 1469 1469 1469 1470 1470 1470 1470 1471 1471 1471 1471 1470 1470 1470 1470 1472 1472 1472 1472 1471 1471 1471 1471 1473 1473 1473 1473 1474 1474 1474 1474 1475 1475 1475 1475 1474 1474 1474 1474 1476 1476 1476 1476 1475 1475 1475 1475 1477 1477 1477 1477 1478 1478 1478 1478 1479 1479 1479 1479 1478 1478 1478 1478 1480 1480 1480 1480 1479 1479 1479 1479 1481 1481 1481 1481 1482 1482 1482 1482 1483 1483 1483 1483 1482 1482 1482 1482 1484 1484 1484 1484 1483 1483 1483 1483 1485 1485 1485 1485 1486 1486 1486 1486 1487 1487 1487 1487 1486 1486 1486 1486 1488 1488 1488 1488 1487 1487 1487 1487 1489 1489 1489 1489 1490 1490 1490 1490 1491 1491 1491 1491 1490 1490 1490 1490 1492 1492 1492 1492 1491 1491 1491 1491 1493 1493 1493 1493 1494 1494 1494 1494 1495 1495 1495 1495 1494 1494 1494 1494 1496 1496 1496 1496 1495 1495 1495 1495 1497 1497 1497 1497 1498 1498 1498 1498 1499 1499 1499 1499 1498 1498 1498 1498 1500 1500 1500 1500 1499 1499 1499 1499 1501 1501 1501 1501 1502 1502 1502 1502 1503 1503 1503 1503 1502 1502 1502 1502 1504 1504 1504 1504 1503 1503 1503 1503 1505 1505 1505 1505 1506 1506 1506 1506 1507 1507 1507 1507 1506 1506 1506 1506 1508 1508 1508 1508 1507 1507 1507 1507 1509 1509 1509 1509 1510 1510 1510 1510 1511 1511 1511 1511 1510 1510 1510 1510 1512 1512 1512 1512 1511 1511 1511 1511 1513 1513 1513 1513 1514 1514 1514 1514 1515 1515 1515 1515 1514 1514 1514 1514 1516 1516 1516 1516 1515 1515 1515 1515 1517 1517 1517 1517 1518 1518 1518 1518 1519 1519 1519 1519 1518 1518 1518 1518 1520 1520 1520 1520 1519 1519 1519 1519 1521 1521 1521 1521 1522 1522 1522 1522 1523 1523 1523 1523 1522 1522 1522 1522 1524 1524 1524 1524 1523 1523 1523 1523 1525 1525 1525 1525 1526 1526 1526 1526 1527 1527 1527 1527 1526 1526 1526 1526 1528 1528 1528 1528 1527 1527 1527 1527 1529 1529 1529 1529 1530 1530 1530 1530 1531 1531 1531 1531 1530 1530 1530 1530 1532 1532 1532 1532 1531 1531 1531 1531 1533 1533 1533 1533 1534 1534 1534 1534 1535 1535 1535 1535 1534 1534 1534 1534 1536 1536 1536 1536 1535 1535 1535 1535 1537 1537 1537 1537 1538 1538 1538 1538 1539 1539 1539 1539 1538 1538 1538 1538 1540 1540 1540 1540 1539 1539 1539 1539 1541 1541 1541 1541 1542 1542 1542 1542 1543 1543 1543 1543 1542 1542 1542 1542 1544 1544 1544 1544 1543 1543 1543 1543 1545 1545 1545 1545 1546 1546 1546 1546 1547 1547 1547 1547 1546 1546 1546 1546 1548 1548 1548 1548 1547 1547 1547 1547 1549 1549 1549 1549 1550 1550 1550 1550 1551 1551 1551 1551 1550 1550 1550 1550 1552 1552 1552 1552 1551 1551 1551 1551 1553 1553 1553 1553 1554 1554 1554 1554 1555 1555 1555 1555 1554 1554 1554 1554 1556 1556 1556 1556 1555 1555 1555 1555 1557 1557 1557 1557 1558 1558 1558 1558 1559 1559 1559 1559 1558 1558 1558 1558 1560 1560 1560 1560 1559 1559 1559 1559 1561 1561 1561 1561 1562 1562 1562 1562 1563 1563 1563 1563 1562 1562 1562 1562 1564 1564 1564 1564 1563 1563 1563 1563 1565 1565 1565 1565 1566 1566 1566 1566 1567 1567 1567 1567 1566 1566 1566 1566 1568 1568 1568 1568 1567 1567 1567 1567 1569 1569 1569 1569 1570 1570 1570 1570 1571 1571 1571 1571 1570 1570 1570 1570 1572 1572 1572 1572 1571 1571 1571 1571 1573 1573 1573 1573 1574 1574 1574 1574 1575 1575 1575 1575 1574 1574 1574 1574 1576 1576 1576 1576 1575 1575 1575 1575 1577 1577 1577 1577 1578 1578 1578 1578 1579 1579 1579 1579 1578 1578 1578 1578 1580 1580 1580 1580 1579 1579 1579 1579 1581 1581 1581 1581 1582 1582 1582 1582 1583 1583 1583 1583 1582 1582 1582 1582 1584 1584 1584 1584 1583 1583 1583 1583 1585 1585 1585 1585 1586 1586 1586 1586 1587 1587 1587 1587 1586 1586 1586 1586 1588 1588 1588 1588 1587 1587 1587 1587 1589 1589 1589 1589 1590 1590 1590 1590 1591 1591 1591 1591 1590 1590 1590 1590 1592 1592 1592 1592 1591 1591 1591 1591 1593 1593 1593 1593 1594 1594 1594 1594 1595 1595 1595 1595 1594 1594 1594 1594 1596 1596 1596 1596 1595 1595 1595 1595 1597 1597 1597 1597 1598 1598 1598 1598 1599 1599 1599 1599 1598 1598 1598 1598 1600 1600 1600 1600 1599 1599 1599 1599 1601 1601 1601 1601 1602 1602 1602 1602 1603 1603 1603 1603 1602 1602 1602 1602 1604 1604 1604 1604 1603 1603 1603 1603 1605 1605 1605 1605 1606 1606 1606 1606 1607 1607 1607 1607 1606 1606 1606 1606 1608 1608 1608 1608 1607 1607 1607 1607 1609 1609 1609 1609 1610 1610 1610 1610 1611 1611 1611 1611 1610 1610 1610 1610 1612 1612 1612 1612 1611 1611 1611 1611 1613 1613 1613 1613 1614 1614 1614 1614 1615 1615 1615 1615 1614 1614 1614 1614 1616 1616 1616 1616 1615 1615 1615 1615 1617 1617 1617 1617 1618 1618 1618 1618 1619 1619 1619 1619 1618 1618 1618 1618 1620 1620 1620 1620 1619 1619 1619 1619 1621 1621 1621 1621 1622 1622 1622 1622 1623 1623 1623 1623 1622 1622 1622 1622 1624 1624 1624 1624 1623 1623 1623 1623 1625 1625 1625 1625 1626 1626 1626 1626 1627 1627 1627 1627 1626 1626 1626 1626 1628 1628 1628 1628 1627 1627 1627 1627 1629 1629 1629 1629 1630 1630 1630 1630 1631 1631 1631 1631 1630 1630 1630 1630 1632 1632 1632 1632 1631 1631 1631 1631 1633 1633 1633 1633 1634 1634 1634 1634 1635 1635 1635 1635 1634 1634 1634 1634 1636 1636 1636 1636 1635 1635 1635 1635 1637 1637 1637 1637 1638 1638 1638 1638 1639 1639 1639 1639 1638 1638 1638 1638 1640 1640 1640 1640 1639 1639 1639 1639 1641 1641 1641 1641 1642 1642 1642 1642 1643 1643 1643 1643 1642 1642 1642 1642 1644 1644 1644 1644 1643 1643 1643 1643 1645 1645 1645 1645 1646 1646 1646 1646 1647 1647 1647 1647 1645 1645 1645 1645 1648 1648 1648 1648 1646 1646 1646 1646 1649 1649 1649 1649 1650 1650 1650 1650 1651 1651 1651 1651 1651 1651 1651 1651 1650 1650 1650 1650 1652 1652 1652 1652 1653 1653 1653 1653 1654 1654 1654 1654 1655 1655 1655 1655 1656 1656 1656 1656 1653 1653 1653 1653 1655 1655 1655 1655 1657 1657 1657 1657 1656 1656 1656 1656 1655 1655 1655 1655 1658 1658 1658 1658 1659 1659 1659 1659 1660 1660 1660 1660 1659 1659 1659 1659 1661 1661 1661 1661 1660 1660 1660 1660 1660 1660 1660 1660 1661 1661 1661 1661 1662 1662 1662 1662 1663 1663 1663 1663 1664 1664 1664 1664 1665 1665 1665 1665 1664 1664 1664 1664 1666 1666 1666 1666 1665 1665 1665 1665 1665 1665 1665 1665 1666 1666 1666 1666 1667 1667 1667 1667 1668 1668 1668 1668 1669 1669 1669 1669 1670 1670 1670 1670 1669 1669 1669 1669 1671 1671 1671 1671 1670 1670 1670 1670 1670 1670 1670 1670 1671 1671 1671 1671 1672 1672 1672 1672 1673 1673 1673 1673 1674 1674 1674 1674 1675 1675 1675 1675 1674 1674 1674 1674 1676 1676 1676 1676 1675 1675 1675 1675 1675 1675 1675 1675 1676 1676 1676 1676 1677 1677 1677 1677 1678 1678 1678 1678 1679 1679 1679 1679 1680 1680 1680 1680 1679 1679 1679 1679 1681 1681 1681 1681 1680 1680 1680 1680 1680 1680 1680 1680 1681 1681 1681 1681 1682 1682 1682 1682 1683 1683 1683 1683 1684 1684 1684 1684 1685 1685 1685 1685 1685 1685 1685 1685 1686 1686 1686 1686 1683 1683 1683 1683 1687 1687 1687 1687 1688 1688 1688 1688 1685 1685 1685 1685 1688 1688 1688 1688 1687 1687 1687 1687 1689 1689 1689 1689 1690 1690 1690 1690 1688 1688 1688 1688 1689 1689 1689 1689 1691 1691 1691 1691 1692 1692 1692 1692 1693 1693 1693 1693 1692 1692 1692 1692 1694 1694 1694 1694 1693 1693 1693 1693 1693 1693 1693 1693 1694 1694 1694 1694 1695 1695 1695 1695 1696 1696 1696 1696 1697 1697 1697 1697 1698 1698 1698 1698 1697 1697 1697 1697 1699 1699 1699 1699 1698 1698 1698 1698 1698 1698 1698 1698 1699 1699 1699 1699 1700 1700 1700 1700 1701 1701 1701 1701 1702 1702 1702 1702 1703 1703 1703 1703 1702 1702 1702 1702 1704 1704 1704 1704 1703 1703 1703 1703 1703 1703 1703 1703 1704 1704 1704 1704 1705 1705 1705 1705 1706 1706 1706 1706 1707 1707 1707 1707 1708 1708 1708 1708 1707 1707 1707 1707 1709 1709 1709 1709 1708 1708 1708 1708 1708 1708 1708 1708 1709 1709 1709 1709 1710 1710 1710 1710 1711 1711 1711 1711 1712 1712 1712 1712 1713 1713 1713 1713 1712 1712 1712 1712 1714 1714 1714 1714 1713 1713 1713 1713 1713 1713 1713 1713 1714 1714 1714 1714 1715 1715 1715 1715 1716 1716 1716 1716 1717 1717 1717 1717 1718 1718 1718 1718 1717 1717 1717 1717 1719 1719 1719 1719 1718 1718 1718 1718 1718 1718 1718 1718 1719 1719 1719 1719 1720 1720 1720 1720 1721 1721 1721 1721 1722 1722 1722 1722 1723 1723 1723 1723 1724 1724 1724 1724 1721 1721 1721 1721 1723 1723 1723 1723 1725 1725 1725 1725 1721 1721 1721 1721 1724 1724 1724 1724 1726 1726 1726 1726 1727 1727 1727 1727 1728 1728 1728 1728 1727 1727 1727 1727 1729 1729 1729 1729 1728 1728 1728 1728 1727 1727 1727 1727 1730 1730 1730 1730 1729 1729 1729 1729 1730 1730 1730 1730 1731 1731 1731 1731 1729 1729 1729 1729 1730 1730 1730 1730 1732 1732 1732 1732 1731 1731 1731 1731 1732 1732 1732 1732 1733 1733 1733 1733 1734 1734 1734 1734 1735 1735 1735 1735 1732 1732 1732 1732 1734 1734 1734 1734 1736 1736 1736 1736 1737 1737 1737 1737 1738 1738 1738 1738 1737 1737 1737 1737 1739 1739 1739 1739 1738 1738 1738 1738 1737 1737 1737 1737 1740 1740 1740 1740 1741 1741 1741 1741 1742 1742 1742 1742 1737 1737 1737 1737 1741 1741 1741 1741 1743 1743 1743 1743 1744 1744 1744 1744 1745 1745 1745 1745 1744 1744 1744 1744 1746 1746 1746 1746 1745 1745 1745 1745 1745 1745 1745 1745 1747 1747 1747 1747 1748 1748 1748 1748 1749 1749 1749 1749 1745 1745 1745 1745 1748 1748 1748 1748 1750 1750 1750 1750 1751 1751 1751 1751 1752 1752 1752 1752 1751 1751 1751 1751 1753 1753 1753 1753 1752 1752 1752 1752 1752 1752 1752 1752 1753 1753 1753 1753 1754 1754 1754 1754 1754 1754 1754 1754 1755 1755 1755 1755 1752 1752 1752 1752 1753 1753 1753 1753 1756 1756 1756 1756 1754 1754 1754 1754 1754 1754 1754 1754 1756 1756 1756 1756 1757 1757 1757 1757 1758 1758 1758 1758 1755 1755 1755 1755 1754 1754 1754 1754 1759 1759 1759 1759 1760 1760 1760 1760 1754 1754 1754 1754 1760 1760 1760 1760 1761 1761 1761 1761 1754 1754 1754 1754 1761 1761 1761 1761 1758 1758 1758 1758 1754 1754 1754 1754 1762 1762 1762 1762 1763 1763 1763 1763 1761 1761 1761 1761 1763 1763 1763 1763 1758 1758 1758 1758 1761 1761 1761 1761 1758 1758 1758 1758 1763 1763 1763 1763 1764 1764 1764 1764 1765 1765 1765 1765 1758 1758 1758 1758 1764 1764 1764 1764 1764 1764 1764 1764 1763 1763 1763 1763 1766 1766 1766 1766 1767 1767 1767 1767 1768 1768 1768 1768 1769 1769 1769 1769 1770 1770 1770 1770 1771 1771 1771 1771 1767 1767 1767 1767 1771 1771 1771 1771 1768 1768 1768 1768 1767 1767 1767 1767 1772 1772 1772 1772 1768 1768 1768 1768 1773 1773 1773 1773 1768 1768 1768 1768 1771 1771 1771 1771 1773 1773 1773 1773 1771 1771 1771 1771 1774 1774 1774 1774 1775 1775 1775 1775 1773 1773 1773 1773 1771 1771 1771 1771 1775 1775 1775 1775 1776 1776 1776 1776 1773 1773 1773 1773 1777 1777 1777 1777 1773 1773 1773 1773 1775 1775 1775 1775 1777 1777 1777 1777 1775 1775 1775 1775 1778 1778 1778 1778 1779 1779 1779 1779 1777 1777 1777 1777 1775 1775 1775 1775 1779 1779 1779 1779 1777 1777 1777 1777 1779 1779 1779 1779 1780 1780 1780 1780 1781 1781 1781 1781 1777 1777 1777 1777 1780 1780 1780 1780 1780 1780 1780 1780 1779 1779 1779 1779 1782 1782 1782 1782 </p>
        </triangles>
      </mesh>
    </geometry>
  </library_geometries>
  <library_controllers>
    <controller id="Armature_L01_01__mTreeOakLeaf-mesh">
      <skin source="#L01_01__mTreeOakLeaf-mesh">
        <bind_shape_matrix>1 0 0 0 0 1 0 0 0 0 1 0 0 0 0 1</bind_shape_matrix>
        <source id="L01_01__mTreeOakLeaf-mesh-joint">
          <Name_array id="L01_01__mTreeOakLeaf-mesh-joint-array" count="1">Root</Name_array>
          <technique_common>
            <accessor source="#L01_01__mTreeOakLeaf-mesh-joint-array" count="1" stride="1">
              <param name="JOINT" type="name" />
            </accessor>
          </technique_common>
        </source>
        <source id="L01_01__mTreeOakLeaf-mesh-inv_bind_matrix">
          <float_array id="L01_01__mTreeOakLeaf-mesh-inv_bind_matrix-array" count="16">1 0 0 0 0 1 0 0 0 0 1 0 0 0 0 1</float_array>
          <technique_common>
            <accessor source="#L01_01__mTreeOakLeaf-mesh-inv_bind_matrix-array" count="1" stride="16">
              <param name="TRANSFORM" type="float4x4" />
            </accessor>
          </technique_common>
        </source>
        <source id="L01_01__mTreeOakLeaf-mesh-weight">
          <float_array id="L01_01__mTreeOakLeaf-mesh-weight-array" count="1">1</float_array>
          <technique_common>
            <accessor source="#L01_01__mTreeOakLeaf-mesh-weight-array" count="1" stride="1">
              <param name="WEIGHT" type="float" />
            </accessor>
          </technique_common>
        </source>
        <joints>
          <input semantic="JOINT" source="#L01_01__mTreeOakLeaf-mesh-joint" />
          <input semantic="INV_BIND_MATRIX" source="#L01_01__mTreeOakLeaf-mesh-inv_bind_matrix" />
        </joints>
        <vertex_weights count="966">
          <input semantic="JOINT" source="#L01_01__mTreeOakLeaf-mesh-joint" offset="0" />
          <input semantic="WEIGHT" source="#L01_01__mTreeOakLeaf-mesh-weight" offset="1" />
          <vcount>1 1 1 1 1 1 1 1 1 1 1 1 1 1 1 1 1 1 1 1 1 1 1 1 1 1 1 1 1 1 1 1 1 1 1 1 1 1 1 1 1 1 1 1 1 1 1 1 1 1 1 1 1 1 1 1 1 1 1 1 1 1 1 1 1 1 1 1 1 1 1 1 1 1 1 1 1 1 1 1 1 1 1 1 1 1 1 1 1 1 1 1 1 1 1 1 1 1 1 1 1 1 1 1 1 1 1 1 1 1 1 1 1 1 1 1 1 1 1 1 1 1 1 1 1 1 1 1 1 1 1 1 1 1 1 1 1 1 1 1 1 1 1 1 1 1 1 1 1 1 1 1 1 1 1 1 1 1 1 1 1 1 1 1 1 1 1 1 1 1 1 1 1 1 1 1 1 1 1 1 1 1 1 1 1 1 1 1 1 1 1 1 1 1 1 1 1 1 1 1 1 1 1 1 1 1 1 1 1 1 1 1 1 1 1 1 1 1 1 1 1 1 1 1 1 1 1 1 1 1 1 1 1 1 1 1 1 1 1 1 1 1 1 1 1 1 1 1 1 1 1 1 1 1 1 1 1 1 1 1 1 1 1 1 1 1 1 1 1 1 1 1 1 1 1 1 1 1 1 1 1 1 1 1 1 1 1 1 1 1 1 1 1 1 1 1 1 1 1 1 1 1 1 1 1 1 1 1 1 1 1 1 1 1 1 1 1 1 1 1 1 1 1 1 1 1 1 1 1 1 1 1 1 1 1 1 1 1 1 1 1 1 1 1 1 1 1 1 1 1 1 1 1 1 1 1 1 1 1 1 1 1 1 1 1 1 1 1 1 1 1 1 1 1 1 1 1 1 1 1 1 1 1 1 1 1 1 1 1 1 1 1 1 1 1 1 1 1 1 1 1 1 1 1 1 1 1 1 1 1 1 1 1 1 1 1 1 1 1 1 1 1 1 1 1 1 1 1 1 1 1 1 1 1 1 1 1 1 1 1 1 1 1 1 1 1 1 1 1 1 1 1 1 1 1 1 1 1 1 1 1 1 1 1 1 1 1 1 1 1 1 1 1 1 1 1 1 1 1 1 1 1 1 1 1 1 1 1 1 1 1 1 1 1 1 1 1 1 1 1 1 1 1 1 1 1 1 1 1 1 1 1 1 1 1 1 1 1 1 1 1 1 1 1 1 1 1 1 1 1 1 1 1 1 1 1 1 1 1 1 1 1 1 1 1 1 1 1 1 1 1 1 1 1 1 1 1 1 1 1 1 1 1 1 1 1 1 1 1 1 1 1 1 1 1 1 1 1 1 1 1 1 1 1 1 1 1 1 1 1 1 1 1 1 1 1 1 1 1 1 1 1 1 1 1 1 1 1 1 1 1 1 1 1 1 1 1 1 1 1 1 1 1 1 1 1 1 1 1 1 1 1 1 1 1 1 1 1 1 1 1 1 1 1 1 1 1 1 1 1 1 1 1 1 1 1 1 1 1 1 1 1 1 1 1 1 1 1 1 1 1 1 1 1 1 1 1 1 1 1 1 1 1 1 1 1 1 1 1 1 1 1 1 1 1 1 1 1 1 1 1 1 1 1 1 1 1 1 1 1 1 1 1 1 1 1 1 1 1 1 1 1 1 1 1 1 1 1 1 1 1 1 1 1 1 1 1 1 1 1 1 1 1 1 1 1 1 1 1 1 1 1 1 1 1 1 1 1 1 1 1 1 1 1 1 1 1 1 1 1 1 1 1 1 1 1 1 1 1 1 1 1 1 1 1 1 1 1 1 1 1 1 1 1 1 1 1 1 1 1 1 1 1 1 1 1 1 1 1 1 1 1 1 1 1 1 1 1 1 1 1 1 1 1 1 1 1 1 1 1 1 1 1 1 1 1 1 1 1 1 1 1 1 1 1 1 1 1 1 1 1 1 1 1 1 1 1 1 1 1 1 1 1 1 1 1 1 1 1 1 1 1 1 1 1 1 1 1 1 1 1 1 1 1 1 1 1 1 1 1 1 1 1 1 1 1 1 1 1 1 1 1 1 1 1 1 1 1 1 1 1 1 1 1 1 1 1 1 1 1 1 1 1 1 1 1 1 1 1 1 1 1 1 1 1 1 1 1 1 1 1 1 1 1 1 1 1 1 1 1 1 1 1 1 1 1 1 1 1 1 1 1 1 1 1 1 </vcount>
          <v>0 0 0 0 0 0 0 0 0 0 0 0 0 0 0 0 0 0 0 0 0 0 0 0 0 0 0 0 0 0 0 0 0 0 0 0 0 0 0 0 0 0 0 0 0 0 0 0 0 0 0 0 0 0 0 0 0 0 0 0 0 0 0 0 0 0 0 0 0 0 0 0 0 0 0 0 0 0 0 0 0 0 0 0 0 0 0 0 0 0 0 0 0 0 0 0 0 0 0 0 0 0 0 0 0 0 0 0 0 0 0 0 0 0 0 0 0 0 0 0 0 0 0 0 0 0 0 0 0 0 0 0 0 0 0 0 0 0 0 0 0 0 0 0 0 0 0 0 0 0 0 0 0 0 0 0 0 0 0 0 0 0 0 0 0 0 0 0 0 0 0 0 0 0 0 0 0 0 0 0 0 0 0 0 0 0 0 0 0 0 0 0 0 0 0 0 0 0 0 0 0 0 0 0 0 0 0 0 0 0 0 0 0 0 0 0 0 0 0 0 0 0 0 0 0 0 0 0 0 0 0 0 0 0 0 0 0 0 0 0 0 0 0 0 0 0 0 0 0 0 0 0 0 0 0 0 0 0 0 0 0 0 0 0 0 0 0 0 0 0 0 0 0 0 0 0 0 0 0 0 0 0 0 0 0 0 0 0 0 0 0 0 0 0 0 0 0 0 0 0 0 0 0 0 0 0 0 0 0 0 0 0 0 0 0 0 0 0 0 0 0 0 0 0 0 0 0 0 0 0 0 0 0 0 0 0 0 0 0 0 0 0 0 0 0 0 0 0 0 0 0 0 0 0 0 0 0 0 0 0 0 0 0 0 0 0 0 0 0 0 0 0 0 0 0 0 0 0 0 0 0 0 0 0 0 0 0 0 0 0 0 0 0 0 0 0 0 0 0 0 0 0 0 0 0 0 0 0 0 0 0 0 0 0 0 0 0 0 0 0 0 0 0 0 0 0 0 0 0 0 0 0 0 0 0 0 0 0 0 0 0 0 0 0 0 0 0 0 0 0 0 0 0 0 0 0 0 0 0 0 0 0 0 0 0 0 0 0 0 0 0 0 0 0 0 0 0 0 0 0 0 0 0 0 0 0 0 0 0 0 0 0 0 0 0 0 0 0 0 0 0 0 0 0 0 0 0 0 0 0 0 0 0 0 0 0 0 0 0 0 0 0 0 0 0 0 0 0 0 0 0 0 0 0 0 0 0 0 0 0 0 0 0 0 0 0 0 0 0 0 0 0 0 0 0 0 0 0 0 0 0 0 0 0 0 0 0 0 0 0 0 0 0 0 0 0 0 0 0 0 0 0 0 0 0 0 0 0 0 0 0 0 0 0 0 0 0 0 0 0 0 0 0 0 0 0 0 0 0 0 0 0 0 0 0 0 0 0 0 0 0 0 0 0 0 0 0 0 0 0 0 0 0 0 0 0 0 0 0 0 0 0 0 0 0 0 0 0 0 0 0 0 0 0 0 0 0 0 0 0 0 0 0 0 0 0 0 0 0 0 0 0 0 0 0 0 0 0 0 0 0 0 0 0 0 0 0 0 0 0 0 0 0 0 0 0 0 0 0 0 0 0 0 0 0 0 0 0 0 0 0 0 0 0 0 0 0 0 0 0 0 0 0 0 0 0 0 0 0 0 0 0 0 0 0 0 0 0 0 0 0 0 0 0 0 0 0 0 0 0 0 0 0 0 0 0 0 0 0 0 0 0 0 0 0 0 0 0 0 0 0 0 0 0 0 0 0 0 0 0 0 0 0 0 0 0 0 0 0 0 0 0 0 0 0 0 0 0 0 0 0 0 0 0 0 0 0 0 0 0 0 0 0 0 0 0 0 0 0 0 0 0 0 0 0 0 0 0 0 0 0 0 0 0 0 0 0 0 0 0 0 0 0 0 0 0 0 0 0 0 0 0 0 0 0 0 0 0 0 0 0 0 0 0 0 0 0 0 0 0 0 0 0 0 0 0 0 0 0 0 0 0 0 0 0 0 0 0 0 0 0 0 0 0 0 0 0 0 0 0 0 0 0 0 0 0 0 0 0 0 0 0 0 0 0 0 0 0 0 0 0 0 0 0 0 0 0 0 0 0 0 0 0 0 0 0 0 0 0 0 0 0 0 0 0 0 0 0 0 0 0 0 0 0 0 0 0 0 0 0 0 0 0 0 0 0 0 0 0 0 0 0 0 0 0 0 0 0 0 0 0 0 0 0 0 0 0 0 0 0 0 0 0 0 0 0 0 0 0 0 0 0 0 0 0 0 0 0 0 0 0 0 0 0 0 0 0 0 0 0 0 0 0 0 0 0 0 0 0 0 0 0 0 0 0 0 0 0 0 0 0 0 0 0 0 0 0 0 0 0 0 0 0 0 0 0 0 0 0 0 0 0 0 0 0 0 0 0 0 0 0 0 0 0 0 0 0 0 0 0 0 0 0 0 0 0 0 0 0 0 0 0 0 0 0 0 0 0 0 0 0 0 0 0 0 0 0 0 0 0 0 0 0 0 0 0 0 0 0 0 0 0 0 0 0 0 0 0 0 0 0 0 0 0 0 0 0 0 0 0 0 0 0 0 0 0 0 0 0 0 0 0 0 0 0 0 0 0 0 0 0 0 0 0 0 0 0 0 0 0 0 0 0 0 0 0 0 0 0 0 0 0 0 0 0 0 0 0 0 0 0 0 0 0 0 0 0 0 0 0 0 0 0 0 0 0 0 0 0 0 0 0 0 0 0 0 0 0 0 0 0 0 0 0 0 0 0 0 0 0 0 0 0 0 0 0 0 0 0 0 0 0 0 0 0 0 0 0 0 0 0 0 0 0 0 0 0 0 0 0 0 0 0 0 0 0 0 0 0 0 0 0 0 0 0 0 0 0 0 0 0 0 0 0 0 0 0 0 0 0 0 0 0 0 0 0 0 0 0 0 0 0 0 0 0 0 0 0 0 0 0 0 0 0 0 0 0 0 0 0 0 0 0 0 0 0 0 0 0 0 0 0 0 0 0 0 0 0 0 0 0 0 0 0 0 0 0 0 0 0 0 0 0 0 0 0 0 0 0 0 0 0 0 0 0 0 0 0 0 0 0 0 0 0 0 0 0 0 0 0 0 0 0 0 0 0 0 0 0 0 0 0 0 0 0 0 0 0 0 0 0 0 0 0 0 0 0 0 0 0 0 0 0 0 0 0 0 0 0 0 0 0 0 0 0 0 0 0 0 0 0 0 0 0 0 0 0 0 0 0 0 0 0 0 0 0 0 0 0 0 0 0 0 0 0 0 0 0 0 0 0 0 0 0 0 0 0 0 0 0 0 0 0 0 0 0 0 0 0 0 0 0 0 0 0 0 0 0 0 0 0 0 0 0 0 0 0 0 0 0 0 0 0 0 0 0 0 0 0 0 0 0 0 0 0 0 0 0 0 0 0 0 0 0 0 0 0 0 0 0 0 0 0 0 0 0 0 0 0 0 0 0 0 0 0 0 0 0 0 0 0 0 0 0 0 0 0 0 0 0 0 0 0 0 0 0 0 0 0 0 0 0 0 0 0 0 0 0 0 0 0 0 0 0 0 0 0 0 0 0 0 0 0 0 0 0 0 0 0 0 0 0 0 0 0 0 0 0 0 0 0 0 0 0 0 0 0 0 0 0 0 0 0 0 0 0 0 0 0 0 0 0 0 0 0 0 0 0 0 0 0 0 0 0 0 0 0 0 0 0 0 0 0 0 0 0 0 0 0 0 0 0 0 0 0 0 0 0 0 0 0 0 0 0 0 0 0 0 0 0 0 0 0 0 0 0 0 0 0 0 0 0 0 0 0 0 0 0 0 0 0 0 0 0 0 0 0 0 0 0 0 0 0 0 0 0 0 0 0 0 0 0 0 0 0 0 0 0 0 0 0 0 0 0 0 0 0 0 0 0 0 0 0 0 0 0 0 0 0 0 0 0 0 0 0 0 0 0 0 0 0 0 0 0 0 0 0 0 0 0 0 0 0 0 0 0 0 0 0 0 0 0 0 0 0 0 0 0 0 0 0 0 0 0 0 0 0 0 0 0 0 0 0 0 0 0 0 0 0 0 0 0 0 0 0 0 0 0 0 0 0 0 0 0 0 0 0 0 0 0 0 0 0 0 0 0 0 0 0 0 0 0 0 0 0 0 0 0 0 0 0 0 0 0 0 0 0 0 0 0 0 0 0 0 0 0 0 0 0 0 0 0 0 0 0 0 0 0 0 0 0 0 0 0 0 0 0 0 0 0 0 0 0 0 0 0 0 0 0 0 0 0 0 0 0 0 0 0 0 0 0 0 0 0 0 0 0 0 0 0 0 0 0 0 0 0 0 0 0 0 0 0 </v>
        </vertex_weights>
      </skin>
    </controller>
    <controller id="Armature_L02_011_1__mShadowShake-mesh">
      <skin source="#L02_011_1__mShadowShake-mesh">
        <bind_shape_matrix>1 0 0 0 0 1 0 0 0 0 1 0 0 0 0 1</bind_shape_matrix>
        <source id="L02_011_1__mShadowShake-mesh-joint">
          <Name_array id="L02_011_1__mShadowShake-mesh-joint-array" count="1">Root</Name_array>
          <technique_common>
            <accessor source="#L02_011_1__mShadowShake-mesh-joint-array" count="1" stride="1">
              <param name="JOINT" type="name" />
            </accessor>
          </technique_common>
        </source>
        <source id="L02_011_1__mShadowShake-mesh-inv_bind_matrix">
          <float_array id="L02_011_1__mShadowShake-mesh-inv_bind_matrix-array" count="16">1 0 0 0 0 1 0 0 0 0 1 0 0 0 0 1</float_array>
          <technique_common>
            <accessor source="#L02_011_1__mShadowShake-mesh-inv_bind_matrix-array" count="1" stride="16">
              <param name="TRANSFORM" type="float4x4" />
            </accessor>
          </technique_common>
        </source>
        <source id="L02_011_1__mShadowShake-mesh-weight">
          <float_array id="L02_011_1__mShadowShake-mesh-weight-array" count="1">1</float_array>
          <technique_common>
            <accessor source="#L02_011_1__mShadowShake-mesh-weight-array" count="1" stride="1">
              <param name="WEIGHT" type="float" />
            </accessor>
          </technique_common>
        </source>
        <joints>
          <input semantic="JOINT" source="#L02_011_1__mShadowShake-mesh-joint" />
          <input semantic="INV_BIND_MATRIX" source="#L02_011_1__mShadowShake-mesh-inv_bind_matrix" />
        </joints>
        <vertex_weights count="524">
          <input semantic="JOINT" source="#L02_011_1__mShadowShake-mesh-joint" offset="0" />
          <input semantic="WEIGHT" source="#L02_011_1__mShadowShake-mesh-weight" offset="1" />
          <vcount>1 1 1 1 1 1 1 1 1 1 1 1 1 1 1 1 1 1 1 1 1 1 1 1 1 1 1 1 1 1 1 1 1 1 1 1 1 1 1 1 1 1 1 1 1 1 1 1 1 1 1 1 1 1 1 1 1 1 1 1 1 1 1 1 1 1 1 1 1 1 1 1 1 1 1 1 1 1 1 1 1 1 1 1 1 1 1 1 1 1 1 1 1 1 1 1 1 1 1 1 1 1 1 1 1 1 1 1 1 1 1 1 1 1 1 1 1 1 1 1 1 1 1 1 1 1 1 1 1 1 1 1 1 1 1 1 1 1 1 1 1 1 1 1 1 1 1 1 1 1 1 1 1 1 1 1 1 1 1 1 1 1 1 1 1 1 1 1 1 1 1 1 1 1 1 1 1 1 1 1 1 1 1 1 1 1 1 1 1 1 1 1 1 1 1 1 1 1 1 1 1 1 1 1 1 1 1 1 1 1 1 1 1 1 1 1 1 1 1 1 1 1 1 1 1 1 1 1 1 1 1 1 1 1 1 1 1 1 1 1 1 1 1 1 1 1 1 1 1 1 1 1 1 1 1 1 1 1 1 1 1 1 1 1 1 1 1 1 1 1 1 1 1 1 1 1 1 1 1 1 1 1 1 1 1 1 1 1 1 1 1 1 1 1 1 1 1 1 1 1 1 1 1 1 1 1 1 1 1 1 1 1 1 1 1 1 1 1 1 1 1 1 1 1 1 1 1 1 1 1 1 1 1 1 1 1 1 1 1 1 1 1 1 1 1 1 1 1 1 1 1 1 1 1 1 1 1 1 1 1 1 1 1 1 1 1 1 1 1 1 1 1 1 1 1 1 1 1 1 1 1 1 1 1 1 1 1 1 1 1 1 1 1 1 1 1 1 1 1 1 1 1 1 1 1 1 1 1 1 1 1 1 1 1 1 1 1 1 1 1 1 1 1 1 1 1 1 1 1 1 1 1 1 1 1 1 1 1 1 1 1 1 1 1 1 1 1 1 1 1 1 1 1 1 1 1 1 1 1 1 1 1 1 1 1 1 1 1 1 1 1 1 1 1 1 1 1 1 1 1 1 1 1 1 1 1 1 1 1 1 1 1 1 1 1 1 1 1 1 1 1 1 1 1 1 1 1 1 1 1 1 1 1 1 1 1 1 1 1 1 1 1 1 1 </vcount>
          <v>0 0 0 0 0 0 0 0 0 0 0 0 0 0 0 0 0 0 0 0 0 0 0 0 0 0 0 0 0 0 0 0 0 0 0 0 0 0 0 0 0 0 0 0 0 0 0 0 0 0 0 0 0 0 0 0 0 0 0 0 0 0 0 0 0 0 0 0 0 0 0 0 0 0 0 0 0 0 0 0 0 0 0 0 0 0 0 0 0 0 0 0 0 0 0 0 0 0 0 0 0 0 0 0 0 0 0 0 0 0 0 0 0 0 0 0 0 0 0 0 0 0 0 0 0 0 0 0 0 0 0 0 0 0 0 0 0 0 0 0 0 0 0 0 0 0 0 0 0 0 0 0 0 0 0 0 0 0 0 0 0 0 0 0 0 0 0 0 0 0 0 0 0 0 0 0 0 0 0 0 0 0 0 0 0 0 0 0 0 0 0 0 0 0 0 0 0 0 0 0 0 0 0 0 0 0 0 0 0 0 0 0 0 0 0 0 0 0 0 0 0 0 0 0 0 0 0 0 0 0 0 0 0 0 0 0 0 0 0 0 0 0 0 0 0 0 0 0 0 0 0 0 0 0 0 0 0 0 0 0 0 0 0 0 0 0 0 0 0 0 0 0 0 0 0 0 0 0 0 0 0 0 0 0 0 0 0 0 0 0 0 0 0 0 0 0 0 0 0 0 0 0 0 0 0 0 0 0 0 0 0 0 0 0 0 0 0 0 0 0 0 0 0 0 0 0 0 0 0 0 0 0 0 0 0 0 0 0 0 0 0 0 0 0 0 0 0 0 0 0 0 0 0 0 0 0 0 0 0 0 0 0 0 0 0 0 0 0 0 0 0 0 0 0 0 0 0 0 0 0 0 0 0 0 0 0 0 0 0 0 0 0 0 0 0 0 0 0 0 0 0 0 0 0 0 0 0 0 0 0 0 0 0 0 0 0 0 0 0 0 0 0 0 0 0 0 0 0 0 0 0 0 0 0 0 0 0 0 0 0 0 0 0 0 0 0 0 0 0 0 0 0 0 0 0 0 0 0 0 0 0 0 0 0 0 0 0 0 0 0 0 0 0 0 0 0 0 0 0 0 0 0 0 0 0 0 0 0 0 0 0 0 0 0 0 0 0 0 0 0 0 0 0 0 0 0 0 0 0 0 0 0 0 0 0 0 0 0 0 0 0 0 0 0 0 0 0 0 0 0 0 0 0 0 0 0 0 0 0 0 0 0 0 0 0 0 0 0 0 0 0 0 0 0 0 0 0 0 0 0 0 0 0 0 0 0 0 0 0 0 0 0 0 0 0 0 0 0 0 0 0 0 0 0 0 0 0 0 0 0 0 0 0 0 0 0 0 0 0 0 0 0 0 0 0 0 0 0 0 0 0 0 0 0 0 0 0 0 0 0 0 0 0 0 0 0 0 0 0 0 0 0 0 0 0 0 0 0 0 0 0 0 0 0 0 0 0 0 0 0 0 0 0 0 0 0 0 0 0 0 0 0 0 0 0 0 0 0 0 0 0 0 0 0 0 0 0 0 0 0 0 0 0 0 0 0 0 0 0 0 0 0 0 0 0 0 0 0 0 0 0 0 0 0 0 0 0 0 0 0 0 0 0 0 0 0 0 0 0 0 0 0 0 0 0 0 0 0 0 0 0 0 0 0 0 0 0 0 0 0 0 0 0 0 0 0 0 0 0 0 0 0 0 0 0 0 0 0 0 0 0 0 0 0 0 0 0 0 0 0 0 0 0 0 0 0 0 0 0 0 0 0 0 0 0 0 0 0 0 0 0 0 0 0 0 0 0 0 0 0 0 0 0 0 0 0 0 0 0 0 0 0 0 0 0 0 0 0 0 0 0 0 0 0 0 0 0 0 0 0 0 0 0 0 0 0 0 0 0 0 0 0 0 0 0 0 0 0 0 0 0 0 0 0 0 0 0 0 0 0 0 0 0 0 0 0 0 0 0 0 0 0 0 0 0 0 0 0 0 0 0 0 0 0 0 0 0 0 0 0 0 0 0 0 0 0 0 0 0 0 0 0 0 0 0 0 0 0 0 0 0 0 0 0 0 0 0 0 0 0 0 0 0 0 0 0 0 0 0 0 0 0 0 0 0 0 0 0 0 0 0 0 0 0 0 0 0 0 0 0 0 0 0 0 0 0 0 0 0 0 0 0 0 0 0 0 0 0 0 0 0 0 0 0 0 0 0 0 0 0 0 0 0 0 0 0 0 0 0 0 0 0 0 0 0 0 0 0 0 0 0 0 0 0 0 0 0 0 0 0 0 0 0 0 0 0 0 0 0 0 0 0 0 0 0 0 0 0 0 0 0 0 0 0 0 0 0 0 0 0 0 0 0 0 0 0 0 0 </v>
        </vertex_weights>
      </skin>
    </controller>
    <controller id="Armature_LB014_1__mShadow-mesh">
      <skin source="#LB014_1__mShadow-mesh">
        <bind_shape_matrix>1 0 0 0 0 1 0 0 0 0 1 0 0 0 0 1</bind_shape_matrix>
        <source id="LB014_1__mShadow-mesh-joint">
          <Name_array id="LB014_1__mShadow-mesh-joint-array" count="1">Root</Name_array>
          <technique_common>
            <accessor source="#LB014_1__mShadow-mesh-joint-array" count="1" stride="1">
              <param name="JOINT" type="name" />
            </accessor>
          </technique_common>
        </source>
        <source id="LB014_1__mShadow-mesh-inv_bind_matrix">
          <float_array id="LB014_1__mShadow-mesh-inv_bind_matrix-array" count="16">1 0 0 0 0 1 0 0 0 0 1 0 0 0 0 1</float_array>
          <technique_common>
            <accessor source="#LB014_1__mShadow-mesh-inv_bind_matrix-array" count="1" stride="16">
              <param name="TRANSFORM" type="float4x4" />
            </accessor>
          </technique_common>
        </source>
        <source id="LB014_1__mShadow-mesh-weight">
          <float_array id="LB014_1__mShadow-mesh-weight-array" count="1">1</float_array>
          <technique_common>
            <accessor source="#LB014_1__mShadow-mesh-weight-array" count="1" stride="1">
              <param name="WEIGHT" type="float" />
            </accessor>
          </technique_common>
        </source>
        <joints>
          <input semantic="JOINT" source="#LB014_1__mShadow-mesh-joint" />
          <input semantic="INV_BIND_MATRIX" source="#LB014_1__mShadow-mesh-inv_bind_matrix" />
        </joints>
        <vertex_weights count="678">
          <input semantic="JOINT" source="#LB014_1__mShadow-mesh-joint" offset="0" />
          <input semantic="WEIGHT" source="#LB014_1__mShadow-mesh-weight" offset="1" />
          <vcount>1 1 1 1 1 1 1 1 1 1 1 1 1 1 1 1 1 1 1 1 1 1 1 1 1 1 1 1 1 1 1 1 1 1 1 1 1 1 1 1 1 1 1 1 1 1 1 1 1 1 1 1 1 1 1 1 1 1 1 1 1 1 1 1 1 1 1 1 1 1 1 1 1 1 1 1 1 1 1 1 1 1 1 1 1 1 1 1 1 1 1 1 1 1 1 1 1 1 1 1 1 1 1 1 1 1 1 1 1 1 1 1 1 1 1 1 1 1 1 1 1 1 1 1 1 1 1 1 1 1 1 1 1 1 1 1 1 1 1 1 1 1 1 1 1 1 1 1 1 1 1 1 1 1 1 1 1 1 1 1 1 1 1 1 1 1 1 1 1 1 1 1 1 1 1 1 1 1 1 1 1 1 1 1 1 1 1 1 1 1 1 1 1 1 1 1 1 1 1 1 1 1 1 1 1 1 1 1 1 1 1 1 1 1 1 1 1 1 1 1 1 1 1 1 1 1 1 1 1 1 1 1 1 1 1 1 1 1 1 1 1 1 1 1 1 1 1 1 1 1 1 1 1 1 1 1 1 1 1 1 1 1 1 1 1 1 1 1 1 1 1 1 1 1 1 1 1 1 1 1 1 1 1 1 1 1 1 1 1 1 1 1 1 1 1 1 1 1 1 1 1 1 1 1 1 1 1 1 1 1 1 1 1 1 1 1 1 1 1 1 1 1 1 1 1 1 1 1 1 1 1 1 1 1 1 1 1 1 1 1 1 1 1 1 1 1 1 1 1 1 1 1 1 1 1 1 1 1 1 1 1 1 1 1 1 1 1 1 1 1 1 1 1 1 1 1 1 1 1 1 1 1 1 1 1 1 1 1 1 1 1 1 1 1 1 1 1 1 1 1 1 1 1 1 1 1 1 1 1 1 1 1 1 1 1 1 1 1 1 1 1 1 1 1 1 1 1 1 1 1 1 1 1 1 1 1 1 1 1 1 1 1 1 1 1 1 1 1 1 1 1 1 1 1 1 1 1 1 1 1 1 1 1 1 1 1 1 1 1 1 1 1 1 1 1 1 1 1 1 1 1 1 1 1 1 1 1 1 1 1 1 1 1 1 1 1 1 1 1 1 1 1 1 1 1 1 1 1 1 1 1 1 1 1 1 1 1 1 1 1 1 1 1 1 1 1 1 1 1 1 1 1 1 1 1 1 1 1 1 1 1 1 1 1 1 1 1 1 1 1 1 1 1 1 1 1 1 1 1 1 1 1 1 1 1 1 1 1 1 1 1 1 1 1 1 1 1 1 1 1 1 1 1 1 1 1 1 1 1 1 1 1 1 1 1 1 1 1 1 1 1 1 1 1 1 1 1 1 1 1 1 1 1 1 1 1 1 1 1 1 1 1 1 1 1 1 1 1 1 1 1 1 1 1 1 1 1 1 1 1 1 1 1 1 1 1 1 1 1 1 1 1 1 1 1 1 1 1 1 1 1 1 1 1 1 1 1 1 1 1 1 1 1 1 1 1 1 1 </vcount>
          <v>0 0 0 0 0 0 0 0 0 0 0 0 0 0 0 0 0 0 0 0 0 0 0 0 0 0 0 0 0 0 0 0 0 0 0 0 0 0 0 0 0 0 0 0 0 0 0 0 0 0 0 0 0 0 0 0 0 0 0 0 0 0 0 0 0 0 0 0 0 0 0 0 0 0 0 0 0 0 0 0 0 0 0 0 0 0 0 0 0 0 0 0 0 0 0 0 0 0 0 0 0 0 0 0 0 0 0 0 0 0 0 0 0 0 0 0 0 0 0 0 0 0 0 0 0 0 0 0 0 0 0 0 0 0 0 0 0 0 0 0 0 0 0 0 0 0 0 0 0 0 0 0 0 0 0 0 0 0 0 0 0 0 0 0 0 0 0 0 0 0 0 0 0 0 0 0 0 0 0 0 0 0 0 0 0 0 0 0 0 0 0 0 0 0 0 0 0 0 0 0 0 0 0 0 0 0 0 0 0 0 0 0 0 0 0 0 0 0 0 0 0 0 0 0 0 0 0 0 0 0 0 0 0 0 0 0 0 0 0 0 0 0 0 0 0 0 0 0 0 0 0 0 0 0 0 0 0 0 0 0 0 0 0 0 0 0 0 0 0 0 0 0 0 0 0 0 0 0 0 0 0 0 0 0 0 0 0 0 0 0 0 0 0 0 0 0 0 0 0 0 0 0 0 0 0 0 0 0 0 0 0 0 0 0 0 0 0 0 0 0 0 0 0 0 0 0 0 0 0 0 0 0 0 0 0 0 0 0 0 0 0 0 0 0 0 0 0 0 0 0 0 0 0 0 0 0 0 0 0 0 0 0 0 0 0 0 0 0 0 0 0 0 0 0 0 0 0 0 0 0 0 0 0 0 0 0 0 0 0 0 0 0 0 0 0 0 0 0 0 0 0 0 0 0 0 0 0 0 0 0 0 0 0 0 0 0 0 0 0 0 0 0 0 0 0 0 0 0 0 0 0 0 0 0 0 0 0 0 0 0 0 0 0 0 0 0 0 0 0 0 0 0 0 0 0 0 0 0 0 0 0 0 0 0 0 0 0 0 0 0 0 0 0 0 0 0 0 0 0 0 0 0 0 0 0 0 0 0 0 0 0 0 0 0 0 0 0 0 0 0 0 0 0 0 0 0 0 0 0 0 0 0 0 0 0 0 0 0 0 0 0 0 0 0 0 0 0 0 0 0 0 0 0 0 0 0 0 0 0 0 0 0 0 0 0 0 0 0 0 0 0 0 0 0 0 0 0 0 0 0 0 0 0 0 0 0 0 0 0 0 0 0 0 0 0 0 0 0 0 0 0 0 0 0 0 0 0 0 0 0 0 0 0 0 0 0 0 0 0 0 0 0 0 0 0 0 0 0 0 0 0 0 0 0 0 0 0 0 0 0 0 0 0 0 0 0 0 0 0 0 0 0 0 0 0 0 0 0 0 0 0 0 0 0 0 0 0 0 0 0 0 0 0 0 0 0 0 0 0 0 0 0 0 0 0 0 0 0 0 0 0 0 0 0 0 0 0 0 0 0 0 0 0 0 0 0 0 0 0 0 0 0 0 0 0 0 0 0 0 0 0 0 0 0 0 0 0 0 0 0 0 0 0 0 0 0 0 0 0 0 0 0 0 0 0 0 0 0 0 0 0 0 0 0 0 0 0 0 0 0 0 0 0 0 0 0 0 0 0 0 0 0 0 0 0 0 0 0 0 0 0 0 0 0 0 0 0 0 0 0 0 0 0 0 0 0 0 0 0 0 0 0 0 0 0 0 0 0 0 0 0 0 0 0 0 0 0 0 0 0 0 0 0 0 0 0 0 0 0 0 0 0 0 0 0 0 0 0 0 0 0 0 0 0 0 0 0 0 0 0 0 0 0 0 0 0 0 0 0 0 0 0 0 0 0 0 0 0 0 0 0 0 0 0 0 0 0 0 0 0 0 0 0 0 0 0 0 0 0 0 0 0 0 0 0 0 0 0 0 0 0 0 0 0 0 0 0 0 0 0 0 0 0 0 0 0 0 0 0 0 0 0 0 0 0 0 0 0 0 0 0 0 0 0 0 0 0 0 0 0 0 0 0 0 0 0 0 0 0 0 0 0 0 0 0 0 0 0 0 0 0 0 0 0 0 0 0 0 0 0 0 0 0 0 0 0 0 0 0 0 0 0 0 0 0 0 0 0 0 0 0 0 0 0 0 0 0 0 0 0 0 0 0 0 0 0 0 0 0 0 0 0 0 0 0 0 0 0 0 0 0 0 0 0 0 0 0 0 0 0 0 0 0 0 0 0 0 0 0 0 0 0 0 0 0 0 0 0 0 0 0 0 0 0 0 0 0 0 0 0 0 0 0 0 0 0 0 0 0 0 0 0 0 0 0 0 0 0 0 0 0 0 0 0 0 0 0 0 0 0 0 0 0 0 0 0 0 0 0 0 0 0 0 0 0 0 0 0 0 0 0 0 0 0 0 0 0 0 0 0 0 0 0 0 0 0 0 0 0 0 0 0 0 0 0 0 0 0 0 0 0 0 0 0 0 0 0 0 0 0 0 0 0 0 0 0 0 0 0 0 0 0 0 0 0 0 0 0 0 0 0 0 0 0 0 0 0 0 0 0 0 0 0 0 0 0 0 0 0 0 0 0 0 0 0 0 0 0 0 0 0 0 0 0 0 0 0 0 0 0 0 0 0 0 0 0 0 0 0 0 0 0 0 0 0 0 0 0 0 0 0 0 0 0 0 0 0 0 0 0 0 0 0 0 0 0 0 0 0 0 0 0 0 0 0 0 0 0 0 0 0 0 0 0 0 0 0 0 0 0 0 0 0 0 0 0 0 0 0 0 0 0 0 0 0 0 0 0 0 0 0 0 0 0 0 0 0 0 0 0 0 0 0 0 0 0 0 0 0 0 0 0 0 0 0 0 0 0 0 0 0 0 0 0 0 0 0 0 0 0 0 0 0 0 0 0 0 0 0 0 0 0 0 0 0 0 0 0 0 0 0 0 0 0 0 0 0 0 0 0 0 0 0 0 0 0 0 0 0 0 0 0 0 0 0 0 </v>
        </vertex_weights>
      </skin>
    </controller>
    <controller id="Armature_LB014__mTreeOakLeafBack-mesh">
      <skin source="#LB014__mTreeOakLeafBack-mesh">
        <bind_shape_matrix>1 0 0 0 0 1 0 0 0 0 1 0 0 0 0 1</bind_shape_matrix>
        <source id="LB014__mTreeOakLeafBack-mesh-joint">
          <Name_array id="LB014__mTreeOakLeafBack-mesh-joint-array" count="1">Root</Name_array>
          <technique_common>
            <accessor source="#LB014__mTreeOakLeafBack-mesh-joint-array" count="1" stride="1">
              <param name="JOINT" type="name" />
            </accessor>
          </technique_common>
        </source>
        <source id="LB014__mTreeOakLeafBack-mesh-inv_bind_matrix">
          <float_array id="LB014__mTreeOakLeafBack-mesh-inv_bind_matrix-array" count="16">1 0 0 0 0 1 0 0 0 0 1 0 0 0 0 1</float_array>
          <technique_common>
            <accessor source="#LB014__mTreeOakLeafBack-mesh-inv_bind_matrix-array" count="1" stride="16">
              <param name="TRANSFORM" type="float4x4" />
            </accessor>
          </technique_common>
        </source>
        <source id="LB014__mTreeOakLeafBack-mesh-weight">
          <float_array id="LB014__mTreeOakLeafBack-mesh-weight-array" count="1">1</float_array>
          <technique_common>
            <accessor source="#LB014__mTreeOakLeafBack-mesh-weight-array" count="1" stride="1">
              <param name="WEIGHT" type="float" />
            </accessor>
          </technique_common>
        </source>
        <joints>
          <input semantic="JOINT" source="#LB014__mTreeOakLeafBack-mesh-joint" />
          <input semantic="INV_BIND_MATRIX" source="#LB014__mTreeOakLeafBack-mesh-inv_bind_matrix" />
        </joints>
        <vertex_weights count="212">
          <input semantic="JOINT" source="#LB014__mTreeOakLeafBack-mesh-joint" offset="0" />
          <input semantic="WEIGHT" source="#LB014__mTreeOakLeafBack-mesh-weight" offset="1" />
          <vcount>1 1 1 1 1 1 1 1 1 1 1 1 1 1 1 1 1 1 1 1 1 1 1 1 1 1 1 1 1 1 1 1 1 1 1 1 1 1 1 1 1 1 1 1 1 1 1 1 1 1 1 1 1 1 1 1 1 1 1 1 1 1 1 1 1 1 1 1 1 1 1 1 1 1 1 1 1 1 1 1 1 1 1 1 1 1 1 1 1 1 1 1 1 1 1 1 1 1 1 1 1 1 1 1 1 1 1 1 1 1 1 1 1 1 1 1 1 1 1 1 1 1 1 1 1 1 1 1 1 1 1 1 1 1 1 1 1 1 1 1 1 1 1 1 1 1 1 1 1 1 1 1 1 1 1 1 1 1 1 1 1 1 1 1 1 1 1 1 1 1 1 1 1 1 1 1 1 1 1 1 1 1 1 1 1 1 1 1 1 1 1 1 1 1 1 1 1 1 1 1 1 1 1 1 1 1 1 1 1 1 1 1 </vcount>
          <v>0 0 0 0 0 0 0 0 0 0 0 0 0 0 0 0 0 0 0 0 0 0 0 0 0 0 0 0 0 0 0 0 0 0 0 0 0 0 0 0 0 0 0 0 0 0 0 0 0 0 0 0 0 0 0 0 0 0 0 0 0 0 0 0 0 0 0 0 0 0 0 0 0 0 0 0 0 0 0 0 0 0 0 0 0 0 0 0 0 0 0 0 0 0 0 0 0 0 0 0 0 0 0 0 0 0 0 0 0 0 0 0 0 0 0 0 0 0 0 0 0 0 0 0 0 0 0 0 0 0 0 0 0 0 0 0 0 0 0 0 0 0 0 0 0 0 0 0 0 0 0 0 0 0 0 0 0 0 0 0 0 0 0 0 0 0 0 0 0 0 0 0 0 0 0 0 0 0 0 0 0 0 0 0 0 0 0 0 0 0 0 0 0 0 0 0 0 0 0 0 0 0 0 0 0 0 0 0 0 0 0 0 0 0 0 0 0 0 0 0 0 0 0 0 0 0 0 0 0 0 0 0 0 0 0 0 0 0 0 0 0 0 0 0 0 0 0 0 0 0 0 0 0 0 0 0 0 0 0 0 0 0 0 0 0 0 0 0 0 0 0 0 0 0 0 0 0 0 0 0 0 0 0 0 0 0 0 0 0 0 0 0 0 0 0 0 0 0 0 0 0 0 0 0 0 0 0 0 0 0 0 0 0 0 0 0 0 0 0 0 0 0 0 0 0 0 0 0 0 0 0 0 0 0 0 0 0 0 0 0 0 0 0 0 0 0 0 0 0 0 0 0 0 0 0 0 0 0 0 0 0 0 0 0 0 0 0 0 0 0 0 0 0 0 0 0 0 0 0 0 0 0 0 0 0 0 0 0 0 0 0 0 0 0 0 0 0 0 0 0 0 0 0 0 0 0 0 0 0 0 0 0 0 0 0 0 0 0 0 0 0 0 0 0 </v>
        </vertex_weights>
      </skin>
    </controller>
    <controller id="Armature_TrunkBottom__mPltTreeOakTrunk-mesh">
      <skin source="#TrunkBottom__mPltTreeOakTrunk-mesh">
        <bind_shape_matrix>1 0 0 0 0 1 0 0 0 0 1 0 0 0 0 1</bind_shape_matrix>
        <source id="TrunkBottom__mPltTreeOakTrunk-mesh-joint">
          <Name_array id="TrunkBottom__mPltTreeOakTrunk-mesh-joint-array" count="1">Root</Name_array>
          <technique_common>
            <accessor source="#TrunkBottom__mPltTreeOakTrunk-mesh-joint-array" count="1" stride="1">
              <param name="JOINT" type="name" />
            </accessor>
          </technique_common>
        </source>
        <source id="TrunkBottom__mPltTreeOakTrunk-mesh-inv_bind_matrix">
          <float_array id="TrunkBottom__mPltTreeOakTrunk-mesh-inv_bind_matrix-array" count="16">1 0 0 0 0 1 0 0 0 0 1 0 0 0 0 1</float_array>
          <technique_common>
            <accessor source="#TrunkBottom__mPltTreeOakTrunk-mesh-inv_bind_matrix-array" count="1" stride="16">
              <param name="TRANSFORM" type="float4x4" />
            </accessor>
          </technique_common>
        </source>
        <source id="TrunkBottom__mPltTreeOakTrunk-mesh-weight">
          <float_array id="TrunkBottom__mPltTreeOakTrunk-mesh-weight-array" count="1">1</float_array>
          <technique_common>
            <accessor source="#TrunkBottom__mPltTreeOakTrunk-mesh-weight-array" count="1" stride="1">
              <param name="WEIGHT" type="float" />
            </accessor>
          </technique_common>
        </source>
        <joints>
          <input semantic="JOINT" source="#TrunkBottom__mPltTreeOakTrunk-mesh-joint" />
          <input semantic="INV_BIND_MATRIX" source="#TrunkBottom__mPltTreeOakTrunk-mesh-inv_bind_matrix" />
        </joints>
        <vertex_weights count="1783">
          <input semantic="JOINT" source="#TrunkBottom__mPltTreeOakTrunk-mesh-joint" offset="0" />
          <input semantic="WEIGHT" source="#TrunkBottom__mPltTreeOakTrunk-mesh-weight" offset="1" />
          <vcount>1 1 1 1 1 1 1 1 1 1 1 1 1 1 1 1 1 1 1 1 1 1 1 1 1 1 1 1 1 1 1 1 1 1 1 1 1 1 1 1 1 1 1 1 1 1 1 1 1 1 1 1 1 1 1 1 1 1 1 1 1 1 1 1 1 1 1 1 1 1 1 1 1 1 1 1 1 1 1 1 1 1 1 1 1 1 1 1 1 1 1 1 1 1 1 1 1 1 1 1 1 1 1 1 1 1 1 1 1 1 1 1 1 1 1 1 1 1 1 1 1 1 1 1 1 1 1 1 1 1 1 1 1 1 1 1 1 1 1 1 1 1 1 1 1 1 1 1 1 1 1 1 1 1 1 1 1 1 1 1 1 1 1 1 1 1 1 1 1 1 1 1 1 1 1 1 1 1 1 1 1 1 1 1 1 1 1 1 1 1 1 1 1 1 1 1 1 1 1 1 1 1 1 1 1 1 1 1 1 1 1 1 1 1 1 1 1 1 1 1 1 1 1 1 1 1 1 1 1 1 1 1 1 1 1 1 1 1 1 1 1 1 1 1 1 1 1 1 1 1 1 1 1 1 1 1 1 1 1 1 1 1 1 1 1 1 1 1 1 1 1 1 1 1 1 1 1 1 1 1 1 1 1 1 1 1 1 1 1 1 1 1 1 1 1 1 1 1 1 1 1 1 1 1 1 1 1 1 1 1 1 1 1 1 1 1 1 1 1 1 1 1 1 1 1 1 1 1 1 1 1 1 1 1 1 1 1 1 1 1 1 1 1 1 1 1 1 1 1 1 1 1 1 1 1 1 1 1 1 1 1 1 1 1 1 1 1 1 1 1 1 1 1 1 1 1 1 1 1 1 1 1 1 1 1 1 1 1 1 1 1 1 1 1 1 1 1 1 1 1 1 1 1 1 1 1 1 1 1 1 1 1 1 1 1 1 1 1 1 1 1 1 1 1 1 1 1 1 1 1 1 1 1 1 1 1 1 1 1 1 1 1 1 1 1 1 1 1 1 1 1 1 1 1 1 1 1 1 1 1 1 1 1 1 1 1 1 1 1 1 1 1 1 1 1 1 1 1 1 1 1 1 1 1 1 1 1 1 1 1 1 1 1 1 1 1 1 1 1 1 1 1 1 1 1 1 1 1 1 1 1 1 1 1 1 1 1 1 1 1 1 1 1 1 1 1 1 1 1 1 1 1 1 1 1 1 1 1 1 1 1 1 1 1 1 1 1 1 1 1 1 1 1 1 1 1 1 1 1 1 1 1 1 1 1 1 1 1 1 1 1 1 1 1 1 1 1 1 1 1 1 1 1 1 1 1 1 1 1 1 1 1 1 1 1 1 1 1 1 1 1 1 1 1 1 1 1 1 1 1 1 1 1 1 1 1 1 1 1 1 1 1 1 1 1 1 1 1 1 1 1 1 1 1 1 1 1 1 1 1 1 1 1 1 1 1 1 1 1 1 1 1 1 1 1 1 1 1 1 1 1 1 1 1 1 1 1 1 1 1 1 1 1 1 1 1 1 1 1 1 1 1 1 1 1 1 1 1 1 1 1 1 1 1 1 1 1 1 1 1 1 1 1 1 1 1 1 1 1 1 1 1 1 1 1 1 1 1 1 1 1 1 1 1 1 1 1 1 1 1 1 1 1 1 1 1 1 1 1 1 1 1 1 1 1 1 1 1 1 1 1 1 1 1 1 1 1 1 1 1 1 1 1 1 1 1 1 1 1 1 1 1 1 1 1 1 1 1 1 1 1 1 1 1 1 1 1 1 1 1 1 1 1 1 1 1 1 1 1 1 1 1 1 1 1 1 1 1 1 1 1 1 1 1 1 1 1 1 1 1 1 1 1 1 1 1 1 1 1 1 1 1 1 1 1 1 1 1 1 1 1 1 1 1 1 1 1 1 1 1 1 1 1 1 1 1 1 1 1 1 1 1 1 1 1 1 1 1 1 1 1 1 1 1 1 1 1 1 1 1 1 1 1 1 1 1 1 1 1 1 1 1 1 1 1 1 1 1 1 1 1 1 1 1 1 1 1 1 1 1 1 1 1 1 1 1 1 1 1 1 1 1 1 1 1 1 1 1 1 1 1 1 1 1 1 1 1 1 1 1 1 1 1 1 1 1 1 1 1 1 1 1 1 1 1 1 1 1 1 1 1 1 1 1 1 1 1 1 1 1 1 1 1 1 1 1 1 1 1 1 1 1 1 1 1 1 1 1 1 1 1 1 1 1 1 1 1 1 1 1 1 1 1 1 1 1 1 1 1 1 1 1 1 1 1 1 1 1 1 1 1 1 1 1 1 1 1 1 1 1 1 1 1 1 1 1 1 1 1 1 1 1 1 1 1 1 1 1 1 1 1 1 1 1 1 1 1 1 1 1 1 1 1 1 1 1 1 1 1 1 1 1 1 1 1 1 1 1 1 1 1 1 1 1 1 1 1 1 1 1 1 1 1 1 1 1 1 1 1 1 1 1 1 1 1 1 1 1 1 1 1 1 1 1 1 1 1 1 1 1 1 1 1 1 1 1 1 1 1 1 1 1 1 1 1 1 1 1 1 1 1 1 1 1 1 1 1 1 1 1 1 1 1 1 1 1 1 1 1 1 1 1 1 1 1 1 1 1 1 1 1 1 1 1 1 1 1 1 1 1 1 1 1 1 1 1 1 1 1 1 1 1 1 1 1 1 1 1 1 1 1 1 1 1 1 1 1 1 1 1 1 1 1 1 1 1 1 1 1 1 1 1 1 1 1 1 1 1 1 1 1 1 1 1 1 1 1 1 1 1 1 1 1 1 1 1 1 1 1 1 1 1 1 1 1 1 1 1 1 1 1 1 1 1 1 1 1 1 1 1 1 1 1 1 1 1 1 1 1 1 1 1 1 1 1 1 1 1 1 1 1 1 1 1 1 1 1 1 1 1 1 1 1 1 1 1 1 1 1 1 1 1 1 1 1 1 1 1 1 1 1 1 1 1 1 1 1 1 1 1 1 1 1 1 1 1 1 1 1 1 1 1 1 1 1 1 1 1 1 1 1 1 1 1 1 1 1 1 1 1 1 1 1 1 1 1 1 1 1 1 1 1 1 1 1 1 1 1 1 1 1 1 1 1 1 1 1 1 1 1 1 1 1 1 1 1 1 1 1 1 1 1 1 1 1 1 1 1 1 1 1 1 1 1 1 1 1 1 1 1 1 1 1 1 1 1 1 1 1 1 1 1 1 1 1 1 1 1 1 1 1 1 1 1 1 1 1 1 1 1 1 1 1 1 1 1 1 1 1 1 1 1 1 1 1 1 1 1 1 1 1 1 1 1 1 1 1 1 1 1 1 1 1 1 1 1 1 1 1 1 1 1 1 1 1 1 1 1 1 1 1 1 1 1 1 1 1 1 1 1 1 1 1 1 1 1 1 1 1 1 1 1 1 1 1 1 1 1 1 1 1 1 1 1 1 1 1 1 1 1 1 1 1 1 1 1 1 1 1 1 1 1 1 1 1 1 1 1 1 1 1 1 1 1 1 1 1 1 1 1 1 1 1 1 1 1 1 1 1 1 1 1 1 1 1 1 1 1 1 1 1 1 1 1 1 1 1 1 1 1 1 1 1 1 1 1 1 1 1 1 1 1 1 1 1 1 1 1 1 1 1 1 1 1 1 1 1 1 1 1 1 1 1 1 1 1 1 1 1 1 1 1 1 1 1 1 1 1 1 1 1 1 1 1 1 1 1 1 1 1 1 1 1 1 1 1 1 1 1 1 1 1 1 1 1 1 1 1 1 1 1 1 1 1 1 1 1 1 1 1 1 1 1 1 1 1 1 1 1 1 1 1 1 1 1 1 1 1 1 1 1 1 1 1 1 1 1 1 1 1 1 1 1 1 1 1 1 1 1 1 1 1 1 1 1 1 1 1 1 1 1 1 1 1 1 1 1 1 1 1 1 1 1 1 1 1 1 1 1 1 1 1 1 1 1 1 1 1 1 1 1 1 1 1 1 1 1 1 1 1 1 1 1 </vcount>
          <v>0 0 0 0 0 0 0 0 0 0 0 0 0 0 0 0 0 0 0 0 0 0 0 0 0 0 0 0 0 0 0 0 0 0 0 0 0 0 0 0 0 0 0 0 0 0 0 0 0 0 0 0 0 0 0 0 0 0 0 0 0 0 0 0 0 0 0 0 0 0 0 0 0 0 0 0 0 0 0 0 0 0 0 0 0 0 0 0 0 0 0 0 0 0 0 0 0 0 0 0 0 0 0 0 0 0 0 0 0 0 0 0 0 0 0 0 0 0 0 0 0 0 0 0 0 0 0 0 0 0 0 0 0 0 0 0 0 0 0 0 0 0 0 0 0 0 0 0 0 0 0 0 0 0 0 0 0 0 0 0 0 0 0 0 0 0 0 0 0 0 0 0 0 0 0 0 0 0 0 0 0 0 0 0 0 0 0 0 0 0 0 0 0 0 0 0 0 0 0 0 0 0 0 0 0 0 0 0 0 0 0 0 0 0 0 0 0 0 0 0 0 0 0 0 0 0 0 0 0 0 0 0 0 0 0 0 0 0 0 0 0 0 0 0 0 0 0 0 0 0 0 0 0 0 0 0 0 0 0 0 0 0 0 0 0 0 0 0 0 0 0 0 0 0 0 0 0 0 0 0 0 0 0 0 0 0 0 0 0 0 0 0 0 0 0 0 0 0 0 0 0 0 0 0 0 0 0 0 0 0 0 0 0 0 0 0 0 0 0 0 0 0 0 0 0 0 0 0 0 0 0 0 0 0 0 0 0 0 0 0 0 0 0 0 0 0 0 0 0 0 0 0 0 0 0 0 0 0 0 0 0 0 0 0 0 0 0 0 0 0 0 0 0 0 0 0 0 0 0 0 0 0 0 0 0 0 0 0 0 0 0 0 0 0 0 0 0 0 0 0 0 0 0 0 0 0 0 0 0 0 0 0 0 0 0 0 0 0 0 0 0 0 0 0 0 0 0 0 0 0 0 0 0 0 0 0 0 0 0 0 0 0 0 0 0 0 0 0 0 0 0 0 0 0 0 0 0 0 0 0 0 0 0 0 0 0 0 0 0 0 0 0 0 0 0 0 0 0 0 0 0 0 0 0 0 0 0 0 0 0 0 0 0 0 0 0 0 0 0 0 0 0 0 0 0 0 0 0 0 0 0 0 0 0 0 0 0 0 0 0 0 0 0 0 0 0 0 0 0 0 0 0 0 0 0 0 0 0 0 0 0 0 0 0 0 0 0 0 0 0 0 0 0 0 0 0 0 0 0 0 0 0 0 0 0 0 0 0 0 0 0 0 0 0 0 0 0 0 0 0 0 0 0 0 0 0 0 0 0 0 0 0 0 0 0 0 0 0 0 0 0 0 0 0 0 0 0 0 0 0 0 0 0 0 0 0 0 0 0 0 0 0 0 0 0 0 0 0 0 0 0 0 0 0 0 0 0 0 0 0 0 0 0 0 0 0 0 0 0 0 0 0 0 0 0 0 0 0 0 0 0 0 0 0 0 0 0 0 0 0 0 0 0 0 0 0 0 0 0 0 0 0 0 0 0 0 0 0 0 0 0 0 0 0 0 0 0 0 0 0 0 0 0 0 0 0 0 0 0 0 0 0 0 0 0 0 0 0 0 0 0 0 0 0 0 0 0 0 0 0 0 0 0 0 0 0 0 0 0 0 0 0 0 0 0 0 0 0 0 0 0 0 0 0 0 0 0 0 0 0 0 0 0 0 0 0 0 0 0 0 0 0 0 0 0 0 0 0 0 0 0 0 0 0 0 0 0 0 0 0 0 0 0 0 0 0 0 0 0 0 0 0 0 0 0 0 0 0 0 0 0 0 0 0 0 0 0 0 0 0 0 0 0 0 0 0 0 0 0 0 0 0 0 0 0 0 0 0 0 0 0 0 0 0 0 0 0 0 0 0 0 0 0 0 0 0 0 0 0 0 0 0 0 0 0 0 0 0 0 0 0 0 0 0 0 0 0 0 0 0 0 0 0 0 0 0 0 0 0 0 0 0 0 0 0 0 0 0 0 0 0 0 0 0 0 0 0 0 0 0 0 0 0 0 0 0 0 0 0 0 0 0 0 0 0 0 0 0 0 0 0 0 0 0 0 0 0 0 0 0 0 0 0 0 0 0 0 0 0 0 0 0 0 0 0 0 0 0 0 0 0 0 0 0 0 0 0 0 0 0 0 0 0 0 0 0 0 0 0 0 0 0 0 0 0 0 0 0 0 0 0 0 0 0 0 0 0 0 0 0 0 0 0 0 0 0 0 0 0 0 0 0 0 0 0 0 0 0 0 0 0 0 0 0 0 0 0 0 0 0 0 0 0 0 0 0 0 0 0 0 0 0 0 0 0 0 0 0 0 0 0 0 0 0 0 0 0 0 0 0 0 0 0 0 0 0 0 0 0 0 0 0 0 0 0 0 0 0 0 0 0 0 0 0 0 0 0 0 0 0 0 0 0 0 0 0 0 0 0 0 0 0 0 0 0 0 0 0 0 0 0 0 0 0 0 0 0 0 0 0 0 0 0 0 0 0 0 0 0 0 0 0 0 0 0 0 0 0 0 0 0 0 0 0 0 0 0 0 0 0 0 0 0 0 0 0 0 0 0 0 0 0 0 0 0 0 0 0 0 0 0 0 0 0 0 0 0 0 0 0 0 0 0 0 0 0 0 0 0 0 0 0 0 0 0 0 0 0 0 0 0 0 0 0 0 0 0 0 0 0 0 0 0 0 0 0 0 0 0 0 0 0 0 0 0 0 0 0 0 0 0 0 0 0 0 0 0 0 0 0 0 0 0 0 0 0 0 0 0 0 0 0 0 0 0 0 0 0 0 0 0 0 0 0 0 0 0 0 0 0 0 0 0 0 0 0 0 0 0 0 0 0 0 0 0 0 0 0 0 0 0 0 0 0 0 0 0 0 0 0 0 0 0 0 0 0 0 0 0 0 0 0 0 0 0 0 0 0 0 0 0 0 0 0 0 0 0 0 0 0 0 0 0 0 0 0 0 0 0 0 0 0 0 0 0 0 0 0 0 0 0 0 0 0 0 0 0 0 0 0 0 0 0 0 0 0 0 0 0 0 0 0 0 0 0 0 0 0 0 0 0 0 0 0 0 0 0 0 0 0 0 0 0 0 0 0 0 0 0 0 0 0 0 0 0 0 0 0 0 0 0 0 0 0 0 0 0 0 0 0 0 0 0 0 0 0 0 0 0 0 0 0 0 0 0 0 0 0 0 0 0 0 0 0 0 0 0 0 0 0 0 0 0 0 0 0 0 0 0 0 0 0 0 0 0 0 0 0 0 0 0 0 0 0 0 0 0 0 0 0 0 0 0 0 0 0 0 0 0 0 0 0 0 0 0 0 0 0 0 0 0 0 0 0 0 0 0 0 0 0 0 0 0 0 0 0 0 0 0 0 0 0 0 0 0 0 0 0 0 0 0 0 0 0 0 0 0 0 0 0 0 0 0 0 0 0 0 0 0 0 0 0 0 0 0 0 0 0 0 0 0 0 0 0 0 0 0 0 0 0 0 0 0 0 0 0 0 0 0 0 0 0 0 0 0 0 0 0 0 0 0 0 0 0 0 0 0 0 0 0 0 0 0 0 0 0 0 0 0 0 0 0 0 0 0 0 0 0 0 0 0 0 0 0 0 0 0 0 0 0 0 0 0 0 0 0 0 0 0 0 0 0 0 0 0 0 0 0 0 0 0 0 0 0 0 0 0 0 0 0 0 0 0 0 0 0 0 0 0 0 0 0 0 0 0 0 0 0 0 0 0 0 0 0 0 0 0 0 0 0 0 0 0 0 0 0 0 0 0 0 0 0 0 0 0 0 0 0 0 0 0 0 0 0 0 0 0 0 0 0 0 0 0 0 0 0 0 0 0 0 0 0 0 0 0 0 0 0 0 0 0 0 0 0 0 0 0 0 0 0 0 0 0 0 0 0 0 0 0 0 0 0 0 0 0 0 0 0 0 0 0 0 0 0 0 0 0 0 0 0 0 0 0 0 0 0 0 0 0 0 0 0 0 0 0 0 0 0 0 0 0 0 0 0 0 0 0 0 0 0 0 0 0 0 0 0 0 0 0 0 0 0 0 0 0 0 0 0 0 0 0 0 0 0 0 0 0 0 0 0 0 0 0 0 0 0 0 0 0 0 0 0 0 0 0 0 0 0 0 0 0 0 0 0 0 0 0 0 0 0 0 0 0 0 0 0 0 0 0 0 0 0 0 0 0 0 0 0 0 0 0 0 0 0 0 0 0 0 0 0 0 0 0 0 0 0 0 0 0 0 0 0 0 0 0 0 0 0 0 0 0 0 0 0 0 0 0 0 0 0 0 0 0 0 0 0 0 0 0 0 0 0 0 0 0 0 0 0 0 0 0 0 0 0 0 0 0 0 0 0 0 0 0 0 0 0 0 0 0 0 0 0 0 0 0 0 0 0 0 0 0 0 0 0 0 0 0 0 0 0 0 0 0 0 0 0 0 0 0 0 0 0 0 0 0 0 0 0 0 0 0 0 0 0 0 0 0 0 0 0 0 0 0 0 0 0 0 0 0 0 0 0 0 0 0 0 0 0 0 0 0 0 0 0 0 0 0 0 0 0 0 0 0 0 0 0 0 0 0 0 0 0 0 0 0 0 0 0 0 0 0 0 0 0 0 0 0 0 0 0 0 0 0 0 0 0 0 0 0 0 0 0 0 0 0 0 0 0 0 0 0 0 0 0 0 0 0 0 0 0 0 0 0 0 0 0 0 0 0 0 0 0 0 0 0 0 0 0 0 0 0 0 0 0 0 0 0 0 0 0 0 0 0 0 0 0 0 0 0 0 0 0 0 0 0 0 0 0 0 0 0 0 0 0 0 0 0 0 0 0 0 0 0 0 0 0 0 0 0 0 0 0 0 0 0 0 0 0 0 0 0 0 0 0 0 0 0 0 0 0 0 0 0 0 0 0 0 0 0 0 0 0 0 0 0 0 0 0 0 0 0 0 0 0 0 0 0 0 0 0 0 0 0 0 0 0 0 0 0 0 0 0 0 0 0 0 0 0 0 0 0 0 0 0 0 0 0 0 0 0 0 0 0 0 0 0 0 0 0 0 0 0 0 0 0 0 0 0 0 0 0 0 0 0 0 0 0 0 0 0 0 0 0 0 0 0 0 0 0 0 0 0 0 0 0 0 0 0 0 0 0 0 0 0 0 0 0 0 0 0 0 0 0 0 0 0 0 0 0 0 0 0 0 0 0 0 0 0 0 0 0 0 0 0 0 0 0 0 0 0 0 0 0 0 0 0 0 0 0 0 0 0 0 0 0 0 0 0 0 0 0 0 0 0 0 0 0 0 0 0 0 0 0 0 0 0 0 0 0 0 0 0 0 0 0 0 0 0 0 0 0 0 0 0 0 0 0 0 0 0 0 0 0 0 0 0 0 0 0 0 0 0 0 0 0 0 0 0 0 0 0 0 0 0 0 0 0 0 0 0 0 0 0 0 0 0 0 0 0 0 0 0 0 0 0 0 0 0 0 0 0 0 0 0 0 0 0 0 0 0 0 0 0 0 0 0 0 0 0 0 0 0 0 0 0 0 0 0 0 0 0 0 0 0 0 0 0 0 0 0 0 0 0 0 0 0 0 0 0 0 0 0 0 0 0 0 0 0 0 0 0 0 0 0 0 0 0 0 0 0 0 0 0 0 0 0 0 0 0 0 0 0 0 0 0 0 0 0 0 0 0 0 0 0 0 0 0 0 0 0 0 0 0 0 0 0 0 0 0 0 0 0 0 0 0 0 0 0 0 0 0 0 0 0 0 0 0 0 0 0 0 0 0 0 0 0 0 0 0 0 0 0 0 0 0 0 0 0 0 0 0 0 0 0 0 0 0 0 0 0 0 0 0 0 0 0 0 0 0 0 0 0 0 0 0 0 0 0 0 0 0 0 0 0 0 0 0 0 0 0 0 0 0 0 0 0 0 0 0 0 0 0 0 0 0 0 0 0 0 0 0 0 0 0 0 0 0 0 0 0 0 0 0 0 0 0 0 0 0 0 0 0 0 0 0 0 0 0 0 0 0 0 0 0 0 0 0 0 0 0 0 0 0 0 0 0 0 0 0 0 0 0 0 0 0 0 0 0 0 0 0 0 0 0 0 0 0 0 0 0 0 0 0 0 0 0 0 0 0 0 0 0 0 0 0 0 0 0 0 0 0 0 0 0 0 0 0 0 0 0 0 0 0 0 0 0 0 0 0 0 0 0 0 0 0 0 0 0 0 0 0 0 0 0 0 0 0 0 0 0 0 0 0 0 0 0 0 0 0 0 0 0 0 0 0 0 0 0 0 0 0 0 0 0 0 0 0 0 0 0 0 0 0 0 0 0 0 0 0 0 0 0 0 0 0 0 0 0 0 0 0 0 0 0 0 0 0 0 0 0 0 0 0 0 0 0 0 0 0 0 0 0 0 0 0 0 0 0 0 0 0 0 0 0 0 0 0 0 0 0 0 0 0 0 0 0 0 0 0 0 0 0 0 0 0 0 0 0 0 0 0 0 0 0 0 0 0 0 0 0 0 0 0 0 0 0 0 0 0 0 0 0 0 0 0 0 0 0 0 0 0 0 0 0 0 0 0 0 0 0 0 0 0 0 0 0 0 0 0 0 0 0 0 0 0 0 0 0 0 0 0 0 0 0 0 0 0 0 0 0 0 0 0 0 0 0 0 0 0 0 0 0 0 0 0 0 0 0 0 0 0 0 0 0 0 0 0 0 0 0 0 0 0 0 0 0 0 0 0 0 0 0 0 0 0 0 0 0 0 0 0 0 0 0 0 0 0 0 0 0 0 0 0 0 0 0 0 0 0 0 0 0 0 0 0 0 0 0 0 0 0 0 0 0 0 0 0 0 0 0 0 0 0 0 0 0 0 0 0 0 0 0 0 0 0 0 0 0 0 0 0 0 0 0 0 0 0 0 0 0 0 0 0 0 0 0 0 0 0 0 0 0 0 0 0 0 0 0 0 0 0 0 0 0 0 0 0 0 0 0 0 0 0 0 0 0 0 0 0 0 0 0 0 0 0 0 0 0 0 0 0 0 0 0 0 0 0 0 0 0 0 0 0 0 0 0 0 0 0 0 0 0 0 0 0 0 0 0 0 0 0 0 0 0 0 0 0 0 0 0 0 0 0 0 0 0 0 0 0 0 0 0 0 0 0 0 0 0 0 0 0 0 0 0 0 0 0 0 0 0 0 0 0 0 0 0 0 0 0 0 0 0 0 0 0 0 0 0 0 0 0 0 0 0 0 0 0 0 0 0 0 0 0 0 0 0 0 0 0 0 0 0 0 0 0 0 0 0 0 0 0 0 0 0 0 0 0 0 0 0 0 0 0 0 0 0 0 0 0 0 0 0 0 0 0 0 0 0 0 0 0 0 0 0 0 0 0 0 0 0 0 0 0 0 0 0 0 0 0 0 0 0 0 0 0 0 0 0 0 0 0 0 0 0 0 0 0 0 0 0 0 0 0 0 0 0 0 0 0 0 0 0 0 0 0 0 0 0 0 0 0 0 0 0 0 0 0 0 0 0 0 0 0 0 0 0 0 0 0 0 0 0 0 0 0 0 0 0 0 0 0 0 0 0 0 0 0 0 0 0 0 0 0 0 0 0 0 0 0 0 0 0 0 0 0 0 0 0 0 0 0 0 0 0 0 0 0 0 0 0 0 0 0 0 0 0 0 0 0 0 0 0 0 0 0 0 0 0 0 0 0 0 0 0 0 0 0 0 0 0 0 0 0 0 0 0 0 0 0 0 0 0 0 0 0 0 0 0 0 0 0 0 0 0 0 0 0 0 0 0 0 0 0 0 0 0 0 0 0 0 0 0 0 0 0 0 0 0 0 0 0 0 0 0 0 0 0 0 0 0 0 0 0 0 0 0 0 0 0 0 0 0 0 0 0 0 0 0 0 0 0 0 0 0 0 0 0 0 0 0 0 0 0 0 0 0 0 0 0 0 0 0 0 0 0 0 </v>
        </vertex_weights>
      </skin>
    </controller>
  </library_controllers>
  <library_visual_scenes>
    <visual_scene id="Scene" name="Scene">
      <node id="Armature" name="Armature" type="NODE">
        <matrix sid="transform">1 0 0 0 0 1 0 0 0 0 1 0 0 0 0 1</matrix>
        <node id="Armature_Root" name="Root" sid="Root" type="JOINT">
          <matrix sid="transform">1 0 0 0 0 1 0 0 0 0 1 0 0 0 0 1</matrix>
        </node>
      </node>
      <node id="L01_01__mTreeOakLeaf" name="L01_01__mTreeOakLeaf" type="NODE">
        <instance_controller url="#Armature_L01_01__mTreeOakLeaf-mesh">
          <skeleton>#Armature_Root</skeleton>
          <bind_material>
            <technique_common>
              <instance_material symbol="mTreeOakLeaf" target="#mTreeOakLeaf" />
              <bind_vertex_input semantic="CHANNEL0" input_semantic="TEXCOORD" input_set="0" />
              <bind_vertex_input semantic="CHANNEL1" input_semantic="TEXCOORD" input_set="1" />
              <bind_vertex_input semantic="CHANNEL2" input_semantic="TEXCOORD" input_set="2" />
            </technique_common>
          </bind_material>
        </instance_controller>
      </node>
      <node id="L02_011_1__mShadowShake" name="L02_011_1__mShadowShake" type="NODE">
        <instance_controller url="#Armature_L02_011_1__mShadowShake-mesh">
          <skeleton>#Armature_Root</skeleton>
          <bind_material>
            <technique_common>
              <instance_material symbol="mShadowShake" target="#mShadowShake" />
              <bind_vertex_input semantic="CHANNEL0" input_semantic="TEXCOORD" input_set="0" />
              <bind_vertex_input semantic="CHANNEL1" input_semantic="TEXCOORD" input_set="1" />
              <bind_vertex_input semantic="CHANNEL2" input_semantic="TEXCOORD" input_set="2" />
            </technique_common>
          </bind_material>
        </instance_controller>
      </node>
      <node id="LB014_1__mShadow" name="LB014_1__mShadow" type="NODE">
        <instance_controller url="#Armature_LB014_1__mShadow-mesh">
          <skeleton>#Armature_Root</skeleton>
          <bind_material>
            <technique_common>
              <instance_material symbol="mShadow" target="#mShadow" />
              <bind_vertex_input semantic="CHANNEL0" input_semantic="TEXCOORD" input_set="0" />
              <bind_vertex_input semantic="CHANNEL1" input_semantic="TEXCOORD" input_set="1" />
              <bind_vertex_input semantic="CHANNEL2" input_semantic="TEXCOORD" input_set="2" />
            </technique_common>
          </bind_material>
        </instance_controller>
      </node>
      <node id="LB014__mTreeOakLeafBack" name="LB014__mTreeOakLeafBack" type="NODE">
        <instance_controller url="#Armature_LB014__mTreeOakLeafBack-mesh">
          <skeleton>#Armature_Root</skeleton>
          <bind_material>
            <technique_common>
              <instance_material symbol="mTreeOakLeafBack" target="#mTreeOakLeafBack" />
              <bind_vertex_input semantic="CHANNEL0" input_semantic="TEXCOORD" input_set="0" />
              <bind_vertex_input semantic="CHANNEL1" input_semantic="TEXCOORD" input_set="1" />
              <bind_vertex_input semantic="CHANNEL2" input_semantic="TEXCOORD" input_set="2" />
            </technique_common>
          </bind_material>
        </instance_controller>
      </node>
      <node id="TrunkBottom__mPltTreeOakTrunk" name="TrunkBottom__mPltTreeOakTrunk" type="NODE">
        <instance_controller url="#Armature_TrunkBottom__mPltTreeOakTrunk-mesh">
          <skeleton>#Armature_Root</skeleton>
          <bind_material>
            <technique_common>
              <instance_material symbol="mPltTreeOakTrunk" target="#mPltTreeOakTrunk" />
              <bind_vertex_input semantic="CHANNEL0" input_semantic="TEXCOORD" input_set="0" />
              <bind_vertex_input semantic="CHANNEL1" input_semantic="TEXCOORD" input_set="1" />
              <bind_vertex_input semantic="CHANNEL2" input_semantic="TEXCOORD" input_set="2" />
            </technique_common>
          </bind_material>
        </instance_controller>
      </node>
    </visual_scene>
  </library_visual_scenes>
  <scene>
    <instance_visual_scene url="#Scene" />
  </scene>
</COLLADA>