<?xml version="1.0" encoding="utf-8"?>
<COLLADA xmlns="http://www.collada.org/2005/11/COLLADASchema" version="1.4.1">
  <asset />
  <library_images>
    <image id="mPltTreeOakLeafColor_Grd">
      <init_from>mPltTreeOakLeafColor_Grd.png</init_from>
    </image>
    <image id="mPltTreeOakTrunkColor_Grd">
      <init_from>mPltTreeOakTrunkColor_Grd.png</init_from>
    </image>
    <image id="mPltTreeOakTrunk_AlbGry">
      <init_from>mPltTreeOakTrunk_AlbGry.png</init_from>
    </image>
    <image id="mPltTreeOakTrunk_Mix">
      <init_from>mPltTreeOakTrunk_Mix.png</init_from>
    </image>
    <image id="mPltTreeOakTrunk_Nrm">
      <init_from>mPltTreeOakTrunk_Nrm.png</init_from>
    </image>
    <image id="mTreeOakLeafBack_AlbGry">
      <init_from>mTreeOakLeafBack_AlbGry.png</init_from>
    </image>
    <image id="mTreeOakLeafBack_Mix">
      <init_from>mTreeOakLeafBack_Mix.png</init_from>
    </image>
    <image id="mTreeOakLeafBack_Nrm">
      <init_from>mTreeOakLeafBack_Nrm.png</init_from>
    </image>
    <image id="mTreeOakLeafBack_OP">
      <init_from>mTreeOakLeafBack_OP.png</init_from>
    </image>
    <image id="mTreeOakLeaf_AlbGry">
      <init_from>mTreeOakLeaf_AlbGry.png</init_from>
    </image>
    <image id="mTreeOakLeaf_Mix">
      <init_from>mTreeOakLeaf_Mix.png</init_from>
    </image>
    <image id="mTreeOakLeaf_Nrm">
      <init_from>mTreeOakLeaf_Nrm.png</init_from>
    </image>
    <image id="mTreeOakLeaf_OP">
      <init_from>mTreeOakLeaf_OP.png</init_from>
    </image>
  </library_images>
  <library_materials>
    <material id="mPltTreeOakTrunk">
      <instance_effect url="#Effect_mPltTreeOakTrunk" />
    </material>
  </library_materials>
  <library_effects>
    <effect id="Effect_mPltTreeOakTrunk">
      <profile_COMMON>
        <newparam sid="surface_mPltTreeOakTrunk-bump">
          <surface type="2D">
            <init_from>mPltTreeOakTrunk_Nrm</init_from>
            <format>A8R8G8B8</format>
          </surface>
        </newparam>
        <newparam sid="sampler_mPltTreeOakTrunk-bump">
          <sampler2D>
            <source>surface_mPltTreeOakTrunk-bump</source>
            <wrap_s>WRAP</wrap_s>
            <wrap_t>WRAP</wrap_t>
          </sampler2D>
        </newparam>
        <newparam sid="surface_mPltTreeOakTrunk-diffuse">
          <surface type="2D">
            <init_from>mPltTreeOakTrunk_AlbGry</init_from>
            <format>A8R8G8B8</format>
          </surface>
        </newparam>
        <newparam sid="sampler_mPltTreeOakTrunk-diffuse">
          <sampler2D>
            <source>surface_mPltTreeOakTrunk-diffuse</source>
            <wrap_s>WRAP</wrap_s>
            <wrap_t>WRAP</wrap_t>
          </sampler2D>
        </newparam>
        <newparam sid="surface_mPltTreeOakTrunk-specular">
          <surface type="2D">
            <init_from>mPltTreeOakTrunk_Mix</init_from>
            <format>A8R8G8B8</format>
          </surface>
        </newparam>
        <newparam sid="sampler_mPltTreeOakTrunk-specular">
          <sampler2D>
            <source>surface_mPltTreeOakTrunk-specular</source>
            <wrap_s>WRAP</wrap_s>
            <wrap_t>WRAP</wrap_t>
          </sampler2D>
        </newparam>
        <technique sid="common">
          <phong>
            <bump>
              <texture texture="sampler_mPltTreeOakTrunk-bump" texcoord="CHANNEL0" />
            </bump>
            <diffuse>
              <texture texture="sampler_mPltTreeOakTrunk-diffuse" texcoord="CHANNEL0" />
            </diffuse>
            <specular>
              <texture texture="sampler_mPltTreeOakTrunk-specular" texcoord="CHANNEL0" />
            </specular>
            <emission>
              <color sid="emission">0 0 0 1</color>
            </emission>
          </phong>
        </technique>
      </profile_COMMON>
    </effect>
  </library_effects>
  <library_geometries>
    <geometry id="TrunkBottom__mPltTreeOakTrunk-mesh" name="TrunkBottom__mPltTreeOakTrunk">
      <mesh>
        <source id="TrunkBottom__mPltTreeOakTrunk-position">
          <float_array id="TrunkBottom__mPltTreeOakTrunk-position-array" count="2907">1.060233 -0.1310621 -1.450455 0.7954212 0.3454574 -1.862909 0.9010798 0.41264 -1.496362 -0.2063338 0.1585154 -2.913391 -0.001352065 -0.05782601 -3.137239 -0.00360498 -0.6631367 -3.30815 -0.001352065 -0.05782601 -3.137239 0.2036297 0.1585154 -2.913391 -0.00360498 -0.6631367 -3.30815 0.3982002 0.4582391 -2.45182 0.5640725 0.2423253 -2.45182 0.2036297 0.1585154 -2.913391 1.12775 1.30371 -1.404965 0.9010798 0.41264 -1.496362 0.59554 0.8105894 -1.696137 0.59554 0.8105894 -1.696137 0.6629027 1.658362 -1.600571 1.12775 1.30371 -1.404965 1.060233 -0.1310621 -1.450455 0.9350303 -0.3610843 -1.911687 0.7954212 0.3454574 -1.862909 -0.7440137 0.9570405 1.622483 -0.6582402 0.7272472 1.884901 -0.529422 0.8463433 1.726706 -0.529422 0.8463433 1.726706 -0.6582402 0.7272472 1.884901 -0.2752343 0.5753191 1.710231 -0.2752343 0.5753191 1.710231 -0.4249894 0.3454574 1.999605 -0.1128733 0.4126402 1.739003 -0.1128733 0.4126402 1.739003 -0.4249894 0.3454574 1.999605 0.0547631 -0.1310624 1.823701 -0.3404112 -0.3610844 2.149113 0.0547631 -0.1310624 1.823701 -0.4249894 0.3454574 1.999605 -1.475599 0.8463433 1.039268 -1.584078 0.7272472 1.21224 -1.309197 0.9570405 1.210411 -1.538324 0.5753191 0.7925423 -1.584078 0.7272472 1.21224 -1.475599 0.8463433 1.039268 -1.724931 -0.1310624 0.5730851 -1.765142 0.3454574 1.032781 -1.598362 0.4126402 0.7008759 -1.765142 0.3454574 1.032781 -1.724931 -0.1310624 0.5730851 -1.931507 -0.3610844 0.993114 -1.51005 0.2142309 2.516583 -1.072947 0.2423253 2.422454 -1.196448 0.4744479 2.333004 -1.51005 0.2142309 2.516583 -1.722106 0.3064919 2.373588 -1.877823 -0.001641806 2.587914 -1.722106 0.3064919 2.373588 -1.923631 0.2142309 2.216099 -1.877823 -0.001641806 2.587914 -1.844488 0.4744478 1.863512 -1.979617 0.2423253 1.765612 -1.923631 0.2142309 2.216099 -1.51005 0.2142309 2.516583 -1.877823 -0.001641806 2.587914 -1.694009 -0.003800078 2.608542 -1.80095 -0.6499135 2.732302 -1.55739 -0.01260537 2.608156 -1.694009 -0.003800078 2.608542 -1.877823 -0.001641806 2.587914 -1.923631 0.2142309 2.216099 -1.954332 -0.003800078 2.419406 -2.084455 -0.5725634 1.796884 -2.015897 -0.002455014 1.952092 -1.979617 0.2423253 1.765612 -1.694009 -0.003800078 2.608542 -1.877823 -0.001641806 2.587914 -1.976654 -0.6631367 2.729462 -1.694009 -0.003800078 2.608542 -1.976654 -0.6631367 2.729462 -1.80095 -0.6499135 2.732302 -1.976654 -0.6631367 2.729462 -1.877823 -0.001641806 2.587914 -1.954332 -0.003800078 2.419406 -1.923631 0.2142309 2.216099 -1.996182 -0.01260537 2.289354 -1.954332 -0.003800078 2.419406 -2.033651 -0.6499135 2.563236 -1.976654 -0.6631367 2.729462 -1.954332 -0.003800078 2.419406 -1.954332 -0.003800078 2.419406 -1.996182 -0.01260537 2.289354 -2.033651 -0.6499135 2.563236 -1.062291 1.042602 1.46543 -1.295657 1.658362 1.130884 -1.309197 0.9570405 1.210411 0.0547631 -0.1310624 1.823701 0.05527601 0.4225618 1.765636 -0.1128733 0.4126402 1.739003 -0.529422 0.8463433 1.726706 -0.6754586 1.658362 1.581484 -0.7440137 0.9570405 1.622483 -1.658755 1.421487 0.5709593 -1.665729 0.8887519 0.5488626 -1.475599 0.8463433 1.039268 -1.598362 0.4126402 0.7008759 -1.675652 0.4225618 0.5491859 -1.724931 -0.1310624 0.5730851 -0.7440137 0.9570405 1.622483 -0.6754586 1.658362 1.581484 -1.062291 1.042602 1.46543 -1.475599 0.8463433 1.039268 -1.665729 0.8887519 0.5488626 -1.538324 0.5753191 0.7925423 -0.2752343 0.5753191 1.710231 -0.6582402 0.7272472 1.884901 -0.4249894 0.3454574 1.999605 -1.072947 0.2423253 2.422454 -1.51005 0.2142309 2.516583 -1.232411 -0.003390647 2.520763 -1.382571 -0.6228275 2.757432 -1.232411 -0.003390647 2.520763 -1.55739 -0.01260537 2.608156 -1.072947 0.2423253 2.422454 -1.232411 -0.003390647 2.520763 -1.056408 -0.5725634 2.543804 -2.186837 -0.6228275 2.173098 -2.015897 -0.002455014 1.952092 -2.084455 -0.5725634 1.796884 -1.55739 -0.01260537 2.608156 -1.51005 0.2142309 2.516583 -1.694009 -0.003800078 2.608542 -1.80095 -0.6499135 2.732302 -1.382571 -0.6228275 2.757432 -1.55739 -0.01260537 2.608156 -2.033651 -0.6499135 2.563236 -1.996182 -0.01260537 2.289354 -2.186837 -0.6228275 2.173098 -1.55739 -0.01260537 2.608156 -1.232411 -0.003390647 2.520763 -1.51005 0.2142309 2.516583 -1.996182 -0.01260537 2.289354 -2.015897 -0.002455014 1.952092 -2.186837 -0.6228275 2.173098 -0.2752343 0.5753191 1.710231 -0.001352132 0.8831548 1.772755 -0.529422 0.8463433 1.726706 1.451506 0.6906022 1.054808 1.477167 0.6040546 1.321726 1.542927 0.5336091 0.841143 1.542927 0.5336091 0.841143 1.651717 0.3323691 1.153686 1.606826 0.3821355 0.7361598 1.606826 0.3821355 0.7361598 1.651717 0.3323691 1.153686 1.717721 -0.1310624 0.573085 1.79661 -0.331739 1.140963 1.717721 -0.1310624 0.573085 1.651717 0.3323691 1.153686 0.5466545 0.6906022 1.712221 0.6601506 0.6040546 1.859947 0.7525309 0.7740598 1.612888 0.3589465 0.5479622 1.735389 0.6601506 0.6040546 1.859947 0.5466545 0.6906022 1.712221 0.0547631 -0.1310624 1.823701 0.4473633 0.3323691 1.953711 0.2490611 0.3637507 1.774288 1.722527 0.1369894 2.24978 1.79878 0.2125817 1.844448 1.664485 0.3706837 1.933922 1.862091 -0.5864496 2.2917 1.79878 0.2125817 1.844448 1.722527 0.1369894 2.24978 1.79878 0.2125817 1.844448 1.862091 -0.5864496 2.2917 1.874967 -0.5411137 1.894972 1.722527 0.1369894 2.24978 1.571483 0.2243473 2.359683 1.675639 -0.006042726 2.519294 1.862091 -0.5864496 2.2917 1.722527 0.1369894 2.24978 1.704393 -0.007989375 2.456187 1.571483 0.2243473 2.359683 1.411755 0.1369894 2.456278 1.675639 -0.006042726 2.519294 1.147614 0.3706837 2.278515 1.004976 0.2125817 2.373531 1.411755 0.1369894 2.456278 1.722527 0.1369894 2.24978 1.675639 -0.006042726 2.519294 1.704393 -0.007989375 2.456187 1.825208 -0.6108795 2.519352 1.862091 -0.5864496 2.2917 1.704393 -0.007989375 2.456187 1.675639 -0.006042726 2.519294 1.411755 0.1369894 2.456278 1.606827 -0.007989375 2.521016 1.411755 0.1369894 2.456278 1.004976 0.2125817 2.373531 1.385347 -0.5864496 2.608479 1.704393 -0.007989375 2.456187 1.675639 -0.006042726 2.519294 1.765132 -0.6228063 2.666794 1.704393 -0.007989375 2.456187 1.765132 -0.6228063 2.666794 1.825208 -0.6108795 2.519352 1.765132 -0.6228063 2.666794 1.675639 -0.006042726 2.519294 1.606827 -0.007989375 2.521016 1.411755 0.1369894 2.456278 1.385347 -0.5864496 2.608479 1.606827 -0.007989375 2.521016 1.004976 0.2125817 2.373531 1.019086 -0.5411137 2.463673 1.385347 -0.5864496 2.608479 1.607167 -0.6108795 2.664232 1.765132 -0.6228063 2.666794 1.606827 -0.007989375 2.521016 1.606827 -0.007989375 2.521016 1.385347 -0.5864496 2.608479 1.607167 -0.6108795 2.664232 1.059587 0.8424299 1.517465 0.6757196 1.658362 1.581484 0.7525309 0.7740598 1.612888 1.717721 -0.1310624 0.573085 1.639807 0.4225618 0.5491859 1.606826 0.3821355 0.7361598 1.451506 0.6906022 1.054808 1.295918 1.658362 1.130884 1.294371 0.7740598 1.220661 0.2490611 0.3637507 1.774288 0.05527601 0.4225618 1.765636 0.0547631 -0.1310624 1.823701 1.451506 0.6906022 1.054808 1.659016 1.421487 0.5709592 1.295918 1.658362 1.130884 1.294371 0.7740598 1.220661 1.295918 1.658362 1.130884 1.059587 0.8424299 1.517465 1.451506 0.6906022 1.054808 1.663025 0.8887519 0.5488626 1.659016 1.421487 0.5709592 0.5466545 0.6906022 1.712221 -0.001352132 0.8831548 1.772755 0.3589465 0.5479622 1.735389 1.542927 0.5336091 0.841143 1.477167 0.6040546 1.321726 1.651717 0.3323691 1.153686 1.542927 0.5336091 0.841143 1.663025 0.8887519 0.5488626 1.451506 0.6906022 1.054808 -1.76406 0.7740598 -0.2165701 -1.97135 0.6040546 -0.1908894 -1.793699 0.7084985 0.009968731 -1.793699 0.7084985 0.009968731 -1.97135 0.6040546 -0.1908894 -1.742071 0.5336091 0.2365632 -1.742071 0.5336091 0.2365632 -2.013792 0.3323691 0.04765566 -1.743763 0.3821355 0.367559 -1.743763 0.3821355 0.367559 -2.013792 0.3323691 0.04765566 -1.724931 -0.1310624 0.5730851 -2.122544 -0.331739 0.1600317 -1.724931 -0.1310624 0.5730851 -2.013792 0.3323691 0.04765566 -1.448076 0.7084985 -1.053747 -1.626728 0.6040546 -1.10655 -1.556247 0.7740598 -0.8523743 -1.067328 -0.1310921 -1.450297 -1.509692 0.3323691 -1.307479 -1.197987 0.3821355 -1.312167 -1.509692 0.3323691 -1.307479 -1.067328 -0.1310921 -1.450297 -1.516417 -0.331739 -1.450449 -2.75918 0.1586937 -0.806236 -2.57732 0.2365559 -0.4223019 -2.51958 0.3994056 -0.5781684 -2.898614 -0.580256 -0.7390335 -2.57732 0.2365559 -0.4223019 -2.75918 0.1586937 -0.806236 -2.57732 0.2365559 -0.4223019 -2.898614 -0.580256 -0.7390335 -2.66915 -0.5335588 -0.4006401 -2.75918 0.1586937 -0.806236 -2.699852 0.2486749 -0.9892663 -2.883281 0.0113664 -1.059212 -2.898614 -0.580256 -0.7390335 -2.75918 0.1586937 -0.806236 -2.874465 0.009361299 -0.9746106 -2.699852 0.2486749 -0.9892663 -2.625231 0.1586937 -1.166465 -2.883281 0.0113664 -1.059212 -2.297496 0.3994056 -1.178253 -2.23616 0.2365559 -1.34379 -2.625231 0.1586937 -1.166465 -2.75918 0.1586937 -0.806236 -2.883281 0.0113664 -1.059212 -2.874465 0.009361299 -0.9746106 -3.005708 -0.6054199 -0.951068 -2.898614 -0.580256 -0.7390335 -2.874465 0.009361299 -0.9746106 -2.883281 0.0113664 -1.059212 -2.625231 0.1586937 -1.166465 -2.821551 0.009361299 -1.116914 -2.625231 0.1586937 -1.166465 -2.23616 0.2365559 -1.34379 -2.693128 -0.580256 -1.291647 -2.874465 0.009361299 -0.9746106 -2.883281 0.0113664 -1.059212 -3.044912 -0.6177047 -1.110306 -2.874465 0.009361299 -0.9746106 -3.044912 -0.6177047 -1.110306 -3.005708 -0.6054199 -0.951068 -3.044912 -0.6177047 -1.110306 -2.883281 0.0113664 -1.059212 -2.821551 0.009361299 -1.116914 -2.625231 0.1586937 -1.166465 -2.693128 -0.580256 -1.291647 -2.821551 0.009361299 -1.116914 -2.23616 0.2365559 -1.34379 -2.300248 -0.5335588 -1.392725 -2.693128 -0.580256 -1.291647 -2.911728 -0.6054199 -1.203808 -3.044912 -0.6177047 -1.110306 -2.821551 0.009361299 -1.116914 -2.821551 0.009361299 -1.116914 -2.693128 -0.580256 -1.291647 -2.911728 -0.6054199 -1.203808 -1.717988 0.84855 -0.5525958 -1.599941 1.658362 -0.6632715 -1.556247 0.7740598 -0.8523743 -1.724931 -0.1310624 0.5730851 -1.675652 0.4225618 0.5491859 -1.743763 0.3821355 0.367559 -1.793699 0.7084985 0.009968731 -1.731775 1.658362 -0.0005000508 -1.76406 0.7740598 -0.2165701 -1.793699 0.7084985 0.009968731 -1.658755 1.421487 0.5709593 -1.731775 1.658362 -0.0005000508 -1.76406 0.7740598 -0.2165701 -1.731775 1.658362 -0.0005000508 -1.717988 0.84855 -0.5525958 -1.793699 0.7084985 0.009968731 -1.665729 0.8887519 0.5488626 -1.658755 1.421487 0.5709593 -1.742071 0.5336091 0.2365632 -1.97135 0.6040546 -0.1908894 -2.013792 0.3323691 0.04765566 -1.742071 0.5336091 0.2365632 -1.665729 0.8887519 0.5488626 -1.793699 0.7084985 0.009968731 1.550105 0.9570405 -0.8667334 1.634958 0.7272472 -1.12945 1.437757 0.8463433 -1.077184 1.153804 0.4126402 -1.298689 1.513676 0.3454574 -1.359349 1.060233 -0.1310621 -1.450455 1.523987 -0.3610844 -1.515748 1.060233 -0.1310621 -1.450455 1.513676 0.3454574 -1.359349 1.799164 0.8463433 0.03511294 1.988597 0.7272472 -0.04106133 1.765138 0.9570405 -0.2011533 1.704889 0.5753191 0.2715873 1.988597 0.7272472 -0.04106133 1.799164 0.8463433 0.03511294 1.717721 -0.1310624 0.573085 2.029597 0.3454574 0.2105505 1.685113 0.4126402 0.3810363 2.029597 0.3454574 0.2105505 1.717721 -0.1310624 0.573085 2.131731 -0.3610844 0.3546969 2.695381 0.2142309 -1.13981 2.286429 0.2423253 -1.320581 2.333765 0.4744479 -1.175622 2.335234 -0.5725634 -1.414208 2.473222 -0.003390647 -1.306385 2.724672 -0.6228275 -1.395322 2.695381 0.2142309 -1.13981 2.782887 0.3064919 -0.8994812 3.034842 -0.001641806 -0.9813465 2.782887 0.3064919 -0.8994812 2.853354 0.2142309 -0.6536162 3.034842 -0.001641806 -0.9813465 2.58208 0.4744478 -0.4148864 2.633858 0.2423253 -0.2562578 2.853354 0.2142309 -0.6536162 2.695381 0.2142309 -1.13981 3.034842 -0.001641806 -0.9813465 2.898259 -0.003800078 -1.106078 3.048378 -0.6499135 -1.129075 2.787504 -0.01260537 -1.186068 2.898259 -0.003800078 -1.106078 3.034842 -0.001641806 -0.9813465 2.853354 0.2142309 -0.6536162 2.997693 -0.003800078 -0.8000498 2.727913 -0.5725634 -0.205666 2.77282 -0.002455014 -0.3857977 2.633858 0.2423253 -0.2562578 2.898259 -0.003800078 -1.106078 3.034842 -0.001641806 -0.9813465 3.188856 -0.6631367 -1.023501 2.898259 -0.003800078 -1.106078 3.188856 -0.6631367 -1.023501 3.048378 -0.6499135 -1.129075 3.188856 -0.6631367 -1.023501 3.034842 -0.001641806 -0.9813465 2.997693 -0.003800078 -0.8000498 2.853354 0.2142309 -0.6536162 2.955108 -0.01260537 -0.6702365 2.997693 -0.003800078 -0.8000498 3.137262 -0.6499135 -0.8555191 3.188856 -0.6631367 -1.023501 2.997693 -0.003800078 -0.8000498 2.997693 -0.003800078 -0.8000498 2.955108 -0.01260537 -0.6702365 3.137262 -0.6499135 -0.8555191 1.715283 1.042602 -0.5525957 1.732036 1.658362 -0.0004994273 1.765138 0.9570405 -0.2011533 0.9010798 0.41264 -1.496362 1.153804 0.4126402 -1.298689 1.060233 -0.1310621 -1.450455 1.659016 1.421487 0.5709592 1.663025 0.8887519 0.5488626 1.799164 0.8463433 0.03511294 1.685113 0.4126402 0.3810363 1.639807 0.4225618 0.5491859 1.717721 -0.1310624 0.573085 1.550105 0.9570405 -0.8667334 1.600203 1.658362 -0.6632698 1.715283 1.042602 -0.5525957 1.799164 0.8463433 0.03511294 1.663025 0.8887519 0.5488626 1.704889 0.5753191 0.2715873 2.286429 0.2423253 -1.320581 2.695381 0.2142309 -1.13981 2.473222 -0.003390647 -1.306385 2.724672 -0.6228275 -1.395322 2.473222 -0.003390647 -1.306385 2.787504 -0.01260537 -1.186068 2.286429 0.2423253 -1.320581 2.473222 -0.003390647 -1.306385 2.335234 -0.5725634 -1.414208 2.853354 0.2142309 -0.6536162 2.77282 -0.002455014 -0.3857977 2.955108 -0.01260537 -0.6702365 2.77282 -0.002455014 -0.3857977 2.853354 0.2142309 -0.6536162 2.633858 0.2423253 -0.2562578 3.031875 -0.6228275 -0.4498506 2.77282 -0.002455014 -0.3857977 2.727913 -0.5725634 -0.205666 2.787504 -0.01260537 -1.186068 2.695381 0.2142309 -1.13981 2.898259 -0.003800078 -1.106078 3.048378 -0.6499135 -1.129075 2.724672 -0.6228275 -1.395322 2.787504 -0.01260537 -1.186068 3.137262 -0.6499135 -0.8555191 2.955108 -0.01260537 -0.6702365 3.031875 -0.6228275 -0.4498506 2.787504 -0.01260537 -1.186068 2.473222 -0.003390647 -1.306385 2.695381 0.2142309 -1.13981 2.955108 -0.01260537 -0.6702365 2.77282 -0.002455014 -0.3857977 3.031875 -0.6228275 -0.4498506 -0.001352065 -0.05782601 -3.137239 -0.001352063 0.25537 -2.922349 0.2036297 0.1585154 -2.913391 -0.2063338 0.1585154 -2.913391 -0.001352063 0.25537 -2.922349 -0.001352065 -0.05782601 -3.137239 -0.9036857 0.41264 -1.496362 -1.067328 -0.1310921 -1.450297 -1.197987 0.3821355 -1.312167 -1.448076 0.7084985 -1.053747 -0.9036857 0.41264 -1.496362 -1.224511 1.658362 -1.225142 -0.5981457 0.8105894 -1.696136 -0.9435756 1.658362 -1.412857 -0.6626402 1.658362 -1.600572 -1.056408 -0.5725634 2.543804 -1.232411 -0.003390647 2.520763 -1.382571 -0.6228275 2.757432 -0.6775734 -0.4999183 2.356132 -1.072947 0.2423253 2.422454 -0.7122799 0.3052393 2.224867 -1.062291 1.042602 1.46543 -0.6754586 1.658362 1.581484 -1.295657 1.658362 1.130884 -0.6754586 1.658362 1.581484 -1.193429 2.4 1.136676 -0.6465451 2.4 1.483438 1.059587 0.8424299 1.517465 1.295918 1.658362 1.130884 0.6757196 1.658362 1.581484 1.190527 2.4 1.136676 0.6757196 1.658362 1.581484 0.6436431 2.4 1.483438 -0.2063338 0.1585154 -2.913391 -0.565901 0.2423253 -2.45182 -0.4000287 0.4582391 -2.45182 -0.7980269 0.3454574 -1.862909 -0.565901 0.2423253 -2.45182 -0.5981457 0.8105894 -1.696136 -0.9036857 0.41264 -1.496362 1.294371 0.7740598 1.220661 1.477167 0.6040546 1.321726 1.451506 0.6906022 1.054808 1.069683 0.7159692 1.590162 1.477167 0.6040546 1.321726 1.059587 0.8424299 1.517465 -0.6473271 -0.5725635 -2.522663 -0.9422403 -0.3610843 -1.911687 -0.565901 0.2423253 -2.45182 -0.7980269 0.3454574 -1.862909 0.7954212 0.3454574 -1.862909 0.9350303 -0.3610843 -1.911687 0.5640725 0.2423253 -2.45182 0.6401172 -0.5725635 -2.522663 -0.0009142191 0.5660316 -2.45182 -0.001352063 0.25537 -2.922349 -0.4000287 0.4582391 -2.45182 -0.2063338 0.1585154 -2.913391 -0.00360498 -0.6631367 -3.30815 -0.6473271 -0.5725635 -2.522663 -0.2063338 0.1585154 -2.913391 -0.565901 0.2423253 -2.45182 0.59554 0.8105894 -1.696137 0.3982002 0.4582391 -2.45182 -0.001352065 0.9859177 -1.797973 -0.0009142191 0.5660316 -2.45182 -0.0009142191 0.5660316 -2.45182 0.3982002 0.4582391 -2.45182 -0.001352063 0.25537 -2.922349 0.2036297 0.1585154 -2.913391 0.5640725 0.2423253 -2.45182 0.6401172 -0.5725635 -2.522663 0.2036297 0.1585154 -2.913391 -0.00360498 -0.6631367 -3.30815 -0.5981457 0.8105894 -1.696136 -0.6626402 1.658362 -1.600572 -0.001352065 0.9859177 -1.797973 0.0001314143 1.658362 -1.732405 -0.6626402 1.658362 -1.600572 -0.001449826 2.4 -1.594103 -0.646544 2.4 -1.472337 -0.9422403 -0.3610843 -1.911687 -1.067328 -0.1310921 -1.450297 -0.7980269 0.3454574 -1.862909 -0.9036857 0.41264 -1.496362 0.6629027 1.658362 -1.600571 0.59554 0.8105894 -1.696137 -0.001352065 0.9859177 -1.797973 0.0001314143 1.658362 -1.732405 -0.001449826 2.4 -1.594103 0.6629027 1.658362 -1.600571 0.6436441 2.4 -1.472337 -0.5981457 0.8105894 -1.696136 -0.001352065 0.9859177 -1.797973 -0.4000287 0.4582391 -2.45182 -0.0009142191 0.5660316 -2.45182 1.12775 1.30371 -1.404965 1.190528 2.4 -1.125575 1.600203 1.658362 -0.6632698 1.555945 2.4 -0.6066098 1.12775 1.30371 -1.404965 0.6629027 1.658362 -1.600571 1.190528 2.4 -1.125575 0.6436441 2.4 -1.472337 -0.9435756 1.658362 -1.412857 -0.7149045 2.4 -1.428992 -0.6626402 1.658362 -1.600572 -0.646544 2.4 -1.472337 -1.658755 1.421487 0.5709593 -1.558846 2.4 0.6177107 -1.731775 1.658362 -0.0005000508 -1.687163 2.4 0.005549636 -1.658755 1.421487 0.5709593 -1.295657 1.658362 1.130884 -1.558846 2.4 0.6177107 -1.193429 2.4 1.136676 0.0001305282 1.409706 1.709456 -0.001450931 2.4 1.605204 -0.6754586 1.658362 1.581484 -0.6465451 2.4 1.483438 0.0001305282 1.409706 1.709456 0.6757196 1.658362 1.581484 -0.001450931 2.4 1.605204 0.6436431 2.4 1.483438 1.659016 1.421487 0.5709592 1.555944 2.4 0.6177113 1.295918 1.658362 1.130884 1.190527 2.4 1.136676 1.659016 1.421487 0.5709592 1.732036 1.658362 -0.0004994273 1.555944 2.4 0.6177113 1.684261 2.4 0.005550206 -0.6582402 0.7272472 1.884901 -1.122165 0.8815217 1.547839 -0.904005 0.6453375 2.096548 -1.307907 0.7907083 1.803491 -0.4249894 0.3454574 1.999605 -0.6582402 0.7272472 1.884901 -0.7122799 0.3052393 2.224867 -0.904005 0.6453375 2.096548 -1.307907 0.7907083 1.803491 -1.122165 0.8815217 1.547839 -1.709829 0.6453375 1.51194 -1.584078 0.7272472 1.21224 -0.6775734 -0.4999183 2.356132 -0.3404112 -0.3610844 2.149113 -0.7122799 0.3052393 2.224867 -0.4249894 0.3454574 1.999605 -1.307907 0.7907083 1.803491 -1.521472 0.5833812 2.097438 -0.904005 0.6453375 2.096548 -1.196448 0.4744479 2.333004 -0.904005 0.6453375 2.096548 -1.196448 0.4744479 2.333004 -0.7122799 0.3052393 2.224867 -1.072947 0.2423253 2.422454 -1.598362 0.4126402 0.7008759 -1.765142 0.3454574 1.032781 -1.538324 0.5753191 0.7925423 -1.584078 0.7272472 1.21224 -1.307907 0.7907083 1.803491 -1.709829 0.6453375 1.51194 -1.521472 0.5833812 2.097438 -1.844488 0.4744478 1.863512 -1.709829 0.6453375 1.51194 -1.584078 0.7272472 1.21224 -1.894444 0.3052393 1.37795 -1.765142 0.3454574 1.032781 -1.521472 0.5833812 2.097438 -1.722106 0.3064919 2.373588 -1.196448 0.4744479 2.333004 -1.51005 0.2142309 2.516583 -1.521472 0.5833812 2.097438 -1.844488 0.4744478 1.863512 -1.722106 0.3064919 2.373588 -1.923631 0.2142309 2.216099 -1.709829 0.6453375 1.51194 -1.894444 0.3052393 1.37795 -1.844488 0.4744478 1.863512 -1.979617 0.2423253 1.765612 -1.765142 0.3454574 1.032781 -1.931507 -0.3610844 0.993114 -1.894444 0.3052393 1.37795 -2.024205 -0.4999183 1.377747 -1.894444 0.3052393 1.37795 -2.024205 -0.4999183 1.377747 -1.979617 0.2423253 1.765612 -2.084455 -0.5725634 1.796884 -1.475599 0.8463433 1.039268 -1.309197 0.9570405 1.210411 -1.658755 1.421487 0.5709593 -1.295657 1.658362 1.130884 0.05527601 0.4225618 1.765636 -0.001352132 0.8831548 1.772755 -0.1128733 0.4126402 1.739003 -0.2752343 0.5753191 1.710231 -0.6754586 1.658362 1.581484 -0.529422 0.8463433 1.726706 0.0001305282 1.409706 1.709456 -0.001352132 0.8831548 1.772755 -1.665729 0.8887519 0.5488626 -1.675652 0.4225618 0.5491859 -1.538324 0.5753191 0.7925423 -1.598362 0.4126402 0.7008759 -1.923631 0.2142309 2.216099 -2.015897 -0.002455014 1.952092 -1.996182 -0.01260537 2.289354 -1.979617 0.2423253 1.765612 0.6601506 0.6040546 1.859947 1.069683 0.7159692 1.590162 0.7525309 0.7740598 1.612888 1.059587 0.8424299 1.517465 1.477167 0.6040546 1.321726 1.069683 0.7159692 1.590162 1.582816 0.5239066 1.600747 1.228855 0.6511916 1.834488 1.651717 0.3323691 1.153686 1.477167 0.6040546 1.321726 1.759093 0.2950051 1.47417 1.582816 0.5239066 1.600747 1.228855 0.6511916 1.834488 1.069683 0.7159692 1.590162 0.8735207 0.5239066 2.0692 0.6601506 0.6040546 1.859947 1.874314 -0.4660692 1.497193 1.79661 -0.331739 1.140963 1.759093 0.2950051 1.47417 1.651717 0.3323691 1.153686 1.759093 0.2950051 1.47417 1.582816 0.5239066 1.600747 1.79878 0.2125817 1.844448 1.664485 0.3706837 1.933922 0.2490611 0.3637507 1.774288 0.4473633 0.3323691 1.953711 0.3589465 0.5479622 1.735389 0.6601506 0.6040546 1.859947 0.8735207 0.5239066 2.0692 0.6601506 0.6040546 1.859947 0.6987212 0.2950051 2.18458 0.4473633 0.3323691 1.953711 1.874967 -0.5411137 1.894972 1.874314 -0.4660692 1.497193 1.79878 0.2125817 1.844448 1.759093 0.2950051 1.47417 1.406036 0.4474446 2.106149 1.571483 0.2243473 2.359683 1.664485 0.3706837 1.933922 1.722527 0.1369894 2.24978 1.406036 0.4474446 2.106149 1.147614 0.3706837 2.278515 1.571483 0.2243473 2.359683 1.411755 0.1369894 2.456278 1.147614 0.3706837 2.278515 0.8735207 0.5239066 2.0692 1.004976 0.2125817 2.373531 0.6987212 0.2950051 2.18458 0.6987212 0.2950051 2.18458 0.654636 -0.4660692 2.301337 1.004976 0.2125817 2.373531 1.019086 -0.5411137 2.463673 1.663025 0.8887519 0.5488626 1.542927 0.5336091 0.841143 1.639807 0.4225618 0.5491859 1.606826 0.3821355 0.7361598 -0.001352132 0.8831548 1.772755 0.05527601 0.4225618 1.765636 0.3589465 0.5479622 1.735389 0.2490611 0.3637507 1.774288 -1.717988 0.84855 -0.5525958 -1.799471 0.7159692 -0.6475719 -1.76406 0.7740598 -0.2165701 -1.97135 0.6040546 -0.1908894 -1.626728 0.6040546 -1.10655 -1.799471 0.7159692 -0.6475719 -1.556247 0.7740598 -0.8523743 -1.717988 0.84855 -0.5525958 -1.97135 0.6040546 -0.1908894 -1.799471 0.7159692 -0.6475719 -2.220826 0.5239066 -0.3545229 -2.071855 0.6511916 -0.7516769 -2.013792 0.3323691 0.04765566 -1.97135 0.6040546 -0.1908894 -2.289037 0.2950051 -0.1485067 -2.220826 0.5239066 -0.3545229 -2.071855 0.6511916 -0.7516769 -1.799471 0.7159692 -0.6475719 -1.922344 0.5239066 -1.150422 -1.626728 0.6040546 -1.10655 -2.394794 -0.4660692 -0.08249107 -2.122544 -0.331739 0.1600317 -2.289037 0.2950051 -0.1485067 -2.013792 0.3323691 0.04765566 -1.626728 0.6040546 -1.10655 -1.448076 0.7084985 -1.053747 -1.509692 0.3323691 -1.307479 -1.197987 0.3821355 -1.312167 -2.220826 0.5239066 -0.3545229 -2.071855 0.6511916 -0.7516769 -2.51958 0.3994056 -0.5781684 -2.408485 0.4784716 -0.8781611 -2.289037 0.2950051 -0.1485067 -2.220826 0.5239066 -0.3545229 -2.57732 0.2365559 -0.4223019 -2.51958 0.3994056 -0.5781684 -2.408485 0.4784716 -0.8781611 -2.071855 0.6511916 -0.7516769 -2.297496 0.3994056 -1.178253 -1.922344 0.5239066 -1.150422 -1.922344 0.5239066 -1.150422 -1.626728 0.6040546 -1.10655 -1.848747 0.2950051 -1.346512 -1.509692 0.3323691 -1.307479 -2.66915 -0.5335588 -0.4006401 -2.394794 -0.4660692 -0.08249107 -2.57732 0.2365559 -0.4223019 -2.289037 0.2950051 -0.1485067 -2.408485 0.4784716 -0.8781611 -2.699852 0.2486749 -0.9892663 -2.51958 0.3994056 -0.5781684 -2.75918 0.1586937 -0.806236 -2.408485 0.4784716 -0.8781611 -2.297496 0.3994056 -1.178253 -2.699852 0.2486749 -0.9892663 -2.625231 0.1586937 -1.166465 -2.297496 0.3994056 -1.178253 -1.922344 0.5239066 -1.150422 -2.23616 0.2365559 -1.34379 -1.848747 0.2950051 -1.346512 -1.665729 0.8887519 0.5488626 -1.742071 0.5336091 0.2365632 -1.675652 0.4225618 0.5491859 -1.743763 0.3821355 0.367559 1.715283 1.042602 -0.5525957 1.812161 0.8815217 -0.5840732 1.550105 0.9570405 -0.8667334 1.634958 0.7272472 -1.12945 1.513676 0.3454574 -1.359349 1.153804 0.4126402 -1.298689 1.634958 0.7272472 -1.12945 1.437757 0.8463433 -1.077184 1.988597 0.7272472 -0.04106133 1.812161 0.8815217 -0.5840732 1.765138 0.9570405 -0.2011533 1.715283 1.042602 -0.5525957 1.634958 0.7272472 -1.12945 1.812161 0.8815217 -0.5840732 1.958189 0.6453375 -1.156219 2.112698 0.7907083 -0.6817235 1.513676 0.3454574 -1.359349 1.634958 0.7272472 -1.12945 1.878504 0.3052393 -1.372725 1.958189 0.6453375 -1.156219 2.112698 0.7907083 -0.6817235 1.812161 0.8815217 -0.5840732 2.266491 0.6453375 -0.2096094 1.988597 0.7272472 -0.04106133 2.112698 0.7907083 -0.6817235 2.458253 0.5833812 -0.7940014 1.958189 0.6453375 -1.156219 2.333765 0.4744479 -1.175622 1.958189 0.6453375 -1.156219 2.333765 0.4744479 -1.175622 1.878504 0.3052393 -1.372725 2.286429 0.2423253 -1.320581 1.685113 0.4126402 0.3810363 2.029597 0.3454574 0.2105505 1.704889 0.5753191 0.2715873 1.988597 0.7272472 -0.04106133 2.112698 0.7907083 -0.6817235 2.266491 0.6453375 -0.2096094 2.458253 0.5833812 -0.7940014 2.58208 0.4744478 -0.4148864 2.266491 0.6453375 -0.2096094 1.988597 0.7272472 -0.04106133 2.33709 0.3052393 0.0073044 2.029597 0.3454574 0.2105505 2.458253 0.5833812 -0.7940014 2.782887 0.3064919 -0.8994812 2.333765 0.4744479 -1.175622 2.695381 0.2142309 -1.13981 2.458253 0.5833812 -0.7940014 2.58208 0.4744478 -0.4148864 2.782887 0.3064919 -0.8994812 2.853354 0.2142309 -0.6536162 2.266491 0.6453375 -0.2096094 2.33709 0.3052393 0.0073044 2.58208 0.4744478 -0.4148864 2.633858 0.2423253 -0.2562578 2.029597 0.3454574 0.2105505 2.131731 -0.3610844 0.3546969 2.33709 0.3052393 0.0073044 2.432807 -0.4999183 0.09800898 2.33709 0.3052393 0.0073044 2.432807 -0.4999183 0.09800898 2.633858 0.2423253 -0.2562578 2.727913 -0.5725634 -0.205666 1.659016 1.421487 0.5709592 1.799164 0.8463433 0.03511294 1.732036 1.658362 -0.0004994273 1.765138 0.9570405 -0.2011533 1.600203 1.658362 -0.6632698 1.550105 0.9570405 -0.8667334 1.12775 1.30371 -1.404965 1.437757 0.8463433 -1.077184 1.437757 0.8463433 -1.077184 1.153804 0.4126402 -1.298689 1.12775 1.30371 -1.404965 0.9010798 0.41264 -1.496362 1.663025 0.8887519 0.5488626 1.639807 0.4225618 0.5491859 1.704889 0.5753191 0.2715873 1.685113 0.4126402 0.3810363 -0.9435756 1.658362 -1.412857 -1.224511 1.658362 -1.225142 -1.125068 2.4 -1.168921 -1.193429 2.4 -1.125576 -1.125068 2.4 -1.168921 -0.5558884 1.657518 -0.8366907 -0.9435759 1.658362 -1.412857 -0.5447185 2.399999 -0.5980427 -0.5447185 2.399999 -0.5980427 -0.714905 2.4 -1.428992 -0.5558884 1.657518 -0.8366907 -0.9435759 1.658362 -1.412857 0.5640725 0.2423253 -2.45182 0.3982002 0.4582391 -2.45182 0.7954212 0.3454574 -1.862909 0.59554 0.8105894 -1.696137 0.9010798 0.41264 -1.496362 1.555945 2.4 -0.6066098 1.684261 2.4 0.005550206 1.732036 1.658362 -0.0004994273 1.600203 1.658362 -0.6632698 1.715283 1.042602 -0.5525957 0.4473633 0.3323691 1.953711 0.0547631 -0.1310624 1.823701 0.3596258 -0.331739 2.087597 0.6987212 0.2950051 2.18458 0.654636 -0.4660692 2.301337 -0.001352132 0.8831548 1.772755 0.5466545 0.6906022 1.712221 0.0001305282 1.409706 1.709456 0.7525309 0.7740598 1.612888 0.6757196 1.658362 1.581484 -1.509692 0.3323691 -1.307479 -1.516417 -0.331739 -1.450449 -1.848747 0.2950051 -1.346512 -2.300248 -0.5335588 -1.392725 -2.23616 0.2365559 -1.34379 -1.448076 0.7084985 -1.053747 -1.556247 0.7740598 -0.8523743 -1.224511 1.658362 -1.225142 -1.599941 1.658362 -0.6632715 -1.193429 2.4 -1.125576 -1.558845 2.4 -0.6066114 2.286429 0.2423253 -1.320581 2.335234 -0.5725634 -1.414208 1.878504 0.3052393 -1.372725 1.523987 -0.3610844 -1.515748 1.513676 0.3454574 -1.359349 -1.731775 1.658362 -0.0005000508 -1.687163 2.4 0.005549636 -1.558845 2.4 -0.6066114 -1.599941 1.658362 -0.6632715 -1.717988 0.84855 -0.5525958 -1.062291 1.042602 1.46543 -1.122165 0.8815217 1.547839 -0.7440137 0.9570405 1.622483 -0.6582402 0.7272472 1.884901 -1.062291 1.042602 1.46543 -1.309197 0.9570405 1.210411 -1.584078 0.7272472 1.21224 1.582816 0.5239066 1.600747 1.228855 0.6511916 1.834488 1.664485 0.3706837 1.933922 1.406036 0.4474446 2.106149 0.8735207 0.5239066 2.0692 1.147614 0.3706837 2.278515 1.406036 0.4474446 2.106149 -0.001450699 2.4 1.605204 0.643643 2.4 1.483438 1.190527 2.4 1.136676 -0.00145115 2.4 1.136676 1.555943 2.4 0.6177112 -0.6465462 2.4 1.483437 1.68426 2.4 0.005550205 -1.193429 2.399999 1.136675 1.555944 2.4 -0.6066099 1.190528 2.4 -1.125575 0.6436439 2.4 -1.472337 -0.00145115 2.4 0.00554992 -1.558846 2.4 0.6177107 -1.687163 2.4 0.005549635 -0.00145115 2.4 0.00554992 -1.558846 2.4 -0.6066113 -0.001449797 2.4 -1.594103 -1.193428 2.4 -1.125576 -0.6465444 2.4 -1.472337 -0.5447185 2.399999 -0.5980427 -1.125068 2.4 -1.168921 -0.714905 2.4 -1.428992</float_array>
          <technique_common>
            <accessor source="#TrunkBottom__mPltTreeOakTrunk-position-array" count="969" stride="3">
              <param name="X" type="float" />
              <param name="Y" type="float" />
              <param name="Z" type="float" />
            </accessor>
          </technique_common>
        </source>
        <source id="TrunkBottom__mPltTreeOakTrunk-normal">
          <float_array id="TrunkBottom__mPltTreeOakTrunk-normal-array" count="2907">0.3287671 -0.7984344 -0.5029354 0.9041096 0.2407045 -0.3542074 0.8023483 0.04305284 -0.5968689 -0.5636008 0.4109589 -0.7162427 0 0.369863 -0.9295499 0 -0.1311155 -0.9921722 0 0.369863 -0.9295499 0.5636008 0.4109589 -0.7162427 0 -0.1311155 -0.9921722 0.4677104 0.6477495 -0.6007828 0.8297456 0.1819961 -0.5264188 0.5636008 0.4109589 -0.7162427 0.6575342 0.04696673 -0.7514677 0.8023483 0.04305284 -0.5968689 0.5127202 0.1017613 -0.853229 0.5127202 0.1017613 -0.853229 0.3659491 0.1213307 -0.9236791 0.6575342 0.04696673 -0.7514677 0.3287671 -0.7984344 -0.5029354 0.9138943 -0.1232877 -0.3855186 0.9041096 0.2407045 -0.3542074 -0.3679061 0.3091977 0.8767123 0.2563601 0.7162427 0.6497065 -0.09197652 0.1272016 0.9882583 -0.09197652 0.1272016 0.9882583 0.2563601 0.7162427 0.6497065 0.1409002 0.18591 0.9726027 0.1409002 0.18591 0.9726027 0.5459883 0.2915851 0.7866927 0.1917808 0.007827789 0.9804305 0.1917808 0.007827789 0.9804305 0.5459883 0.2915851 0.7866927 0.05870841 -0.8003914 0.5968689 0.55773 -0.111546 0.8219178 0.05870841 -0.8003914 0.5968689 0.5459883 0.2915851 0.7866927 -0.8825831 0.109589 0.4559687 -0.7064579 0.704501 -0.05675147 -0.7906067 0.2054795 0.5792564 -0.960861 0.2739726 0.04892368 -0.7064579 0.704501 -0.05675147 -0.8825831 0.109589 0.4559687 -0.5851272 -0.8043053 0.09589041 -0.9021527 0.297456 -0.3111546 -0.9941292 0.109589 -0.01369863 -0.9021527 0.297456 -0.3111546 -0.5851272 -0.8043053 0.09589041 -0.9491194 -0.1056751 -0.2994129 -0.08610567 0.6066536 0.7906067 0.3855186 0.2485323 0.888454 0.04305284 0.6986302 0.7142857 -0.08610567 0.6066536 0.7906067 -0.407045 0.7201566 0.5616438 -0.5518591 0.3424658 0.7592955 -0.407045 0.7201566 0.5616438 -0.7240704 0.6046967 0.3287671 -0.5518591 0.3424658 0.7592955 -0.6868885 0.704501 0.1819961 -0.962818 0.2504892 -0.09589041 -0.7240704 0.6046967 0.3287671 -0.08610567 0.6066536 0.7906067 -0.5518591 0.3424658 0.7592955 -0.05088063 0.1956947 0.9784736 -0.04500978 -0.1741683 0.9843444 0.1232877 0.221135 0.9667319 -0.05088063 0.1956947 0.9784736 -0.5518591 0.3424658 0.7592955 -0.7240704 0.6046967 0.3287671 -0.9158513 0.1956947 0.3502935 -0.9706458 -0.1663405 -0.1722113 -0.9843444 0.1780822 -0.0332681 -0.962818 0.2504892 -0.09589041 -0.05088063 0.1956947 0.9784736 -0.5518591 0.3424658 0.7592955 -0.5792564 -0.1643836 0.7984344 -0.05088063 0.1956947 0.9784736 -0.5792564 -0.1643836 0.7984344 -0.04500978 -0.1741683 0.9843444 -0.5792564 -0.1643836 0.7984344 -0.5518591 0.3424658 0.7592955 -0.9158513 0.1956947 0.3502935 -0.7240704 0.6046967 0.3287671 -0.9569471 0.221135 0.18591 -0.9158513 0.1956947 0.3502935 -0.9217221 -0.1741683 0.3463796 -0.5792564 -0.1643836 0.7984344 -0.9158513 0.1956947 0.3502935 -0.9158513 0.1956947 0.3502935 -0.9569471 0.221135 0.18591 -0.9217221 -0.1741683 0.3463796 -0.5636008 0.2837573 0.7749511 -0.7377691 0.07436399 0.6712329 -0.7906067 0.2054795 0.5792564 0.05870841 -0.8003914 0.5968689 -0.03131115 -0.1135029 0.9921722 0.1917808 0.007827789 0.9804305 -0.09197652 0.1272016 0.9882583 -0.3365949 0.09197652 0.9373777 -0.3679061 0.3091977 0.8767123 -0.9295499 0.04500978 0.3659491 -0.9491194 -0.05088063 0.3091977 -0.8825831 0.109589 0.4559687 -0.9941292 0.109589 -0.01369863 -0.9275929 -0.0998043 0.3600783 -0.5851272 -0.8043053 0.09589041 -0.3679061 0.3091977 0.8767123 -0.3365949 0.09197652 0.9373777 -0.5636008 0.2837573 0.7749511 -0.8825831 0.109589 0.4559687 -0.9491194 -0.05088063 0.3091977 -0.960861 0.2739726 0.04892368 0.1409002 0.18591 0.9726027 0.2563601 0.7162427 0.6497065 0.5459883 0.2915851 0.7866927 0.3855186 0.2485323 0.888454 -0.08610567 0.6066536 0.7906067 0.3463796 0.18591 0.9197652 0.2172211 -0.1174168 0.9686888 0.3463796 0.18591 0.9197652 0.1232877 0.221135 0.9667319 0.3855186 0.2485323 0.888454 0.3463796 0.18591 0.9197652 0.4559687 -0.1585127 0.8747554 -0.9882583 -0.1193738 0.09393346 -0.9843444 0.1780822 -0.0332681 -0.9706458 -0.1663405 -0.1722113 0.1232877 0.221135 0.9667319 -0.08610567 0.6066536 0.7906067 -0.05088063 0.1956947 0.9784736 -0.04500978 -0.1741683 0.9843444 0.2172211 -0.1174168 0.9686888 0.1232877 0.221135 0.9667319 -0.9217221 -0.1741683 0.3463796 -0.9569471 0.221135 0.18591 -0.9882583 -0.1193738 0.09393346 0.1232877 0.221135 0.9667319 0.3463796 0.18591 0.9197652 -0.08610567 0.6066536 0.7906067 -0.9569471 0.221135 0.18591 -0.9843444 0.1780822 -0.0332681 -0.9882583 -0.1193738 0.09393346 0.1409002 0.18591 0.9726027 0.06262231 0.05479452 0.9960861 -0.09197652 0.1272016 0.9882583 0.8786693 0.1076321 0.4637965 0.6457925 0.7592955 0.08023483 0.9569471 0.1585127 0.2407045 0.9569471 0.1585127 0.2407045 0.9471624 0.2915851 -0.1428571 0.9941292 -0.02348337 0.1076321 0.9941292 -0.02348337 0.1076321 0.9471624 0.2915851 -0.1428571 0.5322896 -0.8023483 0.2700587 0.9765166 -0.1193738 -0.183953 0.5322896 -0.8023483 0.2700587 0.9471624 0.2915851 -0.1428571 0.1761252 0.08414873 0.9804305 -0.2485323 0.7749511 0.5792564 0.2407045 0.1565558 0.9589041 -0.1409002 0.2720157 0.9510763 -0.2485323 0.7749511 0.5792564 0.1761252 0.08414873 0.9804305 0.05870841 -0.8003914 0.5968689 -0.5753425 0.3091977 0.7553816 -0.2367906 0.08610567 0.9667319 0.8551859 0.4187867 0.3052838 0.9765166 0.2093934 0.04305284 0.6399217 0.7240704 0.2563601 0.9784736 -0.1663405 0.1291585 0.9765166 0.2093934 0.04305284 0.8551859 0.4187867 0.3052838 0.9765166 0.2093934 0.04305284 0.9784736 -0.1663405 0.1291585 0.9804305 -0.1996086 -0.009784736 0.8551859 0.4187867 0.3052838 0.3776908 0.7318982 0.5675147 0.5068493 0.4011742 0.7632094 0.9784736 -0.1663405 0.1291585 0.8551859 0.4187867 0.3052838 0.9530333 0.1585127 0.258317 0.3776908 0.7318982 0.5675147 -0.04696673 0.4207436 0.9060665 0.5068493 0.4011742 0.7632094 -0.01369863 0.7299413 0.6829746 -0.3542074 0.2328767 0.9060665 -0.04696673 0.4207436 0.9060665 0.8551859 0.4187867 0.3052838 0.5068493 0.4011742 0.7632094 0.9530333 0.1585127 0.258317 0.9569471 -0.1311155 0.2622309 0.9784736 -0.1663405 0.1291585 0.9530333 0.1585127 0.258317 0.5068493 0.4011742 0.7632094 -0.04696673 0.4207436 0.9060665 -0.1389433 0.1604697 0.9765166 -0.04696673 0.4207436 0.9060665 -0.3542074 0.2328767 0.9060665 -0.2622309 -0.1702544 0.9491194 0.9530333 0.1585127 0.258317 0.5068493 0.4011742 0.7632094 0.5499021 -0.1193738 0.8277887 0.9530333 0.1585127 0.258317 0.5499021 -0.1193738 0.8277887 0.9569471 -0.1311155 0.2622309 0.5499021 -0.1193738 0.8277887 0.5068493 0.4011742 0.7632094 -0.1389433 0.1604697 0.9765166 -0.04696673 0.4207436 0.9060665 -0.2622309 -0.1702544 0.9491194 -0.1389433 0.1604697 0.9765166 -0.3542074 0.2328767 0.9060665 -0.4187867 0.04892368 0.9060665 -0.2622309 -0.1702544 0.9491194 -0.1350294 -0.1291585 0.9823875 0.5499021 -0.1193738 0.8277887 -0.1389433 0.1604697 0.9765166 -0.1389433 0.1604697 0.9765166 -0.2622309 -0.1702544 0.9491194 -0.1350294 -0.1291585 0.9823875 0.5772994 0.2485323 0.776908 0.3405088 0.08414873 0.9354208 0.2407045 0.1565558 0.9589041 0.5322896 -0.8023483 0.2700587 0.960861 -0.1174168 0.2524462 0.9941292 -0.02348337 0.1076321 0.8786693 0.1076321 0.4637965 0.7318982 0.0704501 0.6790606 0.7221135 0.2700587 0.6360078 -0.2367906 0.08610567 0.9667319 -0.03131115 -0.1135029 0.9921722 0.05870841 -0.8003914 0.5968689 0.8786693 0.1076321 0.4637965 0.9373777 0.04500978 0.3444227 0.7318982 0.0704501 0.6790606 0.7221135 0.2700587 0.6360078 0.7318982 0.0704501 0.6790606 0.5772994 0.2485323 0.776908 0.8786693 0.1076321 0.4637965 0.9510763 -0.06262231 0.3052838 0.9373777 0.04500978 0.3444227 0.1761252 0.08414873 0.9804305 0.06262231 0.05479452 0.9960861 -0.1409002 0.2720157 0.9510763 0.9569471 0.1585127 0.2407045 0.6457925 0.7592955 0.08023483 0.9471624 0.2915851 -0.1428571 0.9569471 0.1585127 0.2407045 0.9510763 -0.06262231 0.3052838 0.8786693 0.1076321 0.4637965 -0.960861 0.260274 -0.09197652 -0.5694716 0.7592955 0.3150685 -0.9823875 0.1017613 0.1565558 -0.9823875 0.1017613 0.1565558 -0.5694716 0.7592955 0.3150685 -0.925636 0.1878669 0.3307241 -0.925636 0.1878669 0.3307241 -0.6868885 0.2857143 0.667319 -0.8962818 -0.02348337 0.444227 -0.8962818 -0.02348337 0.444227 -0.6868885 0.2857143 0.667319 -0.5851272 -0.8043053 0.09589041 -0.6810176 -0.1193738 0.7221135 -0.5851272 -0.8043053 0.09589041 -0.6868885 0.2857143 0.667319 -0.7690802 0.1037182 -0.630137 -0.1565558 0.7690802 -0.6203523 -0.8277887 0.1682975 -0.5342466 -0.4598826 -0.8043053 -0.3776908 -0.02935421 0.2994129 -0.9530333 -0.4187867 0.04305284 -0.9080235 -0.02935421 0.2994129 -0.9530333 -0.4598826 -0.8043053 -0.3776908 0.001956947 -0.1154599 -0.9941292 -0.8688846 0.4227006 0.258317 -0.7808219 0.221135 0.5831702 -0.6164383 0.7612525 0.2074364 -0.8630137 -0.1702544 0.4755382 -0.7808219 0.221135 0.5831702 -0.8688846 0.4227006 0.258317 -0.7808219 0.221135 0.5831702 -0.8630137 -0.1702544 0.4755382 -0.7553816 -0.1996086 0.6242661 -0.8688846 0.4227006 0.258317 -0.6379648 0.7318982 -0.2367906 -0.8630137 0.3874756 -0.3209393 -0.8630137 -0.1702544 0.4755382 -0.8688846 0.4227006 0.258317 -0.9217221 0.1663405 0.3522505 -0.6379648 0.7318982 -0.2367906 -0.4911937 0.4246575 -0.7612525 -0.8630137 0.3874756 -0.3209393 -0.3268102 0.7651663 -0.553816 -0.1956947 0.2191781 -0.9549902 -0.4911937 0.4246575 -0.7612525 -0.8688846 0.4227006 0.258317 -0.8630137 0.3874756 -0.3209393 -0.9217221 0.1663405 0.3522505 -0.925636 -0.1506849 0.3502935 -0.8630137 -0.1702544 0.4755382 -0.9217221 0.1663405 0.3522505 -0.8630137 0.3874756 -0.3209393 -0.4911937 0.4246575 -0.7612525 -0.4598826 0.1663405 -0.8727984 -0.4911937 0.4246575 -0.7612525 -0.1956947 0.2191781 -0.9549902 -0.3385518 -0.1741683 -0.9236791 -0.9217221 0.1663405 0.3522505 -0.8630137 0.3874756 -0.3209393 -0.9275929 -0.1369863 -0.3463796 -0.9217221 0.1663405 0.3522505 -0.9275929 -0.1369863 -0.3463796 -0.925636 -0.1506849 0.3502935 -0.9275929 -0.1369863 -0.3463796 -0.8630137 0.3874756 -0.3209393 -0.4598826 0.1663405 -0.8727984 -0.4911937 0.4246575 -0.7612525 -0.3385518 -0.1741683 -0.9236791 -0.4598826 0.1663405 -0.8727984 -0.1956947 0.2191781 -0.9549902 -0.1428571 -0.2074364 -0.9686888 -0.3385518 -0.1741683 -0.9236791 -0.4657534 -0.148728 -0.8727984 -0.9275929 -0.1369863 -0.3463796 -0.4598826 0.1663405 -0.8727984 -0.4598826 0.1663405 -0.8727984 -0.3385518 -0.1741683 -0.9236791 -0.4657534 -0.148728 -0.8727984 -0.9315069 0.2465753 -0.2681018 -0.9138943 0.05479452 -0.4011742 -0.8277887 0.1682975 -0.5342466 -0.5851272 -0.8043053 0.09589041 -0.9275929 -0.0998043 0.3600783 -0.8962818 -0.02348337 0.444227 -0.9823875 0.1017613 0.1565558 -0.9980431 0.04500978 0.005870841 -0.960861 0.260274 -0.09197652 -0.9823875 0.1017613 0.1565558 -0.9295499 0.04500978 0.3659491 -0.9980431 0.04500978 0.005870841 -0.960861 0.260274 -0.09197652 -0.9980431 0.04500978 0.005870841 -0.9315069 0.2465753 -0.2681018 -0.9823875 0.1017613 0.1565558 -0.9491194 -0.05088063 0.3091977 -0.9295499 0.04500978 0.3659491 -0.925636 0.1878669 0.3307241 -0.5694716 0.7592955 0.3150685 -0.6868885 0.2857143 0.667319 -0.925636 0.1878669 0.3307241 -0.9491194 -0.05088063 0.3091977 -0.9823875 0.1017613 0.1565558 0.8199608 0.1976517 -0.5381604 0.1741683 0.7162427 -0.6751468 0.7592955 0.06066536 -0.6477495 0.5479452 -0.1252446 -0.8258317 -0.007827789 0.2915851 -0.9569471 0.3287671 -0.7984344 -0.5029354 0.009784736 -0.111546 -0.9941292 0.3287671 -0.7984344 -0.5029354 -0.007827789 0.2915851 -0.9569471 0.9804305 0.09197652 0.1761252 0.5381604 0.704501 0.4637965 0.9804305 0.1956947 0.009784736 0.7925636 0.2544031 0.553816 0.5381604 0.704501 0.4637965 0.9804305 0.09197652 0.1761252 0.5322896 -0.8023483 0.2700587 0.5420744 0.2994129 0.7847358 0.7749511 0.09197652 0.6262231 0.5420744 0.2994129 0.7847358 0.5322896 -0.8023483 0.2700587 0.5909981 -0.1056751 0.8003914 0.5342466 0.6066536 -0.5890411 0.2113503 0.2485323 -0.9452055 0.3855186 0.6986302 -0.6027398 0.146771 -0.1585127 -0.9765166 0.260274 0.18591 -0.9471624 0.3933464 -0.1174168 -0.9119374 0.5342466 0.6066536 -0.5890411 0.6594912 0.7201566 -0.2152642 0.8943248 0.3424658 -0.2896282 0.6594912 0.7201566 -0.2152642 0.778865 0.6046967 0.1604697 0.8943248 0.3424658 -0.2896282 0.6614481 0.704501 0.2563601 0.7221135 0.2504892 0.6438356 0.778865 0.6046967 0.1604697 0.5342466 0.6066536 -0.5890411 0.8943248 0.3424658 -0.2896282 0.6164383 0.1956947 -0.7632094 0.6144814 -0.1741683 -0.7690802 0.4696673 0.221135 -0.8551859 0.6164383 0.1956947 -0.7632094 0.8943248 0.3424658 -0.2896282 0.778865 0.6046967 0.1604697 0.9471624 0.1956947 0.2544031 0.6849315 -0.1663405 0.7103718 0.776908 0.1780822 0.6046967 0.7221135 0.2504892 0.6438356 0.6164383 0.1956947 -0.7632094 0.8943248 0.3424658 -0.2896282 0.9373777 -0.1643836 -0.3052838 0.6164383 0.1956947 -0.7632094 0.9373777 -0.1643836 -0.3052838 0.6144814 -0.1741683 -0.7690802 0.9373777 -0.1643836 -0.3052838 0.8943248 0.3424658 -0.2896282 0.9471624 0.1956947 0.2544031 0.778865 0.6046967 0.1604697 0.8845401 0.221135 0.4129159 0.9471624 0.1956947 0.2544031 0.9491194 -0.1741683 0.260274 0.9373777 -0.1643836 -0.3052838 0.9471624 0.1956947 0.2544031 0.9471624 0.1956947 0.2544031 0.8845401 0.221135 0.4129159 0.9491194 -0.1741683 0.260274 0.9197652 0.2778865 -0.2759295 0.9980431 0.04892368 0.007827789 0.9804305 0.1956947 0.009784736 0.8023483 0.04305284 -0.5968689 0.5479452 -0.1252446 -0.8258317 0.3287671 -0.7984344 -0.5029354 0.9373777 0.04500978 0.3444227 0.9510763 -0.06262231 0.3052838 0.9804305 0.09197652 0.1761252 0.7749511 0.09197652 0.6262231 0.960861 -0.1174168 0.2524462 0.5322896 -0.8023483 0.2700587 0.8199608 0.1976517 -0.5381604 0.9001957 0.06066536 -0.4324853 0.9197652 0.2778865 -0.2759295 0.9804305 0.09197652 0.1761252 0.9510763 -0.06262231 0.3052838 0.7925636 0.2544031 0.553816 0.2113503 0.2485323 -0.9452055 0.5342466 0.6066536 -0.5890411 0.260274 0.18591 -0.9471624 0.3933464 -0.1174168 -0.9119374 0.260274 0.18591 -0.9471624 0.4696673 0.221135 -0.8551859 0.2113503 0.2485323 -0.9452055 0.260274 0.18591 -0.9471624 0.146771 -0.1585127 -0.9765166 0.778865 0.6046967 0.1604697 0.776908 0.1780822 0.6046967 0.8845401 0.221135 0.4129159 0.776908 0.1780822 0.6046967 0.778865 0.6046967 0.1604697 0.7221135 0.2504892 0.6438356 0.8551859 -0.1193738 0.5048923 0.776908 0.1780822 0.6046967 0.6849315 -0.1663405 0.7103718 0.4696673 0.221135 -0.8551859 0.5342466 0.6066536 -0.5890411 0.6164383 0.1956947 -0.7632094 0.6144814 -0.1741683 -0.7690802 0.3933464 -0.1174168 -0.9119374 0.4696673 0.221135 -0.8551859 0.9491194 -0.1741683 0.260274 0.8845401 0.221135 0.4129159 0.8551859 -0.1193738 0.5048923 0.4696673 0.221135 -0.8551859 0.260274 0.18591 -0.9471624 0.5342466 0.6066536 -0.5890411 0.8845401 0.221135 0.4129159 0.776908 0.1780822 0.6046967 0.8551859 -0.1193738 0.5048923 0 0.369863 -0.9295499 0 0.6731898 -0.7377691 0.5636008 0.4109589 -0.7162427 -0.5636008 0.4109589 -0.7162427 0 0.6731898 -0.7377691 0 0.369863 -0.9295499 -0.8317025 0.03913894 -0.553816 -0.4598826 -0.8043053 -0.3776908 -0.4187867 0.04305284 -0.9080235 -0.7690802 0.1037182 -0.630137 -0.8317025 0.03913894 -0.553816 -0.7064579 0.06457926 -0.704501 -0.6007828 0.1643836 -0.7827789 -0.5870842 0.04109589 -0.8082192 -0.3835616 0.09589041 -0.9178082 0.4559687 -0.1585127 0.8747554 0.3463796 0.18591 0.9197652 0.2172211 -0.1174168 0.9686888 0.4872798 -0.148728 0.8610567 0.3855186 0.2485323 0.888454 0.4774951 0.2681018 0.8375734 -0.5636008 0.2837573 0.7749511 -0.3365949 0.09197652 0.9373777 -0.7377691 0.07436399 0.6712329 -0.3365949 0.09197652 0.9373777 -0.6849315 0.1037182 0.7201566 -0.3561644 0.1272016 0.925636 0.5772994 0.2485323 0.776908 0.7318982 0.0704501 0.6790606 0.3405088 0.08414873 0.9354208 0.6849315 0.1037182 0.7201566 0.3405088 0.08414873 0.9354208 0.3561644 0.1272016 0.925636 -0.5636008 0.4109589 -0.7162427 -0.8297456 0.1819961 -0.5264188 -0.4677104 0.6477495 -0.6007828 -0.8982387 0.2504892 -0.3620352 -0.8297456 0.1819961 -0.5264188 -0.6007828 0.1643836 -0.7827789 -0.8317025 0.03913894 -0.553816 0.7221135 0.2700587 0.6360078 0.6457925 0.7592955 0.08023483 0.8786693 0.1076321 0.4637965 0.2465753 0.888454 0.3874756 0.6457925 0.7592955 0.08023483 0.5772994 0.2485323 0.776908 -0.853229 -0.1800391 -0.4892368 -0.9217221 -0.1135029 -0.37182 -0.8297456 0.1819961 -0.5264188 -0.8982387 0.2504892 -0.3620352 0.9041096 0.2407045 -0.3542074 0.9138943 -0.1232877 -0.3855186 0.8297456 0.1819961 -0.5264188 0.853229 -0.1800391 -0.4892368 0 0.7827789 -0.6223092 0 0.6731898 -0.7377691 -0.4677104 0.6477495 -0.6007828 -0.5636008 0.4109589 -0.7162427 0 -0.1311155 -0.9921722 -0.853229 -0.1800391 -0.4892368 -0.5636008 0.4109589 -0.7162427 -0.8297456 0.1819961 -0.5264188 0.5127202 0.1017613 -0.853229 0.4677104 0.6477495 -0.6007828 0 0.3600783 -0.9334638 0 0.7827789 -0.6223092 0 0.7827789 -0.6223092 0.4677104 0.6477495 -0.6007828 0 0.6731898 -0.7377691 0.5636008 0.4109589 -0.7162427 0.8297456 0.1819961 -0.5264188 0.853229 -0.1800391 -0.4892368 0.5636008 0.4109589 -0.7162427 0 -0.1311155 -0.9921722 -0.6007828 0.1643836 -0.7827789 -0.3835616 0.09589041 -0.9178082 0 0.3600783 -0.9334638 0 0.1154599 -0.9941292 -0.3835616 0.09589041 -0.9178082 0 0.1545988 -0.9882583 -0.3620352 0.1409002 -0.9217221 -0.9217221 -0.1135029 -0.37182 -0.4598826 -0.8043053 -0.3776908 -0.8982387 0.2504892 -0.3620352 -0.8317025 0.03913894 -0.553816 0.3659491 0.1213307 -0.9236791 0.5127202 0.1017613 -0.853229 0 0.3600783 -0.9334638 0 0.1154599 -0.9941292 0 0.1545988 -0.9882583 0.3659491 0.1213307 -0.9236791 0.3542074 0.148728 -0.9236791 -0.6007828 0.1643836 -0.7827789 0 0.3600783 -0.9334638 -0.4677104 0.6477495 -0.6007828 0 0.7827789 -0.6223092 0.6575342 0.04696673 -0.7514677 0.6908023 0.1154599 -0.7123288 0.9001957 0.06066536 -0.4324853 0.9060665 0.08023483 -0.4129159 0.6575342 0.04696673 -0.7514677 0.3659491 0.1213307 -0.9236791 0.6908023 0.1154599 -0.7123288 0.3542074 0.148728 -0.9236791 -0.5459883 0.1526419 -0.8238748 -0.5459883 0.1526419 -0.8238748 -0.3835616 0.09589041 -0.9178082 -0.3620352 0.1409002 -0.9217221 -0.9295499 0.04500978 0.3659491 -0.9119374 0.08414873 0.3992172 -0.9980431 0.04500978 0.005870841 -0.9980431 0.07240704 -0.001956947 -0.9295499 0.04500978 0.3659491 -0.7377691 0.07436399 0.6712329 -0.9119374 0.08414873 0.3992172 -0.6849315 0.1037182 0.7201566 0.03522505 0.08023483 0.9960861 0 0.1350294 0.9902152 -0.3365949 0.09197652 0.9373777 -0.3561644 0.1272016 0.925636 0.03522505 0.08023483 0.9960861 0.3405088 0.08414873 0.9354208 0 0.1350294 0.9902152 0.3561644 0.1272016 0.925636 0.9373777 0.04500978 0.3444227 0.9119374 0.08414873 0.3992172 0.7318982 0.0704501 0.6790606 0.6849315 0.1037182 0.7201566 0.9373777 0.04500978 0.3444227 0.9980431 0.04892368 0.007827789 0.9119374 0.08414873 0.3992172 0.9980431 0.07240704 -0.001956947 0.2563601 0.7162427 0.6497065 -0.3072407 0.853229 0.4227006 0.1819961 0.7553816 0.62818 -0.2367906 0.9158513 0.3268102 0.5459883 0.2915851 0.7866927 0.2563601 0.7162427 0.6497065 0.4774951 0.2681018 0.8375734 0.1819961 0.7553816 0.62818 -0.2367906 0.9158513 0.3268102 -0.3072407 0.853229 0.4227006 -0.6516634 0.7592955 0.01761252 -0.7064579 0.704501 -0.05675147 0.4872798 -0.148728 0.8610567 0.55773 -0.111546 0.8219178 0.4774951 0.2681018 0.8375734 0.5459883 0.2915851 0.7866927 -0.2367906 0.9158513 0.3268102 -0.3365949 0.8199608 0.4637965 0.1819961 0.7553816 0.62818 0.04305284 0.6986302 0.7142857 0.1819961 0.7553816 0.62818 0.04305284 0.6986302 0.7142857 0.4774951 0.2681018 0.8375734 0.3855186 0.2485323 0.888454 -0.9941292 0.109589 -0.01369863 -0.9021527 0.297456 -0.3111546 -0.960861 0.2739726 0.04892368 -0.7064579 0.704501 -0.05675147 -0.2367906 0.9158513 0.3268102 -0.6516634 0.7592955 0.01761252 -0.3365949 0.8199608 0.4637965 -0.6868885 0.704501 0.1819961 -0.6516634 0.7592955 0.01761252 -0.7064579 0.704501 -0.05675147 -0.9412916 0.2720157 -0.2015656 -0.9021527 0.297456 -0.3111546 -0.3365949 0.8199608 0.4637965 -0.407045 0.7201566 0.5616438 0.04305284 0.6986302 0.7142857 -0.08610567 0.6066536 0.7906067 -0.3365949 0.8199608 0.4637965 -0.6868885 0.704501 0.1819961 -0.407045 0.7201566 0.5616438 -0.7240704 0.6046967 0.3287671 -0.6516634 0.7592955 0.01761252 -0.9412916 0.2720157 -0.2015656 -0.6868885 0.704501 0.1819961 -0.962818 0.2504892 -0.09589041 -0.9021527 0.297456 -0.3111546 -0.9491194 -0.1056751 -0.2994129 -0.9412916 0.2720157 -0.2015656 -0.9667319 -0.148728 -0.2074364 -0.9412916 0.2720157 -0.2015656 -0.9667319 -0.148728 -0.2074364 -0.962818 0.2504892 -0.09589041 -0.9706458 -0.1663405 -0.1722113 -0.8825831 0.109589 0.4559687 -0.7906067 0.2054795 0.5792564 -0.9295499 0.04500978 0.3659491 -0.7377691 0.07436399 0.6712329 -0.03131115 -0.1135029 0.9921722 0.06262231 0.05479452 0.9960861 0.1917808 0.007827789 0.9804305 0.1409002 0.18591 0.9726027 -0.3365949 0.09197652 0.9373777 -0.09197652 0.1272016 0.9882583 0.03522505 0.08023483 0.9960861 0.06262231 0.05479452 0.9960861 -0.9491194 -0.05088063 0.3091977 -0.9275929 -0.0998043 0.3600783 -0.960861 0.2739726 0.04892368 -0.9941292 0.109589 -0.01369863 -0.7240704 0.6046967 0.3287671 -0.9843444 0.1780822 -0.0332681 -0.9569471 0.221135 0.18591 -0.962818 0.2504892 -0.09589041 -0.2485323 0.7749511 0.5792564 0.2465753 0.888454 0.3874756 0.2407045 0.1565558 0.9589041 0.5772994 0.2485323 0.776908 0.6457925 0.7592955 0.08023483 0.2465753 0.888454 0.3874756 0.6046967 0.7925636 0.08610567 0.221135 0.9158513 0.334638 0.9471624 0.2915851 -0.1428571 0.6457925 0.7592955 0.08023483 0.9510763 0.2876712 -0.1193738 0.6046967 0.7925636 0.08610567 0.221135 0.9158513 0.334638 0.2465753 0.888454 0.3874756 -0.1624266 0.7945206 0.5831702 -0.2485323 0.7749511 0.5792564 0.9784736 -0.1624266 -0.1252446 0.9765166 -0.1193738 -0.183953 0.9510763 0.2876712 -0.1193738 0.9471624 0.2915851 -0.1428571 0.9510763 0.2876712 -0.1193738 0.6046967 0.7925636 0.08610567 0.9765166 0.2093934 0.04305284 0.6399217 0.7240704 0.2563601 -0.2367906 0.08610567 0.9667319 -0.5753425 0.3091977 0.7553816 -0.1409002 0.2720157 0.9510763 -0.2485323 0.7749511 0.5792564 -0.1624266 0.7945206 0.5831702 -0.2485323 0.7749511 0.5792564 -0.4970646 0.2896282 0.8180039 -0.5753425 0.3091977 0.7553816 0.9804305 -0.1996086 -0.009784736 0.9784736 -0.1624266 -0.1252446 0.9765166 0.2093934 0.04305284 0.9510763 0.2876712 -0.1193738 0.3209393 0.81409 0.483366 0.3776908 0.7318982 0.5675147 0.6399217 0.7240704 0.2563601 0.8551859 0.4187867 0.3052838 0.3209393 0.81409 0.483366 -0.01369863 0.7299413 0.6829746 0.3776908 0.7318982 0.5675147 -0.04696673 0.4207436 0.9060665 -0.01369863 0.7299413 0.6829746 -0.1624266 0.7945206 0.5831702 -0.3542074 0.2328767 0.9060665 -0.4970646 0.2896282 0.8180039 -0.4970646 0.2896282 0.8180039 -0.518591 -0.1624266 0.8395303 -0.3542074 0.2328767 0.9060665 -0.4187867 0.04892368 0.9060665 0.9510763 -0.06262231 0.3052838 0.9569471 0.1585127 0.2407045 0.960861 -0.1174168 0.2524462 0.9941292 -0.02348337 0.1076321 0.06262231 0.05479452 0.9960861 -0.03131115 -0.1135029 0.9921722 -0.1409002 0.2720157 0.9510763 -0.2367906 0.08610567 0.9667319 -0.9315069 0.2465753 -0.2681018 -0.4266145 0.888454 -0.1682975 -0.960861 0.260274 -0.09197652 -0.5694716 0.7592955 0.3150685 -0.1565558 0.7690802 -0.6203523 -0.4266145 0.888454 -0.1682975 -0.8277887 0.1682975 -0.5342466 -0.9315069 0.2465753 -0.2681018 -0.5694716 0.7592955 0.3150685 -0.4266145 0.888454 -0.1682975 -0.4990215 0.8082192 0.3111546 -0.3307241 0.9354208 -0.1252446 -0.6868885 0.2857143 0.667319 -0.5694716 0.7592955 0.3150685 -0.6712329 0.2876712 0.6829746 -0.4990215 0.8082192 0.3111546 -0.3307241 0.9354208 -0.1252446 -0.4266145 0.888454 -0.1682975 -0.1663405 0.8101761 -0.5616438 -0.1565558 0.7690802 -0.6203523 -0.6868885 -0.1624266 0.7084149 -0.6810176 -0.1193738 0.7221135 -0.6712329 0.2876712 0.6829746 -0.6868885 0.2857143 0.667319 -0.1565558 0.7690802 -0.6203523 -0.7690802 0.1037182 -0.630137 -0.02935421 0.2994129 -0.9530333 -0.4187867 0.04305284 -0.9080235 -0.4990215 0.8082192 0.3111546 -0.3307241 0.9354208 -0.1252446 -0.6164383 0.7612525 0.2074364 -0.4853229 0.8551859 -0.1819961 -0.6712329 0.2876712 0.6829746 -0.4990215 0.8082192 0.3111546 -0.7808219 0.221135 0.5831702 -0.6164383 0.7612525 0.2074364 -0.4853229 0.8551859 -0.1819961 -0.3307241 0.9354208 -0.1252446 -0.3268102 0.7651663 -0.553816 -0.1663405 0.8101761 -0.5616438 -0.1663405 0.8101761 -0.5616438 -0.1565558 0.7690802 -0.6203523 -0.04109589 0.2896282 -0.9569471 -0.02935421 0.2994129 -0.9530333 -0.7553816 -0.1996086 0.6242661 -0.6868885 -0.1624266 0.7084149 -0.7808219 0.221135 0.5831702 -0.6712329 0.2876712 0.6829746 -0.4853229 0.8551859 -0.1819961 -0.6379648 0.7318982 -0.2367906 -0.6164383 0.7612525 0.2074364 -0.8688846 0.4227006 0.258317 -0.4853229 0.8551859 -0.1819961 -0.3268102 0.7651663 -0.553816 -0.6379648 0.7318982 -0.2367906 -0.4911937 0.4246575 -0.7612525 -0.3268102 0.7651663 -0.553816 -0.1663405 0.8101761 -0.5616438 -0.1956947 0.2191781 -0.9549902 -0.04109589 0.2896282 -0.9569471 -0.9491194 -0.05088063 0.3091977 -0.925636 0.1878669 0.3307241 -0.9275929 -0.0998043 0.3600783 -0.8962818 -0.02348337 0.444227 0.9197652 0.2778865 -0.2759295 0.4970646 0.853229 -0.1604697 0.8199608 0.1976517 -0.5381604 0.1741683 0.7162427 -0.6751468 -0.007827789 0.2915851 -0.9569471 0.5479452 -0.1252446 -0.8258317 0.1741683 0.7162427 -0.6751468 0.7592955 0.06066536 -0.6477495 0.5381604 0.704501 0.4637965 0.4970646 0.853229 -0.1604697 0.9804305 0.1956947 0.009784736 0.9197652 0.2778865 -0.2759295 0.1741683 0.7162427 -0.6751468 0.4970646 0.853229 -0.1604697 0.221135 0.7553816 -0.6164383 0.3835616 0.9158513 -0.1252446 -0.007827789 0.2915851 -0.9569471 0.1741683 0.7162427 -0.6751468 0.1056751 0.2681018 -0.9569471 0.221135 0.7553816 -0.6164383 0.3835616 0.9158513 -0.1252446 0.4970646 0.853229 -0.1604697 0.5381604 0.7592955 0.3679061 0.5381604 0.704501 0.4637965 0.3835616 0.9158513 -0.1252446 0.5440313 0.8199608 -0.1780822 0.221135 0.7553816 -0.6164383 0.3855186 0.6986302 -0.6027398 0.221135 0.7553816 -0.6164383 0.3855186 0.6986302 -0.6027398 0.1056751 0.2681018 -0.9569471 0.2113503 0.2485323 -0.9452055 0.7749511 0.09197652 0.6262231 0.5420744 0.2994129 0.7847358 0.7925636 0.2544031 0.553816 0.5381604 0.704501 0.4637965 0.3835616 0.9158513 -0.1252446 0.5381604 0.7592955 0.3679061 0.5440313 0.8199608 -0.1780822 0.6614481 0.704501 0.2563601 0.5381604 0.7592955 0.3679061 0.5381604 0.704501 0.4637965 0.6438356 0.2720157 0.7162427 0.5420744 0.2994129 0.7847358 0.5440313 0.8199608 -0.1780822 0.6594912 0.7201566 -0.2152642 0.3855186 0.6986302 -0.6027398 0.5342466 0.6066536 -0.5890411 0.5440313 0.8199608 -0.1780822 0.6614481 0.704501 0.2563601 0.6594912 0.7201566 -0.2152642 0.778865 0.6046967 0.1604697 0.5381604 0.7592955 0.3679061 0.6438356 0.2720157 0.7162427 0.6614481 0.704501 0.2563601 0.7221135 0.2504892 0.6438356 0.5420744 0.2994129 0.7847358 0.5909981 -0.1056751 0.8003914 0.6438356 0.2720157 0.7162427 0.6594912 -0.148728 0.7358121 0.6438356 0.2720157 0.7162427 0.6594912 -0.148728 0.7358121 0.7221135 0.2504892 0.6438356 0.6849315 -0.1663405 0.7103718 0.9373777 0.04500978 0.3444227 0.9804305 0.09197652 0.1761252 0.9980431 0.04892368 0.007827789 0.9804305 0.1956947 0.009784736 0.9001957 0.06066536 -0.4324853 0.8199608 0.1976517 -0.5381604 0.6575342 0.04696673 -0.7514677 0.7592955 0.06066536 -0.6477495 0.7592955 0.06066536 -0.6477495 0.5479452 -0.1252446 -0.8258317 0.6575342 0.04696673 -0.7514677 0.8023483 0.04305284 -0.5968689 0.9510763 -0.06262231 0.3052838 0.960861 -0.1174168 0.2524462 0.7925636 0.2544031 0.553816 0.7749511 0.09197652 0.6262231 -0.5459883 0.1350294 -0.8258317 -0.7064579 0.06457926 -0.704501 -0.5459883 0.1350294 -0.8258317 -0.6810176 0.111546 -0.7240704 0.7299413 0.2798434 -0.6242661 0.7318982 0.2857143 -0.6183953 0.7749511 0.3600783 -0.5205479 0.6849315 0.2133072 -0.6966732 -0.9784736 -0.04892368 0.1996086 -0.9295499 0.08610567 0.3581213 -0.9295499 0.08806262 0.3600783 -0.8003914 0.258317 0.5401174 0.8297456 0.1819961 -0.5264188 0.4677104 0.6477495 -0.6007828 0.9041096 0.2407045 -0.3542074 0.5127202 0.1017613 -0.853229 0.8023483 0.04305284 -0.5968689 0.9060665 0.08023483 -0.4129159 0.9980431 0.07240704 -0.001956947 0.9980431 0.04892368 0.007827789 0.9001957 0.06066536 -0.4324853 0.9197652 0.2778865 -0.2759295 -0.5753425 0.3091977 0.7553816 0.05870841 -0.8003914 0.5968689 -0.6066536 -0.1135029 0.7866927 -0.4970646 0.2896282 0.8180039 -0.518591 -0.1624266 0.8395303 0.06262231 0.05479452 0.9960861 0.1761252 0.08414873 0.9804305 0.03522505 0.08023483 0.9960861 0.2407045 0.1565558 0.9589041 0.3405088 0.08414873 0.9354208 -0.02935421 0.2994129 -0.9530333 0.001956947 -0.1154599 -0.9941292 -0.04109589 0.2896282 -0.9569471 -0.1428571 -0.2074364 -0.9686888 -0.1956947 0.2191781 -0.9549902 -0.7690802 0.1037182 -0.630137 -0.8277887 0.1682975 -0.5342466 -0.7064579 0.06457926 -0.704501 -0.9138943 0.05479452 -0.4011742 -0.6810176 0.111546 -0.7240704 -0.9119374 0.08219178 -0.4011742 0.2113503 0.2485323 -0.9452055 0.146771 -0.1585127 -0.9765166 0.1056751 0.2681018 -0.9569471 0.009784736 -0.111546 -0.9941292 -0.007827789 0.2915851 -0.9569471 -0.9980431 0.04500978 0.005870841 -0.9980431 0.07240704 -0.001956947 -0.9119374 0.08219178 -0.4011742 -0.9138943 0.05479452 -0.4011742 -0.9315069 0.2465753 -0.2681018 -0.5636008 0.2837573 0.7749511 -0.3072407 0.853229 0.4227006 -0.3679061 0.3091977 0.8767123 0.2563601 0.7162427 0.6497065 -0.5636008 0.2837573 0.7749511 -0.7906067 0.2054795 0.5792564 -0.7064579 0.704501 -0.05675147 0.6046967 0.7925636 0.08610567 0.221135 0.9158513 0.334638 0.6399217 0.7240704 0.2563601 0.3209393 0.81409 0.483366 -0.1624266 0.7945206 0.5831702 -0.01369863 0.7299413 0.6829746 0.3209393 0.81409 0.483366 0 1 0 0 1 0 0 1 0 0 1 0 0 1 0 0 1 0 0 1 0 0 1 0 0 1 0 0 1 0 0 1 0 0 1 0 0 1 0 0 1 0 0 1 0 0 1 0 0 1 0 0 1 0 0 1 0 0 1 0 0 1 0 0 1 0</float_array>
          <technique_common>
            <accessor source="#TrunkBottom__mPltTreeOakTrunk-normal-array" count="969" stride="3">
              <param name="X" type="float" />
              <param name="Y" type="float" />
              <param name="Z" type="float" />
            </accessor>
          </technique_common>
        </source>
        <source id="TrunkBottom__mPltTreeOakTrunk-color">
          <float_array id="TrunkBottom__mPltTreeOakTrunk-color-array" count="3876">1 1 1 1 1 1 1 1 1 1 1 1 1 1 1 1 1 1 1 1 1 1 1 1 1 1 1 1 1 1 1 1 1 1 1 1 1 1 1 1 1 1 1 1 1 1 1 1 1 1 1 1 1 1 1 1 1 1 1 1 1 1 1 1 1 1 1 1 1 1 1 1 1 1 1 1 1 1 1 1 1 1 1 1 1 1 1 1 1 1 1 1 1 1 1 1 1 1 1 1 1 1 1 1 1 1 1 1 1 1 1 1 1 1 1 1 1 1 1 1 1 1 1 1 1 1 1 1 1 1 1 1 1 1 1 1 1 1 1 1 1 1 1 1 1 1 1 1 1 1 1 1 1 1 1 1 1 1 1 1 1 1 1 1 1 1 1 1 1 1 1 1 1 1 1 1 1 1 1 1 1 1 1 1 1 1 1 1 1 1 1 1 1 1 1 1 1 1 1 1 1 1 1 1 1 1 1 1 1 1 1 1 1 1 1 1 1 1 1 1 1 1 1 1 1 1 1 1 1 1 1 1 1 1 1 1 1 1 1 1 1 1 1 1 1 1 1 1 1 1 1 1 1 1 1 1 1 1 1 1 1 1 1 1 1 1 1 1 1 1 1 1 1 1 1 1 1 1 1 1 1 1 1 1 1 1 1 1 1 1 1 1 1 1 1 1 1 1 1 1 1 1 1 1 1 1 1 1 1 1 1 1 1 1 1 1 1 1 1 1 1 1 1 1 1 1 1 1 1 1 1 1 1 1 1 1 1 1 1 1 1 1 1 1 1 1 1 1 1 1 1 1 1 1 1 1 1 1 1 1 1 1 1 1 1 1 1 1 1 1 1 1 1 1 1 1 1 1 1 1 1 1 1 1 1 1 1 1 1 1 1 1 1 1 1 1 1 1 1 1 1 1 1 1 1 1 1 1 1 1 1 1 1 1 1 1 1 1 1 1 1 1 1 1 1 1 1 1 1 1 1 1 1 1 1 1 1 1 1 1 1 1 1 1 1 1 1 1 1 1 1 1 1 1 1 1 1 1 1 1 1 1 1 1 1 1 1 1 1 1 1 1 1 1 1 1 1 1 1 1 1 1 1 1 1 1 1 1 1 1 1 1 1 1 1 1 1 1 1 1 1 1 1 1 1 1 1 1 1 1 1 1 1 1 1 1 1 1 1 1 1 1 1 1 1 1 1 1 1 1 1 1 1 1 1 1 1 1 1 1 1 1 1 1 1 1 1 1 1 1 1 1 1 1 1 1 1 1 1 1 1 1 1 1 1 1 1 1 1 1 1 1 1 1 1 1 1 1 1 1 1 1 1 1 1 1 1 1 1 1 1 1 1 1 1 1 1 1 1 1 1 1 1 1 1 1 1 1 1 1 1 1 1 1 1 1 1 1 1 1 1 1 1 1 1 1 1 1 1 1 1 1 1 1 1 1 1 1 1 1 1 1 1 1 1 1 1 1 1 1 1 1 1 1 1 1 1 1 1 1 1 1 1 1 1 1 1 1 1 1 1 1 1 1 1 1 1 1 1 1 1 1 1 1 1 1 1 1 1 1 1 1 1 1 1 1 1 1 1 1 1 1 1 1 1 1 1 1 1 1 1 1 1 1 1 1 1 1 1 1 1 1 1 1 1 1 1 1 1 1 1 1 1 1 1 1 1 1 1 1 1 1 1 1 1 1 1 1 1 1 1 1 1 1 1 1 1 1 1 1 1 1 1 1 1 1 1 1 1 1 1 1 1 1 1 1 1 1 1 1 1 1 1 1 1 1 1 1 1 1 1 1 1 1 1 1 1 1 1 1 1 1 1 1 1 1 1 1 1 1 1 1 1 1 1 1 1 1 1 1 1 1 1 1 1 1 1 1 1 1 1 1 1 1 1 1 1 1 1 1 1 1 1 1 1 1 1 1 1 1 1 1 1 1 1 1 1 1 1 1 1 1 1 1 1 1 1 1 1 1 1 1 1 1 1 1 1 1 1 1 1 1 1 1 1 1 1 1 1 1 1 1 1 1 1 1 1 1 1 1 1 1 1 1 1 1 1 1 1 1 1 1 1 1 1 1 1 1 1 1 1 1 1 1 1 1 1 1 1 1 1 1 1 1 1 1 1 1 1 1 1 1 1 1 1 1 1 1 1 1 1 1 1 1 1 1 1 1 1 1 1 1 1 1 1 1 1 1 1 1 1 1 1 1 1 1 1 1 1 1 1 1 1 1 1 1 1 1 1 1 1 1 1 1 1 1 1 1 1 1 1 1 1 1 1 1 1 1 1 1 1 1 1 1 1 1 1 1 1 1 1 1 1 1 1 1 1 1 1 1 1 1 1 1 1 1 1 1 1 1 1 1 1 1 1 1 1 1 1 1 1 1 1 1 1 1 1 1 1 1 1 1 1 1 1 1 1 1 1 1 1 1 1 1 1 1 1 1 1 1 1 1 1 1 1 1 1 1 1 1 1 1 1 1 1 1 1 1 1 1 1 1 1 1 1 1 1 1 1 1 1 1 1 1 1 1 1 1 1 1 1 1 1 1 1 1 1 1 1 1 1 1 1 1 1 1 1 1 1 1 1 1 1 1 1 1 1 1 1 1 1 1 1 1 1 1 1 1 1 1 1 1 1 1 1 1 1 1 1 1 1 1 1 1 1 1 1 1 1 1 1 1 1 1 1 1 1 1 1 1 1 1 1 1 1 1 1 1 1 1 1 1 1 1 1 1 1 1 1 1 1 1 1 1 1 1 1 1 1 1 1 1 1 1 1 1 1 1 1 1 1 1 1 1 1 1 1 1 1 1 1 1 1 1 1 1 1 1 1 1 1 1 1 1 1 1 1 1 1 1 1 1 1 1 1 1 1 1 1 1 1 1 1 1 1 1 1 1 1 1 1 1 1 1 1 1 1 1 1 1 1 1 1 1 1 1 1 1 1 1 1 1 1 1 1 1 1 1 1 1 1 1 1 1 1 1 1 1 1 1 1 1 1 1 1 1 1 1 1 1 1 1 1 1 1 1 1 1 1 1 1 1 1 1 1 1 1 1 1 1 1 1 1 1 1 1 1 1 1 1 1 1 1 1 1 1 1 1 1 1 1 1 1 1 1 1 1 1 1 1 1 1 1 1 1 1 1 1 1 1 1 1 1 1 1 1 1 1 1 1 1 1 1 1 1 1 1 1 1 1 1 1 1 1 1 1 1 1 1 1 1 1 1 1 1 1 1 1 1 1 1 1 1 1 1 1 1 1 1 1 1 1 1 1 1 1 1 1 1 1 1 1 1 1 1 1 1 1 1 1 1 1 1 1 1 1 1 1 1 1 1 1 1 1 1 1 1 1 1 1 1 1 1 1 1 1 1 1 1 1 1 1 1 1 1 1 1 1 1 1 1 1 1 1 1 1 1 1 1 1 1 1 1 1 1 1 1 1 1 1 1 1 1 1 1 1 1 1 1 1 1 1 1 1 1 1 1 1 1 1 1 1 1 1 1 1 1 1 1 1 1 1 1 1 1 1 1 1 1 1 1 1 1 1 1 1 1 1 1 1 1 1 1 1 1 1 1 1 1 1 1 1 1 1 1 1 1 1 1 1 1 1 1 1 1 1 1 1 1 1 1 1 1 1 1 1 1 1 1 1 1 1 1 1 1 1 1 1 1 1 1 1 1 1 1 1 1 1 1 1 1 1 1 1 1 1 1 1 1 1 1 1 1 1 1 1 1 1 1 1 1 1 1 1 1 1 1 1 1 1 1 1 1 1 1 1 1 1 1 1 1 1 1 1 1 1 1 1 1 1 1 1 1 1 1 1 1 1 1 1 1 1 1 1 1 1 1 1 1 1 1 1 1 1 1 1 1 1 1 1 1 1 1 1 1 1 1 1 1 1 1 1 1 1 1 1 1 1 1 1 1 1 1 1 1 1 1 1 1 1 1 1 1 1 1 1 1 1 1 1 1 1 1 1 1 1 1 1 1 1 1 1 1 1 1 1 1 1 1 1 1 1 1 1 1 1 1 1 1 1 1 1 1 1 1 1 1 1 1 1 1 1 1 1 1 1 1 1 1 1 1 1 1 1 1 1 1 1 1 1 1 1 1 1 1 1 1 1 1 1 1 1 1 1 1 1 1 1 1 1 1 1 1 1 1 1 1 1 1 1 1 1 1 1 1 1 1 1 1 1 1 1 1 1 1 1 1 1 1 1 1 1 1 1 1 1 1 1 1 1 1 1 1 1 1 1 1 1 1 1 1 1 1 1 1 1 1 1 1 1 1 1 1 1 1 1 1 1 1 1 1 1 1 1 1 1 1 1 1 1 1 1 1 1 1 1 1 1 1 1 1 1 1 1 1 1 1 1 1 1 1 1 1 1 1 1 1 1 1 1 1 1 1 1 1 1 1 1 1 1 1 1 1 1 1 1 1 1 1 1 1 1 1 1 1 1 1 1 1 1 1 1 1 1 1 1 1 1 1 1 1 1 1 1 1 1 1 1 1 1 1 1 1 1 1 1 1 1 1 1 1 1 1 1 1 1 1 1 1 1 1 1 1 1 1 1 1 1 1 1 1 1 1 1 1 1 1 1 1 1 1 1 1 1 1 1 1 1 1 1 1 1 1 1 1 1 1 1 1 1 1 1 1 1 1 1 1 1 1 1 1 1 1 1 1 1 1 1 1 1 1 1 1 1 1 1 1 1 1 1 1 1 1 1 1 1 1 1 1 1 1 1 1 1 1 1 1 1 1 1 1 1 1 1 1 1 1 1 1 1 1 1 1 1 1 1 1 1 1 1 1 1 1 1 1 1 1 1 1 1 1 1 1 1 1 1 1 1 1 1 1 1 1 1 1 1 1 1 1 1 1 1 1 1 1 1 1 1 1 1 1 1 1 1 1 1 1 1 1 1 1 1 1 1 1 1 1 1 1 1 1 1 1 1 1 1 1 1 1 1 1 1 1 1 1 1 1 1 1 1 1 1 1 1 1 1 1 1 1 1 1 1 1 1 1 1 1 1 1 1 1 1 1 1 1 1 1 1 1 1 1 1 1 1 1 1 1 1 1 1 1 1 1 1 1 1 1 1 1 1 1 1 1 1 1 1 1 1 1 1 1 1 1 1 1 1 1 1 1 1 1 1 1 1 1 1 1 1 1 1 1 1 1 1 1 1 1 1 1 1 1 1 1 1 1 1 1 1 1 1 1 1 1 1 1 1 1 1 1 1 1 1 1 1 1 1 1 1 1 1 1 1 1 1 1 1 1 1 1 1 1 1 1 1 1 1 1 1 1 1 1 1 1 1 1 1 1 1 1 1 1 1 1 1 1 1 1 1 1 1 1 1 1 1 1 1 1 1 1 1 1 1 1 1 1 1 1 1 1 1 1 1 1 1 1 1 1 1 1 1 1 1 1 1 1 1 1 1 1 1 1 1 1 1 1 1 1 1 1 1 1 1 1 1 1 1 1 1 1 1 1 1 1 1 1 1 1 1 1 1 1 1 1 1 1 1 1 1 1 1 1 1 1 1 1 1 1 1 1 1 1 1 1 1 1 1 1 1 1 1 1 1 1 1 1 1 1 1 1 1 1 1 1 1 1 1 1 1 1 1 1 1 1 1 1 1 1 1 1 1 1 1 1 1 1 1 1 1 1 1 1 1 1 1 1 1 1 1 1 1 1 1 1 1 1 1 1 1 1 1 1 1 1 1 1 1 1 1 1 1 1 1 1 1 1 1 1 1 1 1 1 1 1 1 1 1 1 1 1 1 1 1 1 1 1 1 1 1 1 1 1 1 1 1 1 1 1 1 1 1 1 1 1 1 1 1 1 1 1 1 1 1 1 1 1 1 1 1 1 1 1 1 1 1 1 1 1 1 1 1 1 1 1 1 1 1 1 1 1 1 1 1 1 1 1 1 1 1 1 1 1 1 1 1 1 1 1 1 1 1 1 1 1 1 1 1 1 1 1 1 1 1 1 1 1 1 1 1 1 1 1 1 1 1 1 1 1 1 1 1 1 1 1 1 1 1 1 1 1 1 1 1 1 1 1 1 1 1 1 1 1 1 1 1 1 1 1 1 1 1 1 1 1 1 1 1 1 1 1 1 1 1 1 1 1 1 1 1 1 1 1 1 1 1 1 1 1 1 1 1 1 1 1 1 1 1 1 1 1 1 1 1 1 1 1 1 1 1 1 1 1 1 1 1 1 1 1 1 1 1 1 1 1 1 1 1 1 1 1 1 1 1 1 1 1 1 1 1 1 1 1 1 1 1 1 1 1 1 1 1 1 1 1 1 1 1 1 1 1 1 1 1 1 1 1 1 1 1 1 1 1 1 1 1 1 1 1 1 1 1 1 1 1 1 1 1 1 1 1 1 1 1 1 1 1 1 1 1 1 1 1 1 1 1 1 1 1 1 1 1 1 1 1 1 1 1 1 1 1 1 1 1 1 1 1 1 1 1 1 1 1 1 1 1 1 1 1 1 1 1 1 1 1 1 1 1 1 1 1 1 1 1 1 1 1 1 1 1 1 1 1 1 1 1 1 1 1 1 1 1 1 1 1 1 1 1 1 1 1 1 1 1 1 1 1 1 1 1 1 1 1 1 1 1 1 1 1 1 1 1 1 1 1 1 1 1 1 1 1 1 1 1 1 1 1 1 1 1 1 1 1 1 1 1 1 1 1 1 1 1 1 1 1 1 1 1 1 1 1 1 1 1 1 1 1 1 1 1 1 1 1 1 1 1 1 1 1 1 1 1 1 1 1 1 1 1 1 1 1 1 1 1 1 1 1 1 1 1 1 1 1 1 1 1 1 1 1 1 1 1 1 1 1 1 1 1 1 1 1 1 1 1 1 1 1 1 1 1 1 1 1 1 1 1 1 1 1 1 1 1 1 1 1 1 1 1 1 1 1 1 1 1 1 1 1 1 1 1 1 1 1 1 1 1 1 1 1 1 1 1 1 1 1 1 1 1 1 1 1 1 1 1 1 1 1 1 1 1 1 1 1 1 1 1 1 1 1 1 1 1 1 1 1 1 1 1 1 1 1 1 1 1 1 1 1 1 1 1 1 1 1 1 1 1 1 1 1 1 1 1 1 1 1 1 1 1 1 1 1 1 1 1 1 1 1 1 1 1 1 1 1 1 1 1 1 1 1 1 1 1 1 1 1 1 1 1 1 1 1 1 1 1 1 1 1 1 1 1 1 1 1 1 1 1 1 1 1 1 1 1 1 1 1 1 1 1 1 1 1 1 1 1 1 1 1 1 1 1 1 1 1 1 1 1 1 1 1 1 1 1 1 1 1 1 1 1 1 1 1 1 1 1 1 1 1 1 1 1 1 1 1 1 1 1 1 1 1 1 1 1 1 1 1 1 1 1 1 1 1 1 1 1 1 1 1 1 1 1 1 1 1 1 1 1 1 1 1 1 1 1 1 1 1 1 1 1 1 1 1 1 1 1 1 1 1 1 1 1 1 1 1 1 1 1 1 1 1 1 1 1 1 1 1 1 1 1 1 1 1 1 1 1 1 1 1 1 1 1 1 1 1 1 1 1 1 1 1 1 1 1 1 1 1 1 1 1 1 1 1 1 1 1 1 1 1 1 1 1 1 1 1 1 1 1 1 1 1 1 1 1 1 1 1 1 1 1 1 1 1 1 1 1 1 1 1 1 1 1 1 1 1 1 1 1 1 1 1 1 1 1 1 1 1 1 1 1 1 1 1 1 1 1 1 1 1 1 1 1 1 1 1 1 1 1 1 1 1 1 1 1 1 1 1 1 1 1 1 1 1 1 1 1 1 1 1 1 1 1 1 1 1 1 1 1 1 1 1 1 1 1 1 1 1 1 1 1 1 1 1 1 1 1 1 1 1 1 1 1 1 1 1 1 1 1 1 1 1 1 1 1 1 1 1 1 1 1 1 1 1 1 1 1 1 1 1 1 1 1 1 1 1 1 1 1 1 1 1 1 1 1 1 1 1 1 1 1 0 0 0 1 0 0 0 1 0 0 0 1 0 0 0 1 0 0 0 1 0 0 0 1 0 0 0 1 0 0 0 1 1 1 1 1 1 1 1 1 1 1 1 1 1 1 1 1 1 1 1 1 1 1 1 1 1 1 1 1 1 1 1 1 1 1 1 1 1 1 1 1 1 1 1 1 1 1 1 1 1 1 1 1 1 1 1 1 1 1 1 1 1 1 1 1 1 1 1 1 1 1 1 1 1 1 1 1 1 1 1 1 1 1 1 1 1 1 1 1 1 1 1 1 1 1 1 1 1 1 1 1 1 1 1 1 1 1 1 1 1 1 1 1 1 1 1 1 1 1 1 1 1 1 1 1 1 1 1 1 1 1 1 1 1 1 1 1 1 1 1 1 1 1 1 1 1 1 1 1 1 1 1 1 1 1 1 1 1 1 1 1 1 1 1 1 1 1 1 1 1 1 1 1 1 1 1 1 1 1 1 1 1 1 1 1 1 1 1 1 1 1 1 1 1 1 1 1 1 1 1 1 1 1 1 1 1 1 1 1 1 1 1 1 1 1 1 1 1 1 1 1 1 1 1 1 1 1 1 1 1 1 1 1 1 1 1 1 1 1 1 1 1 1 1 1 1 1 1 1 1 1 1 1 1 1 1 1 1 1 1 1 1 1 1 1 1 1 1 1 1 1 1 1 1 1 1 1 1 1 1 1 1 1 1 1 1 1 1 1 1 1 1 1 1 1 1 1 1 1 1 1 1 1 1 1 1 1 1 1</float_array>
          <technique_common>
            <accessor source="#TrunkBottom__mPltTreeOakTrunk-color-array" count="969" stride="4">
              <param name="R" type="float" />
              <param name="G" type="float" />
              <param name="B" type="float" />
              <param name="A" type="float" />
            </accessor>
          </technique_common>
        </source>
        <source id="TrunkBottom__mPltTreeOakTrunk-texcoord">
          <float_array id="TrunkBottom__mPltTreeOakTrunk-texcoord-array" count="1938">0.4176458 0.6885281 0.4224677 0.6876431 0.4209418 0.6986603 -0.02148503 0.6670736 -0.02481155 0.66274 -0.02481155 0.6525162 0.4347972 0.6621906 0.4306162 0.6671041 0.4347972 0.6519364 0.4308298 0.6715293 0.4265877 0.673574 0.4306162 0.6671041 0.4103519 0.7223121 0.4209418 0.6986603 0.4239326 0.7004303 0.4239326 0.7004303 0.4312266 0.7358012 0.4103519 0.7223121 0.4176458 0.6885281 0.4202093 0.6837367 0.4224677 0.6876431 0.1713309 0.708945 0.177984 0.6983246 0.1808832 0.7075716 0.1808832 0.7075716 0.177984 0.6983246 0.1921751 0.7011628 0.1921751 0.7011628 0.1932432 0.6886501 0.198645 0.6922208 0.198645 0.6922208 0.1932432 0.6886501 0.2063356 0.6838588 0.2032228 0.6793725 0.2063356 0.6838588 0.1932432 0.6886501 0.1247902 0.7070528 0.1282388 0.6983246 0.1345256 0.7087619 0.1156957 0.7036042 0.1282388 0.6983246 0.1247902 0.7070528 0.09979553 0.6893826 0.1123997 0.6914579 0.1086764 0.6966765 0.1123997 0.6914579 0.09979553 0.6893826 0.09988708 0.6829737 0.1660817 0.6640217 0.1816462 0.6708884 0.1701407 0.673452 0.1660817 0.6640217 0.1525315 0.6650593 0.1525315 0.6577349 0.1525315 0.6650593 0.1401715 0.6641743 0.1525315 0.6577349 0.1354411 0.6736656 0.1243629 0.6713767 0.1401715 0.6641743 0.1660817 0.6640217 0.1525315 0.6577349 0.1603748 0.6566973 0.1810663 0.6503494 0.1734977 0.6574297 0.1603748 0.6566973 0.1525315 0.6577349 0.1401715 0.6641743 0.145085 0.6563921 0.1095004 0.664571 0.121189 0.6642048 0.1243629 0.6713767 0.1603748 0.6566973 0.1525315 0.6577349 0.1525315 0.6472976 0.1603748 0.6566973 0.1525315 0.6472976 0.1810663 0.6503494 0.1525315 0.6472976 0.1525315 0.6577349 0.145085 0.6563921 0.1401715 0.6641743 0.1315348 0.6573076 0.145085 0.6563921 0.1304971 0.653035 0.1525315 0.6472976 0.145085 0.6563921 0.145085 0.6563921 0.1315348 0.6573076 0.1304971 0.653035 0.1525315 0.7097995 0.1341289 0.7355876 0.1345256 0.7087619 0.2063356 0.6838588 0.2059389 0.6934721 0.198645 0.6922208 0.1808832 0.7075716 0.1726127 0.7355876 0.1713309 0.708945 0.1029695 0.7251503 0.09949034 0.7100742 0.1247902 0.7070528 0.1086764 0.6966765 0.09994812 0.6987823 0.09979553 0.6893826 0.1713309 0.708945 0.1726127 0.7355876 0.1525315 0.7097995 0.1247902 0.7070528 0.09949034 0.7100742 0.1156957 0.7036042 0.1921751 0.7011628 0.177984 0.6983246 0.1932432 0.6886501 0.1816462 0.6708884 0.1660817 0.6640217 0.1841487 0.6639302 0.1894589 0.6555986 0.1841487 0.6639302 0.1734977 0.6574297 0.1816462 0.6708884 0.1841487 0.6639302 0.1963561 0.6624653 0.1160924 0.659505 0.121189 0.6642048 0.1095004 0.664571 0.1734977 0.6574297 0.1660817 0.6640217 0.1603748 0.6566973 0.1810663 0.6503494 0.1894589 0.6555986 0.1734977 0.6574297 0.1304971 0.653035 0.1315348 0.6573076 0.1160924 0.659505 0.1734977 0.6574297 0.1841487 0.6639302 0.1660817 0.6640217 0.1315348 0.6573076 0.121189 0.6642048 0.1160924 0.659505 0.1921751 0.7011628 0.204474 0.7083346 0.1808832 0.7075716 0.286813 0.7047334 0.2839442 0.6951506 0.2985321 0.7012238 0.2985321 0.7012238 0.2991729 0.6904203 0.3043306 0.699881 0.3043306 0.699881 0.2991729 0.6904203 0.3121433 0.6888332 0.3084506 0.6771141 0.3121433 0.6888332 0.2991729 0.6904203 0.2307199 0.7042146 0.2341685 0.6951506 0.2404859 0.7061983 0.2216254 0.7021394 0.2341685 0.6951506 0.2307199 0.7042146 0.2063356 0.6838588 0.2211676 0.6886196 0.2128666 0.6923734 0.272042 0.6642659 0.2876064 0.6699423 0.2760704 0.6724753 0.2900174 0.6597186 0.2876064 0.6699423 0.272042 0.6642659 0.2876064 0.6699423 0.2900174 0.6597186 0.2968535 0.6664632 0.272042 0.6642659 0.2584613 0.6653035 0.2584613 0.6579791 0.2900174 0.6597186 0.272042 0.6642659 0.2663045 0.6569414 0.2584613 0.6653035 0.2461013 0.6643879 0.2584613 0.6579791 0.2414014 0.672689 0.2322764 0.6709189 0.2461013 0.6643879 0.272042 0.6642659 0.2584613 0.6579791 0.2663045 0.6569414 0.2793054 0.6530045 0.2900174 0.6597186 0.2663045 0.6569414 0.2584613 0.6579791 0.2461013 0.6643879 0.2510147 0.6566362 0.2461013 0.6643879 0.2322764 0.6709189 0.2239448 0.6634419 0.2663045 0.6569414 0.2584613 0.6579791 0.2584613 0.6475418 0.2663045 0.6569414 0.2584613 0.6475418 0.2793054 0.6530045 0.2584613 0.6475418 0.2584613 0.6579791 0.2510147 0.6566362 0.2461013 0.6643879 0.2239448 0.6634419 0.2510147 0.6566362 0.2322764 0.6709189 0.2189398 0.6674093 0.2239448 0.6634419 0.2326426 0.6588031 0.2584613 0.6475418 0.2510147 0.6566362 0.2510147 0.6566362 0.2239448 0.6634419 0.2326426 0.6588031 0.2584613 0.707358 0.2400586 0.7355876 0.2404859 0.7061983 0.3121433 0.6888332 0.3117771 0.7019868 0.3043306 0.699881 0.286813 0.7047334 0.2785729 0.7355876 0.2772607 0.7069308 0.2128666 0.6923734 0.2059389 0.6934721 0.2063356 0.6838588 0.286813 0.7047334 0.3140355 0.7267983 0.2785729 0.7355876 0.2772607 0.7069308 0.2785729 0.7355876 0.2584613 0.707358 0.286813 0.7047334 0.3112888 0.7104404 0.3140355 0.7267983 0.2307199 0.7042146 0.204474 0.7083346 0.2216254 0.7021394 0.2985321 0.7012238 0.2839442 0.6951506 0.2991729 0.6904203 0.2985321 0.7012238 0.3112888 0.7104404 0.286813 0.7047334 0.06540117 0.7083956 0.0720542 0.6951506 0.07495346 0.7061983 0.07495346 0.7061983 0.0720542 0.6951506 0.08664205 0.7027192 0.08664205 0.7027192 0.08731346 0.6904203 0.09271523 0.6996673 0.09271523 0.6996673 0.08731346 0.6904203 0.09979553 0.6893826 0.09399701 0.6815394 0.09979553 0.6893826 0.08731346 0.6904203 0.01882992 0.7056795 0.02230903 0.6951506 0.02859584 0.7076632 -0.005890072 0.6888027 0.006469924 0.6900235 0.001800592 0.6990265 0.006469924 0.6900235 -0.005890072 0.6888027 -0.002838221 0.6837367 0.06015198 0.6668905 0.07571642 0.6725669 0.06421094 0.6751305 0.08066042 0.66274 0.07571642 0.6725669 0.06015198 0.6668905 0.07571642 0.6725669 0.08066042 0.66274 0.08633687 0.6692709 0.06015198 0.6668905 0.04660176 0.6679281 0.04660176 0.6606036 0.08066042 0.66274 0.06015198 0.6668905 0.05444502 0.659566 0.04660176 0.6679281 0.03424177 0.6670431 0.04660176 0.6606036 0.0295114 0.6753136 0.01843318 0.6730552 0.03424177 0.6670431 0.06015198 0.6668905 0.04660176 0.6606036 0.05444502 0.659566 0.06997894 0.6543474 0.08066042 0.66274 0.05444502 0.659566 0.04660176 0.6606036 0.03424177 0.6670431 0.03912473 0.6592609 0.03424177 0.6670431 0.01843318 0.6730552 0.01373333 0.6616413 0.05444502 0.659566 0.04660176 0.6606036 0.04660176 0.6501663 0.05444502 0.659566 0.04660176 0.6501663 0.06997894 0.6543474 0.04660176 0.6501663 0.04660176 0.6606036 0.03912473 0.6592609 0.03424177 0.6670431 0.01373333 0.6616413 0.03912473 0.6592609 0.01843318 0.6730552 0.007354961 0.6667074 0.01373333 0.6616413 0.0245674 0.6559038 0.04660176 0.6501663 0.03912473 0.6592609 0.03912473 0.6592609 0.01373333 0.6616413 0.0245674 0.6559038 0.04660176 0.7088534 0.04092532 0.7338481 0.02859584 0.7076632 0.09979553 0.6893826 0.09994812 0.6987823 0.09271523 0.6996673 0.07495346 0.7061983 0.07229835 0.7338481 0.06540117 0.7083956 0.07495346 0.7061983 0.1029695 0.7251503 0.07229835 0.7338481 0.06540117 0.7083956 0.07229835 0.7338481 0.04660176 0.7088534 0.07495346 0.7061983 0.09949034 0.7100742 0.1029695 0.7251503 0.08664205 0.7027192 0.0720542 0.6951506 0.08731346 0.6904203 0.08664205 0.7027192 0.09949034 0.7100742 0.07495346 0.7061983 0.3831904 0.7080294 0.389874 0.6968902 0.3927427 0.7066256 0.4105045 0.698172 0.4051027 0.6893521 0.4176458 0.6885281 0.413831 0.6819666 0.4176458 0.6885281 0.4051027 0.6893521 0.3366497 0.7061068 0.3401288 0.6968902 0.3464156 0.7078158 0.3275551 0.7036042 0.3401288 0.6968902 0.3366497 0.7061068 0.3121433 0.6888332 0.3242897 0.6900235 0.3206885 0.7010712 0.3242897 0.6900235 0.3121433 0.6888332 0.3170568 0.6812037 0.3779717 0.6668905 0.3935362 0.6725669 0.3820307 0.6751305 0.4073 0.6682943 0.3960082 0.6667989 0.3984802 0.6610309 0.3779717 0.6668905 0.364391 0.6679281 0.364391 0.6606036 0.364391 0.6679281 0.352031 0.6670431 0.364391 0.6606036 0.3473312 0.6753136 0.3376568 0.6730552 0.352031 0.6670431 0.3779717 0.6668905 0.364391 0.6606036 0.3722343 0.659566 0.3877987 0.6543474 0.3853572 0.6602985 0.3722343 0.659566 0.364391 0.6606036 0.352031 0.6670431 0.3569445 0.6592609 0.3293863 0.6639302 0.3364666 0.6665853 0.3376568 0.6730552 0.3722343 0.659566 0.364391 0.6606036 0.364391 0.6501663 0.3722343 0.659566 0.364391 0.6501663 0.3877987 0.6543474 0.364391 0.6501663 0.364391 0.6606036 0.3569445 0.6592609 0.352031 0.6670431 0.3434248 0.6601764 0.3569445 0.6592609 0.3423567 0.6559038 0.364391 0.6501663 0.3569445 0.6592609 0.3569445 0.6592609 0.3434248 0.6601764 0.3423567 0.6559038 0.364391 0.7088839 0.3489181 0.7338481 0.3464156 0.7078158 0.4209418 0.6986603 0.4105045 0.698172 0.4176458 0.6885281 0.3140355 0.7267983 0.3112888 0.7104404 0.3366497 0.7061068 0.3206885 0.7010712 0.3117771 0.7019868 0.3121433 0.6888332 0.3831904 0.7080294 0.376751 0.7338481 0.364391 0.7088839 0.3366497 0.7061068 0.3112888 0.7104404 0.3275551 0.7036042 0.3935362 0.6725669 0.3779717 0.6668905 0.3960082 0.6667989 0.3984802 0.6610309 0.3960082 0.6667989 0.3853572 0.6602985 0.3935362 0.6725669 0.3960082 0.6667989 0.4073 0.6682943 0.352031 0.6670431 0.3364666 0.6665853 0.3434248 0.6601764 0.3364666 0.6665853 0.352031 0.6670431 0.3376568 0.6730552 0.33314 0.6610919 0.3364666 0.6665853 0.3293863 0.6639302 0.3853572 0.6602985 0.3779717 0.6668905 0.3722343 0.659566 0.3877987 0.6543474 0.3984802 0.6610309 0.3853572 0.6602985 0.3423567 0.6559038 0.3434248 0.6601764 0.33314 0.6610919 0.3853572 0.6602985 0.3960082 0.6667989 0.3779717 0.6668905 0.3434248 0.6601764 0.3364666 0.6665853 0.33314 0.6610919 0.4347972 0.6621906 0.4347972 0.6685385 0.4306162 0.6671041 -0.02148503 0.6670736 -0.02481155 0.6690878 -0.02481155 0.66274 -0.009460738 0.6995453 -0.005890072 0.6888027 0.001800592 0.6990265 0.01882992 0.7056795 -0.009460738 0.6995453 0.01348918 0.7338481 -0.01281777 0.7014069 0.007293924 0.7348247 0.001129185 0.7358012 0.1963561 0.6624653 0.1841487 0.6639302 0.1894589 0.6555986 0.199469 0.6726584 0.1816462 0.6708884 0.1878109 0.6812647 0.1525315 0.7097995 0.1726127 0.7355876 0.1341289 0.7355876 0.1726127 0.7355876 0.1398969 0.7665639 0.1726127 0.7665639 0.2584613 0.707358 0.2785729 0.7355876 0.2400586 0.7355876 0.2720725 0.7665639 0.2400586 0.7355876 0.2380749 0.7665639 -0.02148503 0.6670736 -0.01745659 0.6721091 -0.02078311 0.6721091 -0.01232948 0.6881924 -0.01745659 0.6721091 -0.01281777 0.7014069 -0.009460738 0.6995453 0.2772607 0.7069308 0.2839442 0.6951506 0.286813 0.7047334 0.2584613 0.6969207 0.2839442 0.6951506 0.2584613 0.707358 -0.01132237 0.6721091 -0.009491256 0.6838588 -0.01745659 0.6721091 -0.01232948 0.6881924 0.4224677 0.6876431 0.4202093 0.6837367 0.4265877 0.673574 0.424604 0.6714072 -0.02481155 0.6741233 -0.02481155 0.6690878 -0.02078311 0.6721091 -0.02148503 0.6670736 -0.02481155 0.6525162 -0.01132237 0.6721091 -0.02148503 0.6670736 -0.01745659 0.6721091 0.4239326 0.7004303 0.4308298 0.6715293 0.4342479 0.7014374 0.4347972 0.6735435 0.4347972 0.6735435 0.4308298 0.6715293 0.4347972 0.6685385 0.4306162 0.6671041 0.4265877 0.673574 0.424604 0.6714072 0.4306162 0.6671041 0.4347972 0.6519364 -0.01281777 0.7014069 0.001129185 0.7358012 -0.02481155 0.7019868 -0.02481155 0.7358012 0.001129185 0.7358012 -0.02029481 0.7667165 -0.01608326 0.7667165 -0.009491256 0.6838588 -0.005890072 0.6888027 -0.01232948 0.6881924 -0.009460738 0.6995453 0.4312266 0.7358012 0.4239326 0.7004303 0.4342479 0.7014374 0.4342479 0.7358012 0.4329356 0.7679678 0.4312266 0.7358012 0.4299142 0.7679678 -0.01281777 0.7014069 -0.02481155 0.7019868 -0.02078311 0.6721091 -0.02481155 0.6741233 0.4103519 0.7223121 0.4017151 0.7665639 0.376751 0.7338481 0.3722343 0.7665639 0.4103519 0.7223121 0.4312266 0.7358012 0.4017151 0.7665639 0.4299142 0.7679678 0.007293924 0.7348247 -0.01297037 0.7667165 0.001129185 0.7358012 -0.01608326 0.7667165 0.1029695 0.7251503 0.1059297 0.7665639 0.07229835 0.7338481 0.07443465 0.7665639 0.1029695 0.7251503 0.1341289 0.7355876 0.1059297 0.7665639 0.1398969 0.7665639 0.2063662 0.7243263 0.2053591 0.7665639 0.1726127 0.7355876 0.1726127 0.7665639 0.2063662 0.7243263 0.2400586 0.7355876 0.2053591 0.7665639 0.2380749 0.7665639 0.3140355 0.7267983 0.3064364 0.7665639 0.2785729 0.7355876 0.2720725 0.7665639 0.3140355 0.7267983 0.3489181 0.7338481 0.3064364 0.7665639 0.3391827 0.7665639 0.177984 0.6983246 0.1525315 0.7001251 0.1743522 0.6878262 0.1525315 0.6902372 0.1932432 0.6886501 0.177984 0.6983246 0.1878109 0.6812647 0.1743522 0.6878262 0.1525315 0.6902372 0.1525315 0.7001251 0.1321757 0.6877651 0.1282388 0.6983246 0.199469 0.6726584 0.2032228 0.6793725 0.1878109 0.6812647 0.1932432 0.6886501 0.1525315 0.6902372 0.1525315 0.6749779 0.1743522 0.6878262 0.1701407 0.673452 0.1743522 0.6878262 0.1701407 0.673452 0.1878109 0.6812647 0.1816462 0.6708884 0.1086764 0.6966765 0.1123997 0.6914579 0.1156957 0.7036042 0.1282388 0.6983246 0.1525315 0.6902372 0.1321757 0.6877651 0.1525315 0.6749779 0.1354411 0.6736656 0.1321757 0.6877651 0.1282388 0.6983246 0.117832 0.6836146 0.1123997 0.6914579 0.1525315 0.6749779 0.1525315 0.6650593 0.1701407 0.673452 0.1660817 0.6640217 0.1525315 0.6749779 0.1354411 0.6736656 0.1525315 0.6650593 0.1401715 0.6641743 0.1321757 0.6877651 0.117832 0.6836146 0.1354411 0.6736656 0.1243629 0.6713767 0.1123997 0.6914579 0.09988708 0.6829737 0.117832 0.6836146 0.1039766 0.6764427 0.117832 0.6836146 0.1039766 0.6764427 0.1243629 0.6713767 0.1095004 0.664571 0.1247902 0.7070528 0.1345256 0.7087619 0.1029695 0.7251503 0.1341289 0.7355876 0.2059389 0.6934721 0.204474 0.7083346 0.198645 0.6922208 0.1921751 0.7011628 0.1726127 0.7355876 0.1808832 0.7075716 0.2063662 0.7243263 0.204474 0.7083346 0.09949034 0.7100742 0.09994812 0.6987823 0.1156957 0.7036042 0.1086764 0.6966765 0.1401715 0.6641743 0.121189 0.6642048 0.1315348 0.6573076 0.1243629 0.6713767 0.2341685 0.6951506 0.2584613 0.6969207 0.2404859 0.7061983 0.2584613 0.707358 0.2839442 0.6951506 0.2584613 0.6969207 0.280282 0.6864223 0.2584613 0.6879177 0.2991729 0.6904203 0.2839442 0.6951506 0.2937407 0.6794336 0.280282 0.6864223 0.2584613 0.6879177 0.2584613 0.6969207 0.2381359 0.6863918 0.2341685 0.6951506 0.3037507 0.6727805 0.3084506 0.6771141 0.2937407 0.6794336 0.2991729 0.6904203 0.2937407 0.6794336 0.280282 0.6864223 0.2876064 0.6699423 0.2760704 0.6724753 0.2128666 0.6923734 0.2211676 0.6886196 0.2216254 0.7021394 0.2341685 0.6951506 0.2381359 0.6863918 0.2341685 0.6951506 0.2265694 0.6812647 0.2211676 0.6886196 0.2968535 0.6664632 0.3037507 0.6727805 0.2876064 0.6699423 0.2937407 0.6794336 0.2584613 0.6740318 0.2584613 0.6653035 0.2760704 0.6724753 0.272042 0.6642659 0.2584613 0.6740318 0.2414014 0.672689 0.2584613 0.6653035 0.2461013 0.6643879 0.2414014 0.672689 0.2381359 0.6863918 0.2322764 0.6709189 0.2265694 0.6812647 0.2265694 0.6812647 0.2123173 0.678396 0.2322764 0.6709189 0.2189398 0.6674093 0.3112888 0.7104404 0.2985321 0.7012238 0.3117771 0.7019868 0.3043306 0.699881 0.204474 0.7083346 0.2059389 0.6934721 0.2216254 0.7021394 0.2128666 0.6923734 0.04660176 0.7088534 0.04660176 0.6969207 0.06540117 0.7083956 0.0720542 0.6951506 0.02230903 0.6951506 0.04660176 0.6969207 0.02859584 0.7076632 0.04660176 0.7088534 0.0720542 0.6951506 0.04660176 0.6969207 0.06839198 0.6864223 0.04660176 0.6879177 0.08731346 0.6904203 0.0720542 0.6951506 0.08188116 0.6826686 0.06839198 0.6864223 0.04660176 0.6879177 0.04660176 0.6969207 0.02624592 0.6863918 0.02230903 0.6951506 0.09045687 0.6770531 0.09399701 0.6815394 0.08188116 0.6826686 0.08731346 0.6904203 0.02230903 0.6951506 0.01882992 0.7056795 0.006469924 0.6900235 0.001800592 0.6990265 0.06839198 0.6864223 0.04660176 0.6879177 0.06421094 0.6751305 0.04660176 0.6766564 0.08188116 0.6826686 0.06839198 0.6864223 0.07571642 0.6725669 0.06421094 0.6751305 0.04660176 0.6766564 0.04660176 0.6879177 0.0295114 0.6753136 0.02624592 0.6863918 0.02624592 0.6863918 0.02230903 0.6951506 0.0118717 0.6828822 0.006469924 0.6900235 0.08633687 0.6692709 0.09045687 0.6770531 0.07571642 0.6725669 0.08188116 0.6826686 0.04660176 0.6766564 0.04660176 0.6679281 0.06421094 0.6751305 0.06015198 0.6668905 0.04660176 0.6766564 0.0295114 0.6753136 0.04660176 0.6679281 0.03424177 0.6670431 0.0295114 0.6753136 0.02624592 0.6863918 0.01843318 0.6730552 0.0118717 0.6828822 0.09949034 0.7100742 0.08664205 0.7027192 0.09994812 0.6987823 0.09271523 0.6996673 0.364391 0.7088839 0.364391 0.6986908 0.3831904 0.7080294 0.389874 0.6968902 0.4051027 0.6893521 0.4105045 0.698172 0.389874 0.6968902 0.3927427 0.7066256 0.3401288 0.6968902 0.364391 0.6986908 0.3464156 0.7078158 0.364391 0.7088839 0.389874 0.6968902 0.364391 0.6986908 0.3862117 0.6870937 0.364391 0.6895352 0.4051027 0.6893521 0.389874 0.6968902 0.3996704 0.6826686 0.3862117 0.6870937 0.364391 0.6895352 0.364391 0.6986908 0.3440657 0.6870632 0.3401288 0.6968902 0.364391 0.6895352 0.364391 0.6766564 0.3862117 0.6870937 0.3820307 0.6751305 0.3862117 0.6870937 0.3820307 0.6751305 0.3996704 0.6826686 0.3935362 0.6725669 0.3206885 0.7010712 0.3242897 0.6900235 0.3275551 0.7036042 0.3401288 0.6968902 0.364391 0.6895352 0.3440657 0.6870632 0.364391 0.6766564 0.3473312 0.6753136 0.3440657 0.6870632 0.3401288 0.6968902 0.3296915 0.6828822 0.3242897 0.6900235 0.364391 0.6766564 0.364391 0.6679281 0.3820307 0.6751305 0.3779717 0.6668905 0.364391 0.6766564 0.3473312 0.6753136 0.364391 0.6679281 0.352031 0.6670431 0.3440657 0.6870632 0.3296915 0.6828822 0.3473312 0.6753136 0.3376568 0.6730552 0.3242897 0.6900235 0.3170568 0.6812037 0.3296915 0.6828822 0.3211768 0.6748863 0.3296915 0.6828822 0.3211768 0.6748863 0.3376568 0.6730552 0.3293863 0.6639302 0.3140355 0.7267983 0.3366497 0.7061068 0.3489181 0.7338481 0.3464156 0.7078158 0.376751 0.7338481 0.3831904 0.7080294 0.4103519 0.7223121 0.3927427 0.7066256 0.3927427 0.7066256 0.4105045 0.698172 0.4103519 0.7223121 0.4209418 0.6986603 0.3112888 0.7104404 0.3117771 0.7019868 0.3275551 0.7036042 0.3206885 0.7010712 0.007293924 0.7348247 0.01348918 0.7338481 0.005829035 0.7665944 0.008972442 0.7665639 0.78576 0.9441511 0.8095034 0.9247719 0.7924742 0.9525743 0.8167363 0.9147313 0.8167363 0.9147313 0.8026368 0.9538255 0.8095034 0.9247719 0.7924742 0.9525743 0.4265877 0.673574 0.4308298 0.6715293 0.4224677 0.6876431 0.4239326 0.7004303 0.4209418 0.6986603 0.3722343 0.7665639 0.3391827 0.7665639 0.3489181 0.7338481 0.376751 0.7338481 0.364391 0.7088839 0.2211676 0.6886196 0.2063356 0.6838588 0.2087771 0.6794336 0.2265694 0.6812647 0.2123173 0.678396 0.204474 0.7083346 0.2307199 0.7042146 0.2063662 0.7243263 0.2404859 0.7061983 0.2400586 0.7355876 0.006469924 0.6900235 -0.002838221 0.6837367 0.0118717 0.6828822 0.007354961 0.6667074 0.01843318 0.6730552 0.01882992 0.7056795 0.02859584 0.7076632 0.01348918 0.7338481 0.04092532 0.7338481 0.008972442 0.7665639 0.0417188 0.7665639 0.3935362 0.6725669 0.4073 0.6682943 0.3996704 0.6826686 0.413831 0.6819666 0.4051027 0.6893521 0.07229835 0.7338481 0.07443465 0.7665639 0.0417188 0.7665639 0.04092532 0.7338481 0.04660176 0.7088534 0.1525315 0.7097995 0.1525315 0.7001251 0.1713309 0.708945 0.177984 0.6983246 0.1525315 0.7097995 0.1345256 0.7087619 0.1282388 0.6983246 0.280282 0.6864223 0.2584613 0.6879177 0.2760704 0.6724753 0.2584613 0.6740318 0.2381359 0.6863918 0.2414014 0.672689 0.2584613 0.6740318 0.854091 0.7788324 0.8945585 0.7861263 0.9291971 0.8068483 0.8537248 0.8069704 0.9522691 0.8378246 0.8136235 0.7861263 0.960387 0.8744774 0.7793207 0.8068483 0.9517807 0.911069 0.9288614 0.9421064 0.8945585 0.9628285 0.854091 0.8744774 0.7564012 0.8378857 0.7474288 0.8744774 0.854091 0.8744774 0.7564012 0.911069 0.854091 0.9701224 0.7777337 0.9410993 0.8134098 0.9624928 0.8167363 0.9147313 0.78576 0.9441511 0.8026368 0.9538255</float_array>
          <technique_common>
            <accessor source="#TrunkBottom__mPltTreeOakTrunk-texcoord-array" count="969" stride="2">
              <param name="S" type="float" />
              <param name="T" type="float" />
            </accessor>
          </technique_common>
        </source>
        <vertices id="TrunkBottom__mPltTreeOakTrunk-vertex">
          <input semantic="POSITION" source="#TrunkBottom__mPltTreeOakTrunk-position" />
        </vertices>
        <triangles material="mPltTreeOakTrunk" count="424">
          <input semantic="VERTEX" source="#TrunkBottom__mPltTreeOakTrunk-vertex" offset="0" />
          <input semantic="NORMAL" source="#TrunkBottom__mPltTreeOakTrunk-normal" offset="1" />
          <input semantic="COLOR" source="#TrunkBottom__mPltTreeOakTrunk-color" offset="2" set="0" />
          <input semantic="TEXCOORD" source="#TrunkBottom__mPltTreeOakTrunk-texcoord" offset="3" set="0" />
          <p>0 0 0 0 1 1 1 1 2 2 2 2 3 3 3 3 4 4 4 4 5 5 5 5 6 6 6 6 7 7 7 7 8 8 8 8 9 9 9 9 10 10 10 10 11 11 11 11 12 12 12 12 13 13 13 13 14 14 14 14 15 15 15 15 16 16 16 16 17 17 17 17 18 18 18 18 19 19 19 19 20 20 20 20 21 21 21 21 22 22 22 22 23 23 23 23 24 24 24 24 25 25 25 25 26 26 26 26 27 27 27 27 28 28 28 28 29 29 29 29 30 30 30 30 31 31 31 31 32 32 32 32 33 33 33 33 34 34 34 34 35 35 35 35 36 36 36 36 37 37 37 37 38 38 38 38 39 39 39 39 40 40 40 40 41 41 41 41 42 42 42 42 43 43 43 43 44 44 44 44 45 45 45 45 46 46 46 46 47 47 47 47 48 48 48 48 49 49 49 49 50 50 50 50 51 51 51 51 52 52 52 52 53 53 53 53 54 54 54 54 55 55 55 55 56 56 56 56 57 57 57 57 58 58 58 58 59 59 59 59 60 60 60 60 61 61 61 61 62 62 62 62 63 63 63 63 64 64 64 64 65 65 65 65 66 66 66 66 67 67 67 67 68 68 68 68 69 69 69 69 70 70 70 70 71 71 71 71 72 72 72 72 73 73 73 73 74 74 74 74 75 75 75 75 76 76 76 76 77 77 77 77 78 78 78 78 79 79 79 79 80 80 80 80 81 81 81 81 82 82 82 82 83 83 83 83 84 84 84 84 85 85 85 85 86 86 86 86 87 87 87 87 88 88 88 88 89 89 89 89 90 90 90 90 91 91 91 91 92 92 92 92 93 93 93 93 94 94 94 94 95 95 95 95 96 96 96 96 97 97 97 97 98 98 98 98 99 99 99 99 100 100 100 100 101 101 101 101 102 102 102 102 103 103 103 103 104 104 104 104 105 105 105 105 106 106 106 106 107 107 107 107 108 108 108 108 109 109 109 109 110 110 110 110 111 111 111 111 112 112 112 112 113 113 113 113 114 114 114 114 115 115 115 115 116 116 116 116 117 117 117 117 118 118 118 118 119 119 119 119 120 120 120 120 121 121 121 121 122 122 122 122 123 123 123 123 124 124 124 124 125 125 125 125 126 126 126 126 127 127 127 127 128 128 128 128 129 129 129 129 130 130 130 130 131 131 131 131 132 132 132 132 133 133 133 133 134 134 134 134 135 135 135 135 136 136 136 136 137 137 137 137 138 138 138 138 139 139 139 139 140 140 140 140 141 141 141 141 142 142 142 142 143 143 143 143 144 144 144 144 145 145 145 145 146 146 146 146 147 147 147 147 148 148 148 148 149 149 149 149 150 150 150 150 151 151 151 151 152 152 152 152 153 153 153 153 154 154 154 154 155 155 155 155 156 156 156 156 157 157 157 157 158 158 158 158 159 159 159 159 160 160 160 160 161 161 161 161 162 162 162 162 163 163 163 163 164 164 164 164 165 165 165 165 166 166 166 166 167 167 167 167 168 168 168 168 169 169 169 169 170 170 170 170 171 171 171 171 172 172 172 172 173 173 173 173 174 174 174 174 175 175 175 175 176 176 176 176 177 177 177 177 178 178 178 178 179 179 179 179 180 180 180 180 181 181 181 181 182 182 182 182 183 183 183 183 184 184 184 184 185 185 185 185 186 186 186 186 187 187 187 187 188 188 188 188 189 189 189 189 190 190 190 190 191 191 191 191 192 192 192 192 193 193 193 193 194 194 194 194 195 195 195 195 196 196 196 196 197 197 197 197 198 198 198 198 199 199 199 199 200 200 200 200 201 201 201 201 202 202 202 202 203 203 203 203 204 204 204 204 205 205 205 205 206 206 206 206 207 207 207 207 208 208 208 208 209 209 209 209 210 210 210 210 211 211 211 211 212 212 212 212 213 213 213 213 214 214 214 214 215 215 215 215 216 216 216 216 217 217 217 217 218 218 218 218 219 219 219 219 220 220 220 220 221 221 221 221 222 222 222 222 223 223 223 223 224 224 224 224 225 225 225 225 226 226 226 226 227 227 227 227 228 228 228 228 229 229 229 229 230 230 230 230 231 231 231 231 232 232 232 232 233 233 233 233 234 234 234 234 235 235 235 235 236 236 236 236 237 237 237 237 238 238 238 238 239 239 239 239 240 240 240 240 241 241 241 241 242 242 242 242 243 243 243 243 244 244 244 244 245 245 245 245 246 246 246 246 247 247 247 247 248 248 248 248 249 249 249 249 250 250 250 250 251 251 251 251 252 252 252 252 253 253 253 253 254 254 254 254 255 255 255 255 256 256 256 256 257 257 257 257 258 258 258 258 259 259 259 259 260 260 260 260 261 261 261 261 262 262 262 262 263 263 263 263 264 264 264 264 265 265 265 265 266 266 266 266 267 267 267 267 268 268 268 268 269 269 269 269 270 270 270 270 271 271 271 271 272 272 272 272 273 273 273 273 274 274 274 274 275 275 275 275 276 276 276 276 277 277 277 277 278 278 278 278 279 279 279 279 280 280 280 280 281 281 281 281 282 282 282 282 283 283 283 283 284 284 284 284 285 285 285 285 286 286 286 286 287 287 287 287 288 288 288 288 289 289 289 289 290 290 290 290 291 291 291 291 292 292 292 292 293 293 293 293 294 294 294 294 295 295 295 295 296 296 296 296 297 297 297 297 298 298 298 298 299 299 299 299 300 300 300 300 301 301 301 301 302 302 302 302 303 303 303 303 304 304 304 304 305 305 305 305 306 306 306 306 307 307 307 307 308 308 308 308 309 309 309 309 310 310 310 310 311 311 311 311 312 312 312 312 313 313 313 313 314 314 314 314 315 315 315 315 316 316 316 316 317 317 317 317 318 318 318 318 319 319 319 319 320 320 320 320 321 321 321 321 322 322 322 322 323 323 323 323 324 324 324 324 325 325 325 325 326 326 326 326 327 327 327 327 328 328 328 328 329 329 329 329 330 330 330 330 331 331 331 331 332 332 332 332 333 333 333 333 334 334 334 334 335 335 335 335 336 336 336 336 337 337 337 337 338 338 338 338 339 339 339 339 340 340 340 340 341 341 341 341 342 342 342 342 343 343 343 343 344 344 344 344 345 345 345 345 346 346 346 346 347 347 347 347 348 348 348 348 349 349 349 349 350 350 350 350 351 351 351 351 352 352 352 352 353 353 353 353 354 354 354 354 355 355 355 355 356 356 356 356 357 357 357 357 358 358 358 358 359 359 359 359 360 360 360 360 361 361 361 361 362 362 362 362 363 363 363 363 364 364 364 364 365 365 365 365 366 366 366 366 367 367 367 367 368 368 368 368 369 369 369 369 370 370 370 370 371 371 371 371 372 372 372 372 373 373 373 373 374 374 374 374 375 375 375 375 376 376 376 376 377 377 377 377 378 378 378 378 379 379 379 379 380 380 380 380 381 381 381 381 382 382 382 382 383 383 383 383 384 384 384 384 385 385 385 385 386 386 386 386 387 387 387 387 388 388 388 388 389 389 389 389 390 390 390 390 391 391 391 391 392 392 392 392 393 393 393 393 394 394 394 394 395 395 395 395 396 396 396 396 397 397 397 397 398 398 398 398 399 399 399 399 400 400 400 400 401 401 401 401 402 402 402 402 403 403 403 403 404 404 404 404 405 405 405 405 406 406 406 406 407 407 407 407 408 408 408 408 409 409 409 409 410 410 410 410 411 411 411 411 412 412 412 412 413 413 413 413 414 414 414 414 415 415 415 415 416 416 416 416 417 417 417 417 418 418 418 418 419 419 419 419 420 420 420 420 421 421 421 421 422 422 422 422 423 423 423 423 424 424 424 424 425 425 425 425 426 426 426 426 427 427 427 427 428 428 428 428 429 429 429 429 430 430 430 430 431 431 431 431 432 432 432 432 433 433 433 433 434 434 434 434 435 435 435 435 436 436 436 436 437 437 437 437 438 438 438 438 439 439 439 439 440 440 440 440 441 441 441 441 442 442 442 442 443 443 443 443 444 444 444 444 445 445 445 445 446 446 446 446 447 447 447 447 448 448 448 448 449 449 449 449 450 450 450 450 451 451 451 451 452 452 452 452 453 453 453 453 454 454 454 454 455 455 455 455 456 456 456 456 457 457 457 457 458 458 458 458 459 459 459 459 460 460 460 460 461 461 461 461 462 462 462 462 463 463 463 463 464 464 464 464 465 465 465 465 466 466 466 466 467 467 467 467 468 468 468 468 469 469 469 469 470 470 470 470 471 471 471 471 472 472 472 472 473 473 473 473 474 474 474 474 475 475 475 475 476 476 476 476 476 476 476 476 477 477 477 477 478 478 478 478 477 477 477 477 479 479 479 479 478 478 478 478 478 478 478 478 479 479 479 479 480 480 480 480 479 479 479 479 481 481 481 481 480 480 480 480 480 480 480 480 481 481 481 481 482 482 482 482 483 483 483 483 484 484 484 484 485 485 485 485 483 483 483 483 486 486 486 486 487 487 487 487 486 486 486 486 488 488 488 488 487 487 487 487 489 489 489 489 490 490 490 490 491 491 491 491 491 491 491 491 492 492 492 492 493 493 493 493 492 492 492 492 494 494 494 494 493 493 493 493 495 495 495 495 496 496 496 496 497 497 497 497 496 496 496 496 498 498 498 498 499 499 499 499 498 498 498 498 500 500 500 500 499 499 499 499 501 501 501 501 502 502 502 502 503 503 503 503 504 504 504 504 503 503 503 503 505 505 505 505 506 506 506 506 503 503 503 503 504 504 504 504 507 507 507 507 506 506 506 506 504 504 504 504 508 508 508 508 509 509 509 509 510 510 510 510 511 511 511 511 512 512 512 512 508 508 508 508 513 513 513 513 511 511 511 511 508 508 508 508 514 514 514 514 515 515 515 515 516 516 516 516 515 515 515 515 517 517 517 517 516 516 516 516 518 518 518 518 519 519 519 519 520 520 520 520 519 519 519 519 521 521 521 521 520 520 520 520 522 522 522 522 523 523 523 523 524 524 524 524 523 523 523 523 525 525 525 525 524 524 524 524 526 526 526 526 527 527 527 527 528 528 528 528 527 527 527 527 529 529 529 529 528 528 528 528 530 530 530 530 531 531 531 531 532 532 532 532 531 531 531 531 533 533 533 533 532 532 532 532 534 534 534 534 535 535 535 535 536 536 536 536 535 535 535 535 537 537 537 537 536 536 536 536 538 538 538 538 539 539 539 539 540 540 540 540 539 539 539 539 541 541 541 541 540 540 540 540 542 542 542 542 543 543 543 543 544 544 544 544 543 543 543 543 545 545 545 545 544 544 544 544 545 545 545 545 546 546 546 546 547 547 547 547 546 546 546 546 548 548 548 548 547 547 547 547 549 549 549 549 550 550 550 550 551 551 551 551 550 550 550 550 552 552 552 552 551 551 551 551 553 553 553 553 554 554 554 554 555 555 555 555 556 556 556 556 553 553 553 553 555 555 555 555 556 556 556 556 557 557 557 557 558 558 558 558 557 557 557 557 559 559 559 559 558 558 558 558 560 560 560 560 561 561 561 561 562 562 562 562 561 561 561 561 563 563 563 563 562 562 562 562 564 564 564 564 565 565 565 565 566 566 566 566 565 565 565 565 567 567 567 567 566 566 566 566 568 568 568 568 569 569 569 569 570 570 570 570 569 569 569 569 571 571 571 571 570 570 570 570 572 572 572 572 573 573 573 573 574 574 574 574 573 573 573 573 575 575 575 575 574 574 574 574 576 576 576 576 577 577 577 577 578 578 578 578 577 577 577 577 579 579 579 579 578 578 578 578 580 580 580 580 581 581 581 581 582 582 582 582 581 581 581 581 583 583 583 583 582 582 582 582 584 584 584 584 585 585 585 585 586 586 586 586 585 585 585 585 587 587 587 587 586 586 586 586 588 588 588 588 589 589 589 589 590 590 590 590 589 589 589 589 591 591 591 591 590 590 590 590 592 592 592 592 593 593 593 593 594 594 594 594 593 593 593 593 595 595 595 595 594 594 594 594 596 596 596 596 597 597 597 597 598 598 598 598 597 597 597 597 599 599 599 599 598 598 598 598 600 600 600 600 601 601 601 601 602 602 602 602 601 601 601 601 603 603 603 603 602 602 602 602 604 604 604 604 605 605 605 605 606 606 606 606 605 605 605 605 607 607 607 607 606 606 606 606 608 608 608 608 609 609 609 609 610 610 610 610 609 609 609 609 611 611 611 611 610 610 610 610 612 612 612 612 613 613 613 613 614 614 614 614 613 613 613 613 615 615 615 615 614 614 614 614 616 616 616 616 617 617 617 617 618 618 618 618 617 617 617 617 619 619 619 619 618 618 618 618 620 620 620 620 621 621 621 621 622 622 622 622 621 621 621 621 623 623 623 623 622 622 622 622 624 624 624 624 625 625 625 625 626 626 626 626 625 625 625 625 627 627 627 627 626 626 626 626 628 628 628 628 629 629 629 629 630 630 630 630 629 629 629 629 631 631 631 631 630 630 630 630 632 632 632 632 633 633 633 633 634 634 634 634 633 633 633 633 635 635 635 635 634 634 634 634 636 636 636 636 637 637 637 637 638 638 638 638 637 637 637 637 639 639 639 639 638 638 638 638 640 640 640 640 641 641 641 641 642 642 642 642 641 641 641 641 643 643 643 643 642 642 642 642 644 644 644 644 645 645 645 645 646 646 646 646 645 645 645 645 647 647 647 647 646 646 646 646 648 648 648 648 649 649 649 649 650 650 650 650 649 649 649 649 651 651 651 651 650 650 650 650 652 652 652 652 653 653 653 653 654 654 654 654 653 653 653 653 655 655 655 655 654 654 654 654 656 656 656 656 657 657 657 657 658 658 658 658 657 657 657 657 659 659 659 659 658 658 658 658 660 660 660 660 661 661 661 661 662 662 662 662 661 661 661 661 663 663 663 663 662 662 662 662 664 664 664 664 665 665 665 665 666 666 666 666 665 665 665 665 667 667 667 667 666 666 666 666 668 668 668 668 669 669 669 669 670 670 670 670 669 669 669 669 671 671 671 671 670 670 670 670 672 672 672 672 673 673 673 673 674 674 674 674 673 673 673 673 672 672 672 672 675 675 675 675 676 676 676 676 677 677 677 677 678 678 678 678 677 677 677 677 679 679 679 679 678 678 678 678 680 680 680 680 681 681 681 681 682 682 682 682 681 681 681 681 683 683 683 683 682 682 682 682 684 684 684 684 685 685 685 685 686 686 686 686 685 685 685 685 687 687 687 687 686 686 686 686 688 688 688 688 689 689 689 689 690 690 690 690 689 689 689 689 691 691 691 691 690 690 690 690 692 692 692 692 693 693 693 693 694 694 694 694 693 693 693 693 695 695 695 695 694 694 694 694 696 696 696 696 697 697 697 697 698 698 698 698 697 697 697 697 699 699 699 699 698 698 698 698 700 700 700 700 701 701 701 701 702 702 702 702 701 701 701 701 703 703 703 703 702 702 702 702 704 704 704 704 705 705 705 705 706 706 706 706 705 705 705 705 707 707 707 707 706 706 706 706 708 708 708 708 709 709 709 709 710 710 710 710 709 709 709 709 711 711 711 711 710 710 710 710 712 712 712 712 713 713 713 713 714 714 714 714 713 713 713 713 715 715 715 715 714 714 714 714 716 716 716 716 717 717 717 717 718 718 718 718 717 717 717 717 719 719 719 719 718 718 718 718 720 720 720 720 721 721 721 721 722 722 722 722 721 721 721 721 723 723 723 723 722 722 722 722 724 724 724 724 725 725 725 725 726 726 726 726 725 725 725 725 727 727 727 727 726 726 726 726 728 728 728 728 729 729 729 729 730 730 730 730 729 729 729 729 731 731 731 731 730 730 730 730 732 732 732 732 733 733 733 733 734 734 734 734 733 733 733 733 735 735 735 735 734 734 734 734 736 736 736 736 737 737 737 737 738 738 738 738 737 737 737 737 739 739 739 739 738 738 738 738 740 740 740 740 741 741 741 741 742 742 742 742 741 741 741 741 743 743 743 743 742 742 742 742 744 744 744 744 745 745 745 745 746 746 746 746 745 745 745 745 747 747 747 747 746 746 746 746 748 748 748 748 749 749 749 749 750 750 750 750 749 749 749 749 751 751 751 751 750 750 750 750 752 752 752 752 753 753 753 753 754 754 754 754 753 753 753 753 755 755 755 755 754 754 754 754 756 756 756 756 757 757 757 757 758 758 758 758 757 757 757 757 759 759 759 759 758 758 758 758 760 760 760 760 761 761 761 761 762 762 762 762 761 761 761 761 763 763 763 763 762 762 762 762 764 764 764 764 765 765 765 765 766 766 766 766 765 765 765 765 767 767 767 767 766 766 766 766 768 768 768 768 769 769 769 769 770 770 770 770 769 769 769 769 771 771 771 771 770 770 770 770 772 772 772 772 773 773 773 773 774 774 774 774 773 773 773 773 775 775 775 775 774 774 774 774 776 776 776 776 777 777 777 777 778 778 778 778 777 777 777 777 779 779 779 779 778 778 778 778 780 780 780 780 781 781 781 781 782 782 782 782 781 781 781 781 783 783 783 783 782 782 782 782 784 784 784 784 785 785 785 785 786 786 786 786 785 785 785 785 787 787 787 787 786 786 786 786 788 788 788 788 789 789 789 789 790 790 790 790 789 789 789 789 791 791 791 791 790 790 790 790 792 792 792 792 793 793 793 793 794 794 794 794 793 793 793 793 795 795 795 795 794 794 794 794 796 796 796 796 797 797 797 797 798 798 798 798 797 797 797 797 799 799 799 799 798 798 798 798 800 800 800 800 801 801 801 801 802 802 802 802 801 801 801 801 803 803 803 803 802 802 802 802 804 804 804 804 805 805 805 805 806 806 806 806 805 805 805 805 807 807 807 807 806 806 806 806 808 808 808 808 809 809 809 809 810 810 810 810 809 809 809 809 811 811 811 811 810 810 810 810 812 812 812 812 813 813 813 813 814 814 814 814 813 813 813 813 815 815 815 815 814 814 814 814 816 816 816 816 817 817 817 817 818 818 818 818 817 817 817 817 819 819 819 819 818 818 818 818 820 820 820 820 821 821 821 821 822 822 822 822 821 821 821 821 823 823 823 823 822 822 822 822 824 824 824 824 825 825 825 825 826 826 826 826 825 825 825 825 827 827 827 827 826 826 826 826 828 828 828 828 829 829 829 829 830 830 830 830 829 829 829 829 831 831 831 831 830 830 830 830 832 832 832 832 833 833 833 833 834 834 834 834 833 833 833 833 835 835 835 835 834 834 834 834 836 836 836 836 837 837 837 837 838 838 838 838 837 837 837 837 839 839 839 839 838 838 838 838 840 840 840 840 841 841 841 841 842 842 842 842 841 841 841 841 843 843 843 843 842 842 842 842 844 844 844 844 845 845 845 845 846 846 846 846 845 845 845 845 847 847 847 847 846 846 846 846 848 848 848 848 849 849 849 849 850 850 850 850 849 849 849 849 851 851 851 851 850 850 850 850 852 852 852 852 853 853 853 853 854 854 854 854 853 853 853 853 855 855 855 855 854 854 854 854 856 856 856 856 857 857 857 857 858 858 858 858 857 857 857 857 859 859 859 859 858 858 858 858 860 860 860 860 861 861 861 861 862 862 862 862 861 861 861 861 863 863 863 863 862 862 862 862 864 864 864 864 865 865 865 865 866 866 866 866 865 865 865 865 867 867 867 867 866 866 866 866 868 868 868 868 869 869 869 869 870 870 870 870 869 869 869 869 871 871 871 871 870 870 870 870 872 872 872 872 873 873 873 873 874 874 874 874 873 873 873 873 875 875 875 875 874 874 874 874 876 876 876 876 877 877 877 877 878 878 878 878 877 877 877 877 879 879 879 879 878 878 878 878 880 880 880 880 881 881 881 881 882 882 882 882 881 881 881 881 883 883 883 883 882 882 882 882 884 884 884 884 885 885 885 885 886 886 886 886 884 884 884 884 887 887 887 887 885 885 885 885 888 888 888 888 889 889 889 889 890 890 890 890 890 890 890 890 889 889 889 889 891 891 891 891 892 892 892 892 893 893 893 893 894 894 894 894 893 893 893 893 895 895 895 895 894 894 894 894 894 894 894 894 895 895 895 895 896 896 896 896 897 897 897 897 898 898 898 898 899 899 899 899 900 900 900 900 897 897 897 897 899 899 899 899 901 901 901 901 900 900 900 900 899 899 899 899 902 902 902 902 903 903 903 903 904 904 904 904 902 902 902 902 904 904 904 904 905 905 905 905 904 904 904 904 906 906 906 906 905 905 905 905 907 907 907 907 908 908 908 908 909 909 909 909 908 908 908 908 910 910 910 910 909 909 909 909 909 909 909 909 910 910 910 910 911 911 911 911 912 912 912 912 913 913 913 913 914 914 914 914 913 913 913 913 915 915 915 915 914 914 914 914 914 914 914 914 915 915 915 915 916 916 916 916 917 917 917 917 918 918 918 918 919 919 919 919 918 918 918 918 920 920 920 920 919 919 919 919 919 919 919 919 920 920 920 920 921 921 921 921 920 920 920 920 922 922 922 922 921 921 921 921 923 923 923 923 924 924 924 924 925 925 925 925 924 924 924 924 926 926 926 926 925 925 925 925 925 925 925 925 926 926 926 926 927 927 927 927 928 928 928 928 929 929 929 929 930 930 930 930 931 931 931 931 928 928 928 928 930 930 930 930 932 932 932 932 928 928 928 928 931 931 931 931 933 933 933 933 934 934 934 934 935 935 935 935 934 934 934 934 936 936 936 936 935 935 935 935 934 934 934 934 937 937 937 937 938 938 938 938 939 939 939 939 934 934 934 934 938 938 938 938 940 940 940 940 941 941 941 941 942 942 942 942 941 941 941 941 943 943 943 943 942 942 942 942 941 941 941 941 944 944 944 944 945 945 945 945 946 946 946 946 941 941 941 941 945 945 945 945 947 947 947 947 948 948 948 948 949 949 949 949 950 950 950 950 947 947 947 947 949 949 949 949 950 950 950 950 949 949 949 949 951 951 951 951 952 952 952 952 947 947 947 947 950 950 950 950 953 953 953 953 950 950 950 950 951 951 951 951 954 954 954 954 952 952 952 952 950 950 950 950 954 954 954 954 950 950 950 950 953 953 953 953 955 955 955 955 956 956 956 956 953 953 953 953 956 956 956 956 957 957 957 957 953 953 953 953 958 958 958 958 954 954 954 954 953 953 953 953 959 959 959 959 954 954 954 954 958 958 958 958 960 960 960 960 959 959 959 959 958 958 958 958 953 953 953 953 957 957 957 957 961 961 961 961 962 962 962 962 960 960 960 960 961 961 961 961 957 957 957 957 963 963 963 963 961 961 961 961 964 964 964 964 962 962 962 962 961 961 961 961 961 961 961 961 963 963 963 963 965 965 965 965 964 964 964 964 961 961 961 961 966 966 966 966 961 961 961 961 965 965 965 965 966 966 966 966 967 967 967 967 964 964 964 964 966 966 966 966 965 965 965 965 968 968 968 968 966 966 966 966 </p>
        </triangles>
      </mesh>
    </geometry>
  </library_geometries>
  <library_controllers>
    <controller id="Armature_TrunkBottom__mPltTreeOakTrunk-mesh">
      <skin source="#TrunkBottom__mPltTreeOakTrunk-mesh">
        <bind_shape_matrix>1 0 0 0 0 1 0 0 0 0 1 0 0 0 0 1</bind_shape_matrix>
        <source id="TrunkBottom__mPltTreeOakTrunk-mesh-joint">
          <Name_array id="TrunkBottom__mPltTreeOakTrunk-mesh-joint-array" count="1">Root</Name_array>
          <technique_common>
            <accessor source="#TrunkBottom__mPltTreeOakTrunk-mesh-joint-array" count="1" stride="1">
              <param name="JOINT" type="name" />
            </accessor>
          </technique_common>
        </source>
        <source id="TrunkBottom__mPltTreeOakTrunk-mesh-inv_bind_matrix">
          <float_array id="TrunkBottom__mPltTreeOakTrunk-mesh-inv_bind_matrix-array" count="16">1 0 0 0 0 1 0 0 0 0 1 0 0 0 0 1</float_array>
          <technique_common>
            <accessor source="#TrunkBottom__mPltTreeOakTrunk-mesh-inv_bind_matrix-array" count="1" stride="16">
              <param name="TRANSFORM" type="float4x4" />
            </accessor>
          </technique_common>
        </source>
        <source id="TrunkBottom__mPltTreeOakTrunk-mesh-weight">
          <float_array id="TrunkBottom__mPltTreeOakTrunk-mesh-weight-array" count="1">1</float_array>
          <technique_common>
            <accessor source="#TrunkBottom__mPltTreeOakTrunk-mesh-weight-array" count="1" stride="1">
              <param name="WEIGHT" type="float" />
            </accessor>
          </technique_common>
        </source>
        <joints>
          <input semantic="JOINT" source="#TrunkBottom__mPltTreeOakTrunk-mesh-joint" />
          <input semantic="INV_BIND_MATRIX" source="#TrunkBottom__mPltTreeOakTrunk-mesh-inv_bind_matrix" />
        </joints>
        <vertex_weights count="969">
          <input semantic="JOINT" source="#TrunkBottom__mPltTreeOakTrunk-mesh-joint" offset="0" />
          <input semantic="WEIGHT" source="#TrunkBottom__mPltTreeOakTrunk-mesh-weight" offset="1" />
          <vcount>1 1 1 1 1 1 1 1 1 1 1 1 1 1 1 1 1 1 1 1 1 1 1 1 1 1 1 1 1 1 1 1 1 1 1 1 1 1 1 1 1 1 1 1 1 1 1 1 1 1 1 1 1 1 1 1 1 1 1 1 1 1 1 1 1 1 1 1 1 1 1 1 1 1 1 1 1 1 1 1 1 1 1 1 1 1 1 1 1 1 1 1 1 1 1 1 1 1 1 1 1 1 1 1 1 1 1 1 1 1 1 1 1 1 1 1 1 1 1 1 1 1 1 1 1 1 1 1 1 1 1 1 1 1 1 1 1 1 1 1 1 1 1 1 1 1 1 1 1 1 1 1 1 1 1 1 1 1 1 1 1 1 1 1 1 1 1 1 1 1 1 1 1 1 1 1 1 1 1 1 1 1 1 1 1 1 1 1 1 1 1 1 1 1 1 1 1 1 1 1 1 1 1 1 1 1 1 1 1 1 1 1 1 1 1 1 1 1 1 1 1 1 1 1 1 1 1 1 1 1 1 1 1 1 1 1 1 1 1 1 1 1 1 1 1 1 1 1 1 1 1 1 1 1 1 1 1 1 1 1 1 1 1 1 1 1 1 1 1 1 1 1 1 1 1 1 1 1 1 1 1 1 1 1 1 1 1 1 1 1 1 1 1 1 1 1 1 1 1 1 1 1 1 1 1 1 1 1 1 1 1 1 1 1 1 1 1 1 1 1 1 1 1 1 1 1 1 1 1 1 1 1 1 1 1 1 1 1 1 1 1 1 1 1 1 1 1 1 1 1 1 1 1 1 1 1 1 1 1 1 1 1 1 1 1 1 1 1 1 1 1 1 1 1 1 1 1 1 1 1 1 1 1 1 1 1 1 1 1 1 1 1 1 1 1 1 1 1 1 1 1 1 1 1 1 1 1 1 1 1 1 1 1 1 1 1 1 1 1 1 1 1 1 1 1 1 1 1 1 1 1 1 1 1 1 1 1 1 1 1 1 1 1 1 1 1 1 1 1 1 1 1 1 1 1 1 1 1 1 1 1 1 1 1 1 1 1 1 1 1 1 1 1 1 1 1 1 1 1 1 1 1 1 1 1 1 1 1 1 1 1 1 1 1 1 1 1 1 1 1 1 1 1 1 1 1 1 1 1 1 1 1 1 1 1 1 1 1 1 1 1 1 1 1 1 1 1 1 1 1 1 1 1 1 1 1 1 1 1 1 1 1 1 1 1 1 1 1 1 1 1 1 1 1 1 1 1 1 1 1 1 1 1 1 1 1 1 1 1 1 1 1 1 1 1 1 1 1 1 1 1 1 1 1 1 1 1 1 1 1 1 1 1 1 1 1 1 1 1 1 1 1 1 1 1 1 1 1 1 1 1 1 1 1 1 1 1 1 1 1 1 1 1 1 1 1 1 1 1 1 1 1 1 1 1 1 1 1 1 1 1 1 1 1 1 1 1 1 1 1 1 1 1 1 1 1 1 1 1 1 1 1 1 1 1 1 1 1 1 1 1 1 1 1 1 1 1 1 1 1 1 1 1 1 1 1 1 1 1 1 1 1 1 1 1 1 1 1 1 1 1 1 1 1 1 1 1 1 1 1 1 1 1 1 1 1 1 1 1 1 1 1 1 1 1 1 1 1 1 1 1 1 1 1 1 1 1 1 1 1 1 1 1 1 1 1 1 1 1 1 1 1 1 1 1 1 1 1 1 1 1 1 1 1 1 1 1 1 1 1 1 1 1 1 1 1 1 1 1 1 1 1 1 1 1 1 1 1 1 1 1 1 1 1 1 1 1 1 1 1 1 1 1 1 1 1 1 1 1 1 1 1 1 1 1 1 1 1 1 1 1 1 1 1 1 1 1 1 1 1 1 1 1 1 1 1 1 1 1 1 1 1 1 1 1 1 1 1 1 1 1 1 1 1 1 1 1 1 1 1 1 1 1 1 1 1 1 1 1 1 1 1 1 1 1 1 1 1 1 1 1 1 1 1 1 1 1 1 1 1 1 1 1 1 1 1 1 1 1 1 1 1 1 1 1 1 1 1 1 1 1 1 1 1 1 1 1 1 1 1 1 1 1 1 1 1 1 1 1 1 1 1 1 1 1 1 1 1 1 1 1 1 1 1 1 1 1 1 1 1 1 1 1 1 1 1 1 1 1 1 1 1 1 1 1 1 1 1 1 </vcount>
          <v>0 0 0 0 0 0 0 0 0 0 0 0 0 0 0 0 0 0 0 0 0 0 0 0 0 0 0 0 0 0 0 0 0 0 0 0 0 0 0 0 0 0 0 0 0 0 0 0 0 0 0 0 0 0 0 0 0 0 0 0 0 0 0 0 0 0 0 0 0 0 0 0 0 0 0 0 0 0 0 0 0 0 0 0 0 0 0 0 0 0 0 0 0 0 0 0 0 0 0 0 0 0 0 0 0 0 0 0 0 0 0 0 0 0 0 0 0 0 0 0 0 0 0 0 0 0 0 0 0 0 0 0 0 0 0 0 0 0 0 0 0 0 0 0 0 0 0 0 0 0 0 0 0 0 0 0 0 0 0 0 0 0 0 0 0 0 0 0 0 0 0 0 0 0 0 0 0 0 0 0 0 0 0 0 0 0 0 0 0 0 0 0 0 0 0 0 0 0 0 0 0 0 0 0 0 0 0 0 0 0 0 0 0 0 0 0 0 0 0 0 0 0 0 0 0 0 0 0 0 0 0 0 0 0 0 0 0 0 0 0 0 0 0 0 0 0 0 0 0 0 0 0 0 0 0 0 0 0 0 0 0 0 0 0 0 0 0 0 0 0 0 0 0 0 0 0 0 0 0 0 0 0 0 0 0 0 0 0 0 0 0 0 0 0 0 0 0 0 0 0 0 0 0 0 0 0 0 0 0 0 0 0 0 0 0 0 0 0 0 0 0 0 0 0 0 0 0 0 0 0 0 0 0 0 0 0 0 0 0 0 0 0 0 0 0 0 0 0 0 0 0 0 0 0 0 0 0 0 0 0 0 0 0 0 0 0 0 0 0 0 0 0 0 0 0 0 0 0 0 0 0 0 0 0 0 0 0 0 0 0 0 0 0 0 0 0 0 0 0 0 0 0 0 0 0 0 0 0 0 0 0 0 0 0 0 0 0 0 0 0 0 0 0 0 0 0 0 0 0 0 0 0 0 0 0 0 0 0 0 0 0 0 0 0 0 0 0 0 0 0 0 0 0 0 0 0 0 0 0 0 0 0 0 0 0 0 0 0 0 0 0 0 0 0 0 0 0 0 0 0 0 0 0 0 0 0 0 0 0 0 0 0 0 0 0 0 0 0 0 0 0 0 0 0 0 0 0 0 0 0 0 0 0 0 0 0 0 0 0 0 0 0 0 0 0 0 0 0 0 0 0 0 0 0 0 0 0 0 0 0 0 0 0 0 0 0 0 0 0 0 0 0 0 0 0 0 0 0 0 0 0 0 0 0 0 0 0 0 0 0 0 0 0 0 0 0 0 0 0 0 0 0 0 0 0 0 0 0 0 0 0 0 0 0 0 0 0 0 0 0 0 0 0 0 0 0 0 0 0 0 0 0 0 0 0 0 0 0 0 0 0 0 0 0 0 0 0 0 0 0 0 0 0 0 0 0 0 0 0 0 0 0 0 0 0 0 0 0 0 0 0 0 0 0 0 0 0 0 0 0 0 0 0 0 0 0 0 0 0 0 0 0 0 0 0 0 0 0 0 0 0 0 0 0 0 0 0 0 0 0 0 0 0 0 0 0 0 0 0 0 0 0 0 0 0 0 0 0 0 0 0 0 0 0 0 0 0 0 0 0 0 0 0 0 0 0 0 0 0 0 0 0 0 0 0 0 0 0 0 0 0 0 0 0 0 0 0 0 0 0 0 0 0 0 0 0 0 0 0 0 0 0 0 0 0 0 0 0 0 0 0 0 0 0 0 0 0 0 0 0 0 0 0 0 0 0 0 0 0 0 0 0 0 0 0 0 0 0 0 0 0 0 0 0 0 0 0 0 0 0 0 0 0 0 0 0 0 0 0 0 0 0 0 0 0 0 0 0 0 0 0 0 0 0 0 0 0 0 0 0 0 0 0 0 0 0 0 0 0 0 0 0 0 0 0 0 0 0 0 0 0 0 0 0 0 0 0 0 0 0 0 0 0 0 0 0 0 0 0 0 0 0 0 0 0 0 0 0 0 0 0 0 0 0 0 0 0 0 0 0 0 0 0 0 0 0 0 0 0 0 0 0 0 0 0 0 0 0 0 0 0 0 0 0 0 0 0 0 0 0 0 0 0 0 0 0 0 0 0 0 0 0 0 0 0 0 0 0 0 0 0 0 0 0 0 0 0 0 0 0 0 0 0 0 0 0 0 0 0 0 0 0 0 0 0 0 0 0 0 0 0 0 0 0 0 0 0 0 0 0 0 0 0 0 0 0 0 0 0 0 0 0 0 0 0 0 0 0 0 0 0 0 0 0 0 0 0 0 0 0 0 0 0 0 0 0 0 0 0 0 0 0 0 0 0 0 0 0 0 0 0 0 0 0 0 0 0 0 0 0 0 0 0 0 0 0 0 0 0 0 0 0 0 0 0 0 0 0 0 0 0 0 0 0 0 0 0 0 0 0 0 0 0 0 0 0 0 0 0 0 0 0 0 0 0 0 0 0 0 0 0 0 0 0 0 0 0 0 0 0 0 0 0 0 0 0 0 0 0 0 0 0 0 0 0 0 0 0 0 0 0 0 0 0 0 0 0 0 0 0 0 0 0 0 0 0 0 0 0 0 0 0 0 0 0 0 0 0 0 0 0 0 0 0 0 0 0 0 0 0 0 0 0 0 0 0 0 0 0 0 0 0 0 0 0 0 0 0 0 0 0 0 0 0 0 0 0 0 0 0 0 0 0 0 0 0 0 0 0 0 0 0 0 0 0 0 0 0 0 0 0 0 0 0 0 0 0 0 0 0 0 0 0 0 0 0 0 0 0 0 0 0 0 0 0 0 0 0 0 0 0 0 0 0 0 0 0 0 0 0 0 0 0 0 0 0 0 0 0 0 0 0 0 0 0 0 0 0 0 0 0 0 0 0 0 0 0 0 0 0 0 0 0 0 0 0 0 0 0 0 0 0 0 0 0 0 0 0 0 0 0 0 0 0 0 0 0 0 0 0 0 0 0 0 0 0 0 0 0 0 0 0 0 0 0 0 0 0 0 0 0 0 0 0 0 0 0 0 0 0 0 0 0 0 0 0 0 0 0 0 0 0 0 0 0 0 0 0 0 0 0 0 0 0 0 0 0 0 0 0 0 0 0 0 0 0 0 0 0 0 0 0 0 0 0 0 0 0 0 0 0 0 0 0 0 0 0 0 0 0 0 0 0 0 0 0 0 0 0 0 0 0 0 0 0 0 0 0 0 0 0 0 0 0 0 0 0 0 0 0 0 0 0 0 0 0 0 0 0 0 0 0 0 0 0 0 0 0 0 0 0 0 0 0 0 0 0 0 0 0 0 0 0 0 0 0 0 0 0 0 0 0 0 0 0 0 0 0 0 0 0 0 0 0 0 0 0 0 0 0 0 0 0 0 0 0 0 0 0 0 0 0 0 0 0 0 0 0 0 0 0 0 0 0 0 0 0 0 0 0 0 0 0 0 0 0 0 0 0 0 0 0 0 0 0 0 0 0 0 0 0 0 0 0 0 0 0 0 0 0 0 0 0 0 0 0 0 0 0 0 0 0 0 0 0 0 0 0 0 0 0 0 0 0 0 0 0 0 0 0 0 0 0 0 0 0 0 0 0 0 0 0 0 0 0 0 0 0 0 0 0 0 0 0 0 0 0 0 0 0 0 0 0 0 0 0 0 0 0 0 0 0 0 0 0 0 0 0 0 0 0 0 0 0 0 0 0 0 0 0 0 0 0 0 0 0 0 0 0 0 0 0 0 0 0 0 0 0 0 0 0 0 0 0 0 0 0 0 0 0 0 0 0 0 0 0 0 0 0 0 0 0 0 0 0 0 0 0 0 0 0 0 0 0 0 0 0 0 0 0 0 0 0 0 0 0 0 0 0 0 0 0 0 0 0 0 0 0 0 0 0 0 0 0 0 0 0 0 0 0 0 0 0 0 0 0 0 0 0 0 0 0 0 0 0 0 0 0 0 0 0 0 0 0 0 0 0 0 0 0 0 0 0 0 0 0 0 0 0 0 0 0 0 0 0 0 0 0 0 0 0 0 0 0 0 0 0 0 0 0 0 0 0 0 0 0 0 0 0 0 0 0 0 0 0 0 0 0 0 0 0 0 0 0 0 0 0 0 0 0 0 0 0 0 0 0 0 0 0 0 0 0 0 0 0 0 0 0 0 0 0 0 0 0 0 0 0 0 0 0 0 0 0 0 0 0 0 0 0 0 0 0 0 0 0 0 0 0 0 0 0 0 0 0 0 0 0 0 0 0 0 0 0 0 0 0 0 0 0 0 0 0 0 0 0 0 0 0 0 0 0 0 0 0 0 0 0 0 0 0 0 0 0 0 0 0 0 0 0 0 0 0 0 0 0 0 0 0 </v>
        </vertex_weights>
      </skin>
    </controller>
  </library_controllers>
  <library_visual_scenes>
    <visual_scene id="Scene" name="Scene">
      <node id="Armature" name="Armature" type="NODE">
        <matrix sid="transform">1 0 0 0 0 1 0 0 0 0 1 0 0 0 0 1</matrix>
        <node id="Armature_Root" name="Root" sid="Root" type="JOINT">
          <matrix sid="transform">1 0 0 0 0 1 0 0 0 0 1 0 0 0 0 1</matrix>
        </node>
      </node>
      <node id="TrunkBottom__mPltTreeOakTrunk" name="TrunkBottom__mPltTreeOakTrunk" type="NODE">
        <instance_controller url="#Armature_TrunkBottom__mPltTreeOakTrunk-mesh">
          <skeleton>#Armature_Root</skeleton>
          <bind_material>
            <technique_common>
              <instance_material symbol="mPltTreeOakTrunk" target="#mPltTreeOakTrunk" />
              <bind_vertex_input semantic="CHANNEL0" input_semantic="TEXCOORD" input_set="0" />
              <bind_vertex_input semantic="CHANNEL1" input_semantic="TEXCOORD" input_set="1" />
              <bind_vertex_input semantic="CHANNEL2" input_semantic="TEXCOORD" input_set="2" />
            </technique_common>
          </bind_material>
        </instance_controller>
      </node>
    </visual_scene>
  </library_visual_scenes>
  <scene>
    <instance_visual_scene url="#Scene" />
  </scene>
</COLLADA>