<?xml version="1.0" encoding="utf-8"?>
<COLLADA xmlns="http://www.collada.org/2005/11/COLLADASchema" version="1.4.1">
  <asset />
  <library_images>
    <image id="mPltTreeOakLeafColor_Grd">
      <init_from>mPltTreeOakLeafColor_Grd.png</init_from>
    </image>
    <image id="mPltTreeOakTrunkColor_Grd">
      <init_from>mPltTreeOakTrunkColor_Grd.png</init_from>
    </image>
    <image id="mPltTreeOakTrunk_AlbGry">
      <init_from>mPltTreeOakTrunk_AlbGry.png</init_from>
    </image>
    <image id="mPltTreeOakTrunk_Mix">
      <init_from>mPltTreeOakTrunk_Mix.png</init_from>
    </image>
    <image id="mPltTreeOakTrunk_Nrm">
      <init_from>mPltTreeOakTrunk_Nrm.png</init_from>
    </image>
    <image id="mTreeOakLeafBack_AlbGry">
      <init_from>mTreeOakLeafBack_AlbGry.png</init_from>
    </image>
    <image id="mTreeOakLeafBack_Mix">
      <init_from>mTreeOakLeafBack_Mix.png</init_from>
    </image>
    <image id="mTreeOakLeafBack_Nrm">
      <init_from>mTreeOakLeafBack_Nrm.png</init_from>
    </image>
    <image id="mTreeOakLeafBack_OP">
      <init_from>mTreeOakLeafBack_OP.png</init_from>
    </image>
    <image id="mTreeOakLeaf_AlbGry">
      <init_from>mTreeOakLeaf_AlbGry.png</init_from>
    </image>
    <image id="mTreeOakLeaf_Mix">
      <init_from>mTreeOakLeaf_Mix.png</init_from>
    </image>
    <image id="mTreeOakLeaf_Nrm">
      <init_from>mTreeOakLeaf_Nrm.png</init_from>
    </image>
    <image id="mTreeOakLeaf_OP">
      <init_from>mTreeOakLeaf_OP.png</init_from>
    </image>
  </library_images>
  <library_materials>
    <material id="mPltTreeOakTrunk">
      <instance_effect url="#Effect_mPltTreeOakTrunk" />
    </material>
    <material id="mShadow">
      <instance_effect url="#Effect_mShadow" />
    </material>
    <material id="mShadowShake">
      <instance_effect url="#Effect_mShadowShake" />
    </material>
    <material id="mTreeOakLeaf">
      <instance_effect url="#Effect_mTreeOakLeaf" />
    </material>
    <material id="mTreeOakLeafBack">
      <instance_effect url="#Effect_mTreeOakLeafBack" />
    </material>
  </library_materials>
  <library_effects>
    <effect id="Effect_mPltTreeOakTrunk">
      <profile_COMMON>
        <newparam sid="surface_mPltTreeOakTrunk-bump">
          <surface type="2D">
            <init_from>mPltTreeOakTrunk_Nrm</init_from>
            <format>A8R8G8B8</format>
          </surface>
        </newparam>
        <newparam sid="sampler_mPltTreeOakTrunk-bump">
          <sampler2D>
            <source>surface_mPltTreeOakTrunk-bump</source>
            <wrap_s>WRAP</wrap_s>
            <wrap_t>WRAP</wrap_t>
          </sampler2D>
        </newparam>
        <newparam sid="surface_mPltTreeOakTrunk-diffuse">
          <surface type="2D">
            <init_from>mPltTreeOakTrunk_AlbGry</init_from>
            <format>A8R8G8B8</format>
          </surface>
        </newparam>
        <newparam sid="sampler_mPltTreeOakTrunk-diffuse">
          <sampler2D>
            <source>surface_mPltTreeOakTrunk-diffuse</source>
            <wrap_s>WRAP</wrap_s>
            <wrap_t>WRAP</wrap_t>
          </sampler2D>
        </newparam>
        <newparam sid="surface_mPltTreeOakTrunk-specular">
          <surface type="2D">
            <init_from>mPltTreeOakTrunk_Mix</init_from>
            <format>A8R8G8B8</format>
          </surface>
        </newparam>
        <newparam sid="sampler_mPltTreeOakTrunk-specular">
          <sampler2D>
            <source>surface_mPltTreeOakTrunk-specular</source>
            <wrap_s>WRAP</wrap_s>
            <wrap_t>WRAP</wrap_t>
          </sampler2D>
        </newparam>
        <technique sid="common">
          <phong>
            <bump>
              <texture texture="sampler_mPltTreeOakTrunk-bump" texcoord="CHANNEL0" />
            </bump>
            <diffuse>
              <texture texture="sampler_mPltTreeOakTrunk-diffuse" texcoord="CHANNEL0" />
            </diffuse>
            <specular>
              <texture texture="sampler_mPltTreeOakTrunk-specular" texcoord="CHANNEL0" />
            </specular>
            <emission>
              <color sid="emission">0 0 0 1</color>
            </emission>
          </phong>
        </technique>
      </profile_COMMON>
    </effect>
    <effect id="Effect_mShadow">
      <profile_COMMON>
        <technique sid="common">
          <phong>
            <diffuse>
              <color sid="diffuse">1 1 1 1</color>
            </diffuse>
            <emission>
              <color sid="emission">0 0 0 1</color>
            </emission>
            <specular>
              <color sid="specular">0 0 0 1</color>
            </specular>
          </phong>
        </technique>
      </profile_COMMON>
    </effect>
    <effect id="Effect_mShadowShake">
      <profile_COMMON>
        <technique sid="common">
          <phong>
            <diffuse>
              <color sid="diffuse">1 1 1 1</color>
            </diffuse>
            <emission>
              <color sid="emission">0 0 0 1</color>
            </emission>
            <specular>
              <color sid="specular">0 0 0 1</color>
            </specular>
          </phong>
        </technique>
      </profile_COMMON>
    </effect>
    <effect id="Effect_mTreeOakLeaf">
      <profile_COMMON>
        <newparam sid="surface_mTreeOakLeaf-bump">
          <surface type="2D">
            <init_from>mTreeOakLeaf_Nrm</init_from>
            <format>A8R8G8B8</format>
          </surface>
        </newparam>
        <newparam sid="sampler_mTreeOakLeaf-bump">
          <sampler2D>
            <source>surface_mTreeOakLeaf-bump</source>
            <wrap_s>WRAP</wrap_s>
            <wrap_t>WRAP</wrap_t>
          </sampler2D>
        </newparam>
        <newparam sid="surface_mTreeOakLeaf-specular">
          <surface type="2D">
            <init_from>mTreeOakLeaf_Mix</init_from>
            <format>A8R8G8B8</format>
          </surface>
        </newparam>
        <newparam sid="sampler_mTreeOakLeaf-specular">
          <sampler2D>
            <source>surface_mTreeOakLeaf-specular</source>
            <wrap_s>WRAP</wrap_s>
            <wrap_t>WRAP</wrap_t>
          </sampler2D>
        </newparam>
        <newparam sid="surface_mTreeOakLeaf-diffuse">
          <surface type="2D">
            <init_from>mTreeOakLeaf_AlbGry</init_from>
            <format>A8R8G8B8</format>
          </surface>
        </newparam>
        <newparam sid="sampler_mTreeOakLeaf-diffuse">
          <sampler2D>
            <source>surface_mTreeOakLeaf-diffuse</source>
            <wrap_s>WRAP</wrap_s>
            <wrap_t>WRAP</wrap_t>
          </sampler2D>
        </newparam>
        <technique sid="common">
          <phong>
            <bump>
              <texture texture="sampler_mTreeOakLeaf-bump" texcoord="CHANNEL0" />
            </bump>
            <specular>
              <texture texture="sampler_mTreeOakLeaf-specular" texcoord="CHANNEL0" />
            </specular>
            <diffuse>
              <texture texture="sampler_mTreeOakLeaf-diffuse" texcoord="CHANNEL0" />
            </diffuse>
            <emission>
              <color sid="emission">0 0 0 1</color>
            </emission>
          </phong>
        </technique>
      </profile_COMMON>
    </effect>
    <effect id="Effect_mTreeOakLeafBack">
      <profile_COMMON>
        <newparam sid="surface_mTreeOakLeafBack-bump">
          <surface type="2D">
            <init_from>mTreeOakLeafBack_Nrm</init_from>
            <format>A8R8G8B8</format>
          </surface>
        </newparam>
        <newparam sid="sampler_mTreeOakLeafBack-bump">
          <sampler2D>
            <source>surface_mTreeOakLeafBack-bump</source>
            <wrap_s>WRAP</wrap_s>
            <wrap_t>WRAP</wrap_t>
          </sampler2D>
        </newparam>
        <newparam sid="surface_mTreeOakLeafBack-diffuse">
          <surface type="2D">
            <init_from>mTreeOakLeafBack_AlbGry</init_from>
            <format>A8R8G8B8</format>
          </surface>
        </newparam>
        <newparam sid="sampler_mTreeOakLeafBack-diffuse">
          <sampler2D>
            <source>surface_mTreeOakLeafBack-diffuse</source>
            <wrap_s>WRAP</wrap_s>
            <wrap_t>WRAP</wrap_t>
          </sampler2D>
        </newparam>
        <newparam sid="surface_mTreeOakLeafBack-specular">
          <surface type="2D">
            <init_from>mTreeOakLeafBack_Mix</init_from>
            <format>A8R8G8B8</format>
          </surface>
        </newparam>
        <newparam sid="sampler_mTreeOakLeafBack-specular">
          <sampler2D>
            <source>surface_mTreeOakLeafBack-specular</source>
            <wrap_s>WRAP</wrap_s>
            <wrap_t>WRAP</wrap_t>
          </sampler2D>
        </newparam>
        <technique sid="common">
          <phong>
            <bump>
              <texture texture="sampler_mTreeOakLeafBack-bump" texcoord="CHANNEL0" />
            </bump>
            <diffuse>
              <texture texture="sampler_mTreeOakLeafBack-diffuse" texcoord="CHANNEL0" />
            </diffuse>
            <specular>
              <texture texture="sampler_mTreeOakLeafBack-specular" texcoord="CHANNEL0" />
            </specular>
            <emission>
              <color sid="emission">0 0 0 1</color>
            </emission>
          </phong>
        </technique>
      </profile_COMMON>
    </effect>
  </library_effects>
  <library_geometries>
    <geometry id="L01_010__mTreeOakLeaf-mesh" name="L01_010__mTreeOakLeaf">
      <mesh>
        <source id="L01_010__mTreeOakLeaf-position">
          <float_array id="L01_010__mTreeOakLeaf-position-array" count="2496">5.262521 9.268846 5.431863 5.265081 12.4246 4.654862 3.363645 10.40654 5.180619 3.614995 12.10321 4.759069 6.914642 12.09802 4.710193 5.265081 12.4246 4.654862 7.163239 10.4002 5.124428 5.262521 9.268846 5.431863 2.2676 14.07024 4.908744 2.206725 16.83247 3.19734 0.4046516 14.78316 3.916594 0.6141596 16.30548 3.04583 3.81179 16.79229 3.700246 2.206725 16.83247 3.19734 4.086779 15.34342 4.670363 2.2676 14.07024 4.908744 8.820817 15.06141 1.537535 5.951435 16.58398 1.642124 7.612728 15.13927 3.407736 6.092865 16.01986 3.22285 6.399164 16.83548 0.03992323 5.951435 16.58398 1.642124 7.965766 16.07831 -0.2574638 8.820817 15.06141 1.537535 10.69425 12.3224 1.439264 8.903265 14.98773 1.94015 9.369946 12.51628 3.220222 8.496322 14.0502 3.278944 9.677945 15.378 0.4985109 8.903265 14.98773 1.94015 10.73081 14.04495 0.01845379 10.69425 12.3224 1.439264 -1.345212 9.913445 4.423795 -2.861425 12.77253 4.125062 -3.544897 10.10051 4.723099 -4.142573 11.7487 4.508934 -1.268959 13.20932 3.802526 -2.861425 12.77253 4.125062 -0.2357121 11.78211 3.909697 -1.345212 9.913445 4.423795 -8.84211 10.87246 3.918708 -7.470731 13.79255 3.525098 -9.812817 12.45747 2.690431 -8.882725 13.95741 2.621753 -6.340318 13.02812 4.509261 -7.470731 13.79255 3.525098 -6.885356 11.38705 4.863972 -8.84211 10.87246 3.918708 -7.615047 15.6741 1.57146 -5.619723 17.73972 0.05014877 -8.052936 16.41356 -0.4839322 -6.827891 17.52483 -1.103577 -4.821247 17.53049 1.516239 -5.619723 17.73972 0.05014877 -5.742483 16.41986 2.533001 -7.615047 15.6741 1.57146 0.0473814 16.70692 2.11285 -2.594689 18.0078 0.7381918 -1.930797 16.67785 3.137136 -3.216336 17.44279 2.198075 -1.430556 18.3057 -0.4394369 -2.594689 18.0078 0.7381918 0.1258607 17.67135 0.1001602 0.0473814 16.70692 2.11285 2.184113 18.93555 1.944283 1.226133 21.85048 0.87285 0.02938752 19.49639 1.868116 -0.2475922 21.12807 1.251263 2.896557 21.97437 0.7144299 1.226133 21.85048 0.87285 3.650033 20.47059 1.25007 2.184113 18.93555 1.944283 6.192594 21.24213 -2.003711 3.72396 23.34844 -2.18208 4.770379 21.51356 -0.3105405 3.513161 22.7102 -0.6376859 4.441635 23.5542 -3.689849 3.72396 23.34844 -2.18208 5.839815 22.48519 -3.825132 6.192594 21.24213 -2.003711 6.247845 17.67931 -0.8415216 4.845648 20.60305 -0.6222516 4.858274 18.1809 0.8260189 4.220714 19.82553 0.7348967 5.75849 20.78025 -2.024422 4.845648 20.60305 -0.6222516 6.62921 19.27994 -2.351402 6.247845 17.67931 -0.8415216 0.3763107 16.17676 2.146869 0.8428628 19.38798 1.965545 -1.333592 17.5915 1.952149 -0.8356335 19.28418 1.871681 2.425563 18.83243 2.096638 0.8428628 19.38798 1.965545 2.421672 17.07094 2.211214 0.3763107 16.17676 2.146869 -1.975619 16.92504 2.456738 -1.76662 20.00448 1.438982 -3.721946 17.97272 1.553476 -3.369885 19.6366 1.076856 -0.2062674 19.74008 2.010079 -1.76662 20.00448 1.438982 -0.07901735 18.09153 2.628215 -1.975619 16.92504 2.456738 -4.211432 19.76033 0.3145239 -2.743595 22.61601 -0.1885019 -4.995836 21.22619 -1.16843 -4.033822 22.70412 -1.267615 -1.754753 21.94156 0.9938953 -2.743595 22.61601 -0.1885019 -2.371624 20.34776 1.435793 -4.211432 19.76033 0.3145239 -4.187585 21.66064 -1.253953 -1.794197 23.8585 -1.313939 -3.919333 23.0415 -2.981506 -2.554302 24.14574 -2.789293 -1.525517 23.11998 0.1737303 -1.794197 23.8585 -1.313939 -2.734947 21.86007 0.4304683 -4.187585 21.66064 -1.253953 -1.621716 22.64388 -1.415747 -0.5289688 24.32447 -3.973873 -2.8889 22.97391 -3.218111 -2.082819 23.91377 -4.477669 0.800512 24.3901 -2.944827 -0.5289688 24.32447 -3.973873 0.4311732 23.52222 -1.452725 -1.621716 22.64388 -1.415747 7.86026 7.641781 1.014914 6.459213 10.53051 1.519693 5.687366 7.816352 1.474535 5.153547 9.483525 1.709396 8.052551 10.98437 1.226344 6.459213 10.53051 1.519693 9.025774 9.544263 0.9182383 7.86026 7.641781 1.014914 3.675009 10.00153 -0.7349399 3.98421 13.22661 -0.9913544 1.904994 11.35105 -0.6398306 2.318798 13.06042 -0.8023679 5.586134 12.73062 -1.127693 3.98421 13.22661 -0.9913544 5.667346 10.97091 -1.014416 3.675009 10.00153 -0.7349399 7.684127 8.181082 3.053217 6.552017 11.22373 3.205277 5.642246 8.625278 3.825619 5.248538 10.34703 3.812956 8.087947 11.4757 2.566376 6.552017 11.22373 3.205277 8.911999 9.924606 2.390149 7.684127 8.181082 3.053217 10.11815 10.45468 2.746552 8.337732 13.15886 2.463701 8.20813 10.71209 3.864036 7.417761 12.26039 3.551508 9.623268 13.5021 1.433971 8.337732 13.15886 2.463701 10.74801 12.14163 1.425693 10.11815 10.45468 2.746552 5.206393 6.907279 -2.042913 5.065643 10.07438 -1.327254 3.258438 7.949752 -1.756706 3.432398 9.665596 -1.375645 6.727787 9.832873 -1.425807 5.065643 10.07438 -1.327254 7.053145 8.14201 -1.814548 5.206393 6.907279 -2.042913 0.4759731 11.34762 2.889007 -0.8243151 14.32579 2.936086 -1.419786 11.77212 3.979459 -1.931118 13.45874 3.863523 0.5494714 14.58135 1.998981 -0.8243151 14.32579 2.936086 1.4368 13.06448 1.832406 0.4759731 11.34762 2.889007 -8.396383 8.464078 -2.034816 -6.57433 11.09782 -1.481602 -9.255283 10.51675 -2.144406 -8.076221 11.78762 -1.806311 -5.446555 9.867243 -1.270484 -6.57433 11.09782 -1.481602 -6.227393 8.305112 -1.527455 -8.396383 8.464078 -2.034816 -4.81134 8.914038 4.274108 -5.437622 12.09646 4.068077 -6.89449 9.67947 4.0797 -6.986817 11.44073 3.984736 -3.759834 12.09876 4.193721 -5.437622 12.09646 4.068077 -3.178499 10.43683 4.320376 -4.81134 8.914038 4.274108 3.805825 21.65436 0.1102532 2.163968 23.88504 -1.590001 1.962654 22.60912 0.9191715 1.244556 23.78862 -0.1820524 3.420495 23.52344 -2.648844 2.163968 23.88504 -1.590001 4.46847 22.3035 -1.92118 3.805825 21.65436 0.1102532 4.291274 22.49807 -2.550627 1.952422 24.12132 -4.118216 2.40556 23.09826 -1.527373 1.285262 23.96902 -2.579179 3.09981 23.94032 -5.335387 1.952422 24.12132 -4.118216 4.495309 23.06503 -4.701007 4.291274 22.49807 -2.550627 3.338204 7.470649 1.615125 3.828507 10.66608 1.948794 1.685831 8.846424 2.198304 2.190116 10.53499 2.316794 5.366225 10.14106 1.512282 3.828507 10.66608 1.948794 5.343114 8.392448 1.271861 3.338204 7.470649 1.615125 4.598044 6.752087 0.4049049 4.545444 9.997401 0.5712504 2.697698 7.869818 0.725145 2.916968 9.621521 0.7803344 6.184719 9.706933 0.3280108 4.545444 9.997401 0.5712504 6.460569 7.967798 0.2042706 4.598044 6.752087 0.4049049 1.093493 9.433411 4.175697 2.809935 12.13566 3.615204 0.09847975 11.35346 3.640407 1.233661 12.68186 3.382906 4.033777 11.03462 3.962586 2.809935 12.13566 3.615204 3.322659 9.456329 4.307983 1.093493 9.433411 4.175697 4.459225 18.33134 2.224349 3.279951 17.94779 3.364146 4.020334 17.10153 4.726229 6.219152 16.82211 4.50193 7.15255 17.62785 2.640008 5.999858 18.405 1.5522 -4.813307 17.13801 3.348334 -6.482434 16.93942 3.24104 -6.980261 15.54659 4.20632 -5.282326 14.52846 5.227899 -3.247158 15.38665 4.898035 -3.240482 16.80079 3.841551 -4.375476 18.39484 1.097627 -6.033837 18.19764 1.316457 -6.339842 17.38885 2.856522 -4.480294 16.90327 3.983239 -2.54538 17.49016 3.035146 -2.738637 18.28577 1.471289 0.2800435 24.06943 0.5155492 -1.373345 23.83494 0.7352179 -1.641485 22.52237 1.88624 0.2462909 21.624 2.655931 2.158335 22.48394 1.886647 1.926502 23.80181 0.7353567 1.644258 16.4114 4.401881 -0.006641388 16.24969 4.109791 -0.5957122 14.74962 4.832559 0.995224 13.58582 5.870674 3.052827 14.45367 5.852699 3.161892 15.99295 4.995553 6.703482 15.64443 4.338763 5.391836 15.01117 5.184634 5.878893 13.53343 6.020474 8.016718 12.9984 5.69391 9.210301 14.36592 4.39297 8.28477 15.73439 3.771138 4.284232 17.37966 3.875443 2.612257 17.2277 4.01088 2.221479 15.9314 5.145114 4.021031 14.94144 6.008118 6.009828 15.7046 5.337688 5.902164 17.03098 4.1779 6.396008 17.15295 3.442248 5.326251 16.35858 4.47255 6.179869 15.08784 5.353542 8.340998 14.95007 4.830348 9.103643 16.39621 3.309085 7.865123 17.49502 2.69696 3.179753 18.34804 1.432099 1.542256 18.26342 1.046901 0.6622109 17.46908 2.356145 1.96964 16.85147 4.050959 4.147162 17.30993 3.862763 4.568782 18.12537 2.355018 4.738523 17.82475 1.000697 6.418686 17.70701 0.9895495 7.002837 17.67372 -0.6769586 5.369645 17.79517 -2.187298 3.282665 17.93789 -1.405409 3.187947 17.93642 0.3572658 -2.374085 17.66561 2.804271 -3.870253 17.44602 3.546024 -3.717018 16.2794 4.863254 -1.646554 15.49533 5.111451 -0.09919786 16.27173 3.700742 -0.7285357 17.43958 2.536243 -5.966049 18.04278 1.463521 -7.385446 18.22863 0.5759928 -8.664985 17.23788 1.283663 -8.00444 16.09166 3.07616 -5.878254 16.34833 3.709139 -4.965187 17.45631 2.682166 -6.186055 17.92722 -1.093039 -5.802401 18.15211 -2.717592 -7.135516 17.58641 -3.728723 -8.850179 16.77872 -2.557928 -8.649286 16.79682 -0.3338508 -7.116724 17.46652 0.2307333 -3.914118 18.30862 -0.4913288 -4.450155 18.33113 -2.087917 -6.158001 17.88498 -2.149636 -7.028981 17.44776 -0.1462833 -5.660316 17.62951 1.608975 -4.017644 18.10936 1.176105 -2.704024 18.50037 -4.967905 -3.82513 18.24829 -6.199371 -5.366954 17.73652 -5.506221 -5.331216 17.5935 -3.283281 -3.406477 18.10254 -2.271617 -2.122348 18.56625 -3.390541 -1.611746 24.30935 -0.4595139 -3.055706 24.47446 -1.310781 -4.282578 23.41111 -0.6153191 -3.542159 22.22523 1.119227 -1.413737 22.53787 1.718629 -0.5641509 23.71632 0.7159098 1.306609 24.95503 -0.752902 -0.05094348 24.70662 0.2126444 0.3835015 23.71492 1.608127 2.532417 23.12807 1.639194 3.799953 23.85484 -0.04970088 2.915852 24.82831 -1.227288 -0.2692598 25.034 -2.890283 0.8384052 24.75817 -1.651765 2.44761 24.50897 -2.335833 2.490863 24.63684 -4.559562 0.5495353 25.05029 -5.583048 -0.8101988 25.22829 -4.471548 4.277808 15.66077 4.83412 2.862378 14.96982 5.430843 3.259405 13.57934 6.445006 5.448754 13.19859 6.603031 6.79617 14.5882 5.489176 5.933663 15.84618 4.600602 2.656367 14.61238 5.215341 1.08277 14.04089 5.400066 1.098248 12.54507 6.339141 3.142568 11.91381 6.959999 4.837301 13.22288 6.326415 4.329794 14.62979 5.388838 6.16924 14.63498 4.875778 4.583385 14.26513 5.306132 4.532165 12.68382 6.09127 6.531278 11.71422 6.254395 8.270079 12.8447 5.426268 7.829431 14.40513 4.728491 8.052197 15.34719 3.56545 7.041607 14.58228 4.674756 7.654551 12.96247 5.021269 9.519148 12.4673 3.907142 10.32898 14.04283 2.547333 9.363989 15.52078 2.526303 5.388512 17.66191 1.502299 4.668702 17.0897 2.913462 5.83989 16.14643 3.839824 7.840089 16.02164 2.866775 8.077558 17.07624 0.9126419 6.611695 17.89733 0.3712983 2.131465 17.55915 2.537502 0.788764 17.78261 1.545456 -0.5665994 16.82655 2.152529 -0.07437801 15.66355 3.987831 2.003886 15.86352 4.78032 3.021249 16.94648 3.827339 7.15224 17.46674 0.153508 8.115676 17.06431 1.475165 9.676382 16.45828 0.9125705 9.861338 16.423 -1.307281 8.098401 17.13819 -2.476797 6.745053 17.65486 -1.468087 4.139678 17.77241 -0.2027969 5.770471 17.38816 -0.3754071 6.074987 16.80392 -2.014163 4.249643 16.76513 -3.290804 2.345233 17.4506 -2.34711 2.531463 17.94985 -0.6642359 -1.474039 16.34816 2.858537 -2.976319 16.08541 3.573415 -2.828581 14.86179 4.838527 -0.7552624 14.08126 5.073712 0.8012428 14.93067 3.716145 0.1758246 16.14546 2.598492 -7.19829 17.4766 1.043808 -8.007081 17.85202 -0.3851268 -9.437787 16.829 -0.5467041 -9.703316 15.40868 1.148991 -8.167685 15.47524 2.769057 -6.903847 16.67659 2.494338 -6.621283 17.43501 -2.367613 -5.793089 17.48658 -3.833346 -6.758562 16.7086 -5.091204 -8.710379 15.93029 -4.351045 -9.160096 16.2339 -2.184763 -7.878423 17.07449 -1.309133 -4.999851 17.41861 -2.850561 -3.384005 17.56032 -3.304317 -3.189577 17.04982 -4.983952 -5.096356 16.39992 -5.935276 -6.933746 16.48248 -4.668632 -6.635511 17.06773 -3.030178 -3.426606 17.68349 -5.128856 -3.225731 17.46967 -6.787429 -4.787345 17.12575 -7.537544 -6.475255 17.08695 -6.084049 -5.971128 17.47708 -3.943753 -4.253449 17.77483 -3.66641 -6.329462 15.48063 3.908508 -7.869355 15.56114 3.23088 -8.855774 14.2251 3.832168 -7.771591 12.89885 5.256535 -5.65049 13.42896 5.711645 -5.085675 14.87002 4.862921 -3.553905 15.73744 4.192571 -5.129766 15.18824 4.420545 -5.115265 13.73562 5.425176 -3.06892 13.11514 6.050214 -1.371288 14.38015 5.339573 -1.878465 15.74822 4.346018 -1.428084 22.86624 0.5918251 -3.035681 22.8399 0.08995406 -3.909593 21.57224 0.9553522 -2.635129 20.44642 2.394607 -0.492778 21.06049 2.537628 -0.06832568 22.39572 1.463854 -3.788288 22.70621 -1.052303 -5.057088 22.44941 -2.129862 -6.11123 21.17212 -1.515936 -5.438758 20.33482 0.4359592 -3.579568 21.20259 1.317766 -2.858373 22.47611 0.3308351 -2.716041 23.88898 -1.449483 -3.576385 24.07533 -2.885455 -5.022822 23.06236 -2.849455 -5.236233 21.89515 -0.9639133 -3.637579 22.16154 0.5724944 -2.373158 23.29324 0.0861889 -0.9765881 25.09965 -3.085415 -1.86455 25.07878 -4.516507 -3.484679 24.44881 -4.203604 -3.821375 23.89936 -2.071014 -2.112615 24.21295 -0.6677987 -0.6727358 24.87407 -1.446041 -0.2237916 25.39045 -2.694068 -1.876698 25.26054 -2.397489 -2.142853 24.67051 -0.7541348 -0.2538847 24.29828 0.3667746 1.656721 24.71135 -0.7131194 1.422935 25.29611 -2.362176 1.409904 25.13114 -2.545647 1.12267 24.77498 -0.9246669 2.579681 24.09101 -0.1974136 4.283302 23.92474 -1.623325 3.920896 24.6259 -3.712402 2.287122 25.2396 -3.977249 -0.1908146 24.71025 -3.297933 0.5892877 24.60162 -4.78675 -0.5599126 24.08804 -6.025767 -2.61778 23.75831 -5.238589 -2.930614 24.11304 -3.056043 -1.469237 24.62343 -2.207585 -1.900082 24.12749 -3.015691 -0.887129 24.24672 -4.356081 -1.741647 23.69479 -5.799955 -3.830314 23.03601 -5.391692 -4.531106 23.16203 -3.27504 -3.309361 23.78416 -2.163156 3.635891 23.61357 -0.7622471 3.0388 22.9587 0.6700839 4.040777 21.59027 1.16306 5.727839 21.18313 -0.2338117 5.91075 22.52352 -2.010638 4.662514 23.76939 -2.086076 2.425064 22.54879 1.252499 0.9348359 22.29558 1.995495 1.003796 20.83595 2.987624 2.989491 19.82718 2.936776 4.569352 20.7753 1.674901 4.031183 22.24318 0.8553296 -4.814462 18.20868 -1.187075 -4.216972 18.51255 -2.732264 -5.543201 18.49335 -3.898599 -7.52744 18.08376 -2.972194 -7.560996 17.76399 -0.7622551 -5.968997 17.87917 -0.00841866 5.379653 13.4129 5.374203 3.800336 13.97652 5.215991 2.663585 12.67795 5.591639 3.661087 10.76272 6.139442 5.89427 10.75303 6.137025 6.606102 12.30514 5.689538 7.579416 16.90012 1.71283 7.122242 16.56927 3.299796 8.304354 15.49129 4.048234 9.97571 14.93187 2.685586 9.924087 15.78766 0.6235092 8.528612 16.82684 0.3255964 6.348392 18.06114 1.162526 6.456089 17.6368 2.788954 8.007253 16.85087 3.098473 9.2875 16.67928 1.283339 8.454474 17.50126 -0.6186613 6.844172 18.20175 -0.4390961 7.881051 16.18639 -0.6433488 8.698899 15.85326 0.7909038 10.19008 14.97547 0.436702 10.49926 14.60216 -1.73775 8.925895 15.36794 -3.125307 7.600789 16.19424 -2.30231 3.016037 18.06677 1.100507 1.432564 17.85474 1.633978 1.436663 17.0689 3.215761 3.483314 16.62348 3.974716 5.193983 17.21581 2.667061 4.695454 17.98245 1.157187 7.264573 13.59468 4.317513 6.048637 12.90679 5.258387 6.516643 11.27168 5.734814 8.513556 10.66317 4.956848 9.612428 12.16246 3.71919 8.736958 13.68065 3.507911 -1.194655 16.12492 2.11089 -1.900278 15.47702 3.496263 -0.7248626 14.47224 4.34973 1.2609 14.38883 3.343261 1.481072 15.5537 1.450694 0.0151577 16.41636 0.978555 -2.262881 14.37357 4.127782 -3.61356 13.79247 4.949322 -3.301331 12.15189 5.52428 -1.273101 11.40057 4.990419 0.04345846 12.7869 3.836307 -0.7089748 14.34423 3.483364 -7.61488 15.09814 3.105875 -9.016298 15.24109 2.18255 -10.15664 13.96834 2.628978 -9.391945 12.61944 4.22864 -7.349503 13.05278 5.021014 -6.57834 14.44625 4.259732 -4.744974 17.06282 -1.608861 -3.23647 17.02015 -2.356877 -3.435143 16.69226 -4.081002 -5.563094 16.44732 -4.693394 -7.102801 16.64494 -3.08795 -6.42146 16.97911 -1.494181 -4.431284 16.70961 -5.488109 -4.585701 16.13326 -7.063197 -6.147877 15.33153 -7.254083 -7.377924 15.3416 -5.396645 -6.489282 16.3353 -3.604972 -4.88189 17.00508 -3.894241 -6.668758 16.30217 -2.726693 -6.142022 16.13342 -4.317606 -7.273619 15.11716 -5.215536 -8.988504 14.40506 -3.984569 -9.035448 15.05702 -1.849166 -7.6718 16.08139 -1.394054 -4.412229 14.58243 4.620163 -5.99582 14.04994 4.833759 -5.990108 12.42805 5.533069 -3.941826 11.63115 5.897315 -2.231774 12.95627 5.343266 -2.732051 14.50895 4.668801 3.254389 21.81408 0.9342189 2.304466 21.05526 2.099882 3.11793 19.59661 2.674525 5.087718 19.24105 1.696411 5.739307 20.73555 0.1702672 4.580741 22.04459 -0.07494602 2.248264 24.22687 -0.7874424 1.096785 23.96511 0.4136022 1.642478 22.67711 1.491968 3.627314 21.83641 0.9290715 4.620585 22.7145 -0.8680297 3.682897 23.99782 -1.636042 0.9628578 24.66712 -3.089126 2.64547 24.62244 -3.027845 3.286983 24.14937 -4.603997 1.703112 23.77419 -6.125111 -0.4130148 24.04104 -5.463295 -0.5677599 24.52845 -3.773774 -0.7522418 21.43091 1.747748 -2.429804 21.312 1.65511 -2.954038 19.75658 2.307367 -1.269382 18.48691 3.023647 0.7871068 19.33403 2.822531 0.8191369 20.94534 2.10236 2.201936 20.78893 1.728039 0.8524682 20.1676 2.52165 1.195184 18.52984 3.087243 3.249742 17.83303 2.580848 4.550908 19.26157 1.461267 3.766545 20.80334 1.109531 -7.868934 16.48138 -1.129458 -7.893474 16.40414 -2.811827 -9.21533 15.35919 -3.341325 -10.39306 14.5028 -1.655283 -9.755899 15.06905 0.4088368 -8.362663 16.15237 0.4449447 -4.297414 21.47392 -0.3005719 -5.432487 21.47761 -1.544973 -6.337812 19.96111 -1.530466 -5.701712 18.56888 0.08825781 -4.055896 19.26543 1.427405 -3.450681 20.87375 1.023665 5.240076 17.60879 -1.399726 6.857553 17.39449 -0.9816558 7.786867 16.93447 -2.411461 6.550346 16.79006 -4.258987 4.371716 17.23433 -4.050651 3.891633 17.65497 -2.404877 -1.791493 15.10392 3.900814 -2.879514 14.39868 4.975883 -2.209673 12.88646 5.595644 -0.1931224 12.41277 4.775685 0.6741695 13.87406 3.326679 -0.3752851 15.2566 3.005378 -7.957511 16.26009 1.270164 -9.035957 16.36985 -0.01896017 -10.23804 15.0811 0.09814186 -9.946506 13.76039 1.868431 -8.224847 14.23701 3.208555 -7.287458 15.63707 2.682128 -3.368564 18.04508 1.167692 -5.045548 17.91195 1.250958 -5.503535 17.06647 2.732518 -3.759014 16.46471 3.980601 -1.733752 16.99926 3.20615 -1.77175 17.85373 1.66199 -6.19 13.62273 4.601039 -7.795434 13.64629 4.092155 -8.500145 12.0363 4.267985 -7.073667 10.5329 5.085387 -5.011816 11.25115 5.554533 -4.766006 12.96475 5.209372 0.340157 24.80406 -1.114618 -1.311387 24.84161 -1.44314 -2.149883 23.67356 -0.4173785 -0.7863175 22.55645 0.9449526 1.387204 23.05541 0.8264138 1.760406 24.30502 -0.3632118 -0.4399874 22.31476 0.5783749 -2.120887 22.26571 0.4829566 -2.713977 20.75722 1.184604 -1.088012 19.44036 1.94966 1.003894 20.19024 1.728736 1.107855 21.77362 0.9553537 -0.007768546 20.63058 1.851595 -1.663233 20.32586 1.910881 -1.945702 18.67462 2.470542 -0.06835804 17.55701 2.906102 1.852551 18.64935 2.583452 1.635255 20.30422 2.008826 0.7569062 23.27719 0.4337657 -0.8706108 22.9851 0.7544041 -1.038973 21.47561 1.655902 0.9067135 20.47139 2.067033 2.744685 21.48458 1.303815 2.415182 22.99317 0.4484798 2.898684 24.2707 -2.331698 3.406146 23.50016 -0.9225515 4.889123 22.59461 -1.239304 5.591234 22.76019 -3.347103 4.35735 24.01186 -4.724806 2.944073 24.73108 -3.949334 7.772266 12.25076 2.963253 6.660943 11.28117 3.776753 7.270613 9.626185 3.871212 9.262174 9.362921 2.908108 10.18246 11.17607 1.984655 9.189506 12.62741 2.138431 2.439357 13.25555 5.230134 0.8256035 13.47304 4.799514 0.009910583 11.9078 4.734352 1.345584 10.19513 5.230294 3.4677 10.68297 5.726121 3.82853 12.40968 5.660786 -4.021335 12.95074 4.712708 -5.601239 12.36803 4.748503 -5.584063 10.60531 4.858531 -3.530052 9.744341 4.913019 -1.829283 11.18884 4.82348 -2.340558 12.8751 4.718042 -4.280952 15.79078 3.094414 -5.89816 15.72867 2.627811 -6.595033 14.17539 3.098226 -5.146194 12.8344 4.1306 -3.07523 13.6191 4.417937 -2.841402 15.24586 3.773771 -5.809929 16.77812 2.204689 -7.278514 16.51038 1.424618 -8.036762 15.04996 2.066341 -6.835818 14.0592 3.659867 -4.897241 15.02339 4.207092 -4.551985 16.48758 3.283545 -1.027622 18.49449 1.374879 -2.627202 17.97474 1.284679 -2.689205 16.21352 1.402346 -0.6822524 15.2727 1.626374 1.076373 16.64841 1.669572 0.6428708 18.35273 1.516716 4.301243 20.7746 0.6637676 2.857258 20.46449 1.473505 2.818294 18.77844 1.998177 4.645588 17.63591 1.433537 6.225292 18.75016 0.3154195 5.815931 20.44025 0.01208423 4.999355 21.873 -1.538199 4.58384 21.15901 -0.0703756 5.474553 19.64708 0.1303074 6.825555 19.18492 -1.57978 6.863485 20.65554 -3.259969 5.789835 22.03505 -3.014559 -8.595072 14.85623 1.620825 -9.651974 14.98515 0.3157294 -10.44332 13.43147 0.03384323 -9.803782 11.84367 1.459695 -8.295161 12.42195 3.001402 -7.786349 14.10876 2.892835 7.187923 16.78475 -1.956661 8.582302 16.35444 -1.115546 9.778677 15.70186 -2.239113 9.074324 15.65995 -4.352244 7.013612 16.4268 -4.742905 6.180872 16.98411 -3.289653 -3.750906 20.55601 0.5717688 -5.047621 20.37483 -0.4877788 -5.724541 18.75118 -0.3292419 -4.670926 17.49942 1.182771 -2.955801 18.4454 2.255462 -2.643096 20.10959 1.75677 7.702692 11.20785 -0.7873343 6.4394 10.10056 -0.6651005 7.067719 8.458456 -0.8333291 9.272406 8.384617 -1.144943 10.34844 10.34073 -1.199429 9.288288 11.73545 -0.9829953 -4.945233 10.22582 -2.608391 -6.57242 9.834044 -2.419427 -6.844106 8.160734 -2.915223 -4.99338 7.135242 -3.612626 -3.108036 8.331936 -3.587964 -3.327933 9.983028 -3.00355 -7.41021 12.83055 -0.2865137 -8.916074 13.50753 -0.6197004 -10.06751 12.23054 -1.023534 -9.178211 10.1888 -0.9631506 -7.017686 10.04653 -0.4162526 -6.267365 11.61115 -0.09225904 -6.282497 10.58807 0.4097513 -7.876081 11.05401 0.1263327 -8.86552 9.627357 -0.198106 -7.714836 7.720951 -0.1292909 -5.534273 7.876056 0.327106 -4.983012 9.53343 0.5824897 -5.589897 10.83537 3.615771 -7.235296 10.83001 3.255816 -7.796529 9.167164 3.056919 -6.187219 7.652716 3.339338 -4.148423 8.426659 3.820518 -4.067144 10.18725 3.918967 -4.483986 10.23761 -0.04510409 -6.126008 9.939198 -0.2723669 -6.394129 8.20536 -0.4761101 -4.521001 7.004036 -0.3693172 -2.621259 8.127715 -0.02940865 -2.849566 9.872091 0.1155885 -2.892536 10.10313 -2.485354 -4.114815 8.944298 -2.493787 -3.423096 7.350666 -2.8123 -1.213317 7.387677 -3.092833 -0.2109284 9.377151 -2.936577 -1.325469 10.70441 -2.601654 -1.491948 12.26792 3.449502 -2.73014 11.60997 4.382736 -2.473158 9.873142 4.574997 -0.6405988 9.132917 3.546899 0.5798244 10.64682 2.448771 -0.07895184 12.28216 2.536266 0.9281652 24.55466 -2.825142 0.2396849 24.4192 -1.29394 1.349679 23.56951 -0.214345 3.253471 22.96687 -1.202066 3.485324 23.50588 -3.356809 2.094092 24.3641 -4.023084 -8.513717 12.73345 2.11222 -9.617348 13.2691 0.9580909 -10.174 11.90315 -0.01346707 -9.259447 9.962354 0.5866225 -7.808705 10.01402 2.283645 -7.563204 11.62882 2.953102 -4.552468 10.65643 3.139946 -6.185288 10.2443 3.108609 -6.356537 8.507256 2.838548 -4.40665 7.449699 2.631893 -2.561609 8.697843 2.790537 -2.889708 10.41013 3.066965 -3.168088 11.51275 3.775561 -4.681884 10.81188 4.008235 -4.530519 9.052141 4.007184 -2.439024 8.346342 3.706038 -0.8717403 9.917249 3.454882 -1.504597 11.56347 3.528611 -7.271966 11.98291 3.881733 -8.79969 12.17685 3.199546 -9.598537 10.60688 3.070518 -8.358439 8.920286 3.832585 -6.337147 9.435775 4.629991 -5.967322 11.16014 4.553828 3.72978 11.39135 2.366223 2.045508 11.39476 2.378562 1.447188 9.739875 2.530087 3.072719 8.221394 2.652801 5.170688 8.982174 2.56946 5.279139 10.73707 2.412724 3.723794 11.36588 4.297132 2.079036 11.02909 4.432325 1.848121 9.310438 4.767741 3.758821 8.172514 4.900203 5.644335 9.330679 4.599047 5.375744 11.04699 4.285766</float_array>
          <technique_common>
            <accessor source="#L01_010__mTreeOakLeaf-position-array" count="832" stride="3">
              <param name="X" type="float" />
              <param name="Y" type="float" />
              <param name="Z" type="float" />
            </accessor>
          </technique_common>
        </source>
        <source id="L01_010__mTreeOakLeaf-normal">
          <float_array id="L01_010__mTreeOakLeaf-normal-array" count="2496">0.02152622 0.2309198 0.9726024 0.02152622 0.2309198 0.9726024 0.02152622 0.2309198 0.9726024 0.02152622 0.2309198 0.9726024 0.02152622 0.2309198 0.9726024 0.02152622 0.2309198 0.9726024 0.02152622 0.2309198 0.9726024 0.02152622 0.2309198 0.9726024 -0.2387476 0.5009785 0.8317022 -0.2387476 0.5009785 0.8317022 -0.2387476 0.5009785 0.8317022 -0.2387476 0.5009785 0.8317022 -0.2387476 0.5009785 0.8317022 -0.2387476 0.5009785 0.8317022 -0.2387476 0.5009785 0.8317022 -0.2387476 0.5009785 0.8317022 0.4677103 0.8473578 0.2544029 0.4677103 0.8473578 0.2544029 0.4677103 0.8473578 0.2544029 0.4677103 0.8473578 0.2544029 0.4677103 0.8473578 0.2544029 0.4677103 0.8473578 0.2544029 0.4677103 0.8473578 0.2544029 0.4677103 0.8473578 0.2544029 0.7592953 0.4050879 0.5088062 0.7592953 0.4050879 0.5088062 0.7592953 0.4050879 0.5088062 0.7592953 0.4050879 0.5088062 0.7592953 0.4050879 0.5088062 0.7592953 0.4050879 0.5088062 0.7592953 0.4050879 0.5088062 0.7592953 0.4050879 0.5088062 0.1585125 0.1761252 0.9706455 0.1585125 0.1761252 0.9706455 0.1585125 0.1761252 0.9706455 0.1585125 0.1761252 0.9706455 0.1585125 0.1761252 0.9706455 0.1585125 0.1761252 0.9706455 0.1585125 0.1761252 0.9706455 0.1585125 0.1761252 0.9706455 -0.4774951 0.3248533 0.8160467 -0.4774951 0.3248533 0.8160467 -0.4774951 0.3248533 0.8160467 -0.4774951 0.3248533 0.8160467 -0.4774951 0.3248533 0.8160467 -0.4774951 0.3248533 0.8160467 -0.4774951 0.3248533 0.8160467 -0.4774951 0.3248533 0.8160467 -0.5048923 0.7671232 0.3953031 -0.5048923 0.7671232 0.3953031 -0.5048923 0.7671232 0.3953031 -0.5048923 0.7671232 0.3953031 -0.5048923 0.7671232 0.3953031 -0.5048923 0.7671232 0.3953031 -0.5048923 0.7671232 0.3953031 -0.5048923 0.7671232 0.3953031 0.219178 0.876712 0.4266142 0.219178 0.876712 0.4266142 0.219178 0.876712 0.4266142 0.219178 0.876712 0.4266142 0.219178 0.876712 0.4266142 0.219178 0.876712 0.4266142 0.219178 0.876712 0.4266142 0.219178 0.876712 0.4266142 0.07044991 0.3561644 0.9315066 0.07044991 0.3561644 0.9315066 0.07044991 0.3561644 0.9315066 0.07044991 0.3561644 0.9315066 0.07044991 0.3561644 0.9315066 0.07044991 0.3561644 0.9315066 0.07044991 0.3561644 0.9315066 0.07044991 0.3561644 0.9315066 0.5929548 0.7142854 0.3698628 0.5929548 0.7142854 0.3698628 0.5929548 0.7142854 0.3698628 0.5929548 0.7142854 0.3698628 0.5929548 0.7142854 0.3698628 0.5929548 0.7142854 0.3698628 0.5929548 0.7142854 0.3698628 0.5929548 0.7142854 0.3698628 0.7788647 0.324853 0.5381603 0.7788647 0.324853 0.5381603 0.7788647 0.324853 0.5381603 0.7788647 0.324853 0.5381603 0.7788647 0.324853 0.5381603 0.7788647 0.324853 0.5381603 0.7788647 0.324853 0.5381603 0.7788647 0.324853 0.5381603 -0.05283777 0.05675152 0.9960859 -0.05283777 0.05675152 0.9960859 -0.05283777 0.05675152 0.9960859 -0.05283777 0.05675152 0.9960859 -0.05283777 0.05675152 0.9960859 -0.05283777 0.05675152 0.9960859 -0.05283777 0.05675152 0.9960859 -0.05283777 0.05675152 0.9960859 -0.2720158 0.3111547 0.9099801 -0.2720158 0.3111547 0.9099801 -0.2720158 0.3111547 0.9099801 -0.2720158 0.3111547 0.9099801 -0.2720158 0.3111547 0.9099801 -0.2720158 0.3111547 0.9099801 -0.2720158 0.3111547 0.9099801 -0.2720158 0.3111547 0.9099801 -0.5655577 0.4070451 0.7181993 -0.5655577 0.4070451 0.7181993 -0.5655577 0.4070451 0.7181993 -0.5655577 0.4070451 0.7181993 -0.5655577 0.4070451 0.7181993 -0.5655577 0.4070451 0.7181993 -0.5655577 0.4070451 0.7181993 -0.5655577 0.4070451 0.7181993 -0.6046966 0.6594911 0.4461837 -0.6046966 0.6594911 0.4461837 -0.6046966 0.6594911 0.4461837 -0.6046966 0.6594911 0.4461837 -0.6046966 0.6594911 0.4461837 -0.6046966 0.6594911 0.4461837 -0.6046966 0.6594911 0.4461837 -0.6046966 0.6594911 0.4461837 -0.3502935 0.8414872 0.4129156 -0.3502935 0.8414872 0.4129156 -0.3502935 0.8414872 0.4129156 -0.3502935 0.8414872 0.4129156 -0.3502935 0.8414872 0.4129156 -0.3502935 0.8414872 0.4129156 -0.3502935 0.8414872 0.4129156 -0.3502935 0.8414872 0.4129156 0.21135 -0.07632091 0.9745594 0.21135 -0.07632091 0.9745594 0.21135 -0.07632091 0.9745594 0.21135 -0.07632091 0.9745594 0.21135 -0.07632091 0.9745594 0.21135 -0.07632091 0.9745594 0.21135 -0.07632091 0.9745594 0.21135 -0.07632091 0.9745594 0.1115458 0.06066538 0.9921719 0.1115458 0.06066538 0.9921719 0.1115458 0.06066538 0.9921719 0.1115458 0.06066538 0.9921719 0.1115458 0.06066538 0.9921719 0.1115458 0.06066538 0.9921719 0.1115458 0.06066538 0.9921719 0.1115458 0.06066538 0.9921719 0.3796475 0.08610562 0.9217219 0.3796475 0.08610562 0.9217219 0.3796475 0.08610562 0.9217219 0.3796475 0.08610562 0.9217219 0.3796475 0.08610562 0.9217219 0.3796475 0.08610562 0.9217219 0.3796475 0.08610562 0.9217219 0.3796475 0.08610562 0.9217219 0.510763 0.4050879 0.7573383 0.510763 0.4050879 0.7573383 0.510763 0.4050879 0.7573383 0.510763 0.4050879 0.7573383 0.510763 0.4050879 0.7573383 0.510763 0.4050879 0.7573383 0.510763 0.4050879 0.7573383 0.510763 0.4050879 0.7573383 0.03326788 -0.2270057 0.9726025 0.03326788 -0.2270057 0.9726025 0.03326788 -0.2270057 0.9726025 0.03326788 -0.2270057 0.9726025 0.03326788 -0.2270057 0.9726025 0.03326788 -0.2270057 0.9726025 0.03326788 -0.2270057 0.9726025 0.03326788 -0.2270057 0.9726025 0.5322893 0.2113502 0.8199607 0.5322893 0.2113502 0.8199607 0.5322893 0.2113502 0.8199607 0.5322893 0.2113502 0.8199607 0.5322893 0.2113502 0.8199607 0.5322893 0.2113502 0.8199607 0.5322893 0.2113502 0.8199607 0.5322893 0.2113502 0.8199607 -0.228963 -0.0547944 0.9726025 -0.228963 -0.0547944 0.9726025 -0.228963 -0.0547944 0.9726025 -0.228963 -0.0547944 0.9726025 -0.228963 -0.0547944 0.9726025 -0.228963 -0.0547944 0.9726025 -0.228963 -0.0547944 0.9726025 -0.228963 -0.0547944 0.9726025 -0.0665364 0.0430529 0.9960859 -0.0665364 0.0430529 0.9960859 -0.0665364 0.0430529 0.9960859 -0.0665364 0.0430529 0.9960859 -0.0665364 0.0430529 0.9960859 -0.0665364 0.0430529 0.9960859 -0.0665364 0.0430529 0.9960859 -0.0665364 0.0430529 0.9960859 0.5636006 0.7162424 0.4109587 0.5636006 0.7162424 0.4109587 0.5636006 0.7162424 0.4109587 0.5636006 0.7162424 0.4109587 0.5636006 0.7162424 0.4109587 0.5636006 0.7162424 0.4109587 0.5636006 0.7162424 0.4109587 0.5636006 0.7162424 0.4109587 0.4305283 0.8630134 0.2661446 0.4305283 0.8630134 0.2661446 0.4305283 0.8630134 0.2661446 0.4305283 0.8630134 0.2661446 0.4305283 0.8630134 0.2661446 0.4305283 0.8630134 0.2661446 0.4305283 0.8630134 0.2661446 0.4305283 0.8630134 0.2661446 0.2328764 -0.144814 0.9608608 0.2328764 -0.144814 0.9608608 0.2328764 -0.144814 0.9608608 0.2328764 -0.144814 0.9608608 0.2328764 -0.144814 0.9608608 0.2328764 -0.144814 0.9608608 0.2328764 -0.144814 0.9608608 0.2328764 -0.144814 0.9608608 0.1448139 -0.05675142 0.9882581 0.1448139 -0.05675142 0.9882581 0.1448139 -0.05675142 0.9882581 0.1448139 -0.05675142 0.9882581 0.1448139 -0.05675142 0.9882581 0.1448139 -0.05675142 0.9882581 0.1448139 -0.05675142 0.9882581 0.1448139 -0.05675142 0.9882581 -0.05870859 0.2289628 0.9726024 -0.05870859 0.2289628 0.9726024 -0.05870859 0.2289628 0.9726024 -0.05870859 0.2289628 0.9726024 -0.05870859 0.2289628 0.9726024 -0.05870859 0.2289628 0.9726024 -0.05870859 0.2289628 0.9726024 -0.05870859 0.2289628 0.9726024 0.1682974 0.8727982 0.4598823 0.1682974 0.8727982 0.4598823 0.1682974 0.8727982 0.4598823 0.1682974 0.8727982 0.4598823 0.1682974 0.8727982 0.4598823 0.1682974 0.8727982 0.4598823 -0.11546 0.5870841 0.8003911 -0.11546 0.5870841 0.8003911 -0.11546 0.5870841 0.8003911 -0.11546 0.5870841 0.8003911 -0.11546 0.5870841 0.8003911 -0.11546 0.5870841 0.8003911 -0.03718203 0.8845399 0.4637962 -0.03718203 0.8845399 0.4637962 -0.03718203 0.8845399 0.4637962 -0.03718203 0.8845399 0.4637962 -0.03718203 0.8845399 0.4637962 -0.03718203 0.8845399 0.4637962 0.01369851 0.6516633 0.7573382 0.01369851 0.6516633 0.7573382 0.01369851 0.6516633 0.7573382 0.01369851 0.6516633 0.7573382 0.01369851 0.6516633 0.7573382 0.01369851 0.6516633 0.7573382 -0.1917809 0.479452 0.8551856 -0.1917809 0.479452 0.8551856 -0.1917809 0.479452 0.8551856 -0.1917809 0.479452 0.8551856 -0.1917809 0.479452 0.8551856 -0.1917809 0.479452 0.8551856 0.2661446 0.5342464 0.802348 0.2661446 0.5342464 0.802348 0.2661446 0.5342464 0.802348 0.2661446 0.5342464 0.802348 0.2661446 0.5342464 0.802348 0.2661446 0.5342464 0.802348 0.007827668 0.6516633 0.7573382 0.007827668 0.6516633 0.7573382 0.007827668 0.6516633 0.7573382 0.007827668 0.6516633 0.7573382 0.007827668 0.6516633 0.7573382 0.007827668 0.6516633 0.7573382 0.2289626 0.6477493 0.7260271 0.2289626 0.6477493 0.7260271 0.2289626 0.6477493 0.7260271 0.2289626 0.6477493 0.7260271 0.2289626 0.6477493 0.7260271 0.2289626 0.6477493 0.7260271 -0.1448141 0.882583 0.4481406 -0.1448141 0.882583 0.4481406 -0.1448141 0.882583 0.4481406 -0.1448141 0.882583 0.4481406 -0.1448141 0.882583 0.4481406 -0.1448141 0.882583 0.4481406 0.0645793 0.9980428 -0.003914098 0.0645793 0.9980428 -0.003914098 0.0645793 0.9980428 -0.003914098 0.0645793 0.9980428 -0.003914098 0.0645793 0.9980428 -0.003914098 0.0645793 0.9980428 -0.003914098 0.2152641 0.7397258 0.6379644 0.2152641 0.7397258 0.6379644 0.2152641 0.7397258 0.6379644 0.2152641 0.7397258 0.6379644 0.2152641 0.7397258 0.6379644 0.2152641 0.7397258 0.6379644 -0.2661448 0.7573385 0.5949116 -0.2661448 0.7573385 0.5949116 -0.2661448 0.7573385 0.5949116 -0.2661448 0.7573385 0.5949116 -0.2661448 0.7573385 0.5949116 -0.2661448 0.7573385 0.5949116 -0.4187866 0.9080233 0.03326788 -0.4187866 0.9080233 0.03326788 -0.4187866 0.9080233 0.03326788 -0.4187866 0.9080233 0.03326788 -0.4187866 0.9080233 0.03326788 -0.4187866 0.9080233 0.03326788 -0.2622308 0.9589039 0.1076319 -0.2622308 0.9589039 0.1076319 -0.2622308 0.9589039 0.1076319 -0.2622308 0.9589039 0.1076319 -0.2622308 0.9589039 0.1076319 -0.2622308 0.9589039 0.1076319 -0.2896281 0.9530331 0.07632071 -0.2896281 0.9530331 0.07632071 -0.2896281 0.9530331 0.07632071 -0.2896281 0.9530331 0.07632071 -0.2896281 0.9530331 0.07632071 -0.2896281 0.9530331 0.07632071 -0.2818004 0.7240704 0.6281797 -0.2818004 0.7240704 0.6281797 -0.2818004 0.7240704 0.6281797 -0.2818004 0.7240704 0.6281797 -0.2818004 0.7240704 0.6281797 -0.2818004 0.7240704 0.6281797 0.2270057 0.8219177 0.5225046 0.2270057 0.8219177 0.5225046 0.2270057 0.8219177 0.5225046 0.2270057 0.8219177 0.5225046 0.2270057 0.8219177 0.5225046 0.2270057 0.8219177 0.5225046 0.1800391 0.9823872 0.04892347 0.1800391 0.9823872 0.04892347 0.1800391 0.9823872 0.04892347 0.1800391 0.9823872 0.04892347 0.1800391 0.9823872 0.04892347 0.1800391 0.9823872 0.04892347 0.05675132 0.5929549 0.802348 0.05675132 0.5929549 0.802348 0.05675132 0.5929549 0.802348 0.05675132 0.5929549 0.802348 0.05675132 0.5929549 0.802348 0.05675132 0.5929549 0.802348 -0.08414885 0.5225048 0.8473578 -0.08414885 0.5225048 0.8473578 -0.08414885 0.5225048 0.8473578 -0.08414885 0.5225048 0.8473578 -0.08414885 0.5225048 0.8473578 -0.08414885 0.5225048 0.8473578 0.1467708 0.4305283 0.8904106 0.1467708 0.4305283 0.8904106 0.1467708 0.4305283 0.8904106 0.1467708 0.4305283 0.8904106 0.1467708 0.4305283 0.8904106 0.1467708 0.4305283 0.8904106 0.5557728 0.362035 0.7475536 0.5557728 0.362035 0.7475536 0.5557728 0.362035 0.7475536 0.5557728 0.362035 0.7475536 0.5557728 0.362035 0.7475536 0.5557728 0.362035 0.7475536 0.2954989 0.8258315 0.4794518 0.2954989 0.8258315 0.4794518 0.2954989 0.8258315 0.4794518 0.2954989 0.8258315 0.4794518 0.2954989 0.8258315 0.4794518 0.2954989 0.8258315 0.4794518 -0.2896282 0.7651663 0.5753422 -0.2896282 0.7651663 0.5753422 -0.2896282 0.7651663 0.5753422 -0.2896282 0.7651663 0.5753422 -0.2896282 0.7651663 0.5753422 -0.2896282 0.7651663 0.5753422 0.369863 0.9295496 0.005870668 0.369863 0.9295496 0.005870668 0.369863 0.9295496 0.005870668 0.369863 0.9295496 0.005870668 0.369863 0.9295496 0.005870668 0.369863 0.9295496 0.005870668 0.1819962 0.9334635 -0.3072408 0.1819962 0.9334635 -0.3072408 0.1819962 0.9334635 -0.3072408 0.1819962 0.9334635 -0.3072408 0.1819962 0.9334635 -0.3072408 0.1819962 0.9334635 -0.3072408 0.2015654 0.7103716 0.6731895 0.2015654 0.7103716 0.6731895 0.2015654 0.7103716 0.6731895 0.2015654 0.7103716 0.6731895 0.2015654 0.7103716 0.6731895 0.2015654 0.7103716 0.6731895 -0.5479451 0.6751467 0.4931504 -0.5479451 0.6751467 0.4931504 -0.5479451 0.6751467 0.4931504 -0.5479451 0.6751467 0.4931504 -0.5479451 0.6751467 0.4931504 -0.5479451 0.6751467 0.4931504 -0.4403129 0.8727984 -0.2113505 -0.4403129 0.8727984 -0.2113505 -0.4403129 0.8727984 -0.2113505 -0.4403129 0.8727984 -0.2113505 -0.4403129 0.8727984 -0.2113505 -0.4403129 0.8727984 -0.2113505 -0.1761251 0.9334636 -0.3111548 -0.1761251 0.9334636 -0.3111548 -0.1761251 0.9334636 -0.3111548 -0.1761251 0.9334636 -0.3111548 -0.1761251 0.9334636 -0.3111548 -0.1761251 0.9334636 -0.3111548 -0.1565556 0.9784734 -0.1389434 -0.1565556 0.9784734 -0.1389434 -0.1565556 0.9784734 -0.1389434 -0.1565556 0.9784734 -0.1389434 -0.1565556 0.9784734 -0.1389434 -0.1565556 0.9784734 -0.1389434 -0.3033269 0.5616438 0.7690799 -0.3033269 0.5616438 0.7690799 -0.3033269 0.5616438 0.7690799 -0.3033269 0.5616438 0.7690799 -0.3033269 0.5616438 0.7690799 -0.3033269 0.5616438 0.7690799 -0.07045022 0.5616438 0.8238745 -0.07045022 0.5616438 0.8238745 -0.07045022 0.5616438 0.8238745 -0.07045022 0.5616438 0.8238745 -0.07045022 0.5616438 0.8238745 -0.07045022 0.5616438 0.8238745 -0.2309198 0.6457925 0.7260271 -0.2309198 0.6457925 0.7260271 -0.2309198 0.6457925 0.7260271 -0.2309198 0.6457925 0.7260271 -0.2309198 0.6457925 0.7260271 -0.2309198 0.6457925 0.7260271 -0.5459882 0.6771036 0.4911934 -0.5459882 0.6771036 0.4911934 -0.5459882 0.6771036 0.4911934 -0.5459882 0.6771036 0.4911934 -0.5459882 0.6771036 0.4911934 -0.5459882 0.6771036 0.4911934 -0.5205479 0.7455968 0.4148725 -0.5205479 0.7455968 0.4148725 -0.5205479 0.7455968 0.4148725 -0.5205479 0.7455968 0.4148725 -0.5205479 0.7455968 0.4148725 -0.5205479 0.7455968 0.4148725 -0.328767 0.9236789 0.1976514 -0.328767 0.9236789 0.1976514 -0.328767 0.9236789 0.1976514 -0.328767 0.9236789 0.1976514 -0.328767 0.9236789 0.1976514 -0.328767 0.9236789 0.1976514 -0.005870855 0.9393344 0.3424655 -0.005870855 0.9393344 0.3424655 -0.005870855 0.9393344 0.3424655 -0.005870855 0.9393344 0.3424655 -0.005870855 0.9393344 0.3424655 -0.005870855 0.9393344 0.3424655 0.3131115 0.915851 0.250489 0.3131115 0.915851 0.250489 0.3131115 0.915851 0.250489 0.3131115 0.915851 0.250489 0.3131115 0.915851 0.250489 0.3131115 0.915851 0.250489 -0.2348335 0.9530331 -0.1859102 -0.2348335 0.9530331 -0.1859102 -0.2348335 0.9530331 -0.1859102 -0.2348335 0.9530331 -0.1859102 -0.2348335 0.9530331 -0.1859102 -0.2348335 0.9530331 -0.1859102 -0.3365947 0.9275928 -0.1643837 -0.3365947 0.9275928 -0.1643837 -0.3365947 0.9275928 -0.1643837 -0.3365947 0.9275928 -0.1643837 -0.3365947 0.9275928 -0.1643837 -0.3365947 0.9275928 -0.1643837 0.5929548 0.6144812 0.5205477 0.5929548 0.6144812 0.5205477 0.5929548 0.6144812 0.5205477 0.5929548 0.6144812 0.5205477 0.5929548 0.6144812 0.5205477 0.5929548 0.6144812 0.5205477 0.3052836 0.5401173 0.7847355 0.3052836 0.5401173 0.7847355 0.3052836 0.5401173 0.7847355 0.3052836 0.5401173 0.7847355 0.3052836 0.5401173 0.7847355 0.3052836 0.5401173 0.7847355 -0.146771 0.9784734 0.1408999 -0.146771 0.9784734 0.1408999 -0.146771 0.9784734 0.1408999 -0.146771 0.9784734 0.1408999 -0.146771 0.9784734 0.1408999 -0.146771 0.9784734 0.1408999 0.003913708 0.2661448 0.9647747 0.003913708 0.2661448 0.9647747 0.003913708 0.2661448 0.9647747 0.003913708 0.2661448 0.9647747 0.003913708 0.2661448 0.9647747 0.003913708 0.2661448 0.9647747 0.5322895 0.7886494 0.3111544 0.5322895 0.7886494 0.3111544 0.5322895 0.7886494 0.3111544 0.5322895 0.7886494 0.3111544 0.5322895 0.7886494 0.3111544 0.5322895 0.7886494 0.3111544 0.4168296 0.8864968 0.1976515 0.4168296 0.8864968 0.1976515 0.4168296 0.8864968 0.1976515 0.4168296 0.8864968 0.1976515 0.4168296 0.8864968 0.1976515 0.4168296 0.8864968 0.1976515 0.4951076 0.8649703 -0.08806275 0.4951076 0.8649703 -0.08806275 0.4951076 0.8649703 -0.08806275 0.4951076 0.8649703 -0.08806275 0.4951076 0.8649703 -0.08806275 0.4951076 0.8649703 -0.08806275 0.03913889 0.8923677 0.4500976 0.03913889 0.8923677 0.4500976 0.03913889 0.8923677 0.4500976 0.03913889 0.8923677 0.4500976 0.03913889 0.8923677 0.4500976 0.03913889 0.8923677 0.4500976 0.4422698 0.3581212 0.8219176 0.4422698 0.3581212 0.8219176 0.4422698 0.3581212 0.8219176 0.4422698 0.3581212 0.8219176 0.4422698 0.3581212 0.8219176 0.4422698 0.3581212 0.8219176 0.3091975 0.7945204 0.5225046 0.3091975 0.7945204 0.5225046 0.3091975 0.7945204 0.5225046 0.3091975 0.7945204 0.5225046 0.3091975 0.7945204 0.5225046 0.3091975 0.7945204 0.5225046 0.3718197 0.3620351 0.8551857 0.3718197 0.3620351 0.8551857 0.3718197 0.3620351 0.8551857 0.3718197 0.3620351 0.8551857 0.3718197 0.3620351 0.8551857 0.3718197 0.3620351 0.8551857 -0.3953034 0.5909981 0.7025437 -0.3953034 0.5909981 0.7025437 -0.3953034 0.5909981 0.7025437 -0.3953034 0.5909981 0.7025437 -0.3953034 0.5909981 0.7025437 -0.3953034 0.5909981 0.7025437 -0.07044999 0.9804303 -0.1859102 -0.07044999 0.9804303 -0.1859102 -0.07044999 0.9804303 -0.1859102 -0.07044999 0.9804303 -0.1859102 -0.07044999 0.9804303 -0.1859102 -0.07044999 0.9804303 -0.1859102 -0.4187865 0.8669274 -0.2700589 -0.4187865 0.8669274 -0.2700589 -0.4187865 0.8669274 -0.2700589 -0.4187865 0.8669274 -0.2700589 -0.4187865 0.8669274 -0.2700589 -0.4187865 0.8669274 -0.2700589 -0.5322894 0.8062622 -0.2563602 -0.5322894 0.8062622 -0.2563602 -0.5322894 0.8062622 -0.2563602 -0.5322894 0.8062622 -0.2563602 -0.5322894 0.8062622 -0.2563602 -0.5322894 0.8062622 -0.2563602 -1.690741E-07 0.3894325 0.9217218 -1.690741E-07 0.3894325 0.9217218 -1.690741E-07 0.3894325 0.9217218 -1.690741E-07 0.3894325 0.9217218 -1.690741E-07 0.3894325 0.9217218 -1.690741E-07 0.3894325 0.9217218 0.4618393 0.5303325 0.7123285 0.4618393 0.5303325 0.7123285 0.4618393 0.5303325 0.7123285 0.4618393 0.5303325 0.7123285 0.4618393 0.5303325 0.7123285 0.4618393 0.5303325 0.7123285 0.4598824 0.6712326 0.5792561 0.4598824 0.6712326 0.5792561 0.4598824 0.6712326 0.5792561 0.4598824 0.6712326 0.5792561 0.4598824 0.6712326 0.5792561 0.4598824 0.6712326 0.5792561 0.02935432 0.9589038 -0.2837575 0.02935432 0.9589038 -0.2837575 0.02935432 0.9589038 -0.2837575 0.02935432 0.9589038 -0.2837575 0.02935432 0.9589038 -0.2837575 0.02935432 0.9589038 -0.2837575 -0.07240719 0.3992172 0.913894 -0.07240719 0.3992172 0.913894 -0.07240719 0.3992172 0.913894 -0.07240719 0.3992172 0.913894 -0.07240719 0.3992172 0.913894 -0.07240719 0.3992172 0.913894 0.3483364 0.3639921 0.8649704 0.3483364 0.3639921 0.8649704 0.3483364 0.3639921 0.8649704 0.3483364 0.3639921 0.8649704 0.3483364 0.3639921 0.8649704 0.3483364 0.3639921 0.8649704 -0.6203521 0.7847357 -0.02152661 -0.6203521 0.7847357 -0.02152661 -0.6203521 0.7847357 -0.02152661 -0.6203521 0.7847357 -0.02152661 -0.6203521 0.7847357 -0.02152661 -0.6203521 0.7847357 -0.02152661 -0.6731898 0.3992173 0.622309 -0.6731898 0.3992173 0.622309 -0.6731898 0.3992173 0.622309 -0.6731898 0.3992173 0.622309 -0.6731898 0.3992173 0.622309 -0.6731898 0.3992173 0.622309 0.1741684 0.9628177 -0.2054796 0.1741684 0.9628177 -0.2054796 0.1741684 0.9628177 -0.2054796 0.1741684 0.9628177 -0.2054796 0.1741684 0.9628177 -0.2054796 0.1741684 0.9628177 -0.2054796 0.4344421 0.4931505 0.7534243 0.4344421 0.4931505 0.7534243 0.4344421 0.4931505 0.7534243 0.4344421 0.4931505 0.7534243 0.4344421 0.4931505 0.7534243 0.4344421 0.4931505 0.7534243 -0.5890411 0.5909981 0.5518588 -0.5890411 0.5909981 0.5518588 -0.5890411 0.5909981 0.5518588 -0.5890411 0.5909981 0.5518588 -0.5890411 0.5909981 0.5518588 -0.5890411 0.5909981 0.5518588 -0.03913898 0.8688844 0.4931504 -0.03913898 0.8688844 0.4931504 -0.03913898 0.8688844 0.4931504 -0.03913898 0.8688844 0.4931504 -0.03913898 0.8688844 0.4931504 -0.03913898 0.8688844 0.4931504 -0.2857144 0.2191781 0.9334635 -0.2857144 0.2191781 0.9334635 -0.2857144 0.2191781 0.9334635 -0.2857144 0.2191781 0.9334635 -0.2857144 0.2191781 0.9334635 -0.2857144 0.2191781 0.9334635 -0.1193739 0.6966731 0.7084146 -0.1193739 0.6966731 0.7084146 -0.1193739 0.6966731 0.7084146 -0.1193739 0.6966731 0.7084146 -0.1193739 0.6966731 0.7084146 -0.1193739 0.6966731 0.7084146 -0.05870856 0.4324853 0.9001954 -0.05870856 0.4324853 0.9001954 -0.05870856 0.4324853 0.9001954 -0.05870856 0.4324853 0.9001954 -0.05870856 0.4324853 0.9001954 -0.05870856 0.4324853 0.9001954 -0.01956964 0.3170254 0.9471622 -0.01956964 0.3170254 0.9471622 -0.01956964 0.3170254 0.9471622 -0.01956964 0.3170254 0.9471622 -0.01956964 0.3170254 0.9471622 -0.01956964 0.3170254 0.9471622 0.0861055 0.4970645 0.8630134 0.0861055 0.4970645 0.8630134 0.0861055 0.4970645 0.8630134 0.0861055 0.4970645 0.8630134 0.0861055 0.4970645 0.8630134 0.0861055 0.4970645 0.8630134 0.5479451 0.802348 0.2348335 0.5479451 0.802348 0.2348335 0.5479451 0.802348 0.2348335 0.5479451 0.802348 0.2348335 0.5479451 0.802348 0.2348335 0.5479451 0.802348 0.2348335 0.4579253 0.2113502 0.8630134 0.4579253 0.2113502 0.8630134 0.4579253 0.2113502 0.8630134 0.4579253 0.2113502 0.8630134 0.4579253 0.2113502 0.8630134 0.4579253 0.2113502 0.8630134 -0.2407046 0.07827798 0.9667317 -0.2407046 0.07827798 0.9667317 -0.2407046 0.07827798 0.9667317 -0.2407046 0.07827798 0.9667317 -0.2407046 0.07827798 0.9667317 -0.2407046 0.07827798 0.9667317 0.007827582 0.05479456 0.9980428 0.007827582 0.05479456 0.9980428 0.007827582 0.05479456 0.9980428 0.007827582 0.05479456 0.9980428 0.007827582 0.05479456 0.9980428 0.007827582 0.05479456 0.9980428 -0.264188 0.3796478 0.8864968 -0.264188 0.3796478 0.8864968 -0.264188 0.3796478 0.8864968 -0.264188 0.3796478 0.8864968 -0.264188 0.3796478 0.8864968 -0.264188 0.3796478 0.8864968 -0.4637965 0.5401175 0.7005868 -0.4637965 0.5401175 0.7005868 -0.4637965 0.5401175 0.7005868 -0.4637965 0.5401175 0.7005868 -0.4637965 0.5401175 0.7005868 -0.4637965 0.5401175 0.7005868 -0.07045028 0.06262237 0.9960859 -0.07045028 0.06262237 0.9960859 -0.07045028 0.06262237 0.9960859 -0.07045028 0.06262237 0.9960859 -0.07045028 0.06262237 0.9960859 -0.07045028 0.06262237 0.9960859 0.436399 0.2524461 0.8630134 0.436399 0.2524461 0.8630134 0.436399 0.2524461 0.8630134 0.436399 0.2524461 0.8630134 0.436399 0.2524461 0.8630134 0.436399 0.2524461 0.8630134 0.7475536 0.4911935 0.4442268 0.7475536 0.4911935 0.4442268 0.7475536 0.4911935 0.4442268 0.7475536 0.4911935 0.4442268 0.7475536 0.4911935 0.4442268 0.7475536 0.4911935 0.4442268 -0.7358121 0.2524463 0.6281797 -0.7358121 0.2524463 0.6281797 -0.7358121 0.2524463 0.6281797 -0.7358121 0.2524463 0.6281797 -0.7358121 0.2524463 0.6281797 -0.7358121 0.2524463 0.6281797 0.3679061 0.9178079 -0.152642 0.3679061 0.9178079 -0.152642 0.3679061 0.9178079 -0.152642 0.3679061 0.9178079 -0.152642 0.3679061 0.9178079 -0.152642 0.3679061 0.9178079 -0.152642 -0.6203523 0.3209394 0.7142854 -0.6203523 0.3209394 0.7142854 -0.6203523 0.3209394 0.7142854 -0.6203523 0.3209394 0.7142854 -0.6203523 0.3209394 0.7142854 -0.6203523 0.3209394 0.7142854 0.1487277 -0.05088058 0.9882581 0.1487277 -0.05088058 0.9882581 0.1487277 -0.05088058 0.9882581 0.1487277 -0.05088058 0.9882581 0.1487277 -0.05088058 0.9882581 0.1487277 -0.05088058 0.9882581 0.1898236 -0.3131114 0.9295497 0.1898236 -0.3131114 0.9295497 0.1898236 -0.3131114 0.9295497 0.1898236 -0.3131114 0.9295497 0.1898236 -0.3131114 0.9295497 0.1898236 -0.3131114 0.9295497 -0.2485324 -0.09001943 0.9647747 -0.2485324 -0.09001943 0.9647747 -0.2485324 -0.09001943 0.9647747 -0.2485324 -0.09001943 0.9647747 -0.2485324 -0.09001943 0.9647747 -0.2485324 -0.09001943 0.9647747 -0.1956949 -0.09393334 0.9765164 -0.1956949 -0.09393334 0.9765164 -0.1956949 -0.09393334 0.9765164 -0.1956949 -0.09393334 0.9765164 -0.1956949 -0.09393334 0.9765164 -0.1956949 -0.09393334 0.9765164 -0.2074366 -0.0547944 0.9765164 -0.2074366 -0.0547944 0.9765164 -0.2074366 -0.0547944 0.9765164 -0.2074366 -0.0547944 0.9765164 -0.2074366 -0.0547944 0.9765164 -0.2074366 -0.0547944 0.9765164 -0.1115462 -0.105675 0.9882581 -0.1115462 -0.105675 0.9882581 -0.1115462 -0.105675 0.9882581 -0.1115462 -0.105675 0.9882581 -0.1115462 -0.105675 0.9882581 -0.1115462 -0.105675 0.9882581 0.1369861 -0.1428571 0.9804303 0.1369861 -0.1428571 0.9804303 0.1369861 -0.1428571 0.9804303 0.1369861 -0.1428571 0.9804303 0.1369861 -0.1428571 0.9804303 0.1369861 -0.1428571 0.9804303 0.5420741 0.1643834 0.8238746 0.5420741 0.1643834 0.8238746 0.5420741 0.1643834 0.8238746 0.5420741 0.1643834 0.8238746 0.5420741 0.1643834 0.8238746 0.5420741 0.1643834 0.8238746 0.4227005 0.8688843 0.2602738 0.4227005 0.8688843 0.2602738 0.4227005 0.8688843 0.2602738 0.4227005 0.8688843 0.2602738 0.4227005 0.8688843 0.2602738 0.4227005 0.8688843 0.2602738 -0.7455968 -0.1643833 0.6457924 -0.7455968 -0.1643833 0.6457924 -0.7455968 -0.1643833 0.6457924 -0.7455968 -0.1643833 0.6457924 -0.7455968 -0.1643833 0.6457924 -0.7455968 -0.1643833 0.6457924 0.02739704 -0.1624265 0.9863012 0.02739704 -0.1624265 0.9863012 0.02739704 -0.1624265 0.9863012 0.02739704 -0.1624265 0.9863012 0.02739704 -0.1624265 0.9863012 0.02739704 -0.1624265 0.9863012 0.1545986 0.005870867 0.9882581 0.1545986 0.005870867 0.9882581 0.1545986 0.005870867 0.9882581 0.1545986 0.005870867 0.9882581 0.1545986 0.005870867 0.9882581 0.1545986 0.005870867 0.9882581 -0.3874756 0.11546 0.9138941 -0.3874756 0.11546 0.9138941 -0.3874756 0.11546 0.9138941 -0.3874756 0.11546 0.9138941 -0.3874756 0.11546 0.9138941 -0.3874756 0.11546 0.9138941 0.01369842 0.08023487 0.9960859 0.01369842 0.08023487 0.9960859 0.01369842 0.08023487 0.9960859 0.01369842 0.08023487 0.9960859 0.01369842 0.08023487 0.9960859 0.01369842 0.08023487 0.9960859 0.05088042 0.1780822 0.9823872 0.05088042 0.1780822 0.9823872 0.05088042 0.1780822 0.9823872 0.05088042 0.1780822 0.9823872 0.05088042 0.1780822 0.9823872 0.05088042 0.1780822 0.9823872</float_array>
          <technique_common>
            <accessor source="#L01_010__mTreeOakLeaf-normal-array" count="832" stride="3">
              <param name="X" type="float" />
              <param name="Y" type="float" />
              <param name="Z" type="float" />
            </accessor>
          </technique_common>
        </source>
        <source id="L01_010__mTreeOakLeaf-color">
          <float_array id="L01_010__mTreeOakLeaf-color-array" count="3328">5.296875 12.19531 4.699219 1 5.296875 12.19531 4.699219 1 5.296875 12.19531 4.699219 1 5.296875 12.19531 4.699219 1 5.296875 12.19531 4.699219 1 5.296875 12.19531 4.699219 1 5.296875 12.19531 4.699219 1 5.296875 12.19531 4.699219 1 1 1 1 0.0009994507 1 1 1 0.0009994507 1 1 1 0.0009994507 1 1 1 0.0009994507 1 1 1 0.0009994507 1 1 1 0.0009994507 1 1 1 0.0009994507 1 1 1 0.0009994507 1 1 1 0.0009994507 1 1 1 0.0009994507 1 1 1 0.0009994507 1 1 1 0.0009994507 1 1 1 0.0009994507 1 1 1 0.0009994507 1 1 1 0.0009994507 1 1 1 0.0009994507 9 14.79688 1.899414 1 9 14.79688 1.899414 1 9 14.79688 1.899414 1 9 14.79688 1.899414 1 9 14.79688 1.899414 1 9 14.79688 1.899414 1 9 14.79688 1.899414 1 9 14.79688 1.899414 1 -2.699219 12.59375 4.199219 1 -2.699219 12.59375 4.199219 1 -2.699219 12.59375 4.199219 1 -2.699219 12.59375 4.199219 1 -2.699219 12.59375 4.199219 1 -2.699219 12.59375 4.199219 1 -2.699219 12.59375 4.199219 1 -2.699219 12.59375 4.199219 1 -7.597656 13.59375 3.599609 1 -7.597656 13.59375 3.599609 1 -7.597656 13.59375 3.599609 1 -7.597656 13.59375 3.599609 1 -7.597656 13.59375 3.599609 1 -7.597656 13.59375 3.599609 1 -7.597656 13.59375 3.599609 1 -7.597656 13.59375 3.599609 1 1 1 1 0.0009994507 1 1 1 0.0009994507 1 1 1 0.0009994507 1 1 1 0.0009994507 1 1 1 0.0009994507 1 1 1 0.0009994507 1 1 1 0.0009994507 1 1 1 0.0009994507 1 1 1 0.0009994507 1 1 1 0.0009994507 1 1 1 0.0009994507 1 1 1 0.0009994507 1 1 1 0.0009994507 1 1 1 0.0009994507 1 1 1 0.0009994507 1 1 1 0.0009994507 1 1 1 0.0009994507 1 1 1 0.0009994507 1 1 1 0.0009994507 1 1 1 0.0009994507 1 1 1 0.0009994507 1 1 1 0.0009994507 1 1 1 0.0009994507 1 1 1 0.0009994507 1 1 1 0.0009994507 1 1 1 0.0009994507 1 1 1 0.0009994507 1 1 1 0.0009994507 1 1 1 0.0009994507 1 1 1 0.0009994507 1 1 1 0.0009994507 1 1 1 0.0009994507 1 1 1 0.0009994507 1 1 1 0.0009994507 1 1 1 0.0009994507 1 1 1 0.0009994507 1 1 1 0.0009994507 1 1 1 0.0009994507 1 1 1 0.0009994507 1 1 1 0.0009994507 1 1 1 0.0009994507 1 1 1 0.0009994507 1 1 1 0.0009994507 1 1 1 0.0009994507 1 1 1 0.0009994507 1 1 1 0.0009994507 1 1 1 0.0009994507 1 1 1 0.0009994507 -1.799805 19.79688 1.5 1 -1.799805 19.79688 1.5 1 -1.799805 19.79688 1.5 1 -1.799805 19.79688 1.5 1 -1.799805 19.79688 1.5 1 -1.799805 19.79688 1.5 1 -1.799805 19.79688 1.5 1 -1.799805 19.79688 1.5 1 1 1 1 0.0009994507 1 1 1 0.0009994507 1 1 1 0.0009994507 1 1 1 0.0009994507 1 1 1 0.0009994507 1 1 1 0.0009994507 1 1 1 0.0009994507 1 1 1 0.0009994507 1 1 1 0.0009994507 1 1 1 0.0009994507 1 1 1 0.0009994507 1 1 1 0.0009994507 1 1 1 0.0009994507 1 1 1 0.0009994507 1 1 1 0.0009994507 1 1 1 0.0009994507 1 1 1 0.0009994507 1 1 1 0.0009994507 1 1 1 0.0009994507 1 1 1 0.0009994507 1 1 1 0.0009994507 1 1 1 0.0009994507 1 1 1 0.0009994507 1 1 1 0.0009994507 6.597656 10.29688 1.5 1 6.597656 10.29688 1.5 1 6.597656 10.29688 1.5 1 6.597656 10.29688 1.5 1 6.597656 10.29688 1.5 1 6.597656 10.29688 1.5 1 6.597656 10.29688 1.5 1 6.597656 10.29688 1.5 1 1 1 1 0.0009994507 1 1 1 0.0009994507 1 1 1 0.0009994507 1 1 1 0.0009994507 1 1 1 0.0009994507 1 1 1 0.0009994507 1 1 1 0.0009994507 1 1 1 0.0009994507 6.597656 11 3.199219 1 6.597656 11 3.199219 1 6.597656 11 3.199219 1 6.597656 11 3.199219 1 6.597656 11 3.199219 1 6.597656 11 3.199219 1 6.597656 11 3.199219 1 6.597656 11 3.199219 1 8.5 13 2.5 1 8.5 13 2.5 1 8.5 13 2.5 1 8.5 13 2.5 1 8.5 13 2.5 1 8.5 13 2.5 1 8.5 13 2.5 1 8.5 13 2.5 1 5.097656 9.898438 -1.399414 1 5.097656 9.898438 -1.399414 1 5.097656 9.898438 -1.399414 1 5.097656 9.898438 -1.399414 1 5.097656 9.898438 -1.399414 1 5.097656 9.898438 -1.399414 1 5.097656 9.898438 -1.399414 1 5.097656 9.898438 -1.399414 1 1 1 1 0.0009994507 1 1 1 0.0009994507 1 1 1 0.0009994507 1 1 1 0.0009994507 1 1 1 0.0009994507 1 1 1 0.0009994507 1 1 1 0.0009994507 1 1 1 0.0009994507 -6.699219 10.89844 -1.5 1 -6.699219 10.89844 -1.5 1 -6.699219 10.89844 -1.5 1 -6.699219 10.89844 -1.5 1 -6.699219 10.89844 -1.5 1 -6.699219 10.89844 -1.5 1 -6.699219 10.89844 -1.5 1 -6.699219 10.89844 -1.5 1 -5.398438 11.89844 4.097656 1 -5.398438 11.89844 4.097656 1 -5.398438 11.89844 4.097656 1 -5.398438 11.89844 4.097656 1 -5.398438 11.89844 4.097656 1 -5.398438 11.89844 4.097656 1 -5.398438 11.89844 4.097656 1 -5.398438 11.89844 4.097656 1 1 1 1 0.0009994507 1 1 1 0.0009994507 1 1 1 0.0009994507 1 1 1 0.0009994507 1 1 1 0.0009994507 1 1 1 0.0009994507 1 1 1 0.0009994507 1 1 1 0.0009994507 1 1 1 0.0009994507 1 1 1 0.0009994507 1 1 1 0.0009994507 1 1 1 0.0009994507 1 1 1 0.0009994507 1 1 1 0.0009994507 1 1 1 0.0009994507 1 1 1 0.0009994507 1 1 1 0.0009994507 1 1 1 0.0009994507 1 1 1 0.0009994507 1 1 1 0.0009994507 1 1 1 0.0009994507 1 1 1 0.0009994507 1 1 1 0.0009994507 1 1 1 0.0009994507 4.5 9.796875 0.5996094 1 4.5 9.796875 0.5996094 1 4.5 9.796875 0.5996094 1 4.5 9.796875 0.5996094 1 4.5 9.796875 0.5996094 1 4.5 9.796875 0.5996094 1 4.5 9.796875 0.5996094 1 4.5 9.796875 0.5996094 1 1 1 1 0.0009994507 1 1 1 0.0009994507 1 1 1 0.0009994507 1 1 1 0.0009994507 1 1 1 0.0009994507 1 1 1 0.0009994507 1 1 1 0.0009994507 1 1 1 0.0009994507 4.597656 18.1875 2.398438 1 4.597656 18.1875 2.398438 1 4.597656 18.1875 2.398438 1 4.597656 18.1875 2.398438 1 4.597656 18.1875 2.398438 1 4.597656 18.1875 2.398438 1 -4.796875 17 3.5 1 -4.796875 17 3.5 1 -4.796875 17 3.5 1 -4.796875 17 3.5 1 -4.796875 17 3.5 1 -4.796875 17 3.5 1 -4.398438 18.29688 1.299805 0.7998047 -4.398438 18.29688 1.299805 0.7998047 -4.398438 18.29688 1.299805 0.7998047 -4.398438 18.29688 1.299805 0.7998047 -4.398438 18.29688 1.299805 0.7998047 -4.398438 18.29688 1.299805 0.7998047 0.2998047 23.89063 0.699707 1 0.2998047 23.89063 0.699707 1 0.2998047 23.89063 0.699707 1 0.2998047 23.89063 0.699707 1 0.2998047 23.89063 0.699707 1 0.2998047 23.89063 0.699707 1 1.599609 16.1875 4.5 1 1.599609 16.1875 4.5 1 1.599609 16.1875 4.5 1 1.599609 16.1875 4.5 1 1.599609 16.1875 4.5 1 1.599609 16.1875 4.5 1 6.796875 15.5 4.398438 1 6.796875 15.5 4.398438 1 6.796875 15.5 4.398438 1 6.796875 15.5 4.398438 1 6.796875 15.5 4.398438 1 6.796875 15.5 4.398438 1 4.296875 17.1875 4 1 4.296875 17.1875 4 1 4.296875 17.1875 4 1 4.296875 17.1875 4 1 4.296875 17.1875 4 1 4.296875 17.1875 4 1 6.5 17 3.5 1 6.5 17 3.5 1 6.5 17 3.5 1 6.5 17 3.5 1 6.5 17 3.5 1 6.5 17 3.5 1 3.099609 18.1875 1.599609 0.5 3.099609 18.1875 1.599609 0.5 3.099609 18.1875 1.599609 0.5 3.099609 18.1875 1.599609 0.5 3.099609 18.1875 1.599609 0.5 3.099609 18.1875 1.599609 0.5 1 1 1 0.0009994507 1 1 1 0.0009994507 1 1 1 0.0009994507 1 1 1 0.0009994507 1 1 1 0.0009994507 1 1 1 0.0009994507 -2.298828 17.5 3 1 -2.298828 17.5 3 1 -2.298828 17.5 3 1 -2.298828 17.5 3 1 -2.298828 17.5 3 1 -2.298828 17.5 3 1 -6.097656 17.89063 1.599609 0.7998047 -6.097656 17.89063 1.599609 0.7998047 -6.097656 17.89063 1.599609 0.7998047 -6.097656 17.89063 1.599609 0.7998047 -6.097656 17.89063 1.599609 0.7998047 -6.097656 17.89063 1.599609 0.7998047 -6.398438 17.79688 -1.199219 0.7998047 -6.398438 17.79688 -1.199219 0.7998047 -6.398438 17.79688 -1.199219 0.7998047 -6.398438 17.79688 -1.199219 0.7998047 -6.398438 17.79688 -1.199219 0.7998047 -6.398438 17.79688 -1.199219 0.7998047 1 1 1 0.0009994507 1 1 1 0.0009994507 1 1 1 0.0009994507 1 1 1 0.0009994507 1 1 1 0.0009994507 1 1 1 0.0009994507 1 1 1 0.0009994507 1 1 1 0.0009994507 1 1 1 0.0009994507 1 1 1 0.0009994507 1 1 1 0.0009994507 1 1 1 0.0009994507 -1.699219 24.1875 -0.3999023 0.7998047 -1.699219 24.1875 -0.3999023 0.7998047 -1.699219 24.1875 -0.3999023 0.7998047 -1.699219 24.1875 -0.3999023 0.7998047 -1.699219 24.1875 -0.3999023 0.7998047 -1.699219 24.1875 -0.3999023 0.7998047 1.399414 24.79688 -0.5996094 1 1.399414 24.79688 -0.5996094 1 1.399414 24.79688 -0.5996094 1 1.399414 24.79688 -0.5996094 1 1.399414 24.79688 -0.5996094 1 1.399414 24.79688 -0.5996094 1 -0.09997559 25 -3 1 -0.09997559 25 -3 1 -0.09997559 25 -3 1 -0.09997559 25 -3 1 -0.09997559 25 -3 1 -0.09997559 25 -3 1 4.398438 15.5 5 1 4.398438 15.5 5 1 4.398438 15.5 5 1 4.398438 15.5 5 1 4.398438 15.5 5 1 4.398438 15.5 5 1 3.5 14.59375 5.296875 1 3.5 14.59375 5.296875 1 3.5 14.59375 5.296875 1 3.5 14.59375 5.296875 1 3.5 14.59375 5.296875 1 3.5 14.59375 5.296875 1 6.199219 14.5 5 1 6.199219 14.5 5 1 6.199219 14.5 5 1 6.199219 14.5 5 1 6.199219 14.5 5 1 6.199219 14.5 5 1 8.195313 15.19531 3.599609 1 8.195313 15.19531 3.599609 1 8.195313 15.19531 3.599609 1 8.195313 15.19531 3.599609 1 8.195313 15.19531 3.599609 1 8.195313 15.19531 3.599609 1 1 1 1 0.0009994507 1 1 1 0.0009994507 1 1 1 0.0009994507 1 1 1 0.0009994507 1 1 1 0.0009994507 1 1 1 0.0009994507 2 17.39063 2.599609 0.3999023 2 17.39063 2.599609 0.3999023 2 17.39063 2.599609 0.3999023 2 17.39063 2.599609 0.3999023 2 17.39063 2.599609 0.3999023 2 17.39063 2.599609 0.3999023 1 1 1 0.0009994507 1 1 1 0.0009994507 1 1 1 0.0009994507 1 1 1 0.0009994507 1 1 1 0.0009994507 1 1 1 0.0009994507 1 1 1 0.0009994507 1 1 1 0.0009994507 1 1 1 0.0009994507 1 1 1 0.0009994507 1 1 1 0.0009994507 1 1 1 0.0009994507 1 1 1 0.0009994507 1 1 1 0.0009994507 1 1 1 0.0009994507 1 1 1 0.0009994507 1 1 1 0.0009994507 1 1 1 0.0009994507 -7.296875 17.1875 1 0.7998047 -7.296875 17.1875 1 0.7998047 -7.296875 17.1875 1 0.7998047 -7.296875 17.1875 1 0.7998047 -7.296875 17.1875 1 0.7998047 -7.296875 17.1875 1 0.7998047 -6.796875 17.29688 -2.5 0.7998047 -6.796875 17.29688 -2.5 0.7998047 -6.796875 17.29688 -2.5 0.7998047 -6.796875 17.29688 -2.5 0.7998047 -6.796875 17.29688 -2.5 0.7998047 -6.796875 17.29688 -2.5 0.7998047 1 1 1 0.0009994507 1 1 1 0.0009994507 1 1 1 0.0009994507 1 1 1 0.0009994507 1 1 1 0.0009994507 1 1 1 0.0009994507 1 1 1 0.0009994507 1 1 1 0.0009994507 1 1 1 0.0009994507 1 1 1 0.0009994507 1 1 1 0.0009994507 1 1 1 0.0009994507 -6.398438 15.29688 4 1 -6.398438 15.29688 4 1 -6.398438 15.29688 4 1 -6.398438 15.29688 4 1 -6.398438 15.29688 4 1 -6.398438 15.29688 4 1 -3.5 15.59375 4.296875 0.7998047 -3.5 15.59375 4.296875 0.7998047 -3.5 15.59375 4.296875 0.7998047 -3.5 15.59375 4.296875 0.7998047 -3.5 15.59375 4.296875 0.7998047 -3.5 15.59375 4.296875 0.7998047 -1.5 22.6875 0.699707 1 -1.5 22.6875 0.699707 1 -1.5 22.6875 0.699707 1 -1.5 22.6875 0.699707 1 -1.5 22.6875 0.699707 1 -1.5 22.6875 0.699707 1 -3.898438 22.5 -1 0.7998047 -3.898438 22.5 -1 0.7998047 -3.898438 22.5 -1 0.7998047 -3.898438 22.5 -1 0.7998047 -3.898438 22.5 -1 0.7998047 -3.898438 22.5 -1 0.7998047 -2.898438 23.79688 -1.399414 0.699707 -2.898438 23.79688 -1.399414 0.699707 -2.898438 23.79688 -1.399414 0.699707 -2.898438 23.79688 -1.399414 0.699707 -2.898438 23.79688 -1.399414 0.699707 -2.898438 23.79688 -1.399414 0.699707 -1.199219 25 -3 1 -1.199219 25 -3 1 -1.199219 25 -3 1 -1.199219 25 -3 1 -1.199219 25 -3 1 -1.199219 25 -3 1 -0.1999512 25.29688 -2.5 0.7998047 -0.1999512 25.29688 -2.5 0.7998047 -0.1999512 25.29688 -2.5 0.7998047 -0.1999512 25.29688 -2.5 0.7998047 -0.1999512 25.29688 -2.5 0.7998047 -0.1999512 25.29688 -2.5 0.7998047 1.599609 25 -2.5 1 1.599609 25 -2.5 1 1.599609 25 -2.5 1 1.599609 25 -2.5 1 1.599609 25 -2.5 1 1.599609 25 -2.5 1 -0.3999023 24.59375 -3.398438 1 -0.3999023 24.59375 -3.398438 1 -0.3999023 24.59375 -3.398438 1 -0.3999023 24.59375 -3.398438 1 -0.3999023 24.59375 -3.398438 1 -0.3999023 24.59375 -3.398438 1 -2 24.09375 -3.199219 1 -2 24.09375 -3.199219 1 -2 24.09375 -3.199219 1 -2 24.09375 -3.199219 1 -2 24.09375 -3.199219 1 -2 24.09375 -3.199219 1 3.798828 23.39063 -0.699707 1 3.798828 23.39063 -0.699707 1 3.798828 23.39063 -0.699707 1 3.798828 23.39063 -0.699707 1 3.798828 23.39063 -0.699707 1 3.798828 23.39063 -0.699707 1 2.5 22.39063 1.399414 1 2.5 22.39063 1.399414 1 2.5 22.39063 1.399414 1 2.5 22.39063 1.399414 1 2.5 22.39063 1.399414 1 2.5 22.39063 1.399414 1 -5 18.1875 -1.299805 0.7998047 -5 18.1875 -1.299805 0.7998047 -5 18.1875 -1.299805 0.7998047 -5 18.1875 -1.299805 0.7998047 -5 18.1875 -1.299805 0.7998047 -5 18.1875 -1.299805 0.7998047 5.296875 13.19531 5.398438 1 5.296875 13.19531 5.398438 1 5.296875 13.19531 5.398438 1 5.296875 13.19531 5.398438 1 5.296875 13.19531 5.398438 1 5.296875 13.19531 5.398438 1 7.699219 16.79688 1.799805 0.7998047 7.699219 16.79688 1.799805 0.7998047 7.699219 16.79688 1.799805 0.7998047 1 1 1 0.0009994507 7.699219 16.79688 1.799805 0.7998047 7.699219 16.79688 1.799805 0.7998047 6.5 18 1.199219 0.7998047 6.5 18 1.199219 0.7998047 6.5 18 1.199219 0.7998047 6.5 18 1.199219 0.7998047 6.5 18 1.199219 0.7998047 6.5 18 1.199219 0.7998047 1 1 1 0.0009994507 1 1 1 0.0009994507 1 1 1 0.0009994507 1 1 1 0.0009994507 1 1 1 0.0009994507 1 1 1 0.0009994507 1 1 1 0.0009994507 1 1 1 0.0009994507 1 1 1 0.0009994507 1 1 1 0.0009994507 1 1 1 0.0009994507 1 1 1 0.0009994507 7.398438 13.39844 4.398438 1 7.398438 13.39844 4.398438 1 7.398438 13.39844 4.398438 1 7.398438 13.39844 4.398438 1 7.398438 13.39844 4.398438 1 7.398438 13.39844 4.398438 1 1 1 1 0.0009994507 1 1 1 0.0009994507 1 1 1 0.0009994507 1 1 1 0.0009994507 1 1 1 0.0009994507 1 1 1 0.0009994507 -2.199219 14.19531 4.199219 1 -2.199219 14.19531 4.199219 1 -2.199219 14.19531 4.199219 1 -2.199219 14.19531 4.199219 1 -2.199219 14.19531 4.199219 1 -2.199219 14.19531 4.199219 1 -7.699219 14.89844 3.199219 1 -7.699219 14.89844 3.199219 1 -7.699219 14.89844 3.199219 1 -7.699219 14.89844 3.199219 1 -7.699219 14.89844 3.199219 1 -7.699219 14.89844 3.199219 1 1 1 1 0.0009994507 1 1 1 0.0009994507 1 1 1 0.0009994507 1 1 1 0.0009994507 1 1 1 0.0009994507 1 1 1 0.0009994507 1 1 1 0.0009994507 1 1 1 0.0009994507 1 1 1 0.0009994507 1 1 1 0.0009994507 1 1 1 0.0009994507 1 1 1 0.0009994507 1 1 1 0.0009994507 1 1 1 0.0009994507 1 1 1 0.0009994507 1 1 1 0.0009994507 1 1 1 0.0009994507 1 1 1 0.0009994507 -4.398438 14.39844 4.699219 1 -4.398438 14.39844 4.699219 1 -4.398438 14.39844 4.699219 1 -4.398438 14.39844 4.699219 1 -4.398438 14.39844 4.699219 1 -4.398438 14.39844 4.699219 1 3.398438 21.59375 1 1 3.398438 21.59375 1 1 3.398438 21.59375 1 1 3.398438 21.59375 1 1 3.398438 21.59375 1 1 3.398438 21.59375 1 1 1 1 1 0.0009994507 1 1 1 0.0009994507 1 1 1 0.0009994507 1 1 1 0.0009994507 1 1 1 0.0009994507 1 1 1 0.0009994507 1 1 1 0.0009994507 1 1 1 0.0009994507 1 1 1 0.0009994507 1 1 1 0.0009994507 1 1 1 0.0009994507 1 1 1 0.0009994507 -0.7998047 21.1875 1.799805 1 -0.7998047 21.1875 1.799805 1 -0.7998047 21.1875 1.799805 1 -0.7998047 21.1875 1.799805 1 -0.7998047 21.1875 1.799805 1 -0.7998047 21.1875 1.799805 1 2.298828 20.59375 1.799805 1 2.298828 20.59375 1.799805 1 2.298828 20.59375 1.799805 1 2.298828 20.59375 1.799805 1 2.298828 20.59375 1.799805 1 2.298828 20.59375 1.799805 1 -8 16.29688 -1.199219 0.7998047 -8 16.29688 -1.199219 0.7998047 -8 16.29688 -1.199219 0.7998047 -8 16.29688 -1.199219 0.7998047 -8 16.29688 -1.199219 0.7998047 -8 16.29688 -1.199219 0.7998047 -4.398438 21.29688 -0.2998047 0.699707 -4.398438 21.29688 -0.2998047 0.699707 -4.398438 21.29688 -0.2998047 0.699707 -4.398438 21.29688 -0.2998047 0.699707 -4.398438 21.29688 -0.2998047 0.699707 -4.398438 21.29688 -0.2998047 0.699707 1 1 1 0.0009994507 1 1 1 0.0009994507 1 1 1 0.0009994507 1 1 1 0.0009994507 1 1 1 0.0009994507 1 1 1 0.0009994507 -1.699219 14.89844 4 1 -1.699219 14.89844 4 1 -1.699219 14.89844 4 1 -1.699219 14.89844 4 1 -1.699219 14.89844 4 1 -1.699219 14.89844 4 1 -8.09375 16.09375 1.299805 0.5996094 -8.09375 16.09375 1.299805 0.5996094 -8.09375 16.09375 1.299805 0.5996094 -8.09375 16.09375 1.299805 0.5996094 -8.09375 16.09375 1.299805 0.5996094 -8.09375 16.09375 1.299805 0.5996094 1 1 1 0.0009994507 1 1 1 0.0009994507 1 1 1 0.0009994507 1 1 1 0.0009994507 1 1 1 0.0009994507 1 1 1 0.0009994507 -6.296875 13.39844 4.597656 1 -6.296875 13.39844 4.597656 1 -6.296875 13.39844 4.597656 1 -6.296875 13.39844 4.597656 1 -6.296875 13.39844 4.597656 1 -6.296875 13.39844 4.597656 1 1 1 1 0.0009994507 1 1 1 0.0009994507 1 1 1 0.0009994507 1 1 1 0.0009994507 1 1 1 0.0009994507 1 1 1 0.0009994507 1 1 1 0.0009994507 1 1 1 0.0009994507 1 1 1 0.0009994507 1 1 1 0.0009994507 1 1 1 0.0009994507 1 1 1 0.0009994507 0 20.39063 1.899414 1 0 20.39063 1.899414 1 0 20.39063 1.899414 1 0 20.39063 1.899414 1 0 20.39063 1.899414 1 0 20.39063 1.899414 1 1 1 1 0.0009994507 1 1 1 0.0009994507 1 1 1 0.0009994507 1 1 1 0.0009994507 1 1 1 0.0009994507 1 1 1 0.0009994507 3.099609 24.1875 -2.398438 0.7998047 3.099609 24.1875 -2.398438 0.7998047 3.099609 24.1875 -2.398438 0.7998047 3.099609 24.1875 -2.398438 0.7998047 3.099609 24.1875 -2.398438 0.7998047 3.099609 24.1875 -2.398438 0.7998047 7.898438 12.09375 3 1 7.898438 12.09375 3 1 7.898438 12.09375 3 1 7.898438 12.09375 3 1 7.898438 12.09375 3 1 7.898438 12.09375 3 1 2.398438 13 5.199219 1 2.398438 13 5.199219 1 2.398438 13 5.199219 1 2.398438 13 5.199219 1 2.398438 13 5.199219 1 2.398438 13 5.199219 1 -4 12.69531 4.796875 1 -4 12.69531 4.796875 1 -4 12.69531 4.796875 1 -4 12.69531 4.796875 1 -4 12.69531 4.796875 1 -4 12.69531 4.796875 1 1 1 1 0.0009994507 1 1 1 0.0009994507 1 1 1 0.0009994507 1 1 1 0.0009994507 1 1 1 0.0009994507 1 1 1 0.0009994507 1 1 1 0.0009994507 1 1 1 0.0009994507 1 1 1 0.0009994507 1 1 1 0.0009994507 1 1 1 0.0009994507 1 1 1 0.0009994507 1 1 1 0.0009994507 1 1 1 0.0009994507 1 1 1 0.0009994507 1 1 1 0.0009994507 1 1 1 0.0009994507 1 1 1 0.0009994507 4.296875 20.59375 0.699707 0.3999023 4.296875 20.59375 0.699707 0.3999023 4.296875 20.59375 0.699707 0.3999023 4.296875 20.59375 0.699707 0.3999023 4.296875 20.59375 0.699707 0.3999023 4.296875 20.59375 0.699707 0.3999023 5.097656 21.6875 -1.5 0.5996094 5.097656 21.6875 -1.5 0.5996094 5.097656 21.6875 -1.5 0.5996094 5.097656 21.6875 -1.5 0.5996094 5.097656 21.6875 -1.5 0.5996094 5.097656 21.6875 -1.5 0.5996094 1 1 1 0.0009994507 1 1 1 0.0009994507 1 1 1 0.0009994507 1 1 1 0.0009994507 1 1 1 0.0009994507 1 1 1 0.0009994507 1 1 1 0.0009994507 1 1 1 0.0009994507 1 1 1 0.0009994507 1 1 1 0.0009994507 1 1 1 0.0009994507 1 1 1 0.0009994507 -3.798828 20.29688 0.5996094 0.7998047 -3.798828 20.29688 0.5996094 0.7998047 -3.798828 20.29688 0.5996094 0.7998047 -3.798828 20.29688 0.5996094 0.7998047 -3.798828 20.29688 0.5996094 0.7998047 -3.798828 20.29688 0.5996094 0.7998047 7.796875 11 -0.7998047 1 7.796875 11 -0.7998047 1 7.796875 11 -0.7998047 1 7.796875 11 -0.7998047 1 7.796875 11 -0.7998047 1 7.796875 11 -0.7998047 1 -4.898438 10 -2.699219 1 -4.898438 10 -2.699219 1 -4.898438 10 -2.699219 1 -4.898438 10 -2.699219 1 -4.898438 10 -2.699219 1 -4.898438 10 -2.699219 1 -7.5 12.59375 -0.2998047 1 -7.5 12.59375 -0.2998047 1 -7.5 12.59375 -0.2998047 1 -7.5 12.59375 -0.2998047 1 -7.5 12.59375 -0.2998047 1 -7.5 12.59375 -0.2998047 1 -6.398438 10.39844 0.3999023 1 -6.398438 10.39844 0.3999023 1 -6.398438 10.39844 0.3999023 1 -6.398438 10.39844 0.3999023 1 -6.398438 10.39844 0.3999023 1 -6.398438 10.39844 0.3999023 1 -5.597656 10.59375 3.599609 1 -5.597656 10.59375 3.599609 1 -5.597656 10.59375 3.599609 1 -5.597656 10.59375 3.599609 1 -5.597656 10.59375 3.599609 1 -5.597656 10.59375 3.599609 1 -4.5 10 -0.09997559 1 -4.5 10 -0.09997559 1 -4.5 10 -0.09997559 1 -4.5 10 -0.09997559 1 -4.5 10 -0.09997559 1 -4.5 10 -0.09997559 1 -2.798828 9.898438 -2.5 1 -2.798828 9.898438 -2.5 1 -2.798828 9.898438 -2.5 1 -2.798828 9.898438 -2.5 1 -2.798828 9.898438 -2.5 1 -2.798828 9.898438 -2.5 1 -1.399414 12.09375 3.5 1 -1.399414 12.09375 3.5 1 -1.399414 12.09375 3.5 1 -1.399414 12.09375 3.5 1 -1.399414 12.09375 3.5 1 -1.399414 12.09375 3.5 1 1 1 1 0.0009994507 1 1 1 0.0009994507 1 1 1 0.0009994507 1 1 1 0.0009994507 1 1 1 0.0009994507 1 1 1 0.0009994507 1 1 1 0.0009994507 1 1 1 0.0009994507 1 1 1 0.0009994507 1 1 1 0.0009994507 1 1 1 0.0009994507 1 1 1 0.0009994507 -4.5 10.39844 3.099609 1 -4.5 10.39844 3.099609 1 -4.5 10.39844 3.099609 1 -4.5 10.39844 3.099609 1 -4.5 10.39844 3.099609 1 -4.5 10.39844 3.099609 1 -3.099609 11.29688 3.798828 1 -3.099609 11.29688 3.798828 1 -3.099609 11.29688 3.798828 1 -3.099609 11.29688 3.798828 1 -3.099609 11.29688 3.798828 1 -3.099609 11.29688 3.798828 1 -7.296875 11.79688 3.898438 1 -7.296875 11.79688 3.898438 1 -7.296875 11.79688 3.898438 1 -7.296875 11.79688 3.898438 1 -7.296875 11.79688 3.898438 1 -7.296875 11.79688 3.898438 1 1 1 1 0.0009994507 1 1 1 0.0009994507 1 1 1 0.0009994507 1 1 1 0.0009994507 1 1 1 0.0009994507 1 1 1 0.0009994507 3.699219 11.09375 4.296875 1 3.699219 11.09375 4.296875 1 3.699219 11.09375 4.296875 1 3.699219 11.09375 4.296875 1 3.699219 11.09375 4.296875 1 3.699219 11.09375 4.296875 1</float_array>
          <technique_common>
            <accessor source="#L01_010__mTreeOakLeaf-color-array" count="832" stride="4">
              <param name="R" type="float" />
              <param name="G" type="float" />
              <param name="B" type="float" />
              <param name="A" type="float" />
            </accessor>
          </technique_common>
        </source>
        <source id="L01_010__mTreeOakLeaf-texcoord">
          <float_array id="L01_010__mTreeOakLeaf-texcoord-array" count="1664">0.8388672 0.3554688 0.8388672 0.6557617 0.6640625 0.4609375 0.6845703 0.625 0.9775391 0.6257324 0.8388672 0.6557617 0.9985352 0.4619141 0.8388672 0.3554688 0.8388672 0.3554688 0.8388672 0.6557617 0.6640625 0.4609375 0.6845703 0.625 0.9775391 0.6257324 0.8388672 0.6557617 0.9985352 0.4619141 0.8388672 0.3554688 0.8388672 0.3554688 0.8388672 0.6557617 0.6640625 0.4609375 0.6845703 0.625 0.9775391 0.6257324 0.8388672 0.6557617 0.9985352 0.4619141 0.8388672 0.3554688 0.8388672 0.3554688 0.8388672 0.6557617 0.6640625 0.4609375 0.6845703 0.625 0.9775391 0.6257324 0.8388672 0.6557617 0.9985352 0.4619141 0.8388672 0.3554688 0.8388672 0.3554688 0.8388672 0.6557617 0.6640625 0.4609375 0.6845703 0.625 0.9775391 0.6257324 0.8388672 0.6557617 0.9985352 0.4619141 0.8388672 0.3554688 0.8388672 0.3554688 0.8388672 0.6557617 0.6640625 0.4609375 0.6845703 0.625 0.9775391 0.6257324 0.8388672 0.6557617 0.9985352 0.4619141 0.8388672 0.3554688 0.8388672 0.3554688 0.8388672 0.6557617 0.6640625 0.4609375 0.6845703 0.625 0.9775391 0.6257324 0.8388672 0.6557617 0.9985352 0.4619141 0.8388672 0.3554688 0.8388672 0.3554688 0.8388672 0.6557617 0.6640625 0.4609375 0.6845703 0.625 0.9775391 0.6257324 0.8388672 0.6557617 0.9985352 0.4619141 0.8388672 0.3554688 0.8388672 0.3554688 0.8388672 0.6557617 0.6640625 0.4609375 0.6845703 0.625 0.9775391 0.6257324 0.8388672 0.6557617 0.9985352 0.4619141 0.8388672 0.3554688 0.8388672 0.3554688 0.8388672 0.6557617 0.6640625 0.4609375 0.6845703 0.625 0.9775391 0.6257324 0.8388672 0.6557617 0.9985352 0.4619141 0.8388672 0.3554688 0.8388672 0.3554688 0.8388672 0.6557617 0.6640625 0.4609375 0.6845703 0.625 0.9775391 0.6257324 0.8388672 0.6557617 0.9985352 0.4619141 0.8388672 0.3554688 0.8388672 0.3554688 0.8388672 0.6557617 0.6640625 0.4609375 0.6845703 0.625 0.9775391 0.6257324 0.8388672 0.6557617 0.9985352 0.4619141 0.8388672 0.3554688 0.8388672 0.3554688 0.8388672 0.6557617 0.6640625 0.4609375 0.6845703 0.625 0.9775391 0.6257324 0.8388672 0.6557617 0.9985352 0.4619141 0.8388672 0.3554688 0.8388672 0.3554688 0.8388672 0.6557617 0.6640625 0.4609375 0.6845703 0.625 0.9775391 0.6257324 0.8388672 0.6557617 0.9985352 0.4619141 0.8388672 0.3554688 0.8388672 0.3554688 0.8388672 0.6557617 0.6640625 0.4609375 0.6845703 0.625 0.9775391 0.6257324 0.8388672 0.6557617 0.9985352 0.4619141 0.8388672 0.3554688 0.8388672 0.3554688 0.8388672 0.6557617 0.6640625 0.4609375 0.6845703 0.625 0.9775391 0.6257324 0.8388672 0.6557617 0.9985352 0.4619141 0.8388672 0.3554688 0.8388672 0.009277344 0.8388672 0.3095703 0.6650391 0.1147461 0.6860352 0.2788086 0.980957 0.2797852 0.8388672 0.3095703 1.000977 0.1157227 0.8388672 0.009277344 0.8388672 0.009277344 0.8388672 0.3095703 0.6650391 0.1147461 0.6860352 0.2788086 0.980957 0.2797852 0.8388672 0.3095703 1.000977 0.1157227 0.8388672 0.009277344 0.8388672 0.009277344 0.8388672 0.3095703 0.6650391 0.1147461 0.6860352 0.2788086 0.980957 0.2797852 0.8388672 0.3095703 1.000977 0.1157227 0.8388672 0.009277344 0.8388672 0.009277344 0.8388672 0.3095703 0.6650391 0.1147461 0.6860352 0.2788086 0.980957 0.2797852 0.8388672 0.3095703 1.000977 0.1157227 0.8388672 0.009277344 0.8388672 0.009277344 0.8388672 0.3095703 0.6650391 0.1147461 0.6860352 0.2788086 0.980957 0.2797852 0.8388672 0.3095703 1.000977 0.1157227 0.8388672 0.009277344 0.8388672 0.009277344 0.8388672 0.3095703 0.6650391 0.1147461 0.6860352 0.2788086 0.980957 0.2797852 0.8388672 0.3095703 1.000977 0.1157227 0.8388672 0.009277344 0.8388672 0.009277344 0.8388672 0.3095703 0.6650391 0.1147461 0.6860352 0.2788086 0.980957 0.2797852 0.8388672 0.3095703 1.000977 0.1157227 0.8388672 0.009277344 0.8388672 0.009277344 0.8388672 0.3095703 0.6650391 0.1147461 0.6860352 0.2788086 0.980957 0.2797852 0.8388672 0.3095703 1.000977 0.1157227 0.8388672 0.009277344 0.8388672 0.009277344 0.8388672 0.3095703 0.6650391 0.1147461 0.6860352 0.2788086 0.980957 0.2797852 0.8388672 0.3095703 1.000977 0.1157227 0.8388672 0.009277344 0.8388672 0.009277344 0.8388672 0.3095703 0.6650391 0.1147461 0.6860352 0.2788086 0.980957 0.2797852 0.8388672 0.3095703 1.000977 0.1157227 0.8388672 0.009277344 0.8388672 0.009277344 0.8388672 0.3095703 0.6650391 0.1147461 0.6860352 0.2788086 0.980957 0.2797852 0.8388672 0.3095703 1.000977 0.1157227 0.8388672 0.009277344 0.8388672 0.009277344 0.8388672 0.3095703 0.6650391 0.1147461 0.6860352 0.2788086 0.980957 0.2797852 0.8388672 0.3095703 1.000977 0.1157227 0.8388672 0.009277344 0.8388672 0.009277344 0.8388672 0.3095703 0.6650391 0.1147461 0.6860352 0.2788086 0.980957 0.2797852 0.8388672 0.3095703 1.000977 0.1157227 0.8388672 0.009277344 0.1706543 0.9875488 0.03341675 0.9568787 0.01262665 0.7983398 0.1706543 0.6928711 0.3286133 0.7991943 0.3078613 0.9577026 0.1706543 0.9875488 0.03341675 0.9568787 0.01262665 0.7983398 0.1706543 0.6928711 0.3286133 0.7991943 0.3078613 0.9577026 0.1706543 0.9875488 0.03341675 0.9568787 0.01262665 0.7983398 0.1706543 0.6928711 0.3286133 0.7991943 0.3078613 0.9577026 0.1706543 0.9875488 0.03341675 0.9568787 0.01262665 0.7983398 0.1706543 0.6928711 0.3286133 0.7991943 0.3078613 0.9577026 0.1706543 0.9875488 0.03341675 0.9568787 0.01262665 0.7983398 0.1706543 0.6928711 0.3286133 0.7991943 0.3078613 0.9577026 0.1706543 0.9875488 0.03341675 0.9568787 0.01262665 0.7983398 0.1706543 0.6928711 0.3286133 0.7991943 0.3078613 0.9577026 0.5043945 0.9928436 0.3669434 0.9621582 0.3461914 0.8035889 0.5043945 0.6982422 0.6621094 0.8045654 0.6416016 0.9630127 0.5043945 0.9928436 0.3669434 0.9621582 0.3461914 0.8035889 0.5043945 0.6982422 0.6621094 0.8045654 0.6416016 0.9630127 0.5043945 0.9928436 0.3669434 0.9621582 0.3461914 0.8035889 0.5043945 0.6982422 0.6621094 0.8045654 0.6416016 0.9630127 0.5043945 0.9928436 0.3669434 0.9621582 0.3461914 0.8035889 0.5043945 0.6982422 0.6621094 0.8045654 0.6416016 0.9630127 0.5043945 0.9928436 0.3669434 0.9621582 0.3461914 0.8035889 0.5043945 0.6982422 0.6621094 0.8045654 0.6416016 0.9630127 0.5043945 0.9928436 0.3669434 0.9621582 0.3461914 0.8035889 0.5043945 0.6982422 0.6621094 0.8045654 0.6416016 0.9630127 0.5043945 0.9928436 0.3669434 0.9621582 0.3461914 0.8035889 0.5043945 0.6982422 0.6621094 0.8045654 0.6416016 0.9630127 0.5043945 0.9928436 0.3669434 0.9621582 0.3461914 0.8035889 0.5043945 0.6982422 0.6621094 0.8045654 0.6416016 0.9630127 0.5043945 0.9928436 0.3669434 0.9621582 0.3461914 0.8035889 0.5043945 0.6982422 0.6621094 0.8045654 0.6416016 0.9630127 0.5043945 0.9928436 0.3669434 0.9621582 0.3461914 0.8035889 0.5043945 0.6982422 0.6621094 0.8045654 0.6416016 0.9630127 0.5043945 0.9928436 0.3669434 0.9621582 0.3461914 0.8035889 0.5043945 0.6982422 0.6621094 0.8045654 0.6416016 0.9630127 0.5043945 0.9928436 0.3669434 0.9621582 0.3461914 0.8035889 0.5043945 0.6982422 0.6621094 0.8045654 0.6416016 0.9630127 0.8393555 0.9917374 0.6933594 0.9610596 0.6723633 0.8024902 0.8393555 0.6970215 0.9985352 0.8034668 0.9775391 0.9619141 0.8393555 0.9917374 0.6933594 0.9610596 0.6723633 0.8024902 0.8393555 0.6970215 0.9985352 0.8034668 0.9775391 0.9619141 0.8393555 0.9917374 0.6933594 0.9610596 0.6723633 0.8024902 0.8393555 0.6970215 0.9985352 0.8034668 0.9775391 0.9619141 0.8393555 0.9917374 0.6933594 0.9610596 0.6723633 0.8024902 0.8393555 0.6970215 0.9985352 0.8034668 0.9775391 0.9619141 0.8393555 0.9917374 0.6933594 0.9610596 0.6723633 0.8024902 0.8393555 0.6970215 0.9985352 0.8034668 0.9775391 0.9619141 0.8393555 0.9917374 0.6933594 0.9610596 0.6723633 0.8024902 0.8393555 0.6970215 0.9985352 0.8034668 0.9775391 0.9619141 0.8393555 0.9917374 0.6933594 0.9610596 0.6723633 0.8024902 0.8393555 0.6970215 0.9985352 0.8034668 0.9775391 0.9619141 0.8393555 0.9917374 0.6933594 0.9610596 0.6723633 0.8024902 0.8393555 0.6970215 0.9985352 0.8034668 0.9775391 0.9619141 0.8393555 0.9917374 0.6933594 0.9610596 0.6723633 0.8024902 0.8393555 0.6970215 0.9985352 0.8034668 0.9775391 0.9619141 0.8393555 0.9917374 0.6933594 0.9610596 0.6723633 0.8024902 0.8393555 0.6970215 0.9985352 0.8034668 0.9775391 0.9619141 0.8393555 0.9917374 0.6933594 0.9610596 0.6723633 0.8024902 0.8393555 0.6970215 0.9985352 0.8034668 0.9775391 0.9619141 0.8393555 0.9917374 0.6933594 0.9610596 0.6723633 0.8024902 0.8393555 0.6970215 0.9985352 0.8034668 0.9775391 0.9619141 0.8393555 0.9917374 0.6933594 0.9610596 0.6723633 0.8024902 0.8393555 0.6970215 0.9985352 0.8034668 0.9775391 0.9619141 0.8393555 0.9917374 0.6933594 0.9610596 0.6723633 0.8024902 0.8393555 0.6970215 0.9985352 0.8034668 0.9775391 0.9619141 0.8393555 0.9917374 0.6933594 0.9610596 0.6723633 0.8024902 0.8393555 0.6970215 0.9985352 0.8034668 0.9775391 0.9619141 0.8393555 0.9917374 0.6933594 0.9610596 0.6723633 0.8024902 0.8393555 0.6970215 0.9985352 0.8034668 0.9775391 0.9619141 0.8393555 0.9917374 0.6933594 0.9610596 0.6723633 0.8024902 0.8393555 0.6970215 0.9985352 0.8034668 0.9775391 0.9619141 0.8393555 0.9917374 0.6933594 0.9610596 0.6723633 0.8024902 0.8393555 0.6970215 0.9985352 0.8034668 0.9775391 0.9619141 0.8393555 0.9917374 0.6933594 0.9610596 0.6723633 0.8024902 0.8393555 0.6970215 0.9985352 0.8034668 0.9775391 0.9619141 0.8393555 0.9917374 0.6933594 0.9610596 0.6723633 0.8024902 0.8393555 0.6970215 0.9985352 0.8034668 0.9775391 0.9619141 0.8393555 0.9917374 0.6933594 0.9610596 0.6723633 0.8024902 0.8393555 0.6970215 0.9985352 0.8034668 0.9775391 0.9619141 0.8393555 0.9917374 0.6933594 0.9610596 0.6723633 0.8024902 0.8393555 0.6970215 0.9985352 0.8034668 0.9775391 0.9619141 0.8393555 0.9917374 0.6933594 0.9610596 0.6723633 0.8024902 0.8393555 0.6970215 0.9985352 0.8034668 0.9775391 0.9619141 0.8393555 0.9917374 0.6933594 0.9610596 0.6723633 0.8024902 0.8393555 0.6970215 0.9985352 0.8034668 0.9775391 0.9619141 0.8393555 0.9917374 0.6933594 0.9610596 0.6723633 0.8024902 0.8393555 0.6970215 0.9985352 0.8034668 0.9775391 0.9619141 0.8393555 0.9917374 0.6933594 0.9610596 0.6723633 0.8024902 0.8393555 0.6970215 0.9985352 0.8034668 0.9775391 0.9619141 0.1706543 0.6560059 0.02601624 0.6252441 0.004096985 0.4667969 0.1706543 0.3613281 0.3371582 0.4677734 0.3151855 0.6262207 0.1706543 0.6560059 0.02601624 0.6252441 0.004096985 0.4667969 0.1706543 0.3613281 0.3371582 0.4677734 0.3151855 0.6262207 0.1706543 0.6560059 0.02601624 0.6252441 0.004096985 0.4667969 0.1706543 0.3613281 0.3371582 0.4677734 0.3151855 0.6262207 0.1706543 0.6560059 0.02601624 0.6252441 0.004096985 0.4667969 0.1706543 0.3613281 0.3371582 0.4677734 0.3151855 0.6262207 0.1706543 0.6560059 0.02601624 0.6252441 0.004096985 0.4667969 0.1706543 0.3613281 0.3371582 0.4677734 0.3151855 0.6262207 0.1706543 0.6560059 0.02601624 0.6252441 0.004096985 0.4667969 0.1706543 0.3613281 0.3371582 0.4677734 0.3151855 0.6262207 0.1706543 0.6560059 0.02601624 0.6252441 0.004096985 0.4667969 0.1706543 0.3613281 0.3371582 0.4677734 0.3151855 0.6262207 0.1706543 0.6560059 0.02601624 0.6252441 0.004096985 0.4667969 0.1706543 0.3613281 0.3371582 0.4677734 0.3151855 0.6262207 0.1706543 0.6560059 0.02601624 0.6252441 0.004096985 0.4667969 0.1706543 0.3613281 0.3371582 0.4677734 0.3151855 0.6262207 0.1706543 0.6560059 0.02601624 0.6252441 0.004096985 0.4667969 0.1706543 0.3613281 0.3371582 0.4677734 0.3151855 0.6262207 0.1706543 0.6560059 0.02601624 0.6252441 0.004096985 0.4667969 0.1706543 0.3613281 0.3371582 0.4677734 0.3151855 0.6262207 0.1706543 0.6560059 0.02601624 0.6252441 0.004096985 0.4667969 0.1706543 0.3613281 0.3371582 0.4677734 0.3151855 0.6262207 0.1706543 0.6560059 0.02601624 0.6252441 0.004096985 0.4667969 0.1706543 0.3613281 0.3371582 0.4677734 0.3151855 0.6262207 0.1706543 0.6560059 0.02601624 0.6252441 0.004096985 0.4667969 0.1706543 0.3613281 0.3371582 0.4677734 0.3151855 0.6262207 0.1706543 0.6560059 0.02601624 0.6252441 0.004096985 0.4667969 0.1706543 0.3613281 0.3371582 0.4677734 0.3151855 0.6262207 0.1706543 0.6560059 0.02601624 0.6252441 0.004096985 0.4667969 0.1706543 0.3613281 0.3371582 0.4677734 0.3151855 0.6262207 0.1706543 0.6560059 0.02601624 0.6252441 0.004096985 0.4667969 0.1706543 0.3613281 0.3371582 0.4677734 0.3151855 0.6262207 0.1706543 0.6560059 0.02601624 0.6252441 0.004096985 0.4667969 0.1706543 0.3613281 0.3371582 0.4677734 0.3151855 0.6262207 0.1706543 0.6560059 0.02601624 0.6252441 0.004096985 0.4667969 0.1706543 0.3613281 0.3371582 0.4677734 0.3151855 0.6262207 0.1706543 0.6560059 0.02601624 0.6252441 0.004096985 0.4667969 0.1706543 0.3613281 0.3371582 0.4677734 0.3151855 0.6262207 0.5029297 0.6486816 0.3564453 0.6179199 0.3344727 0.4594727 0.5029297 0.3540039 0.6674805 0.4604492 0.6459961 0.6188965 0.5029297 0.6486816 0.3564453 0.6179199 0.3344727 0.4594727 0.5029297 0.3540039 0.6674805 0.4604492 0.6459961 0.6188965 0.5029297 0.6486816 0.3564453 0.6179199 0.3344727 0.4594727 0.5029297 0.3540039 0.6674805 0.4604492 0.6459961 0.6188965 0.5029297 0.6486816 0.3564453 0.6179199 0.3344727 0.4594727 0.5029297 0.3540039 0.6674805 0.4604492 0.6459961 0.6188965 0.5029297 0.6486816 0.3564453 0.6179199 0.3344727 0.4594727 0.5029297 0.3540039 0.6674805 0.4604492 0.6459961 0.6188965 0.5029297 0.6486816 0.3564453 0.6179199 0.3344727 0.4594727 0.5029297 0.3540039 0.6674805 0.4604492 0.6459961 0.6188965 0.5029297 0.6486816 0.3564453 0.6179199 0.3344727 0.4594727 0.5029297 0.3540039 0.6674805 0.4604492 0.6459961 0.6188965 0.5029297 0.6486816 0.3564453 0.6179199 0.3344727 0.4594727 0.5029297 0.3540039 0.6674805 0.4604492 0.6459961 0.6188965 0.5029297 0.6486816 0.3564453 0.6179199 0.3344727 0.4594727 0.5029297 0.3540039 0.6674805 0.4604492 0.6459961 0.6188965 0.5029297 0.6486816 0.3564453 0.6179199 0.3344727 0.4594727 0.5029297 0.3540039 0.6674805 0.4604492 0.6459961 0.6188965 0.1706543 0.3076172 0.02142334 0.2768555 -0.0004963875 0.1181641 0.1706543 0.01269531 0.3371582 0.1191406 0.3151855 0.277832 0.1706543 0.3076172 0.02142334 0.2768555 -0.0004963875 0.1181641 0.1706543 0.01269531 0.3371582 0.1191406 0.3151855 0.277832 0.1706543 0.3076172 0.02142334 0.2768555 -0.0004963875 0.1181641 0.1706543 0.01269531 0.3371582 0.1191406 0.3151855 0.277832 0.1706543 0.3076172 0.02142334 0.2768555 -0.0004963875 0.1181641 0.1706543 0.01269531 0.3371582 0.1191406 0.3151855 0.277832 0.1706543 0.3076172 0.02142334 0.2768555 -0.0004963875 0.1181641 0.1706543 0.01269531 0.3371582 0.1191406 0.3151855 0.277832 0.1706543 0.3076172 0.02142334 0.2768555 -0.0004963875 0.1181641 0.1706543 0.01269531 0.3371582 0.1191406 0.3151855 0.277832 0.1706543 0.3076172 0.02142334 0.2768555 -0.0004963875 0.1181641 0.1706543 0.01269531 0.3371582 0.1191406 0.3151855 0.277832 0.1706543 0.3076172 0.02142334 0.2768555 -0.0004963875 0.1181641 0.1706543 0.01269531 0.3371582 0.1191406 0.3151855 0.277832 0.1706543 0.3076172 0.02142334 0.2768555 -0.0004963875 0.1181641 0.1706543 0.01269531 0.3371582 0.1191406 0.3151855 0.277832 0.1706543 0.3076172 0.02142334 0.2768555 -0.0004963875 0.1181641 0.1706543 0.01269531 0.3371582 0.1191406 0.3151855 0.277832 0.1706543 0.3076172 0.02142334 0.2768555 -0.0004963875 0.1181641 0.1706543 0.01269531 0.3371582 0.1191406 0.3151855 0.277832 0.503418 0.3076172 0.3544922 0.2763672 0.3322754 0.1157227 0.503418 0.008789063 0.6713867 0.1166992 0.6489258 0.2773438 0.503418 0.3076172 0.3544922 0.2763672 0.3322754 0.1157227 0.503418 0.008789063 0.6713867 0.1166992 0.6489258 0.2773438 0.503418 0.3076172 0.3544922 0.2763672 0.3322754 0.1157227 0.503418 0.008789063 0.6713867 0.1166992 0.6489258 0.2773438 0.503418 0.3076172 0.3544922 0.2763672 0.3322754 0.1157227 0.503418 0.008789063 0.6713867 0.1166992 0.6489258 0.2773438 0.503418 0.3076172 0.3544922 0.2763672 0.3322754 0.1157227 0.503418 0.008789063 0.6713867 0.1166992 0.6489258 0.2773438 0.503418 0.3076172 0.3544922 0.2763672 0.3322754 0.1157227 0.503418 0.008789063 0.6713867 0.1166992 0.6489258 0.2773438 0.503418 0.3076172 0.3544922 0.2763672 0.3322754 0.1157227 0.503418 0.008789063 0.6713867 0.1166992 0.6489258 0.2773438 0.503418 0.3076172 0.3544922 0.2763672 0.3322754 0.1157227 0.503418 0.008789063 0.6713867 0.1166992 0.6489258 0.2773438 0.503418 0.3076172 0.3544922 0.2763672 0.3322754 0.1157227 0.503418 0.008789063 0.6713867 0.1166992 0.6489258 0.2773438 0.503418 0.3076172 0.3544922 0.2763672 0.3322754 0.1157227 0.503418 0.008789063 0.6713867 0.1166992 0.6489258 0.2773438 0.503418 0.3076172 0.3544922 0.2763672 0.3322754 0.1157227 0.503418 0.008789063 0.6713867 0.1166992 0.6489258 0.2773438 0.503418 0.3076172 0.3544922 0.2763672 0.3322754 0.1157227 0.503418 0.008789063 0.6713867 0.1166992 0.6489258 0.2773438 0.503418 0.3076172 0.3544922 0.2763672 0.3322754 0.1157227 0.503418 0.008789063 0.6713867 0.1166992 0.6489258 0.2773438 0.503418 0.3076172 0.3544922 0.2763672 0.3322754 0.1157227 0.503418 0.008789063 0.6713867 0.1166992 0.6489258 0.2773438 0.503418 0.3076172 0.3544922 0.2763672 0.3322754 0.1157227 0.503418 0.008789063 0.6713867 0.1166992 0.6489258 0.2773438</float_array>
          <technique_common>
            <accessor source="#L01_010__mTreeOakLeaf-texcoord-array" count="832" stride="2">
              <param name="S" type="float" />
              <param name="T" type="float" />
            </accessor>
          </technique_common>
        </source>
        <source id="L01_010__mTreeOakLeaf-texcoord_1">
          <float_array id="L01_010__mTreeOakLeaf-texcoord-array_1" count="1664">0.02389563 0.001998961 0.02389563 0.07612723 0.001968414 0.02673382 0.003295949 0.07098496 0.04451057 0.07098496 0.02389563 0.07612723 0.0458381 0.02673382 0.02389563 0.001998961 0.02389563 0.001998961 0.02389563 0.07612723 0.001968414 0.02673382 0.003295949 0.07098496 0.04451057 0.07098496 0.02389563 0.07612723 0.0458381 0.02673382 0.02389563 0.001998961 0.02389563 0.001998961 0.02389563 0.07612723 0.001968414 0.02673382 0.003295949 0.07098496 0.04451057 0.07098496 0.02389563 0.07612723 0.0458381 0.02673382 0.02389563 0.001998961 0.02389563 0.001998961 0.02389563 0.07612723 0.001968414 0.02673382 0.003295949 0.07098496 0.04451057 0.07098496 0.02389563 0.07612723 0.0458381 0.02673382 0.02389563 0.001998961 0.02389563 0.001998961 0.02389563 0.07612723 0.001968414 0.02673382 0.003295949 0.07098496 0.04451057 0.07098496 0.02389563 0.07612723 0.0458381 0.02673382 0.02389563 0.001998961 0.02389563 0.001998961 0.02389563 0.07612723 0.001968414 0.02673382 0.003295949 0.07098496 0.04451057 0.07098496 0.02389563 0.07612723 0.0458381 0.02673382 0.02389563 0.001998961 0.02389563 0.001998961 0.02389563 0.07612723 0.001968414 0.02673382 0.003295949 0.07098496 0.04451057 0.07098496 0.02389563 0.07612723 0.0458381 0.02673382 0.02389563 0.001998961 0.02389563 0.001998961 0.02389563 0.07612723 0.001968414 0.02673382 0.003295949 0.07098496 0.04451057 0.07098496 0.02389563 0.07612723 0.0458381 0.02673382 0.02389563 0.001998961 0.02389563 0.001998961 0.02389563 0.07612723 0.001968414 0.02673382 0.003295949 0.07098496 0.04451057 0.07098496 0.02389563 0.07612723 0.0458381 0.02673382 0.02389563 0.001998961 0.02389563 0.001998961 0.02389563 0.07612723 0.001968414 0.02673382 0.003295949 0.07098496 0.04451057 0.07098496 0.02389563 0.07612723 0.0458381 0.02673382 0.02389563 0.001998961 0.02389563 0.001998961 0.02389563 0.07612723 0.001968414 0.02673382 0.003295949 0.07098496 0.04451057 0.07098496 0.02389563 0.07612723 0.0458381 0.02673382 0.02389563 0.001998961 0.02389563 0.001998961 0.02389563 0.07612723 0.001968414 0.02673382 0.003295949 0.07098496 0.04451057 0.07098496 0.02389563 0.07612723 0.0458381 0.02673382 0.02389563 0.001998961 0.02389563 0.001998961 0.02389563 0.07612723 0.001968414 0.02673382 0.003295949 0.07098496 0.04451057 0.07098496 0.02389563 0.07612723 0.0458381 0.02673382 0.02389563 0.001998961 0.02389563 0.001998961 0.02389563 0.07612723 0.001968414 0.02673382 0.003295949 0.07098496 0.04451057 0.07098496 0.02389563 0.07612723 0.0458381 0.02673382 0.02389563 0.001998961 0.02389563 0.001998961 0.02389563 0.07612723 0.001968414 0.02673382 0.003295949 0.07098496 0.04451057 0.07098496 0.02389563 0.07612723 0.0458381 0.02673382 0.02389563 0.001998961 0.02389563 0.001998961 0.02389563 0.07612723 0.001968414 0.02673382 0.003295949 0.07098496 0.04451057 0.07098496 0.02389563 0.07612723 0.0458381 0.02673382 0.02389563 0.001998961 0.02389563 0.001998961 0.02389563 0.07612723 0.001968414 0.02673382 0.003295949 0.07098496 0.04451057 0.07098496 0.02389563 0.07612723 0.0458381 0.02673382 0.02389563 0.001998961 0.02389563 0.001998961 0.02389563 0.07612723 0.001968414 0.02673382 0.003295949 0.07098496 0.04451057 0.07098496 0.02389563 0.07612723 0.0458381 0.02673382 0.02389563 0.001998961 0.02389563 0.001998961 0.02389563 0.07612723 0.001968414 0.02673382 0.003295949 0.07098496 0.04451057 0.07098496 0.02389563 0.07612723 0.0458381 0.02673382 0.02389563 0.001998961 0.02389563 0.001998961 0.02389563 0.07612723 0.001968414 0.02673382 0.003295949 0.07098496 0.04451057 0.07098496 0.02389563 0.07612723 0.0458381 0.02673382 0.02389563 0.001998961 0.02389563 0.001998961 0.02389563 0.07612723 0.001968414 0.02673382 0.003295949 0.07098496 0.04451057 0.07098496 0.02389563 0.07612723 0.0458381 0.02673382 0.02389563 0.001998961 0.02389563 0.001998961 0.02389563 0.07612723 0.001968414 0.02673382 0.003295949 0.07098496 0.04451057 0.07098496 0.02389563 0.07612723 0.0458381 0.02673382 0.02389563 0.001998961 0.02389563 0.001998961 0.02389563 0.07612723 0.001968414 0.02673382 0.003295949 0.07098496 0.04451057 0.07098496 0.02389563 0.07612723 0.0458381 0.02673382 0.02389563 0.001998961 0.02389563 0.001998961 0.02389563 0.07612723 0.001968414 0.02673382 0.003295949 0.07098496 0.04451057 0.07098496 0.02389563 0.07612723 0.0458381 0.02673382 0.02389563 0.001998961 0.02389563 0.001998961 0.02389563 0.07612723 0.001968414 0.02673382 0.003295949 0.07098496 0.04451057 0.07098496 0.02389563 0.07612723 0.0458381 0.02673382 0.02389563 0.001998961 0.02389563 0.001998961 0.02389563 0.07612723 0.001968414 0.02673382 0.003295949 0.07098496 0.04451057 0.07098496 0.02389563 0.07612723 0.0458381 0.02673382 0.02389563 0.001998961 0.02389563 0.001998961 0.02389563 0.07612723 0.001968414 0.02673382 0.003295949 0.07098496 0.04451057 0.07098496 0.02389563 0.07612723 0.0458381 0.02673382 0.02389563 0.001998961 0.02389563 0.001998961 0.02389563 0.07612723 0.001968414 0.02673382 0.003295949 0.07098496 0.04451057 0.07098496 0.02389563 0.07612723 0.0458381 0.02673382 0.02389563 0.001998961 0.02389563 0.001998961 0.02389563 0.07612723 0.001968414 0.02673382 0.003295949 0.07098496 0.04451057 0.07098496 0.02389563 0.07612723 0.0458381 0.02673382 0.02389563 0.001998961 0.02389563 0.07612723 0.003295949 0.07098496 0.001968414 0.02673382 0.02389563 0.001998961 0.0458381 0.02673382 0.04451057 0.07098496 0.02389563 0.07612723 0.003295949 0.07098496 0.001968414 0.02673382 0.02389563 0.001998961 0.0458381 0.02673382 0.04451057 0.07098496 0.02389563 0.07612723 0.003295949 0.07098496 0.001968414 0.02673382 0.02389563 0.001998961 0.0458381 0.02673382 0.04451057 0.07098496 0.02389563 0.07612723 0.003295949 0.07098496 0.001968414 0.02673382 0.02389563 0.001998961 0.0458381 0.02673382 0.04451057 0.07098496 0.02389563 0.07612723 0.003295949 0.07098496 0.001968414 0.02673382 0.02389563 0.001998961 0.0458381 0.02673382 0.04451057 0.07098496 0.02389563 0.07612723 0.003295949 0.07098496 0.001968414 0.02673382 0.02389563 0.001998961 0.0458381 0.02673382 0.04451057 0.07098496 0.02389563 0.07612723 0.003295949 0.07098496 0.001968414 0.02673382 0.02389563 0.001998961 0.0458381 0.02673382 0.04451057 0.07098496 0.02389563 0.07612723 0.003295949 0.07098496 0.001968414 0.02673382 0.02389563 0.001998961 0.0458381 0.02673382 0.04451057 0.07098496 0.02389563 0.07612723 0.003295949 0.07098496 0.001968414 0.02673382 0.02389563 0.001998961 0.0458381 0.02673382 0.04451057 0.07098496 0.02389563 0.07612723 0.003295949 0.07098496 0.001968414 0.02673382 0.02389563 0.001998961 0.0458381 0.02673382 0.04451057 0.07098496 0.02389563 0.07612723 0.003295949 0.07098496 0.001968414 0.02673382 0.02389563 0.001998961 0.0458381 0.02673382 0.04451057 0.07098496 0.02389563 0.07612723 0.003295949 0.07098496 0.001968414 0.02673382 0.02389563 0.001998961 0.0458381 0.02673382 0.04451057 0.07098496 0.02389563 0.07612723 0.003295949 0.07098496 0.001968414 0.02673382 0.02389563 0.001998961 0.0458381 0.02673382 0.04451057 0.07098496 0.02389563 0.07612723 0.003295949 0.07098496 0.001968414 0.02673382 0.02389563 0.001998961 0.0458381 0.02673382 0.04451057 0.07098496 0.02389563 0.07612723 0.003295949 0.07098496 0.001968414 0.02673382 0.02389563 0.001998961 0.0458381 0.02673382 0.04451057 0.07098496 0.02389563 0.07612723 0.003295949 0.07098496 0.001968414 0.02673382 0.02389563 0.001998961 0.0458381 0.02673382 0.04451057 0.07098496 0.02389563 0.07612723 0.003295949 0.07098496 0.001968414 0.02673382 0.02389563 0.001998961 0.0458381 0.02673382 0.04451057 0.07098496 0.02389563 0.07612723 0.003295949 0.07098496 0.001968414 0.02673382 0.02389563 0.001998961 0.0458381 0.02673382 0.04451057 0.07098496 0.02389563 0.07612723 0.003295949 0.07098496 0.001968414 0.02673382 0.02389563 0.001998961 0.0458381 0.02673382 0.04451057 0.07098496 0.02389563 0.07612723 0.003295949 0.07098496 0.001968414 0.02673382 0.02389563 0.001998961 0.0458381 0.02673382 0.04451057 0.07098496 0.02389563 0.07612723 0.003295949 0.07098496 0.001968414 0.02673382 0.02389563 0.001998961 0.0458381 0.02673382 0.04451057 0.07098496 0.02389563 0.07612723 0.003295949 0.07098496 0.001968414 0.02673382 0.02389563 0.001998961 0.0458381 0.02673382 0.04451057 0.07098496 0.02389563 0.07612723 0.003295949 0.07098496 0.001968414 0.02673382 0.02389563 0.001998961 0.0458381 0.02673382 0.04451057 0.07098496 0.02389563 0.07612723 0.003295949 0.07098496 0.001968414 0.02673382 0.02389563 0.001998961 0.0458381 0.02673382 0.04451057 0.07098496 0.02389563 0.07612723 0.003295949 0.07098496 0.001968414 0.02673382 0.02389563 0.001998961 0.0458381 0.02673382 0.04451057 0.07098496 0.02389563 0.07612723 0.003295949 0.07098496 0.001968414 0.02673382 0.02389563 0.001998961 0.0458381 0.02673382 0.04451057 0.07098496 0.02389563 0.07612723 0.003295949 0.07098496 0.001968414 0.02673382 0.02389563 0.001998961 0.0458381 0.02673382 0.04451057 0.07098496 0.02389563 0.07612723 0.003295949 0.07098496 0.001968414 0.02673382 0.02389563 0.001998961 0.0458381 0.02673382 0.04451057 0.07098496 0.02389563 0.07612723 0.003295949 0.07098496 0.001968414 0.02673382 0.02389563 0.001998961 0.0458381 0.02673382 0.04451057 0.07098496 0.02389563 0.07612723 0.003295949 0.07098496 0.001968414 0.02673382 0.02389563 0.001998961 0.0458381 0.02673382 0.04451057 0.07098496 0.02389563 0.07612723 0.003295949 0.07098496 0.001968414 0.02673382 0.02389563 0.001998961 0.0458381 0.02673382 0.04451057 0.07098496 0.02389563 0.07612723 0.003295949 0.07098496 0.001968414 0.02673382 0.02389563 0.001998961 0.0458381 0.02673382 0.04451057 0.07098496 0.02389563 0.07612723 0.003295949 0.07098496 0.001968414 0.02673382 0.02389563 0.001998961 0.0458381 0.02673382 0.04451057 0.07098496 0.02389563 0.07612723 0.003295949 0.07098496 0.001968414 0.02673382 0.02389563 0.001998961 0.0458381 0.02673382 0.04451057 0.07098496 0.02389563 0.07612723 0.003295949 0.07098496 0.001968414 0.02673382 0.02389563 0.001998961 0.0458381 0.02673382 0.04451057 0.07098496 0.02389563 0.07612723 0.003295949 0.07098496 0.001968414 0.02673382 0.02389563 0.001998961 0.0458381 0.02673382 0.04451057 0.07098496 0.02389563 0.07612723 0.003295949 0.07098496 0.001968414 0.02673382 0.02389563 0.001998961 0.0458381 0.02673382 0.04451057 0.07098496 0.02389563 0.07612723 0.003295949 0.07098496 0.001968414 0.02673382 0.02389563 0.001998961 0.0458381 0.02673382 0.04451057 0.07098496 0.02389563 0.07612723 0.003295949 0.07098496 0.001968414 0.02673382 0.02389563 0.001998961 0.0458381 0.02673382 0.04451057 0.07098496 0.02389563 0.07612723 0.003295949 0.07098496 0.001968414 0.02673382 0.02389563 0.001998961 0.0458381 0.02673382 0.04451057 0.07098496 0.02389563 0.07612723 0.003295949 0.07098496 0.001968414 0.02673382 0.02389563 0.001998961 0.0458381 0.02673382 0.04451057 0.07098496 0.02389563 0.07612723 0.003295949 0.07098496 0.001968414 0.02673382 0.02389563 0.001998961 0.0458381 0.02673382 0.04451057 0.07098496 0.02389563 0.07612723 0.003295949 0.07098496 0.001968414 0.02673382 0.02389563 0.001998961 0.0458381 0.02673382 0.04451057 0.07098496 0.02389563 0.07612723 0.003295949 0.07098496 0.001968414 0.02673382 0.02389563 0.001998961 0.0458381 0.02673382 0.04451057 0.07098496 0.02389563 0.07612723 0.003295949 0.07098496 0.001968414 0.02673382 0.02389563 0.001998961 0.0458381 0.02673382 0.04451057 0.07098496 0.02389563 0.07612723 0.003295949 0.07098496 0.001968414 0.02673382 0.02389563 0.001998961 0.0458381 0.02673382 0.04451057 0.07098496 0.02389563 0.07612723 0.003295949 0.07098496 0.001968414 0.02673382 0.02389563 0.001998961 0.0458381 0.02673382 0.04451057 0.07098496 0.02389563 0.07612723 0.003295949 0.07098496 0.001968414 0.02673382 0.02389563 0.001998961 0.0458381 0.02673382 0.04451057 0.07098496 0.02389563 0.07612723 0.003295949 0.07098496 0.001968414 0.02673382 0.02389563 0.001998961 0.0458381 0.02673382 0.04451057 0.07098496 0.02389563 0.07612723 0.003295949 0.07098496 0.001968414 0.02673382 0.02389563 0.001998961 0.0458381 0.02673382 0.04451057 0.07098496 0.02389563 0.07612723 0.003295949 0.07098496 0.001968414 0.02673382 0.02389563 0.001998961 0.0458381 0.02673382 0.04451057 0.07098496 0.02389563 0.07612723 0.003295949 0.07098496 0.001968414 0.02673382 0.02389563 0.001998961 0.0458381 0.02673382 0.04451057 0.07098496 0.02389563 0.07612723 0.003295949 0.07098496 0.001968414 0.02673382 0.02389563 0.001998961 0.0458381 0.02673382 0.04451057 0.07098496 0.02389563 0.07612723 0.003295949 0.07098496 0.001968414 0.02673382 0.02389563 0.001998961 0.0458381 0.02673382 0.04451057 0.07098496 0.02389563 0.07612723 0.003295949 0.07098496 0.001968414 0.02673382 0.02389563 0.001998961 0.0458381 0.02673382 0.04451057 0.07098496 0.02389563 0.07612723 0.003295949 0.07098496 0.001968414 0.02673382 0.02389563 0.001998961 0.0458381 0.02673382 0.04451057 0.07098496 0.02389563 0.07612723 0.003295949 0.07098496 0.001968414 0.02673382 0.02389563 0.001998961 0.0458381 0.02673382 0.04451057 0.07098496 0.02389563 0.07612723 0.003295949 0.07098496 0.001968414 0.02673382 0.02389563 0.001998961 0.0458381 0.02673382 0.04451057 0.07098496 0.02389563 0.07612723 0.003295949 0.07098496 0.001968414 0.02673382 0.02389563 0.001998961 0.0458381 0.02673382 0.04451057 0.07098496 0.02389563 0.07612723 0.003295949 0.07098496 0.001968414 0.02673382 0.02389563 0.001998961 0.0458381 0.02673382 0.04451057 0.07098496 0.02389563 0.07612723 0.003295949 0.07098496 0.001968414 0.02673382 0.02389563 0.001998961 0.0458381 0.02673382 0.04451057 0.07098496 0.02389563 0.07612723 0.003295949 0.07098496 0.001968414 0.02673382 0.02389563 0.001998961 0.0458381 0.02673382 0.04451057 0.07098496 0.02389563 0.07612723 0.003295949 0.07098496 0.001968414 0.02673382 0.02389563 0.001998961 0.0458381 0.02673382 0.04451057 0.07098496 0.02389563 0.07612723 0.003295949 0.07098496 0.001968414 0.02673382 0.02389563 0.001998961 0.0458381 0.02673382 0.04451057 0.07098496 0.02389563 0.07612723 0.003295949 0.07098496 0.001968414 0.02673382 0.02389563 0.001998961 0.0458381 0.02673382 0.04451057 0.07098496 0.02389563 0.07612723 0.003295949 0.07098496 0.001968414 0.02673382 0.02389563 0.001998961 0.0458381 0.02673382 0.04451057 0.07098496 0.02389563 0.07612723 0.003295949 0.07098496 0.001968414 0.02673382 0.02389563 0.001998961 0.0458381 0.02673382 0.04451057 0.07098496 0.02389563 0.07612723 0.003295949 0.07098496 0.001968414 0.02673382 0.02389563 0.001998961 0.0458381 0.02673382 0.04451057 0.07098496 0.02389563 0.07612723 0.003295949 0.07098496 0.001968414 0.02673382 0.02389563 0.001998961 0.0458381 0.02673382 0.04451057 0.07098496 0.02389563 0.07612723 0.003295949 0.07098496 0.001968414 0.02673382 0.02389563 0.001998961 0.0458381 0.02673382 0.04451057 0.07098496 0.02389563 0.07612723 0.003295949 0.07098496 0.001968414 0.02673382 0.02389563 0.001998961 0.0458381 0.02673382 0.04451057 0.07098496 0.02389563 0.07612723 0.003295949 0.07098496 0.001968414 0.02673382 0.02389563 0.001998961 0.0458381 0.02673382 0.04451057 0.07098496 0.02389563 0.07612723 0.003295949 0.07098496 0.001968414 0.02673382 0.02389563 0.001998961 0.0458381 0.02673382 0.04451057 0.07098496 0.02389563 0.07612723 0.003295949 0.07098496 0.001968414 0.02673382 0.02389563 0.001998961 0.0458381 0.02673382 0.04451057 0.07098496 0.02389563 0.07612723 0.003295949 0.07098496 0.001968414 0.02673382 0.02389563 0.001998961 0.0458381 0.02673382 0.04451057 0.07098496 0.02389563 0.07612723 0.003295949 0.07098496 0.001968414 0.02673382 0.02389563 0.001998961 0.0458381 0.02673382 0.04451057 0.07098496 0.02389563 0.07612723 0.003295949 0.07098496 0.001968414 0.02673382 0.02389563 0.001998961 0.0458381 0.02673382 0.04451057 0.07098496 0.02389563 0.07612723 0.003295949 0.07098496 0.001968414 0.02673382 0.02389563 0.001998961 0.0458381 0.02673382 0.04451057 0.07098496 0.02389563 0.07612723 0.003295949 0.07098496 0.001968414 0.02673382 0.02389563 0.001998961 0.0458381 0.02673382 0.04451057 0.07098496 0.02389563 0.07612723 0.003295949 0.07098496 0.001968414 0.02673382 0.02389563 0.001998961 0.0458381 0.02673382 0.04451057 0.07098496 0.02389563 0.07612723 0.003295949 0.07098496 0.001968414 0.02673382 0.02389563 0.001998961 0.0458381 0.02673382 0.04451057 0.07098496 0.02389563 0.07612723 0.003295949 0.07098496 0.001968414 0.02673382 0.02389563 0.001998961 0.0458381 0.02673382 0.04451057 0.07098496 0.02389563 0.07612723 0.003295949 0.07098496 0.001968414 0.02673382 0.02389563 0.001998961 0.0458381 0.02673382 0.04451057 0.07098496 0.02389563 0.07612723 0.003295949 0.07098496 0.001968414 0.02673382 0.02389563 0.001998961 0.0458381 0.02673382 0.04451057 0.07098496 0.02389563 0.07612723 0.003295949 0.07098496 0.001968414 0.02673382 0.02389563 0.001998961 0.0458381 0.02673382 0.04451057 0.07098496 0.02389563 0.07612723 0.003295949 0.07098496 0.001968414 0.02673382 0.02389563 0.001998961 0.0458381 0.02673382 0.04451057 0.07098496 0.02389563 0.07612723 0.003295949 0.07098496 0.001968414 0.02673382 0.02389563 0.001998961 0.0458381 0.02673382 0.04451057 0.07098496 0.02389563 0.07612723 0.003295949 0.07098496 0.001968414 0.02673382 0.02389563 0.001998961 0.0458381 0.02673382 0.04451057 0.07098496 0.02389563 0.07612723 0.003295949 0.07098496 0.001968414 0.02673382 0.02389563 0.001998961 0.0458381 0.02673382 0.04451057 0.07098496 0.02389563 0.07612723 0.003295949 0.07098496 0.001968414 0.02673382 0.02389563 0.001998961 0.0458381 0.02673382 0.04451057 0.07098496 0.02389563 0.07612723 0.003295949 0.07098496 0.001968414 0.02673382 0.02389563 0.001998961 0.0458381 0.02673382 0.04451057 0.07098496 0.02389563 0.07612723 0.003295949 0.07098496 0.001968414 0.02673382 0.02389563 0.001998961 0.0458381 0.02673382 0.04451057 0.07098496 0.02389563 0.07612723 0.003295949 0.07098496 0.001968414 0.02673382 0.02389563 0.001998961 0.0458381 0.02673382 0.04451057 0.07098496 0.02389563 0.07612723 0.003295949 0.07098496 0.001968414 0.02673382 0.02389563 0.001998961 0.0458381 0.02673382 0.04451057 0.07098496 0.02389563 0.07612723 0.003295949 0.07098496 0.001968414 0.02673382 0.02389563 0.001998961 0.0458381 0.02673382 0.04451057 0.07098496 0.02389563 0.07612723 0.003295949 0.07098496 0.001968414 0.02673382 0.02389563 0.001998961 0.0458381 0.02673382 0.04451057 0.07098496 0.02389563 0.07612723 0.003295949 0.07098496 0.001968414 0.02673382 0.02389563 0.001998961 0.0458381 0.02673382 0.04451057 0.07098496 0.02389563 0.07612723 0.003295949 0.07098496 0.001968414 0.02673382 0.02389563 0.001998961 0.0458381 0.02673382 0.04451057 0.07098496 0.02389563 0.07612723 0.003295949 0.07098496 0.001968414 0.02673382 0.02389563 0.001998961 0.0458381 0.02673382 0.04451057 0.07098496 0.02389563 0.07612723 0.003295949 0.07098496 0.001968414 0.02673382 0.02389563 0.001998961 0.0458381 0.02673382 0.04451057 0.07098496</float_array>
          <technique_common>
            <accessor source="#L01_010__mTreeOakLeaf-texcoord-array_1" count="832" stride="2">
              <param name="S" type="float" />
              <param name="T" type="float" />
            </accessor>
          </technique_common>
        </source>
        <vertices id="L01_010__mTreeOakLeaf-vertex">
          <input semantic="POSITION" source="#L01_010__mTreeOakLeaf-position" />
        </vertices>
        <triangles material="mTreeOakLeaf" count="516">
          <input semantic="VERTEX" source="#L01_010__mTreeOakLeaf-vertex" offset="0" />
          <input semantic="NORMAL" source="#L01_010__mTreeOakLeaf-normal" offset="1" />
          <input semantic="COLOR" source="#L01_010__mTreeOakLeaf-color" offset="2" set="0" />
          <input semantic="TEXCOORD" source="#L01_010__mTreeOakLeaf-texcoord" offset="3" set="0" />
          <input semantic="TEXCOORD" source="#L01_010__mTreeOakLeaf-texcoord_1" offset="4" set="1" />
          <p>0 0 0 0 0 1 1 1 1 1 2 2 2 2 2 1 1 1 1 1 3 3 3 3 3 2 2 2 2 2 4 4 4 4 4 5 5 5 5 5 6 6 6 6 6 5 5 5 5 5 7 7 7 7 7 6 6 6 6 6 8 8 8 8 8 9 9 9 9 9 10 10 10 10 10 9 9 9 9 9 11 11 11 11 11 10 10 10 10 10 12 12 12 12 12 13 13 13 13 13 14 14 14 14 14 13 13 13 13 13 15 15 15 15 15 14 14 14 14 14 16 16 16 16 16 17 17 17 17 17 18 18 18 18 18 17 17 17 17 17 19 19 19 19 19 18 18 18 18 18 20 20 20 20 20 21 21 21 21 21 22 22 22 22 22 21 21 21 21 21 23 23 23 23 23 22 22 22 22 22 24 24 24 24 24 25 25 25 25 25 26 26 26 26 26 25 25 25 25 25 27 27 27 27 27 26 26 26 26 26 28 28 28 28 28 29 29 29 29 29 30 30 30 30 30 29 29 29 29 29 31 31 31 31 31 30 30 30 30 30 32 32 32 32 32 33 33 33 33 33 34 34 34 34 34 33 33 33 33 33 35 35 35 35 35 34 34 34 34 34 36 36 36 36 36 37 37 37 37 37 38 38 38 38 38 37 37 37 37 37 39 39 39 39 39 38 38 38 38 38 40 40 40 40 40 41 41 41 41 41 42 42 42 42 42 41 41 41 41 41 43 43 43 43 43 42 42 42 42 42 44 44 44 44 44 45 45 45 45 45 46 46 46 46 46 45 45 45 45 45 47 47 47 47 47 46 46 46 46 46 48 48 48 48 48 49 49 49 49 49 50 50 50 50 50 49 49 49 49 49 51 51 51 51 51 50 50 50 50 50 52 52 52 52 52 53 53 53 53 53 54 54 54 54 54 53 53 53 53 53 55 55 55 55 55 54 54 54 54 54 56 56 56 56 56 57 57 57 57 57 58 58 58 58 58 57 57 57 57 57 59 59 59 59 59 58 58 58 58 58 60 60 60 60 60 61 61 61 61 61 62 62 62 62 62 61 61 61 61 61 63 63 63 63 63 62 62 62 62 62 64 64 64 64 64 65 65 65 65 65 66 66 66 66 66 65 65 65 65 65 67 67 67 67 67 66 66 66 66 66 68 68 68 68 68 69 69 69 69 69 70 70 70 70 70 69 69 69 69 69 71 71 71 71 71 70 70 70 70 70 72 72 72 72 72 73 73 73 73 73 74 74 74 74 74 73 73 73 73 73 75 75 75 75 75 74 74 74 74 74 76 76 76 76 76 77 77 77 77 77 78 78 78 78 78 77 77 77 77 77 79 79 79 79 79 78 78 78 78 78 80 80 80 80 80 81 81 81 81 81 82 82 82 82 82 81 81 81 81 81 83 83 83 83 83 82 82 82 82 82 84 84 84 84 84 85 85 85 85 85 86 86 86 86 86 85 85 85 85 85 87 87 87 87 87 86 86 86 86 86 88 88 88 88 88 89 89 89 89 89 90 90 90 90 90 89 89 89 89 89 91 91 91 91 91 90 90 90 90 90 92 92 92 92 92 93 93 93 93 93 94 94 94 94 94 93 93 93 93 93 95 95 95 95 95 94 94 94 94 94 96 96 96 96 96 97 97 97 97 97 98 98 98 98 98 97 97 97 97 97 99 99 99 99 99 98 98 98 98 98 100 100 100 100 100 101 101 101 101 101 102 102 102 102 102 101 101 101 101 101 103 103 103 103 103 102 102 102 102 102 104 104 104 104 104 105 105 105 105 105 106 106 106 106 106 105 105 105 105 105 107 107 107 107 107 106 106 106 106 106 108 108 108 108 108 109 109 109 109 109 110 110 110 110 110 109 109 109 109 109 111 111 111 111 111 110 110 110 110 110 112 112 112 112 112 113 113 113 113 113 114 114 114 114 114 113 113 113 113 113 115 115 115 115 115 114 114 114 114 114 116 116 116 116 116 117 117 117 117 117 118 118 118 118 118 117 117 117 117 117 119 119 119 119 119 118 118 118 118 118 120 120 120 120 120 121 121 121 121 121 122 122 122 122 122 121 121 121 121 121 123 123 123 123 123 122 122 122 122 122 124 124 124 124 124 125 125 125 125 125 126 126 126 126 126 125 125 125 125 125 127 127 127 127 127 126 126 126 126 126 128 128 128 128 128 129 129 129 129 129 130 130 130 130 130 129 129 129 129 129 131 131 131 131 131 130 130 130 130 130 132 132 132 132 132 133 133 133 133 133 134 134 134 134 134 133 133 133 133 133 135 135 135 135 135 134 134 134 134 134 136 136 136 136 136 137 137 137 137 137 138 138 138 138 138 137 137 137 137 137 139 139 139 139 139 138 138 138 138 138 140 140 140 140 140 141 141 141 141 141 142 142 142 142 142 141 141 141 141 141 143 143 143 143 143 142 142 142 142 142 144 144 144 144 144 145 145 145 145 145 146 146 146 146 146 145 145 145 145 145 147 147 147 147 147 146 146 146 146 146 148 148 148 148 148 149 149 149 149 149 150 150 150 150 150 149 149 149 149 149 151 151 151 151 151 150 150 150 150 150 152 152 152 152 152 153 153 153 153 153 154 154 154 154 154 153 153 153 153 153 155 155 155 155 155 154 154 154 154 154 156 156 156 156 156 157 157 157 157 157 158 158 158 158 158 157 157 157 157 157 159 159 159 159 159 158 158 158 158 158 160 160 160 160 160 161 161 161 161 161 162 162 162 162 162 161 161 161 161 161 163 163 163 163 163 162 162 162 162 162 164 164 164 164 164 165 165 165 165 165 166 166 166 166 166 165 165 165 165 165 167 167 167 167 167 166 166 166 166 166 168 168 168 168 168 169 169 169 169 169 170 170 170 170 170 169 169 169 169 169 171 171 171 171 171 170 170 170 170 170 172 172 172 172 172 173 173 173 173 173 174 174 174 174 174 173 173 173 173 173 175 175 175 175 175 174 174 174 174 174 176 176 176 176 176 177 177 177 177 177 178 178 178 178 178 177 177 177 177 177 179 179 179 179 179 178 178 178 178 178 180 180 180 180 180 181 181 181 181 181 182 182 182 182 182 181 181 181 181 181 183 183 183 183 183 182 182 182 182 182 184 184 184 184 184 185 185 185 185 185 186 186 186 186 186 185 185 185 185 185 187 187 187 187 187 186 186 186 186 186 188 188 188 188 188 189 189 189 189 189 190 190 190 190 190 189 189 189 189 189 191 191 191 191 191 190 190 190 190 190 192 192 192 192 192 193 193 193 193 193 194 194 194 194 194 193 193 193 193 193 195 195 195 195 195 194 194 194 194 194 196 196 196 196 196 197 197 197 197 197 198 198 198 198 198 197 197 197 197 197 199 199 199 199 199 198 198 198 198 198 200 200 200 200 200 201 201 201 201 201 202 202 202 202 202 201 201 201 201 201 203 203 203 203 203 202 202 202 202 202 204 204 204 204 204 205 205 205 205 205 206 206 206 206 206 205 205 205 205 205 207 207 207 207 207 206 206 206 206 206 208 208 208 208 208 209 209 209 209 209 210 210 210 210 210 209 209 209 209 209 211 211 211 211 211 210 210 210 210 210 212 212 212 212 212 213 213 213 213 213 214 214 214 214 214 213 213 213 213 213 215 215 215 215 215 214 214 214 214 214 216 216 216 216 216 217 217 217 217 217 218 218 218 218 218 217 217 217 217 217 219 219 219 219 219 218 218 218 218 218 220 220 220 220 220 221 221 221 221 221 222 222 222 222 222 221 221 221 221 221 223 223 223 223 223 222 222 222 222 222 224 224 224 224 224 225 225 225 225 225 226 226 226 226 226 225 225 225 225 225 227 227 227 227 227 226 226 226 226 226 228 228 228 228 228 229 229 229 229 229 230 230 230 230 230 229 229 229 229 229 231 231 231 231 231 230 230 230 230 230 232 232 232 232 232 233 233 233 233 233 234 234 234 234 234 235 235 235 235 235 232 232 232 232 232 234 234 234 234 234 232 232 232 232 232 235 235 235 235 235 236 236 236 236 236 237 237 237 237 237 232 232 232 232 232 236 236 236 236 236 238 238 238 238 238 239 239 239 239 239 240 240 240 240 240 241 241 241 241 241 238 238 238 238 238 240 240 240 240 240 238 238 238 238 238 241 241 241 241 241 242 242 242 242 242 243 243 243 243 243 238 238 238 238 238 242 242 242 242 242 244 244 244 244 244 245 245 245 245 245 246 246 246 246 246 247 247 247 247 247 244 244 244 244 244 246 246 246 246 246 244 244 244 244 244 247 247 247 247 247 248 248 248 248 248 249 249 249 249 249 244 244 244 244 244 248 248 248 248 248 250 250 250 250 250 251 251 251 251 251 252 252 252 252 252 253 253 253 253 253 250 250 250 250 250 252 252 252 252 252 250 250 250 250 250 253 253 253 253 253 254 254 254 254 254 255 255 255 255 255 250 250 250 250 250 254 254 254 254 254 256 256 256 256 256 257 257 257 257 257 258 258 258 258 258 259 259 259 259 259 256 256 256 256 256 258 258 258 258 258 256 256 256 256 256 259 259 259 259 259 260 260 260 260 260 261 261 261 261 261 256 256 256 256 256 260 260 260 260 260 262 262 262 262 262 263 263 263 263 263 264 264 264 264 264 265 265 265 265 265 262 262 262 262 262 264 264 264 264 264 262 262 262 262 262 265 265 265 265 265 266 266 266 266 266 267 267 267 267 267 262 262 262 262 262 266 266 266 266 266 268 268 268 268 268 269 269 269 269 269 270 270 270 270 270 271 271 271 271 271 268 268 268 268 268 270 270 270 270 270 268 268 268 268 268 271 271 271 271 271 272 272 272 272 272 273 273 273 273 273 268 268 268 268 268 272 272 272 272 272 274 274 274 274 274 275 275 275 275 275 276 276 276 276 276 277 277 277 277 277 274 274 274 274 274 276 276 276 276 276 274 274 274 274 274 277 277 277 277 277 278 278 278 278 278 279 279 279 279 279 274 274 274 274 274 278 278 278 278 278 280 280 280 280 280 281 281 281 281 281 282 282 282 282 282 283 283 283 283 283 280 280 280 280 280 282 282 282 282 282 280 280 280 280 280 283 283 283 283 283 284 284 284 284 284 285 285 285 285 285 280 280 280 280 280 284 284 284 284 284 286 286 286 286 286 287 287 287 287 287 288 288 288 288 288 289 289 289 289 289 286 286 286 286 286 288 288 288 288 288 286 286 286 286 286 289 289 289 289 289 290 290 290 290 290 291 291 291 291 291 286 286 286 286 286 290 290 290 290 290 292 292 292 292 292 293 293 293 293 293 294 294 294 294 294 295 295 295 295 295 292 292 292 292 292 294 294 294 294 294 292 292 292 292 292 295 295 295 295 295 296 296 296 296 296 297 297 297 297 297 292 292 292 292 292 296 296 296 296 296 298 298 298 298 298 299 299 299 299 299 300 300 300 300 300 301 301 301 301 301 298 298 298 298 298 300 300 300 300 300 298 298 298 298 298 301 301 301 301 301 302 302 302 302 302 303 303 303 303 303 298 298 298 298 298 302 302 302 302 302 304 304 304 304 304 305 305 305 305 305 306 306 306 306 306 307 307 307 307 307 304 304 304 304 304 306 306 306 306 306 304 304 304 304 304 307 307 307 307 307 308 308 308 308 308 309 309 309 309 309 304 304 304 304 304 308 308 308 308 308 310 310 310 310 310 311 311 311 311 311 312 312 312 312 312 313 313 313 313 313 310 310 310 310 310 312 312 312 312 312 310 310 310 310 310 313 313 313 313 313 314 314 314 314 314 315 315 315 315 315 310 310 310 310 310 314 314 314 314 314 316 316 316 316 316 317 317 317 317 317 318 318 318 318 318 319 319 319 319 319 316 316 316 316 316 318 318 318 318 318 316 316 316 316 316 319 319 319 319 319 320 320 320 320 320 321 321 321 321 321 316 316 316 316 316 320 320 320 320 320 322 322 322 322 322 323 323 323 323 323 324 324 324 324 324 325 325 325 325 325 322 322 322 322 322 324 324 324 324 324 322 322 322 322 322 325 325 325 325 325 326 326 326 326 326 327 327 327 327 327 322 322 322 322 322 326 326 326 326 326 328 328 328 328 328 329 329 329 329 329 330 330 330 330 330 331 331 331 331 331 328 328 328 328 328 330 330 330 330 330 328 328 328 328 328 331 331 331 331 331 332 332 332 332 332 333 333 333 333 333 328 328 328 328 328 332 332 332 332 332 334 334 334 334 334 335 335 335 335 335 336 336 336 336 336 337 337 337 337 337 334 334 334 334 334 336 336 336 336 336 334 334 334 334 334 337 337 337 337 337 338 338 338 338 338 339 339 339 339 339 334 334 334 334 334 338 338 338 338 338 340 340 340 340 340 341 341 341 341 341 342 342 342 342 342 343 343 343 343 343 340 340 340 340 340 342 342 342 342 342 340 340 340 340 340 343 343 343 343 343 344 344 344 344 344 345 345 345 345 345 340 340 340 340 340 344 344 344 344 344 346 346 346 346 346 347 347 347 347 347 348 348 348 348 348 349 349 349 349 349 346 346 346 346 346 348 348 348 348 348 346 346 346 346 346 349 349 349 349 349 350 350 350 350 350 351 351 351 351 351 346 346 346 346 346 350 350 350 350 350 352 352 352 352 352 353 353 353 353 353 354 354 354 354 354 355 355 355 355 355 352 352 352 352 352 354 354 354 354 354 352 352 352 352 352 355 355 355 355 355 356 356 356 356 356 357 357 357 357 357 352 352 352 352 352 356 356 356 356 356 358 358 358 358 358 359 359 359 359 359 360 360 360 360 360 361 361 361 361 361 358 358 358 358 358 360 360 360 360 360 358 358 358 358 358 361 361 361 361 361 362 362 362 362 362 363 363 363 363 363 358 358 358 358 358 362 362 362 362 362 364 364 364 364 364 365 365 365 365 365 366 366 366 366 366 367 367 367 367 367 364 364 364 364 364 366 366 366 366 366 364 364 364 364 364 367 367 367 367 367 368 368 368 368 368 369 369 369 369 369 364 364 364 364 364 368 368 368 368 368 370 370 370 370 370 371 371 371 371 371 372 372 372 372 372 373 373 373 373 373 370 370 370 370 370 372 372 372 372 372 370 370 370 370 370 373 373 373 373 373 374 374 374 374 374 375 375 375 375 375 370 370 370 370 370 374 374 374 374 374 376 376 376 376 376 377 377 377 377 377 378 378 378 378 378 379 379 379 379 379 376 376 376 376 376 378 378 378 378 378 376 376 376 376 376 379 379 379 379 379 380 380 380 380 380 381 381 381 381 381 376 376 376 376 376 380 380 380 380 380 382 382 382 382 382 383 383 383 383 383 384 384 384 384 384 385 385 385 385 385 382 382 382 382 382 384 384 384 384 384 382 382 382 382 382 385 385 385 385 385 386 386 386 386 386 387 387 387 387 387 382 382 382 382 382 386 386 386 386 386 388 388 388 388 388 389 389 389 389 389 390 390 390 390 390 391 391 391 391 391 388 388 388 388 388 390 390 390 390 390 388 388 388 388 388 391 391 391 391 391 392 392 392 392 392 393 393 393 393 393 388 388 388 388 388 392 392 392 392 392 394 394 394 394 394 395 395 395 395 395 396 396 396 396 396 397 397 397 397 397 394 394 394 394 394 396 396 396 396 396 394 394 394 394 394 397 397 397 397 397 398 398 398 398 398 399 399 399 399 399 394 394 394 394 394 398 398 398 398 398 400 400 400 400 400 401 401 401 401 401 402 402 402 402 402 403 403 403 403 403 400 400 400 400 400 402 402 402 402 402 400 400 400 400 400 403 403 403 403 403 404 404 404 404 404 405 405 405 405 405 400 400 400 400 400 404 404 404 404 404 406 406 406 406 406 407 407 407 407 407 408 408 408 408 408 409 409 409 409 409 406 406 406 406 406 408 408 408 408 408 406 406 406 406 406 409 409 409 409 409 410 410 410 410 410 411 411 411 411 411 406 406 406 406 406 410 410 410 410 410 412 412 412 412 412 413 413 413 413 413 414 414 414 414 414 415 415 415 415 415 412 412 412 412 412 414 414 414 414 414 412 412 412 412 412 415 415 415 415 415 416 416 416 416 416 417 417 417 417 417 412 412 412 412 412 416 416 416 416 416 418 418 418 418 418 419 419 419 419 419 420 420 420 420 420 421 421 421 421 421 418 418 418 418 418 420 420 420 420 420 418 418 418 418 418 421 421 421 421 421 422 422 422 422 422 423 423 423 423 423 418 418 418 418 418 422 422 422 422 422 424 424 424 424 424 425 425 425 425 425 426 426 426 426 426 427 427 427 427 427 424 424 424 424 424 426 426 426 426 426 424 424 424 424 424 427 427 427 427 427 428 428 428 428 428 429 429 429 429 429 424 424 424 424 424 428 428 428 428 428 430 430 430 430 430 431 431 431 431 431 432 432 432 432 432 433 433 433 433 433 430 430 430 430 430 432 432 432 432 432 430 430 430 430 430 433 433 433 433 433 434 434 434 434 434 435 435 435 435 435 430 430 430 430 430 434 434 434 434 434 436 436 436 436 436 437 437 437 437 437 438 438 438 438 438 439 439 439 439 439 436 436 436 436 436 438 438 438 438 438 436 436 436 436 436 439 439 439 439 439 440 440 440 440 440 441 441 441 441 441 436 436 436 436 436 440 440 440 440 440 442 442 442 442 442 443 443 443 443 443 444 444 444 444 444 445 445 445 445 445 442 442 442 442 442 444 444 444 444 444 442 442 442 442 442 445 445 445 445 445 446 446 446 446 446 447 447 447 447 447 442 442 442 442 442 446 446 446 446 446 448 448 448 448 448 449 449 449 449 449 450 450 450 450 450 451 451 451 451 451 448 448 448 448 448 450 450 450 450 450 448 448 448 448 448 451 451 451 451 451 452 452 452 452 452 453 453 453 453 453 448 448 448 448 448 452 452 452 452 452 454 454 454 454 454 455 455 455 455 455 456 456 456 456 456 457 457 457 457 457 454 454 454 454 454 456 456 456 456 456 454 454 454 454 454 457 457 457 457 457 458 458 458 458 458 459 459 459 459 459 454 454 454 454 454 458 458 458 458 458 460 460 460 460 460 461 461 461 461 461 462 462 462 462 462 463 463 463 463 463 460 460 460 460 460 462 462 462 462 462 460 460 460 460 460 463 463 463 463 463 464 464 464 464 464 465 465 465 465 465 460 460 460 460 460 464 464 464 464 464 466 466 466 466 466 467 467 467 467 467 468 468 468 468 468 469 469 469 469 469 466 466 466 466 466 468 468 468 468 468 466 466 466 466 466 469 469 469 469 469 470 470 470 470 470 471 471 471 471 471 466 466 466 466 466 470 470 470 470 470 472 472 472 472 472 473 473 473 473 473 474 474 474 474 474 475 475 475 475 475 472 472 472 472 472 474 474 474 474 474 472 472 472 472 472 475 475 475 475 475 476 476 476 476 476 477 477 477 477 477 472 472 472 472 472 476 476 476 476 476 478 478 478 478 478 479 479 479 479 479 480 480 480 480 480 481 481 481 481 481 478 478 478 478 478 480 480 480 480 480 478 478 478 478 478 481 481 481 481 481 482 482 482 482 482 483 483 483 483 483 478 478 478 478 478 482 482 482 482 482 484 484 484 484 484 485 485 485 485 485 486 486 486 486 486 487 487 487 487 487 484 484 484 484 484 486 486 486 486 486 484 484 484 484 484 487 487 487 487 487 488 488 488 488 488 489 489 489 489 489 484 484 484 484 484 488 488 488 488 488 490 490 490 490 490 491 491 491 491 491 492 492 492 492 492 493 493 493 493 493 490 490 490 490 490 492 492 492 492 492 490 490 490 490 490 493 493 493 493 493 494 494 494 494 494 495 495 495 495 495 490 490 490 490 490 494 494 494 494 494 496 496 496 496 496 497 497 497 497 497 498 498 498 498 498 499 499 499 499 499 496 496 496 496 496 498 498 498 498 498 496 496 496 496 496 499 499 499 499 499 500 500 500 500 500 501 501 501 501 501 496 496 496 496 496 500 500 500 500 500 502 502 502 502 502 503 503 503 503 503 504 504 504 504 504 505 505 505 505 505 502 502 502 502 502 504 504 504 504 504 502 502 502 502 502 505 505 505 505 505 506 506 506 506 506 507 507 507 507 507 502 502 502 502 502 506 506 506 506 506 508 508 508 508 508 509 509 509 509 509 510 510 510 510 510 511 511 511 511 511 508 508 508 508 508 510 510 510 510 510 508 508 508 508 508 511 511 511 511 511 512 512 512 512 512 513 513 513 513 513 508 508 508 508 508 512 512 512 512 512 514 514 514 514 514 515 515 515 515 515 516 516 516 516 516 517 517 517 517 517 514 514 514 514 514 516 516 516 516 516 514 514 514 514 514 517 517 517 517 517 518 518 518 518 518 519 519 519 519 519 514 514 514 514 514 518 518 518 518 518 520 520 520 520 520 521 521 521 521 521 522 522 522 522 522 523 523 523 523 523 520 520 520 520 520 522 522 522 522 522 520 520 520 520 520 523 523 523 523 523 524 524 524 524 524 525 525 525 525 525 520 520 520 520 520 524 524 524 524 524 526 526 526 526 526 527 527 527 527 527 528 528 528 528 528 529 529 529 529 529 526 526 526 526 526 528 528 528 528 528 526 526 526 526 526 529 529 529 529 529 530 530 530 530 530 531 531 531 531 531 526 526 526 526 526 530 530 530 530 530 532 532 532 532 532 533 533 533 533 533 534 534 534 534 534 535 535 535 535 535 532 532 532 532 532 534 534 534 534 534 532 532 532 532 532 535 535 535 535 535 536 536 536 536 536 537 537 537 537 537 532 532 532 532 532 536 536 536 536 536 538 538 538 538 538 539 539 539 539 539 540 540 540 540 540 541 541 541 541 541 538 538 538 538 538 540 540 540 540 540 538 538 538 538 538 541 541 541 541 541 542 542 542 542 542 543 543 543 543 543 538 538 538 538 538 542 542 542 542 542 544 544 544 544 544 545 545 545 545 545 546 546 546 546 546 547 547 547 547 547 544 544 544 544 544 546 546 546 546 546 544 544 544 544 544 547 547 547 547 547 548 548 548 548 548 549 549 549 549 549 544 544 544 544 544 548 548 548 548 548 550 550 550 550 550 551 551 551 551 551 552 552 552 552 552 553 553 553 553 553 550 550 550 550 550 552 552 552 552 552 550 550 550 550 550 553 553 553 553 553 554 554 554 554 554 555 555 555 555 555 550 550 550 550 550 554 554 554 554 554 556 556 556 556 556 557 557 557 557 557 558 558 558 558 558 559 559 559 559 559 556 556 556 556 556 558 558 558 558 558 556 556 556 556 556 559 559 559 559 559 560 560 560 560 560 561 561 561 561 561 556 556 556 556 556 560 560 560 560 560 562 562 562 562 562 563 563 563 563 563 564 564 564 564 564 565 565 565 565 565 562 562 562 562 562 564 564 564 564 564 562 562 562 562 562 565 565 565 565 565 566 566 566 566 566 567 567 567 567 567 562 562 562 562 562 566 566 566 566 566 568 568 568 568 568 569 569 569 569 569 570 570 570 570 570 571 571 571 571 571 568 568 568 568 568 570 570 570 570 570 568 568 568 568 568 571 571 571 571 571 572 572 572 572 572 573 573 573 573 573 568 568 568 568 568 572 572 572 572 572 574 574 574 574 574 575 575 575 575 575 576 576 576 576 576 577 577 577 577 577 574 574 574 574 574 576 576 576 576 576 574 574 574 574 574 577 577 577 577 577 578 578 578 578 578 579 579 579 579 579 574 574 574 574 574 578 578 578 578 578 580 580 580 580 580 581 581 581 581 581 582 582 582 582 582 583 583 583 583 583 580 580 580 580 580 582 582 582 582 582 580 580 580 580 580 583 583 583 583 583 584 584 584 584 584 585 585 585 585 585 580 580 580 580 580 584 584 584 584 584 586 586 586 586 586 587 587 587 587 587 588 588 588 588 588 589 589 589 589 589 586 586 586 586 586 588 588 588 588 588 586 586 586 586 586 589 589 589 589 589 590 590 590 590 590 591 591 591 591 591 586 586 586 586 586 590 590 590 590 590 592 592 592 592 592 593 593 593 593 593 594 594 594 594 594 595 595 595 595 595 592 592 592 592 592 594 594 594 594 594 592 592 592 592 592 595 595 595 595 595 596 596 596 596 596 597 597 597 597 597 592 592 592 592 592 596 596 596 596 596 598 598 598 598 598 599 599 599 599 599 600 600 600 600 600 601 601 601 601 601 598 598 598 598 598 600 600 600 600 600 598 598 598 598 598 601 601 601 601 601 602 602 602 602 602 603 603 603 603 603 598 598 598 598 598 602 602 602 602 602 604 604 604 604 604 605 605 605 605 605 606 606 606 606 606 607 607 607 607 607 604 604 604 604 604 606 606 606 606 606 604 604 604 604 604 607 607 607 607 607 608 608 608 608 608 609 609 609 609 609 604 604 604 604 604 608 608 608 608 608 610 610 610 610 610 611 611 611 611 611 612 612 612 612 612 613 613 613 613 613 610 610 610 610 610 612 612 612 612 612 610 610 610 610 610 613 613 613 613 613 614 614 614 614 614 615 615 615 615 615 610 610 610 610 610 614 614 614 614 614 616 616 616 616 616 617 617 617 617 617 618 618 618 618 618 619 619 619 619 619 616 616 616 616 616 618 618 618 618 618 616 616 616 616 616 619 619 619 619 619 620 620 620 620 620 621 621 621 621 621 616 616 616 616 616 620 620 620 620 620 622 622 622 622 622 623 623 623 623 623 624 624 624 624 624 625 625 625 625 625 622 622 622 622 622 624 624 624 624 624 622 622 622 622 622 625 625 625 625 625 626 626 626 626 626 627 627 627 627 627 622 622 622 622 622 626 626 626 626 626 628 628 628 628 628 629 629 629 629 629 630 630 630 630 630 631 631 631 631 631 628 628 628 628 628 630 630 630 630 630 628 628 628 628 628 631 631 631 631 631 632 632 632 632 632 633 633 633 633 633 628 628 628 628 628 632 632 632 632 632 634 634 634 634 634 635 635 635 635 635 636 636 636 636 636 637 637 637 637 637 634 634 634 634 634 636 636 636 636 636 634 634 634 634 634 637 637 637 637 637 638 638 638 638 638 639 639 639 639 639 634 634 634 634 634 638 638 638 638 638 640 640 640 640 640 641 641 641 641 641 642 642 642 642 642 643 643 643 643 643 640 640 640 640 640 642 642 642 642 642 640 640 640 640 640 643 643 643 643 643 644 644 644 644 644 645 645 645 645 645 640 640 640 640 640 644 644 644 644 644 646 646 646 646 646 647 647 647 647 647 648 648 648 648 648 649 649 649 649 649 646 646 646 646 646 648 648 648 648 648 646 646 646 646 646 649 649 649 649 649 650 650 650 650 650 651 651 651 651 651 646 646 646 646 646 650 650 650 650 650 652 652 652 652 652 653 653 653 653 653 654 654 654 654 654 655 655 655 655 655 652 652 652 652 652 654 654 654 654 654 652 652 652 652 652 655 655 655 655 655 656 656 656 656 656 657 657 657 657 657 652 652 652 652 652 656 656 656 656 656 658 658 658 658 658 659 659 659 659 659 660 660 660 660 660 661 661 661 661 661 658 658 658 658 658 660 660 660 660 660 658 658 658 658 658 661 661 661 661 661 662 662 662 662 662 663 663 663 663 663 658 658 658 658 658 662 662 662 662 662 664 664 664 664 664 665 665 665 665 665 666 666 666 666 666 667 667 667 667 667 664 664 664 664 664 666 666 666 666 666 664 664 664 664 664 667 667 667 667 667 668 668 668 668 668 669 669 669 669 669 664 664 664 664 664 668 668 668 668 668 670 670 670 670 670 671 671 671 671 671 672 672 672 672 672 673 673 673 673 673 670 670 670 670 670 672 672 672 672 672 670 670 670 670 670 673 673 673 673 673 674 674 674 674 674 675 675 675 675 675 670 670 670 670 670 674 674 674 674 674 676 676 676 676 676 677 677 677 677 677 678 678 678 678 678 679 679 679 679 679 676 676 676 676 676 678 678 678 678 678 676 676 676 676 676 679 679 679 679 679 680 680 680 680 680 681 681 681 681 681 676 676 676 676 676 680 680 680 680 680 682 682 682 682 682 683 683 683 683 683 684 684 684 684 684 685 685 685 685 685 682 682 682 682 682 684 684 684 684 684 682 682 682 682 682 685 685 685 685 685 686 686 686 686 686 687 687 687 687 687 682 682 682 682 682 686 686 686 686 686 688 688 688 688 688 689 689 689 689 689 690 690 690 690 690 691 691 691 691 691 688 688 688 688 688 690 690 690 690 690 688 688 688 688 688 691 691 691 691 691 692 692 692 692 692 693 693 693 693 693 688 688 688 688 688 692 692 692 692 692 694 694 694 694 694 695 695 695 695 695 696 696 696 696 696 697 697 697 697 697 694 694 694 694 694 696 696 696 696 696 694 694 694 694 694 697 697 697 697 697 698 698 698 698 698 699 699 699 699 699 694 694 694 694 694 698 698 698 698 698 700 700 700 700 700 701 701 701 701 701 702 702 702 702 702 703 703 703 703 703 700 700 700 700 700 702 702 702 702 702 700 700 700 700 700 703 703 703 703 703 704 704 704 704 704 705 705 705 705 705 700 700 700 700 700 704 704 704 704 704 706 706 706 706 706 707 707 707 707 707 708 708 708 708 708 709 709 709 709 709 706 706 706 706 706 708 708 708 708 708 706 706 706 706 706 709 709 709 709 709 710 710 710 710 710 711 711 711 711 711 706 706 706 706 706 710 710 710 710 710 712 712 712 712 712 713 713 713 713 713 714 714 714 714 714 715 715 715 715 715 712 712 712 712 712 714 714 714 714 714 712 712 712 712 712 715 715 715 715 715 716 716 716 716 716 717 717 717 717 717 712 712 712 712 712 716 716 716 716 716 718 718 718 718 718 719 719 719 719 719 720 720 720 720 720 721 721 721 721 721 718 718 718 718 718 720 720 720 720 720 718 718 718 718 718 721 721 721 721 721 722 722 722 722 722 723 723 723 723 723 718 718 718 718 718 722 722 722 722 722 724 724 724 724 724 725 725 725 725 725 726 726 726 726 726 727 727 727 727 727 724 724 724 724 724 726 726 726 726 726 724 724 724 724 724 727 727 727 727 727 728 728 728 728 728 729 729 729 729 729 724 724 724 724 724 728 728 728 728 728 730 730 730 730 730 731 731 731 731 731 732 732 732 732 732 733 733 733 733 733 730 730 730 730 730 732 732 732 732 732 730 730 730 730 730 733 733 733 733 733 734 734 734 734 734 735 735 735 735 735 730 730 730 730 730 734 734 734 734 734 736 736 736 736 736 737 737 737 737 737 738 738 738 738 738 739 739 739 739 739 736 736 736 736 736 738 738 738 738 738 736 736 736 736 736 739 739 739 739 739 740 740 740 740 740 741 741 741 741 741 736 736 736 736 736 740 740 740 740 740 742 742 742 742 742 743 743 743 743 743 744 744 744 744 744 745 745 745 745 745 742 742 742 742 742 744 744 744 744 744 742 742 742 742 742 745 745 745 745 745 746 746 746 746 746 747 747 747 747 747 742 742 742 742 742 746 746 746 746 746 748 748 748 748 748 749 749 749 749 749 750 750 750 750 750 751 751 751 751 751 748 748 748 748 748 750 750 750 750 750 748 748 748 748 748 751 751 751 751 751 752 752 752 752 752 753 753 753 753 753 748 748 748 748 748 752 752 752 752 752 754 754 754 754 754 755 755 755 755 755 756 756 756 756 756 757 757 757 757 757 754 754 754 754 754 756 756 756 756 756 754 754 754 754 754 757 757 757 757 757 758 758 758 758 758 759 759 759 759 759 754 754 754 754 754 758 758 758 758 758 760 760 760 760 760 761 761 761 761 761 762 762 762 762 762 763 763 763 763 763 760 760 760 760 760 762 762 762 762 762 760 760 760 760 760 763 763 763 763 763 764 764 764 764 764 765 765 765 765 765 760 760 760 760 760 764 764 764 764 764 766 766 766 766 766 767 767 767 767 767 768 768 768 768 768 769 769 769 769 769 766 766 766 766 766 768 768 768 768 768 766 766 766 766 766 769 769 769 769 769 770 770 770 770 770 771 771 771 771 771 766 766 766 766 766 770 770 770 770 770 772 772 772 772 772 773 773 773 773 773 774 774 774 774 774 775 775 775 775 775 772 772 772 772 772 774 774 774 774 774 772 772 772 772 772 775 775 775 775 775 776 776 776 776 776 777 777 777 777 777 772 772 772 772 772 776 776 776 776 776 778 778 778 778 778 779 779 779 779 779 780 780 780 780 780 781 781 781 781 781 778 778 778 778 778 780 780 780 780 780 778 778 778 778 778 781 781 781 781 781 782 782 782 782 782 783 783 783 783 783 778 778 778 778 778 782 782 782 782 782 784 784 784 784 784 785 785 785 785 785 786 786 786 786 786 787 787 787 787 787 784 784 784 784 784 786 786 786 786 786 784 784 784 784 784 787 787 787 787 787 788 788 788 788 788 789 789 789 789 789 784 784 784 784 784 788 788 788 788 788 790 790 790 790 790 791 791 791 791 791 792 792 792 792 792 793 793 793 793 793 790 790 790 790 790 792 792 792 792 792 790 790 790 790 790 793 793 793 793 793 794 794 794 794 794 795 795 795 795 795 790 790 790 790 790 794 794 794 794 794 796 796 796 796 796 797 797 797 797 797 798 798 798 798 798 799 799 799 799 799 796 796 796 796 796 798 798 798 798 798 796 796 796 796 796 799 799 799 799 799 800 800 800 800 800 801 801 801 801 801 796 796 796 796 796 800 800 800 800 800 802 802 802 802 802 803 803 803 803 803 804 804 804 804 804 805 805 805 805 805 802 802 802 802 802 804 804 804 804 804 802 802 802 802 802 805 805 805 805 805 806 806 806 806 806 807 807 807 807 807 802 802 802 802 802 806 806 806 806 806 808 808 808 808 808 809 809 809 809 809 810 810 810 810 810 811 811 811 811 811 808 808 808 808 808 810 810 810 810 810 808 808 808 808 808 811 811 811 811 811 812 812 812 812 812 813 813 813 813 813 808 808 808 808 808 812 812 812 812 812 814 814 814 814 814 815 815 815 815 815 816 816 816 816 816 817 817 817 817 817 814 814 814 814 814 816 816 816 816 816 814 814 814 814 814 817 817 817 817 817 818 818 818 818 818 819 819 819 819 819 814 814 814 814 814 818 818 818 818 818 820 820 820 820 820 821 821 821 821 821 822 822 822 822 822 823 823 823 823 823 820 820 820 820 820 822 822 822 822 822 820 820 820 820 820 823 823 823 823 823 824 824 824 824 824 825 825 825 825 825 820 820 820 820 820 824 824 824 824 824 826 826 826 826 826 827 827 827 827 827 828 828 828 828 828 829 829 829 829 829 826 826 826 826 826 828 828 828 828 828 826 826 826 826 826 829 829 829 829 829 830 830 830 830 830 831 831 831 831 831 826 826 826 826 826 830 830 830 830 830 </p>
        </triangles>
      </mesh>
    </geometry>
    <geometry id="L01_017__mShadowShake-mesh" name="L01_017__mShadowShake">
      <mesh>
        <source id="L01_017__mShadowShake-position">
          <float_array id="L01_017__mShadowShake-position-array" count="648">6.27219 13.13919 -7.115873 7.727547 12.78331 -6.346315 8.008997 11.03997 -6.380188 6.388888 9.904089 -7.404016 4.684872 11.09431 -8.220663 4.840794 12.83082 -7.944592 -6.452196 17.80261 -0.9344287 -6.698773 17.72078 -2.598592 -8.22933 16.90604 -2.935035 -9.311547 16.2662 -1.09585 -8.337837 16.73106 0.8593982 -6.792717 17.56897 0.6965895 -1.623955 15.14035 2.850674 -2.914689 14.56178 3.765113 -2.436022 13.08217 4.602502 -0.3328538 12.47488 4.188894 0.841989 13.78411 2.813081 -0.06812429 15.17163 2.211007 -4.048018 18.24398 -0.6827613 -4.730428 18.36737 -2.217696 -6.474771 18.10906 -2.117031 -7.190301 17.71353 -0.04465067 -5.646472 17.6994 1.568916 -4.010802 18.01167 0.9831942 -0.5520193 24.35677 -4.680481 0.2311314 24.1955 -6.162912 -0.9016393 23.58354 -7.372011 -2.948408 23.2317 -6.565698 -3.272128 23.68881 -4.403878 -1.827211 24.28703 -3.585135 -3.377847 22.42538 -5.29083 -2.828601 22.09294 -6.84799 -3.580968 20.60921 -7.441346 -4.977928 19.68061 -5.975266 -5.224399 20.72555 -4.017064 -4.25563 22.19425 -3.874203 -4.064613 22.65692 -2.631291 -4.840928 22.12361 -4.027659 -5.522698 20.51738 -3.754143 -5.14491 19.73586 -1.702388 -3.990368 21.05464 -0.3185321 -3.510111 22.59047 -1.044195 -2.274728 23.90253 -2.783776 -3.09128 24.02574 -4.251767 -4.531082 23.00319 -4.220619 -4.79492 21.9087 -2.298206 -3.246693 22.24781 -0.7249278 -1.975638 23.36994 -1.216085 1.248251 24.58532 -3.723197 1.037431 24.4453 -2.058 2.489278 23.75163 -1.329609 4.089591 23.29763 -2.811527 3.646927 23.76951 -4.948951 2.042472 24.46095 -5.201205 0.6745306 24.61076 -2.789281 -0.9977539 24.67303 -2.598173 -1.448547 23.94646 -1.052702 0.2964939 23.20138 0.1147244 2.31335 23.46967 -0.8058829 2.269194 24.25911 -2.38412 -1.072283 24.79477 -4.753923 -1.627484 24.55952 -6.32661 -3.238763 23.8371 -6.288098 -3.996668 23.47966 -4.223878 -2.651886 24.06781 -2.540771 -1.117535 24.76 -3.072404 6.961441 13.61539 3.855271 5.694509 12.88231 4.68859 6.154787 11.24036 5.148721 8.210424 10.68387 4.494606 9.368019 12.23519 3.380798 8.484822 13.74654 3.153224 -8.249229 16.42056 -0.6702353 -8.302419 16.30929 -2.350034 -9.373636 14.9882 -2.826275 -10.28509 13.92306 -1.094823 -9.732727 14.65367 0.941915 -8.614056 16.01903 0.9223841 8.122272 15.92373 -0.9750134 8.465719 15.27997 0.5430633 9.725225 14.05026 0.3979849 10.43448 13.75571 -1.693281 9.481214 15.02 -3.268098 8.253582 16.12233 -2.640569 0.6141981 24.57908 -4.343591 2.276918 24.36588 -4.179758 2.937092 23.66692 -5.661386 1.395958 23.3025 -7.228325 -0.7072749 23.85597 -6.721086 -0.8880052 24.53017 -5.099736 -3.684978 20.8291 -0.3081753 -5.01117 20.9462 -1.33989 -6.018046 19.50363 -1.182472 -5.228286 18.03271 0.2926089 -3.328858 18.57245 1.335715 -2.675667 20.13782 0.8468956 8.758828 14.66145 -3.260944 9.422705 14.30368 -1.754888 10.33135 12.79196 -1.847917 10.30619 11.87043 -3.876054 9.168449 12.95569 -5.461914 8.412665 14.44615 -4.893297 -7.706545 15.82524 0.9892912 -8.749373 15.92008 -0.3299687 -9.957156 14.63533 -0.2286298 -9.716787 13.33752 1.566117 -8.031015 13.82843 2.946115 -7.076471 15.2196 2.426988 2.568506 23.66587 -4.683185 3.493414 23.41956 -3.297251 4.909591 22.44065 -3.691921 5.012021 21.8628 -5.84106 3.357519 22.5814 -7.157664 2.145317 23.54197 -6.306859 4.795525 13.48436 4.294754 3.142516 13.18378 4.413711 2.875387 11.51222 4.9178 4.763597 10.37066 5.225531 6.674763 11.46791 4.864016 6.441977 13.14561 4.36691 8.260369 15.06523 1.616247 7.626883 14.62534 3.113621 8.550035 13.27388 3.777635 10.21193 12.60491 2.453334 10.47062 13.70496 0.5271528 9.294562 14.99995 0.2907494 4.845648 20.02456 -2.346146 4.220714 19.24704 -0.9889977 4.858274 17.60241 -0.8978755 6.247845 17.10082 -2.565416 6.62921 18.70145 -4.075297 5.75849 20.20176 -3.748316 3.625545 23.03818 -3.222296 3.447313 22.64538 -1.594146 4.577344 21.35775 -1.164462 5.841178 20.68644 -2.871877 5.51193 21.70608 -4.831249 4.258705 22.94811 -4.778495 4.934453 21.57871 -3.457883 4.821123 21.02751 -1.870345 5.671064 19.48734 -1.712014 6.594904 18.78933 -3.615298 6.32485 20.09693 -5.405397 5.388717 21.55717 -5.077742 3.682284 20.87412 -0.9376913 2.706434 20.52646 0.3903848 3.240561 19.02143 1.14483 4.988226 18.09298 0.1216852 5.796896 19.16422 -1.663171 4.926277 20.65073 -2.04825 -4.003557 12.73473 4.374569 -5.604898 12.23144 4.513641 -5.659699 10.48844 4.79388 -3.643886 9.543051 4.870857 -1.886683 10.89254 4.590993 -2.328367 12.58269 4.337399 -5.455405 14.63666 3.699594 -6.954907 14.96574 3.006678 -8.069601 13.63654 3.338754 -7.15489 11.99586 4.536536 -5.018219 12.25397 5.132542 -4.304852 13.76535 4.564355 -4.004993 14.21494 -7.206166 -2.389895 13.73752 -7.184662 -2.269559 12.02332 -7.592893 -4.243164 11.07091 -7.994137 -6.045518 12.37912 -7.828814 -5.668993 14.04681 -7.38946 2.723665 13.14598 4.22717 1.098604 13.47741 3.933469 0.1185069 12.06742 4.346908 1.318352 10.3498 5.104086 3.528644 10.64267 5.230745 4.060178 12.24041 4.700922 -7.465413 13.87412 2.837059 -8.827357 13.99188 1.8531 -9.842793 12.56267 2.067234 -9.014738 11.10314 3.532594 -7.07269 11.63599 4.497851 -6.421586 13.1874 3.963829 -6.057395 12.4625 3.881733 -7.58512 12.65644 3.199546 -8.383966 11.08647 3.070518 -7.143869 9.399878 3.832585 -5.122577 9.915366 4.629992 -4.752751 11.63973 4.553828 -1.272248 13.09441 3.650946 -2.647483 12.55963 4.463153 -2.426544 10.88175 4.968589 -0.4501576 10.03654 4.383163 0.9351296 11.39 3.271259 0.2717834 13.00132 2.989082 1.842857 13.78262 3.43747 0.2177954 14.11406 3.14377 -0.7623014 12.70407 3.557208 0.4375443 10.98644 4.314386 2.647835 11.27932 4.441045 3.17937 12.87706 3.911223 -8.519108 14.81614 -2.956163 -8.380294 14.56779 -4.61628 -8.978044 12.95815 -5.030222 -9.704027 11.80586 -3.267163 -9.578032 12.81802 -1.28049 -8.901217 14.44639 -1.359903 5.868677 12.91623 4.207679 4.501007 12.07365 4.7141 4.914938 10.37999 4.996547 7.058137 9.917484 4.601612 8.346092 11.61113 3.923431 7.480574 13.1431 3.782142 8.275336 13.29609 1.819557 7.451985 12.52474 3.070177 8.135297 10.9171 3.331265 9.82271 10.44139 1.956666 10.39753 12.01826 0.4834844 9.416403 13.48129 0.5970896</float_array>
          <technique_common>
            <accessor source="#L01_017__mShadowShake-position-array" count="216" stride="3">
              <param name="X" type="float" />
              <param name="Y" type="float" />
              <param name="Z" type="float" />
            </accessor>
          </technique_common>
        </source>
        <source id="L01_017__mShadowShake-normal">
          <float_array id="L01_017__mShadowShake-normal-array" count="648">0.483366 0.09589023 -0.8708413 0.483366 0.09589023 -0.8708413 0.483366 0.09589023 -0.8708413 0.483366 0.09589023 -0.8708413 0.483366 0.09589023 -0.8708413 0.483366 0.09589023 -0.8708413 -0.473581 0.8806261 0.02739704 -0.473581 0.8806261 0.02739704 -0.473581 0.8806261 0.02739704 -0.473581 0.8806261 0.02739704 -0.473581 0.8806261 0.02739704 -0.473581 0.8806261 0.02739704 0.3091975 0.5420743 0.7808216 0.3091975 0.5420743 0.7808216 0.3091975 0.5420743 0.7808216 0.3091975 0.5420743 0.7808216 0.3091975 0.5420743 0.7808216 0.3091975 0.5420743 0.7808216 -0.1369862 0.9804303 0.138943 -0.1369862 0.9804303 0.138943 -0.1369862 0.9804303 0.138943 -0.1369862 0.9804303 0.138943 -0.1369862 0.9804303 0.138943 -0.1369862 0.9804303 0.138943 -0.254403 0.9373775 -0.2367908 -0.254403 0.9373775 -0.2367908 -0.254403 0.9373775 -0.2367908 -0.254403 0.9373775 -0.2367908 -0.254403 0.9373775 -0.2367908 -0.254403 0.9373775 -0.2367908 -0.7553813 0.5342466 -0.3796479 -0.7553813 0.5342466 -0.3796479 -0.7553813 0.5342466 -0.3796479 -0.7553813 0.5342466 -0.3796479 -0.7553813 0.5342466 -0.3796479 -0.7553813 0.5342466 -0.3796479 -0.8532289 0.4148729 0.3150682 -0.8532289 0.4148729 0.3150682 -0.8532289 0.4148729 0.3150682 -0.8532289 0.4148729 0.3150682 -0.8532289 0.4148729 0.3150682 -0.8532289 0.4148729 0.3150682 -0.5342465 0.7632093 0.3620349 -0.5342465 0.7632093 0.3620349 -0.5342465 0.7632093 0.3620349 -0.5342465 0.7632093 0.3620349 -0.5342465 0.7632093 0.3620349 -0.5342465 0.7632093 0.3620349 0.3757338 0.9178079 0.1252444 0.3757338 0.9178079 0.1252444 0.3757338 0.9178079 0.1252444 0.3757338 0.9178079 0.1252444 0.3757338 0.9178079 0.1252444 0.3757338 0.9178079 0.1252444 0.08414867 0.8923677 0.4442267 0.08414867 0.8923677 0.4442267 0.08414867 0.8923677 0.4442267 0.08414867 0.8923677 0.4442267 0.08414867 0.8923677 0.4442267 0.08414867 0.8923677 0.4442267 -0.4090018 0.9119372 0.007827573 -0.4090018 0.9119372 0.007827573 -0.4090018 0.9119372 0.007827573 -0.4090018 0.9119372 0.007827573 -0.4090018 0.9119372 0.007827573 -0.4090018 0.9119372 0.007827573 0.3679058 0.3444226 0.8630134 0.3679058 0.3444226 0.8630134 0.3679058 0.3444226 0.8630134 0.3679058 0.3444226 0.8630134 0.3679058 0.3444226 0.8630134 0.3679058 0.3444226 0.8630134 -0.7729939 0.6340509 -0.0176127 -0.7729939 0.6340509 -0.0176127 -0.7729939 0.6340509 -0.0176127 -0.7729939 0.6340509 -0.0176127 -0.7729939 0.6340509 -0.0176127 -0.7729939 0.6340509 -0.0176127 0.7005869 0.7005868 0.1389431 0.7005869 0.7005868 0.1389431 0.7005869 0.7005868 0.1389431 0.7005869 0.7005868 0.1389431 0.7005869 0.7005868 0.1389431 0.7005869 0.7005868 0.1389431 0.1545989 0.9178079 -0.3639923 0.1545989 0.9178079 -0.3639923 0.1545989 0.9178079 -0.3639923 0.1545989 0.9178079 -0.3639923 0.1545989 0.9178079 -0.3639923 0.1545989 0.9178079 -0.3639923 -0.5244619 0.446184 0.726027 -0.5244619 0.446184 0.726027 -0.5244619 0.446184 0.726027 -0.5244619 0.446184 0.726027 -0.5244619 0.446184 0.726027 -0.5244619 0.446184 0.726027 0.8258316 0.5107629 -0.2426614 0.8258316 0.5107629 -0.2426614 0.8258316 0.5107629 -0.2426614 0.8258316 0.5107629 -0.2426614 0.8258316 0.5107629 -0.2426614 0.8258316 0.5107629 -0.2426614 -0.6027397 0.6066537 0.5185907 -0.6027397 0.6066537 0.5185907 -0.6027397 0.6066537 0.5185907 -0.6027397 0.6066537 0.5185907 -0.6027397 0.6066537 0.5185907 -0.6027397 0.6066537 0.5185907 0.518591 0.8317022 -0.1996087 0.518591 0.8317022 -0.1996087 0.518591 0.8317022 -0.1996087 0.518591 0.8317022 -0.1996087 0.518591 0.8317022 -0.1996087 0.518591 0.8317022 -0.1996087 0.01761234 0.2857143 0.9589038 0.01761234 0.2857143 0.9589038 0.01761234 0.2857143 0.9589038 0.01761234 0.2857143 0.9589038 0.01761234 0.2857143 0.9589038 0.01761234 0.2857143 0.9589038 0.6183951 0.6438353 0.4500976 0.6183951 0.6438353 0.4500976 0.6183951 0.6438353 0.4500976 0.6183951 0.6438353 0.4500976 0.6183951 0.6438353 0.4500976 0.6183951 0.6438353 0.4500976 0.7710369 0.3287669 0.5440312 0.7710369 0.3287669 0.5440312 0.7710369 0.3287669 0.5440312 0.7710369 0.3287669 0.5440312 0.7710369 0.3287669 0.5440312 0.7710369 0.3287669 0.5440312 0.6888452 0.6849312 0.2407043 0.6888452 0.6849312 0.2407043 0.6888452 0.6849312 0.2407043 0.6888452 0.6849312 0.2407043 0.6888452 0.6849312 0.2407043 0.6888452 0.6849312 0.2407043 0.8414871 0.4872795 0.2289627 0.8414871 0.4872795 0.2289627 0.8414871 0.4872795 0.2289627 0.8414871 0.4872795 0.2289627 0.8414871 0.4872795 0.2289627 0.8414871 0.4872795 0.2289627 0.620352 0.5166339 0.5909979 0.620352 0.5166339 0.5909979 0.620352 0.5166339 0.5909979 0.620352 0.5166339 0.5909979 0.620352 0.5166339 0.5909979 0.620352 0.5166339 0.5909979 0.03522484 0.1565558 0.9863011 0.03522484 0.1565558 0.9863011 0.03522484 0.1565558 0.9863011 0.03522484 0.1565558 0.9863011 0.03522484 0.1565558 0.9863011 0.03522484 0.1565558 0.9863011 -0.2896283 0.4540117 0.8434439 -0.2896283 0.4540117 0.8434439 -0.2896283 0.4540117 0.8434439 -0.2896283 0.4540117 0.8434439 -0.2896283 0.4540117 0.8434439 -0.2896283 0.4540117 0.8434439 0.08219197 0.2367905 -0.9686887 0.08219197 0.2367905 -0.9686887 0.08219197 0.2367905 -0.9686887 0.08219197 0.2367905 -0.9686887 0.08219197 0.2367905 -0.9686887 0.08219197 0.2367905 -0.9686887 -0.09980445 0.3424658 0.9334635 -0.09980445 0.3424658 0.9334635 -0.09980445 0.3424658 0.9334635 -0.09980445 0.3424658 0.9334635 -0.09980445 0.3424658 0.9334635 -0.09980445 0.3424658 0.9334635 -0.4931507 0.4618395 0.7377688 -0.4931507 0.4618395 0.7377688 -0.4931507 0.4618395 0.7377688 -0.4931507 0.4618395 0.7377688 -0.4931507 0.4618395 0.7377688 -0.4931507 0.4618395 0.7377688 -0.3913895 0.1232878 0.9119371 -0.3913895 0.1232878 0.9119371 -0.3913895 0.1232878 0.9119371 -0.3913895 0.1232878 0.9119371 -0.3913895 0.1232878 0.9119371 -0.3913895 0.1232878 0.9119371 0.3894323 0.3131114 0.8669273 0.3894323 0.3131114 0.8669273 0.3894323 0.3131114 0.8669273 0.3894323 0.3131114 0.8669273 0.3894323 0.3131114 0.8669273 0.3894323 0.3131114 0.8669273 -0.09980445 0.3424658 0.9334635 -0.09980445 0.3424658 0.9334635 -0.09980445 0.3424658 0.9334635 -0.09980445 0.3424658 0.9334635 -0.09980445 0.3424658 0.9334635 -0.09980445 0.3424658 0.9334635 -0.9178079 0.3757339 -0.1330725 -0.9178079 0.3757339 -0.1330725 -0.9178079 0.3757339 -0.1330725 -0.9178079 0.3757339 -0.1330725 -0.9178079 0.3757339 -0.1330725 -0.9178079 0.3757339 -0.1330725 0.2211348 0.2133072 0.951076 0.2211348 0.2133072 0.951076 0.2211348 0.2133072 0.951076 0.2211348 0.2133072 0.951076 0.2211348 0.2133072 0.951076 0.2211348 0.2133072 0.951076 0.6457922 0.3816045 0.6614479 0.6457922 0.3816045 0.6614479 0.6457922 0.3816045 0.6614479 0.6457922 0.3816045 0.6614479 0.6457922 0.3816045 0.6614479 0.6457922 0.3816045 0.6614479</float_array>
          <technique_common>
            <accessor source="#L01_017__mShadowShake-normal-array" count="216" stride="3">
              <param name="X" type="float" />
              <param name="Y" type="float" />
              <param name="Z" type="float" />
            </accessor>
          </technique_common>
        </source>
        <source id="L01_017__mShadowShake-color">
          <float_array id="L01_017__mShadowShake-color-array" count="864">6.296875 12.89844 -7.097656 1 6.296875 12.89844 -7.097656 1 6.296875 12.89844 -7.097656 1 6.296875 12.89844 -7.097656 1 6.296875 12.89844 -7.097656 1 6.296875 12.89844 -7.097656 1 -6.597656 17.6875 -0.8999023 1 -6.597656 17.6875 -0.8999023 1 -6.597656 17.6875 -0.8999023 1 -6.597656 17.6875 -0.8999023 1 -6.597656 17.6875 -0.8999023 1 -6.597656 17.6875 -0.8999023 1 -1.5 15 2.898438 1 -1.5 15 2.898438 1 -1.5 15 2.898438 1 -1.5 15 2.898438 1 -1.5 15 2.898438 1 -1.5 15 2.898438 1 -4.296875 18.1875 -0.5996094 1 -4.296875 18.1875 -0.5996094 1 -4.296875 18.1875 -0.5996094 1 -4.296875 18.1875 -0.5996094 1 -4.296875 18.1875 -0.5996094 1 -4.296875 18.1875 -0.5996094 1 -0.699707 24.29688 -4.796875 1 -0.699707 24.29688 -4.796875 1 -0.699707 24.29688 -4.796875 1 -0.699707 24.29688 -4.796875 1 -0.699707 24.29688 -4.796875 1 -0.699707 24.29688 -4.796875 1 -3.5 22.1875 -5.296875 1 -3.5 22.1875 -5.296875 1 -3.5 22.1875 -5.296875 1 -3.5 22.1875 -5.296875 1 -3.5 22.1875 -5.296875 1 -3.5 22.1875 -5.296875 1 -4.097656 22.5 -2.599609 1 -4.097656 22.5 -2.599609 1 -4.097656 22.5 -2.599609 1 -4.097656 22.5 -2.599609 1 -4.097656 22.5 -2.599609 1 -4.097656 22.5 -2.599609 1 -2.398438 23.79688 -2.798828 1 -2.398438 23.79688 -2.798828 1 -2.398438 23.79688 -2.798828 1 -2.398438 23.79688 -2.798828 1 -2.398438 23.79688 -2.798828 1 -2.398438 23.79688 -2.798828 1 1.399414 24.5 -3.699219 1 1.399414 24.5 -3.699219 1 1.399414 24.5 -3.699219 1 1.399414 24.5 -3.699219 1 1.399414 24.5 -3.699219 1 1.399414 24.5 -3.699219 1 0.5996094 24.5 -2.599609 1 0.5996094 24.5 -2.599609 1 0.5996094 24.5 -2.599609 1 0.5996094 24.5 -2.599609 1 0.5996094 24.5 -2.599609 1 0.5996094 24.5 -2.599609 1 -1.299805 24.6875 -4.699219 1 -1.299805 24.6875 -4.699219 1 -1.299805 24.6875 -4.699219 1 -1.299805 24.6875 -4.699219 1 -1.299805 24.6875 -4.699219 1 -1.299805 24.6875 -4.699219 1 7.097656 13.19531 4 1 7.097656 13.19531 4 1 7.097656 13.19531 4 1 7.097656 13.19531 4 1 7.097656 13.19531 4 1 7.097656 13.19531 4 1 -8.398438 16.1875 -0.699707 1 -8.398438 16.1875 -0.699707 1 -8.398438 16.1875 -0.699707 1 -8.398438 16.1875 -0.699707 1 -8.398438 16.1875 -0.699707 1 -8.398438 16.1875 -0.699707 1 8.296875 15.79688 -1 1 8.296875 15.79688 -1 1 8.296875 15.79688 -1 1 8.296875 15.79688 -1 1 8.296875 15.79688 -1 1 8.296875 15.79688 -1 1 0.699707 24.5 -4.5 1 0.699707 24.5 -4.5 1 0.699707 24.5 -4.5 1 0.699707 24.5 -4.5 1 0.699707 24.5 -4.5 1 0.699707 24.5 -4.5 1 -3.798828 20.59375 -0.2998047 1 -3.798828 20.59375 -0.2998047 1 -3.798828 20.59375 -0.2998047 1 -3.798828 20.59375 -0.2998047 1 -3.798828 20.59375 -0.2998047 1 -3.798828 20.59375 -0.2998047 1 8.898438 14.5 -3.298828 1 8.898438 14.5 -3.298828 1 8.898438 14.5 -3.298828 1 8.898438 14.5 -3.298828 1 8.898438 14.5 -3.298828 1 8.898438 14.5 -3.298828 1 -7.796875 15.69531 1 1 -7.796875 15.69531 1 1 -7.796875 15.69531 1 1 -7.796875 15.69531 1 1 -7.796875 15.69531 1 1 -7.796875 15.69531 1 1 2.699219 23.5 -4.796875 1 2.699219 23.5 -4.796875 1 2.699219 23.5 -4.796875 1 2.699219 23.5 -4.796875 1 2.699219 23.5 -4.796875 1 2.699219 23.5 -4.796875 1 4.796875 13.29688 4.398438 1 4.796875 13.29688 4.398438 1 4.796875 13.29688 4.398438 1 4.796875 13.29688 4.398438 1 4.796875 13.29688 4.398438 1 4.796875 13.29688 4.398438 1 8.398438 14.89844 1.699219 1 8.398438 14.89844 1.699219 1 8.398438 14.89844 1.699219 1 8.398438 14.89844 1.699219 1 8.398438 14.89844 1.699219 1 8.398438 14.89844 1.699219 1 4.898438 19.79688 -2.398438 1 4.898438 19.79688 -2.398438 1 4.898438 19.79688 -2.398438 1 4.898438 19.79688 -2.398438 1 4.898438 19.79688 -2.398438 1 4.898438 19.79688 -2.398438 1 3.798828 22.89063 -3.199219 1 3.798828 22.89063 -3.199219 1 3.798828 22.89063 -3.199219 1 3.798828 22.89063 -3.199219 1 3.798828 22.89063 -3.199219 1 3.798828 22.89063 -3.199219 1 5 21.39063 -3.5 1 5 21.39063 -3.5 1 5 21.39063 -3.5 1 5 21.39063 -3.5 1 5 21.39063 -3.5 1 5 21.39063 -3.5 1 3.798828 20.6875 -0.8999023 1 3.798828 20.6875 -0.8999023 1 3.798828 20.6875 -0.8999023 1 3.798828 20.6875 -0.8999023 1 3.798828 20.6875 -0.8999023 1 3.798828 20.6875 -0.8999023 1 -4 12.5 4.398438 1 -4 12.5 4.398438 1 -4 12.5 4.398438 1 -4 12.5 4.398438 1 -4 12.5 4.398438 1 -4 12.5 4.398438 1 -5.597656 14.5 3.798828 1 -5.597656 14.5 3.798828 1 -5.597656 14.5 3.798828 1 -5.597656 14.5 3.798828 1 -5.597656 14.5 3.798828 1 -5.597656 14.5 3.798828 1 -4 14 -7.296875 1 -4 14 -7.296875 1 -4 14 -7.296875 1 -4 14 -7.296875 1 -4 14 -7.296875 1 -4 14 -7.296875 1 2.599609 13 4.296875 1 2.599609 13 4.296875 1 2.599609 13 4.296875 1 2.599609 13 4.296875 1 2.599609 13 4.296875 1 2.599609 13 4.296875 1 -7.597656 13.69531 2.898438 1 -7.597656 13.69531 2.898438 1 -7.597656 13.69531 2.898438 1 -7.597656 13.69531 2.898438 1 -7.597656 13.69531 2.898438 1 -7.597656 13.69531 2.898438 1 -6.097656 11.79688 3.898438 1 -6.097656 11.79688 3.898438 1 -6.097656 11.79688 3.898438 1 -6.097656 11.79688 3.898438 1 -6.097656 11.79688 3.898438 1 -6.097656 11.79688 3.898438 1 -1.099609 12.5 3.798828 1 -1.099609 12.5 3.798828 1 -1.099609 12.5 3.798828 1 -1.099609 12.5 3.798828 1 -1.099609 12.5 3.798828 1 -1.099609 12.5 3.798828 1 1.699219 13.59375 3.5 1 1.699219 13.59375 3.5 1 1.699219 13.59375 3.5 1 1.699219 13.59375 3.5 1 1.699219 13.59375 3.5 1 1.699219 13.59375 3.5 1 -8.59375 14.59375 -3 1 -8.59375 14.59375 -3 1 -8.59375 14.59375 -3 1 -8.59375 14.59375 -3 1 -8.59375 14.59375 -3 1 -8.59375 14.59375 -3 1 6 12.69531 4.199219 1 6 12.69531 4.199219 1 6 12.69531 4.199219 1 6 12.69531 4.199219 1 6 12.69531 4.199219 1 6 12.69531 4.199219 1 9 12.89844 1.899414 1 9 12.89844 1.899414 1 9 12.89844 1.899414 1 9 12.89844 1.899414 1 9 12.89844 1.899414 1 9 12.89844 1.899414 1</float_array>
          <technique_common>
            <accessor source="#L01_017__mShadowShake-color-array" count="216" stride="4">
              <param name="R" type="float" />
              <param name="G" type="float" />
              <param name="B" type="float" />
              <param name="A" type="float" />
            </accessor>
          </technique_common>
        </source>
        <source id="L01_017__mShadowShake-texcoord">
          <float_array id="L01_017__mShadowShake-texcoord-array" count="432">0.02389563 0.07612723 0.003295949 0.07098496 0.001968414 0.02673382 0.02389563 0.001998961 0.0458381 0.02673382 0.04451057 0.07098496 0.02389563 0.07612723 0.003295949 0.07098496 0.001968414 0.02673382 0.02389563 0.001998961 0.0458381 0.02673382 0.04451057 0.07098496 0.02389563 0.07612723 0.003295949 0.07098496 0.001968414 0.02673382 0.02389563 0.001998961 0.0458381 0.02673382 0.04451057 0.07098496 0.02389563 0.07612723 0.003295949 0.07098496 0.001968414 0.02673382 0.02389563 0.001998961 0.0458381 0.02673382 0.04451057 0.07098496 0.02389563 0.07612723 0.003295949 0.07098496 0.001968414 0.02673382 0.02389563 0.001998961 0.0458381 0.02673382 0.04451057 0.07098496 0.02389563 0.07612723 0.003295949 0.07098496 0.001968414 0.02673382 0.02389563 0.001998961 0.0458381 0.02673382 0.04451057 0.07098496 0.02389563 0.07612723 0.003295949 0.07098496 0.001968414 0.02673382 0.02389563 0.001998961 0.0458381 0.02673382 0.04451057 0.07098496 0.02389563 0.07612723 0.003295949 0.07098496 0.001968414 0.02673382 0.02389563 0.001998961 0.0458381 0.02673382 0.04451057 0.07098496 0.02389563 0.07612723 0.003295949 0.07098496 0.001968414 0.02673382 0.02389563 0.001998961 0.0458381 0.02673382 0.04451057 0.07098496 0.02389563 0.07612723 0.003295949 0.07098496 0.001968414 0.02673382 0.02389563 0.001998961 0.0458381 0.02673382 0.04451057 0.07098496 0.02389563 0.07612723 0.003295949 0.07098496 0.001968414 0.02673382 0.02389563 0.001998961 0.0458381 0.02673382 0.04451057 0.07098496 0.02389563 0.07612723 0.003295949 0.07098496 0.001968414 0.02673382 0.02389563 0.001998961 0.0458381 0.02673382 0.04451057 0.07098496 0.02389563 0.07612723 0.003295949 0.07098496 0.001968414 0.02673382 0.02389563 0.001998961 0.0458381 0.02673382 0.04451057 0.07098496 0.02389563 0.07612723 0.003295949 0.07098496 0.001968414 0.02673382 0.02389563 0.001998961 0.0458381 0.02673382 0.04451057 0.07098496 0.02389563 0.07612723 0.003295949 0.07098496 0.001968414 0.02673382 0.02389563 0.001998961 0.0458381 0.02673382 0.04451057 0.07098496 0.02389563 0.07612723 0.003295949 0.07098496 0.001968414 0.02673382 0.02389563 0.001998961 0.0458381 0.02673382 0.04451057 0.07098496 0.02389563 0.07612723 0.003295949 0.07098496 0.001968414 0.02673382 0.02389563 0.001998961 0.0458381 0.02673382 0.04451057 0.07098496 0.02389563 0.07612723 0.003295949 0.07098496 0.001968414 0.02673382 0.02389563 0.001998961 0.0458381 0.02673382 0.04451057 0.07098496 0.02389563 0.07612723 0.003295949 0.07098496 0.001968414 0.02673382 0.02389563 0.001998961 0.0458381 0.02673382 0.04451057 0.07098496 0.02389563 0.07612723 0.003295949 0.07098496 0.001968414 0.02673382 0.02389563 0.001998961 0.0458381 0.02673382 0.04451057 0.07098496 0.02389563 0.07612723 0.003295949 0.07098496 0.001968414 0.02673382 0.02389563 0.001998961 0.0458381 0.02673382 0.04451057 0.07098496 0.02389563 0.07612723 0.003295949 0.07098496 0.001968414 0.02673382 0.02389563 0.001998961 0.0458381 0.02673382 0.04451057 0.07098496 0.02389563 0.07612723 0.003295949 0.07098496 0.001968414 0.02673382 0.02389563 0.001998961 0.0458381 0.02673382 0.04451057 0.07098496 0.02389563 0.07612723 0.003295949 0.07098496 0.001968414 0.02673382 0.02389563 0.001998961 0.0458381 0.02673382 0.04451057 0.07098496 0.02389563 0.07612723 0.003295949 0.07098496 0.001968414 0.02673382 0.02389563 0.001998961 0.0458381 0.02673382 0.04451057 0.07098496 0.02389563 0.07612723 0.003295949 0.07098496 0.001968414 0.02673382 0.02389563 0.001998961 0.0458381 0.02673382 0.04451057 0.07098496 0.02389563 0.07612723 0.003295949 0.07098496 0.001968414 0.02673382 0.02389563 0.001998961 0.0458381 0.02673382 0.04451057 0.07098496 0.02389563 0.07612723 0.003295949 0.07098496 0.001968414 0.02673382 0.02389563 0.001998961 0.0458381 0.02673382 0.04451057 0.07098496 0.02389563 0.07612723 0.003295949 0.07098496 0.001968414 0.02673382 0.02389563 0.001998961 0.0458381 0.02673382 0.04451057 0.07098496 0.02389563 0.07612723 0.003295949 0.07098496 0.001968414 0.02673382 0.02389563 0.001998961 0.0458381 0.02673382 0.04451057 0.07098496 0.02389563 0.07612723 0.003295949 0.07098496 0.001968414 0.02673382 0.02389563 0.001998961 0.0458381 0.02673382 0.04451057 0.07098496 0.02389563 0.07612723 0.003295949 0.07098496 0.001968414 0.02673382 0.02389563 0.001998961 0.0458381 0.02673382 0.04451057 0.07098496 0.02389563 0.07612723 0.003295949 0.07098496 0.001968414 0.02673382 0.02389563 0.001998961 0.0458381 0.02673382 0.04451057 0.07098496 0.02389563 0.07612723 0.003295949 0.07098496 0.001968414 0.02673382 0.02389563 0.001998961 0.0458381 0.02673382 0.04451057 0.07098496 0.02389563 0.07612723 0.003295949 0.07098496 0.001968414 0.02673382 0.02389563 0.001998961 0.0458381 0.02673382 0.04451057 0.07098496 0.02389563 0.07612723 0.003295949 0.07098496 0.001968414 0.02673382 0.02389563 0.001998961 0.0458381 0.02673382 0.04451057 0.07098496</float_array>
          <technique_common>
            <accessor source="#L01_017__mShadowShake-texcoord-array" count="216" stride="2">
              <param name="S" type="float" />
              <param name="T" type="float" />
            </accessor>
          </technique_common>
        </source>
        <vertices id="L01_017__mShadowShake-vertex">
          <input semantic="POSITION" source="#L01_017__mShadowShake-position" />
        </vertices>
        <triangles material="mShadowShake" count="144">
          <input semantic="VERTEX" source="#L01_017__mShadowShake-vertex" offset="0" />
          <input semantic="NORMAL" source="#L01_017__mShadowShake-normal" offset="1" />
          <input semantic="COLOR" source="#L01_017__mShadowShake-color" offset="2" set="0" />
          <input semantic="TEXCOORD" source="#L01_017__mShadowShake-texcoord" offset="3" set="0" />
          <p>0 0 0 0 1 1 1 1 2 2 2 2 3 3 3 3 0 0 0 0 2 2 2 2 0 0 0 0 3 3 3 3 4 4 4 4 5 5 5 5 0 0 0 0 4 4 4 4 6 6 6 6 7 7 7 7 8 8 8 8 9 9 9 9 6 6 6 6 8 8 8 8 6 6 6 6 9 9 9 9 10 10 10 10 11 11 11 11 6 6 6 6 10 10 10 10 12 12 12 12 13 13 13 13 14 14 14 14 15 15 15 15 12 12 12 12 14 14 14 14 12 12 12 12 15 15 15 15 16 16 16 16 17 17 17 17 12 12 12 12 16 16 16 16 18 18 18 18 19 19 19 19 20 20 20 20 21 21 21 21 18 18 18 18 20 20 20 20 18 18 18 18 21 21 21 21 22 22 22 22 23 23 23 23 18 18 18 18 22 22 22 22 24 24 24 24 25 25 25 25 26 26 26 26 27 27 27 27 24 24 24 24 26 26 26 26 24 24 24 24 27 27 27 27 28 28 28 28 29 29 29 29 24 24 24 24 28 28 28 28 30 30 30 30 31 31 31 31 32 32 32 32 33 33 33 33 30 30 30 30 32 32 32 32 30 30 30 30 33 33 33 33 34 34 34 34 35 35 35 35 30 30 30 30 34 34 34 34 36 36 36 36 37 37 37 37 38 38 38 38 39 39 39 39 36 36 36 36 38 38 38 38 36 36 36 36 39 39 39 39 40 40 40 40 41 41 41 41 36 36 36 36 40 40 40 40 42 42 42 42 43 43 43 43 44 44 44 44 45 45 45 45 42 42 42 42 44 44 44 44 42 42 42 42 45 45 45 45 46 46 46 46 47 47 47 47 42 42 42 42 46 46 46 46 48 48 48 48 49 49 49 49 50 50 50 50 51 51 51 51 48 48 48 48 50 50 50 50 48 48 48 48 51 51 51 51 52 52 52 52 53 53 53 53 48 48 48 48 52 52 52 52 54 54 54 54 55 55 55 55 56 56 56 56 57 57 57 57 54 54 54 54 56 56 56 56 54 54 54 54 57 57 57 57 58 58 58 58 59 59 59 59 54 54 54 54 58 58 58 58 60 60 60 60 61 61 61 61 62 62 62 62 63 63 63 63 60 60 60 60 62 62 62 62 60 60 60 60 63 63 63 63 64 64 64 64 65 65 65 65 60 60 60 60 64 64 64 64 66 66 66 66 67 67 67 67 68 68 68 68 69 69 69 69 66 66 66 66 68 68 68 68 66 66 66 66 69 69 69 69 70 70 70 70 71 71 71 71 66 66 66 66 70 70 70 70 72 72 72 72 73 73 73 73 74 74 74 74 75 75 75 75 72 72 72 72 74 74 74 74 72 72 72 72 75 75 75 75 76 76 76 76 77 77 77 77 72 72 72 72 76 76 76 76 78 78 78 78 79 79 79 79 80 80 80 80 81 81 81 81 78 78 78 78 80 80 80 80 78 78 78 78 81 81 81 81 82 82 82 82 83 83 83 83 78 78 78 78 82 82 82 82 84 84 84 84 85 85 85 85 86 86 86 86 87 87 87 87 84 84 84 84 86 86 86 86 84 84 84 84 87 87 87 87 88 88 88 88 89 89 89 89 84 84 84 84 88 88 88 88 90 90 90 90 91 91 91 91 92 92 92 92 93 93 93 93 90 90 90 90 92 92 92 92 90 90 90 90 93 93 93 93 94 94 94 94 95 95 95 95 90 90 90 90 94 94 94 94 96 96 96 96 97 97 97 97 98 98 98 98 99 99 99 99 96 96 96 96 98 98 98 98 96 96 96 96 99 99 99 99 100 100 100 100 101 101 101 101 96 96 96 96 100 100 100 100 102 102 102 102 103 103 103 103 104 104 104 104 105 105 105 105 102 102 102 102 104 104 104 104 102 102 102 102 105 105 105 105 106 106 106 106 107 107 107 107 102 102 102 102 106 106 106 106 108 108 108 108 109 109 109 109 110 110 110 110 111 111 111 111 108 108 108 108 110 110 110 110 108 108 108 108 111 111 111 111 112 112 112 112 113 113 113 113 108 108 108 108 112 112 112 112 114 114 114 114 115 115 115 115 116 116 116 116 117 117 117 117 114 114 114 114 116 116 116 116 114 114 114 114 117 117 117 117 118 118 118 118 119 119 119 119 114 114 114 114 118 118 118 118 120 120 120 120 121 121 121 121 122 122 122 122 123 123 123 123 120 120 120 120 122 122 122 122 120 120 120 120 123 123 123 123 124 124 124 124 125 125 125 125 120 120 120 120 124 124 124 124 126 126 126 126 127 127 127 127 128 128 128 128 129 129 129 129 126 126 126 126 128 128 128 128 126 126 126 126 129 129 129 129 130 130 130 130 131 131 131 131 126 126 126 126 130 130 130 130 132 132 132 132 133 133 133 133 134 134 134 134 135 135 135 135 132 132 132 132 134 134 134 134 132 132 132 132 135 135 135 135 136 136 136 136 137 137 137 137 132 132 132 132 136 136 136 136 138 138 138 138 139 139 139 139 140 140 140 140 141 141 141 141 138 138 138 138 140 140 140 140 138 138 138 138 141 141 141 141 142 142 142 142 143 143 143 143 138 138 138 138 142 142 142 142 144 144 144 144 145 145 145 145 146 146 146 146 147 147 147 147 144 144 144 144 146 146 146 146 144 144 144 144 147 147 147 147 148 148 148 148 149 149 149 149 144 144 144 144 148 148 148 148 150 150 150 150 151 151 151 151 152 152 152 152 153 153 153 153 150 150 150 150 152 152 152 152 150 150 150 150 153 153 153 153 154 154 154 154 155 155 155 155 150 150 150 150 154 154 154 154 156 156 156 156 157 157 157 157 158 158 158 158 159 159 159 159 156 156 156 156 158 158 158 158 156 156 156 156 159 159 159 159 160 160 160 160 161 161 161 161 156 156 156 156 160 160 160 160 162 162 162 162 163 163 163 163 164 164 164 164 165 165 165 165 162 162 162 162 164 164 164 164 162 162 162 162 165 165 165 165 166 166 166 166 167 167 167 167 162 162 162 162 166 166 166 166 168 168 168 168 169 169 169 169 170 170 170 170 171 171 171 171 168 168 168 168 170 170 170 170 168 168 168 168 171 171 171 171 172 172 172 172 173 173 173 173 168 168 168 168 172 172 172 172 174 174 174 174 175 175 175 175 176 176 176 176 177 177 177 177 174 174 174 174 176 176 176 176 174 174 174 174 177 177 177 177 178 178 178 178 179 179 179 179 174 174 174 174 178 178 178 178 180 180 180 180 181 181 181 181 182 182 182 182 183 183 183 183 180 180 180 180 182 182 182 182 180 180 180 180 183 183 183 183 184 184 184 184 185 185 185 185 180 180 180 180 184 184 184 184 186 186 186 186 187 187 187 187 188 188 188 188 189 189 189 189 186 186 186 186 188 188 188 188 186 186 186 186 189 189 189 189 190 190 190 190 191 191 191 191 186 186 186 186 190 190 190 190 192 192 192 192 193 193 193 193 194 194 194 194 195 195 195 195 192 192 192 192 194 194 194 194 192 192 192 192 195 195 195 195 196 196 196 196 197 197 197 197 192 192 192 192 196 196 196 196 198 198 198 198 199 199 199 199 200 200 200 200 201 201 201 201 198 198 198 198 200 200 200 200 198 198 198 198 201 201 201 201 202 202 202 202 203 203 203 203 198 198 198 198 202 202 202 202 204 204 204 204 205 205 205 205 206 206 206 206 207 207 207 207 204 204 204 204 206 206 206 206 204 204 204 204 207 207 207 207 208 208 208 208 209 209 209 209 204 204 204 204 208 208 208 208 210 210 210 210 211 211 211 211 212 212 212 212 213 213 213 213 210 210 210 210 212 212 212 212 210 210 210 210 213 213 213 213 214 214 214 214 215 215 215 215 210 210 210 210 214 214 214 214 </p>
        </triangles>
      </mesh>
    </geometry>
    <geometry id="LB014__mTreeOakLeafBack-mesh" name="LB014__mTreeOakLeafBack">
      <mesh>
        <source id="LB014__mTreeOakLeafBack-position">
          <float_array id="LB014__mTreeOakLeafBack-position-array" count="342">-0.8380618 14.61345 1.326971 -0.5408254 12.80341 1.772662 0.01766729 15.23601 1.352669 2.504446 15.14652 1.836604 2.397062 11.33842 2.637373 3.231914 14.73846 2.060485 3.866373 12.494 2.662822 4.934726 12.18074 1.377924 6.203575 10.51876 1.571077 5.458229 13.18353 1.050854 7.998096 14.21398 0.3878164 9.933367 10.38761 0.993543 8.945957 14.13655 0.2516679 10.78576 12.19537 0.4188387 0.8010569 7.734924 -1.923472 2.586802 6.528792 -2.054991 0.970818 8.930101 -2.015323 3.082177 10.88416 -2.37559 6.239522 7.74974 -2.547435 4.025259 11.15023 -2.499755 6.45718 9.871208 -2.700888 6.181644 13.55613 5.082359 7.675232 13.06506 4.543235 5.85006 14.3351 4.692481 6.393909 15.88513 3.181205 9.396924 14.38536 2.487 6.856198 16.19503 2.663021 8.758803 15.75543 1.834828 1.460155 22.59349 0.03623492 3.308315 21.28651 -0.04850823 1.223772 23.27568 -1.008886 2.345531 23.81145 -3.785293 5.928422 20.88377 -3.141888 3.037471 23.6772 -4.545041 5.440017 22.12112 -4.948288 -5.774484 19.43805 -2.313791 -5.18972 17.64941 -1.453766 -5.102612 20.35246 -2.071695 -2.820867 21.03616 -0.6410902 -2.258342 17.04422 0.7568647 -2.087154 20.83921 -0.07635415 -1.119741 18.70434 1.139376 1.667621 21.86369 1.30101 2.648912 20.37374 1.380628 1.92151 22.50957 0.5790105 3.496174 22.78018 -1.209551 5.108334 19.54346 -0.5107432 4.125135 22.53626 -1.670498 5.506083 20.72574 -1.764563 -6.898643 8.140377 -2.045316 -5.157961 6.748659 -1.640087 -6.600574 9.369394 -2.164541 -4.200334 11.23688 -2.092506 -1.224084 7.734949 -1.25537 -3.189638 11.44043 -1.987259 -0.7822866 9.922956 -1.47918 -6.899212 15.06112 2.927616 -5.300097 14.09846 3.785101 -6.634159 15.93333 2.223508 -4.45177 17.2821 1.209992 -1.710862 14.8429 3.327009 -3.529321 17.43814 1.121202 -1.320191 16.39462 2.070917 -3.289103 16.13195 1.095756 -2.325824 14.63492 1.237977 -2.762036 16.9829 1.064102 -0.499295 17.77605 1.115679 0.8707563 14.36945 1.40169 0.3096742 17.67024 1.159642 1.742389 15.90718 1.340788 1.227253 17.33014 1.588129 2.451016 17.01869 2.416306 1.379269 17.61994 0.8070803 2.918245 18.07594 -0.4324439 5.054667 17.28097 1.689474 3.589132 18.13168 -0.5878355 5.265618 17.79618 0.3013852 -8.396733 15.5577 -1.466781 -7.845144 13.99468 -0.5634919 -7.659143 16.31013 -1.568462 -5.238894 16.7872 -0.9844562 -4.787703 13.33447 0.7560889 -4.475218 16.58293 -0.636721 -3.533868 14.7044 0.5413705 3.087889 13.32066 -1.241496 4.294288 18.94589 -2.246134 -0.0804816 21.11279 -2.928706 -3.389966 13.0304 -1.581496 -5.300444 14.79184 -2.035837 -4.463206 20.9617 -3.167422 -0.9576488 8.391059 1.927209 -0.5929737 14.11046 1.5023 -5.135547 15.62938 0.7364643 -7.184686 7.188828 1.150867 -9.284766 8.656217 0.7330977 -9.355039 14.86066 0.2065846 5.504247 16.95721 -2.240014 4.149182 21.91352 -4.707613 -0.2683609 22.95928 -3.114108 0.4099086 15.55678 1.259907 -1.85633 16.70048 1.690119 -3.733768 22.04996 -0.7609269 9.329515 9.110668 -1.769922 8.914411 14.26217 -2.589722 4.794503 15.30553 -1.387169 4.101239 7.597325 0.2852222 2.098859 8.76547 0.7464326 1.245915 14.32124 -0.0002719999 9.74266 13.49536 0.1643361 7.749641 16.33095 -2.968762 4.062909 16.87822 -1.68017 5.975841 12.6265 3.634227 3.971582 13.25671 3.833092 1.492486 16.31212 0.647238</float_array>
          <technique_common>
            <accessor source="#LB014__mTreeOakLeafBack-position-array" count="114" stride="3">
              <param name="X" type="float" />
              <param name="Y" type="float" />
              <param name="Z" type="float" />
            </accessor>
          </technique_common>
        </source>
        <source id="LB014__mTreeOakLeafBack-normal">
          <float_array id="LB014__mTreeOakLeafBack-normal-array" count="342">-0.1741685 0.1976517 0.9647747 -0.1741685 0.1976517 0.9647747 -0.1800393 0.2074365 0.9608607 -0.1741685 0.1976517 0.9647747 -0.1800393 0.2074365 0.9608607 -0.1741685 0.1976517 0.9647747 -0.1741685 0.1976517 0.9647747 0.1663403 0.2250489 0.9608607 0.1663403 0.2250489 0.9608607 0.1565555 0.2309197 0.9608607 0.1663403 0.2250489 0.9608607 0.1565555 0.2309197 0.9608607 0.1663403 0.2250489 0.9608607 0.1663403 0.2250489 0.9608607 0.1232874 0.05675149 0.990215 0.1232874 0.05675149 0.990215 0.1135027 0.06066538 0.9921719 0.1232874 0.05675149 0.990215 0.1135027 0.06066538 0.9921719 0.1232874 0.05675149 0.990215 0.1232874 0.05675149 0.990215 0.4461837 0.5440311 0.7103715 0.4461837 0.5440311 0.7103715 0.436399 0.5440311 0.7162424 0.4461837 0.5440311 0.7103715 0.436399 0.5440311 0.7162424 0.4461837 0.5440311 0.7103715 0.4461837 0.5440311 0.7103715 0.5577298 0.7475535 0.362035 0.5577298 0.7475535 0.362035 0.547945 0.7514674 0.3659489 0.5577298 0.7475535 0.362035 0.547945 0.7514674 0.3659489 0.5577298 0.7475535 0.362035 0.5577298 0.7475535 0.362035 -0.55773 0.1937379 0.8082189 -0.55773 0.1937379 0.8082189 -0.5636008 0.2015657 0.802348 -0.55773 0.1937379 0.8082189 -0.5636008 0.2015657 0.802348 -0.55773 0.1937379 0.8082189 -0.55773 0.1937379 0.8082189 0.6418784 0.4442268 0.624266 0.6418784 0.4442268 0.624266 0.6340506 0.4520546 0.6262228 0.6418784 0.4442268 0.624266 0.6340506 0.4520546 0.6262228 0.6418784 0.4442268 0.624266 0.6418784 0.4442268 0.624266 -0.117417 0.1232877 0.9863011 -0.117417 0.1232877 0.9863011 -0.1272017 0.1272016 0.9843442 -0.117417 0.1232877 0.9863011 -0.1272017 0.1272016 0.9843442 -0.117417 0.1232877 0.9863011 -0.117417 0.1232877 0.9863011 -0.02348348 0.6320938 0.7749508 -0.02348348 0.6320938 0.7749508 -0.03326822 0.6340508 0.7729938 -0.02348348 0.6320938 0.7749508 -0.03326822 0.6340508 0.7729938 -0.02348348 0.6320938 0.7749508 -0.02348348 0.6320938 0.7749508 -0.03718219 0.05870847 0.9980428 -0.03718219 0.05870847 0.9980428 -0.04500998 0.06457931 0.9960859 -0.03718219 0.05870847 0.9980428 -0.04500998 0.06457931 0.9960859 -0.03718219 0.05870847 0.9980428 -0.03718219 0.05870847 0.9980428 0.01369861 0.9354205 0.3502932 0.01369861 0.9354205 0.3502932 0.00195693 0.9373775 0.3483363 0.01369861 0.9354205 0.3502932 0.00195693 0.9373775 0.3483363 0.01369861 0.9354205 0.3502932 0.01369861 0.9354205 0.3502932 -0.2818005 0.3933464 0.8747551 -0.2818005 0.3933464 0.8747551 -0.2896283 0.4011742 0.8688843 -0.2818005 0.3933464 0.8747551 -0.2896283 0.4011742 0.8688843 -0.2818005 0.3933464 0.8747551 -0.2818005 0.3933464 0.8747551 -0.06066554 0.187867 0.9804302 -0.05283776 0.1800392 0.9823872 -0.05283776 0.1800392 0.9823872 -0.05283776 0.1800392 0.9823872 -0.05283776 0.1800392 0.9823872 -0.06066554 0.187867 0.9804302 -0.1389434 0.08219185 0.9863011 -0.1311156 0.07436407 0.9882581 -0.1311156 0.07436407 0.9882581 -0.1311156 0.07436407 0.9882581 -0.1311156 0.07436407 0.9882581 -0.1389434 0.08219185 0.9863011 0.3953031 0.4931505 0.7749508 0.4050879 0.4872797 0.7729938 0.4050879 0.4872797 0.7729938 0.4050879 0.4872797 0.7729938 0.4050879 0.4872797 0.7729938 0.3953031 0.4931505 0.7749508 0.3170252 0.1741683 0.9334635 0.324853 0.1663405 0.9315066 0.324853 0.1663405 0.9315066 0.324853 0.1663405 0.9315066 0.324853 0.1663405 0.9315066 0.3170252 0.1741683 0.9334635 0.3013698 0.7945204 0.5264185 0.3111545 0.7906065 0.5264185 0.3111545 0.7906065 0.5264185 0.3111545 0.7906065 0.5264185 0.3111545 0.7906065 0.5264185 0.3013698 0.7945204 0.5264185</float_array>
          <technique_common>
            <accessor source="#LB014__mTreeOakLeafBack-normal-array" count="114" stride="3">
              <param name="X" type="float" />
              <param name="Y" type="float" />
              <param name="Z" type="float" />
            </accessor>
          </technique_common>
        </source>
        <source id="LB014__mTreeOakLeafBack-color">
          <float_array id="LB014__mTreeOakLeafBack-color-array" count="456">1 1 1 0.0009994507 1 1 1 0.0009994507 1 1 1 0.0009994507 1 1 1 0.0009994507 1 1 1 0.0009994507 1 1 1 0.0009994507 1 1 1 0.0009994507 10.79688 16.09375 0.1999512 0.0009994507 10.79688 16.09375 0.1999512 0.0009994507 10.79688 16.09375 0.1999512 0.0009994507 10.79688 16.09375 0.1999512 0.0009994507 10.79688 16.09375 0.1999512 0.0009994507 10.79688 16.09375 0.1999512 0.0009994507 10.79688 16.09375 0.1999512 0.0009994507 3.699219 9.796875 -2.298828 1 3.699219 9.796875 -2.298828 1 3.699219 9.796875 -2.298828 1 3.699219 9.796875 -2.298828 1 3.699219 9.796875 -2.298828 1 3.699219 9.796875 -2.298828 1 3.699219 9.796875 -2.298828 1 1 1 1 0.0009994507 1 1 1 0.0009994507 1 1 1 0.0009994507 1 1 1 0.0009994507 1 1 1 0.0009994507 1 1 1 0.0009994507 1 1 1 0.0009994507 1 1 1 0.0009994507 1 1 1 0.0009994507 1 1 1 0.0009994507 1 1 1 0.0009994507 1 1 1 0.0009994507 1 1 1 0.0009994507 1 1 1 0.0009994507 -3.699219 25.5 0.3999023 0.0009994507 -3.699219 25.5 0.3999023 0.0009994507 -3.699219 25.5 0.3999023 0.0009994507 -3.699219 25.5 0.3999023 0.0009994507 -3.699219 25.5 0.3999023 0.0009994507 -3.699219 25.5 0.3999023 0.0009994507 -3.699219 25.5 0.3999023 0.0009994507 1 1 1 0.0009994507 1 1 1 0.0009994507 1 1 1 0.0009994507 1 1 1 0.0009994507 1 1 1 0.0009994507 1 1 1 0.0009994507 1 1 1 0.0009994507 -3.699219 10.5 -1.899414 1 -3.699219 10.5 -1.899414 1 -3.699219 10.5 -1.899414 1 -3.699219 10.5 -1.899414 1 -3.699219 10.5 -1.899414 1 -3.699219 10.5 -1.899414 1 -3.699219 10.5 -1.899414 1 1 1 1 0.0009994507 1 1 1 0.0009994507 1 1 1 0.0009994507 1 1 1 0.0009994507 1 1 1 0.0009994507 1 1 1 0.0009994507 1 1 1 0.0009994507 1 1 1 0.0009994507 1 1 1 0.0009994507 1 1 1 0.0009994507 1 1 1 0.0009994507 1 1 1 0.0009994507 1 1 1 0.0009994507 1 1 1 0.0009994507 1 1 1 0.0009994507 1 1 1 0.0009994507 1 1 1 0.0009994507 1 1 1 0.0009994507 1 1 1 0.0009994507 1 1 1 0.0009994507 1 1 1 0.0009994507 1 1 1 0.0009994507 1 1 1 0.0009994507 1 1 1 0.0009994507 1 1 1 0.0009994507 1 1 1 0.0009994507 1 1 1 0.0009994507 1 1 1 0.0009994507 -1.399414 21.89063 -2.898438 0.0009994507 -1.399414 21.89063 -2.898438 0.0009994507 -1.399414 21.89063 -2.898438 0.0009994507 -1.399414 21.89063 -2.898438 0.0009994507 -1.399414 21.89063 -2.898438 0.0009994507 -1.399414 21.89063 -2.898438 0.0009994507 -6.796875 15 2.398438 0.0009994507 -6.796875 15 2.398438 0.0009994507 -6.796875 15 2.398438 0.0009994507 -6.796875 15 2.398438 0.0009994507 -6.796875 15 2.398438 0.0009994507 -6.796875 15 2.398438 0.0009994507 1 1 1 0.0009994507 1 1 1 0.0009994507 1 1 1 0.0009994507 1 1 1 0.0009994507 1 1 1 0.0009994507 1 1 1 0.0009994507 1 1 1 0.0009994507 1 1 1 0.0009994507 1 1 1 0.0009994507 1 1 1 0.0009994507 1 1 1 0.0009994507 1 1 1 0.0009994507 1 1 1 0.0009994507 1 1 1 0.0009994507 1 1 1 0.0009994507 1 1 1 0.0009994507 1 1 1 0.0009994507 1 1 1 0.0009994507</float_array>
          <technique_common>
            <accessor source="#LB014__mTreeOakLeafBack-color-array" count="114" stride="4">
              <param name="R" type="float" />
              <param name="G" type="float" />
              <param name="B" type="float" />
              <param name="A" type="float" />
            </accessor>
          </technique_common>
        </source>
        <source id="LB014__mTreeOakLeafBack-texcoord">
          <float_array id="LB014__mTreeOakLeafBack-texcoord-array" count="228">0.02700888 0.2784814 0.1331523 0.1031221 0.1309549 0.3592334 0.4987945 0.4033021 0.6133 0.01687676 0.61919 0.374279 0.7878353 0.1627247 0.02700888 0.2784814 0.1331523 0.1031221 0.1309549 0.3592334 0.4987945 0.4033021 0.6133 0.01687676 0.61919 0.374279 0.7878353 0.1627247 0.02700888 0.2784814 0.1331523 0.1031221 0.1309549 0.3592334 0.4987945 0.4033021 0.6133 0.01687676 0.61919 0.374279 0.7878353 0.1627247 0.02700888 0.2784814 0.1331523 0.1031221 0.1309549 0.3592334 0.4987945 0.4033021 0.6133 0.01687676 0.61919 0.374279 0.7878353 0.1627247 0.02700888 0.2784814 0.1331523 0.1031221 0.1309549 0.3592334 0.4987945 0.4033021 0.6133 0.01687676 0.61919 0.374279 0.7878353 0.1627247 0.02700888 0.2784814 0.1331523 0.1031221 0.1309549 0.3592334 0.4987945 0.4033021 0.6133 0.01687676 0.61919 0.374279 0.7878353 0.1627247 0.02700888 0.2784814 0.1331523 0.1031221 0.1309549 0.3592334 0.4987945 0.4033021 0.6133 0.01687676 0.61919 0.374279 0.7878353 0.1627247 0.02700888 0.2784814 0.1331523 0.1031221 0.1309549 0.3592334 0.4987945 0.4033021 0.6133 0.01687676 0.61919 0.374279 0.7878353 0.1627247 0.02700888 0.2784814 0.1331523 0.1031221 0.1309549 0.3592334 0.4987945 0.4033021 0.6133 0.01687676 0.61919 0.374279 0.7878353 0.1627247 0.02700888 0.2784814 0.1331523 0.1031221 0.1309549 0.3592334 0.4987945 0.4033021 0.6133 0.01687676 0.61919 0.374279 0.7878353 0.1627247 0.02700888 0.2784814 0.1331523 0.1031221 0.1309549 0.3592334 0.4987945 0.4033021 0.6133 0.01687676 0.61919 0.374279 0.7878353 0.1627247 0.02700888 0.2784814 0.1331523 0.1031221 0.1309549 0.3592334 0.4987945 0.4033021 0.6133 0.01687676 0.61919 0.374279 0.7878353 0.1627247 0.9256569 0.4737999 0.9829707 0.8810694 0.4842982 1.002045 0.2323069 0.4051942 0.004028443 0.5157323 0.01458785 0.9588305 0.9256569 0.4737999 0.9829707 0.8810694 0.4842982 1.002045 0.2323069 0.4051942 0.004028443 0.5157323 0.01458785 0.9588305 0.9256569 0.4737999 0.9829707 0.8810694 0.4842982 1.002045 0.2323069 0.4051942 0.004028443 0.5157323 0.01458785 0.9588305 0.9256569 0.4737999 0.9829707 0.8810694 0.4842982 1.002045 0.2323069 0.4051942 0.004028443 0.5157323 0.01458785 0.9588305 0.9256569 0.4737999 0.9829707 0.8810694 0.4842982 1.002045 0.2323069 0.4051942 0.004028443 0.5157323 0.01458785 0.9588305</float_array>
          <technique_common>
            <accessor source="#LB014__mTreeOakLeafBack-texcoord-array" count="114" stride="2">
              <param name="S" type="float" />
              <param name="T" type="float" />
            </accessor>
          </technique_common>
        </source>
        <source id="LB014__mTreeOakLeafBack-texcoord_1">
          <float_array id="LB014__mTreeOakLeafBack-texcoord-array_1" count="228">-0.04376221 0.04638672 -0.02838135 0.001953125 -0.02890015 0.06640625 0.02389526 0.07617188 0.04089355 -0.02050781 0.0413208 0.06933594 0.065979 0.015625 -0.04376221 0.04638672 -0.02838135 0.001953125 -0.02890015 0.06640625 0.02389526 0.07617188 0.04089355 -0.02050781 0.0413208 0.06933594 0.065979 0.015625 -0.04376221 0.04638672 -0.02838135 0.001953125 -0.02890015 0.06640625 0.02389526 0.07617188 0.04089355 -0.02050781 0.0413208 0.06933594 0.065979 0.015625 -0.04376221 0.04638672 -0.02838135 0.001953125 -0.02890015 0.06640625 0.02389526 0.07617188 0.04089355 -0.02050781 0.0413208 0.06933594 0.065979 0.015625 -0.04376221 0.04638672 -0.02838135 0.001953125 -0.02890015 0.06640625 0.02389526 0.07617188 0.04089355 -0.02050781 0.0413208 0.06933594 0.065979 0.015625 -0.04376221 0.04638672 -0.02838135 0.001953125 -0.02890015 0.06640625 0.02389526 0.07617188 0.04089355 -0.02050781 0.0413208 0.06933594 0.065979 0.015625 -0.04376221 0.04638672 -0.02838135 0.001953125 -0.02890015 0.06640625 0.02389526 0.07617188 0.04089355 -0.02050781 0.0413208 0.06933594 0.065979 0.015625 -0.04376221 0.04638672 -0.02838135 0.001953125 -0.02890015 0.06640625 0.02389526 0.07617188 0.04089355 -0.02050781 0.0413208 0.06933594 0.065979 0.015625 -0.04376221 0.04638672 -0.02838135 0.001953125 -0.02890015 0.06640625 0.02389526 0.07617188 0.04089355 -0.02050781 0.0413208 0.06933594 0.065979 0.015625 -0.04376221 0.04638672 -0.02838135 0.001953125 -0.02890015 0.06640625 0.02389526 0.07617188 0.04089355 -0.02050781 0.0413208 0.06933594 0.065979 0.015625 -0.04376221 0.04638672 -0.02838135 0.001953125 -0.02890015 0.06640625 0.02389526 0.07617188 0.04089355 -0.02050781 0.0413208 0.06933594 0.065979 0.015625 -0.04376221 0.04638672 -0.02838135 0.001953125 -0.02890015 0.06640625 0.02389526 0.07617188 0.04089355 -0.02050781 0.0413208 0.06933594 0.065979 0.015625 0.08508301 -0.05859375 0.09307861 0.04541016 0.02389526 0.07617188 -0.01072693 -0.07519531 -0.04229736 -0.04589844 -0.04089355 0.06884766 0.08508301 -0.05859375 0.09307861 0.04541016 0.02389526 0.07617188 -0.01072693 -0.07519531 -0.04229736 -0.04589844 -0.04089355 0.06884766 0.08508301 -0.05859375 0.09307861 0.04541016 0.02389526 0.07617188 -0.01072693 -0.07519531 -0.04229736 -0.04589844 -0.04089355 0.06884766 0.08508301 -0.05859375 0.09307861 0.04541016 0.02389526 0.07617188 -0.01072693 -0.07519531 -0.04229736 -0.04589844 -0.04089355 0.06884766 0.08508301 -0.05859375 0.09307861 0.04541016 0.02389526 0.07617188 -0.01072693 -0.07519531 -0.04229736 -0.04589844 -0.04089355 0.06884766</float_array>
          <technique_common>
            <accessor source="#LB014__mTreeOakLeafBack-texcoord-array_1" count="114" stride="2">
              <param name="S" type="float" />
              <param name="T" type="float" />
            </accessor>
          </technique_common>
        </source>
        <vertices id="LB014__mTreeOakLeafBack-vertex">
          <input semantic="POSITION" source="#LB014__mTreeOakLeafBack-position" />
        </vertices>
        <triangles material="mTreeOakLeafBack" count="80">
          <input semantic="VERTEX" source="#LB014__mTreeOakLeafBack-vertex" offset="0" />
          <input semantic="NORMAL" source="#LB014__mTreeOakLeafBack-normal" offset="1" />
          <input semantic="COLOR" source="#LB014__mTreeOakLeafBack-color" offset="2" set="0" />
          <input semantic="TEXCOORD" source="#LB014__mTreeOakLeafBack-texcoord" offset="3" set="0" />
          <input semantic="TEXCOORD" source="#LB014__mTreeOakLeafBack-texcoord_1" offset="4" set="1" />
          <p>0 0 0 0 0 1 1 1 1 1 2 2 2 2 2 1 1 1 1 1 3 3 3 3 3 2 2 2 2 2 3 3 3 3 3 1 1 1 1 1 4 4 4 4 4 5 5 5 5 5 3 3 3 3 3 4 4 4 4 4 5 5 5 5 5 4 4 4 4 4 6 6 6 6 6 7 7 7 7 7 8 8 8 8 8 9 9 9 9 9 8 8 8 8 8 10 10 10 10 10 9 9 9 9 9 10 10 10 10 10 8 8 8 8 8 11 11 11 11 11 12 12 12 12 12 10 10 10 10 10 11 11 11 11 11 12 12 12 12 12 11 11 11 11 11 13 13 13 13 13 14 14 14 14 14 15 15 15 15 15 16 16 16 16 16 15 15 15 15 15 17 17 17 17 17 16 16 16 16 16 17 17 17 17 17 15 15 15 15 15 18 18 18 18 18 19 19 19 19 19 17 17 17 17 17 18 18 18 18 18 19 19 19 19 19 18 18 18 18 18 20 20 20 20 20 21 21 21 21 21 22 22 22 22 22 23 23 23 23 23 22 22 22 22 22 24 24 24 24 24 23 23 23 23 23 24 24 24 24 24 22 22 22 22 22 25 25 25 25 25 26 26 26 26 26 24 24 24 24 24 25 25 25 25 25 26 26 26 26 26 25 25 25 25 25 27 27 27 27 27 28 28 28 28 28 29 29 29 29 29 30 30 30 30 30 29 29 29 29 29 31 31 31 31 31 30 30 30 30 30 31 31 31 31 31 29 29 29 29 29 32 32 32 32 32 33 33 33 33 33 31 31 31 31 31 32 32 32 32 32 33 33 33 33 33 32 32 32 32 32 34 34 34 34 34 35 35 35 35 35 36 36 36 36 36 37 37 37 37 37 36 36 36 36 36 38 38 38 38 38 37 37 37 37 37 38 38 38 38 38 36 36 36 36 36 39 39 39 39 39 40 40 40 40 40 38 38 38 38 38 39 39 39 39 39 40 40 40 40 40 39 39 39 39 39 41 41 41 41 41 42 42 42 42 42 43 43 43 43 43 44 44 44 44 44 43 43 43 43 43 45 45 45 45 45 44 44 44 44 44 45 45 45 45 45 43 43 43 43 43 46 46 46 46 46 47 47 47 47 47 45 45 45 45 45 46 46 46 46 46 47 47 47 47 47 46 46 46 46 46 48 48 48 48 48 49 49 49 49 49 50 50 50 50 50 51 51 51 51 51 50 50 50 50 50 52 52 52 52 52 51 51 51 51 51 52 52 52 52 52 50 50 50 50 50 53 53 53 53 53 54 54 54 54 54 52 52 52 52 52 53 53 53 53 53 54 54 54 54 54 53 53 53 53 53 55 55 55 55 55 56 56 56 56 56 57 57 57 57 57 58 58 58 58 58 57 57 57 57 57 59 59 59 59 59 58 58 58 58 58 59 59 59 59 59 57 57 57 57 57 60 60 60 60 60 61 61 61 61 61 59 59 59 59 59 60 60 60 60 60 61 61 61 61 61 60 60 60 60 60 62 62 62 62 62 63 63 63 63 63 64 64 64 64 64 65 65 65 65 65 64 64 64 64 64 66 66 66 66 66 65 65 65 65 65 66 66 66 66 66 64 64 64 64 64 67 67 67 67 67 68 68 68 68 68 66 66 66 66 66 67 67 67 67 67 68 68 68 68 68 67 67 67 67 67 69 69 69 69 69 70 70 70 70 70 71 71 71 71 71 72 72 72 72 72 71 71 71 71 71 73 73 73 73 73 72 72 72 72 72 73 73 73 73 73 71 71 71 71 71 74 74 74 74 74 75 75 75 75 75 73 73 73 73 73 74 74 74 74 74 75 75 75 75 75 74 74 74 74 74 76 76 76 76 76 77 77 77 77 77 78 78 78 78 78 79 79 79 79 79 78 78 78 78 78 80 80 80 80 80 79 79 79 79 79 80 80 80 80 80 78 78 78 78 78 81 81 81 81 81 82 82 82 82 82 80 80 80 80 80 81 81 81 81 81 82 82 82 82 82 81 81 81 81 81 83 83 83 83 83 84 84 84 84 84 85 85 85 85 85 86 86 86 86 86 84 84 84 84 84 86 86 86 86 86 87 87 87 87 87 87 87 87 87 87 86 86 86 86 86 88 88 88 88 88 88 88 88 88 88 86 86 86 86 86 89 89 89 89 89 90 90 90 90 90 91 91 91 91 91 92 92 92 92 92 90 90 90 90 90 92 92 92 92 92 93 93 93 93 93 93 93 93 93 93 92 92 92 92 92 94 94 94 94 94 94 94 94 94 94 92 92 92 92 92 95 95 95 95 95 96 96 96 96 96 97 97 97 97 97 98 98 98 98 98 96 96 96 96 96 98 98 98 98 98 99 99 99 99 99 99 99 99 99 99 98 98 98 98 98 100 100 100 100 100 100 100 100 100 100 98 98 98 98 98 101 101 101 101 101 102 102 102 102 102 103 103 103 103 103 104 104 104 104 104 102 102 102 102 102 104 104 104 104 104 105 105 105 105 105 105 105 105 105 105 104 104 104 104 104 106 106 106 106 106 106 106 106 106 106 104 104 104 104 104 107 107 107 107 107 108 108 108 108 108 109 109 109 109 109 110 110 110 110 110 108 108 108 108 108 110 110 110 110 110 111 111 111 111 111 111 111 111 111 111 110 110 110 110 110 112 112 112 112 112 112 112 112 112 112 110 110 110 110 110 113 113 113 113 113 </p>
        </triangles>
      </mesh>
    </geometry>
    <geometry id="LB030__mShadow-mesh" name="LB030__mShadow">
      <mesh>
        <source id="LB030__mShadow-position">
          <float_array id="LB030__mShadow-position-array" count="1290">0.2916119 22.50573 0.6476318 2.366483 20.06717 1.358301 2.776267 21.40972 0.0700552 0.2916119 22.50573 0.6476318 -1.895238 20.32058 1.141415 0.08185524 19.83773 1.864616 0.2916119 22.50573 0.6476318 0.08185524 19.83773 1.864616 2.366483 20.06717 1.358301 -2.043532 22.44501 -0.1633577 -1.895238 20.32058 1.141415 0.2916119 22.50573 0.6476318 2.776267 21.40972 0.0700552 2.299186 22.78588 -0.7156481 0.2916119 22.50573 0.6476318 -0.9069296 23.66111 -0.8711762 -2.043532 22.44501 -0.1633577 0.2916119 22.50573 0.6476318 2.299186 22.78588 -0.7156481 0.460131 23.85618 -1.132153 0.2916119 22.50573 0.6476318 0.460131 23.85618 -1.132153 -0.9069296 23.66111 -0.8711762 0.2916119 22.50573 0.6476318 -4.688523 15.70235 3.799131 -2.401997 13.81917 4.130371 -1.940122 16.40904 2.715335 -6.781997 9.720606 3.703854 -3.065943 11.50523 4.473198 -5.323947 13.4108 4.402408 -6.258337 15.96863 3.048614 -6.292858 14.82952 3.660799 -4.688523 15.70235 3.799131 -6.292858 14.82952 3.660799 -5.323947 13.4108 4.402408 -4.688523 15.70235 3.799131 -4.658888 16.93826 2.724227 -6.258337 15.96863 3.048614 -4.688523 15.70235 3.799131 -5.323947 13.4108 4.402408 -2.401997 13.81917 4.130371 -4.688523 15.70235 3.799131 -2.401997 13.81917 4.130371 -3.065943 11.50523 4.473198 -0.1355313 11.81405 3.295549 -5.323947 13.4108 4.402408 -3.065943 11.50523 4.473198 -2.401997 13.81917 4.130371 4.184458 15.90544 4.437227 2.939164 13.41881 4.621745 6.863123 13.79935 4.319167 9.061733 15.66407 -1.045718 7.506485 15.82139 3.224868 10.01528 12.81497 0.7993086 4.877089 17.62314 2.375231 2.757858 17.34743 2.844352 4.184458 15.90544 4.437227 2.757858 17.34743 2.844352 2.264154 16.42651 3.43946 4.184458 15.90544 4.437227 6.863123 13.79935 4.319167 7.506485 15.82139 3.224868 4.184458 15.90544 4.437227 7.506485 15.82139 3.224868 6.38342 17.13354 2.391262 4.184458 15.90544 4.437227 6.38342 17.13354 2.391262 4.877089 17.62314 2.375231 4.184458 15.90544 4.437227 1.725662 14.72482 4.055707 2.939164 13.41881 4.621745 4.184458 15.90544 4.437227 6.159212 11.16696 3.742885 2.939164 13.41881 4.621745 1.269001 11.88084 3.526905 6.863123 13.79935 4.319167 2.939164 13.41881 4.621745 6.159212 11.16696 3.742885 10.01528 12.81497 0.7993086 6.863123 13.79935 4.319167 8.343409 12.48497 3.030961 4.184458 15.90544 4.437227 2.264154 16.42651 3.43946 1.725662 14.72482 4.055707 8.343409 12.48497 3.030961 6.863123 13.79935 4.319167 6.159212 11.16696 3.742885 10.01528 12.81497 0.7993086 7.506485 15.82139 3.224868 6.863123 13.79935 4.319167 1.205628E-07 -0.8563507 -5.019932 3.433682E-07 0.5414311 -3.865752 1.170796 -0.9538315 -3.495907 1.205628E-07 -0.8563507 -5.019932 -1.170796 -0.9538314 -3.495908 3.433682E-07 0.5414311 -3.865752 -3.127701 -1.129365 4.162625 -2.388522 0.7986461 3.23995 -3.068027 -0.8183214 2.093177 -3.127701 -1.129365 4.162625 -1.120475 -0.8183212 3.65374 -2.388522 0.7986461 3.23995 2.71699 -1.136117 4.029647 2.059724 0.857906 3.077119 0.7479133 -0.6844425 3.356509 2.71699 -1.136117 4.029647 2.787481 -0.6844429 1.94947 2.059724 0.857906 3.077119 4.807608 -1.136119 -1.710402 3.736679 0.857905 -1.271748 3.761328 -0.6844433 0.1474358 4.807608 -1.136119 -1.710402 2.758565 -0.6844438 -2.301615 3.736679 0.857905 -1.271748 -4.728053 -1.136118 -1.714114 -3.657725 0.8579055 -1.273993 -2.678314 -0.6844434 -2.301341 -4.728053 -1.136118 -1.714114 -3.685066 -0.6844428 0.1460723 -3.657725 0.8579055 -1.273993 0.460131 23.85618 -1.132153 2.299186 22.78588 -0.7156481 0.6794466 24.83555 -3.326515 4.450094 22.5781 -3.88032 -4.074518 22.15603 -1.79142 -2.043532 22.44501 -0.1633577 -1.916334 24.46516 -3.135428 -0.9069296 23.66111 -0.8711762 -3.792938 18.12215 0.6860879 -1.895238 20.32058 1.141415 -4.074518 22.15603 -1.79142 -2.043532 22.44501 -0.1633577 -0.9069296 23.66111 -0.8711762 0.460131 23.85618 -1.132153 -1.916334 24.46516 -3.135428 0.6794466 24.83555 -3.326515 4.450094 22.5781 -3.88032 2.299186 22.78588 -0.7156481 5.110495 20.08613 -1.891138 2.776267 21.40972 0.0700552 2.776267 21.40972 0.0700552 2.366483 20.06717 1.358301 5.110495 20.08613 -1.891138 3.802613 16.53534 1.474414 0.08185524 19.83773 1.864616 -0.0384693 17.20418 2.053483 2.366483 20.06717 1.358301 3.802613 16.53534 1.474414 0.08185524 19.83773 1.864616 -1.895238 20.32058 1.141415 -0.0384693 17.20418 2.053483 -3.792938 18.12215 0.6860879 -6.292858 14.82952 3.660799 -6.258337 15.96863 3.048614 -8.334488 13.67918 1.914362 -8.164917 16.30389 -0.3162892 -6.781997 9.720606 3.703854 -5.323947 13.4108 4.402408 -8.334488 13.67918 1.914362 -6.292858 14.82952 3.660799 -6.258337 15.96863 3.048614 -4.658888 16.93826 2.724227 -8.164917 16.30389 -0.3162892 -4.733435 17.76871 -2.037682 -1.940122 16.40904 2.715335 -3.458105 17.10347 2.53133 -4.688523 15.70235 3.799131 -4.658888 16.93826 2.724227 -2.401997 13.81917 4.130371 -0.1355313 11.81405 3.295549 -1.940122 16.40904 2.715335 0.9128574 16.92986 1.431684 7.70807 17.33298 -1.902491 6.38342 17.13354 2.391262 9.061733 15.66407 -1.045718 7.506485 15.82139 3.224868 2.757858 17.34743 2.844352 4.877089 17.62314 2.375231 1.677836 17.94791 0.8806531 5.448004 18.00801 -2.018254 -0.0844587 13.96566 2.829535 1.725662 14.72482 4.055707 0.1841667 16.13565 2.00873 2.264154 16.42651 3.43946 -0.0844587 13.96566 2.829535 1.269001 11.88084 3.526905 1.725662 14.72482 4.055707 2.939164 13.41881 4.621745 4.877089 17.62314 2.375231 6.38342 17.13354 2.391262 5.448004 18.00801 -2.018254 7.70807 17.33298 -1.902491 2.264154 16.42651 3.43946 2.757858 17.34743 2.844352 0.1841667 16.13565 2.00873 1.677836 17.94791 0.8806531 2.09769 -5.317406E-07 -1.949554 2.002533 4 -1.760342 2.740763 -3.834711E-07 -1.05509 2.621191 4.000001 -0.9526895 1.667322E-06 -5.751732E-07 -2.757087 0.00514626 4 -2.489502 2.09769 -5.317406E-07 -1.949554 2.002533 4 -1.760342 -1.995685 4 -1.760345 0.00514626 4 -2.489502 -2.097688 -2.81677E-07 -1.949556 1.667322E-06 -5.751732E-07 -2.757087 -2.62243 4.000001 -0.9526928 -1.995685 4 -1.760345 -2.740762 -5.674733E-08 -1.055093 -2.097688 -2.81677E-07 -1.949556 -2.839674 4.000001 1.576753E-05 -2.62243 4.000001 -0.9526928 -2.96658 1.768219E-07 -6.188766E-07 -2.740762 -5.674733E-08 -1.055093 -2.740763 3.834712E-07 1.05509 -2.62243 4.000001 0.9526895 -2.96658 1.768219E-07 -6.188766E-07 -2.839674 4.000001 1.576753E-05 -2.097689 5.317407E-07 1.949554 -1.995686 4.000001 1.760342 -2.740763 3.834712E-07 1.05509 -2.62243 4.000001 0.9526895 -1.029612 5.927604E-07 2.547217 -0.9858553 4.000001 2.299999 -2.097689 5.317407E-07 1.949554 -1.995686 4.000001 1.760342 0.9951859 4.000001 2.3 -0.9858553 4.000001 2.299999 1.02961 4.700212E-07 2.547217 -1.029612 5.927604E-07 2.547217 2.002532 4.000001 1.760344 0.9951859 4.000001 2.3 2.097689 2.816769E-07 1.949556 1.02961 4.700212E-07 2.547217 2.62119 4.000001 0.9526913 2.002532 4.000001 1.760344 2.740763 5.67471E-08 1.055092 2.097689 2.816769E-07 1.949556 2.853477 4.000001 8.968554E-06 2.62119 4.000001 0.9526913 2.96658 -1.768219E-07 6.188766E-07 2.740763 5.67471E-08 1.055092 2.740763 -3.834711E-07 -1.05509 2.621191 4.000001 -0.9526895 2.96658 -1.768219E-07 6.188766E-07 2.853477 4.000001 8.968554E-06 3.433682E-07 0.5414311 -3.865752 4.65365E-07 1.629048 -2.105861 1.170796 -0.9538315 -3.495907 2.154046 -0.8000005 -1.514008 -2.154046 -0.8000003 -1.514009 4.65365E-07 1.629048 -2.105861 -1.170796 -0.9538314 -3.495908 3.433682E-07 0.5414311 -3.865752 -2.388522 0.7986461 3.23995 -1.304443 1.770529 1.886995 -3.068027 -0.8183214 2.093177 -2.434006 -0.8 0.2199375 0.5687436 -0.7999997 2.626024 -1.304443 1.770529 1.886995 -1.120475 -0.8183212 3.65374 -2.388522 0.7986461 3.23995 2.059724 0.857906 3.077119 1.061034 1.763776 1.629527 0.7479133 -0.6844425 3.356509 -0.9587598 -0.7999997 2.300555 2.405532 -0.8000003 -0.02037244 1.061034 1.763776 1.629527 2.787481 -0.6844429 1.94947 2.059724 0.857906 3.077119 3.736679 0.857905 -1.271748 2.109157 1.763776 -0.6053596 3.761328 -0.6844433 0.1474358 2.284433 -0.8 1.391939 0.8333495 -0.8000007 -2.152047 2.109157 1.763776 -0.6053596 2.758565 -0.6844438 -2.301615 3.736679 0.857905 -1.271748 -3.657725 0.8579055 -1.273993 -2.03129 1.763776 -0.6049533 -2.678314 -0.6844434 -2.301341 -0.7689731 -0.8000005 -2.110646 -2.193814 -0.7999998 1.353143 -2.03129 1.763776 -0.6049533 -3.685066 -0.6844428 0.1460723 -3.657725 0.8579055 -1.273993 0.9128574 16.92986 1.431684 -2.422269 18.23499 0.08615353 -1.940122 16.40904 2.715335 -3.458105 17.10347 2.53133 -4.658888 16.93826 2.724227 -4.733435 17.76871 -2.037682 2.621191 4 -0.9526895 2.002533 4 -1.760342 2.853477 4.000001 8.968554E-06 1.815577 11.85885 -1.388596 0.0152539 11.85885 -1.963773 2.630613 11.88181 2.542822E-05 0.00514626 4 -2.489502 2.62119 4.000001 0.9526913 -1.995685 4.000001 -1.760345 2.002532 4.000001 1.760344 -1.795279 11.85885 -1.388598 1.815575 11.85885 1.388597 0.9275516 11.85885 1.814289 0.9951859 4.000001 2.3 -0.8998864 11.85885 1.814288 -0.9858553 4.000001 2.299999 -1.995686 4.000001 1.760343 -2.389939 11.85885 0.7515014 -2.62243 4.000001 0.9526895 -2.839674 4.000001 1.576753E-05 -2.590339 11.85885 4.990632E-05 -2.62243 4.000001 -0.9526928 2.844775 8.193638 -3.757235 2.111483 8.200233 -0.7552816 0.4403012 8.877375 -1.260183 3.980529 7.985824 -0.5260853 2.267396 8.934328 -4.981824 -0.8859565 10.06238 -1.666191 4.536463 8.187044 -4.269065 5.462723 8.187044 -3.627791 5.816445 8.328194 0.6935229 7.47265 9.166601 0.6593049 5.052886 8.991281 -5.783601 6.814737 8.991282 -4.563826 8.787022 10.40903 0.4208983 1.809186 10.15314 -5.7858 -2.030876 12.62881 -2.323998 5.462723 10.24391 -6.537837 7.887703 10.24391 -5.306667 9.630899 11.51194 0.1632574 5.725854 11.37078 -7.309531 8.57659 11.37078 -5.783601 9.921679 12.9568 -0.07091399 1.413626 12.79281 -6.633504 -0.8859552 16.02738 -2.590189 5.816523 12.9568 -7.575439 8.813964 12.9568 -5.947941 9.6309 14.56581 -0.3316165 8.576591 14.56581 -5.783601 8.787023 16.02738 -1.110636 5.725855 14.56581 -7.309531 7.887704 16.02738 -5.306668 7.154813 17.50175 -1.735192 1.809187 16.02738 -6.247799 0.7818792 17.50175 -2.744969 5.462724 16.02738 -6.537837 6.538398 17.50175 -4.527287 3.980531 18.36136 -2.184697 4.947335 17.50175 -5.628822 2.38541 17.50175 -5.431957 -2.256627 8.347725 -0.2908334 -2.735938 8.287226 -3.091321 -0.7160097 9.051027 -0.5254548 -3.964415 8.105384 -0.2099888 -2.203667 9.009579 -3.906737 0.5066315 10.14645 -0.8908859 -4.49215 8.226727 -4.137901 -5.346044 8.226727 -3.546728 -5.672203 8.347726 -0.290834 -4.968227 8.968131 -5.534111 -6.648958 8.968131 -3.721949 -7.21282 9.051027 0.7877043 -8.43546 10.14645 0.7765456 -7.638095 10.1229 -4.406754 -9.459024 11.52675 0.8293566 -1.781255 10.13467 -4.987254 1.562103 13.05684 -1.861793 -5.346044 10.1229 -6.642149 -8.27316 11.57799 -4.846427 -9.508723 13.05684 0.8019477 -5.588617 11.57798 -7.353554 -1.580374 13.1239 -7.473429 0.5066328 16.25903 -2.590189 -8.491987 13.19096 -4.997928 -9.207615 14.80394 0.2052712 -5.672202 13.19096 -7.598688 -5.588616 14.80394 -7.353554 -1.781254 16.25903 -6.755782 -1.041523 17.71477 -2.737692 -8.273159 14.80394 -4.846427 -8.67404 16.25903 -0.1697947 -5.346043 16.25903 -6.64215 -7.638094 16.25903 -4.406755 -6.727459 17.5933 -1.347491 -4.924163 17.71477 -4.698925 -6.316715 17.71477 -3.643419 -3.964412 18.41067 -2.59019 -2.982843 17.71477 -4.045858 -4.91369 17.45769 -3.185274 -5.275297 19.47639 -3.146774 -3.879822 19.47639 -6.519268 -5.017106 20.95835 -3.146774 -3.613871 17.45769 -6.391369 -3.008528 15.82666 -3.170719 -3.689929 20.95835 -6.400457 -4.066749 22.66057 -3.221623 -2.212681 15.82666 -5.944987 3.250187E-06 14.68067 -3.146773 -1.481958 19.47639 -8.019543 -1.380374 17.45769 -7.788805 -0.8451669 15.82666 -6.800602 0.8451736 15.82666 -6.800602 1.380381 17.45769 -7.788805 2.212688 15.82666 -5.944987 3.008534 15.82666 -3.170718 3.613878 17.45769 -6.391368 4.913697 17.45769 -3.185272 1.481966 19.47639 -8.019544 3.87983 19.47639 -6.519266 5.275305 19.47639 -3.146772 5.017113 20.95835 -3.146772 3.689939 20.95835 -6.400456 4.066758 22.66057 -3.221621 1.409434 20.95835 -7.827304 2.99098 22.66057 -6.037987 2.532469 23.83338 -3.224875 -1.409425 20.95835 -7.827304 1.142456 22.66057 -7.194557 1.862557 23.83338 -5.468675 5.355029E-06 24.77021 -3.146774 0.7114364 23.83338 -6.188899 -1.142446 22.66057 -7.194557 -2.990971 22.66057 -6.037987 -2.532459 23.83338 -3.224876 -0.7114264 23.83338 -6.188898 -1.862546 23.83338 -5.468675</float_array>
          <technique_common>
            <accessor source="#LB030__mShadow-position-array" count="430" stride="3">
              <param name="X" type="float" />
              <param name="Y" type="float" />
              <param name="Z" type="float" />
            </accessor>
          </technique_common>
        </source>
        <source id="LB030__mShadow-normal">
          <float_array id="LB030__mShadow-normal-array" count="1290">0.4148726 0.5616437 0.7162424 0.4148726 0.5616437 0.7162424 0.4148726 0.5616437 0.7162424 -0.2191782 0.4187867 0.8806259 -0.2191782 0.4187867 0.8806259 -0.2191782 0.4187867 0.8806259 0.1604695 0.3992172 0.9021524 0.1604695 0.3992172 0.9021524 0.1604695 0.3992172 0.9021524 -0.2974561 0.483366 0.8219175 -0.2974561 0.483366 0.8219175 -0.2974561 0.483366 0.8219175 0.4129156 0.5557729 0.7221132 0.4129156 0.5557729 0.7221132 0.4129156 0.5557729 0.7221132 -0.262231 0.6575342 0.7064576 -0.262231 0.6575342 0.7064576 -0.262231 0.6575342 0.7064576 0.2994128 0.7455967 0.5949116 0.2994128 0.7455967 0.5949116 0.2994128 0.7455967 0.5949116 0.001956868 0.7964774 0.6046964 0.001956868 0.7964774 0.6046964 0.001956868 0.7964774 0.6046964 0.2309196 0.4344422 0.8708412 0.2309196 0.4344422 0.8708412 0.2309196 0.4344422 0.8708412 -0.1409004 -0.1311153 0.9823872 -0.1409004 -0.1311153 0.9823872 -0.1409004 -0.1311153 0.9823872 -0.3189825 0.4559687 0.8297453 -0.3189825 0.4559687 0.8297453 -0.3189825 0.4559687 0.8297453 -0.2485324 0.3111547 0.9178079 -0.2485324 0.3111547 0.9178079 -0.2485324 0.3111547 0.9178079 -0.2407046 0.6399217 0.729941 -0.2407046 0.6399217 0.729941 -0.2407046 0.6399217 0.729941 0.05675127 0.2387475 0.9686885 0.05675127 0.2387475 0.9686885 0.05675127 0.2387475 0.9686885 0.3698627 0.03131112 0.9275927 0.3698627 0.03131112 0.9275927 0.3698627 0.03131112 0.9275927 0.07436378 0.1252446 0.990215 0.07436378 0.1252446 0.990215 0.07436378 0.1252446 0.990215 0.07240682 0.03718203 0.9960859 0.07240682 0.03718203 0.9960859 0.07240682 0.03718203 0.9960859 0.8375732 0.4657532 0.2876711 0.8375732 0.4657532 0.2876711 0.8375732 0.4657532 0.2876711 0.04500968 0.7592954 0.6477491 0.04500968 0.7592954 0.6477491 0.04500968 0.7592954 0.6477491 -0.2270059 0.6125244 0.7573382 -0.2270059 0.6125244 0.7573382 -0.2270059 0.6125244 0.7573382 0.3268099 0.367906 0.8708413 0.3268099 0.367906 0.8708413 0.3268099 0.367906 0.8708413 0.2700586 0.6692758 0.690802 0.2700586 0.6692758 0.690802 0.2700586 0.6692758 0.690802 0.2230918 0.7103716 0.6673187 0.2230918 0.7103716 0.6673187 0.2230918 0.7103716 0.6673187 -0.2387477 0.1898239 0.953033 -0.2387477 0.1898239 0.953033 -0.2387477 0.1898239 0.953033 -0.1095892 -0.4951074 0.8630136 -0.1095892 -0.4951074 0.8630136 -0.1095892 -0.4951074 0.8630136 0.09784712 -0.2367905 0.9667317 0.09784712 -0.2367905 0.9667317 0.09784712 -0.2367905 0.9667317 0.7553813 0.2583168 0.6027396 0.7553813 0.2583168 0.6027396 0.7553813 0.2583168 0.6027396 -0.3287672 0.4129159 0.8493148 -0.3287672 0.4129159 0.8493148 -0.3287672 0.4129159 0.8493148 0.4559684 -0.3052837 0.8356163 0.4559684 -0.3052837 0.8356163 0.4559684 -0.3052837 0.8356163 0.7553813 0.1095889 0.6457924 0.7553813 0.1095889 0.6457924 0.7553813 0.1095889 0.6457924 0.7260273 0.4383559 -0.5303326 0.7260273 0.4383559 -0.5303326 0.7260273 0.4383559 -0.5303326 -0.7260271 0.4383562 -0.5303327 -0.7260271 0.4383562 -0.5303327 -0.7260271 0.4383562 -0.5303327 -0.9295496 0.3698631 0.02935407 -0.9295496 0.3698631 0.02935407 -0.9295496 0.3698631 0.02935407 0.1741681 0.3698629 0.9119371 0.1741681 0.3698629 0.9119371 0.1741681 0.3698629 0.9119371 -0.227006 0.3581214 0.9060662 -0.227006 0.3581214 0.9060662 -0.227006 0.3581214 0.9060662 0.9275927 0.3581211 0.109589 0.9275927 0.3581211 0.109589 0.9275927 0.3581211 0.109589 0.8454009 0.3698628 0.3855185 0.8454009 0.3698628 0.3855185 0.8454009 0.3698628 0.3855185 0.3326811 0.3698628 -0.8688844 0.3326811 0.3698628 -0.8688844 0.3326811 0.3698628 -0.8688844 -0.3307238 0.3698629 -0.8688844 -0.3307238 0.3698629 -0.8688844 -0.3307238 0.3698629 -0.8688844 -0.845401 0.3698631 0.3855183 -0.845401 0.3698631 0.3855183 -0.845401 0.3698631 0.3855183 0.4872797 0.8082189 0.3326808 0.4872797 0.8082189 0.3326808 0.4872797 0.8082189 0.3326808 0.4872797 0.8082189 0.3326808 -0.4872798 0.7318982 0.4774948 -0.4872798 0.7318982 0.4774948 -0.4872798 0.7318982 0.4774948 -0.4872798 0.7318982 0.4774948 -0.6105675 0.3835617 0.692759 -0.6105675 0.3835617 0.692759 -0.6105675 0.3835617 0.692759 -0.6105675 0.3835617 0.692759 -0.08806262 0.9197649 0.3835614 -0.08806262 0.9197649 0.3835614 -0.08806262 0.9197649 0.3835614 -0.08806262 0.9197649 0.3835614 0.7084146 0.5381602 0.4579254 0.7084146 0.5381602 0.4579254 0.7084146 0.5381602 0.4579254 0.7084146 0.5381602 0.4579254 0.7201563 0.32681 0.6105674 0.7201563 0.32681 0.6105674 0.7201563 0.32681 0.6105674 0.7201563 0.32681 0.6105674 0.1800389 0.08610567 0.9804303 0.1800389 0.08610567 0.9804303 0.1800389 0.08610567 0.9804303 0.1800389 0.08610567 0.9804303 -0.3228964 0.08219188 0.9432483 -0.3228964 0.08219188 0.9432483 -0.3228964 0.08219188 0.9432483 -0.3228964 0.08219188 0.9432483 -0.7475537 0.4246576 0.508806 -0.7475537 0.4246576 0.508806 -0.7475537 0.4246576 0.508806 -0.7475537 0.4246576 0.508806 -0.6320939 0.06653637 0.7729939 -0.6320939 0.06653637 0.7729939 -0.6320939 0.06653637 0.7729939 -0.6320939 0.06653637 0.7729939 -0.3522504 0.9099802 0.2172209 -0.3522504 0.9099802 0.2172209 -0.3522504 0.9099802 0.2172209 -0.3522504 0.9099802 0.2172209 0.1663403 0.5772993 0.8003911 0.1409 0.5929549 0.7925633 0.1213306 0.6046966 0.7866924 0.03131103 0.6555772 0.7553813 0.434442 0.2798434 0.8551857 0.434442 0.2798434 0.8551857 0.434442 0.2798434 0.8551857 0.434442 0.2798434 0.8551857 0.6790605 0.6966729 0.2328766 0.6790605 0.6966729 0.2328766 0.6790605 0.6966729 0.2328766 0.6790605 0.6966729 0.2328766 0.02935423 0.9882581 0.1506847 0.02935423 0.9882581 0.1506847 0.02935423 0.9882581 0.1506847 0.02935423 0.9882581 0.1506847 -0.5890411 0.3855186 0.7103715 -0.5890411 0.3855186 0.7103715 -0.5890411 0.3855186 0.7103715 -0.5890411 0.3855186 0.7103715 -0.518591 -0.07436381 0.8512717 -0.518591 -0.07436381 0.8512717 -0.518591 -0.07436381 0.8512717 -0.518591 -0.07436381 0.8512717 0.2896281 0.9491191 0.1272014 0.2896281 0.9491191 0.1272014 0.2896281 0.9491191 0.1272014 0.2896281 0.9491191 0.1272014 -0.4951076 0.6908023 0.5244616 -0.4951076 0.6908023 0.5244616 -0.4951076 0.6908023 0.5244616 -0.4951076 0.6908023 0.5244616 0.8023483 0.04305262 -0.5949118 0.8023483 0.04305262 -0.5949118 0.8023483 0.04305262 -0.5949118 0.8023483 0.04305262 -0.5949118 0.3502937 0.05675132 -0.9354205 0.3502937 0.05675132 -0.9354205 0.3502937 0.05675132 -0.9354205 0.3502937 0.05675132 -0.9354205 -0.3502932 0.05870842 -0.9354205 -0.3502932 0.05870842 -0.9354205 -0.3502932 0.05870842 -0.9354205 -0.3502932 0.05870842 -0.9354205 -0.8003911 0.04305296 -0.5968688 -0.8003911 0.04305296 -0.5968688 -0.8003911 0.04305296 -0.5968688 -0.8003911 0.04305296 -0.5968688 -0.9765163 0.03326829 -0.2152642 -0.9765163 0.03326829 -0.2152642 -0.9765163 0.03326829 -0.2152642 -0.9765163 0.03326829 -0.2152642 -0.9765164 0.03326831 0.2152641 -0.9765164 0.03326831 0.2152641 -0.9765164 0.03326831 0.2152641 -0.9765164 0.03326831 0.2152641 -0.8003913 0.04305303 0.5968687 -0.8003913 0.04305303 0.5968687 -0.8003913 0.04305303 0.5968687 -0.8003913 0.04305303 0.5968687 -0.4794521 0.05675161 0.8767121 -0.4794521 0.05675161 0.8767121 -0.4794521 0.05675161 0.8767121 -0.4794521 0.05675161 0.8767121 -2.044753E-07 0.06262235 0.9980428 -2.044753E-07 0.06262235 0.9980428 -2.044753E-07 0.06262235 0.9980428 -2.044753E-07 0.06262235 0.9980428 0.4794517 0.05479446 0.8747552 0.4794517 0.05479446 0.8747552 0.4794517 0.05479446 0.8747552 0.4794517 0.05479446 0.8747552 0.802348 0.0430527 0.5949119 0.802348 0.0430527 0.5949119 0.802348 0.0430527 0.5949119 0.802348 0.0430527 0.5949119 0.9745594 0.03131096 0.223092 0.9745594 0.03131096 0.223092 0.9745594 0.03131096 0.223092 0.9745594 0.03131096 0.223092 0.9745595 0.03131093 -0.2230919 0.9745595 0.03131093 -0.2230919 0.9745595 0.03131093 -0.2230919 0.9745595 0.03131093 -0.2230919 0.7495107 0.544031 -0.3776908 0.7495107 0.544031 -0.3776908 0.7495107 0.544031 -0.3776908 0.7495107 0.544031 -0.3776908 -0.7495105 0.5440314 -0.3776909 -0.7495105 0.5440314 -0.3776909 -0.7495105 0.5440314 -0.3776909 -0.7495105 0.5440314 -0.3776909 -0.806262 0.5283758 -0.2681019 -0.806262 0.5283758 -0.2681019 -0.806262 0.5283758 -0.2681019 -0.806262 0.5283758 -0.2681019 0.436399 0.5283756 0.7279841 0.436399 0.5283756 0.7279841 0.436399 0.5283756 0.7279841 0.436399 0.5283756 0.7279841 -0.4774951 0.5459883 0.6888451 -0.4774951 0.5459883 0.6888451 -0.4774951 0.5459883 0.6888451 -0.4774951 0.5459883 0.6888451 0.812133 0.545988 -0.2015656 0.812133 0.545988 -0.2015656 0.812133 0.545988 -0.2015656 0.812133 0.545988 -0.2015656 0.5342463 0.5557728 0.6379645 0.5342463 0.5557728 0.6379645 0.5342463 0.5557728 0.6379645 0.5342463 0.5557728 0.6379645 -0.06653598 0.5557728 -0.8277886 -0.06653598 0.5557728 -0.8277886 -0.06653598 0.5557728 -0.8277886 -0.06653598 0.5557728 -0.8277886 0.07827807 0.5538158 -0.8297455 0.07827807 0.5538158 -0.8297455 0.07827807 0.5538158 -0.8297455 0.07827807 0.5538158 -0.8297455 -0.5283757 0.5538161 0.6438352 -0.5283757 0.5538161 0.6438352 -0.5283757 0.5538161 0.6438352 -0.5283757 0.5538161 0.6438352 0.1682974 0.8238746 0.5420741 -0.08806262 0.9217219 0.3757336 0.1682974 0.8238746 0.5420741 -0.1017613 0.9256358 0.3659489 -0.2857142 0.9334636 0.2152639 -0.2857142 0.9334636 0.2152639 0.882583 0.04892346 -0.4677102 0.62818 0.05675128 -0.7749509 0.9432483 0.04500956 -0.328767 0.6340509 0.05675127 -0.7710369 2.118238E-07 0.06066529 -0.9980428 0.9784734 0.05283735 -0.1996085 2.118238E-07 0.06066529 -0.9980428 0.8923675 0.0528374 0.4481408 -0.6301366 0.05870849 -0.774951 0.6497061 0.06457915 0.7573384 -0.6340505 0.05870849 -0.771037 0.729941 0.04892356 0.6810175 0.09197629 0.06066539 0.9941289 0.1095888 0.06262233 0.9921719 -0.189824 0.06849323 0.9784734 -0.1095892 0.06262238 0.9921719 -0.62818 0.05479468 0.7769078 -0.8297455 0.05675166 0.5538158 -0.9217219 0.03522526 0.3855184 -0.9686885 0.04696691 -0.2446184 -0.9686885 0.04696691 -0.2446184 -0.8864967 0.05088077 -0.4618395 -0.2700587 -0.9373774 -0.2211348 -0.3248532 -0.9373774 -0.1213305 -0.5655576 -0.767123 -0.3013697 0.06457918 -0.9980428 -0.005870628 -0.4403129 -0.7436397 -0.5029351 -0.7201563 -0.473581 -0.5068491 0.02152643 -0.9412913 -0.3365946 0.3679059 -0.9256358 -0.09197628 0.4187866 -0.9080233 -0.01369841 0.6066535 -0.7925636 -0.05283736 0.05675156 -0.7084147 -0.7025437 0.5772993 -0.7886496 -0.2093931 0.7495106 -0.6555773 -0.09589021 -0.5342463 -0.4481407 -0.7162424 -0.7945203 -0.103718 -0.5988258 -0.02544015 -0.4618395 -0.8864967 0.6810175 -0.665362 -0.3072405 0.9041094 -0.3972604 -0.1506848 -0.01761235 -0.3424657 -0.9393343 0.8180038 -0.3835618 -0.4285712 0.9823873 -0.03522526 -0.181996 -0.5694713 -0.05675138 -0.8199607 -0.7690799 0.2778866 -0.5772994 0.005871047 -0.02348342 -0.9999998 0.8767122 -0.01174189 -0.4814088 0.9491192 0.2544029 -0.183953 0.8277886 0.3111543 -0.4677103 0.8258316 0.5381601 -0.1702544 0.00391411 0.2524461 -0.9667317 0.702544 0.58317 -0.407045 0.5929549 0.7945203 -0.1291586 -0.5264185 0.3189824 -0.7886496 -0.5557728 0.7436399 -0.3698631 0.03131136 0.3894323 -0.9217219 0.4951076 0.8140897 -0.299413 0.01369872 0.9882581 -0.1526421 0.1056753 0.7651661 -0.6340509 -0.3502933 0.7612523 -0.5459883 0.3913893 -0.9138941 -0.09980407 0.3385518 -0.9178081 -0.2054792 0.6027396 -0.7534246 -0.2622307 0.001956888 -0.9999998 -0.001956738 0.516634 -0.7436399 -0.4266142 0.7592954 -0.5009785 -0.4168295 0.05479453 -0.9275927 -0.3679058 -0.3463796 -0.9295496 -0.1272014 -0.3874755 -0.9217218 -0.01761235 -0.02544022 -0.7769079 -0.6281797 -0.5831701 -0.7886494 -0.1917806 -0.6340508 -0.7690799 -0.0724069 -0.7866926 -0.6046964 -0.1291584 -0.7358119 -0.5968686 -0.3170253 -0.9373775 -0.3033265 -0.1780822 0.6125244 -0.520548 -0.5949116 0.8571427 -0.1859102 -0.4794518 -0.02935406 -0.5675146 -0.8219175 -0.8630134 -0.3033266 -0.403131 -0.9823872 0.001957141 -0.183953 -0.0567513 -0.4579256 -0.8884537 0.5870842 -0.1232878 -0.8003911 0.8180038 0.320939 -0.477495 -0.9041093 0.01174184 -0.4246575 -0.9589038 0.2133074 -0.1819962 -0.1428569 -0.09784736 -0.9843442 -0.2074361 0.2837572 -0.9354206 0.5479453 0.4187865 -0.7240703 0.4657534 0.802348 -0.37182 -0.8708412 0.264188 -0.4148728 -0.8473579 0.4990216 -0.1780823 -0.1722111 0.5440312 -0.8219178 -0.729941 0.5792564 -0.3639922 -0.6027396 0.7906066 -0.1115462 -0.142857 0.8551857 -0.4990216 -0.510763 0.8199608 -0.2563602 -0.04892357 0.9765164 -0.2093935 0.2700588 0.8590996 -0.4344423 -0.8454009 -0.4207434 -0.328767 -0.9256357 -0.01956929 -0.3796477 -0.7925633 -0.01956934 -0.6105675 -0.8864967 0.2935422 -0.3581214 -0.7416827 -0.4050879 -0.5342464 -0.5753424 -0.7945203 -0.1937376 -0.7612522 0.2915852 -0.5772994 -0.7729938 0.5616439 -0.2935422 -0.5029352 -0.7808216 -0.3718198 -2.490334E-08 -0.9863011 -0.1624264 -0.2700585 -0.01174168 -0.9628178 -0.2602737 -0.3013698 -0.9178079 -0.1722112 -0.7377689 -0.65362 0.1722114 -0.737769 -0.65362 0.2602741 -0.3013699 -0.9178079 0.5029353 -0.7808219 -0.3718197 0.5753424 -0.7945205 -0.1937375 0.7416828 -0.4050882 -0.5342463 0.845401 -0.4207438 -0.3287669 0.2700589 -0.01174179 -0.9628178 0.7925636 -0.01956967 -0.6105673 0.9256358 -0.01956968 -0.3796476 0.886497 0.2935418 -0.3581212 0.7612524 0.2915849 -0.5772993 0.772994 0.5616435 -0.2935421 0.2622311 0.254403 -0.9315067 0.6712328 0.5538158 -0.4911937 0.5342465 0.8258314 -0.1800392 -0.2622307 0.2544031 -0.9315067 0.2367908 0.4814088 -0.8434442 0.4618395 0.8238745 -0.3268102 9.267298E-08 0.9863011 -0.1624268 0.154599 0.804305 -0.5733856 -0.2367903 0.4814089 -0.8434442 -0.6712326 0.553816 -0.4911938 -0.5342464 0.8258317 -0.1800393 -0.1545986 0.8043051 -0.5733856 -0.4618393 0.8238747 -0.3268103</float_array>
          <technique_common>
            <accessor source="#LB030__mShadow-normal-array" count="430" stride="3">
              <param name="X" type="float" />
              <param name="Y" type="float" />
              <param name="Z" type="float" />
            </accessor>
          </technique_common>
        </source>
        <vertices id="LB030__mShadow-vertex">
          <input semantic="POSITION" source="#LB030__mShadow-position" />
        </vertices>
        <triangles material="mShadow" count="326">
          <input semantic="VERTEX" source="#LB030__mShadow-vertex" offset="0" />
          <input semantic="NORMAL" source="#LB030__mShadow-normal" offset="1" />
          <p>0 0 1 1 2 2 3 3 4 4 5 5 6 6 7 7 8 8 9 9 10 10 11 11 12 12 13 13 14 14 15 15 16 16 17 17 18 18 19 19 20 20 21 21 22 22 23 23 24 24 25 25 26 26 27 27 28 28 29 29 30 30 31 31 32 32 33 33 34 34 35 35 36 36 37 37 38 38 39 39 40 40 41 41 42 42 43 43 44 44 45 45 46 46 47 47 48 48 49 49 50 50 51 51 52 52 53 53 54 54 55 55 56 56 57 57 58 58 59 59 60 60 61 61 62 62 63 63 64 64 65 65 66 66 67 67 68 68 69 69 70 70 71 71 72 72 73 73 74 74 75 75 76 76 77 77 78 78 79 79 80 80 81 81 82 82 83 83 84 84 85 85 86 86 87 87 88 88 89 89 90 90 91 91 92 92 93 93 94 94 95 95 96 96 97 97 98 98 99 99 100 100 101 101 102 102 103 103 104 104 105 105 106 106 107 107 108 108 109 109 110 110 111 111 112 112 113 113 114 114 115 115 116 116 117 117 118 118 119 119 120 120 121 121 122 122 121 121 123 123 122 122 124 124 125 125 126 126 125 125 127 127 126 126 128 128 129 129 130 130 129 129 131 131 130 130 132 132 133 133 134 134 133 133 135 135 134 134 136 136 137 137 138 138 137 137 139 139 138 138 140 140 141 141 142 142 141 141 143 143 142 142 144 144 145 145 146 146 145 145 147 147 146 146 148 148 149 149 150 150 149 149 151 151 150 150 152 152 153 153 154 154 153 153 155 155 154 154 156 156 157 157 158 158 157 157 159 159 158 158 160 160 161 161 162 162 161 161 163 163 162 162 164 164 165 165 166 166 165 165 167 167 166 166 168 168 169 169 170 170 169 169 171 171 170 170 172 172 173 173 174 174 173 173 175 175 174 174 176 176 177 177 178 178 177 177 179 179 178 178 180 180 181 181 182 182 181 181 183 183 182 182 184 184 185 185 186 186 185 185 187 187 186 186 188 188 189 189 190 190 189 189 191 191 190 190 192 192 193 193 194 194 193 193 195 195 194 194 196 196 197 197 198 198 197 197 199 199 198 198 200 200 201 201 202 202 201 201 203 203 202 202 204 204 205 205 206 206 205 205 207 207 206 206 208 208 209 209 210 210 209 209 211 211 210 210 212 212 213 213 214 214 213 213 215 215 214 214 216 216 217 217 218 218 217 217 219 219 218 218 220 220 221 221 222 222 221 221 223 223 222 222 224 224 225 225 226 226 225 225 227 227 226 226 228 228 229 229 230 230 229 229 231 231 230 230 232 232 233 233 234 234 233 233 235 235 234 234 236 236 237 237 238 238 237 237 239 239 238 238 240 240 241 241 242 242 241 241 243 243 242 242 244 244 245 245 246 246 245 245 247 247 246 246 248 248 249 249 250 250 249 249 251 251 250 250 252 252 253 253 254 254 253 253 255 255 254 254 256 256 257 257 258 258 257 257 259 259 258 258 260 260 261 261 262 262 261 261 263 263 262 262 264 264 265 265 266 266 265 265 267 267 266 266 268 268 269 269 270 270 269 269 271 271 270 270 272 272 273 273 274 274 273 273 275 275 274 274 276 276 277 277 278 278 277 277 279 279 278 278 280 280 281 281 282 282 281 281 283 283 282 282 284 284 285 285 286 286 285 285 287 287 286 286 288 288 289 289 290 290 289 289 291 291 290 290 292 292 291 291 289 289 293 293 292 292 289 289 294 294 295 295 296 296 295 295 297 297 296 296 298 298 297 297 295 295 296 296 297 297 299 299 300 300 298 298 295 295 299 299 301 301 296 296 300 300 302 302 298 298 301 301 299 299 303 303 302 302 304 304 298 298 303 303 299 299 305 305 306 306 303 303 305 305 307 307 303 303 306 306 306 306 308 308 307 307 308 308 309 309 307 307 308 308 310 310 309 309 308 308 311 311 310 310 310 310 311 311 312 312 312 312 311 311 313 313 311 311 314 314 313 313 314 314 304 304 313 313 304 304 302 302 313 313 313 313 302 302 315 315 316 316 317 317 318 318 317 317 316 316 319 319 320 320 316 316 318 318 320 320 318 318 321 321 319 319 316 316 322 322 322 322 316 316 320 320 322 322 323 323 319 319 323 323 324 324 319 319 324 324 323 323 325 325 326 326 322 322 320 320 322 322 326 326 323 323 323 323 327 327 325 325 326 326 327 327 323 323 325 325 327 327 328 328 326 326 320 320 329 329 329 329 320 320 321 321 321 321 330 330 329 329 326 326 331 331 327 327 331 331 326 326 329 329 327 327 332 332 328 328 331 331 332 332 327 327 328 328 332 332 333 333 331 331 329 329 334 334 331 331 334 334 332 332 332 332 335 335 333 333 334 334 335 335 332 332 333 333 335 335 336 336 329 329 337 337 334 334 330 330 337 337 329 329 330 330 338 338 337 337 334 334 339 339 335 335 334 334 337 337 339 339 335 335 340 340 336 336 339 339 340 340 335 335 336 336 340 340 341 341 340 340 342 342 341 341 340 340 339 339 342 342 341 341 342 342 343 343 339 339 337 337 344 344 339 339 344 344 342 342 342 342 345 345 343 343 342 342 344 344 345 345 343 343 345 345 346 346 337 337 347 347 344 344 338 338 347 347 337 337 347 347 338 338 348 348 344 344 349 349 345 345 344 344 347 347 349 349 345 345 350 350 346 346 345 345 349 349 350 350 350 350 351 351 346 346 349 349 352 352 350 350 352 352 351 351 350 350 349 349 347 347 352 352 353 353 351 351 352 352 347 347 353 353 352 352 348 348 351 351 353 353 353 353 347 347 348 348 354 354 355 355 356 356 357 357 355 355 354 354 355 355 358 358 356 356 356 356 358 358 359 359 360 360 355 355 357 357 355 355 360 360 358 358 361 361 360 360 357 357 362 362 361 361 357 357 360 360 363 363 358 358 360 360 361 361 363 363 361 361 362 362 364 364 361 361 364 364 363 363 362 362 365 365 364 364 365 365 366 366 364 364 366 366 367 367 364 364 364 364 367 367 363 363 366 366 368 368 367 367 358 358 363 363 369 369 358 358 369 369 359 359 370 370 359 359 369 369 367 367 371 371 363 363 363 363 371 371 369 369 368 368 372 372 367 367 367 367 372 372 371 371 368 368 373 373 372 372 374 374 369 369 371 371 372 372 374 374 371 371 375 375 370 370 369 369 375 375 369 369 374 374 376 376 370 370 375 375 373 373 377 377 372 372 372 372 377 377 374 374 373 373 378 378 377 377 379 379 375 375 374 374 377 377 379 379 374 374 380 380 375 375 379 379 379 379 377 377 380 380 381 381 376 376 375 375 381 381 375 375 380 380 376 376 381 381 382 382 378 378 383 383 377 377 377 377 383 383 380 380 378 378 384 384 383 383 380 380 383 383 385 385 385 385 381 381 380 380 384 384 386 386 383 383 383 383 386 386 385 385 384 384 387 387 386 386 381 381 385 385 388 388 385 385 386 386 388 388 387 387 389 389 386 386 386 386 389 389 388 388 387 387 390 390 389 389 389 389 390 390 388 388 391 391 381 381 388 388 388 388 390 390 391 391 381 381 391 391 382 382 391 391 390 390 382 382 392 392 393 393 394 394 393 393 395 395 394 394 396 396 392 392 394 394 397 397 392 392 396 396 395 395 398 398 394 394 395 395 399 399 398 398 400 400 397 397 396 396 401 401 397 397 400 400 396 396 394 394 402 402 394 394 398 398 402 402 400 400 396 396 403 403 403 403 396 396 402 402 400 400 404 404 401 401 404 404 400 400 403 403 404 404 405 405 401 401 404 404 403 403 406 406 405 405 404 404 406 406 405 405 407 407 401 401 405 405 406 406 407 407 407 407 408 408 401 401 407 407 409 409 408 408 406 406 409 409 407 407 409 409 410 410 408 408 406 406 403 403 411 411 406 406 411 411 409 409 403 403 402 402 411 411 409 409 412 412 410 410 411 411 412 412 409 409 412 412 413 413 410 410 413 413 412 412 414 414 412 412 415 415 414 414 412 412 411 411 415 415 414 414 415 415 416 416 411 411 417 417 415 415 411 411 402 402 417 417 415 415 418 418 416 416 415 415 417 417 418 418 416 416 418 418 419 419 402 402 420 420 417 417 398 398 420 420 402 402 417 417 421 421 418 418 417 417 420 420 421 421 418 418 422 422 419 419 418 418 421 421 422 422 422 422 423 423 419 419 421 421 424 424 422 422 424 424 423 423 422 422 420 420 425 425 421 421 421 421 425 425 424 424 398 398 426 426 420 420 426 426 425 425 420 420 399 399 426 426 398 398 399 399 427 427 426 426 425 425 428 428 424 424 428 428 423 423 424 424 426 426 429 429 425 425 429 429 428 428 425 425 427 427 429 429 426 426 429 429 423 423 428 428 427 427 423 423 429 429 </p>
        </triangles>
      </mesh>
    </geometry>
    <geometry id="ShLeaf_010__mShadowShake-mesh" name="ShLeaf_010__mShadowShake">
      <mesh>
        <source id="ShLeaf_010__mShadowShake-position">
          <float_array id="ShLeaf_010__mShadowShake-position-array" count="693">10.51913 13.41006 -1.231496 10.42583 13.34936 0.08592815 10.87944 12.94635 -0.5762721 10.34061 12.03749 -4.54198 9.769531 12.56012 -5.613767 10.39834 11.95019 -5.415601 3.900953 10.26936 5.110147 2.814634 9.821329 5.126428 3.567191 9.56979 5.214427 -10.05012 13.08 1.248746 -10.39509 13.61144 0.258973 -10.55683 12.94543 0.6683999 2.62 23.26324 -0.4952557 1.688944 23.00759 0.1747166 2.481048 22.90883 0.1879368 -0.738801 23.22434 -0.05845161 -1.683815 23.6456 -0.6157377 -1.514973 23.21872 0.03742378 -8.020994 12.33462 4.034922 -8.499029 13.19571 3.39376 -8.718223 12.50208 3.722677 -4.979875 11.76008 5.335457 -6.095102 11.48481 5.087302 -5.458677 11.14951 5.433556 -0.8303595 12.21515 4.341503 -1.925878 12.49403 4.662671 -1.407215 11.89525 4.761702 -2.893445 11.16023 -7.840521 -1.868982 11.68777 -7.609729 -2.139256 10.95898 -7.791896 1.118923 9.981777 5.140667 0.2472496 10.66079 4.740399 0.3470664 9.923159 5.029011 -6.372948 11.89816 -7.849862 -5.427774 11.20067 -7.885161 -6.205315 11.16446 -8.062578 9.958585 14.25439 -3.456401 10.54036 13.56456 -2.490135 10.56452 13.62029 -3.386235 10.74773 12.90509 1.009202 10.6386 13.48048 -0.009666505 11.08079 12.89321 0.3016722 9.08892 12.67724 3.779814 10.02908 12.34448 3.158157 9.678459 12.16864 3.8535 9.24091 10.5926 3.88513 9.80089 11.44712 3.304361 9.934437 10.6957 3.538639 -10.05012 13.08 1.248746 -10.39509 13.61144 0.258973 -10.55683 12.94543 0.6683999 6.105238 10.06171 4.724219 4.92739 10.10202 5.091471 5.553109 9.545561 5.046138 -1.354813 10.61854 4.52218 -2.070906 9.758396 4.880569 -1.303224 9.8551 4.683922 -4.623935 9.484343 5.029616 -5.71277 9.926501 5.033561 -5.347548 9.233694 5.188442 -9.877031 11.65975 2.672339 -10.09121 12.51008 1.889932 -10.4072 11.8134 2.11828 9.548275 14.43729 -1.706084 9.384001 14.32726 0.4859176 10.13224 13.82906 -1.529666 9.995855 13.73892 0.3390573 10.13224 13.82906 -1.529666 9.995855 13.73892 0.3390573 10.51913 13.41006 -1.231496 10.42583 13.34936 0.08592815 9.759245 12.71214 -3.346214 8.817751 13.59098 -5.130924 10.15286 12.26997 -3.972021 9.346697 13.01545 -5.492948 10.15286 12.26997 -3.972021 9.346697 13.01545 -5.492948 10.34061 12.03749 -4.54198 9.769531 12.56012 -5.613767 3.798014 11.5618 4.835606 1.990455 10.81369 4.851648 3.946798 10.82797 4.995847 2.405853 10.19127 5.013998 3.946798 10.82797 4.995847 2.405853 10.19127 5.013998 3.900953 10.26936 5.110147 2.814634 9.821329 5.126428 -9.097855 13.82397 1.792883 -9.664289 14.70287 0.1394368 -9.635706 13.33731 1.547529 -10.12166 14.08875 0.1406107 -9.635706 13.33731 1.547529 -10.12166 14.08875 0.1406107 -10.05012 13.08 1.248746 -10.39509 13.61144 0.258973 2.17433 23.86307 -1.589771 0.6235242 23.42745 -0.4796216 2.514381 23.52479 -0.9929054 1.192964 23.15757 -0.04462412 2.514381 23.52479 -0.9929054 1.192964 23.15757 -0.04462412 2.62 23.26324 -0.4952557 1.688944 23.00759 0.1747166 0.3281976 23.55449 -0.7718155 -1.245816 24.24607 -1.705302 -0.2311993 23.32239 -0.3032877 -1.572408 23.91576 -1.096574 -0.2311993 23.32239 -0.3032877 -1.572408 23.91576 -1.096574 -0.738801 23.22434 -0.05845161 -1.683815 23.6456 -0.6157377 -6.741914 12.63106 4.215081 -7.535052 14.05887 3.13829 -7.464527 12.38436 4.157758 -8.1416 13.60359 3.243819 -7.464527 12.38436 4.157758 -8.1416 13.60359 3.243819 -8.020994 12.33462 4.034922 -8.499029 13.19571 3.39376 -4.751138 12.97575 4.859847 -6.604301 12.51304 4.4369 -4.797061 12.27336 5.161269 -6.377895 11.8808 4.804769 -4.797061 12.27336 5.161269 -6.377895 11.8808 4.804769 -4.979875 11.76008 5.335457 -6.095102 11.48481 5.087302 -0.3763347 13.19378 3.571741 -2.204024 13.65269 4.097238 -0.5592294 12.5878 4.002625 -2.115382 12.9811 4.454217 -0.5592294 12.5878 4.002625 -2.115382 12.9811 4.454217 -0.8303595 12.21515 4.341503 -1.925878 12.49403 4.662671 -3.848863 12.07157 -7.726438 -2.144628 12.94715 -7.331286 -3.362635 11.48613 -7.811036 -1.909612 12.23345 -7.478676 -3.362635 11.48613 -7.811036 -1.909612 12.23345 -7.478676 -2.893445 11.16023 -7.840521 -1.868982 11.68777 -7.609729 2.245256 10.67261 5.038203 0.795795 11.7988 4.361475 1.645059 10.206 5.129606 0.4090114 11.16755 4.557033 1.645059 10.206 5.129606 0.4090114 11.16755 4.557033 1.118923 9.981777 5.140667 0.2472496 10.66079 4.740399 -5.995885 13.05931 -7.33417 -4.424939 11.89441 -7.382561 -6.296803 12.42345 -7.63657 -4.956859 11.43213 -7.682013 -6.296803 12.42345 -7.63657 -4.956859 11.43213 -7.682013 -6.372948 11.89816 -7.849862 -5.427774 11.20067 -7.885161 8.962187 15.1655 -2.82389 9.921719 14.00815 -1.21647 9.507078 14.67699 -3.278354 10.32852 13.69421 -1.907873 9.507078 14.67699 -3.278354 10.32852 13.69421 -1.907873 9.958585 14.25439 -3.456401 10.54036 13.56456 -2.490135 9.887915 13.43816 1.86531 9.714151 14.40338 0.172575 10.40995 13.07579 1.438132 10.25864 13.89548 -0.005974765 10.40995 13.07579 1.438132 10.25864 13.89548 -0.005974765 10.74773 12.90509 1.009202 10.6386 13.48048 -0.009666505 8.483178 13.6438 3.105121 10.05451 13.09758 2.075681 8.769281 13.09644 3.557727 10.10602 12.62776 2.678121 8.769281 13.09644 3.557727 10.10602 12.62776 2.678121 9.08892 12.67724 3.779814 10.02908 12.34448 3.158157 8.064111 11.06964 4.264545 9.000879 12.4957 3.307473 8.720479 10.71752 4.087033 9.51705 11.93154 3.267366 8.720479 10.71752 4.087033 9.51705 11.93154 3.267366 9.24091 10.5926 3.88513 9.80089 11.44712 3.304361 -9.097855 13.82397 1.792883 -9.664289 14.70287 0.1394368 -9.635706 13.33731 1.547529 -10.12166 14.08875 0.1406107 -9.635706 13.33731 1.547529 -10.12166 14.08875 0.1406107 -10.05012 13.08 1.248746 -10.39509 13.61144 0.258973 6.433492 11.31784 4.221947 4.469291 11.38153 4.822456 6.33219 10.56616 4.489581 4.659466 10.62183 5.005798 6.33219 10.56616 4.489581 4.659466 10.62183 5.005798 6.105238 10.06171 4.724219 4.92739 10.10202 5.091471 -2.081718 11.71946 4.395851 -3.275934 10.28494 4.981662 -1.591734 11.13274 4.440388 -2.608716 9.91114 4.944054 -1.591734 11.13274 4.440388 -2.608716 9.91114 4.944054 -1.354813 10.61854 4.52218 -2.070906 9.758396 4.880569 -3.804203 10.43986 4.615601 -5.618163 11.17247 4.611472 -4.204914 9.834839 4.859933 -5.750419 10.46065 4.860743 -4.204914 9.834839 4.859933 -5.750419 10.46065 4.860743 -4.623935 9.484343 5.029616 -5.71277 9.926501 5.033561 -8.765808 11.98036 3.319467 -9.116234 13.39027 2.009298 -9.409109 11.72014 2.99579 -9.710256 12.9241 1.882232 -9.409109 11.72014 2.99579 -9.710256 12.9241 1.882232 -9.877031 11.65975 2.672339 -10.09121 12.51008 1.889932</float_array>
          <technique_common>
            <accessor source="#ShLeaf_010__mShadowShake-position-array" count="231" stride="3">
              <param name="X" type="float" />
              <param name="Y" type="float" />
              <param name="Z" type="float" />
            </accessor>
          </technique_common>
        </source>
        <source id="ShLeaf_010__mShadowShake-normal">
          <float_array id="ShLeaf_010__mShadowShake-normal-array" count="693">0.7260272 0.6810173 0.08219166 0.7260272 0.6810173 0.08219166 0.7260272 0.6810173 0.08219166 -0.700587 -0.7142854 0.02544042 -0.700587 -0.7142854 0.02544042 -0.700587 -0.7142854 0.02544042 -0.05675165 0.1741683 0.9823872 -0.05675165 0.1741683 0.9823872 -0.05675165 0.1741683 0.9823872 -0.7103717 0.485323 0.508806 -0.7103717 0.485323 0.508806 -0.7103717 0.485323 0.508806 0.1017612 0.8747552 0.4735809 0.1017612 0.8747552 0.4735809 0.1017612 0.8747552 0.4735809 0.06066529 0.8434441 0.5342463 0.06066529 0.8434441 0.5342463 0.06066529 0.8434441 0.5342463 -0.2602741 0.479452 0.8375731 -0.2602741 0.479452 0.8375731 -0.2602741 0.479452 0.8375731 -0.2876713 0.3679061 0.8845398 -0.2876713 0.3679061 0.8845398 -0.2876713 0.3679061 0.8845398 0.3542072 0.44227 0.8238745 0.3542072 0.44227 0.8238745 0.3542072 0.44227 0.8238745 0.1154601 0.1996085 -0.9726025 0.1154601 0.1996085 -0.9726025 0.1154601 0.1996085 -0.9726025 -0.1604698 0.3405088 0.9256357 -0.1604698 0.3405088 0.9256357 -0.1604698 0.3405088 0.9256357 0.1976518 0.3150683 -0.9295497 0.1976518 0.3150683 -0.9295497 0.1976518 0.3150683 -0.9295497 0.7181994 0.6927589 0.0626222 0.7181994 0.6927589 0.0626222 0.7181994 0.6927589 0.0626222 -0.6751466 -0.6712326 -0.3072405 -0.6751466 -0.6712326 -0.3072405 -0.6751466 -0.6712326 -0.3072405 -0.547945 -0.7025437 -0.4540115 -0.547945 -0.7025437 -0.4540115 -0.547945 -0.7025437 -0.4540115 -0.3796475 -0.3365948 -0.8610565 -0.3796475 -0.3365948 -0.8610565 -0.3796475 -0.3365948 -0.8610565 -0.7103717 0.485323 0.508806 -0.7103717 0.485323 0.508806 -0.7103717 0.485323 0.508806 0.2954988 0.258317 0.9197649 0.2954988 0.258317 0.9197649 0.2954988 0.258317 0.9197649 0.2172209 0.2172211 0.951076 0.2172209 0.2172211 0.951076 0.2172209 0.2172211 0.951076 0.1154597 0.2739726 0.9549899 0.1154597 0.2739726 0.9549899 0.1154597 0.2739726 0.9549899 -0.5655577 0.4774951 0.6731895 -0.5655577 0.4774951 0.6731895 -0.5655577 0.4774951 0.6731895 0.7045008 0.7045007 0.08610555 0.7045008 0.7045007 0.08610555 0.7045008 0.7045007 0.08610555 0.7045008 0.7045007 0.08610555 0.69863 0.7103715 0.0841486 0.69863 0.7103715 0.0841486 0.69863 0.7103715 0.0841486 0.69863 0.7103715 0.0841486 -0.7201564 -0.6927589 0.04109598 -0.7201564 -0.6927589 0.04109598 -0.7201564 -0.6927589 0.04109598 -0.7201564 -0.6927589 0.04109598 -0.7240703 -0.688845 0.04696682 -0.7240703 -0.688845 0.04696682 -0.7240703 -0.688845 0.04696682 -0.7240703 -0.688845 0.04696682 -0.07436417 0.2015656 0.9765163 -0.07436417 0.2015656 0.9765163 -0.07436417 0.2015656 0.9765163 -0.07436417 0.2015656 0.9765163 -0.07436417 0.2093934 0.9745594 -0.07436417 0.2093934 0.9745594 -0.07436417 0.2093934 0.9745594 -0.07436417 0.2093934 0.9745594 -0.6908022 0.5107633 0.5107629 -0.6908022 0.5107633 0.5107629 -0.6908022 0.5107633 0.5107629 -0.6908022 0.5107633 0.5107629 -0.6849314 0.5166341 0.5146768 -0.6849314 0.5166341 0.5146768 -0.6849314 0.5166341 0.5146768 -0.6849314 0.5166341 0.5146768 0.07827782 0.8864968 0.4540114 0.07827782 0.8864968 0.4540114 0.07827782 0.8864968 0.4540114 0.07827782 0.8864968 0.4540114 0.07632089 0.8904107 0.4481406 0.07632089 0.8904107 0.4481406 0.07632089 0.8904107 0.4481406 0.07632089 0.8904107 0.4481406 0.07632087 0.8571427 0.508806 0.07632087 0.8571427 0.508806 0.07632087 0.8571427 0.508806 0.07632087 0.8571427 0.508806 0.08219171 0.8590997 0.5048921 0.08219171 0.8590997 0.5048921 0.08219171 0.8590997 0.5048921 0.08219171 0.8590997 0.5048921 -0.2328768 0.4990215 0.8356161 -0.2328768 0.4990215 0.8356161 -0.2328768 0.4990215 0.8356161 -0.2328768 0.4990215 0.8356161 -0.225049 0.4990215 0.8356161 -0.225049 0.4990215 0.8356161 -0.225049 0.4990215 0.8356161 -0.225049 0.4990215 0.8356161 -0.2954991 0.3953034 0.8688843 -0.2954991 0.3953034 0.8688843 -0.2954991 0.3953034 0.8688843 -0.2954991 0.3953034 0.8688843 -0.2935422 0.4031312 0.8669273 -0.2935422 0.4031312 0.8669273 -0.2935422 0.4031312 0.8669273 -0.2935422 0.4031312 0.8669273 0.3522502 0.4716241 0.8082189 0.3522502 0.4716241 0.8082189 0.3522502 0.4716241 0.8082189 0.3522502 0.4716241 0.8082189 0.3561642 0.477495 0.804305 0.3561642 0.477495 0.804305 0.3561642 0.477495 0.804305 0.3561642 0.477495 0.804305 0.1037184 0.2309196 -0.9667317 0.1037184 0.2309196 -0.9667317 0.1037184 0.2309196 -0.9667317 0.1037184 0.2309196 -0.9667317 0.09784755 0.2348335 -0.9667317 0.09784755 0.2348335 -0.9667317 0.09784755 0.2348335 -0.9667317 0.09784755 0.2348335 -0.9667317 -0.1409003 0.3679061 0.9197649 -0.1409003 0.3679061 0.9197649 -0.1409003 0.3679061 0.9197649 -0.1409003 0.3679061 0.9197649 -0.1350295 0.37182 0.9178079 -0.1350295 0.37182 0.9178079 -0.1350295 0.37182 0.9178079 -0.1350295 0.37182 0.9178079 0.2191782 0.3365947 -0.9158511 0.2191782 0.3365947 -0.9158511 0.2191782 0.3365947 -0.9158511 0.2191782 0.3365947 -0.9158511 0.2211352 0.3424655 -0.9138941 0.2211352 0.3424655 -0.9138941 0.2211352 0.3424655 -0.9138941 0.2211352 0.3424655 -0.9138941 0.7025439 0.7064576 0.08806249 0.7025439 0.7064576 0.08806249 0.7025439 0.7064576 0.08806249 0.7025439 0.7064576 0.08806249 0.696673 0.7123285 0.09001944 0.696673 0.7123285 0.09001944 0.696673 0.7123285 0.09001944 0.696673 0.7123285 0.09001944 -0.69863 -0.6497062 -0.2974558 -0.69863 -0.6497062 -0.2974558 -0.69863 -0.6497062 -0.2974558 -0.69863 -0.6497062 -0.2974558 -0.7045008 -0.6477492 -0.2915849 -0.7045008 -0.6477492 -0.2915849 -0.7045008 -0.6477492 -0.2915849 -0.7045008 -0.6477492 -0.2915849 -0.5518589 -0.6810173 -0.4794518 -0.5518589 -0.6810173 -0.4794518 -0.5518589 -0.6810173 -0.4794518 -0.5518589 -0.6810173 -0.4794518 -0.5557728 -0.6751465 -0.4833657 -0.5557728 -0.6751465 -0.4833657 -0.5557728 -0.6751465 -0.4833657 -0.5557728 -0.6751465 -0.4833657 -0.4050878 -0.3131114 -0.8590996 -0.4050878 -0.3131114 -0.8590996 -0.4050878 -0.3131114 -0.8590996 -0.4050878 -0.3131114 -0.8590996 -0.4109587 -0.3111545 -0.8571426 -0.4109587 -0.3111545 -0.8571426 -0.4109587 -0.3111545 -0.8571426 -0.4109587 -0.3111545 -0.8571426 -0.6908022 0.5107633 0.5107629 -0.6908022 0.5107633 0.5107629 -0.6908022 0.5107633 0.5107629 -0.6908022 0.5107633 0.5107629 -0.6849314 0.5166341 0.5146768 -0.6849314 0.5166341 0.5146768 -0.6849314 0.5166341 0.5146768 -0.6849314 0.5166341 0.5146768 0.2896279 0.2896281 0.9119371 0.2896279 0.2896281 0.9119371 0.2896279 0.2896281 0.9119371 0.2896279 0.2896281 0.9119371 0.2915849 0.295499 0.9099801 0.2915849 0.295499 0.9099801 0.2915849 0.295499 0.9099801 0.2915849 0.295499 0.9099801 0.1878667 0.2348336 0.953033 0.1878667 0.2348336 0.953033 0.1878667 0.2348336 0.953033 0.1878667 0.2348336 0.953033 0.1839528 0.2407045 0.953033 0.1839528 0.2407045 0.953033 0.1839528 0.2407045 0.953033 0.1839528 0.2407045 0.953033 0.1213305 0.3052837 0.9452052 0.1213305 0.3052837 0.9452052 0.1213305 0.3052837 0.9452052 0.1213305 0.3052837 0.9452052 0.1272014 0.3091976 0.9412913 0.1272014 0.3091976 0.9412913 0.1272014 0.3091976 0.9412913 0.1272014 0.3091976 0.9412913 -0.5401174 0.4970646 0.6810173 -0.5401174 0.4970646 0.6810173 -0.5401174 0.4970646 0.6810173 -0.5401174 0.4970646 0.6810173 -0.5322896 0.4970646 0.6849312 -0.5322896 0.4970646 0.6849312 -0.5322896 0.4970646 0.6849312 -0.5322896 0.4970646 0.6849312</float_array>
          <technique_common>
            <accessor source="#ShLeaf_010__mShadowShake-normal-array" count="231" stride="3">
              <param name="X" type="float" />
              <param name="Y" type="float" />
              <param name="Z" type="float" />
            </accessor>
          </technique_common>
        </source>
        <source id="ShLeaf_010__mShadowShake-color">
          <float_array id="ShLeaf_010__mShadowShake-color-array" count="924">8.296875 15.79688 -1 1 8.296875 15.79688 -1 1 8.296875 15.79688 -1 1 8.898438 14.5 -3.298828 1 8.898438 14.5 -3.298828 1 8.898438 14.5 -3.298828 1 2.599609 13 4.296875 1 2.599609 13 4.296875 1 2.599609 13 4.296875 1 -7.796875 15.69531 1 1 -7.796875 15.69531 1 1 -7.796875 15.69531 1 1 0.5996094 24.5 -2.599609 1 0.5996094 24.5 -2.599609 1 0.5996094 24.5 -2.599609 1 0.5996094 24.5 -2.599609 1 0.5996094 24.5 -2.599609 1 0.5996094 24.5 -2.599609 1 -5.597656 14.5 3.798828 1 -5.597656 14.5 3.798828 1 -5.597656 14.5 3.798828 1 -5.597656 14.5 3.798828 1 -5.597656 14.5 3.798828 1 -5.597656 14.5 3.798828 1 -1.5 15 2.898438 1 -1.5 15 2.898438 1 -1.5 15 2.898438 1 -4 14 -7.296875 1 -4 14 -7.296875 1 -4 14 -7.296875 1 2.599609 13 4.296875 1 2.599609 13 4.296875 1 2.599609 13 4.296875 1 -4 14 -7.296875 1 -4 14 -7.296875 1 -4 14 -7.296875 1 8.296875 15.79688 -1 1 8.296875 15.79688 -1 1 8.296875 15.79688 -1 1 8.398438 14.89844 1.699219 1 8.398438 14.89844 1.699219 1 8.398438 14.89844 1.699219 1 8.398438 14.89844 1.699219 1 8.398438 14.89844 1.699219 1 8.398438 14.89844 1.699219 1 7.097656 13.19531 4 1 7.097656 13.19531 4 1 7.097656 13.19531 4 1 -7.796875 15.69531 1 1 -7.796875 15.69531 1 1 -7.796875 15.69531 1 1 6 12.69531 4.199219 1 6 12.69531 4.199219 1 6 12.69531 4.199219 1 -4 12.5 4.398438 1 -4 12.5 4.398438 1 -4 12.5 4.398438 1 -4 12.5 4.398438 1 -4 12.5 4.398438 1 -4 12.5 4.398438 1 -7.597656 13.69531 2.898438 1 -7.597656 13.69531 2.898438 1 -7.597656 13.69531 2.898438 1 8.296875 15.79688 -1 1 8.296875 15.79688 -1 1 8.296875 15.79688 -1 1 8.296875 15.79688 -1 1 8.296875 15.79688 -1 1 8.296875 15.79688 -1 1 8.296875 15.79688 -1 1 8.296875 15.79688 -1 1 8.898438 14.5 -3.298828 1 8.898438 14.5 -3.298828 1 8.898438 14.5 -3.298828 1 8.898438 14.5 -3.298828 1 8.898438 14.5 -3.298828 1 8.898438 14.5 -3.298828 1 8.898438 14.5 -3.298828 1 8.898438 14.5 -3.298828 1 2.599609 13 4.296875 1 2.599609 13 4.296875 1 2.599609 13 4.296875 1 2.599609 13 4.296875 1 2.599609 13 4.296875 1 2.599609 13 4.296875 1 2.599609 13 4.296875 1 2.599609 13 4.296875 1 -7.796875 15.69531 1 1 -7.796875 15.69531 1 1 -7.796875 15.69531 1 1 -7.796875 15.69531 1 1 -7.796875 15.69531 1 1 -7.796875 15.69531 1 1 -7.796875 15.69531 1 1 -7.796875 15.69531 1 1 0.5996094 24.5 -2.599609 1 0.5996094 24.5 -2.599609 1 0.5996094 24.5 -2.599609 1 0.5996094 24.5 -2.599609 1 0.5996094 24.5 -2.599609 1 0.5996094 24.5 -2.599609 1 0.5996094 24.5 -2.599609 1 0.5996094 24.5 -2.599609 1 0.5996094 24.5 -2.599609 1 0.5996094 24.5 -2.599609 1 0.5996094 24.5 -2.599609 1 0.5996094 24.5 -2.599609 1 0.5996094 24.5 -2.599609 1 0.5996094 24.5 -2.599609 1 0.5996094 24.5 -2.599609 1 0.5996094 24.5 -2.599609 1 -5.597656 14.5 3.798828 1 -5.597656 14.5 3.798828 1 -5.597656 14.5 3.798828 1 -5.597656 14.5 3.798828 1 -5.597656 14.5 3.798828 1 -5.597656 14.5 3.798828 1 -5.597656 14.5 3.798828 1 -5.597656 14.5 3.798828 1 -5.597656 14.5 3.798828 1 -5.597656 14.5 3.798828 1 -5.597656 14.5 3.798828 1 -5.597656 14.5 3.798828 1 -5.597656 14.5 3.798828 1 -5.597656 14.5 3.798828 1 -5.597656 14.5 3.798828 1 -5.597656 14.5 3.798828 1 -1.5 15 2.898438 1 -1.5 15 2.898438 1 -1.5 15 2.898438 1 -1.5 15 2.898438 1 -1.5 15 2.898438 1 -1.5 15 2.898438 1 -1.5 15 2.898438 1 -1.5 15 2.898438 1 -4 14 -7.296875 1 -4 14 -7.296875 1 -4 14 -7.296875 1 -4 14 -7.296875 1 -4 14 -7.296875 1 -4 14 -7.296875 1 -4 14 -7.296875 1 -4 14 -7.296875 1 2.599609 13 4.296875 1 2.599609 13 4.296875 1 2.599609 13 4.296875 1 2.599609 13 4.296875 1 2.599609 13 4.296875 1 2.599609 13 4.296875 1 2.599609 13 4.296875 1 2.599609 13 4.296875 1 -4 14 -7.296875 1 -4 14 -7.296875 1 -4 14 -7.296875 1 -4 14 -7.296875 1 -4 14 -7.296875 1 -4 14 -7.296875 1 -4 14 -7.296875 1 -4 14 -7.296875 1 8.296875 15.79688 -1 1 8.296875 15.79688 -1 1 8.296875 15.79688 -1 1 8.296875 15.79688 -1 1 8.296875 15.79688 -1 1 8.296875 15.79688 -1 1 8.296875 15.79688 -1 1 8.296875 15.79688 -1 1 8.398438 14.89844 1.699219 1 8.398438 14.89844 1.699219 1 8.398438 14.89844 1.699219 1 8.398438 14.89844 1.699219 1 8.398438 14.89844 1.699219 1 8.398438 14.89844 1.699219 1 8.398438 14.89844 1.699219 1 8.398438 14.89844 1.699219 1 8.398438 14.89844 1.699219 1 8.398438 14.89844 1.699219 1 8.398438 14.89844 1.699219 1 8.398438 14.89844 1.699219 1 8.398438 14.89844 1.699219 1 8.398438 14.89844 1.699219 1 8.398438 14.89844 1.699219 1 8.398438 14.89844 1.699219 1 7.097656 13.19531 4 1 7.097656 13.19531 4 1 7.097656 13.19531 4 1 7.097656 13.19531 4 1 7.097656 13.19531 4 1 7.097656 13.19531 4 1 7.097656 13.19531 4 1 7.097656 13.19531 4 1 -7.796875 15.69531 1 1 -7.796875 15.69531 1 1 -7.796875 15.69531 1 1 -7.796875 15.69531 1 1 -7.796875 15.69531 1 1 -7.796875 15.69531 1 1 -7.796875 15.69531 1 1 -7.796875 15.69531 1 1 6 12.69531 4.199219 1 6 12.69531 4.199219 1 6 12.69531 4.199219 1 6 12.69531 4.199219 1 6 12.69531 4.199219 1 6 12.69531 4.199219 1 6 12.69531 4.199219 1 6 12.69531 4.199219 1 -4 12.5 4.398438 1 -4 12.5 4.398438 1 -4 12.5 4.398438 1 -4 12.5 4.398438 1 -4 12.5 4.398438 1 -4 12.5 4.398438 1 -4 12.5 4.398438 1 -4 12.5 4.398438 1 -4 12.5 4.398438 1 -4 12.5 4.398438 1 -4 12.5 4.398438 1 -4 12.5 4.398438 1 -4 12.5 4.398438 1 -4 12.5 4.398438 1 -4 12.5 4.398438 1 -4 12.5 4.398438 1 -7.597656 13.69531 2.898438 1 -7.597656 13.69531 2.898438 1 -7.597656 13.69531 2.898438 1 -7.597656 13.69531 2.898438 1 -7.597656 13.69531 2.898438 1 -7.597656 13.69531 2.898438 1 -7.597656 13.69531 2.898438 1 -7.597656 13.69531 2.898438 1</float_array>
          <technique_common>
            <accessor source="#ShLeaf_010__mShadowShake-color-array" count="231" stride="4">
              <param name="R" type="float" />
              <param name="G" type="float" />
              <param name="B" type="float" />
              <param name="A" type="float" />
            </accessor>
          </technique_common>
        </source>
        <vertices id="ShLeaf_010__mShadowShake-vertex">
          <input semantic="POSITION" source="#ShLeaf_010__mShadowShake-position" />
        </vertices>
        <triangles material="mShadowShake" count="105">
          <input semantic="VERTEX" source="#ShLeaf_010__mShadowShake-vertex" offset="0" />
          <input semantic="NORMAL" source="#ShLeaf_010__mShadowShake-normal" offset="1" />
          <input semantic="COLOR" source="#ShLeaf_010__mShadowShake-color" offset="2" set="0" />
          <p>0 0 0 1 1 1 2 2 2 3 3 3 4 4 4 5 5 5 6 6 6 7 7 7 8 8 8 9 9 9 10 10 10 11 11 11 12 12 12 13 13 13 14 14 14 15 15 15 16 16 16 17 17 17 18 18 18 19 19 19 20 20 20 21 21 21 22 22 22 23 23 23 24 24 24 25 25 25 26 26 26 27 27 27 28 28 28 29 29 29 30 30 30 31 31 31 32 32 32 33 33 33 34 34 34 35 35 35 36 36 36 37 37 37 38 38 38 39 39 39 40 40 40 41 41 41 42 42 42 43 43 43 44 44 44 45 45 45 46 46 46 47 47 47 48 48 48 49 49 49 50 50 50 51 51 51 52 52 52 53 53 53 54 54 54 55 55 55 56 56 56 57 57 57 58 58 58 59 59 59 60 60 60 61 61 61 62 62 62 63 63 63 64 64 64 65 65 65 64 64 64 66 66 66 65 65 65 67 67 67 68 68 68 69 69 69 68 68 68 70 70 70 69 69 69 71 71 71 72 72 72 73 73 73 72 72 72 74 74 74 73 73 73 75 75 75 76 76 76 77 77 77 76 76 76 78 78 78 77 77 77 79 79 79 80 80 80 81 81 81 80 80 80 82 82 82 81 81 81 83 83 83 84 84 84 85 85 85 84 84 84 86 86 86 85 85 85 87 87 87 88 88 88 89 89 89 88 88 88 90 90 90 89 89 89 91 91 91 92 92 92 93 93 93 92 92 92 94 94 94 93 93 93 95 95 95 96 96 96 97 97 97 96 96 96 98 98 98 97 97 97 99 99 99 100 100 100 101 101 101 100 100 100 102 102 102 101 101 101 103 103 103 104 104 104 105 105 105 104 104 104 106 106 106 105 105 105 107 107 107 108 108 108 109 109 109 108 108 108 110 110 110 109 109 109 111 111 111 112 112 112 113 113 113 112 112 112 114 114 114 113 113 113 115 115 115 116 116 116 117 117 117 116 116 116 118 118 118 117 117 117 119 119 119 120 120 120 121 121 121 120 120 120 122 122 122 121 121 121 123 123 123 124 124 124 125 125 125 124 124 124 126 126 126 125 125 125 127 127 127 128 128 128 129 129 129 128 128 128 130 130 130 129 129 129 131 131 131 132 132 132 133 133 133 132 132 132 134 134 134 133 133 133 135 135 135 136 136 136 137 137 137 136 136 136 138 138 138 137 137 137 139 139 139 140 140 140 141 141 141 140 140 140 142 142 142 141 141 141 143 143 143 144 144 144 145 145 145 144 144 144 146 146 146 145 145 145 147 147 147 148 148 148 149 149 149 148 148 148 150 150 150 149 149 149 151 151 151 152 152 152 153 153 153 152 152 152 154 154 154 153 153 153 155 155 155 156 156 156 157 157 157 156 156 156 158 158 158 157 157 157 159 159 159 160 160 160 161 161 161 160 160 160 162 162 162 161 161 161 163 163 163 164 164 164 165 165 165 164 164 164 166 166 166 165 165 165 167 167 167 168 168 168 169 169 169 168 168 168 170 170 170 169 169 169 171 171 171 172 172 172 173 173 173 172 172 172 174 174 174 173 173 173 175 175 175 176 176 176 177 177 177 176 176 176 178 178 178 177 177 177 179 179 179 180 180 180 181 181 181 180 180 180 182 182 182 181 181 181 183 183 183 184 184 184 185 185 185 184 184 184 186 186 186 185 185 185 187 187 187 188 188 188 189 189 189 188 188 188 190 190 190 189 189 189 191 191 191 192 192 192 193 193 193 192 192 192 194 194 194 193 193 193 195 195 195 196 196 196 197 197 197 196 196 196 198 198 198 197 197 197 199 199 199 200 200 200 201 201 201 200 200 200 202 202 202 201 201 201 203 203 203 204 204 204 205 205 205 204 204 204 206 206 206 205 205 205 207 207 207 208 208 208 209 209 209 208 208 208 210 210 210 209 209 209 211 211 211 212 212 212 213 213 213 212 212 212 214 214 214 213 213 213 215 215 215 216 216 216 217 217 217 216 216 216 218 218 218 217 217 217 219 219 219 220 220 220 221 221 221 220 220 220 222 222 222 221 221 221 223 223 223 224 224 224 225 225 225 224 224 224 226 226 226 225 225 225 227 227 227 228 228 228 229 229 229 228 228 228 230 230 230 229 229 229 </p>
        </triangles>
      </mesh>
    </geometry>
    <geometry id="TrunkBottom__mPltTreeOakTrunk-mesh" name="TrunkBottom__mPltTreeOakTrunk">
      <mesh>
        <source id="TrunkBottom__mPltTreeOakTrunk-position">
          <float_array id="TrunkBottom__mPltTreeOakTrunk-position-array" count="5328">1.736683 -0.2214557 -2.38131 1.303469 0.5943571 -3.056059 1.476319 0.7093754 -2.456412 -0.3353363 0.2743077 -4.774579 2.863718E-07 -0.09607416 -5.140779 -0.003685521 -1.132381 -5.420377 2.863718E-07 -0.09607416 -5.140779 0.335337 0.2743076 -4.774579 -0.003685521 -1.132381 -5.420377 1.882781 2.187757 -2.345029 1.476319 0.7093754 -2.456412 0.9764767 1.390674 -2.78323 0.9764767 1.390674 -2.78323 1.106628 2.779917 -2.671632 1.882781 2.187757 -2.345029 1.736683 -0.2214557 -2.38131 1.53186 -0.6152593 -3.135857 1.303469 0.5943571 -3.056059 -1.214945 1.641404 2.645813 -1.074625 1.247992 3.07511 -0.8638875 1.451887 2.816314 -0.8638875 1.451887 2.816314 -1.074625 1.247992 3.07511 -0.4480534 0.9878872 2.789362 -0.4480534 0.9878872 2.789362 -0.6930429 0.5943586 3.262759 -0.1824414 0.7093769 2.836432 -0.1824414 0.7093769 2.836432 -0.6930429 0.5943586 3.262759 0.09180051 -0.2214549 2.974993 -0.5546788 -0.615258 3.507344 0.09180051 -0.2214549 2.974993 -0.6930429 0.5943586 3.262759 -2.41177 1.451887 1.691711 -2.589236 1.247992 1.974681 -2.139548 1.641403 1.971689 -2.514385 0.9878871 1.288084 -2.589236 1.247992 1.974681 -2.41177 1.451887 1.691711 -2.819661 -0.2214552 0.9290662 -2.885444 0.5943584 1.681098 -2.612603 0.7093768 1.138124 -2.885444 0.5943584 1.681098 -2.819661 -0.2214552 0.9290662 -3.157606 -0.6152582 1.616206 -2.468131 0.3696959 4.108501 -1.753059 0.4177941 3.954513 -1.955098 0.8151935 3.808177 -2.468131 0.3696959 4.108501 -2.815041 0.527649 3.874571 -3.069783 0.0001166975 4.225194 -2.815041 0.527649 3.874571 -3.144722 0.3696958 3.616929 -3.069783 0.0001166975 4.225194 -3.015249 0.8151934 3.040119 -3.23631 0.417794 2.879962 -3.144722 0.3696958 3.616929 -2.468131 0.3696959 4.108501 -3.069783 0.0001166975 4.225194 -2.769076 -0.00357832 4.25894 -2.944025 -1.10974 4.461403 -2.545576 -0.01865322 4.258308 -2.769076 -0.00357832 4.25894 -3.069783 0.0001166975 4.225194 -3.144722 0.3696958 3.616929 -3.194947 -0.003578359 3.949526 -3.407819 -0.977315 2.931121 -3.295663 -0.001275728 3.18503 -3.23631 0.417794 2.879962 -2.769076 -0.00357832 4.25894 -3.069783 0.0001166975 4.225194 -3.231465 -1.132378 4.456757 -2.769076 -0.00357832 4.25894 -3.231465 -1.132378 4.456757 -2.944025 -1.10974 4.461403 -3.231465 -1.132378 4.456757 -3.069783 0.0001166975 4.225194 -3.194947 -0.003578359 3.949526 -3.144722 0.3696958 3.616929 -3.263411 -0.01865328 3.736769 -3.194947 -0.003578359 3.949526 -3.324708 -1.10974 4.184822 -3.231465 -1.132378 4.456757 -3.194947 -0.003578359 3.949526 -3.194947 -0.003578359 3.949526 -3.263411 -0.01865328 3.736769 -3.324708 -1.10974 4.184822 -1.735626 1.787888 2.388884 -2.16357 2.779918 1.889065 -2.139548 1.641403 1.971689 0.09180051 -0.2214549 2.974993 0.09263979 0.7263629 2.880001 -0.1824414 0.7093769 2.836432 -0.8638875 1.451887 2.816314 -1.128028 2.779918 2.641431 -1.214945 1.641404 2.645813 -2.769834 2.384408 0.9541613 -2.722811 1.524491 0.8894398 -2.41177 1.451887 1.691711 -2.612603 0.7093768 1.138124 -2.739044 0.7263627 0.8899686 -2.819661 -0.2214552 0.9290662 -1.214945 1.641404 2.645813 -1.128028 2.779918 2.641431 -1.735626 1.787888 2.388884 -2.41177 1.451887 1.691711 -2.722811 1.524491 0.8894398 -2.514385 0.9878871 1.288084 -0.4480534 0.9878872 2.789362 -1.074625 1.247992 3.07511 -0.6930429 0.5943586 3.262759 -1.753059 0.4177941 3.954513 -2.468131 0.3696959 4.108501 -2.013931 -0.00287745 4.11534 -2.259583 -1.063368 4.502513 -2.013931 -0.00287745 4.11534 -2.545576 -0.01865322 4.258308 -1.753059 0.4177941 3.954513 -2.013931 -0.00287745 4.11534 -1.726003 -0.9773148 4.153032 -3.57531 -1.063368 3.546582 -3.295663 -0.001275728 3.18503 -3.407819 -0.977315 2.931121 -2.545576 -0.01865322 4.258308 -2.468131 0.3696959 4.108501 -2.769076 -0.00357832 4.25894 -2.944025 -1.10974 4.461403 -2.259583 -1.063368 4.502513 -2.545576 -0.01865322 4.258308 -3.324708 -1.10974 4.184822 -3.263411 -0.01865328 3.736769 -3.57531 -1.063368 3.546582 -2.545576 -0.01865322 4.258308 -2.013931 -0.00287745 4.11534 -2.468131 0.3696959 4.108501 -3.263411 -0.01865328 3.736769 -3.295663 -0.001275728 3.18503 -3.57531 -1.063368 3.546582 -0.4480534 0.9878872 2.789362 1.436789E-07 1.514909 2.891648 -0.8638875 1.451887 2.816314 2.119718 1.328136 1.988458 2.41876 1.037083 2.153795 2.37678 1.185254 1.717134 2.37678 1.185254 1.717134 2.41876 1.037083 2.153795 2.526339 0.9164782 1.367592 2.526339 0.9164782 1.367592 2.704312 0.5719507 1.878892 2.630874 0.6571517 1.195847 2.630874 0.6571517 1.195847 2.704312 0.5719507 1.878892 2.81229 -0.2214555 0.9290672 2.941346 -0.5650185 1.858079 2.81229 -0.2214555 0.9290672 2.704312 0.5719507 1.878892 0.8965028 1.185254 2.792618 1.082175 1.037083 3.034289 1.233303 1.328136 2.630116 0.5894248 0.9410516 2.830521 1.082175 1.037083 3.034289 0.8965028 1.185254 2.792618 0.09180051 -0.2214549 2.974993 0.7340687 0.571951 3.18768 0.4096594 0.625677 2.894155 0.7340687 0.571951 3.18768 0.09180051 -0.2214549 2.974993 0.5905356 -0.5650181 3.406709 2.820152 0.2374563 3.672031 2.944897 0.3668719 3.008934 2.725199 0.6375464 3.155307 3.048469 -1.001089 3.740609 2.944897 0.3668719 3.008934 2.820152 0.2374563 3.672031 2.944897 0.3668719 3.008934 3.048469 -1.001089 3.740609 3.069533 -0.9234728 3.091588 2.820152 0.2374563 3.672031 2.573054 0.3870151 3.851823 2.743447 -0.007418148 4.112937 3.048469 -1.001089 3.740609 2.820152 0.2374563 3.672031 2.790486 -0.01075088 4.009698 2.573054 0.3870151 3.851823 2.311749 0.2374564 4.009846 2.743447 -0.007418148 4.112937 1.879633 0.6375465 3.719038 1.646287 0.3668721 3.874479 2.311749 0.2374564 4.009846 2.820152 0.2374563 3.672031 2.743447 -0.007418148 4.112937 2.790486 -0.01075088 4.009698 2.988132 -1.042913 4.113031 3.048469 -1.001089 3.740609 2.790486 -0.01075088 4.009698 2.743447 -0.007418148 4.112937 2.311749 0.2374564 4.009846 2.630876 -0.01075084 4.115754 2.311749 0.2374564 4.009846 1.646287 0.3668721 3.874479 2.268547 -1.001089 4.258838 2.790486 -0.01075088 4.009698 2.743447 -0.007418148 4.112937 2.88985 -1.063332 4.354238 2.790486 -0.01075088 4.009698 2.88985 -1.063332 4.354238 2.988132 -1.042913 4.113031 2.88985 -1.063332 4.354238 2.743447 -0.007418148 4.112937 2.630876 -0.01075084 4.115754 2.311749 0.2374564 4.009846 2.268547 -1.001089 4.258838 2.630876 -0.01075084 4.115754 1.646287 0.3668721 3.874479 1.66937 -0.9234725 4.021945 2.268547 -1.001089 4.258838 2.631432 -1.042913 4.350045 2.88985 -1.063332 4.354238 2.630876 -0.01075084 4.115754 2.630876 -0.01075084 4.115754 2.268547 -1.001089 4.258838 2.631432 -1.042913 4.350045 1.735627 1.445187 2.47401 1.128029 2.779918 2.641431 1.233303 1.328136 2.630116 2.81229 -0.2214555 0.9290672 2.684828 0.7263623 0.8899698 2.630874 0.6571517 1.195847 2.37678 1.185254 1.717134 2.163571 2.779918 1.889066 2.119718 1.328136 1.988458 0.4096594 0.625677 2.894155 0.09263979 0.7263629 2.880001 0.09180051 -0.2214549 2.974993 2.37678 1.185254 1.717134 2.769835 2.384408 0.9541623 2.163571 2.779918 1.889066 2.119718 1.328136 1.988458 2.163571 2.779918 1.889066 1.735627 1.445187 2.47401 2.37678 1.185254 1.717134 2.722811 1.524491 0.8894409 2.769835 2.384408 0.9541623 0.8965028 1.185254 2.792618 1.436789E-07 1.514909 2.891648 0.5894248 0.9410516 2.830521 2.526339 0.9164782 1.367592 2.41876 1.037083 2.153795 2.704312 0.5719507 1.878892 2.526339 0.9164782 1.367592 2.722811 1.524491 0.8894409 2.37678 1.185254 1.717134 -2.883674 1.328136 -0.3627577 -3.222786 1.037083 -0.3207458 -2.932161 1.215893 0.00784491 -2.932161 1.215893 0.00784491 -3.222786 1.037083 -0.3207458 -2.847701 0.9164783 0.3785386 -2.847701 0.9164783 0.3785386 -3.292219 0.5719506 0.06949821 -2.850469 0.6571519 0.5928391 -2.850469 0.6571519 0.5928391 -3.292219 0.5719506 0.06949821 -2.819661 -0.2214552 0.9290662 -3.47013 -0.5650185 0.2533381 -2.819661 -0.2214552 0.9290662 -3.292219 0.5719506 0.06949821 -2.366745 1.215893 -1.732325 -2.659008 1.037082 -1.818705 -2.543706 1.328135 -1.402892 -1.743867 -0.2215067 -2.381054 -2.467545 0.5719501 -2.147413 -1.957615 0.6571513 -2.155082 -2.467545 0.5719501 -2.147413 -1.743867 -0.2215067 -2.381054 -2.478546 -0.5650191 -2.381303 -4.511625 0.2746139 -1.327413 -4.214113 0.407916 -0.6993216 -4.119656 0.6867185 -0.9543089 -4.73973 -0.9904858 -1.217474 -4.214113 0.407916 -0.6993216 -4.511625 0.2746139 -1.327413 -4.214113 0.407916 -0.6993216 -4.73973 -0.9904858 -1.217474 -4.364342 -0.910539 -0.6638842 -4.511625 0.2746139 -1.327413 -4.414568 0.4286638 -1.626838 -4.714646 0.02238592 -1.741265 -4.73973 -0.9904858 -1.217474 -4.511625 0.2746139 -1.327413 -4.700224 0.01895317 -1.602862 -4.414568 0.4286638 -1.626838 -4.292492 0.2746138 -1.916724 -4.714646 0.02238592 -1.741265 -3.756339 0.6867182 -1.936008 -3.655999 0.4079157 -2.206815 -4.292492 0.2746138 -1.916724 -4.511625 0.2746139 -1.327413 -4.714646 0.02238592 -1.741265 -4.700224 0.01895317 -1.602862 -4.914928 -1.033567 -1.564348 -4.73973 -0.9904858 -1.217474 -4.700224 0.01895317 -1.602862 -4.714646 0.02238592 -1.741265 -4.292492 0.2746138 -1.916724 -4.613659 0.01895311 -1.835661 -4.292492 0.2746138 -1.916724 -3.655999 0.4079157 -2.206815 -4.403567 -0.990486 -2.121513 -4.700224 0.01895317 -1.602862 -4.714646 0.02238592 -1.741265 -4.979064 -1.054599 -1.824851 -4.700224 0.01895317 -1.602862 -4.979064 -1.054599 -1.824851 -4.914928 -1.033567 -1.564348 -4.979064 -1.054599 -1.824851 -4.714646 0.02238592 -1.741265 -4.613659 0.01895311 -1.835661 -4.292492 0.2746138 -1.916724 -4.403567 -0.990486 -2.121513 -4.613659 0.01895311 -1.835661 -3.655999 0.4079157 -2.206815 -3.760842 -0.9105393 -2.28687 -4.403567 -0.990486 -2.121513 -4.761183 -1.033567 -1.977813 -4.979064 -1.054599 -1.824851 -4.613659 0.01895311 -1.835661 -4.613659 0.01895311 -1.835661 -4.403567 -0.990486 -2.121513 -4.761183 -1.033567 -1.977813 -2.808302 1.455664 -0.9124736 -2.671632 2.779917 -1.106628 -2.543706 1.328135 -1.402892 -2.819661 -0.2214552 0.9290662 -2.739044 0.7263627 0.8899686 -2.850469 0.6571519 0.5928391 -2.932161 1.215893 0.00784491 -2.891754 2.779917 -1.813223E-06 -2.883674 1.328136 -0.3627577 -2.932161 1.215893 0.00784491 -2.769834 2.384408 0.9541613 -2.891754 2.779917 -1.813223E-06 -2.883674 1.328136 -0.3627577 -2.891754 2.779917 -1.813223E-06 -2.808302 1.455664 -0.9124736 -2.932161 1.215893 0.00784491 -2.722811 1.524491 0.8894398 -2.769834 2.384408 0.9541613 -2.847701 0.9164783 0.3785386 -3.222786 1.037083 -0.3207458 -3.292219 0.5719506 0.06949821 -2.847701 0.9164783 0.3785386 -2.722811 1.524491 0.8894398 -2.932161 1.215893 0.00784491 2.538082 1.641403 -1.426381 2.676896 1.247991 -1.856167 2.354288 1.451886 -1.770665 1.889759 0.7093758 -2.133033 2.478486 0.5943573 -2.232267 1.736683 -0.2214557 -2.38131 2.945526 1.451887 0.0489804 3.255425 1.247991 -0.07563561 2.889862 1.641403 -0.3375356 2.791298 0.9878865 0.4358369 3.255425 1.247991 -0.07563561 2.945526 1.451887 0.0489804 2.81229 -0.2214555 0.9290672 3.322498 0.5943577 0.3359849 2.758946 0.7093763 0.6148881 3.322498 0.5943577 0.3359849 2.81229 -0.2214555 0.9290672 3.489583 -0.6152588 0.571799 3.822501 -0.9773165 -2.322012 4.048241 -0.002879117 -2.145621 4.459596 -1.06337 -2.291117 4.411677 0.3696942 -1.873116 4.554831 0.5276474 -1.479954 4.967013 0.0001150003 -1.61388 4.554831 0.5276474 -1.479954 4.670112 0.3696944 -1.077735 4.967013 0.0001150003 -1.61388 4.226326 0.8151922 -0.6871885 4.31103 0.4177928 -0.4276826 4.670112 0.3696944 -1.077735 4.411677 0.3696942 -1.873116 4.967013 0.0001150003 -1.61388 4.743572 -0.003580035 -1.817933 4.989157 -1.109742 -1.855554 4.562384 -0.01865493 -1.948791 4.743572 -0.003580035 -1.817933 4.967013 0.0001150003 -1.61388 4.670112 0.3696944 -1.077735 4.90624 -0.00357994 -1.31729 4.464898 -0.9773161 -0.3449176 4.538362 -0.001276993 -0.6396013 4.31103 0.4177928 -0.4276826 4.743572 -0.003580035 -1.817933 4.967013 0.0001150003 -1.61388 5.21897 -1.13238 -1.682841 4.743572 -0.003580035 -1.817933 5.21897 -1.13238 -1.682841 4.989157 -1.109742 -1.855554 5.21897 -1.13238 -1.682841 4.967013 0.0001150003 -1.61388 4.90624 -0.00357994 -1.31729 4.670112 0.3696944 -1.077735 4.836573 -0.01865477 -1.104924 4.90624 -0.00357994 -1.31729 5.134566 -1.109742 -1.408034 5.21897 -1.13238 -1.682841 4.90624 -0.00357994 -1.31729 4.90624 -0.00357994 -1.31729 4.836573 -0.01865477 -1.104924 5.134566 -1.109742 -1.408034 2.808303 1.787887 -0.9124723 2.891755 2.779917 4.375709E-07 2.889862 1.641403 -0.3375356 1.476319 0.7093754 -2.456412 1.889759 0.7093758 -2.133033 1.736683 -0.2214557 -2.38131 2.769835 2.384408 0.9541623 2.722811 1.524491 0.8894409 2.945526 1.451887 0.0489804 2.758946 0.7093763 0.6148881 2.684828 0.7263623 0.8899698 2.81229 -0.2214555 0.9290672 2.538082 1.641403 -1.426381 2.671634 2.779917 -1.106624 2.808303 1.787887 -0.9124723 2.945526 1.451887 0.0489804 2.722811 1.524491 0.8894409 2.791298 0.9878865 0.4358369 4.459596 -1.06337 -2.291117 4.048241 -0.002879117 -2.145621 4.562384 -0.01865493 -1.948791 3.74266 0.4177925 -2.168845 4.048241 -0.002879117 -2.145621 3.822501 -0.9773165 -2.322012 4.670112 0.3696944 -1.077735 4.538362 -0.001276993 -0.6396013 4.836573 -0.01865477 -1.104924 4.538362 -0.001276993 -0.6396013 4.670112 0.3696944 -1.077735 4.31103 0.4177928 -0.4276826 4.962159 -1.06337 -0.7443875 4.538362 -0.001276993 -0.6396013 4.464898 -0.9773161 -0.3449176 4.562384 -0.01865493 -1.948791 4.411677 0.3696942 -1.873116 4.743572 -0.003580035 -1.817933 4.989157 -1.109742 -1.855554 4.459596 -1.06337 -2.291117 4.562384 -0.01865493 -1.948791 5.134566 -1.109742 -1.408034 4.836573 -0.01865477 -1.104924 4.962159 -1.06337 -0.7443875 4.836573 -0.01865477 -1.104924 4.538362 -0.001276993 -0.6396013 4.962159 -1.06337 -0.7443875 2.863718E-07 -0.09607416 -5.140779 3.772779E-07 0.440125 -4.789233 0.335337 0.2743076 -4.774579 -0.3353363 0.2743077 -4.774579 3.772779E-07 0.440125 -4.789233 2.863718E-07 -0.09607416 -5.140779 2.986433 11.04885 -0.5293617 3.857301 11.56046 -0.3501529 3.905983 11.19534 -0.491895 3.041528 9.31125 0.0008960312 2.956899 9.908242 -0.4889818 4.085124 10.65639 -0.007956793 2.956899 9.908242 -0.4889818 3.959693 10.86698 -0.3501528 4.085124 10.65639 -0.007956793 3.041528 9.31125 0.0008960312 4.085124 10.65639 -0.007956793 2.956899 9.908242 0.4425552 4.085124 10.65639 -0.007956793 3.959693 10.86698 0.3342391 2.956899 9.908242 0.4425552 2.956899 9.908242 0.4425552 3.959693 10.86698 0.3342391 2.924451 10.39743 0.5821669 3.959693 10.86698 0.3342391 3.905983 11.19534 0.4759812 2.924451 10.39743 0.5821669 2.924451 10.39743 0.5821669 3.905983 11.19534 0.4759812 2.986433 11.04885 0.4829352 3.905983 11.19534 0.4759812 3.857301 11.56046 0.3342391 2.986433 11.04885 0.4829352 2.986433 11.04885 0.4829352 3.857301 11.56046 0.3342391 3.032175 11.54358 0.0008961487 3.857301 11.56046 0.3342391 3.887344 11.74118 -0.007956898 3.032175 11.54358 0.0008961487 2.986433 11.04885 -0.5293617 3.032175 11.54358 0.0008961487 3.857301 11.56046 -0.3501529 3.032175 11.54358 0.0008961487 3.887344 11.74118 -0.007956898 3.857301 11.56046 -0.3501529 3.905983 11.19534 -0.491895 3.857301 11.56046 -0.3501529 5.112866 11.76726 -0.2844588 5.112866 11.76726 -0.2844588 3.857301 11.56046 -0.3501529 4.981786 12.00366 -0.007956685 3.905983 11.19534 -0.491895 5.112866 11.76726 -0.2844588 3.959693 10.86698 -0.3501528 5.112866 11.76726 -0.2844588 5.205554 11.6001 -0.2034731 3.959693 10.86698 -0.3501528 3.959693 10.86698 -0.3501528 5.205554 11.6001 -0.2034731 4.085124 10.65639 -0.007956793 5.205554 11.6001 -0.2034731 5.243946 11.53086 -0.007956603 4.085124 10.65639 -0.007956793 3.887344 11.74118 -0.007956898 4.981786 12.00366 -0.007956685 3.857301 11.56046 -0.3501529 5.408639 12.02161 -0.007956597 5.288789 11.91131 -0.1462077 5.192997 12.08407 -0.007956646 5.288789 11.91131 -0.1462077 5.408639 12.02161 -0.007956597 5.356523 11.78916 -0.1057149 5.356523 11.78916 -0.1057149 5.408639 12.02161 -0.007956597 5.38458 11.73855 -0.007956586 5.38458 11.73855 -0.007956586 5.408639 12.02161 -0.007956597 5.356523 11.78916 0.08980168 5.356523 11.78916 0.08980168 5.408639 12.02161 -0.007956597 5.288789 11.91131 0.1302945 5.288789 11.91131 0.1302945 5.408639 12.02161 -0.007956597 5.221053 12.03347 0.08980163 5.221053 12.03347 0.08980163 5.408639 12.02161 -0.007956597 5.192997 12.08407 -0.007956646 2.986433 11.04885 -0.5293617 2.361016 11.15507 -0.6414135 3.032175 11.54358 0.0008961487 3.032175 11.54358 0.0008961487 2.361016 11.15507 -0.6414135 2.572801 11.86077 5.222015E-05 3.032175 11.54358 0.0008961487 2.572801 11.86077 5.222015E-05 2.361017 11.15507 0.7029284 3.032175 11.54358 0.0008961487 2.361017 11.15507 0.7029284 2.986433 11.04885 0.4829352 2.626521 8.315836 2.613445E-05 3.041528 9.31125 0.0008960312 2.640855 9.174226 0.5794886 -2.883638 9.010535 0.000894813 -3.882304 10.26387 -0.007958432 -2.727362 9.715394 -0.5196244 -2.883638 9.010535 0.000894813 -2.727362 9.715394 0.4731955 -3.882304 10.26387 -0.007958432 -3.882304 10.26387 -0.007958432 -2.727362 9.715394 0.4731955 -3.716108 10.46284 0.3342375 -2.727362 9.715394 0.4731955 -2.690802 10.20458 0.622493 -3.716108 10.46284 0.3342375 -3.716108 10.46284 0.3342375 -2.690802 10.20458 0.622493 -3.617921 10.78541 0.4759797 -2.690802 10.20458 0.622493 -2.690049 10.856 0.5163769 -3.617921 10.78541 0.4759797 -3.617921 10.78541 0.4759797 -2.690049 10.856 0.5163769 -3.521269 11.14505 0.3342375 -2.690049 10.856 0.5163769 -2.742219 11.35073 0.0008949556 -3.521269 11.14505 0.3342375 -3.521269 11.14505 0.3342375 -2.742219 11.35073 0.0008949556 -3.534852 11.32777 -0.007958422 -2.690049 10.856 -0.5628057 -3.521269 11.14505 -0.3501544 -2.742219 11.35073 0.0008949556 -5.416682 11.60276 -0.1057171 -5.443152 11.54785 -0.007958833 -5.49907 11.82652 -0.007958862 -5.443152 11.54785 -0.007958833 -5.416682 11.60276 0.08979943 -5.49907 11.82652 -0.007958862 -2.375144 7.188584 0.8458187 -1.791379 8.293601 1.415269 -2.384965 8.2936 0.765937 -2.690049 10.856 -0.5628057 -2.742219 11.35073 0.0008949556 -2.235697 10.95392 -0.6414144 -1.742474 10.13205 1.277492 -1.685488 10.95392 1.185174 -2.310154 10.14365 0.7576764 -2.310154 10.14365 0.7576764 -1.685488 10.95392 1.185174 -2.235697 10.95392 0.7029274 -2.742219 11.35073 0.0008949556 -2.477239 11.6003 5.118207E-05 -2.235697 10.95392 -0.6414144 -2.742219 11.35073 0.0008949556 -2.235697 10.95392 0.7029274 -2.477239 11.6003 5.118207E-05 -2.235697 10.95392 0.7029274 -1.685488 10.95392 1.185174 -2.205314 11.6003 0.5956857 2.361017 11.15507 0.7029284 2.572801 11.86077 5.222015E-05 2.238662 11.6003 0.5956872 2.293313 13.60015 -0.5693027 1.75053 13.60798 -0.903869 1.812436 14.10684 -0.8051154 -1.795842 13.60798 -0.90387 -2.338626 13.60015 -0.5693036 -1.857748 14.10684 -0.8051162 -2.338626 13.60015 0.569301 -1.795842 13.60798 0.9038674 -1.857749 14.10684 0.8051137 1.750529 13.60798 0.9038683 2.293313 13.60015 0.569302 1.812436 14.10684 0.8051144 -3.4043 16.14622 -1.672582E-06 -3.210792 15.80895 -0.3742326 -3.469007 15.68171 -0.2646229 -3.4043 16.14622 -1.672582E-06 -3.469007 15.68171 -0.2646229 -3.575963 15.62901 -1.677566E-06 -3.4043 16.14622 -1.672582E-06 -3.575963 15.62901 -1.677566E-06 -3.469007 15.68171 0.2646196 -3.4043 16.14622 -1.672582E-06 -3.469007 15.68171 0.2646196 -3.210792 15.80895 0.3742293 -3.4043 16.14622 -1.672582E-06 -3.210792 15.80895 0.3742293 -2.952577 15.93618 0.2646196 -3.4043 16.14622 -1.672582E-06 -2.952577 15.93618 0.2646196 -2.84562 15.98889 -1.546655E-06 2.937348 15.79615 -0.4067893 3.130204 16.18829 -3.118863E-07 3.194692 15.64822 -0.2876435 3.194692 15.64822 -0.2876435 3.130204 16.18829 -3.118863E-07 3.301288 15.58694 -2.403526E-07 3.301288 15.58694 -2.403526E-07 3.130204 16.18829 -3.118863E-07 3.194692 15.64822 0.2876429 3.194692 15.64822 0.2876429 3.130204 16.18829 -3.118863E-07 2.937348 15.79615 0.4067886 2.937348 15.79615 0.4067886 3.130204 16.18829 -3.118863E-07 2.680003 15.94409 0.2876428 2.680003 15.94409 0.2876428 3.130204 16.18829 -3.118863E-07 2.573408 16.00536 -4.171397E-07 -1.353498 14.20365 0.5693012 2.903164E-06 14.09895 0.6393059 3.00044E-06 14.38258 -8.572686E-07 2.903164E-06 14.09895 0.6393059 1.308185 14.20365 0.5693018 3.00044E-06 14.38258 -8.572686E-07 -2.742219 11.35073 0.0008949556 -2.690049 10.856 0.5163769 -2.235697 10.95392 0.7029274 -2.585003 8.2936 5.110556E-05 -2.454001 8.973081 0.6194958 -2.883638 9.010535 0.000894813 2.572801 11.86077 5.222015E-05 2.361016 11.15507 -0.6414135 2.238663 11.6003 -0.5956865 -2.883638 9.010535 0.000894813 -2.454001 8.973081 0.6194958 -2.727362 9.715394 0.4731955 2.640855 9.174226 0.5794886 3.041528 9.31125 0.0008960312 2.956899 9.908242 0.4425552 -0.9073602 4 -1.284027 -1.898912 4 -1.984859 -2.014442 4 -1.911605 -0.9073602 4 -1.284027 -1.090206 4 -2.497632 -1.205116 4 -2.424378 -1.476158 0.7093757 -2.456412 -1.743867 -0.2215067 -2.381054 -1.957615 0.6571513 -2.155082 -2.366745 1.215893 -1.732325 -1.476158 0.7093757 -2.456412 -2.044778 2.779917 -2.044781 -0.9763146 1.390674 -2.78323 -1.575701 2.779917 -2.358207 -1.106624 2.779917 -2.671634 -1.726003 -0.9773148 4.153032 -2.013931 -0.00287745 4.11534 -2.259583 -1.063368 4.502513 -1.106254 -0.8529449 3.846014 -1.753059 0.4177941 3.954513 -1.163031 0.5255042 3.631274 -1.735626 1.787888 2.388884 -1.128028 2.779918 2.641431 -2.16357 2.779918 1.889065 -1.128028 2.779918 2.641431 -2.014444 4.000001 1.911603 -1.090209 4.000001 2.49763 1.735627 1.445187 2.47401 2.163571 2.779918 1.889066 1.128029 2.779918 2.641431 2.014445 4.000001 1.911604 1.128029 2.779918 2.641431 1.09021 4.000001 2.497631 2.495354 -0.6152594 -2.488126 1.736683 -0.2214557 -2.38131 2.478486 0.5943573 -2.232267 1.889759 0.7093758 -2.133033 2.676896 1.247991 -1.856167 2.354288 1.451886 -1.770665 3.74266 0.4177925 -2.168845 4.411677 0.3696942 -1.873116 4.048241 -0.002879117 -2.145621 4.411677 0.3696942 -1.873116 3.820098 0.8151919 -1.931702 4.562384 -0.01865493 -1.948791 4.048241 -0.002879117 -2.145621 -2.727362 9.715394 -0.5196244 -3.882304 10.26387 -0.007958432 -3.716107 10.46284 -0.3501544 -3.882304 10.26387 -0.007958432 -5.227307 11.43784 -0.2034753 -3.617921 10.78541 -0.4918965 -3.716107 10.46284 -0.3501544 -5.139863 11.61921 -0.2844609 -3.716107 10.46284 -0.3501544 -2.690049 10.856 -0.5628057 -2.727362 9.715394 -0.5196244 -5.139863 11.61921 -0.2844609 -3.716107 10.46284 -0.3501544 -5.227307 11.43784 -0.2034753 -5.227307 11.43784 -0.2034753 -5.352779 11.7353 -0.1462099 -5.416682 11.60276 -0.1057171 -5.352779 11.7353 -0.1462099 -5.49907 11.82652 -0.007958862 -5.227307 11.43784 -0.2034753 -3.882304 10.26387 -0.007958432 -5.263527 11.36272 -0.007958785 -5.263527 11.36272 -0.007958785 -5.416682 11.60276 -0.1057171 -5.443152 11.54785 -0.007958833 -5.016197 11.8757 -0.007958764 -3.521269 11.14505 -0.3501544 -5.139863 11.61921 -0.2844609 -5.016197 11.8757 -0.007958764 -5.352779 11.7353 -0.1462099 -5.238637 11.92914 -0.007958813 -5.49907 11.82652 -0.007958862 -5.352779 11.7353 -0.1462099 -5.416682 11.60276 0.08979943 -5.352779 11.7353 0.1302923 -5.49907 11.82652 -0.007958862 -5.352779 11.7353 0.1302923 -5.227307 11.43784 0.1875578 -5.139863 11.61921 0.2685434 -3.617921 10.78541 0.4759797 -5.227307 11.43784 0.1875578 -3.716108 10.46284 0.3342375 -5.352779 11.7353 0.1302923 -5.288875 11.86784 0.08979945 -5.49907 11.82652 -0.007958862 -5.052418 11.80057 0.1875578 -5.352779 11.7353 0.1302923 -5.139863 11.61921 0.2685434 -2.472047 5.997974 0.9096716 -1.892023 5.997973 1.680856 -2.375144 7.188584 0.8458187 -1.892023 5.997973 1.680856 -2.631998 4.000001 1.034551 -2.014444 4.000001 1.911602 -1.892023 5.997973 1.680856 -1.023955 5.997974 2.196145 -1.817856 7.188585 1.562871 -1.023955 5.997974 2.196145 -2.014444 4.000001 1.911602 -1.090209 4.000001 2.49763 -1.791378 8.2936 -1.415271 -2.375143 7.188584 -0.8458218 -2.384964 8.2936 -0.7659401 -2.384964 8.2936 -0.7659401 -1.685486 10.95392 -1.185178 -2.235697 10.95392 -0.6414144 -1.817856 7.188585 1.562871 -0.9897751 8.293601 1.849138 -1.791379 8.293601 1.415269 -0.9897751 8.293601 1.849138 -1.742474 10.13205 1.277492 -0.8988826 10.95392 1.501741 -1.742474 10.13205 1.277492 -0.8988826 10.95392 1.501741 -1.685488 10.95392 1.185174 -1.685488 10.95392 1.185174 -1.224033 13.57232 1.063544 -1.795842 13.60798 0.9038674 -2.235697 10.95392 -0.6414144 -2.477239 11.6003 5.118207E-05 -2.205313 11.6003 -0.5956891 -2.64209 13.45809 -1.353348E-06 -2.205313 11.6003 -0.5956891 -2.338626 13.60015 -0.5693036 -2.477239 11.6003 5.118207E-05 -2.235697 10.95392 0.7029274 -2.205314 11.6003 0.5956857 -2.205314 11.6003 0.5956857 -2.64209 13.45809 -1.353348E-06 -2.338626 13.60015 0.569301 2.382614 8.2936 0.7659384 2.626521 8.315836 2.613445E-05 2.640855 9.174226 0.5794886 2.57084 7.188584 1.078456E-07 2.382614 8.2936 0.7659384 2.375146 7.188584 0.8458203 2.675727 5.997973 2.006927E-07 2.57084 7.188584 1.078456E-07 2.472049 5.997973 0.9096733 2.848855 4.000001 3.558986E-07 2.631999 4.000001 1.034553 1.743451 10.95392 1.185176 2.361017 11.15507 0.7029284 2.238662 11.6003 0.5956872 2.426301 10.27335 0.7576773 1.743451 10.95392 1.185176 1.800439 10.13205 1.277493 -0.3353363 0.2743077 -4.774579 -0.9235646 0.4177924 -4.019479 -0.6522083 0.787442 -4.019479 -1.303307 0.5943573 -3.056059 -0.9235646 0.4177924 -4.019479 -0.9763146 1.390674 -2.78323 -1.476158 0.7093757 -2.456412 0.6536418 0.7874418 -4.019479 0.9249977 0.4177923 -4.019479 0.335337 0.2743076 -4.774579 0.9249977 0.4177923 -4.019479 1.303469 0.5943571 -3.056059 0.9764767 1.390674 -2.78323 1.476319 0.7093754 -2.456412 -5.288875 11.86784 0.08979945 -5.238637 11.92914 -0.007958813 -5.49907 11.82652 -0.007958862 -5.016197 11.8757 -0.007958764 -5.052418 11.80057 0.1875578 -5.288875 11.86784 0.08979945 -0.9838164 7.188585 2.04199 0.01588273 8.293601 2.001493 -0.9897751 8.293601 1.849138 0.02898204 10.95392 1.625474 -0.8988826 10.95392 1.501741 -0.9897751 8.293601 1.849138 -1.056773 -0.9773169 -4.135373 -1.539231 -0.6152591 -3.135857 -0.9235646 0.4177924 -4.019479 -1.303307 0.5943573 -3.056059 1.303469 0.5943571 -3.056059 1.53186 -0.6152593 -3.135857 0.9249977 0.4177923 -4.019479 1.049401 -0.977317 -4.135373 0.0007167449 0.9719854 -4.019478 3.772779E-07 0.440125 -4.789233 -0.6522083 0.787442 -4.019479 -0.3353363 0.2743077 -4.774579 -0.003685521 -1.132381 -5.420377 -1.056773 -0.9773169 -4.135373 -0.3353363 0.2743077 -4.774579 -0.9235646 0.4177924 -4.019479 0.9764767 1.390674 -2.78323 0.6536418 0.7874418 -4.019479 5.285603E-07 1.690841 -2.949827 0.0007167449 0.9719854 -4.019478 0.0007167449 0.9719854 -4.019478 0.6536418 0.7874418 -4.019479 3.772779E-07 0.440125 -4.789233 0.335337 0.2743076 -4.774579 0.9249977 0.4177923 -4.019479 1.049401 -0.977317 -4.135373 0.335337 0.2743076 -4.774579 -0.003685521 -1.132381 -5.420377 -0.9763146 1.390674 -2.78323 -1.106624 2.779917 -2.671634 5.285603E-07 1.690841 -2.949827 2.217375E-06 2.779917 -2.891755 -1.106624 2.779917 -2.671634 2.438943E-06 4 -2.703416 -1.090207 4 -2.497632 -1.539231 -0.6152591 -3.135857 -1.743867 -0.2215067 -2.381054 -1.303307 0.5943573 -3.056059 -1.476158 0.7093757 -2.456412 1.106628 2.779917 -2.671632 0.9764767 1.390674 -2.78323 5.285603E-07 1.690841 -2.949827 2.217375E-06 2.779917 -2.891755 2.438943E-06 4 -2.703416 1.106628 2.779917 -2.671632 1.090212 4 -2.49763 -0.9763146 1.390674 -2.78323 5.285603E-07 1.690841 -2.949827 -0.6522083 0.787442 -4.019479 0.0007167449 0.9719854 -4.019478 1.882781 2.187757 -2.345029 2.014446 4 -1.911602 2.671634 2.779917 -1.106624 2.632 4.000001 -1.034551 1.882781 2.187757 -2.345029 1.106628 2.779917 -2.671632 2.014446 4 -1.911602 1.090212 4 -2.49763 -1.575701 2.779917 -2.358207 -1.205737 4 -2.424378 -1.106624 2.779917 -2.671634 -1.090207 4 -2.497632 -2.769834 2.384408 0.9541613 -2.631998 4.000001 1.034551 -2.891754 2.779917 -1.813223E-06 -2.848854 4.000001 -8.327358E-07 -2.769834 2.384408 0.9541613 -2.16357 2.779918 1.889065 -2.631998 4.000001 1.034551 -2.014444 4.000001 1.911603 3.231451E-07 2.364738 2.855105 6.733289E-07 4.000001 2.703416 -1.128028 2.779918 2.641431 -1.090209 4.000001 2.49763 3.231451E-07 2.364738 2.855105 1.128029 2.779918 2.641431 6.733289E-07 4.000001 2.703416 1.09021 4.000001 2.497631 2.769835 2.384408 0.9541623 2.631999 4.000001 1.034553 2.163571 2.779918 1.889066 2.014445 4.000001 1.911604 2.769835 2.384408 0.9541623 2.891755 2.779917 4.375709E-07 2.631999 4.000001 1.034553 2.848855 4.000001 3.558986E-07 -1.735626 1.787888 2.388884 -1.833576 1.512113 2.5237 -1.214945 1.641404 2.645813 -1.074625 1.247992 3.07511 -2.589236 1.247992 1.974681 -1.833576 1.512113 2.5237 -2.139548 1.641403 1.971689 -1.735626 1.787888 2.388884 -1.074625 1.247992 3.07511 -1.833576 1.512113 2.5237 -1.476681 1.107761 3.421351 -2.137437 1.356639 2.941929 -0.6930429 0.5943586 3.262759 -1.074625 1.247992 3.07511 -1.163031 0.5255042 3.631274 -1.476681 1.107761 3.421351 -2.137437 1.356639 2.941929 -1.833576 1.512113 2.5237 -2.794956 1.10776 2.464971 -2.589236 1.247992 1.974681 -1.106254 -0.8529449 3.846014 -0.5546788 -0.615258 3.507344 -1.163031 0.5255042 3.631274 -0.6930429 0.5943586 3.262759 -2.137437 1.356639 2.941929 -2.486816 1.00169 3.422808 -1.476681 1.107761 3.421351 -1.955098 0.8151935 3.808177 -1.476681 1.107761 3.421351 -1.955098 0.8151935 3.808177 -1.163031 0.5255042 3.631274 -1.753059 0.4177941 3.954513 -2.612603 0.7093768 1.138124 -2.885444 0.5943584 1.681098 -2.514385 0.9878871 1.288084 -2.589236 1.247992 1.974681 -2.137437 1.356639 2.941929 -2.794956 1.10776 2.464971 -2.486816 1.00169 3.422808 -3.015249 0.8151934 3.040119 -2.794956 1.10776 2.464971 -2.589236 1.247992 1.974681 -3.096974 0.5255041 2.245773 -2.885444 0.5943584 1.681098 -2.486816 1.00169 3.422808 -2.815041 0.527649 3.874571 -1.955098 0.8151935 3.808177 -2.468131 0.3696959 4.108501 -2.486816 1.00169 3.422808 -3.015249 0.8151934 3.040119 -2.815041 0.527649 3.874571 -3.144722 0.3696958 3.616929 -2.794956 1.10776 2.464971 -3.096974 0.5255041 2.245773 -3.015249 0.8151934 3.040119 -3.23631 0.417794 2.879962 -2.885444 0.5943584 1.681098 -3.157606 -0.6152582 1.616206 -3.096974 0.5255041 2.245773 -3.309254 -0.852945 2.24544 -3.096974 0.5255041 2.245773 -3.309254 -0.852945 2.24544 -3.23631 0.417794 2.879962 -3.407819 -0.977315 2.931121 -2.41177 1.451887 1.691711 -2.139548 1.641403 1.971689 -2.769834 2.384408 0.9541613 -2.16357 2.779918 1.889065 1.436789E-07 1.514909 2.891648 -0.4480534 0.9878872 2.789362 0.09263979 0.7263629 2.880001 -0.1824414 0.7093769 2.836432 -1.128028 2.779918 2.641431 -0.8638875 1.451887 2.816314 3.231451E-07 2.364738 2.855105 1.436789E-07 1.514909 2.891648 -2.722811 1.524491 0.8894398 -2.739044 0.7263627 0.8899686 -2.514385 0.9878871 1.288084 -2.612603 0.7093768 1.138124 -3.144722 0.3696958 3.616929 -3.295663 -0.001275728 3.18503 -3.263411 -0.01865328 3.736769 -3.23631 0.417794 2.879962 1.735627 1.445187 2.47401 1.752143 1.228683 2.592939 2.119718 1.328136 1.988458 2.41876 1.037083 2.153795 1.082175 1.037083 3.034289 1.752143 1.228683 2.592939 1.233303 1.328136 2.630116 1.735627 1.445187 2.47401 2.41876 1.037083 2.153795 1.752143 1.228683 2.592939 2.591594 0.8998675 2.610254 2.012537 1.117783 2.99264 2.704312 0.5719507 1.878892 2.41876 1.037083 2.153795 2.879972 0.5079826 2.403183 2.591594 0.8998675 2.610254 2.012537 1.117783 2.99264 1.752143 1.228683 2.592939 1.431234 0.8998678 3.376612 1.082175 1.037083 3.034289 3.068466 -0.794995 2.440848 2.941346 -0.5650185 1.858079 2.879972 0.5079826 2.403183 2.704312 0.5719507 1.878892 2.591594 0.8998675 2.610254 2.012537 1.117783 2.99264 2.725199 0.6375464 3.155307 2.302395 0.768963 3.437059 2.879972 0.5079826 2.403183 2.591594 0.8998675 2.610254 2.944897 0.3668719 3.008934 2.725199 0.6375464 3.155307 0.4096594 0.625677 2.894155 0.7340687 0.571951 3.18768 0.5894248 0.9410516 2.830521 1.082175 1.037083 3.034289 2.302395 0.768963 3.437059 2.012537 1.117783 2.99264 1.879633 0.6375465 3.719038 1.431234 0.8998678 3.376612 1.431234 0.8998678 3.376612 1.082175 1.037083 3.034289 1.145274 0.507983 3.565367 0.7340687 0.571951 3.18768 3.069533 -0.9234728 3.091588 3.068466 -0.794995 2.440848 2.944897 0.3668719 3.008934 2.879972 0.5079826 2.403183 2.302395 0.768963 3.437059 2.573054 0.3870151 3.851823 2.725199 0.6375464 3.155307 2.820152 0.2374563 3.672031 2.302395 0.768963 3.437059 1.879633 0.6375465 3.719038 2.573054 0.3870151 3.851823 2.311749 0.2374564 4.009846 1.879633 0.6375465 3.719038 1.431234 0.8998678 3.376612 1.646287 0.3668721 3.874479 1.145274 0.507983 3.565367 0.7340687 0.571951 3.18768 0.5905356 -0.5650181 3.406709 1.145274 0.507983 3.565367 1.073153 -0.7949946 3.756374 1.145274 0.507983 3.565367 1.073153 -0.7949946 3.756374 1.646287 0.3668721 3.874479 1.66937 -0.9234725 4.021945 2.722811 1.524491 0.8894409 2.526339 0.9164782 1.367592 2.684828 0.7263623 0.8899698 2.630874 0.6571517 1.195847 1.436789E-07 1.514909 2.891648 0.09263979 0.7263629 2.880001 0.5894248 0.9410516 2.830521 0.4096594 0.625677 2.894155 -2.808302 1.455664 -0.9124736 -2.941604 1.228683 -1.067848 -2.883674 1.328136 -0.3627577 -3.222786 1.037083 -0.3207458 -3.292219 0.5719506 0.06949821 -3.222786 1.037083 -0.3207458 -3.742502 0.5079825 -0.2514106 -3.630912 0.8998672 -0.5884395 -3.387206 1.117782 -1.238157 -2.941604 1.228683 -1.067848 -3.142616 0.8998669 -1.890479 -2.659008 1.037082 -1.818705 -3.915514 -0.7949951 -0.1434133 -3.47013 -0.5650185 0.2533381 -3.742502 0.5079825 -0.2514106 -3.292219 0.5719506 0.06949821 -2.659008 1.037082 -1.818705 -2.366745 1.215893 -1.732325 -2.467545 0.5719501 -2.147413 -1.957615 0.6571513 -2.155082 -3.630912 0.8998672 -0.5884395 -3.387206 1.117782 -1.238157 -4.119656 0.6867185 -0.9543089 -3.937911 0.8220813 -1.445077 -3.742502 0.5079825 -0.2514106 -3.630912 0.8998672 -0.5884395 -4.214113 0.407916 -0.6993216 -4.119656 0.6867185 -0.9543089 -3.937911 0.8220813 -1.445077 -3.387206 1.117782 -1.238157 -3.756339 0.6867182 -1.936008 -3.142616 0.8998669 -1.890479 -3.142616 0.8998669 -1.890479 -2.659008 1.037082 -1.818705 -3.022216 0.507982 -2.211267 -2.467545 0.5719501 -2.147413 -4.364342 -0.910539 -0.6638842 -3.915514 -0.7949951 -0.1434133 -4.214113 0.407916 -0.6993216 -3.742502 0.5079825 -0.2514106 -3.937911 0.8220813 -1.445077 -4.414568 0.4286638 -1.626838 -4.119656 0.6867185 -0.9543089 -4.511625 0.2746139 -1.327413 -3.937911 0.8220813 -1.445077 -3.756339 0.6867182 -1.936008 -4.414568 0.4286638 -1.626838 -4.292492 0.2746138 -1.916724 -3.756339 0.6867182 -1.936008 -3.142616 0.8998669 -1.890479 -3.655999 0.4079157 -2.206815 -3.022216 0.507982 -2.211267 -2.722811 1.524491 0.8894398 -2.847701 0.9164783 0.3785386 -2.739044 0.7263627 0.8899686 -2.850469 0.6571519 0.5928391 -2.366745 1.215893 -1.732325 -2.543706 1.328135 -1.402892 -2.044778 2.779917 -2.044781 -2.671632 2.779917 -1.106628 -2.044778 2.779917 -2.044781 -2.014443 4 -1.911605 -2.631997 4.000001 -1.034554 2.808303 1.787887 -0.9124723 2.966789 1.512112 -0.9639675 2.538082 1.641403 -1.426381 2.676896 1.247991 -1.856167 3.255425 1.247991 -0.07563561 2.966789 1.512112 -0.9639675 2.889862 1.641403 -0.3375356 2.808303 1.787887 -0.9124723 2.676896 1.247991 -1.856167 2.966789 1.512112 -0.9639675 3.20568 1.107759 -1.89996 3.458446 1.356638 -1.123717 2.478486 0.5943573 -2.232267 2.676896 1.247991 -1.856167 3.075321 0.5255027 -2.254149 3.20568 1.107759 -1.89996 3.458446 1.356638 -1.123717 4.023753 1.001689 -1.307396 3.20568 1.107759 -1.89996 3.820098 0.8151919 -1.931702 3.20568 1.107759 -1.89996 3.820098 0.8151919 -1.931702 3.075321 0.5255027 -2.254149 3.74266 0.4177925 -2.168845 2.758946 0.7093763 0.6148881 3.322498 0.5943577 0.3359849 2.791298 0.9878865 0.4358369 3.255425 1.247991 -0.07563561 3.710042 1.107759 -0.3513691 3.255425 1.247991 -0.07563561 3.825538 0.5255032 0.003487687 3.322498 0.5943577 0.3359849 4.023753 1.001689 -1.307396 4.554831 0.5276474 -1.479954 3.820098 0.8151919 -1.931702 4.411677 0.3696942 -1.873116 4.023753 1.001689 -1.307396 4.226326 0.8151922 -0.6871885 4.554831 0.5276474 -1.479954 4.670112 0.3696944 -1.077735 3.710042 1.107759 -0.3513691 3.825538 0.5255032 0.003487687 4.226326 0.8151922 -0.6871885 4.31103 0.4177928 -0.4276826 3.322498 0.5943577 0.3359849 3.489583 -0.6152588 0.571799 3.825538 0.5255032 0.003487687 3.982124 -0.8529459 0.1518745 3.825538 0.5255032 0.003487687 3.982124 -0.8529459 0.1518745 4.31103 0.4177928 -0.4276826 4.464898 -0.9773161 -0.3449176 2.769835 2.384408 0.9541623 2.945526 1.451887 0.0489804 2.891755 2.779917 4.375709E-07 2.889862 1.641403 -0.3375356 2.671634 2.779917 -1.106624 2.538082 1.641403 -1.426381 1.882781 2.187757 -2.345029 2.354288 1.451886 -1.770665 2.354288 1.451886 -1.770665 1.889759 0.7093758 -2.133033 1.882781 2.187757 -2.345029 1.476319 0.7093754 -2.456412 2.722811 1.524491 0.8894409 2.684828 0.7263623 0.8899698 2.791298 0.9878865 0.4358369 2.758946 0.7093763 0.6148881 -1.575701 2.779917 -2.358207 -2.044778 2.779917 -2.044781 -1.898913 4 -1.984859 -2.014443 4 -1.911605 2.956899 9.908242 -0.4889818 2.986433 11.04885 -0.5293617 3.959693 10.86698 -0.3501528 3.905983 11.19534 -0.491895 5.243946 11.53086 -0.007956603 5.205554 11.6001 0.1875599 4.085124 10.65639 -0.007956793 3.959693 10.86698 0.3342391 3.959693 10.86698 0.3342391 5.205554 11.6001 0.1875599 3.905983 11.19534 0.4759812 5.112866 11.76726 0.2685455 3.905983 11.19534 0.4759812 5.112866 11.76726 0.2685455 3.857301 11.56046 0.3342391 5.020178 11.93442 0.1875599 3.857301 11.56046 0.3342391 5.020178 11.93442 0.1875599 3.887344 11.74118 -0.007956898 4.981786 12.00366 -0.007956685 5.192997 12.08407 -0.007956646 5.288789 11.91131 -0.1462077 4.981786 12.00366 -0.007956685 5.112866 11.76726 -0.2844588 5.288789 11.91131 -0.1462077 5.356523 11.78916 -0.1057149 5.112866 11.76726 -0.2844588 5.205554 11.6001 -0.2034731 5.356523 11.78916 -0.1057149 5.38458 11.73855 -0.007956586 5.205554 11.6001 -0.2034731 5.243946 11.53086 -0.007956603 5.243946 11.53086 -0.007956603 5.38458 11.73855 -0.007956586 5.205554 11.6001 0.1875599 5.356523 11.78916 0.08980168 5.205554 11.6001 0.1875599 5.356523 11.78916 0.08980168 5.112866 11.76726 0.2685455 5.288789 11.91131 0.1302945 5.112866 11.76726 0.2685455 5.288789 11.91131 0.1302945 5.020178 11.93442 0.1875599 5.221053 12.03347 0.08980163 5.020178 11.93442 0.1875599 5.221053 12.03347 0.08980163 4.981786 12.00366 -0.007956685 5.192997 12.08407 -0.007956646 2.956899 9.908242 -0.4889818 3.041528 9.31125 0.0008960312 2.382615 8.2936 -0.7659375 2.626521 8.315836 2.613445E-05 2.382615 8.2936 -0.7659375 2.57084 7.188584 1.078456E-07 2.375147 7.188584 -0.8458188 2.57084 7.188584 1.078456E-07 2.675727 5.997973 2.006927E-07 2.47205 5.997973 -0.9096717 2.848855 4.000001 3.558986E-07 2.632 4 -1.034551 2.986433 11.04885 0.4829352 2.361017 11.15507 0.7029284 2.924451 10.39743 0.5821669 2.426301 10.27335 0.7576773 -2.690049 10.856 -0.5628057 -3.617921 10.78541 -0.4918965 -3.521269 11.14505 -0.3501544 -5.139863 11.61921 -0.2844609 -2.742219 11.35073 0.0008949556 -3.521269 11.14505 -0.3501544 -3.534852 11.32777 -0.007958422 -5.016197 11.8757 -0.007958764 -3.716108 10.46284 0.3342375 -5.227307 11.43784 0.1875578 -3.882304 10.26387 -0.007958432 -5.263527 11.36272 -0.007958785 -3.617921 10.78541 0.4759797 -3.521269 11.14505 0.3342375 -5.139863 11.61921 0.2685434 -5.052418 11.80057 0.1875578 -3.521269 11.14505 0.3342375 -3.534852 11.32777 -0.007958422 -5.052418 11.80057 0.1875578 -5.016197 11.8757 -0.007958764 -5.227307 11.43784 0.1875578 -5.416682 11.60276 0.08979943 -5.263527 11.36272 -0.007958785 -5.443152 11.54785 -0.007958833 -2.014443 4 -1.911605 -2.631997 4.000001 -1.034554 -1.892022 5.997973 -1.680858 -2.472046 5.997973 -0.909675 -1.892022 5.997973 -1.680858 -1.817855 7.188584 -1.562873 -2.375143 7.188584 -0.8458218 -1.791378 8.2936 -1.415271 1.09021 4.000001 2.497631 2.014445 4.000001 1.911604 1.023957 5.997974 2.196145 1.892024 5.997973 1.680857 1.817858 7.188585 1.562872 0.9838183 7.188585 2.04199 1.023957 5.997974 2.196145 2.014445 4.000001 1.911604 2.631999 4.000001 1.034553 1.892024 5.997973 1.680857 2.472049 5.997973 0.9096733 2.375146 7.188584 0.8458203 1.817858 7.188585 1.562872 1.892024 5.997973 1.680857 2.375146 7.188584 0.8458203 1.812955 8.293601 1.41527 2.382614 8.2936 0.7659384 -2.375144 7.188584 0.8458187 -1.892023 5.997973 1.680856 -1.817856 7.188585 1.562871 -1.791379 8.293601 1.415269 -1.817856 7.188585 1.562871 -1.023955 5.997974 2.196145 -0.9838164 7.188585 2.04199 -0.9897751 8.293601 1.849138 1.812956 8.2936 -1.415269 2.382615 8.2936 -0.7659375 2.375147 7.188584 -0.8458188 1.81786 7.188584 -1.562871 1.892026 5.997973 -1.680856 2.47205 5.997973 -0.9096717 2.375147 7.188584 -0.8458188 1.892026 5.997973 -1.680856 2.632 4 -1.034551 2.014446 4 -1.911602 1.090212 4 -2.49763 1.892026 5.997973 -1.680856 2.748588E-06 5.997973 -2.377091 2.438943E-06 4 -2.703416 -2.384964 8.2936 -0.7659401 -2.570837 7.188584 -9.647914E-07 -2.585003 8.2936 5.110556E-05 -2.384964 8.2936 -0.7659401 -2.883638 9.010535 0.000894813 -2.727362 9.715394 -0.5196244 -2.375143 7.188584 -0.8458218 -2.570837 7.188584 -9.647914E-07 -2.675724 5.997973 -9.157067E-07 -2.472046 5.997973 -0.909675 -2.848854 4.000001 -8.327358E-07 -2.631997 4.000001 -1.034554 0.9838183 7.188585 2.04199 1.02154 8.293601 1.849139 0.01588273 8.293601 2.001493 1.367915E-06 7.188585 2.210234 1.023957 5.997974 2.196145 0.9838183 7.188585 2.04199 1.109589E-06 5.997974 2.37709 1.09021 4.000001 2.497631 6.733289E-07 4.000001 2.703416 0.9838183 7.188585 2.04199 1.817858 7.188585 1.562872 1.02154 8.293601 1.849139 1.812955 8.293601 1.41527 1.800439 10.13205 1.277493 1.02154 8.293601 1.849139 0.9568475 10.95392 1.501742 1.743451 10.95392 1.185176 1.17872 13.57232 1.063544 1.743451 10.95392 1.185176 1.750529 13.60798 0.9038683 0.01588273 8.293601 2.001493 1.02154 8.293601 1.849139 0.02898204 10.95392 1.625474 0.9568475 10.95392 1.501742 2.382614 8.2936 0.7659384 2.640855 9.174226 0.5794886 2.404457 9.078328 0.7618079 2.426301 10.27335 0.7576773 2.640855 9.174226 0.5794886 2.956899 9.908242 0.4425552 2.924451 10.39743 0.5821669 2.361016 11.15507 -0.6414135 2.382615 8.2936 -0.7659375 1.743454 10.95392 -1.185175 1.812956 8.2936 -1.415269 0.01588469 8.2936 -2.001494 0.02898383 10.95392 -1.625475 1.812956 8.2936 -1.415269 1.743454 10.95392 -1.185175 -1.685486 10.95392 -1.185178 0.02898383 10.95392 -1.625475 -1.791378 8.2936 -1.415271 0.01588469 8.2936 -2.001494 -1.791378 8.2936 -1.415271 -1.817855 7.188584 -1.562873 2.748588E-06 5.997973 -2.377091 -1.892022 5.997973 -1.680858 -2.690049 10.856 -0.5628057 -2.235697 10.95392 -0.6414144 -2.727362 9.715394 -0.5196244 -2.384964 8.2936 -0.7659401 1.75053 13.60798 -0.903869 1.743454 10.95392 -1.185175 2.888143E-06 13.53639 -1.077655 0.02898383 10.95392 -1.625475 -1.795842 13.60798 -0.90387 2.888143E-06 13.53639 -1.077655 -1.685486 10.95392 -1.185178 0.02898383 10.95392 -1.625475 -2.338626 13.60015 0.569301 -2.205314 11.6003 0.5956857 -1.795842 13.60798 0.9038674 -1.685488 10.95392 1.185174 -1.224033 13.57232 1.063544 -0.8988826 10.95392 1.501741 2.759677E-06 13.53639 1.077654 0.02898204 10.95392 1.625474 1.17872 13.57232 1.063544 2.759677E-06 13.53639 1.077654 0.9568475 10.95392 1.501742 0.02898204 10.95392 1.625474 2.293313 13.60015 0.569302 1.750529 13.60798 0.9038683 2.238662 11.6003 0.5956872 1.743451 10.95392 1.185176 2.238662 11.6003 0.5956872 2.572801 11.86077 5.222015E-05 2.293313 13.60015 0.569302 2.587526 13.46163 -2.625762E-07 2.238663 11.6003 -0.5956865 2.293313 13.60015 -0.5693027 2.572801 11.86077 5.222015E-05 2.587526 13.46163 -2.625762E-07 3.00044E-06 14.38258 -8.572686E-07 1.812436 14.10684 -0.8051154 2.888143E-06 13.53639 -1.077655 1.75053 13.60798 -0.903869 3.00044E-06 14.38258 -8.572686E-07 2.888143E-06 13.53639 -1.077655 -1.857748 14.10684 -0.8051162 -1.795842 13.60798 -0.90387 -1.224033 13.57232 1.063544 -1.353498 14.20365 0.5693012 -1.795842 13.60798 0.9038674 -1.857749 14.10684 0.8051137 2.759677E-06 13.53639 1.077654 2.903164E-06 14.09895 0.6393059 -1.224033 13.57232 1.063544 -1.353498 14.20365 0.5693012 2.759677E-06 13.53639 1.077654 1.17872 13.57232 1.063544 2.903164E-06 14.09895 0.6393059 1.308185 14.20365 0.5693018 1.17872 13.57232 1.063544 1.750529 13.60798 0.9038683 1.308185 14.20365 0.5693018 1.812436 14.10684 0.8051144 -2.338626 13.60015 -0.5693036 -2.690258 14.47251 -0.4631455 -1.857748 14.10684 -0.8051162 -2.259304 14.69509 -0.654986 -2.338626 13.60015 -0.5693036 -2.64209 13.45809 -1.353348E-06 -2.690258 14.47251 -0.4631455 -2.937135 14.35695 -1.468475E-06 -2.338626 13.60015 0.569301 -2.690258 14.47251 0.4631426 -2.64209 13.45809 -1.353348E-06 -2.937135 14.35695 -1.468475E-06 -2.338626 13.60015 0.569301 -1.857749 14.10684 0.8051137 -2.690258 14.47251 0.4631426 -2.259304 14.69509 0.6549832 -1.353498 14.20365 0.5693012 -1.601632 14.79057 0.4631428 -1.857749 14.10684 0.8051137 -2.259304 14.69509 0.6549832 3.00044E-06 14.38258 -8.572686E-07 -1.329215 14.88341 -1.164417E-06 -1.353498 14.20365 0.5693012 -1.601632 14.79057 0.4631428 -1.601632 14.79057 -0.4631453 -2.259304 14.69509 -0.654986 -2.952577 15.93618 -0.2646228 -3.210792 15.80895 -0.3742326 -2.259304 14.69509 -0.654986 -2.690258 14.47251 -0.4631455 -3.210792 15.80895 -0.3742326 -3.469007 15.68171 -0.2646229 -2.690258 14.47251 -0.4631455 -2.937135 14.35695 -1.468475E-06 -3.469007 15.68171 -0.2646229 -3.575963 15.62901 -1.677566E-06 -2.690258 14.47251 0.4631426 -3.469007 15.68171 0.2646196 -2.937135 14.35695 -1.468475E-06 -3.575963 15.62901 -1.677566E-06 -2.259304 14.69509 0.6549832 -3.210792 15.80895 0.3742293 -2.690258 14.47251 0.4631426 -3.469007 15.68171 0.2646196 -1.601632 14.79057 0.4631428 -2.952577 15.93618 0.2646196 -2.259304 14.69509 0.6549832 -3.210792 15.80895 0.3742293 -1.329215 14.88341 -1.164417E-06 -2.84562 15.98889 -1.546655E-06 -1.601632 14.79057 0.4631428 -2.952577 15.93618 0.2646196 -1.329215 14.88341 -1.164417E-06 -1.601632 14.79057 -0.4631453 -2.84562 15.98889 -1.546655E-06 -2.952577 15.93618 -0.2646228 -2.84562 15.98889 -1.546655E-06 -2.952577 15.93618 -0.2646228 -3.4043 16.14622 -1.672582E-06 -3.210792 15.80895 -0.3742326 2.213992 14.69509 -0.654985 2.644946 14.47251 -0.4631443 1.812436 14.10684 -0.8051154 2.293313 13.60015 -0.5693027 2.293313 13.60015 -0.5693027 2.644946 14.47251 -0.4631443 2.587526 13.46163 -2.625762E-07 2.891823 14.35695 -2.524599E-07 2.891823 14.35695 -2.524599E-07 2.644946 14.47251 0.4631437 2.587526 13.46163 -2.625762E-07 2.293313 13.60015 0.569302 2.293313 13.60015 0.569302 2.644946 14.47251 0.4631437 1.812436 14.10684 0.8051144 2.213992 14.69509 0.6549842 2.213992 14.69509 0.6549842 1.55632 14.79057 0.4631435 1.812436 14.10684 0.8051144 1.308185 14.20365 0.5693018 1.55632 14.79057 0.4631435 1.283903 14.88341 -6.19278E-07 1.308185 14.20365 0.5693018 3.00044E-06 14.38258 -8.572686E-07 1.55632 14.79057 -0.4631446 2.680003 15.94409 -0.2876436 2.213992 14.69509 -0.654985 2.937348 15.79615 -0.4067893 2.213992 14.69509 -0.654985 2.937348 15.79615 -0.4067893 2.644946 14.47251 -0.4631443 3.194692 15.64822 -0.2876435 2.644946 14.47251 -0.4631443 3.194692 15.64822 -0.2876435 2.891823 14.35695 -2.524599E-07 3.301288 15.58694 -2.403526E-07 3.301288 15.58694 -2.403526E-07 3.194692 15.64822 0.2876429 2.891823 14.35695 -2.524599E-07 2.644946 14.47251 0.4631437 3.194692 15.64822 0.2876429 2.937348 15.79615 0.4067886 2.644946 14.47251 0.4631437 2.213992 14.69509 0.6549842 2.937348 15.79615 0.4067886 2.680003 15.94409 0.2876428 2.213992 14.69509 0.6549842 1.55632 14.79057 0.4631435 2.680003 15.94409 0.2876428 2.573408 16.00536 -4.171397E-07 1.55632 14.79057 0.4631435 1.283903 14.88341 -6.19278E-07 1.283903 14.88341 -6.19278E-07 2.573408 16.00536 -4.171397E-07 1.55632 14.79057 -0.4631446 2.680003 15.94409 -0.2876436 2.937348 15.79615 -0.4067893 2.680003 15.94409 -0.2876436 3.130204 16.18829 -3.118863E-07 2.573408 16.00536 -4.171397E-07 -2.690802 10.20458 0.622493 -2.310154 10.14365 0.7576764 -2.690049 10.856 0.5163769 -2.235697 10.95392 0.7029274 -2.690802 10.20458 0.622493 -2.727362 9.715394 0.4731955 -2.310154 10.14365 0.7576764 -2.454001 8.973081 0.6194958 2.382615 8.2936 -0.7659375 2.361016 11.15507 -0.6414135 2.956899 9.908242 -0.4889818 2.986433 11.04885 -0.5293617 -1.898912 4 -1.984859 -0.9073604 2.803414 -1.528373 -1.5757 2.779917 -2.358207 -0.9073602 4 -1.284027 -0.9073602 4 -1.284027 -1.205116 4 -2.424378 -0.9073604 2.803414 -1.528373 -1.5757 2.779917 -2.358207 2.632 4.000001 -1.034551 2.848855 4.000001 3.558986E-07 2.891755 2.779917 4.375709E-07 2.671634 2.779917 -1.106624 2.808303 1.787887 -0.9124723 1.436789E-07 1.514909 2.891648 0.8965028 1.185254 2.792618 3.231451E-07 2.364738 2.855105 1.233303 1.328136 2.630116 1.128029 2.779918 2.641431 -3.760842 -0.9105393 -2.28687 -3.655999 0.4079157 -2.206815 -2.478546 -0.5650191 -2.381303 -3.022216 0.507982 -2.211267 -2.467545 0.5719501 -2.147413 3.74266 0.4177925 -2.168845 3.822501 -0.9773165 -2.322012 3.075321 0.5255027 -2.254149 2.495354 -0.6152594 -2.488126 2.478486 0.5943573 -2.232267 -2.014443 4 -1.911605 -1.892022 5.997973 -1.680858 -1.090207 4 -2.497632 2.748588E-06 5.997973 -2.377091 2.438943E-06 4 -2.703416 1.892026 5.997973 -1.680856 2.748588E-06 5.997973 -2.377091 1.81786 7.188584 -1.562871 0.01588469 8.2936 -2.001494 1.812956 8.2936 -1.415269 1.367915E-06 7.188585 2.210234 0.01588273 8.293601 2.001493 -0.9838164 7.188585 2.04199 1.109589E-06 5.997974 2.37709 -1.023955 5.997974 2.196145 1.109589E-06 5.997974 2.37709 -1.090209 4.000001 2.49763 6.733289E-07 4.000001 2.703416 -2.384965 8.2936 0.765937 -1.791379 8.293601 1.415269 -2.454001 8.973081 0.6194958 -1.742474 10.13205 1.277492 -2.310154 10.14365 0.7576764 2.426301 10.27335 0.7576773 1.800439 10.13205 1.277493 2.404457 9.078328 0.7618079 1.812955 8.293601 1.41527 2.382614 8.2936 0.7659384 2.361016 11.15507 -0.6414135 1.743454 10.95392 -1.185175 2.238663 11.6003 -0.5956865 1.75053 13.60798 -0.903869 2.293313 13.60015 -0.5693027 -2.338626 13.60015 -0.5693036 -1.795842 13.60798 -0.90387 -2.205313 11.6003 -0.5956891 -1.685486 10.95392 -1.185178 -2.235697 10.95392 -0.6414144 -2.259304 14.69509 -0.654986 -1.601632 14.79057 -0.4631453 -1.857748 14.10684 -0.8051162 -1.329215 14.88341 -1.164417E-06 3.00044E-06 14.38258 -8.572686E-07 3.00044E-06 14.38258 -8.572686E-07 1.283903 14.88341 -6.19278E-07 1.812436 14.10684 -0.8051154 1.55632 14.79057 -0.4631446 2.213992 14.69509 -0.654985 -2.891754 2.779917 -1.813223E-06 -2.848854 4.000001 -8.327358E-07 -2.631997 4.000001 -1.034554 -2.671632 2.779917 -1.106628 -2.808302 1.455664 -0.9124736 -2.631998 4.000001 1.034551 -2.472047 5.997974 0.9096716 -2.848854 4.000001 -8.327358E-07 -2.675724 5.997973 -9.157067E-07 -2.375144 7.188584 0.8458187 -2.570837 7.188584 -9.647914E-07 -2.384965 8.2936 0.765937 -2.454001 8.973081 0.6194958 -2.585003 8.2936 5.110556E-05 -2.570837 7.188584 -9.647914E-07 -2.659008 1.037082 -1.818705 -2.941604 1.228683 -1.067848 -2.543706 1.328135 -1.402892 -2.808302 1.455664 -0.9124736 -3.387206 1.117782 -1.238157 -3.630912 0.8998672 -0.5884395 -3.222786 1.037083 -0.3207458 3.458446 1.356638 -1.123717 2.966789 1.512112 -0.9639675 3.710042 1.107759 -0.3513691 3.255425 1.247991 -0.07563561 4.226326 0.8151922 -0.6871885 4.023753 1.001689 -1.307396 3.458446 1.356638 -1.123717 2.632001 4.000001 -1.034551 2.014447 4 -1.911602 2.848857 4.000001 3.55899E-07 1.090213 4 -2.49763 2.014447 4.000001 1.911604 2.632001 4.000001 1.034553 1.090209 4.000001 2.497631 2.199208E-06 4.000001 2.703416 -2.014442 4.000001 1.911602 -1.090208 4.000001 2.49763 2.360344E-06 4.000001 -2.384183E-07 -2.631996 4.000001 1.034551 -2.848853 4.000001 -8.327356E-07 2.360344E-06 4.000001 -2.384183E-07 -2.631996 4.000001 -1.034554 4.04736E-06 4 -2.703416 -2.014442 4 -1.911605 -1.090206 4 -2.497632 -0.9073602 4 -1.284027 2.438943E-06 4 -2.703416 -2.014443 4 -1.911605 -1.090207 4 -2.497632 1.090212 4 -2.49763 2.014446 4 -1.911602 -2.631997 4.000001 -1.034554 -2.848854 4.000001 -8.327358E-07 2.632 4 -1.034551 2.848855 4.000001 3.558986E-07 -2.631998 4.000001 1.034551 -2.014444 4.000001 1.911602 2.631999 4.000001 1.034553 2.014445 4.000001 1.911604 6.733289E-07 4.000001 2.703416 -1.090209 4.000001 2.49763 1.09021 4.000001 2.497631</float_array>
          <technique_common>
            <accessor source="#TrunkBottom__mPltTreeOakTrunk-position-array" count="1776" stride="3">
              <param name="X" type="float" />
              <param name="Y" type="float" />
              <param name="Z" type="float" />
            </accessor>
          </technique_common>
        </source>
        <source id="TrunkBottom__mPltTreeOakTrunk-normal">
          <float_array id="TrunkBottom__mPltTreeOakTrunk-normal-array" count="5328">0.3287671 -0.7984344 -0.5029351 0.9041094 0.2407042 -0.3542073 0.8023483 0.04305262 -0.5968687 -0.5636005 0.4109589 -0.7162426 2.159647E-07 0.3698629 -0.9295497 1.991681E-07 -0.1311155 -0.9921719 2.159647E-07 0.3698629 -0.9295497 0.5636008 0.4109587 -0.7162425 1.991681E-07 -0.1311155 -0.9921719 0.6575342 0.04696654 -0.7514675 0.8023483 0.04305262 -0.5968687 0.5127202 0.1017611 -0.8532287 0.5127202 0.1017611 -0.8532287 0.3659492 0.1213306 -0.9236788 0.6575342 0.04696654 -0.7514675 0.3287671 -0.7984344 -0.5029351 0.9138941 -0.1232879 -0.3855184 0.9041094 0.2407042 -0.3542073 -0.3679062 0.3091978 0.876712 0.2563599 0.7162425 0.6497061 -0.09197669 0.1272016 0.9882581 -0.09197669 0.1272016 0.9882581 0.2563599 0.7162425 0.6497061 0.1409 0.18591 0.9726024 0.1409 0.18591 0.9726024 0.545988 0.291585 0.7866926 0.1917806 0.007827805 0.9804303 0.1917806 0.007827805 0.9804303 0.545988 0.291585 0.7866926 0.05870823 -0.8003911 0.5968689 0.5577297 -0.111546 0.8219177 0.05870823 -0.8003911 0.5968689 0.545988 0.291585 0.7866926 -0.882583 0.1095892 0.4559685 -0.7064577 0.7045009 -0.05675164 -0.7906066 0.2054796 0.5792561 -0.9608608 0.2739727 0.04892356 -0.7064577 0.7045009 -0.05675164 -0.882583 0.1095892 0.4559685 -0.5851271 -0.804305 0.09589052 -0.9021524 0.2974561 -0.3111547 -0.9941289 0.1095892 -0.01369871 -0.9021524 0.2974561 -0.3111547 -0.5851271 -0.804305 0.09589052 -0.9491191 -0.1056749 -0.2994129 -0.08610578 0.6066536 0.7906064 0.3855183 0.2485322 0.8884537 0.04305272 0.69863 0.7142854 -0.08610578 0.6066536 0.7906064 -0.407045 0.7201565 0.5616435 -0.5518591 0.3424658 0.7592952 -0.407045 0.7201565 0.5616435 -0.7240703 0.6046968 0.3287669 -0.5518591 0.3424658 0.7592952 -0.6868883 0.7045009 0.1819959 -0.9628177 0.2504894 -0.0958905 -0.7240703 0.6046968 0.3287669 -0.08610578 0.6066536 0.7906064 -0.5518591 0.3424658 0.7592952 -0.05088081 0.1956947 0.9784733 -0.04500999 -0.1741682 0.9843442 0.1232875 0.221135 0.9667316 -0.05088081 0.1956947 0.9784733 -0.5518591 0.3424658 0.7592952 -0.7240703 0.6046968 0.3287669 -0.9158511 0.1956949 0.3502934 -0.9706455 -0.1663403 -0.1722113 -0.9843442 0.1780824 -0.03326819 -0.9628177 0.2504894 -0.0958905 -0.05088081 0.1956947 0.9784733 -0.5518591 0.3424658 0.7592952 -0.5792564 -0.1643834 0.7984343 -0.05088081 0.1956947 0.9784733 -0.5792564 -0.1643834 0.7984343 -0.04500999 -0.1741682 0.9843442 -0.5792564 -0.1643834 0.7984343 -0.5518591 0.3424658 0.7592952 -0.9158511 0.1956949 0.3502934 -0.7240703 0.6046968 0.3287669 -0.9569469 0.2211352 0.1859098 -0.9158511 0.1956949 0.3502934 -0.9217219 -0.1741681 0.3463795 -0.5792564 -0.1643834 0.7984343 -0.9158511 0.1956949 0.3502934 -0.9158511 0.1956949 0.3502934 -0.9569469 0.2211352 0.1859098 -0.9217219 -0.1741681 0.3463795 -0.5636008 0.2837574 0.7749508 -0.737769 0.07436417 0.6712326 -0.7906066 0.2054796 0.5792561 0.05870823 -0.8003911 0.5968689 -0.03131136 -0.1135028 0.9921719 0.1917806 0.007827805 0.9804303 -0.09197669 0.1272016 0.9882581 -0.336595 0.09197661 0.9373775 -0.3679062 0.3091978 0.876712 -0.9295497 0.04500999 0.365949 -0.9491192 -0.0508804 0.3091975 -0.882583 0.1095892 0.4559685 -0.9941289 0.1095892 -0.01369871 -0.9275928 -0.09980407 0.3600782 -0.5851271 -0.804305 0.09589052 -0.3679062 0.3091978 0.876712 -0.336595 0.09197661 0.9373775 -0.5636008 0.2837574 0.7749508 -0.882583 0.1095892 0.4559685 -0.9491192 -0.0508804 0.3091975 -0.9608608 0.2739727 0.04892356 0.1409 0.18591 0.9726024 0.2563599 0.7162425 0.6497061 0.545988 0.291585 0.7866926 0.3855183 0.2485322 0.8884537 -0.08610578 0.6066536 0.7906064 0.3463794 0.1859099 0.9197649 0.2172209 -0.1174168 0.9686886 0.3463794 0.1859099 0.9197649 0.1232875 0.221135 0.9667316 0.3855183 0.2485322 0.8884537 0.3463794 0.1859099 0.9197649 0.4559684 -0.1585127 0.8747553 -0.9882581 -0.1193735 0.0939334 -0.9843442 0.1780824 -0.03326819 -0.9706455 -0.1663403 -0.1722113 0.1232875 0.221135 0.9667316 -0.08610578 0.6066536 0.7906064 -0.05088081 0.1956947 0.9784733 -0.04500999 -0.1741682 0.9843442 0.2172209 -0.1174168 0.9686886 0.1232875 0.221135 0.9667316 -0.9217219 -0.1741681 0.3463795 -0.9569469 0.2211352 0.1859098 -0.9882581 -0.1193735 0.0939334 0.1232875 0.221135 0.9667316 0.3463794 0.1859099 0.9197649 -0.08610578 0.6066536 0.7906064 -0.9569469 0.2211352 0.1859098 -0.9843442 0.1780824 -0.03326819 -0.9882581 -0.1193735 0.0939334 0.1409 0.18591 0.9726024 0.06262209 0.05479455 0.9960859 -0.09197669 0.1272016 0.9882581 0.7221132 0.2700585 0.6360077 0.6457924 0.7592952 0.08023469 0.8786689 0.1076319 0.4637964 0.8786689 0.1076319 0.4637964 0.6457924 0.7592952 0.08023469 0.9569468 0.1585125 0.2407045 0.9569468 0.1585125 0.2407045 0.9471623 0.2915848 -0.1428571 0.9941289 -0.02348356 0.1076321 0.9941289 -0.02348356 0.1076321 0.9471623 0.2915848 -0.1428571 0.5322894 -0.8023483 0.2700589 0.9765164 -0.119374 -0.1839529 0.5322894 -0.8023483 0.2700589 0.9471623 0.2915848 -0.1428571 0.176125 0.08414873 0.9804303 -0.2485323 0.774951 0.5792561 0.2407043 0.1565557 0.9589038 -0.1409003 0.2720157 0.951076 -0.2485323 0.774951 0.5792561 0.176125 0.08414873 0.9804303 0.05870823 -0.8003911 0.5968689 -0.5753425 0.3091978 0.7553813 -0.2367907 0.08610576 0.9667317 -0.5753425 0.3091978 0.7553813 0.05870823 -0.8003911 0.5968689 -0.6066537 -0.1135027 0.7866925 0.8551857 0.4187865 0.3052837 0.9765164 0.2093931 0.04305284 0.6399215 0.7240701 0.2563599 0.9784733 -0.1663407 0.1291586 0.9765164 0.2093931 0.04305284 0.8551857 0.4187865 0.3052837 0.9765164 0.2093931 0.04305284 0.9784733 -0.1663407 0.1291586 0.9804303 -0.1996088 -0.009784632 0.8551857 0.4187865 0.3052837 0.3776906 0.7318981 0.5675144 0.5068491 0.401174 0.7632092 0.9784733 -0.1663407 0.1291586 0.8551857 0.4187865 0.3052837 0.953033 0.1585125 0.258317 0.3776906 0.7318981 0.5675144 -0.04696688 0.4207436 0.9060662 0.5068491 0.401174 0.7632092 -0.01369873 0.7299412 0.6829742 -0.3542075 0.2328768 0.9060662 -0.04696688 0.4207436 0.9060662 0.8551857 0.4187865 0.3052837 0.5068491 0.401174 0.7632092 0.953033 0.1585125 0.258317 0.9569468 -0.1311156 0.262231 0.9784733 -0.1663407 0.1291586 0.953033 0.1585125 0.258317 0.5068491 0.401174 0.7632092 -0.04696688 0.4207436 0.9060662 -0.1389434 0.1604697 0.9765163 -0.04696688 0.4207436 0.9060662 -0.3542075 0.2328768 0.9060662 -0.2622311 -0.1702542 0.9491192 0.953033 0.1585125 0.258317 0.5068491 0.401174 0.7632092 0.5499018 -0.1193738 0.8277885 0.953033 0.1585125 0.258317 0.5499018 -0.1193738 0.8277885 0.9569468 -0.1311156 0.262231 0.5499018 -0.1193738 0.8277885 0.5068491 0.401174 0.7632092 -0.1389434 0.1604697 0.9765163 -0.04696688 0.4207436 0.9060662 -0.2622311 -0.1702542 0.9491192 -0.1389434 0.1604697 0.9765163 -0.3542075 0.2328768 0.9060662 -0.4187868 0.04892381 0.9060663 -0.2622311 -0.1702542 0.9491192 -0.1350295 -0.1291584 0.9823872 0.5499018 -0.1193738 0.8277885 -0.1389434 0.1604697 0.9765163 -0.1389434 0.1604697 0.9765163 -0.2622311 -0.1702542 0.9491192 -0.1350295 -0.1291584 0.9823872 0.5772992 0.2485322 0.7769079 0.3405086 0.08414868 0.9354205 0.2407043 0.1565557 0.9589038 0.5322894 -0.8023483 0.2700589 0.9608607 -0.117417 0.2524462 0.9941289 -0.02348356 0.1076321 0.8786689 0.1076319 0.4637964 0.731898 0.07044997 0.6790605 0.7221132 0.2700585 0.6360077 -0.2367907 0.08610576 0.9667317 -0.03131136 -0.1135028 0.9921719 0.05870823 -0.8003911 0.5968689 0.8786689 0.1076319 0.4637964 0.9373774 0.0450096 0.3444227 0.731898 0.07044997 0.6790605 0.7221132 0.2700585 0.6360077 0.731898 0.07044997 0.6790605 0.5772992 0.2485322 0.7769079 0.8786689 0.1076319 0.4637964 0.951076 -0.06262248 0.3052838 0.9373774 0.0450096 0.3444227 0.176125 0.08414873 0.9804303 0.06262209 0.05479455 0.9960859 -0.1409003 0.2720157 0.951076 0.9569468 0.1585125 0.2407045 0.6457924 0.7592952 0.08023469 0.9471623 0.2915848 -0.1428571 0.9569468 0.1585125 0.2407045 0.951076 -0.06262248 0.3052838 0.8786689 0.1076319 0.4637964 -0.9608607 0.2602741 -0.09197661 -0.5694715 0.7592955 0.3150682 -0.9823872 0.1017614 0.1565557 -0.9823872 0.1017614 0.1565557 -0.5694715 0.7592955 0.3150682 -0.9256358 0.1878671 0.3307239 -0.9256358 0.1878671 0.3307239 -0.6868884 0.2857144 0.6673187 -0.8962817 -0.02348315 0.4442268 -0.8962817 -0.02348315 0.4442268 -0.6868884 0.2857144 0.6673187 -0.5851271 -0.804305 0.09589052 -0.6810176 -0.1193736 0.7221133 -0.5851271 -0.804305 0.09589052 -0.6868884 0.2857144 0.6673187 -0.7690799 0.1037183 -0.6301368 -0.1565555 0.76908 -0.6203523 -0.8277884 0.1682976 -0.5342466 -0.4598824 -0.804305 -0.3776906 -0.02935398 0.2994128 -0.9530331 -0.4187864 0.04305286 -0.9080232 -0.02935398 0.2994128 -0.9530331 -0.4598824 -0.804305 -0.3776906 0.001957147 -0.1154599 -0.9941289 -0.8688844 0.4227007 0.2583168 -0.7808219 0.2211352 0.58317 -0.6164382 0.7612524 0.2074362 -0.8630136 -0.1702542 0.475538 -0.7808219 0.2211352 0.58317 -0.8688844 0.4227007 0.2583168 -0.7808219 0.2211352 0.58317 -0.8630136 -0.1702542 0.475538 -0.7553815 -0.1996084 0.624266 -0.8688844 0.4227007 0.2583168 -0.6379645 0.7318982 -0.2367907 -0.8630134 0.3874756 -0.3209394 -0.8630136 -0.1702542 0.475538 -0.8688844 0.4227007 0.2583168 -0.9217219 0.1663407 0.3522503 -0.6379645 0.7318982 -0.2367907 -0.4911934 0.4246575 -0.7612523 -0.8630134 0.3874756 -0.3209394 -0.3268099 0.7651662 -0.5538161 -0.1956945 0.219178 -0.95499 -0.4911934 0.4246575 -0.7612523 -0.8688844 0.4227007 0.2583168 -0.8630134 0.3874756 -0.3209394 -0.9217219 0.1663407 0.3522503 -0.9256358 -0.1506847 0.3502934 -0.8630136 -0.1702542 0.475538 -0.9217219 0.1663407 0.3522503 -0.8630134 0.3874756 -0.3209394 -0.4911934 0.4246575 -0.7612523 -0.4598823 0.1663405 -0.8727983 -0.4911934 0.4246575 -0.7612523 -0.1956945 0.219178 -0.95499 -0.3385516 -0.1741682 -0.9236788 -0.9217219 0.1663407 0.3522503 -0.8630134 0.3874756 -0.3209394 -0.9275926 -0.1369861 -0.3463796 -0.9217219 0.1663407 0.3522503 -0.9275926 -0.1369861 -0.3463796 -0.9256358 -0.1506847 0.3502934 -0.9275926 -0.1369861 -0.3463796 -0.8630134 0.3874756 -0.3209394 -0.4598823 0.1663405 -0.8727983 -0.4911934 0.4246575 -0.7612523 -0.3385516 -0.1741682 -0.9236788 -0.4598823 0.1663405 -0.8727983 -0.1956945 0.219178 -0.95499 -0.1428569 -0.2074364 -0.9686885 -0.3385516 -0.1741682 -0.9236788 -0.4657531 -0.1487279 -0.8727982 -0.9275926 -0.1369861 -0.3463796 -0.4598823 0.1663405 -0.8727983 -0.4598823 0.1663405 -0.8727983 -0.3385516 -0.1741682 -0.9236788 -0.4657531 -0.1487279 -0.8727982 -0.9315066 0.2465755 -0.2681018 -0.913894 0.05479467 -0.4011741 -0.8277884 0.1682976 -0.5342466 -0.5851271 -0.804305 0.09589052 -0.9275928 -0.09980407 0.3600782 -0.8962817 -0.02348315 0.4442268 -0.9823872 0.1017614 0.1565557 -0.9980428 0.04500998 0.005870771 -0.9608607 0.2602741 -0.09197661 -0.9823872 0.1017614 0.1565557 -0.9295497 0.04500999 0.365949 -0.9980428 0.04500998 0.005870771 -0.9608607 0.2602741 -0.09197661 -0.9980428 0.04500998 0.005870771 -0.9315066 0.2465755 -0.2681018 -0.9823872 0.1017614 0.1565557 -0.9491192 -0.0508804 0.3091975 -0.9295497 0.04500999 0.365949 -0.9256358 0.1878671 0.3307239 -0.5694715 0.7592955 0.3150682 -0.6868884 0.2857144 0.6673187 -0.9256358 0.1878671 0.3307239 -0.9491192 -0.0508804 0.3091975 -0.9823872 0.1017614 0.1565557 0.8199608 0.1976514 -0.5381603 0.1741684 0.7162424 -0.6751468 0.7592955 0.06066515 -0.6477492 0.5479453 -0.1252448 -0.8258315 -0.00782757 0.291585 -0.956947 0.3287671 -0.7984344 -0.5029351 0.9804302 0.0919763 0.1761252 0.5381603 0.7045007 0.4637962 0.9804303 0.1956945 0.009784751 0.7925633 0.2544029 0.5538159 0.5381603 0.7045007 0.4637962 0.9804302 0.0919763 0.1761252 0.5322894 -0.8023483 0.2700589 0.5420741 0.2994128 0.7847356 0.7749508 0.09197637 0.626223 0.5420741 0.2994128 0.7847356 0.5322894 -0.8023483 0.2700589 0.5909978 -0.1056752 0.8003913 0.1467712 -0.1585128 -0.9765163 0.2602741 0.1859098 -0.9471623 0.3933465 -0.1174169 -0.9119371 0.5342466 0.6066533 -0.5890411 0.6594911 0.7201563 -0.2152642 0.8943247 0.3424655 -0.2896281 0.6594911 0.7201563 -0.2152642 0.7788648 0.6046964 0.1604695 0.8943247 0.3424655 -0.2896281 0.6614479 0.7045007 0.2563599 0.7221132 0.2504891 0.6438354 0.7788648 0.6046964 0.1604695 0.5342466 0.6066533 -0.5890411 0.8943247 0.3424655 -0.2896281 0.6164384 0.1956945 -0.7632092 0.6144814 -0.1741684 -0.7690799 0.4696674 0.2211348 -0.8551858 0.6164384 0.1956945 -0.7632092 0.8943247 0.3424655 -0.2896281 0.7788648 0.6046964 0.1604695 0.9471622 0.1956945 0.2544031 0.6849312 -0.1663406 0.7103717 0.7769077 0.178082 0.6046966 0.7221132 0.2504891 0.6438354 0.6164384 0.1956945 -0.7632092 0.8943247 0.3424655 -0.2896281 0.9373775 -0.1643837 -0.3052836 0.6164384 0.1956945 -0.7632092 0.9373775 -0.1643837 -0.3052836 0.6144814 -0.1741684 -0.7690799 0.9373775 -0.1643837 -0.3052836 0.8943247 0.3424655 -0.2896281 0.9471622 0.1956945 0.2544031 0.7788648 0.6046964 0.1604695 0.8845398 0.2211348 0.4129158 0.9471622 0.1956945 0.2544031 0.9491191 -0.1741684 0.260274 0.9373775 -0.1643837 -0.3052836 0.9471622 0.1956945 0.2544031 0.9471622 0.1956945 0.2544031 0.8845398 0.2211348 0.4129158 0.9491191 -0.1741684 0.260274 0.919765 0.2778862 -0.2759295 0.9980428 0.04892346 0.007827836 0.9804303 0.1956945 0.009784751 0.8023483 0.04305262 -0.5968687 0.5479453 -0.1252448 -0.8258315 0.3287671 -0.7984344 -0.5029351 0.9373774 0.0450096 0.3444227 0.951076 -0.06262248 0.3052838 0.9804302 0.0919763 0.1761252 0.7749508 0.09197637 0.626223 0.9608607 -0.117417 0.2524462 0.5322894 -0.8023483 0.2700589 0.8199608 0.1976514 -0.5381603 0.9001956 0.06066513 -0.4324852 0.919765 0.2778862 -0.2759295 0.9804302 0.0919763 0.1761252 0.951076 -0.06262248 0.3052838 0.7925633 0.2544029 0.5538159 0.3933465 -0.1174169 -0.9119371 0.2602741 0.1859098 -0.9471623 0.4696674 0.2211348 -0.8551858 0.2113505 0.2485321 -0.9452053 0.2602741 0.1859098 -0.9471623 0.1467712 -0.1585128 -0.9765163 0.7788648 0.6046964 0.1604695 0.7769077 0.178082 0.6046966 0.8845398 0.2211348 0.4129158 0.7769077 0.178082 0.6046966 0.7788648 0.6046964 0.1604695 0.7221132 0.2504891 0.6438354 0.8551856 -0.1193739 0.5048923 0.7769077 0.178082 0.6046966 0.6849312 -0.1663406 0.7103717 0.4696674 0.2211348 -0.8551858 0.5342466 0.6066533 -0.5890411 0.6164384 0.1956945 -0.7632092 0.6144814 -0.1741684 -0.7690799 0.3933465 -0.1174169 -0.9119371 0.4696674 0.2211348 -0.8551858 0.9491191 -0.1741684 0.260274 0.8845398 0.2211348 0.4129158 0.8551856 -0.1193739 0.5048923 0.8845398 0.2211348 0.4129158 0.7769077 0.178082 0.6046966 0.8551856 -0.1193739 0.5048923 2.159647E-07 0.3698629 -0.9295497 1.940358E-07 0.6731896 -0.737769 0.5636008 0.4109587 -0.7162425 -0.5636005 0.4109589 -0.7162426 1.940358E-07 0.6731896 -0.737769 2.159647E-07 0.3698629 -0.9295497 0.1037184 0.3522503 -0.9295497 -0.1467708 0.6340507 -0.7592955 0.1389434 0.01761243 -0.990215 0.8904107 -0.4540118 0.001957095 0.5322897 -0.2759297 -0.8003911 0.6673188 -0.7416829 0.05283776 0.5322897 -0.2759297 -0.8003911 0.4481409 -0.4951076 -0.7436396 0.6673188 -0.7416829 0.05283776 0.8904107 -0.4540118 0.001957095 0.6673188 -0.7416829 0.05283776 0.5342463 -0.2739726 0.7984344 0.6673188 -0.7416829 0.05283776 0.4559684 -0.5107632 0.7299412 0.5342463 -0.2739726 0.7984344 0.5342463 -0.2739726 0.7984344 0.4559684 -0.5107632 0.7299412 0.3346377 -0.04109589 0.9412913 0.4559684 -0.5107632 0.7299412 0.1545986 0.007827813 0.9882581 0.3346377 -0.04109589 0.9412913 0.3346377 -0.04109589 0.9412913 0.1545986 0.007827813 0.9882581 0.1448139 0.3385518 0.9295496 0.1545986 0.007827813 0.9882581 -0.1213308 0.6027397 0.7886494 0.1448139 0.3385518 0.9295496 0.1448139 0.3385518 0.9295496 -0.1213308 0.6027397 0.7886494 0.07045014 0.9980428 0.001956743 -0.1213308 0.6027397 0.7886494 -0.2309196 0.9726025 -0.001957163 0.07045014 0.9980428 0.001956743 0.1037184 0.3522503 -0.9295497 0.07045014 0.9980428 0.001956743 -0.1467708 0.6340507 -0.7592955 0.07045014 0.9980428 0.001956743 -0.2309196 0.9726025 -0.001957163 -0.1467708 0.6340507 -0.7592955 0.1389434 0.01761243 -0.990215 -0.1467708 0.6340507 -0.7592955 0.2172213 0.06457914 -0.9745594 0.2172213 0.06457914 -0.9745594 -0.1467708 0.6340507 -0.7592955 -0.2641878 0.9647748 -2.170145E-07 0.1389434 0.01761243 -0.990215 0.2172213 0.06457914 -0.9745594 0.4481409 -0.4951076 -0.7436396 0.2172213 0.06457914 -0.9745594 0.5068493 -0.5146772 -0.6927589 0.4481409 -0.4951076 -0.7436396 0.4481409 -0.4951076 -0.7436396 0.5068493 -0.5146772 -0.6927589 0.6673188 -0.7416829 0.05283776 0.5068493 -0.5146772 -0.6927589 0.5929548 -0.7514676 0.2857144 0.6673188 -0.7416829 0.05283776 -0.2309196 0.9726025 -0.001957163 -0.2641878 0.9647748 -2.170145E-07 -0.1467708 0.6340507 -0.7592955 0.845401 0.5322893 -6.065437E-08 0.4559687 0.2700585 -0.847358 -0.1976516 0.9804304 -2.163146E-07 0.4559687 0.2700585 -0.847358 0.845401 0.5322893 -6.065437E-08 0.7612524 -0.191781 -0.620352 0.7612524 -0.191781 -0.620352 0.845401 0.5322893 -6.065437E-08 0.8923677 -0.4500979 1.47087E-07 0.8923677 -0.4500979 1.47087E-07 0.845401 0.5322893 -6.065437E-08 0.7612522 -0.1917809 0.6203523 0.7612522 -0.1917809 0.6203523 0.845401 0.5322893 -6.065437E-08 0.4559684 0.2700586 0.8473579 0.4559684 0.2700586 0.8473579 0.845401 0.5322893 -6.065437E-08 0.04500968 0.7397259 0.6712325 0.04500968 0.7397259 0.6712325 0.845401 0.5322893 -6.065437E-08 -0.1976516 0.9804304 -2.163146E-07 0.1037184 0.3522503 -0.9295497 0.5342466 0.2250487 -0.8140898 0.07045014 0.9980428 0.001956743 0.07045014 0.9980428 0.001956743 0.5342466 0.2250487 -0.8140898 0.9960859 0.08806239 4.100009E-08 0.07045014 0.9980428 0.001956743 0.9960859 0.08806239 4.100009E-08 0.5303324 0.219178 0.8199607 0.07045014 0.9980428 0.001956743 0.5303324 0.219178 0.8199607 0.1448139 0.3385518 0.9295496 0.9960859 -0.09784754 7.978392E-08 0.8904107 -0.4540118 0.001957095 0.7592952 -0.1956948 0.6203523 -0.8923677 -0.4500976 0.001956987 -0.6536202 -0.7553813 0.06066547 -0.5205476 -0.2641878 -0.8121329 -0.8923677 -0.4500976 0.001956987 -0.5244619 -0.2622307 0.810176 -0.6536202 -0.7553813 0.06066547 -0.6536202 -0.7553813 0.06066547 -0.5244619 -0.2622307 0.810176 -0.4324854 -0.5009782 0.7495107 -0.5244619 -0.2622307 0.810176 -0.3483367 -0.03718186 0.9354205 -0.4324854 -0.5009782 0.7495107 -0.4324854 -0.5009782 0.7495107 -0.3483367 -0.03718186 0.9354205 -0.1526421 0.009784823 0.9882581 -0.3483367 -0.03718186 0.9354205 -0.2015657 0.37182 0.9060662 -0.1526421 0.009784823 0.9882581 -0.1526421 0.009784823 0.9882581 -0.2015657 0.37182 0.9060662 0.0978472 0.5792563 0.8082189 -0.2015657 0.37182 0.9060662 -0.2367905 0.9706456 0.00195673 0.0978472 0.5792563 0.8082189 0.0978472 0.5792563 0.8082189 -0.2367905 0.9706456 0.00195673 0.2348337 0.9726024 -0.001957136 -0.1545986 0.3855185 -0.9099802 0.1095892 0.6203521 -0.776908 -0.2367905 0.9706456 0.00195673 -0.692759 -0.2837572 -0.6634049 -0.810176 -0.5870839 7.418497E-08 -0.880626 0.4716243 -1.508779E-07 -0.810176 -0.5870839 7.418497E-08 -0.6927593 -0.2837571 0.6634049 -0.880626 0.4716243 -1.508779E-07 -0.9158511 0.07632114 0.3953032 -0.6144814 0.09197666 0.7827786 -0.847358 0.03131135 0.5303325 -0.1545986 0.3855185 -0.9099802 -0.2367905 0.9706456 0.00195673 -0.5929547 0.2152642 -0.774951 -0.5714287 0.08219193 0.8160467 -0.5029355 0.1682976 0.8473578 -0.6242662 0.04109605 0.7808217 -0.6242662 0.04109605 0.7808217 -0.5029355 0.1682976 0.8473578 -0.6007828 0.1937379 0.7749508 -0.2367905 0.9706456 0.00195673 -0.9999998 -0.001956738 -5.919641E-08 -0.5929547 0.2152642 -0.774951 -0.2367905 0.9706456 0.00195673 -0.6007828 0.1937379 0.7749508 -0.9999998 -0.001956738 -5.919641E-08 -0.6007828 0.1937379 0.7749508 -0.5029355 0.1682976 0.8473578 -0.7455968 0.005871035 0.6653618 0.5303324 0.219178 0.8199607 0.9960859 0.08806239 4.100009E-08 0.7084146 0.07044998 0.7025439 0.7181996 -0.04305302 -0.694716 0.412916 0.1076319 -0.9041094 0.09001976 0.2348335 -0.9667317 -0.4148725 0.08806264 -0.9060663 -0.7240701 -0.06849302 -0.6868883 -0.09001933 0.2348336 -0.9667317 -0.7240704 -0.06849295 0.6868882 -0.4148729 0.08806274 0.9060663 -0.09001973 0.2348337 0.9667316 0.4129156 0.107632 0.9041094 0.7181993 -0.04305293 0.6947161 0.09001936 0.2348336 0.9667316 -0.4520546 0.8923678 -2.131069E-07 -0.1193735 0.1937377 -0.9745595 -0.6457922 -0.2328766 -0.7279842 -0.4520546 0.8923678 -2.131069E-07 -0.6457922 -0.2328766 -0.7279842 -0.9041094 -0.4285712 3.551778E-08 -0.4520546 0.8923678 -2.131069E-07 -0.9041094 -0.4285712 3.551778E-08 -0.6457925 -0.2328765 0.7279842 -0.4520546 0.8923678 -2.131069E-07 -0.6457925 -0.2328765 0.7279842 -0.1193739 0.1937378 0.9745594 -0.4520546 0.8923678 -2.131069E-07 -0.1193739 0.1937378 0.9745594 0.3600781 0.5909979 0.7221132 -0.4520546 0.8923678 -2.131069E-07 0.3600781 0.5909979 0.7221132 0.590998 0.806262 -1.329731E-07 0.09393366 0.2152641 -0.9726025 0.4872798 0.8727981 -1.530357E-07 0.6692759 -0.1409003 -0.7299411 0.6692759 -0.1409003 -0.7299411 0.4872798 0.8727981 -1.530357E-07 0.953033 -0.303327 1.200841E-07 0.953033 -0.303327 1.200841E-07 0.4872798 0.8727981 -1.530357E-07 0.6692756 -0.1409003 0.7299412 0.6692756 -0.1409003 0.7299412 0.4872798 0.8727981 -1.530357E-07 0.09393325 0.2152642 0.9726024 0.09393325 0.2152642 0.9726024 0.4872798 0.8727981 -1.530357E-07 -0.4050881 0.5518591 0.7279841 -0.4050881 0.5518591 0.7279841 0.4872798 0.8727981 -1.530357E-07 -0.657534 0.7534246 -1.963687E-07 0.180039 0.5831701 0.7925633 -1.005463E-07 0.7240703 0.688845 -0.003913834 0.9999998 -2.088494E-07 -1.005463E-07 0.7240703 0.688845 -0.1839531 0.5812133 0.7925633 -0.003913834 0.9999998 -2.088494E-07 -0.2367905 0.9706456 0.00195673 -0.2015657 0.37182 0.9060662 -0.6007828 0.1937379 0.7749508 -0.9960859 -0.09393323 -3.977534E-08 -0.7573385 -0.01956927 0.6536201 -0.8923677 -0.4500976 0.001956987 0.9960859 0.08806239 4.100009E-08 0.5342466 0.2250487 -0.8140898 0.7123288 0.06066516 -0.6986299 -0.8923677 -0.4500976 0.001956987 -0.7573385 -0.01956927 0.6536201 -0.5244619 -0.2622307 0.810176 0.7592952 -0.1956948 0.6203523 0.8904107 -0.4540118 0.001957095 0.5342463 -0.2739726 0.7984344 5.960466E-08 0.9999998 -2.086162E-07 5.960466E-08 0.9999998 -2.086162E-07 5.960466E-08 0.9999998 -2.086162E-07 5.960466E-08 0.9999998 -2.086162E-07 5.960466E-08 0.9999998 -2.086162E-07 5.960466E-08 0.9999998 -2.086162E-07 -0.8317022 0.03913907 -0.553816 -0.4598824 -0.804305 -0.3776906 -0.4187864 0.04305286 -0.9080232 -0.7690799 0.1037183 -0.6301368 -0.8317022 0.03913907 -0.553816 -0.7064576 0.06457935 -0.7045009 -0.6007825 0.1643836 -0.7827788 -0.5870839 0.0136987 -0.810176 -0.3835613 0.09589042 -0.917808 0.4559684 -0.1585127 0.8747553 0.3463794 0.1859099 0.9197649 0.2172209 -0.1174168 0.9686886 0.4872795 -0.148728 0.8610566 0.3855183 0.2485322 0.8884537 0.4774948 0.2681017 0.8375732 -0.5636008 0.2837574 0.7749508 -0.336595 0.09197661 0.9373775 -0.737769 0.07436417 0.6712326 -0.336595 0.09197661 0.9373775 -0.6849315 0.1037184 0.7201563 -0.3561645 0.1272017 0.9256358 0.5772992 0.2485322 0.7769079 0.731898 0.07044997 0.6790605 0.3405086 0.08414868 0.9354205 0.6849312 0.1037181 0.7201564 0.3405086 0.08414868 0.9354205 0.3561641 0.1272015 0.9256358 0.009784934 -0.111546 -0.9941289 0.3287671 -0.7984344 -0.5029351 -0.00782757 0.291585 -0.956947 0.5479453 -0.1252448 -0.8258315 0.1741684 0.7162424 -0.6751468 0.7592955 0.06066515 -0.6477492 0.2113505 0.2485321 -0.9452053 0.5342466 0.6066533 -0.5890411 0.2602741 0.1859098 -0.9471623 0.5342466 0.6066533 -0.5890411 0.3855187 0.6986299 -0.6027398 0.4696674 0.2211348 -0.8551858 0.2602741 0.1859098 -0.9471623 -0.5205476 -0.2641878 -0.8121329 -0.6536202 -0.7553813 0.06066547 -0.4207434 -0.4911936 -0.7612522 -0.6536202 -0.7553813 0.06066547 -0.4774949 -0.5009783 -0.7201563 -0.1487277 0.0136986 -0.9882581 -0.4207434 -0.4911936 -0.7612522 -0.1643833 0.0763209 -0.9843442 -0.4207434 -0.4911936 -0.7612522 -0.1545986 0.3855185 -0.9099802 -0.5205476 -0.2641878 -0.8121329 -0.1643833 0.0763209 -0.9843442 -0.4207434 -0.4911936 -0.7612522 -0.4774949 -0.5009783 -0.7201563 -0.4774949 -0.5009783 -0.7201563 -0.4520545 0.221135 -0.8649705 -0.692759 -0.2837572 -0.6634049 -0.4520545 0.221135 -0.8649705 -0.880626 0.4716243 -1.508779E-07 -0.4774949 -0.5009783 -0.7201563 -0.6536202 -0.7553813 0.06066547 -0.592955 -0.7436396 0.3072408 -0.592955 -0.7436396 0.3072408 -0.692759 -0.2837572 -0.6634049 -0.810176 -0.5870839 7.418497E-08 0.3248532 0.9452052 -1.778224E-07 0.1095892 0.6203521 -0.776908 -0.1643833 0.0763209 -0.9843442 0.3248532 0.9452052 -1.778224E-07 -0.4520545 0.221135 -0.8649705 0.06653625 0.9980428 -2.04242E-07 -0.880626 0.4716243 -1.508779E-07 -0.4520545 0.221135 -0.8649705 -0.6927593 -0.2837571 0.6634049 -0.4520549 0.2211351 0.8649704 -0.880626 0.4716243 -1.508779E-07 -0.4520549 0.2211351 0.8649704 -0.4344424 -0.5009782 0.7475538 -0.1350295 0.05870849 0.9882581 -0.1526421 0.009784823 0.9882581 -0.4344424 -0.5009782 0.7475538 -0.4324854 -0.5009782 0.7495107 -0.4520549 0.2211351 0.8649704 -0.1643836 0.7064579 0.6888451 -0.880626 0.4716243 -1.508779E-07 0.1193736 0.5401174 0.8336592 -0.4520549 0.2211351 0.8649704 -0.1350295 0.05870849 0.9882581 -0.9138941 0.09784755 0.3933462 -0.6692759 0.1213309 0.731898 -0.9158511 0.07632114 0.3953032 -0.6692759 0.1213309 0.731898 -0.9119372 0.08414892 0.399217 -0.6849315 0.1037184 0.7201563 -0.6692759 0.1213309 0.731898 -0.3502936 0.1448142 0.9256357 -0.6438356 0.1213309 0.7553813 -0.3502936 0.1448142 0.9256357 -0.6849315 0.1037184 0.7201563 -0.3561645 0.1272017 0.9256358 -0.616438 0.08806268 -0.7827787 -0.8962814 0.08219192 -0.4344423 -0.806262 0.03326823 -0.590998 -0.806262 0.03326823 -0.590998 -0.4794517 0.1800392 -0.8590997 -0.5929547 0.2152642 -0.774951 -0.6438356 0.1213309 0.7553813 -0.3072408 0.1369864 0.9412913 -0.6144814 0.09197666 0.7827786 -0.3072408 0.1369864 0.9412913 -0.5714287 0.08219193 0.8160467 -0.2426616 0.2133073 0.9471622 -0.5714287 0.08219193 0.8160467 -0.2426616 0.2133073 0.9471622 -0.5029355 0.1682976 0.8473578 -0.5029355 0.1682976 0.8473578 -0.1193739 0.260274 0.9569468 -0.4148729 0.08806274 0.9060663 -0.5929547 0.2152642 -0.774951 -0.9999998 -0.001956738 -5.919641E-08 -0.7514674 -0.01565546 -0.6594911 -0.990215 -0.138943 -3.003564E-08 -0.7514674 -0.01565546 -0.6594911 -0.7240701 -0.06849302 -0.6868883 -0.9999998 -0.001956738 -5.919641E-08 -0.6007828 0.1937379 0.7749508 -0.7455968 0.005871035 0.6653618 -0.7455968 0.005871035 0.6653618 -0.990215 -0.138943 -3.003564E-08 -0.7240704 -0.06849295 0.6868882 0.8669273 -0.003914044 0.4970645 0.9960859 -0.09784754 7.978392E-08 0.7592952 -0.1956948 0.6203523 0.9999998 0.04109567 5.103139E-08 0.8669273 -0.003914044 0.4970645 0.8923676 0.06457908 0.4461839 0.9960859 0.09001934 4.059184E-08 0.9999998 0.04109567 5.103139E-08 0.9041093 0.09980412 0.4129158 0.9980428 0.07240682 -0.001956902 0.9119371 0.08414853 0.3992172 0.4872795 0.1722112 0.8551857 0.5303324 0.219178 0.8199607 0.7084146 0.07044998 0.7025439 0.5636005 0.04109581 0.8238747 0.4872795 0.1722112 0.8551857 0.5401171 0.08610559 0.8375733 -0.5636005 0.4109589 -0.7162426 -0.8297453 0.1819962 -0.5264188 -0.4677101 0.6477494 -0.6007828 -0.8982384 0.2504893 -0.3620352 -0.8297453 0.1819962 -0.5264188 -0.6007825 0.1643836 -0.7827788 -0.8317022 0.03913907 -0.553816 0.4677104 0.6477491 -0.6007828 0.8297455 0.1819958 -0.5264187 0.5636008 0.4109587 -0.7162425 0.8297455 0.1819958 -0.5264187 0.9041094 0.2407042 -0.3542073 0.5127202 0.1017611 -0.8532287 0.8023483 0.04305262 -0.5968687 -0.1643836 0.7064579 0.6888451 0.06653625 0.9980428 -2.04242E-07 -0.880626 0.4716243 -1.508779E-07 0.3248532 0.9452052 -1.778224E-07 0.1193736 0.5401174 0.8336592 -0.1643836 0.7064579 0.6888451 -0.3268103 0.1487281 0.9334635 0.029354 0.1565558 0.9863011 -0.3072408 0.1369864 0.9412913 0.02348317 0.2309198 0.9726024 -0.2426616 0.2133073 0.9471622 -0.3072408 0.1369864 0.9412913 -0.8532287 -0.1800389 -0.4892367 -0.9217218 -0.1135027 -0.3718199 -0.8297453 0.1819962 -0.5264188 -0.8982384 0.2504893 -0.3620352 0.9041094 0.2407042 -0.3542073 0.9138941 -0.1232879 -0.3855184 0.8297455 0.1819958 -0.5264187 0.8532289 -0.1800393 -0.4892366 1.76481E-07 0.7827786 -0.6223093 1.940358E-07 0.6731896 -0.737769 -0.4677101 0.6477494 -0.6007828 -0.5636005 0.4109589 -0.7162426 1.991681E-07 -0.1311155 -0.9921719 -0.8532287 -0.1800389 -0.4892367 -0.5636005 0.4109589 -0.7162426 -0.8297453 0.1819962 -0.5264188 0.5127202 0.1017611 -0.8532287 0.4677104 0.6477491 -0.6007828 2.16198E-07 0.3600781 -0.9334636 1.76481E-07 0.7827786 -0.6223093 1.76481E-07 0.7827786 -0.6223093 0.4677104 0.6477491 -0.6007828 1.940358E-07 0.6731896 -0.737769 0.5636008 0.4109587 -0.7162425 0.8297455 0.1819958 -0.5264187 0.8532289 -0.1800393 -0.4892366 0.5636008 0.4109587 -0.7162425 1.991681E-07 -0.1311155 -0.9921719 -0.6007825 0.1643836 -0.7827788 -0.3835613 0.09589042 -0.917808 2.16198E-07 0.3600781 -0.9334636 2.142734E-07 0.1154598 -0.9941289 -0.3835613 0.09589042 -0.917808 2.153815E-07 0.1545987 -0.9882581 -0.3620349 0.1409002 -0.9217219 -0.9217218 -0.1135027 -0.3718199 -0.4598824 -0.804305 -0.3776906 -0.8982384 0.2504893 -0.3620352 -0.8317022 0.03913907 -0.553816 0.3659492 0.1213306 -0.9236788 0.5127202 0.1017611 -0.8532287 2.16198E-07 0.3600781 -0.9334636 2.142734E-07 0.1154598 -0.9941289 2.153815E-07 0.1545987 -0.9882581 0.3659492 0.1213306 -0.9236788 0.3542075 0.1487278 -0.9236789 -0.6007825 0.1643836 -0.7827788 2.16198E-07 0.3600781 -0.9334636 -0.4677101 0.6477494 -0.6007828 1.76481E-07 0.7827786 -0.6223093 0.6575342 0.04696654 -0.7514675 0.6908023 0.1154597 -0.7123286 0.9001956 0.06066513 -0.4324852 0.9060664 0.0802346 -0.4129157 0.6575342 0.04696654 -0.7514675 0.3659492 0.1213306 -0.9236788 0.6908023 0.1154597 -0.7123286 0.3542075 0.1487278 -0.9236789 -0.5479449 0.1232877 -0.8277885 -0.5479449 0.1232877 -0.8277885 -0.3835613 0.09589042 -0.917808 -0.3620349 0.1409002 -0.9217219 -0.9295497 0.04500999 0.365949 -0.9119372 0.08414892 0.399217 -0.9980428 0.04500998 0.005870771 -0.9980428 0.07240724 -0.001957021 -0.9295497 0.04500999 0.365949 -0.737769 0.07436417 0.6712326 -0.9119372 0.08414892 0.399217 -0.6849315 0.1037184 0.7201563 0.03522484 0.08023486 0.9960859 -1.985265E-07 0.1350294 0.990215 -0.336595 0.09197661 0.9373775 -0.3561645 0.1272017 0.9256358 0.03522484 0.08023486 0.9960859 0.3405086 0.08414868 0.9354205 -1.985265E-07 0.1350294 0.990215 0.3561641 0.1272015 0.9256358 0.9373774 0.0450096 0.3444227 0.9119371 0.08414853 0.3992172 0.731898 0.07044997 0.6790605 0.6849312 0.1037181 0.7201564 0.9373774 0.0450096 0.3444227 0.9980428 0.04892346 0.007827836 0.9119371 0.08414853 0.3992172 0.9980428 0.07240682 -0.001956902 -0.5636008 0.2837574 0.7749508 -0.3072407 0.8532289 0.4227003 -0.3679062 0.3091978 0.876712 0.2563599 0.7162425 0.6497061 -0.7064577 0.7045009 -0.05675164 -0.3072407 0.8532289 0.4227003 -0.7906066 0.2054796 0.5792561 -0.5636008 0.2837574 0.7749508 0.2563599 0.7162425 0.6497061 -0.3072407 0.8532289 0.4227003 0.181996 0.7553814 0.6281797 -0.2367906 0.9158511 0.3268099 0.545988 0.291585 0.7866926 0.2563599 0.7162425 0.6497061 0.4774948 0.2681017 0.8375732 0.181996 0.7553814 0.6281797 -0.2367906 0.9158511 0.3268099 -0.3072407 0.8532289 0.4227003 -0.6516632 0.7592955 0.01761232 -0.7064577 0.7045009 -0.05675164 0.4872795 -0.148728 0.8610566 0.5577297 -0.111546 0.8219177 0.4774948 0.2681017 0.8375732 0.545988 0.291585 0.7866926 -0.2367906 0.9158511 0.3268099 -0.3365949 0.8199607 0.4637961 0.181996 0.7553814 0.6281797 0.04305272 0.69863 0.7142854 0.181996 0.7553814 0.6281797 0.04305272 0.69863 0.7142854 0.4774948 0.2681017 0.8375732 0.3855183 0.2485322 0.8884537 -0.9941289 0.1095892 -0.01369871 -0.9021524 0.2974561 -0.3111547 -0.9608608 0.2739727 0.04892356 -0.7064577 0.7045009 -0.05675164 -0.2367906 0.9158511 0.3268099 -0.6516632 0.7592955 0.01761232 -0.3365949 0.8199607 0.4637961 -0.6868883 0.7045009 0.1819959 -0.6516632 0.7592955 0.01761232 -0.7064577 0.7045009 -0.05675164 -0.9412913 0.2720158 -0.2015656 -0.9021524 0.2974561 -0.3111547 -0.3365949 0.8199607 0.4637961 -0.407045 0.7201565 0.5616435 0.04305272 0.69863 0.7142854 -0.08610578 0.6066536 0.7906064 -0.3365949 0.8199607 0.4637961 -0.6868883 0.7045009 0.1819959 -0.407045 0.7201565 0.5616435 -0.7240703 0.6046968 0.3287669 -0.6516632 0.7592955 0.01761232 -0.9412913 0.2720158 -0.2015656 -0.6868883 0.7045009 0.1819959 -0.9628177 0.2504894 -0.0958905 -0.9021524 0.2974561 -0.3111547 -0.9491191 -0.1056749 -0.2994129 -0.9412913 0.2720158 -0.2015656 -0.9667316 -0.1487278 -0.2074364 -0.9412913 0.2720158 -0.2015656 -0.9667316 -0.1487278 -0.2074364 -0.9628177 0.2504894 -0.0958905 -0.9706455 -0.1663403 -0.1722113 -0.882583 0.1095892 0.4559685 -0.7906066 0.2054796 0.5792561 -0.9295497 0.04500999 0.365949 -0.737769 0.07436417 0.6712326 0.06262209 0.05479455 0.9960859 0.1409 0.18591 0.9726024 -0.03131136 -0.1135028 0.9921719 0.1917806 0.007827805 0.9804303 -0.336595 0.09197661 0.9373775 -0.09197669 0.1272016 0.9882581 0.03522484 0.08023486 0.9960859 0.06262209 0.05479455 0.9960859 -0.9491192 -0.0508804 0.3091975 -0.9275928 -0.09980407 0.3600782 -0.9608608 0.2739727 0.04892356 -0.9941289 0.1095892 -0.01369871 -0.7240703 0.6046968 0.3287669 -0.9843442 0.1780824 -0.03326819 -0.9569469 0.2211352 0.1859098 -0.9628177 0.2504894 -0.0958905 0.5772992 0.2485322 0.7769079 0.2465753 0.8884537 0.3874753 0.7221132 0.2700585 0.6360077 0.6457924 0.7592952 0.08023469 -0.2485323 0.774951 0.5792561 0.2465753 0.8884537 0.3874753 0.2407043 0.1565557 0.9589038 0.5772992 0.2485322 0.7769079 0.6457924 0.7592952 0.08023469 0.2465753 0.8884537 0.3874753 0.6046966 0.7925633 0.08610553 0.221135 0.915851 0.3346377 0.9471623 0.2915848 -0.1428571 0.6457924 0.7592952 0.08023469 0.9510761 0.287671 -0.1193737 0.6046966 0.7925633 0.08610553 0.221135 0.915851 0.3346377 0.2465753 0.8884537 0.3874753 -0.1624267 0.7945205 0.5831699 -0.2485323 0.774951 0.5792561 0.9784734 -0.1624268 -0.1252445 0.9765164 -0.119374 -0.1839529 0.9510761 0.287671 -0.1193737 0.9471623 0.2915848 -0.1428571 0.6046966 0.7925633 0.08610553 0.221135 0.915851 0.3346377 0.6399215 0.7240701 0.2563599 0.3209392 0.8140898 0.4833657 0.9510761 0.287671 -0.1193737 0.6046966 0.7925633 0.08610553 0.9765164 0.2093931 0.04305284 0.6399215 0.7240701 0.2563599 -0.2367907 0.08610576 0.9667317 -0.5753425 0.3091978 0.7553813 -0.1409003 0.2720157 0.951076 -0.2485323 0.774951 0.5792561 0.3209392 0.8140898 0.4833657 0.221135 0.915851 0.3346377 -0.01369873 0.7299412 0.6829742 -0.1624267 0.7945205 0.5831699 -0.1624267 0.7945205 0.5831699 -0.2485323 0.774951 0.5792561 -0.4970646 0.2896283 0.8180037 -0.5753425 0.3091978 0.7553813 0.9804303 -0.1996088 -0.009784632 0.9784734 -0.1624268 -0.1252445 0.9765164 0.2093931 0.04305284 0.9510761 0.287671 -0.1193737 0.3209392 0.8140898 0.4833657 0.3776906 0.7318981 0.5675144 0.6399215 0.7240701 0.2563599 0.8551857 0.4187865 0.3052837 0.3209392 0.8140898 0.4833657 -0.01369873 0.7299412 0.6829742 0.3776906 0.7318981 0.5675144 -0.04696688 0.4207436 0.9060662 -0.01369873 0.7299412 0.6829742 -0.1624267 0.7945205 0.5831699 -0.3542075 0.2328768 0.9060662 -0.4970646 0.2896283 0.8180037 -0.5753425 0.3091978 0.7553813 -0.6066537 -0.1135027 0.7866925 -0.4970646 0.2896283 0.8180037 -0.518591 -0.1624264 0.8395302 -0.4970646 0.2896283 0.8180037 -0.518591 -0.1624264 0.8395302 -0.3542075 0.2328768 0.9060662 -0.4187868 0.04892381 0.9060663 0.951076 -0.06262248 0.3052838 0.9569468 0.1585125 0.2407045 0.9608607 -0.117417 0.2524462 0.9941289 -0.02348356 0.1076321 0.06262209 0.05479455 0.9960859 -0.03131136 -0.1135028 0.9921719 -0.1409003 0.2720157 0.951076 -0.2367907 0.08610576 0.9667317 -0.9315066 0.2465755 -0.2681018 -0.4266143 0.8884538 -0.1682976 -0.9608607 0.2602741 -0.09197661 -0.5694715 0.7592955 0.3150682 -0.6868884 0.2857144 0.6673187 -0.5694715 0.7592955 0.3150682 -0.6712328 0.2876714 0.6829743 -0.4990214 0.8082191 0.3111543 -0.3307239 0.9354206 -0.1252448 -0.4266143 0.8884538 -0.1682976 -0.1663403 0.810176 -0.5616439 -0.1565555 0.76908 -0.6203523 -0.6868885 -0.1624264 0.7084147 -0.6810176 -0.1193736 0.7221133 -0.6712328 0.2876714 0.6829743 -0.6868884 0.2857144 0.6673187 -0.1565555 0.76908 -0.6203523 -0.7690799 0.1037183 -0.6301368 -0.02935398 0.2994128 -0.9530331 -0.4187864 0.04305286 -0.9080232 -0.4990214 0.8082191 0.3111543 -0.3307239 0.9354206 -0.1252448 -0.6164382 0.7612524 0.2074362 -0.4853227 0.8551859 -0.1819963 -0.6712328 0.2876714 0.6829743 -0.4990214 0.8082191 0.3111543 -0.7808219 0.2211352 0.58317 -0.6164382 0.7612524 0.2074362 -0.4853227 0.8551859 -0.1819963 -0.3307239 0.9354206 -0.1252448 -0.3268099 0.7651662 -0.5538161 -0.1663403 0.810176 -0.5616439 -0.1663403 0.810176 -0.5616439 -0.1565555 0.76908 -0.6203523 -0.04109566 0.2896281 -0.956947 -0.02935398 0.2994128 -0.9530331 -0.7553815 -0.1996084 0.624266 -0.6868885 -0.1624264 0.7084147 -0.7808219 0.2211352 0.58317 -0.6712328 0.2876714 0.6829743 -0.4853227 0.8551859 -0.1819963 -0.6379645 0.7318982 -0.2367907 -0.6164382 0.7612524 0.2074362 -0.8688844 0.4227007 0.2583168 -0.4853227 0.8551859 -0.1819963 -0.3268099 0.7651662 -0.5538161 -0.6379645 0.7318982 -0.2367907 -0.4911934 0.4246575 -0.7612523 -0.3268099 0.7651662 -0.5538161 -0.1663403 0.810176 -0.5616439 -0.1956945 0.219178 -0.95499 -0.04109566 0.2896281 -0.956947 -0.9491192 -0.0508804 0.3091975 -0.9256358 0.1878671 0.3307239 -0.9275928 -0.09980407 0.3600782 -0.8962817 -0.02348315 0.4442268 -0.7690799 0.1037183 -0.6301368 -0.8277884 0.1682976 -0.5342466 -0.7064576 0.06457935 -0.7045009 -0.913894 0.05479467 -0.4011741 -0.7064576 0.06457935 -0.7045009 -0.6810173 0.1115461 -0.7240703 -0.9119371 0.08219193 -0.4011742 0.919765 0.2778862 -0.2759295 0.4970646 0.8532287 -0.1604698 0.8199608 0.1976514 -0.5381603 0.1741684 0.7162424 -0.6751468 0.5381603 0.7045007 0.4637962 0.4970646 0.8532287 -0.1604698 0.9804303 0.1956945 0.009784751 0.919765 0.2778862 -0.2759295 0.1741684 0.7162424 -0.6751468 0.4970646 0.8532287 -0.1604698 0.2211352 0.7553813 -0.6164384 0.3835616 0.915851 -0.1252448 -0.00782757 0.291585 -0.956947 0.1741684 0.7162424 -0.6751468 0.1056753 0.2681016 -0.956947 0.2211352 0.7553813 -0.6164384 0.3835616 0.915851 -0.1252448 0.5440313 0.8199605 -0.1780823 0.2211352 0.7553813 -0.6164384 0.3855187 0.6986299 -0.6027398 0.2211352 0.7553813 -0.6164384 0.3855187 0.6986299 -0.6027398 0.1056753 0.2681016 -0.956947 0.2113505 0.2485321 -0.9452053 0.7749508 0.09197637 0.626223 0.5420741 0.2994128 0.7847356 0.7925633 0.2544029 0.5538159 0.5381603 0.7045007 0.4637962 0.5381603 0.7592952 0.3679059 0.5381603 0.7045007 0.4637962 0.6438353 0.2720155 0.7162425 0.5420741 0.2994128 0.7847356 0.5440313 0.8199605 -0.1780823 0.6594911 0.7201563 -0.2152642 0.3855187 0.6986299 -0.6027398 0.5342466 0.6066533 -0.5890411 0.5440313 0.8199605 -0.1780823 0.6614479 0.7045007 0.2563599 0.6594911 0.7201563 -0.2152642 0.7788648 0.6046964 0.1604695 0.5381603 0.7592952 0.3679059 0.6438353 0.2720155 0.7162425 0.6614479 0.7045007 0.2563599 0.7221132 0.2504891 0.6438354 0.5420741 0.2994128 0.7847356 0.5909978 -0.1056752 0.8003913 0.6438353 0.2720155 0.7162425 0.6594908 -0.148728 0.7358121 0.6438353 0.2720155 0.7162425 0.6594908 -0.148728 0.7358121 0.7221132 0.2504891 0.6438354 0.6849312 -0.1663406 0.7103717 0.9373774 0.0450096 0.3444227 0.9804302 0.0919763 0.1761252 0.9980428 0.04892346 0.007827836 0.9804303 0.1956945 0.009784751 0.9001956 0.06066513 -0.4324852 0.8199608 0.1976514 -0.5381603 0.6575342 0.04696654 -0.7514675 0.7592955 0.06066515 -0.6477492 0.7592955 0.06066515 -0.6477492 0.5479453 -0.1252448 -0.8258315 0.6575342 0.04696654 -0.7514675 0.8023483 0.04305262 -0.5968687 0.951076 -0.06262248 0.3052838 0.9608607 -0.117417 0.2524462 0.7925633 0.2544029 0.5538159 0.7749508 0.09197637 0.626223 -0.5479449 0.1056752 -0.8297455 -0.7064576 0.06457935 -0.7045009 -0.5479449 0.1056752 -0.8297455 -0.6810173 0.1115461 -0.7240703 0.5322897 -0.2759297 -0.8003911 0.1037184 0.3522503 -0.9295497 0.4481409 -0.4951076 -0.7436396 0.1389434 0.01761243 -0.990215 0.5929548 -0.7514676 0.2857144 0.4540114 -0.5303326 0.7162426 0.6673188 -0.7416829 0.05283776 0.4559684 -0.5107632 0.7299412 0.4559684 -0.5107632 0.7299412 0.4540114 -0.5303326 0.7162426 0.1545986 0.007827813 0.9882581 0.1898236 0.03326811 0.9804303 0.1545986 0.007827813 0.9882581 0.1898236 0.03326811 0.9804303 -0.1213308 0.6027397 0.7886494 -0.06262244 0.5577299 0.8277884 -0.1213308 0.6027397 0.7886494 -0.06262244 0.5577299 0.8277884 -0.2309196 0.9726025 -0.001957163 -0.2641878 0.9647748 -2.170145E-07 -0.1976516 0.9804304 -2.163146E-07 0.4559687 0.2700585 -0.847358 -0.2641878 0.9647748 -2.170145E-07 0.2172213 0.06457914 -0.9745594 0.4559687 0.2700585 -0.847358 0.7612524 -0.191781 -0.620352 0.2172213 0.06457914 -0.9745594 0.5068493 -0.5146772 -0.6927589 0.7612524 -0.191781 -0.620352 0.8923677 -0.4500979 1.47087E-07 0.5068493 -0.5146772 -0.6927589 0.5929548 -0.7514676 0.2857144 0.5929548 -0.7514676 0.2857144 0.8923677 -0.4500979 1.47087E-07 0.4540114 -0.5303326 0.7162426 0.7612522 -0.1917809 0.6203523 0.4540114 -0.5303326 0.7162426 0.7612522 -0.1917809 0.6203523 0.1898236 0.03326811 0.9804303 0.4559684 0.2700586 0.8473579 0.1898236 0.03326811 0.9804303 0.4559684 0.2700586 0.8473579 -0.06262244 0.5577299 0.8277884 0.04500968 0.7397259 0.6712325 -0.06262244 0.5577299 0.8277884 0.04500968 0.7397259 0.6712325 -0.2641878 0.9647748 -2.170145E-07 -0.1976516 0.9804304 -2.163146E-07 0.5322897 -0.2759297 -0.8003911 0.8904107 -0.4540118 0.001957095 0.8669275 -0.003914104 -0.4970644 0.9960859 -0.09784754 7.978392E-08 0.8669275 -0.003914104 -0.4970644 0.9999998 0.04109567 5.103139E-08 0.8923678 0.06457902 -0.4461838 0.9999998 0.04109567 5.103139E-08 0.9960859 0.09001934 4.059184E-08 0.9041095 0.09980407 -0.4129157 0.9980428 0.07240682 -0.001956902 0.9060664 0.0802346 -0.4129157 0.1448139 0.3385518 0.9295496 0.5303324 0.219178 0.8199607 0.3346377 -0.04109589 0.9412913 0.5636005 0.04109581 0.8238747 -0.1545986 0.3855185 -0.9099802 -0.1487277 0.0136986 -0.9882581 0.1095892 0.6203521 -0.776908 -0.1643833 0.0763209 -0.9843442 -0.2367905 0.9706456 0.00195673 0.1095892 0.6203521 -0.776908 0.2348337 0.9726024 -0.001957136 0.3248532 0.9452052 -1.778224E-07 -0.4324854 -0.5009782 0.7495107 -0.4344424 -0.5009782 0.7475538 -0.6536202 -0.7553813 0.06066547 -0.592955 -0.7436396 0.3072408 -0.1526421 0.009784823 0.9882581 0.0978472 0.5792563 0.8082189 -0.1350295 0.05870849 0.9882581 0.1193736 0.5401174 0.8336592 0.0978472 0.5792563 0.8082189 0.2348337 0.9726024 -0.001957136 0.1193736 0.5401174 0.8336592 0.3248532 0.9452052 -1.778224E-07 -0.4344424 -0.5009782 0.7475538 -0.6927593 -0.2837571 0.6634049 -0.592955 -0.7436396 0.3072408 -0.810176 -0.5870839 7.418497E-08 -0.6810173 0.1115461 -0.7240703 -0.9119371 0.08219193 -0.4011742 -0.6673186 0.1213308 -0.735812 -0.9041092 0.09980445 -0.4129159 -0.6673186 0.1213308 -0.735812 -0.6281797 0.1193738 -0.7690801 -0.8962814 0.08219192 -0.4344423 -0.616438 0.08806268 -0.7827787 0.3561641 0.1272015 0.9256358 0.6849312 0.1037181 0.7201564 0.3483363 0.1428571 0.9275927 0.6673187 0.1213306 0.735812 0.6418783 0.107632 0.7592954 0.324853 0.1409001 0.9354205 0.3483363 0.1428571 0.9275927 0.6849312 0.1037181 0.7201564 0.9119371 0.08414853 0.3992172 0.6673187 0.1213306 0.735812 0.9041093 0.09980412 0.4129158 0.8923676 0.06457908 0.4461839 0.6418783 0.107632 0.7592954 0.6673187 0.1213306 0.735812 0.8923676 0.06457908 0.4461839 0.6262227 0.08219167 0.774951 0.8669273 -0.003914044 0.4970645 -0.9158511 0.07632114 0.3953032 -0.6692759 0.1213309 0.731898 -0.6438356 0.1213309 0.7553813 -0.6144814 0.09197666 0.7827786 -0.6438356 0.1213309 0.7553813 -0.3502936 0.1448142 0.9256357 -0.3268103 0.1487281 0.9334635 -0.3072408 0.1369864 0.9412913 0.6262231 0.08219158 -0.7749509 0.8669275 -0.003914104 -0.4970644 0.8923678 0.06457902 -0.4461838 0.6418787 0.1076319 -0.7592953 0.667319 0.1213305 -0.7358119 0.9041095 0.09980407 -0.4129157 0.8923678 0.06457902 -0.4461838 0.667319 0.1213305 -0.7358119 0.9060664 0.0802346 -0.4129157 0.6908023 0.1154597 -0.7123286 0.3542075 0.1487278 -0.9236789 0.667319 0.1213305 -0.7358119 2.151482E-07 0.1506848 -0.9882581 2.153815E-07 0.1545987 -0.9882581 -0.806262 0.03326823 -0.590998 -0.9980428 0.06457945 -7.296029E-08 -0.9960859 -0.09393323 -3.977534E-08 -0.806262 0.03326823 -0.590998 -0.8923677 -0.4500976 0.001956987 -0.5205476 -0.2641878 -0.8121329 -0.8962814 0.08219192 -0.4344423 -0.9980428 0.06457945 -7.296029E-08 -0.9960859 0.09001976 -7.815091E-08 -0.9041092 0.09980445 -0.4129159 -0.9980428 0.07240724 -0.001957021 -0.9119371 0.08219193 -0.4011742 0.324853 0.1409001 0.9354205 0.3170252 0.1369863 0.9393344 0.029354 0.1565558 0.9863011 0.05479431 0.1565558 0.9863011 0.3483363 0.1428571 0.9275927 0.324853 0.1409001 0.9354205 0.01565538 0.1526419 0.988258 0.3561641 0.1272015 0.9256358 -1.985265E-07 0.1350294 0.990215 0.324853 0.1409001 0.9354205 0.6418783 0.107632 0.7592954 0.3170252 0.1369863 0.9393344 0.6262227 0.08219167 0.774951 0.5401171 0.08610559 0.8375733 0.3170252 0.1369863 0.9393344 0.2485321 0.2074364 0.9471622 0.4872795 0.1722112 0.8551857 0.1193736 0.2641878 0.9569468 0.4872795 0.1722112 0.8551857 0.4129156 0.107632 0.9041094 0.029354 0.1565558 0.9863011 0.3170252 0.1369863 0.9393344 0.02348317 0.2309198 0.9726024 0.2485321 0.2074364 0.9471622 0.8669273 -0.003914044 0.4970645 0.7592952 -0.1956948 0.6203523 0.6849312 0.01565547 0.7279842 0.5636005 0.04109581 0.8238747 0.7592952 -0.1956948 0.6203523 0.5342463 -0.2739726 0.7984344 0.3346377 -0.04109589 0.9412913 0.5342466 0.2250487 -0.8140898 0.8669275 -0.003914104 -0.4970644 0.5009785 0.1741681 -0.8473579 0.6262231 0.08219158 -0.7749509 2.153231E-07 0.1604696 -0.9863012 2.168395E-07 0.2270057 -0.9745595 0.6262231 0.08219158 -0.7749509 0.5009785 0.1741681 -0.8473579 -0.4794517 0.1800392 -0.8590997 2.168395E-07 0.2270057 -0.9745595 -0.616438 0.08806268 -0.7827787 2.153231E-07 0.1604696 -0.9863012 -0.616438 0.08806268 -0.7827787 -0.6281797 0.1193738 -0.7690801 2.151482E-07 0.1506848 -0.9882581 -0.6673186 0.1213308 -0.735812 -0.1545986 0.3855185 -0.9099802 -0.5929547 0.2152642 -0.774951 -0.5205476 -0.2641878 -0.8121329 -0.806262 0.03326823 -0.590998 0.412916 0.1076319 -0.9041094 0.5009785 0.1741681 -0.8473579 2.168395E-07 0.3091975 -0.9510761 2.168395E-07 0.2270057 -0.9745595 -0.4148725 0.08806264 -0.9060663 2.168395E-07 0.3091975 -0.9510761 -0.4794517 0.1800392 -0.8590997 2.168395E-07 0.2270057 -0.9745595 -0.7240704 -0.06849295 0.6868882 -0.7455968 0.005871035 0.6653618 -0.4148729 0.08806274 0.9060663 -0.5029355 0.1682976 0.8473578 -0.1193739 0.260274 0.9569468 -0.2426616 0.2133073 0.9471622 -1.799803E-07 0.3091977 0.951076 0.02348317 0.2309198 0.9726024 0.1193736 0.2641878 0.9569468 -1.799803E-07 0.3091977 0.951076 0.2485321 0.2074364 0.9471622 0.02348317 0.2309198 0.9726024 0.7181993 -0.04305293 0.6947161 0.4129156 0.107632 0.9041094 0.7084146 0.07044998 0.7025439 0.4872795 0.1722112 0.8551857 0.7084146 0.07044998 0.7025439 0.9960859 0.08806239 4.100009E-08 0.7181993 -0.04305293 0.6947161 0.9941289 -0.1017614 8.048377E-08 0.7123288 0.06066516 -0.6986299 0.7181996 -0.04305302 -0.694716 0.9960859 0.08806239 4.100009E-08 0.9941289 -0.1017614 8.048377E-08 -0.003913834 0.9999998 -2.088494E-07 0.09001976 0.2348335 -0.9667317 2.168395E-07 0.3091975 -0.9510761 0.412916 0.1076319 -0.9041094 -0.003913834 0.9999998 -2.088494E-07 2.168395E-07 0.3091975 -0.9510761 -0.09001933 0.2348336 -0.9667317 -0.4148725 0.08806264 -0.9060663 -0.1193739 0.260274 0.9569468 0.180039 0.5831701 0.7925633 -0.4148729 0.08806274 0.9060663 -0.09001973 0.2348337 0.9667316 -1.799803E-07 0.3091977 0.951076 -1.005463E-07 0.7240703 0.688845 -0.1193739 0.260274 0.9569468 0.180039 0.5831701 0.7925633 -1.799803E-07 0.3091977 0.951076 0.1193736 0.2641878 0.9569468 -1.005463E-07 0.7240703 0.688845 -0.1839531 0.5812133 0.7925633 0.1193736 0.2641878 0.9569468 0.4129156 0.107632 0.9041094 -0.1839531 0.5812133 0.7925633 0.09001936 0.2348336 0.9667316 -0.7240701 -0.06849302 -0.6868883 -0.620352 -0.2074363 -0.7573383 -0.09001933 0.2348336 -0.9667317 -0.06066513 0.1937377 -0.9784734 -0.7240701 -0.06849302 -0.6868883 -0.990215 -0.138943 -3.003564E-08 -0.620352 -0.2074363 -0.7573383 -0.9217219 -0.3894322 2.630297E-08 -0.7240704 -0.06849295 0.6868882 -0.6203523 -0.2074362 0.7573383 -0.990215 -0.138943 -3.003564E-08 -0.9217219 -0.3894322 2.630297E-08 -0.7240704 -0.06849295 0.6868882 -0.09001973 0.2348337 0.9667316 -0.6203523 -0.2074362 0.7573383 -0.06066554 0.1937378 0.9784733 0.180039 0.5831701 0.7925633 0.3913892 0.5792562 0.7142854 -0.09001973 0.2348337 0.9667316 -0.06066554 0.1937378 0.9784733 -0.003913834 0.9999998 -2.088494E-07 0.553816 0.8317022 -1.404966E-07 0.180039 0.5831701 0.7925633 0.3913892 0.5792562 0.7142854 0.3913895 0.5792561 -0.7142857 -0.06066513 0.1937377 -0.9784734 0.3600784 0.5909978 -0.7221134 -0.1193735 0.1937377 -0.9745595 -0.06066513 0.1937377 -0.9784734 -0.620352 -0.2074363 -0.7573383 -0.1193735 0.1937377 -0.9745595 -0.6457922 -0.2328766 -0.7279842 -0.620352 -0.2074363 -0.7573383 -0.9217219 -0.3894322 2.630297E-08 -0.6457922 -0.2328766 -0.7279842 -0.9041094 -0.4285712 3.551778E-08 -0.6203523 -0.2074362 0.7573383 -0.6457925 -0.2328765 0.7279842 -0.9217219 -0.3894322 2.630297E-08 -0.9041094 -0.4285712 3.551778E-08 -0.06066554 0.1937378 0.9784733 -0.1193739 0.1937378 0.9745594 -0.6203523 -0.2074362 0.7573383 -0.6457925 -0.2328765 0.7279842 0.3913892 0.5792562 0.7142854 0.3600781 0.5909979 0.7221132 -0.06066554 0.1937378 0.9784733 -0.1193739 0.1937378 0.9745594 0.553816 0.8317022 -1.404966E-07 0.590998 0.806262 -1.329731E-07 0.3913892 0.5792562 0.7142854 0.3600781 0.5909979 0.7221132 0.553816 0.8317022 -1.404966E-07 0.3913895 0.5792561 -0.7142857 0.590998 0.806262 -1.329731E-07 0.3600784 0.5909978 -0.7221134 0.590998 0.806262 -1.329731E-07 0.3600784 0.5909978 -0.7221134 -0.4520546 0.8923678 -2.131069E-07 -0.1193735 0.1937377 -0.9745595 0.07240725 0.1722112 -0.9823873 0.6477494 -0.1761254 -0.7416826 0.09001976 0.2348335 -0.9667317 0.7181996 -0.04305302 -0.694716 0.7181996 -0.04305302 -0.694716 0.6477494 -0.1761254 -0.7416826 0.9941289 -0.1017614 8.048377E-08 0.9452052 -0.3268103 1.245165E-07 0.9452052 -0.3268103 1.245165E-07 0.6477491 -0.1761253 0.7416829 0.9941289 -0.1017614 8.048377E-08 0.7181993 -0.04305293 0.6947161 0.7181993 -0.04305293 0.6947161 0.6477491 -0.1761253 0.7416829 0.09001936 0.2348336 0.9667316 0.07240684 0.1722113 0.9823872 0.07240684 0.1722113 0.9823872 -0.4109589 0.5459883 0.729941 0.09001936 0.2348336 0.9667316 -0.1839531 0.5812133 0.7925633 -0.4109589 0.5459883 0.729941 -0.5929548 0.8043052 -2.03134E-07 -0.1839531 0.5812133 0.7925633 -0.003913834 0.9999998 -2.088494E-07 -0.4109586 0.5459881 -0.7299412 -0.4050878 0.551859 -0.7279843 0.07240725 0.1722112 -0.9823873 0.09393366 0.2152641 -0.9726025 0.07240725 0.1722112 -0.9823873 0.09393366 0.2152641 -0.9726025 0.6477494 -0.1761254 -0.7416826 0.6692759 -0.1409003 -0.7299411 0.6477494 -0.1761254 -0.7416826 0.6692759 -0.1409003 -0.7299411 0.9452052 -0.3268103 1.245165E-07 0.953033 -0.303327 1.200841E-07 0.953033 -0.303327 1.200841E-07 0.6692756 -0.1409003 0.7299412 0.9452052 -0.3268103 1.245165E-07 0.6477491 -0.1761253 0.7416829 0.6692756 -0.1409003 0.7299412 0.09393325 0.2152642 0.9726024 0.6477491 -0.1761253 0.7416829 0.07240684 0.1722113 0.9823872 0.09393325 0.2152642 0.9726024 -0.4050881 0.5518591 0.7279841 0.07240684 0.1722113 0.9823872 -0.4109589 0.5459883 0.729941 -0.4050881 0.5518591 0.7279841 -0.657534 0.7534246 -1.963687E-07 -0.4109589 0.5459883 0.729941 -0.5929548 0.8043052 -2.03134E-07 -0.5929548 0.8043052 -2.03134E-07 -0.657534 0.7534246 -1.963687E-07 -0.4109586 0.5459881 -0.7299412 -0.4050878 0.551859 -0.7279843 0.09393366 0.2152641 -0.9726025 -0.4050878 0.551859 -0.7279843 0.4872798 0.8727981 -1.530357E-07 -0.657534 0.7534246 -1.963687E-07 -0.3483367 -0.03718186 0.9354205 -0.6242662 0.04109605 0.7808217 -0.2015657 0.37182 0.9060662 -0.6007828 0.1937379 0.7749508 -0.3483367 -0.03718186 0.9354205 -0.5244619 -0.2622307 0.810176 -0.6242662 0.04109605 0.7808217 -0.7573385 -0.01956927 0.6536201 0.8669275 -0.003914104 -0.4970644 0.5342466 0.2250487 -0.8140898 0.5322897 -0.2759297 -0.8003911 0.1037184 0.3522503 -0.9295497 0.6438356 0.2602737 -0.7181994 0.6555773 0.2739724 -0.7045008 0.7181996 0.3698627 -0.589041 0.5694717 0.1643834 -0.8062621 -0.9667317 -0.0508804 0.2524461 -0.9021525 0.09001976 0.4207435 -0.8864969 0.1154601 0.4481407 -0.7553815 0.2622311 0.6007825 0.9060664 0.0802346 -0.4129157 0.9980428 0.07240682 -0.001956902 0.9980428 0.04892346 0.007827836 0.9001956 0.06066513 -0.4324852 0.919765 0.2778862 -0.2759295 0.06262209 0.05479455 0.9960859 0.176125 0.08414873 0.9804303 0.03522484 0.08023486 0.9960859 0.2407043 0.1565557 0.9589038 0.3405086 0.08414868 0.9354205 -0.1428569 -0.2074364 -0.9686885 -0.1956945 0.219178 -0.95499 0.001957147 -0.1154599 -0.9941289 -0.04109566 0.2896281 -0.956947 -0.02935398 0.2994128 -0.9530331 0.2113505 0.2485321 -0.9452053 0.1467712 -0.1585128 -0.9765163 0.1056753 0.2681016 -0.956947 0.009784934 -0.111546 -0.9941289 -0.00782757 0.291585 -0.956947 -0.6810173 0.1115461 -0.7240703 -0.6673186 0.1213308 -0.735812 -0.3620349 0.1409002 -0.9217219 2.151482E-07 0.1506848 -0.9882581 2.153815E-07 0.1545987 -0.9882581 0.667319 0.1213305 -0.7358119 2.151482E-07 0.1506848 -0.9882581 0.6418787 0.1076319 -0.7592953 2.153231E-07 0.1604696 -0.9863012 0.6262231 0.08219158 -0.7749509 0.05479431 0.1565558 0.9863011 0.029354 0.1565558 0.9863011 -0.3268103 0.1487281 0.9334635 0.01565538 0.1526419 0.988258 -0.3502936 0.1448142 0.9256357 0.01565538 0.1526419 0.988258 -0.3561645 0.1272017 0.9256358 -1.985265E-07 0.1350294 0.990215 -0.847358 0.03131135 0.5303325 -0.6144814 0.09197666 0.7827786 -0.7573385 -0.01956927 0.6536201 -0.5714287 0.08219193 0.8160467 -0.6242662 0.04109605 0.7808217 0.5636005 0.04109581 0.8238747 0.5401171 0.08610559 0.8375733 0.6849312 0.01565547 0.7279842 0.6262227 0.08219167 0.774951 0.8669273 -0.003914044 0.4970645 0.5342466 0.2250487 -0.8140898 0.5009785 0.1741681 -0.8473579 0.7123288 0.06066516 -0.6986299 0.412916 0.1076319 -0.9041094 0.7181996 -0.04305302 -0.694716 -0.7240701 -0.06849302 -0.6868883 -0.4148725 0.08806264 -0.9060663 -0.7514674 -0.01565546 -0.6594911 -0.4794517 0.1800392 -0.8590997 -0.5929547 0.2152642 -0.774951 -0.06066513 0.1937377 -0.9784734 0.3913895 0.5792561 -0.7142857 -0.09001933 0.2348336 -0.9667317 0.553816 0.8317022 -1.404966E-07 -0.003913834 0.9999998 -2.088494E-07 -0.003913834 0.9999998 -2.088494E-07 -0.5929548 0.8043052 -2.03134E-07 0.09001976 0.2348335 -0.9667317 -0.4109586 0.5459881 -0.7299412 0.07240725 0.1722112 -0.9823873 -0.9980428 0.04500998 0.005870771 -0.9980428 0.07240724 -0.001957021 -0.9119371 0.08219193 -0.4011742 -0.913894 0.05479467 -0.4011741 -0.9315066 0.2465755 -0.2681018 -0.9119372 0.08414892 0.399217 -0.9138941 0.09784755 0.3933462 -0.9980428 0.07240724 -0.001957021 -0.9960859 0.09001976 -7.815091E-08 -0.9158511 0.07632114 0.3953032 -0.9980428 0.06457945 -7.296029E-08 -0.847358 0.03131135 0.5303325 -0.7573385 -0.01956927 0.6536201 -0.9960859 -0.09393323 -3.977534E-08 -0.9980428 0.06457945 -7.296029E-08 -0.1565555 0.76908 -0.6203523 -0.4266143 0.8884538 -0.1682976 -0.8277884 0.1682976 -0.5342466 -0.9315066 0.2465755 -0.2681018 -0.3307239 0.9354206 -0.1252448 -0.4990214 0.8082191 0.3111543 -0.5694715 0.7592955 0.3150682 0.3835616 0.915851 -0.1252448 0.4970646 0.8532287 -0.1604698 0.5381603 0.7592952 0.3679059 0.5381603 0.7045007 0.4637962 0.6614479 0.7045007 0.2563599 0.5440313 0.8199605 -0.1780823 0.3835616 0.915851 -0.1252448 5.960466E-08 0.9999998 -2.086162E-07 5.960466E-08 0.9999998 -2.086162E-07 5.960466E-08 0.9999998 -2.086162E-07 5.960466E-08 0.9999998 -2.086162E-07 5.960466E-08 0.9999998 -2.086162E-07 5.960466E-08 0.9999998 -2.086162E-07 5.960466E-08 0.9999998 -2.086162E-07 5.960466E-08 0.9999998 -2.086162E-07 5.960466E-08 0.9999998 -2.086162E-07 5.960466E-08 0.9999998 -2.086162E-07 5.960466E-08 0.9999998 -2.086162E-07 5.960466E-08 0.9999998 -2.086162E-07 5.960466E-08 0.9999998 -2.086162E-07 5.960466E-08 0.9999998 -2.086162E-07 5.960466E-08 0.9999998 -2.086162E-07 5.960466E-08 0.9999998 -2.086162E-07 5.960466E-08 0.9999998 -2.086162E-07 5.960466E-08 0.9999998 -2.086162E-07 5.960466E-08 0.9999998 -2.086162E-07 -5.960466E-08 -0.9999998 2.086162E-07 -5.960466E-08 -0.9999998 2.086162E-07 -5.960466E-08 -0.9999998 2.086162E-07 -5.960466E-08 -0.9999998 2.086162E-07 -5.960466E-08 -0.9999998 2.086162E-07 -5.960466E-08 -0.9999998 2.086162E-07 -5.960466E-08 -0.9999998 2.086162E-07 -5.960466E-08 -0.9999998 2.086162E-07 -5.960466E-08 -0.9999998 2.086162E-07 -5.960466E-08 -0.9999998 2.086162E-07 -5.960466E-08 -0.9999998 2.086162E-07 -5.960466E-08 -0.9999998 2.086162E-07 -5.960466E-08 -0.9999998 2.086162E-07 -5.960466E-08 -0.9999998 2.086162E-07 -5.960466E-08 -0.9999998 2.086162E-07 -5.960466E-08 -0.9999998 2.086162E-07</float_array>
          <technique_common>
            <accessor source="#TrunkBottom__mPltTreeOakTrunk-normal-array" count="1776" stride="3">
              <param name="X" type="float" />
              <param name="Y" type="float" />
              <param name="Z" type="float" />
            </accessor>
          </technique_common>
        </source>
        <source id="TrunkBottom__mPltTreeOakTrunk-color">
          <float_array id="TrunkBottom__mPltTreeOakTrunk-color-array" count="7104">1 1 1 1 1 1 1 1 1 1 1 1 1 1 1 1 1 1 1 1 1 1 1 1 1 1 1 1 1 1 1 1 1 1 1 1 1 1 1 1 1 1 1 1 1 1 1 1 1 1 1 1 1 1 1 1 1 1 1 1 1 1 1 1 1 1 1 1 1 1 1 1 1 1 1 1 1 1 1 1 1 1 1 1 1 1 1 1 1 1 1 1 1 1 1 1 1 1 1 1 1 1 1 1 1 1 1 1 1 1 1 1 1 1 1 1 1 1 1 1 1 1 1 1 1 1 1 1 1 1 1 1 1 1 1 1 1 1 1 1 1 1 1 1 1 1 1 1 1 1 1 1 1 1 1 1 1 1 1 1 1 1 1 1 1 1 1 1 1 1 1 1 1 1 1 1 1 1 1 1 1 1 1 1 1 1 1 1 1 1 1 1 1 1 1 1 1 1 1 1 1 1 1 1 1 1 1 1 1 1 1 1 1 1 1 1 1 1 1 1 1 1 1 1 1 1 1 1 1 1 1 1 1 1 1 1 1 1 1 1 1 1 1 1 1 1 1 1 1 1 1 1 1 1 1 1 1 1 1 1 1 1 1 1 1 1 1 1 1 1 1 1 1 1 1 1 1 1 1 1 1 1 1 1 1 1 1 1 1 1 1 1 1 1 1 1 1 1 1 1 1 1 1 1 1 1 1 1 1 1 1 1 1 1 1 1 1 1 1 1 1 1 1 1 1 1 1 1 1 1 1 1 1 1 1 1 1 1 1 1 1 1 1 1 1 1 1 1 1 1 1 1 1 1 1 1 1 1 1 1 1 1 1 1 1 1 1 1 1 1 1 1 1 1 1 1 1 1 1 1 1 1 1 1 1 1 1 1 1 1 1 1 1 1 1 1 1 1 1 1 1 1 1 1 1 1 1 1 1 1 1 1 1 1 1 1 1 1 1 1 1 1 1 1 1 1 1 1 1 1 1 1 1 1 1 1 1 1 1 1 1 1 1 1 1 1 1 1 1 1 1 1 1 1 1 1 1 1 1 1 1 1 1 1 1 1 1 1 1 1 1 1 1 1 1 1 1 1 1 1 1 1 1 1 1 1 1 1 1 1 1 1 1 1 1 1 1 1 1 1 1 1 1 1 1 1 1 1 1 1 1 1 1 1 1 1 1 1 1 1 1 1 1 1 1 1 1 1 1 1 1 1 1 1 1 1 1 1 1 1 1 1 1 1 1 1 1 1 1 1 1 1 1 1 1 1 1 1 1 1 1 1 1 1 1 1 1 1 1 1 1 1 1 1 1 1 1 1 1 1 1 1 1 1 1 1 1 1 1 1 1 1 1 1 1 1 1 1 1 1 1 1 1 1 1 1 1 1 1 1 1 1 1 1 1 1 1 1 1 1 1 1 1 1 1 1 1 1 1 1 1 1 1 1 1 1 1 1 1 1 1 1 1 1 1 1 1 1 1 1 1 1 1 1 1 1 1 1 1 1 1 1 1 1 1 1 1 1 1 1 1 1 1 1 1 1 1 1 1 1 1 1 1 1 1 1 1 1 1 1 1 1 1 1 1 1 1 1 1 1 1 1 1 1 1 1 1 1 1 1 1 1 1 1 1 1 1 1 1 1 1 1 1 1 1 1 1 1 1 1 1 1 1 1 1 1 1 1 1 1 1 1 1 1 1 1 1 1 1 1 1 1 1 1 1 1 1 1 1 1 1 1 1 1 1 1 1 1 1 1 1 1 1 1 1 1 1 1 1 1 1 1 1 1 1 1 1 1 1 1 1 1 1 1 1 1 1 1 1 1 1 1 1 1 1 1 1 1 1 1 1 1 1 1 1 1 1 1 1 1 1 1 1 1 1 1 1 1 1 1 1 1 1 1 1 1 1 1 1 1 1 1 1 1 1 1 1 1 1 1 1 1 1 1 1 1 1 1 1 1 1 1 1 1 1 1 1 1 1 1 1 1 1 1 1 1 1 1 1 1 1 1 1 1 1 1 1 1 1 1 1 1 1 1 1 1 1 1 1 1 1 1 1 1 1 1 1 1 1 1 1 1 1 1 1 1 1 1 1 1 1 1 1 1 1 1 1 1 1 1 1 1 1 1 1 1 1 1 1 1 1 1 1 1 1 1 1 1 1 1 1 1 1 1 1 1 1 1 1 1 1 1 1 1 1 1 1 1 1 1 1 1 1 1 1 1 1 1 1 1 1 1 1 1 1 1 1 1 1 1 1 1 1 1 1 1 1 1 1 1 1 1 1 1 1 1 1 1 1 1 1 1 1 1 1 1 1 1 1 1 1 1 1 1 1 1 1 1 1 1 1 1 1 1 1 1 1 1 1 1 1 1 1 1 1 1 1 1 1 1 1 1 1 1 1 1 1 1 1 1 1 1 1 1 1 1 1 1 1 1 1 1 1 1 1 1 1 1 1 1 1 1 1 1 1 1 1 1 1 1 1 1 1 1 1 1 1 1 1 1 1 1 1 1 1 1 1 1 1 1 1 1 1 1 1 1 1 1 1 1 1 1 1 1 1 1 1 1 1 1 1 1 1 1 1 1 1 1 1 1 1 1 1 1 1 1 1 1 1 1 1 1 1 1 1 1 1 1 1 1 1 1 1 1 1 1 1 1 1 1 1 1 1 1 1 1 1 1 1 1 1 1 1 1 1 1 1 1 1 1 1 1 1 1 1 1 1 1 1 1 1 1 1 1 1 1 1 1 1 1 1 1 1 1 1 1 1 1 1 1 1 1 1 1 1 1 1 1 1 1 1 1 1 1 1 1 1 1 1 1 1 1 1 1 1 1 1 1 1 1 1 1 1 1 1 1 1 1 1 1 1 1 1 1 1 1 1 1 1 1 1 1 1 1 1 1 1 1 1 1 1 1 1 1 1 1 1 1 1 1 1 1 1 1 1 1 1 1 1 1 1 1 1 1 1 1 1 1 1 1 1 1 1 1 1 1 1 1 1 1 1 1 1 1 1 1 1 1 1 1 1 1 1 1 1 1 1 1 1 1 1 1 1 1 1 1 1 1 1 1 1 1 1 1 1 1 1 1 1 1 1 1 1 1 1 1 1 1 1 1 1 1 1 1 1 1 1 1 1 1 1 1 1 1 1 1 1 1 1 1 1 1 1 1 1 1 1 1 1 1 1 1 1 1 1 1 1 1 1 1 1 1 1 1 1 1 1 1 1 1 1 1 1 1 1 1 1 1 1 1 1 1 1 1 1 1 1 1 1 1 1 1 1 1 1 1 1 1 1 1 1 1 1 1 1 1 1 1 1 1 1 1 1 1 1 1 1 1 1 1 1 1 1 1 1 1 1 1 1 1 1 1 1 1 1 1 1 1 1 1 1 1 1 1 1 1 1 1 1 1 1 1 1 1 1 1 1 1 1 1 1 1 1 1 1 1 1 1 1 1 1 1 1 1 1 1 1 1 1 1 1 1 1 1 1 1 1 1 1 1 1 1 1 1 1 1 1 1 1 1 1 1 1 1 1 1 1 1 1 1 1 1 1 1 1 1 1 1 1 1 1 1 1 1 1 1 1 1 1 1 1 1 1 1 1 1 1 1 1 1 1 1 1 1 1 1 1 1 1 1 1 1 1 1 1 1 1 1 1 1 1 1 1 1 1 1 1 1 1 1 1 1 1 1 1 1 1 1 1 1 1 1 1 1 1 1 1 1 1 1 1 1 1 1 1 1 1 1 1 1 1 1 1 1 1 1 1 1 1 1 1 1 1 1 1 1 1 1 1 1 1 1 1 1 1 1 1 1 1 1 1 1 1 1 1 1 1 1 1 1 1 1 1 1 1 1 1 1 1 1 1 1 1 1 1 1 1 1 1 1 1 1 1 1 1 1 1 1 1 1 1 1 1 1 1 1 1 1 1 1 1 1 1 1 1 1 1 1 1 1 1 1 1 1 1 1 1 1 1 1 1 1 1 1 1 1 1 1 1 1 1 1 1 1 1 1 1 1 1 1 1 1 1 1 1 1 1 1 1 1 1 1 1 1 1 1 1 1 1 1 1 1 1 1 1 1 1 1 1 1 1 1 1 1 1 1 1 1 1 1 1 1 1 1 1 1 1 1 1 1 1 1 1 1 1 1 1 1 1 1 1 1 1 1 1 1 1 1 1 1 1 1 1 1 1 1 1 1 1 1 1 1 1 1 1 1 1 1 1 1 1 1 1 1 1 1 1 1 1 1 1 1 1 1 1 1 1 1 1 1 1 1 1 1 1 1 1 1 1 1 1 1 1 1 1 1 1 1 1 1 1 1 1 1 1 1 1 1 1 1 1 1 1 1 1 1 1 1 1 1 1 1 1 1 1 1 1 1 1 1 1 1 1 1 1 1 1 1 1 1 1 1 1 1 1 1 1 1 1 1 1 1 1 1 1 1 1 1 1 1 1 1 1 1 1 1 1 1 1 1 1 1 1 1 1 1 1 1 1 1 1 1 1 1 1 1 1 1 1 1 1 1 1 1 1 1 1 1 1 1 1 1 1 1 1 1 1 1 1 1 1 1 1 1 1 1 1 1 1 1 1 1 1 1 1 1 1 1 1 1 1 1 1 1 1 1 1 1 1 1 1 1 1 1 1 1 1 1 1 1 1 1 1 1 1 1 1 1 1 1 1 1 1 1 1 1 1 1 1 1 1 1 1 1 1 1 1 1 1 1 1 1 1 1 1 1 1 1 1 1 1 1 1 1 1 1 1 1 1 1 1 1 1 1 1 1 1 1 1 1 1 1 1 1 1 1 1 1 1 1 1 1 1 1 1 1 1 1 1 1 1 1 1 1 1 1 1 1 1 1 1 1 1 1 1 1 1 1 1 1 1 1 1 1 1 1 1 1 1 1 1 1 1 1 1 1 1 1 1 1 1 1 1 1 1 1 1 1 1 1 1 1 1 1 1 1 1 1 1 1 1 1 1 1 1 1 1 1 1 1 1 1 1 1 1 1 1 1 1 1 1 1 1 1 1 1 1 1 1 1 1 1 1 1 1 1 1 1 1 1 1 1 1 1 1 1 1 1 1 1 1 1 1 1 1 1 1 1 1 1 1 1 1 1 1 1 1 1 1 1 1 1 1 1 1 1 1 1 1 1 1 1 1 1 1 1 1 1 1 1 1 1 1 1 1 1 1 1 1 1 1 1 1 1 1 1 1 1 1 1 1 1 1 1 1 1 1 1 1 1 1 1 1 1 1 1 1 1 1 1 1 1 1 1 1 1 1 1 1 1 1 1 1 1 1 1 1 1 1 1 1 1 1 1 1 1 1 1 1 1 1 1 1 1 1 1 1 1 1 1 1 1 1 1 1 1 1 1 1 1 1 1 1 1 1 1 1 1 1 1 1 1 1 1 1 1 1 1 1 1 1 1 1 1 1 1 1 1 1 1 1 1 1 1 1 1 1 1 1 1 1 1 1 1 1 1 1 1 1 1 1 1 1 1 1 1 1 1 1 1 1 1 1 1 1 1 1 1 1 1 1 1 1 1 1 1 1 1 1 1 1 1 1 1 1 1 1 1 1 1 1 1 1 1 1 1 1 1 1 1 1 1 1 1 1 1 1 1 1 1 1 1 1 1 1 1 1 1 1 1 1 1 1 1 1 1 1 1 1 1 1 1 1 1 1 1 1 1 1 1 1 1 1 1 1 1 1 1 1 1 1 1 1 1 1 1 1 1 1 1 1 1 1 1 1 1 1 1 1 1 1 1 1 1 1 1 1 1 1 1 1 1 1 1 1 1 1 1 1 1 1 1 1 1 1 1 1 1 1 1 1 1 1 1 1 1 1 1 1 1 1 1 1 1 1 1 1 1 1 1 1 1 1 1 1 1 1 1 1 1 1 1 1 1 1 1 1 1 1 1 1 1 1 1 1 1 1 1 1 1 1 1 1 1 1 1 1 1 1 1 1 1 1 1 1 1 1 1 1 1 1 1 1 1 1 1 1 1 1 1 1 1 1 1 1 1 1 1 1 1 1 1 1 1 1 1 1 1 1 1 1 1 1 1 1 1 1 1 1 1 1 1 1 1 1 1 1 1 1 1 1 1 1 1 1 1 1 1 1 1 1 1 1 1 1 1 1 1 1 1 1 1 1 1 1 1 1 1 1 1 1 1 1 1 1 1 1 1 1 1 1 1 1 1 1 1 1 1 1 1 1 1 1 1 1 1 1 1 1 1 1 1 1 1 1 1 1 1 1 1 1 1 1 1 1 1 1 1 1 1 1 1 1 1 1 1 1 1 1 1 1 1 1 1 1 1 1 1 1 1 1 1 1 1 1 1 1 1 1 1 1 1 1 1 1 1 1 1 1 1 1 1 1 1 1 1 1 1 1 1 1 1 1 1 1 1 1 1 1 1 1 1 1 1 1 1 1 1 1 1 1 1 1 1 1 1 1 1 1 1 1 1 1 1 1 1 1 1 1 1 1 1 1 1 1 1 1 1 1 1 1 1 1 1 1 1 1 1 1 1 1 1 1 1 1 1 1 1 1 1 1 1 1 1 1 1 1 1 1 1 1 1 1 1 1 1 1 1 1 1 1 1 1 1 1 1 1 1 1 1 1 1 1 1 1 1 1 1 1 1 1 1 1 1 1 1 1 1 1 1 1 1 1 1 1 1 1 1 1 1 1 1 1 1 1 1 1 1 1 1 1 1 1 1 1 1 1 1 1 1 1 1 1 1 1 1 1 1 1 1 1 1 1 1 1 1 1 1 1 1 1 1 1 1 1 1 1 1 1 1 1 1 1 1 1 1 1 1 1 1 1 1 1 1 1 1 1 1 1 1 1 1 1 1 1 1 1 1 1 1 1 1 1 1 1 1 1 1 1 1 1 1 1 1 1 1 1 1 1 1 1 1 1 1 1 1 1 1 1 1 1 1 1 1 1 1 1 1 1 1 1 1 1 1 1 1 1 1 1 1 1 1 1 1 1 1 1 1 1 1 1 1 1 1 1 1 1 1 1 1 1 1 1 1 1 1 1 1 1 1 1 1 1 1 1 1 1 1 1 1 1 1 1 1 1 1 1 1 1 1 1 1 1 1 1 1 1 1 1 1 1 1 1 1 1 1 1 1 1 1 1 1 1 1 1 1 1 1 1 1 1 1 1 1 1 1 1 1 1 1 1 1 1 1 1 1 1 1 1 1 1 1 1 1 1 1 1 1 1 1 1 1 1 1 1 1 1 1 1 1 1 1 1 1 1 1 1 1 1 1 1 1 1 1 1 1 1 1 1 1 1 1 1 1 1 1 1 1 1 1 1 1 1 1 1 1 1 1 1 1 1 1 1 1 1 1 1 1 1 1 1 1 1 1 1 1 1 1 1 1 1 1 1 1 1 1 1 1 1 1 1 1 1 1 1 1 1 1 1 1 1 1 1 1 1 1 1 1 1 1 1 1 1 1 1 1 1 1 1 1 1 1 1 1 1 1 1 1 1 1 1 1 1 1 1 1 1 1 1 1 1 1 1 1 1 1 1 1 1 1 1 1 1 1 1 1 1 1 1 1 1 1 1 1 1 1 1 1 1 1 1 1 1 1 1 1 1 1 1 1 1 1 1 1 1 1 1 1 1 1 1 1 1 1 1 1 1 1 1 1 1 1 1 1 1 1 1 1 1 1 1 1 1 1 1 1 1 1 1 1 1 1 1 1 1 1 1 1 1 1 1 1 1 1 1 1 1 1 1 1 1 1 1 1 1 1 1 1 1 1 1 1 1 1 1 1 1 1 1 1 1 1 1 1 1 1 1 1 1 1 1 1 1 1 1 1 1 1 1 1 1 1 1 1 1 1 1 1 1 1 1 1 1 1 1 1 1 1 1 1 1 1 1 1 1 1 1 1 1 1 1 1 1 1 1 1 1 1 1 1 1 1 1 1 1 1 1 1 1 1 1 1 1 1 1 1 1 1 1 1 1 1 1 1 1 1 1 1 1 1 1 1 1 1 1 1 1 1 1 1 1 1 1 1 1 1 1 1 1 1 1 1 1 1 1 1 1 1 1 1 1 1 1 1 1 1 1 1 1 1 1 1 1 1 1 1 1 1 1 1 1 1 1 1 1 1 1 1 1 1 1 1 1 1 1 1 1 1 1 1 1 1 1 1 1 1 1 1 1 1 1 1 1 1 1 1 1 1 1 1 1 1 1 1 1 1 1 1 1 1 1 1 1 1 1 1 1 1 1 1 1 1 1 1 1 1 1 1 1 1 1 1 1 1 1 1 1 1 1 1 1 1 1 1 1 1 1 1 1 1 1 1 1 1 1 1 1 1 1 1 1 1 1 1 1 1 1 1 1 1 1 1 1 1 1 1 1 1 1 1 1 1 1 1 1 1 1 1 1 1 1 1 1 1 1 1 1 1 1 1 1 1 1 1 1 1 1 1 1 1 1 1 1 1 1 1 1 1 1 1 1 1 1 1 1 1 1 1 1 1 1 1 1 1 1 1 1 1 1 1 1 1 1 1 1 1 1 1 1 1 1 1 1 1 1 1 1 1 1 1 1 1 1 1 1 1 1 1 1 1 1 1 1 1 1 1 1 1 1 1 1 1 1 1 1 1 1 1 1 1 1 1 1 1 1 1 1 1 1 1 1 1 1 1 1 1 1 1 1 1 1 1 1 1 1 1 1 1 1 1 1 1 1 1 1 1 1 1 1 1 1 1 1 1 1 1 1 1 1 1 1 1 1 1 1 1 1 1 1 1 1 1 1 1 1 1 1 1 1 1 1 1 1 1 1 1 1 1 1 1 1 1 1 1 1 1 1 1 1 1 1 1 1 1 1 1 1 1 1 1 1 1 1 1 1 1 1 1 1 1 1 1 1 1 1 1 1 1 1 1 1 1 1 1 1 1 1 1 1 1 1 1 1 1 1 1 1 1 1 1 1 1 1 1 1 1 1 1 1 1 1 1 1 1 1 1 1 1 1 1 1 1 1 1 1 1 1 1 1 1 1 1 1 1 1 1 1 1 1 1 1 1 1 1 1 1 1 1 1 1 1 1 1 1 1 1 1 1 1 1 1 1 1 1 1 1 1 1 1 1 1 1 1 1 1 1 1 1 1 1 1 1 1 1 1 1 1 1 1 1 1 1 1 1 1 1 1 1 1 1 1 1 1 1 1 1 1 1 1 1 1 1 1 1 1 1 1 1 1 1 1 1 1 1 1 1 1 1 1 1 1 1 1 1 1 1 1 1 1 1 1 1 1 1 1 1 1 1 1 1 1 1 1 1 1 1 1 1 1 1 1 1 1 1 1 1 1 1 1 1 1 1 1 1 1 1 1 1 1 1 1 1 1 1 1 1 1 1 1 1 1 1 1 1 1 1 1 1 1 1 1 1 1 1 1 1 1 1 1 1 1 1 1 1 1 1 1 1 1 1 1 1 1 1 1 1 1 1 1 1 1 1 1 1 1 1 1 1 1 1 1 1 1 1 1 1 1 1 1 1 1 1 1 1 1 1 1 1 1 1 1 1 1 1 1 1 1 1 1 1 1 1 1 1 1 1 1 1 1 1 1 1 1 1 1 1 1 1 1 1 1 1 1 1 1 1 1 1 1 1 1 1 1 1 1 1 1 1 1 1 1 1 1 1 1 1 1 1 1 1 1 1 1 1 1 1 1 1 1 1 1 1 1 1 1 1 1 1 1 1 1 1 1 1 1 1 1 1 1 1 1 1 1 1 1 1 1 1 1 1 1 1 1 1 1 1 1 1 1 1 1 1 1 1 1 1 1 1 1 1 1 1 1 1 1 1 1 1 1 1 1 1 1 1 1 1 1 1 1 1 1 1 1 1 1 1 1 1 1 1 1 1 1 1 1 1 1 1 1 1 1 1 1 1 1 1 1 1 1 1 1 1 1 1 1 1 1 1 1 1 1 1 1 1 1 1 1 1 1 1 1 1 1 1 1 1 1 1 1 1 1 1 1 1 1 1 1 1 1 1 1 1 1 1 1 1 1 1 1 1 1 1 1 1 1 1 1 1 1 1 1 1 1 1 1 1 1 1 1 1 1 1 1 1 1 1 1 1 1 1 1 1 1 1 1 1 1 1 1 1 1 1 1 1 1 1 1 1 1 1 1 1 1 1 1 1 1 1 1 1 1 1 1 1 1 1 1 1 1 1 1 1 1 1 1 1 1 1 1 1 1 1 1 1 1 1 1 1 1 1 1 1 1 1 1 1 1 1 1 1 1 1 1 1 1 1 1 1 1 1 1 1 1 1 1 1 1 1 1 1 1 1 1 1 1 1 1 1 1 1 1 1 1 1 1 1 1 1 1 1 1 1 1 1 1 1 1 1 1 1 1 1 1 1 1 1 1 1 1 1 1 1 1 1 1 1 1 1 1 1 1 1 1 1 1 1 1 1 1 1 1 1 1 1 1 1 1 1 1 1 1 1 1 1 1 1 1 1 1 1 1 1 1 1 1 1 1 1 1 1 1 1 1 1 1 1 1 1 1 1 1 1 1 1 1 1 1 1 1 1 1 1 1 1 1 1 1 1 1 1 1 1 1 1 1 1 1 1 1 1 1 1 1 1 1 1 1 1 1 1 1 1 1 1 1 1 1 1 1 1 1 1 1 1 1 1 1 1 1 1 1 1 1 1 1 1 1 1 1 1 1 1 1 1 1 1 1 1 1 1 1 1 1 1 1 1 1 1 1 1 1 1 1 1 1 1 1 1 1 1 1 1 1 1 1 1 1 1 1 1 1 1 1 1 1 1 1 1 1 1 1 1 1 1 1 1 1 1 1 1 1 1 1 1 1 1 1 1 1 1 1 1 1 1 1 1 1 1 1 1 1 1 1 1 1 1 1 1 1 1 1 1 1 1 1 1 1 1 1 1 1 1 1 1 1 1 1 1 1 1 1 1 1 1 1 1 1 1 1 1 1 1 1 1 1 1 1 1 1 1 1 1 1 1 1 1 1 1 1 1 1 1 1 1 1 1 1 1 1 1 1 1 1 1 1 1 1 1 1 1 1 1 1 1 1 1 1 1 1 1 1 1 1 1 1 1 1 1 1 1 1 1 1 1 1 1 1 1 1 1 1 1 1 1 1 1 1 1 1 1 1 1 1 1 1 1 1 1 1 1 1 1 1 1 1 1 1 1 1 1 1 1 1 1 1 1 1 1 1 1 1 1 1 1 1 1 1 1 1 1 1 1 1 1 1 1 1 1 1 1 1 1 1 1 1 1 1 1 1 1 1 1 1 1 1 1 1 1 1 1 1 1 1 1 1 1 1 1 1 1 1 1 1 1 1 1 1 1 1 1 1 1 1 1 1 1 1 1 1 1 1 1 1 1 1 1 1 1 1 1 1 1 1 1 1 1 1 1 1 1 1 1 1 1 1 1 1 1 1 1 1 1 1 1 1 1 1 1 1 1 1 1 1 1 1 1 1 1 1 1 1 1 1 1 1 1 1 1 1 1 1 1 1 1 1 1 1 1 1 1 1 1 1 1 1 1 1 1 1 1 1 1 1 1 1 1 1 1 1 1 1 1 1 1 1 1 1 1 1 1 1 1 1 1 1 1 1 1 1 1 1 1 1 1 1 1 1 1 1 1 1 1 1 1 1 1 1 1 1 1 1 1 1 1 1 1 1 1 1 1 1 1 1 1 1 1 1 1 1 1 1 1 1 1 1 1 1 1 1 1 1 1 1 1 1 1 1 1 1 1 1 1 1 1 1 1 1 1 1 1 1 1 1 1 1 1 1 1 1 1 1 1 1 1 1 1 1 1 1 1 1 1 1 1 1 1 1 1 1 1 1 1 1 1 1 1 1 1 1 1 1 1 1 1 1 1 1 1 1 1 1 1 1 1 1 1 1 1 1 1 1 1 1 1 1 1 1 1 1 1 1 1 1 1 1 1 1 1 1 1 1 1 1 1 1 1 1 1 1 1 1 1 1 1 1 1 1 1 1 1 1 1 1 1 1 1 1 1 1 1 1 1 1 1 1 1 1 1 1 1 1 1 1 1 1 1 1 1 1 1 1 1 1 1 1 1 1 1 1 1 1 1 1 1 1 1 1 1 1 1 1 1 1 1 1 1 1 1 1 1 1 1 1 1 1 1 1 1 1 1 1 1 1 1 1 1 1 1 1 1 1 1 1 1 1 1 1 1 1 1 1 1 1 1 1 1 1 1 1 1 1 1 1 1 1 1 1 1 1 1 1 1 1 1 1 1 1 1 1 1 1 1 1 1 1 1 1 1 1 1 1 1 1 1 1 1 1 1 1 1 1 1 1 1 1 1 1 1 1 1 1 1 1 1 1 1 1 1 1 1 1 1 1 1 1 1 1 1 1 1 1 1 1 1 1 1 1 1 1 1 1 1 1 1 1 1 1 1 1 1 1 1 1 1 1 1 1 1 1 1 1 1 1 1 1 1 1 1 1 1 1 1 1 1 1 1 1 1 1 1 1 1 1 1 1 1 1 1 1 1 1 1 1 1 1 1 1 1 1 1 1 1 1 1 1 1 1 1 1 1 1 1 1 1 1 1 1 1 1 1 1 1 1 1 1 1 1 1 1 1 1 1 1 1 1 1 1 1 1 1 1 1 1 1 1 1 1 1 1 1 1 1 1 1 1 1 1 1 1 1 1 1 1 1 1 1 1 1 1 1 1 1 1 1 1 1 1 1 1 1 1 1 1 1 1 1 1 1 1 1 1 1 1 1 1 1 1 1 1 1 1 1 1 1 1 1 1 1 1 1 1 1 1 1 1 1 1 1 1 1 1 1 1 1 1 1 1 1 1 1 1 1 1 1 1 1 1 1 1 1 1 1 1 1 1 1 1 1 1 1 1 1 1 1 1 1 1 1 1 1 1 1 1 1 1 1 1 1 1 1 1 1 1 1 1 1 1 1 1 1 1 1 1 1 1 1 1 1 1 1 1 1 1 1 1 1 1 1 1 1 1 1 1 1 1 1 1 1 1 1 1 1 1 1 1 1 1 1 1 1 1 1 1 1 1 1 1 1 1 1 1 1 1 1 1 1 1 1 1 1 1 1 1 1 1 1 1 1 1 1 1 1 1 1 1 1 1 1 1 1 1 1 1 1 1 1 1 1 1 1 1 1 1 1 1 1 1 1 1 1 1 1 1 1 1 1 1 1 1 1 1 1 1 1 1 1 1 1 1 1 1 1 1 1 1 1 1 1 1 1 1 1 1 1 1 1 1 1 1 1 1 1 1 1 1 1 1 1 1 1 1 1 1 1 1 1 1 1 1 1 1 1 1 1 1 1 1 1 1 1 1 1 1 1 1 1 1 1 1 1 1 1 1 1 1 1 1 1 1 1 1 1 1 1 1 1 1 1 1 1 1 1 1 1 1 1 1 1 1 1 1 1 1 1 1 1 1 1 1 1 1 1 1 1 1 1 1 1 1 1 1 1 1 1 1 1 1 1 1 1 1 1 1 1 1 1 1 1 1 1 1 1 1 1 1 1 1 1 1 1 1 1 1 1 1 1 1 1 1 1 1 1 1 1 1 1 1 1 1 1 1 1 1 1 1 1 1 1 1 1 1 1 1 1 1 1 1 1 1 1 1 1 1 1 1 1 1 1 1 1 1 1 1 1 1 1 1 1 1 1 1 1 1 1 1 1 1 1 1 1 1 1 1 1 1 1 1 1 1 1 1 1 1 1 1 1 1 1 1 1 1 1 1 1 1 1 1 1 1 1 1 1 1 1 1 1 1 1 1 1 1 1 1 1 1 1 1 1 1 1 1 1 1 1 1 1 1 1 1 1 1 1 1 1 1 1 1 1 1 1 1 1 1 1 1 1 1 1 1 1 1 1 1 1 1 1 1 1 1 1 1 1 1 1 1 1 1 1 1 1 1 1 1 1 1 1 1 1 1 1 1 1 1 1 1 1 1 1 1 1 1 1 1 1 1 1 1 1 1 1 1 1 1 1 1 1 1 1 1 1 1 1 1 1 1 1 1 1 1 1 1 1 1 1 1 1 1 1 1 1 1 1 1 1 1 1 1 1 1 1 1 1 1 1 1 1 1 1 1 1 1 1 1 1 1 1 1 1 1 1 1 1 1 1 1 1 1 1 1 1 1 1 1 1 1 1 1 1 1 1 1 1 1 1 1 1 1 1 1 1 1 1 1 1 1 1 1 1 1 1 1 1 1 1 1 1 1 1 1 1 1 1 1 1 1 1 1 1 1 1 1 1 1 1 1 1 1 1 1 1 1 1 1 1 1 1 1 1 1 1 1 1 1 1 1 1 1 1 1 1 1 1 1 1 1 1 1 1 1 1 1 1 1 1 1 1 1 1 1 1 1 1 1 1 1 1 1 1 1 1 1 1 1 1 1 1 1 1 1 1 1 1 1 1 1 1 1 1 1 1 1 1 1 1 1 1 1 1 1 1 1 1 1 1 1 1 1 1 1 1 1 1 1 1 1 1 1 1 1 1 1 1 1 1 1 1 1 1 1 1 1 1 1 1 1 1 1 1 1 1 1 1 1 1 1 1 1 1 1 1 1 1 1 1 1 1 1 1 1 1 1 1 1 1 1 1 1 1 1 1 1 1 1 1 1 1 1 1 1 1 1 1 1 1 1 1 1 1 1 1 1 1 1 1 1 1 1 1 1 1 1 1 1 1 1 1 1 1 1 1 1 1 1 1 1 1 1 1 1 1 1 1 1 1 1 1 1 1 1 1 1 1 1 1 1 1 1 1 1 1 1 1 1 1 1 1 1 1 1 1 1 1 1 1 0 0 0 1 0 0 0 1 0 0 0 1 0 0 0 1 0 0 0 1 0 0 0 1 0 0 0 1 0 0 0 1 1 1 1 1 1 1 1 1 1 1 1 1 1 1 1 1 1 1 1 1 1 1 1 1 1 1 1 1 1 1 1 1 1 1 1 1 1 1 1 1 1 1 1 1 1 1 1 1 1 1 1 1 1 1 1 1 1 1 1 1 1 1 1 1 1 1 1 1 1 1 1 1 1 1 1 1 1 1 1 1 1 1 1 1 1 1 1 1 1 1 1 1 1 1 1 1 1 1 1 1 1 1 1 1 1 1 1 1 1 1 1 1 1 1 1 1 1 1 1 1 1 1 1 1 1 1 1 1 1 1 1 1 1 1 1 1 1 1 1 1 1 1 1 1 1 1 1 1 1 1 1 1 1 1 1 1 1 1 1 1 1 1 1 1 1 1 1 1 1 1 1 1 1 1 1 1 1 1 1 1 1 1 1 1 1 1 1 1 1 1 1 1 1 1 1 1 1 1 1 1 1 1 1 1 1 1 1 1 1 1 1 1 1 1 1 1 1 1 1 1 1 1 1 1 1 1 1 1 1 1 1 1 1 1 1 1 1 1 1 1 1 1 1 1 1 1 1 1 1 1 1 1 1 1 1 1 1 1 1 1 1 1 1 1 1 1 1 1 1 1 1 1 1 1 1 1 1 1 1 1 1 1 1 1 1 1 1 1 1 1 1 1 1 1 1 1 1 1 1 1 1 1 1 1 1 1 1 1 1 1 1 1 1 1 1 1 1 1 1 1 1 1 1 1 1 1 1 1 1 1 1 1 1 1 1 1 1 1 1 1 1 1 1 1 1 1 1 1 1 1 1 1 1 1 1 1 1 1 1 1 1 1 1 1 1 1 1 1 1 1 1 1 1 1 1 1 1 1 1 1 1 1 1 1 1 1 1 1 1 1 1 1 1 1 1 1 1 1 1 1 1 1 1 1 1 1 1 1 1 1 1 1 1 1 1 1 1 1 1 1 1 1 1 1 1 1 1 1 1 1 1 1 1 1 1 1 1 1 1 1 1 1 1 1 1 1 1 1 1 1 1 1 1 1 1 1 1 1 1 1 1 1 1 1 1 1 1 1 1 1 1 1 1 1 1 1 1 1 1 1 1 1 1 1 1 1 1 1 1 1 1 1 1 1 1 1 1 1 1 1 1 1 1 1 1 1 1 1 1 1 1 1 1 1 1 1 1 1 1 1 1 1 1 1 1 1 1 1</float_array>
          <technique_common>
            <accessor source="#TrunkBottom__mPltTreeOakTrunk-color-array" count="1776" stride="4">
              <param name="R" type="float" />
              <param name="G" type="float" />
              <param name="B" type="float" />
              <param name="A" type="float" />
            </accessor>
          </technique_common>
        </source>
        <source id="TrunkBottom__mPltTreeOakTrunk-texcoord">
          <float_array id="TrunkBottom__mPltTreeOakTrunk-texcoord-array" count="3552">0.9130859 0.07763672 0.9326172 0.07617188 0.9296875 0.09667969 0.02098083 0.03759766 0.004154205 0.02929688 0.004154205 0.01025391 0.9936523 0.02832031 0.9711914 0.03662109 0.9936523 0.009277344 0.8989258 0.1411133 0.9296875 0.09667969 0.9624023 0.1000977 0.9624023 0.1000977 0.9399414 0.1665039 0.8989258 0.1411133 0.9130859 0.07763672 0.918457 0.06884766 0.9326172 0.07617188 0.4335938 0.1162109 0.4465332 0.09619141 0.4521484 0.1132813 0.4521484 0.1132813 0.4465332 0.09619141 0.4741211 0.1015625 0.4741211 0.1015625 0.4763184 0.078125 0.4868164 0.08447266 0.4868164 0.08447266 0.4763184 0.078125 0.5014648 0.06884766 0.4958496 0.06054688 0.5014648 0.06884766 0.4763184 0.078125 0.3430176 0.1123047 0.3496094 0.09619141 0.3620605 0.1157227 0.3251953 0.105957 0.3496094 0.09619141 0.3430176 0.1123047 0.2941895 0.07958984 0.3188477 0.08349609 0.3115234 0.09326172 0.3188477 0.08349609 0.2941895 0.07958984 0.2944336 0.06738281 0.4233398 0.03173828 0.4536133 0.04492188 0.4313965 0.04931641 0.4233398 0.03173828 0.3969727 0.03369141 0.3969727 0.02001953 0.3969727 0.03369141 0.3728027 0.03222656 0.3969727 0.02001953 0.3637695 0.04980469 0.342041 0.04589844 0.3728027 0.03222656 0.4233398 0.03173828 0.3969727 0.02001953 0.4123535 0.01806641 0.4526367 0.006347656 0.4377441 0.01953125 0.4123535 0.01806641 0.3969727 0.02001953 0.3728027 0.03222656 0.3825684 0.01757813 0.3132324 0.03271484 0.3359375 0.03222656 0.342041 0.04589844 0.4123535 0.01806641 0.3969727 0.02001953 0.3969727 0.0004882813 0.4123535 0.01806641 0.3969727 0.0004882813 0.4526367 0.006347656 0.3969727 0.0004882813 0.3969727 0.02001953 0.3825684 0.01757813 0.3728027 0.03222656 0.3562012 0.01953125 0.3825684 0.01757813 0.3540039 0.01123047 0.3969727 0.0004882813 0.3825684 0.01757813 0.3825684 0.01757813 0.3562012 0.01953125 0.3540039 0.01123047 0.3969727 0.1176758 0.361084 0.1660156 0.3620605 0.1157227 0.5014648 0.06884766 0.5009766 0.08691406 0.4868164 0.08447266 0.4521484 0.1132813 0.4360352 0.1660156 0.4335938 0.1162109 0.3005371 0.1464844 0.2937012 0.1181641 0.3430176 0.1123047 0.3115234 0.09326172 0.2946777 0.09716797 0.2941895 0.07958984 0.4335938 0.1162109 0.4360352 0.1660156 0.3969727 0.1176758 0.3430176 0.1123047 0.2937012 0.1181641 0.3251953 0.105957 0.4741211 0.1015625 0.4465332 0.09619141 0.4763184 0.078125 0.4536133 0.04492188 0.4233398 0.03173828 0.4584961 0.03173828 0.4689941 0.01611328 0.4584961 0.03173828 0.4377441 0.01953125 0.4536133 0.04492188 0.4584961 0.03173828 0.4824219 0.02880859 0.3259277 0.0234375 0.3359375 0.03222656 0.3132324 0.03271484 0.4377441 0.01953125 0.4233398 0.03173828 0.4123535 0.01806641 0.4526367 0.006347656 0.4689941 0.01611328 0.4377441 0.01953125 0.3540039 0.01123047 0.3562012 0.01953125 0.3259277 0.0234375 0.4377441 0.01953125 0.4584961 0.03173828 0.4233398 0.03173828 0.3562012 0.01953125 0.3359375 0.03222656 0.3259277 0.0234375 0.4741211 0.1015625 0.4980469 0.1147461 0.4521484 0.1132813 0.6396484 0.1123047 0.652832 0.09033203 0.6586914 0.1079102 0.6586914 0.1079102 0.652832 0.09033203 0.6811523 0.1015625 0.6811523 0.1015625 0.6826172 0.08154297 0.6923828 0.09912109 0.6923828 0.09912109 0.6826172 0.08154297 0.7080078 0.078125 0.7006836 0.05664063 0.7080078 0.078125 0.6826172 0.08154297 0.5493164 0.1074219 0.5561523 0.09033203 0.5683594 0.1108398 0.53125 0.1035156 0.5561523 0.09033203 0.5493164 0.1074219 0.5014648 0.06884766 0.5307617 0.078125 0.5141602 0.08496094 0.5307617 0.078125 0.5014648 0.06884766 0.5063477 0.06054688 0.6298828 0.03222656 0.6601563 0.04296875 0.6376953 0.04785156 0.6645508 0.02392578 0.6601563 0.04296875 0.6298828 0.03222656 0.6601563 0.04296875 0.6645508 0.02392578 0.6782227 0.03662109 0.6298828 0.03222656 0.6030273 0.03417969 0.6030273 0.02050781 0.6645508 0.02392578 0.6298828 0.03222656 0.6186523 0.01855469 0.6030273 0.03417969 0.5791016 0.03271484 0.6030273 0.02050781 0.5698242 0.04833984 0.5522461 0.04492188 0.5791016 0.03271484 0.6298828 0.03222656 0.6030273 0.02050781 0.6186523 0.01855469 0.644043 0.01123047 0.6645508 0.02392578 0.6186523 0.01855469 0.6030273 0.02050781 0.5791016 0.03271484 0.5888672 0.01806641 0.5791016 0.03271484 0.5522461 0.04492188 0.5361328 0.03076172 0.6186523 0.01855469 0.6030273 0.02050781 0.6030273 0.0009765625 0.6186523 0.01855469 0.6030273 0.0009765625 0.644043 0.01123047 0.6030273 0.0009765625 0.6030273 0.02050781 0.5888672 0.01806641 0.5791016 0.03271484 0.5361328 0.03076172 0.5888672 0.01806641 0.5522461 0.04492188 0.5263672 0.03808594 0.5361328 0.03076172 0.5527344 0.02197266 0.6030273 0.0009765625 0.5888672 0.01806641 0.5888672 0.01806641 0.5361328 0.03076172 0.5527344 0.02197266 0.6030273 0.1132813 0.5673828 0.1660156 0.5683594 0.1108398 0.7080078 0.078125 0.7070313 0.1030273 0.6923828 0.09912109 0.6586914 0.1079102 0.6425781 0.1660156 0.6396484 0.1123047 0.5141602 0.08496094 0.5009766 0.08691406 0.5014648 0.06884766 0.6586914 0.1079102 0.7114258 0.1494141 0.6425781 0.1660156 0.6396484 0.1123047 0.6425781 0.1660156 0.6030273 0.1132813 0.6586914 0.1079102 0.7060547 0.1186523 0.7114258 0.1494141 0.5493164 0.1074219 0.4980469 0.1147461 0.53125 0.1035156 0.6811523 0.1015625 0.652832 0.09033203 0.6826172 0.08154297 0.6811523 0.1015625 0.7060547 0.1186523 0.6586914 0.1079102 0.2272949 0.1152344 0.2403564 0.09033203 0.2459717 0.1108398 0.2459717 0.1108398 0.2403564 0.09033203 0.2687988 0.1044922 0.2687988 0.1044922 0.2700195 0.08154297 0.2805176 0.09863281 0.2805176 0.09863281 0.2700195 0.08154297 0.2941895 0.07958984 0.282959 0.06494141 0.2941895 0.07958984 0.2700195 0.08154297 0.1365967 0.1098633 0.1434326 0.09033203 0.1556396 0.1137695 0.08850098 0.078125 0.1125488 0.08056641 0.1035156 0.09765625 0.1125488 0.08056641 0.08850098 0.078125 0.09442139 0.06884766 0.2171631 0.03710938 0.2474365 0.04785156 0.2249756 0.05273438 0.2570801 0.02929688 0.2474365 0.04785156 0.2171631 0.03710938 0.2474365 0.04785156 0.2570801 0.02929688 0.2680664 0.04150391 0.2171631 0.03710938 0.1906738 0.0390625 0.1906738 0.02539063 0.2570801 0.02929688 0.2171631 0.03710938 0.2059326 0.0234375 0.1906738 0.0390625 0.166626 0.03759766 0.1906738 0.02539063 0.1574707 0.05322266 0.1358643 0.04882813 0.166626 0.03759766 0.2171631 0.03710938 0.1906738 0.02539063 0.2059326 0.0234375 0.2362061 0.01367188 0.2570801 0.02929688 0.2059326 0.0234375 0.1906738 0.02539063 0.166626 0.03759766 0.1761475 0.02294922 0.166626 0.03759766 0.1358643 0.04882813 0.126709 0.02734375 0.2059326 0.0234375 0.1906738 0.02539063 0.1906738 0.005859375 0.2059326 0.0234375 0.1906738 0.005859375 0.2362061 0.01367188 0.1906738 0.005859375 0.1906738 0.02539063 0.1761475 0.02294922 0.166626 0.03759766 0.126709 0.02734375 0.1761475 0.02294922 0.1358643 0.04882813 0.1142578 0.03710938 0.126709 0.02734375 0.1478271 0.01660156 0.1906738 0.005859375 0.1761475 0.02294922 0.1761475 0.02294922 0.126709 0.02734375 0.1478271 0.01660156 0.1906738 0.1157227 0.1796875 0.1625977 0.1556396 0.1137695 0.2941895 0.07958984 0.2946777 0.09716797 0.2805176 0.09863281 0.2459717 0.1108398 0.2407227 0.1625977 0.2272949 0.1152344 0.2459717 0.1108398 0.3005371 0.1464844 0.2407227 0.1625977 0.2272949 0.1152344 0.2407227 0.1625977 0.1906738 0.1157227 0.2459717 0.1108398 0.2937012 0.1181641 0.3005371 0.1464844 0.2687988 0.1044922 0.2403564 0.09033203 0.2700195 0.08154297 0.2687988 0.1044922 0.2937012 0.1181641 0.2459717 0.1108398 0.8461914 0.1142578 0.859375 0.09326172 0.8647461 0.1118164 0.8994141 0.09570313 0.8886719 0.07958984 0.9130859 0.07763672 0.7553711 0.1108398 0.762207 0.09326172 0.7744141 0.1137695 0.737793 0.105957 0.762207 0.09326172 0.7553711 0.1108398 0.7080078 0.078125 0.7314453 0.08056641 0.7246094 0.1015625 0.7314453 0.08056641 0.7080078 0.078125 0.7172852 0.06396484 0.8930664 0.04003906 0.8710938 0.03710938 0.8759766 0.02636719 0.8359375 0.03710938 0.8095703 0.0390625 0.8095703 0.02539063 0.8095703 0.0390625 0.7856445 0.03759766 0.8095703 0.02539063 0.7763672 0.05322266 0.7573242 0.04882813 0.7856445 0.03759766 0.8359375 0.03710938 0.8095703 0.02539063 0.824707 0.0234375 0.8549805 0.01367188 0.8505859 0.02490234 0.824707 0.0234375 0.8095703 0.02539063 0.7856445 0.03759766 0.7949219 0.02294922 0.7412109 0.03173828 0.7553711 0.03662109 0.7573242 0.04882813 0.824707 0.0234375 0.8095703 0.02539063 0.8095703 0.005859375 0.824707 0.0234375 0.8095703 0.005859375 0.8549805 0.01367188 0.8095703 0.005859375 0.8095703 0.02539063 0.7949219 0.02294922 0.7856445 0.03759766 0.7685547 0.02490234 0.7949219 0.02294922 0.7666016 0.01660156 0.8095703 0.005859375 0.7949219 0.02294922 0.7949219 0.02294922 0.7685547 0.02490234 0.7666016 0.01660156 0.8095703 0.1157227 0.7792969 0.1625977 0.7744141 0.1137695 0.9296875 0.09667969 0.8994141 0.09570313 0.9130859 0.07763672 0.7114258 0.1494141 0.7060547 0.1186523 0.7553711 0.1108398 0.7246094 0.1015625 0.7070313 0.1030273 0.7080078 0.078125 0.8461914 0.1142578 0.8334961 0.1625977 0.8095703 0.1157227 0.7553711 0.1108398 0.7060547 0.1186523 0.737793 0.105957 0.8759766 0.02636719 0.8710938 0.03710938 0.8505859 0.02490234 0.8662109 0.04785156 0.8710938 0.03710938 0.8930664 0.04003906 0.7856445 0.03759766 0.7553711 0.03662109 0.7685547 0.02490234 0.7553711 0.03662109 0.7856445 0.03759766 0.7573242 0.04882813 0.7485352 0.02636719 0.7553711 0.03662109 0.7412109 0.03173828 0.8505859 0.02490234 0.8359375 0.03710938 0.824707 0.0234375 0.8549805 0.01367188 0.8759766 0.02636719 0.8505859 0.02490234 0.7666016 0.01660156 0.7685547 0.02490234 0.7485352 0.02636719 0.7685547 0.02490234 0.7553711 0.03662109 0.7485352 0.02636719 0.9936523 0.02832031 0.9936523 0.04052734 0.9711914 0.03662109 0.02098083 0.03759766 0.004154205 0.04150391 0.004154205 0.02929688 0.7915039 0.7023926 0.871582 0.7231445 0.8691406 0.7307129 0.7675781 0.7524414 0.7734375 0.732666 0.8623047 0.7446289 0.7734375 0.732666 0.8662109 0.7404785 0.8623047 0.7446289 0.7573242 0.4960938 0.7973633 0.5427246 0.7255859 0.5163574 0.7973633 0.5427246 0.7773438 0.5476074 0.7255859 0.5163574 0.7255859 0.5163574 0.7773438 0.5476074 0.7138672 0.5539551 0.7773438 0.5476074 0.769043 0.5559082 0.7138672 0.5539551 0.7138672 0.5539551 0.769043 0.5559082 0.7163086 0.5854492 0.769043 0.5559082 0.7802734 0.5871582 0.7163086 0.5854492 0.7163086 0.5854492 0.7802734 0.5871582 0.7573242 0.6049805 0.7802734 0.5871582 0.7856445 0.598877 0.7573242 0.6049805 0.7915039 0.7023926 0.8012695 0.6862793 0.871582 0.7231445 0.8012695 0.6862793 0.8691406 0.7138672 0.871582 0.7231445 0.8691406 0.7307129 0.871582 0.7231445 0.934082 0.7409668 0.934082 0.7409668 0.871582 0.7231445 0.9355469 0.7287598 0.8691406 0.7307129 0.934082 0.7409668 0.8662109 0.7404785 0.934082 0.7409668 0.9316406 0.7497559 0.8662109 0.7404785 0.8662109 0.7404785 0.9316406 0.7497559 0.8623047 0.7446289 0.9316406 0.7497559 0.9257813 0.753418 0.8623047 0.7446289 0.8691406 0.7138672 0.9355469 0.7287598 0.871582 0.7231445 1.004883 0.7460938 0.9838867 0.7475586 0.984375 0.7380371 0.9838867 0.7475586 1.004883 0.7460938 0.9848633 0.7506104 0.9848633 0.7506104 1.004883 0.7460938 0.9838867 0.7557373 0.9985352 0.7248535 1.004883 0.7460938 0.9946289 0.7282715 0.9946289 0.7282715 1.004883 0.7460938 0.9907227 0.7319336 0.9907227 0.7319336 1.004883 0.7460938 0.9887695 0.7346191 0.9887695 0.7346191 1.004883 0.7460938 0.984375 0.7380371 0.7978516 0.5854492 0.8188477 0.5895996 0.7573242 0.6049805 0.7573242 0.6049805 0.8188477 0.5895996 0.7553711 0.6218262 0.7573242 0.6049805 0.7553711 0.6218262 0.6914063 0.5895996 0.7573242 0.6049805 0.6914063 0.5895996 0.7163086 0.5854492 0.7553711 0.4487305 0.7573242 0.4960938 0.7148438 0.4897461 0.2128906 0.6594238 0.2077637 0.6945801 0.190918 0.6584473 0.2458496 0.4980469 0.2580566 0.5310059 0.2060547 0.5458984 0.2060547 0.5458984 0.2607422 0.532959 0.2108154 0.5532227 0.2607422 0.532959 0.2768555 0.5454102 0.2108154 0.5532227 0.2108154 0.5532227 0.2768555 0.5454102 0.2158203 0.5722656 0.2768555 0.5454102 0.2607422 0.5834961 0.2158203 0.5722656 0.2158203 0.5722656 0.2607422 0.5834961 0.2194824 0.5830078 0.2607422 0.5834961 0.244873 0.5915527 0.2194824 0.5830078 0.2194824 0.5830078 0.244873 0.5915527 0.2225342 0.5900879 0.1245117 0.6584473 0.1241455 0.6945801 0.1067505 0.6584473 0.1656494 0.7463379 0.1733398 0.7463379 0.1506348 0.7557373 0.04177856 0.7463379 0.04943848 0.7463379 0.06463623 0.7557373 0.3061523 0.3886719 0.3669434 0.4462891 0.2971191 0.449707 0.2290039 0.5834961 0.244873 0.5915527 0.1920166 0.5905762 0.3649902 0.5454102 0.3649902 0.5893555 0.3120117 0.5527344 0.3120117 0.5527344 0.3649902 0.5893555 0.2978516 0.5905762 0.244873 0.5915527 0.244873 0.6149902 0.1920166 0.5905762 0.244873 0.5915527 0.2978516 0.5905762 0.244873 0.6149902 0.2978516 0.5905762 0.3649902 0.5893555 0.3085938 0.6149902 0.6914063 0.5895996 0.7553711 0.6218262 0.690918 0.6149902 0.690918 0.6491699 0.6274414 0.6501465 0.6503906 0.6696777 0.3649902 0.6501465 0.3081055 0.6491699 0.3522949 0.6696777 0.3083496 0.6491699 0.3649902 0.6501465 0.3522949 0.6696777 0.6274414 0.6501465 0.690918 0.6491699 0.6503906 0.6696777 0.2385254 0.7788086 0.2514648 0.7583008 0.2346191 0.7550049 0.2385254 0.7788086 0.2346191 0.7550049 0.2276611 0.7536621 0.2385254 0.7788086 0.2276611 0.7536621 0.2346191 0.7550049 0.2385254 0.7788086 0.2346191 0.7550049 0.2514648 0.7583008 0.2385254 0.7788086 0.2514648 0.7583008 0.2680664 0.7615967 0.2385254 0.7788086 0.2680664 0.7615967 0.2932129 0.7629395 0.7382813 0.7579346 0.7543945 0.7783203 0.7548828 0.7541504 0.7548828 0.7541504 0.7543945 0.7783203 0.7617188 0.7525635 0.7617188 0.7525635 0.7543945 0.7783203 0.7548828 0.7541504 0.7548828 0.7541504 0.7543945 0.7783203 0.7382813 0.7579346 0.7382813 0.7579346 0.7543945 0.7783203 0.7216797 0.7617188 0.7216797 0.7617188 0.7543945 0.7783203 0.7011719 0.7633057 0.4147949 0.6833496 0.5 0.6806641 0.5 0.7053223 0.5 0.6806641 0.5874023 0.6833496 0.5 0.7053223 0.244873 0.5915527 0.2607422 0.5834961 0.2978516 0.5905762 0.244873 0.449707 0.2944336 0.4863281 0.2458496 0.4980469 0.7553711 0.6218262 0.8188477 0.5895996 0.8183594 0.6149902 0.2458496 0.4980469 0.2944336 0.4863281 0.2607422 0.532959 0.7148438 0.4897461 0.7573242 0.4960938 0.7255859 0.5163574 0.8066406 0.9254761 0.769043 0.9636536 0.7587891 0.960968 0.8066406 0.9254761 0.8022461 0.9879913 0.7905273 0.9757996 0.07623291 0.09863281 0.08850098 0.078125 0.1035156 0.09765625 0.1365967 0.1098633 0.07623291 0.09863281 0.1262207 0.1625977 0.04364014 0.1020508 0.09307861 0.1645508 0.05999756 0.1665039 0.4824219 0.02880859 0.4584961 0.03173828 0.4689941 0.01611328 0.4885254 0.04785156 0.4536133 0.04492188 0.4658203 0.06396484 0.3969727 0.1176758 0.4360352 0.1660156 0.361084 0.1660156 0.4360352 0.1660156 0.3723145 0.2241211 0.4360352 0.2241211 0.6030273 0.1132813 0.6425781 0.1660156 0.5673828 0.1660156 0.6298828 0.2241211 0.5673828 0.1660156 0.5634766 0.2241211 0.9057617 0.06542969 0.9130859 0.07763672 0.8886719 0.07958984 0.8994141 0.09570313 0.859375 0.09326172 0.8647461 0.1118164 0.8662109 0.04785156 0.8359375 0.03710938 0.8710938 0.03710938 0.8359375 0.03710938 0.84375 0.05273438 0.8505859 0.02490234 0.8710938 0.03710938 0.190918 0.6584473 0.2077637 0.6945801 0.1893311 0.6945801 0.2077637 0.6945801 0.1759033 0.7353516 0.1580811 0.6945801 0.1893311 0.6945801 0.1497803 0.7353516 0.1893311 0.6945801 0.1245117 0.6584473 0.190918 0.6584473 0.1497803 0.7353516 0.1893311 0.6945801 0.1759033 0.7353516 0.1759033 0.7353516 0.1525879 0.7463379 0.1656494 0.7463379 0.1525879 0.7463379 0.1495361 0.7557373 0.1759033 0.7353516 0.2077637 0.6945801 0.1912842 0.7353516 0.1912842 0.7353516 0.1656494 0.7463379 0.1733398 0.7463379 0.1067505 0.7353516 0.1241455 0.6945801 0.1497803 0.7353516 0.1067505 0.7353516 0.1514893 0.7463379 0.1237183 0.7463379 0.1494141 0.7557373 0.1514893 0.7463379 0.04943848 0.7463379 0.0625 0.7463379 0.06463623 0.7557373 0.0625 0.7463379 0.03659058 0.7353516 0.06274414 0.7353516 0.03952026 0.6721191 0.03659058 0.7353516 0.008262634 0.6721191 0.0625 0.7463379 0.07562256 0.7463379 0.06463623 0.7557373 0.08892822 0.7353516 0.0625 0.7463379 0.06274414 0.7353516 0.3061523 0.3295898 0.3723145 0.3295898 0.3061523 0.3886719 0.3723145 0.3295898 0.3061523 0.2241211 0.3723145 0.2241211 0.3723145 0.3295898 0.4360352 0.3295898 0.3723145 0.3886719 0.4360352 0.3295898 0.3723145 0.2241211 0.4360352 0.2241211 0.1174316 0.449707 0.1811523 0.3886719 0.1811523 0.449707 0.1811523 0.449707 0.1174316 0.5864258 0.1920166 0.5905762 0.3723145 0.3886719 0.4360352 0.4472656 0.3669434 0.4462891 0.4360352 0.4472656 0.3649902 0.5454102 0.4360352 0.5893555 0.3649902 0.5454102 0.4360352 0.5893555 0.3649902 0.5893555 0.3649902 0.5893555 0.4331055 0.657959 0.3649902 0.6501465 0.1920166 0.5905762 0.244873 0.6149902 0.1811523 0.6149902 0.244873 0.6430664 0.1811523 0.6149902 0.1811523 0.6491699 0.244873 0.6149902 0.2978516 0.5905762 0.3085938 0.6149902 0.3085938 0.6149902 0.244873 0.6430664 0.3083496 0.6491699 0.690918 0.4482422 0.7553711 0.4487305 0.7148438 0.4897461 0.7548828 0.3886719 0.690918 0.4482422 0.690918 0.3886719 0.7548828 0.3295898 0.7548828 0.3886719 0.690918 0.3295898 0.7602539 0.2241211 0.6967773 0.2241211 0.6274414 0.5893555 0.6914063 0.5895996 0.690918 0.6149902 0.6914063 0.5493164 0.6274414 0.5893555 0.6274414 0.5454102 0.02098083 0.03759766 0.05194092 0.046875 0.02679443 0.046875 0.06445313 0.07714844 0.05194092 0.046875 0.04364014 0.1020508 0.07623291 0.09863281 0.965332 0.04589844 0.9516602 0.04589844 0.9711914 0.03662109 0.9516602 0.04589844 0.9326172 0.07617188 0.9624023 0.1000977 0.9296875 0.09667969 0.07562256 0.7463379 0.0836792 0.7463379 0.06463623 0.7557373 0.1067505 0.7353516 0.08892822 0.7353516 0.07562256 0.7463379 0.4360352 0.3886719 0.5 0.449707 0.4360352 0.4472656 0.5 0.5893555 0.4360352 0.5893555 0.4360352 0.4472656 0.06573486 0.046875 0.08148193 0.06884766 0.05194092 0.046875 0.06445313 0.07714844 0.9326172 0.07617188 0.918457 0.06884766 0.9516602 0.04589844 0.9414063 0.04589844 0.004154205 0.05078125 0.004154205 0.04150391 0.02679443 0.046875 0.02098083 0.03759766 0.004154205 0.01025391 0.06573486 0.046875 0.02098083 0.03759766 0.05194092 0.046875 0.9624023 0.1000977 0.965332 0.04589844 0.9926758 0.1020508 0.9936523 0.04980469 0.9936523 0.04980469 0.965332 0.04589844 0.9936523 0.04052734 0.9711914 0.03662109 0.9516602 0.04589844 0.9414063 0.04589844 0.9711914 0.03662109 0.9936523 0.009277344 0.04364014 0.1020508 0.05999756 0.1665039 0.004154205 0.1030273 0.004154205 0.1665039 0.05999756 0.1665039 0.01390076 0.2241211 0.06860352 0.2241211 0.08148193 0.06884766 0.08850098 0.078125 0.06445313 0.07714844 0.07623291 0.09863281 0.9399414 0.1665039 0.9624023 0.1000977 0.9926758 0.1020508 0.9926758 0.1665039 0.9897461 0.2265625 0.9399414 0.1665039 0.9370117 0.2265625 0.04364014 0.1020508 0.004154205 0.1030273 0.02679443 0.046875 0.004154205 0.05078125 0.8989258 0.1411133 0.8823242 0.2241211 0.8334961 0.1625977 0.824707 0.2241211 0.8989258 0.1411133 0.9399414 0.1665039 0.8823242 0.2241211 0.9370117 0.2265625 0.09307861 0.1645508 0.07470703 0.2241211 0.05999756 0.1665039 0.06860352 0.2241211 0.3005371 0.1464844 0.3061523 0.2241211 0.2407227 0.1625977 0.244873 0.2241211 0.3005371 0.1464844 0.361084 0.1660156 0.3061523 0.2241211 0.3723145 0.2241211 0.5019531 0.1450195 0.5 0.2241211 0.4360352 0.1660156 0.4360352 0.2241211 0.5019531 0.1450195 0.5673828 0.1660156 0.5 0.2241211 0.5634766 0.2241211 0.7114258 0.1494141 0.6967773 0.2241211 0.6425781 0.1660156 0.6298828 0.2241211 0.7114258 0.1494141 0.7792969 0.1625977 0.6967773 0.2241211 0.7602539 0.2241211 0.3969727 0.1176758 0.3969727 0.09960938 0.4335938 0.1162109 0.4465332 0.09619141 0.3496094 0.09619141 0.3969727 0.09960938 0.3620605 0.1157227 0.3969727 0.1176758 0.4465332 0.09619141 0.3969727 0.09960938 0.4394531 0.07666016 0.3969727 0.08105469 0.4763184 0.078125 0.4465332 0.09619141 0.4658203 0.06396484 0.4394531 0.07666016 0.3969727 0.08105469 0.3969727 0.09960938 0.3574219 0.07617188 0.3496094 0.09619141 0.4885254 0.04785156 0.4958496 0.06054688 0.4658203 0.06396484 0.4763184 0.078125 0.3969727 0.08105469 0.3969727 0.05224609 0.4394531 0.07666016 0.4313965 0.04931641 0.4394531 0.07666016 0.4313965 0.04931641 0.4658203 0.06396484 0.4536133 0.04492188 0.3115234 0.09326172 0.3188477 0.08349609 0.3251953 0.105957 0.3496094 0.09619141 0.3969727 0.08105469 0.3574219 0.07617188 0.3969727 0.05224609 0.3637695 0.04980469 0.3574219 0.07617188 0.3496094 0.09619141 0.3293457 0.06835938 0.3188477 0.08349609 0.3969727 0.05224609 0.3969727 0.03369141 0.4313965 0.04931641 0.4233398 0.03173828 0.3969727 0.05224609 0.3637695 0.04980469 0.3969727 0.03369141 0.3728027 0.03222656 0.3574219 0.07617188 0.3293457 0.06835938 0.3637695 0.04980469 0.342041 0.04589844 0.3188477 0.08349609 0.2944336 0.06738281 0.3293457 0.06835938 0.3024902 0.05517578 0.3293457 0.06835938 0.3024902 0.05517578 0.342041 0.04589844 0.3132324 0.03271484 0.3430176 0.1123047 0.3620605 0.1157227 0.3005371 0.1464844 0.361084 0.1660156 0.4980469 0.1147461 0.4741211 0.1015625 0.5009766 0.08691406 0.4868164 0.08447266 0.4360352 0.1660156 0.4521484 0.1132813 0.5019531 0.1450195 0.4980469 0.1147461 0.2937012 0.1181641 0.2946777 0.09716797 0.3251953 0.105957 0.3115234 0.09326172 0.3728027 0.03222656 0.3359375 0.03222656 0.3562012 0.01953125 0.342041 0.04589844 0.6030273 0.1132813 0.6030273 0.09375 0.6396484 0.1123047 0.652832 0.09033203 0.5561523 0.09033203 0.6030273 0.09375 0.5683594 0.1108398 0.6030273 0.1132813 0.652832 0.09033203 0.6030273 0.09375 0.6455078 0.07373047 0.6030273 0.07666016 0.6826172 0.08154297 0.652832 0.09033203 0.671875 0.06054688 0.6455078 0.07373047 0.6030273 0.07666016 0.6030273 0.09375 0.5634766 0.07373047 0.5561523 0.09033203 0.6914063 0.04833984 0.7006836 0.05664063 0.671875 0.06054688 0.6826172 0.08154297 0.6455078 0.07373047 0.6030273 0.07666016 0.6376953 0.04785156 0.6030273 0.05078125 0.671875 0.06054688 0.6455078 0.07373047 0.6601563 0.04296875 0.6376953 0.04785156 0.5141602 0.08496094 0.5307617 0.078125 0.53125 0.1035156 0.5561523 0.09033203 0.6030273 0.05078125 0.6030273 0.07666016 0.5698242 0.04833984 0.5634766 0.07373047 0.5634766 0.07373047 0.5561523 0.09033203 0.5410156 0.06396484 0.5307617 0.078125 0.6782227 0.03662109 0.6914063 0.04833984 0.6601563 0.04296875 0.671875 0.06054688 0.6030273 0.05078125 0.6030273 0.03417969 0.6376953 0.04785156 0.6298828 0.03222656 0.6030273 0.05078125 0.5698242 0.04833984 0.6030273 0.03417969 0.5791016 0.03271484 0.5698242 0.04833984 0.5634766 0.07373047 0.5522461 0.04492188 0.5410156 0.06396484 0.5307617 0.078125 0.5063477 0.06054688 0.5410156 0.06396484 0.5131836 0.05859375 0.5410156 0.06396484 0.5131836 0.05859375 0.5522461 0.04492188 0.5263672 0.03808594 0.7060547 0.1186523 0.6811523 0.1015625 0.7070313 0.1030273 0.6923828 0.09912109 0.4980469 0.1147461 0.5009766 0.08691406 0.53125 0.1035156 0.5141602 0.08496094 0.1906738 0.1157227 0.1906738 0.09375 0.2272949 0.1152344 0.2403564 0.09033203 0.2700195 0.08154297 0.2403564 0.09033203 0.2592773 0.06689453 0.2331543 0.07373047 0.1906738 0.07666016 0.1906738 0.09375 0.151123 0.07373047 0.1434326 0.09033203 0.276123 0.05615234 0.282959 0.06494141 0.2592773 0.06689453 0.2700195 0.08154297 0.1434326 0.09033203 0.1365967 0.1098633 0.1125488 0.08056641 0.1035156 0.09765625 0.2331543 0.07373047 0.1906738 0.07666016 0.2249756 0.05273438 0.1906738 0.05566406 0.2592773 0.06689453 0.2331543 0.07373047 0.2474365 0.04785156 0.2249756 0.05273438 0.1906738 0.05566406 0.1906738 0.07666016 0.1574707 0.05322266 0.151123 0.07373047 0.151123 0.07373047 0.1434326 0.09033203 0.1231079 0.06738281 0.1125488 0.08056641 0.2680664 0.04150391 0.276123 0.05615234 0.2474365 0.04785156 0.2592773 0.06689453 0.1906738 0.05566406 0.1906738 0.0390625 0.2249756 0.05273438 0.2171631 0.03710938 0.1906738 0.05566406 0.1574707 0.05322266 0.1906738 0.0390625 0.166626 0.03759766 0.1574707 0.05322266 0.151123 0.07373047 0.1358643 0.04882813 0.1231079 0.06738281 0.2937012 0.1181641 0.2687988 0.1044922 0.2946777 0.09716797 0.2805176 0.09863281 0.1365967 0.1098633 0.1556396 0.1137695 0.1262207 0.1625977 0.1796875 0.1625977 0.1262207 0.1625977 0.1174316 0.2241211 0.1811523 0.2241211 0.8095703 0.1157227 0.8095703 0.09667969 0.8461914 0.1142578 0.859375 0.09326172 0.762207 0.09326172 0.8095703 0.09667969 0.7744141 0.1137695 0.8095703 0.1157227 0.859375 0.09326172 0.8095703 0.09667969 0.8520508 0.07519531 0.8095703 0.07958984 0.8886719 0.07958984 0.859375 0.09326172 0.878418 0.06689453 0.8520508 0.07519531 0.8095703 0.07958984 0.8095703 0.05566406 0.8520508 0.07519531 0.84375 0.05273438 0.8520508 0.07519531 0.84375 0.05273438 0.878418 0.06689453 0.8662109 0.04785156 0.7246094 0.1015625 0.7314453 0.08056641 0.737793 0.105957 0.762207 0.09326172 0.7700195 0.07519531 0.762207 0.09326172 0.7421875 0.06738281 0.7314453 0.08056641 0.8095703 0.05566406 0.8095703 0.0390625 0.84375 0.05273438 0.8359375 0.03710938 0.8095703 0.05566406 0.7763672 0.05322266 0.8095703 0.0390625 0.7856445 0.03759766 0.7700195 0.07519531 0.7421875 0.06738281 0.7763672 0.05322266 0.7573242 0.04882813 0.7314453 0.08056641 0.7172852 0.06396484 0.7421875 0.06738281 0.7255859 0.05224609 0.7421875 0.06738281 0.7255859 0.05224609 0.7573242 0.04882813 0.7412109 0.03173828 0.7114258 0.1494141 0.7553711 0.1108398 0.7792969 0.1625977 0.7744141 0.1137695 0.8334961 0.1625977 0.8461914 0.1142578 0.8989258 0.1411133 0.8647461 0.1118164 0.8647461 0.1118164 0.8994141 0.09570313 0.8989258 0.1411133 0.9296875 0.09667969 0.7060547 0.1186523 0.7070313 0.1030273 0.737793 0.105957 0.7246094 0.1015625 0.09307861 0.1645508 0.1262207 0.1625977 0.1113281 0.2241211 0.1174316 0.2241211 0.7734375 0.732666 0.7915039 0.7023926 0.8662109 0.7404785 0.8691406 0.7307129 0.9433594 0.6994629 0.9414063 0.7075195 0.8745117 0.6816406 0.8740234 0.6867676 0.8740234 0.6867676 0.9414063 0.7075195 0.8725586 0.6955566 0.9394531 0.715332 0.8725586 0.6955566 0.9394531 0.715332 0.871582 0.7038574 0.9370117 0.7233887 0.871582 0.7038574 0.9370117 0.7233887 0.8691406 0.7138672 0.9355469 0.7287598 0.984375 0.7380371 0.9838867 0.7475586 0.9355469 0.7287598 0.934082 0.7409668 0.9838867 0.7475586 0.9848633 0.7506104 0.934082 0.7409668 0.9316406 0.7497559 0.9848633 0.7506104 0.9838867 0.7557373 0.9316406 0.7497559 0.9257813 0.753418 0.9433594 0.6994629 0.9985352 0.7248535 0.9414063 0.7075195 0.9946289 0.7282715 0.9414063 0.7075195 0.9946289 0.7282715 0.9394531 0.715332 0.9907227 0.7319336 0.9394531 0.715332 0.9907227 0.7319336 0.9370117 0.7233887 0.9887695 0.7346191 0.9370117 0.7233887 0.9887695 0.7346191 0.9355469 0.7287598 0.984375 0.7380371 0.7856445 0.5056152 0.7573242 0.4960938 0.8183594 0.4482422 0.7553711 0.4487305 0.8183594 0.4482422 0.7548828 0.3886719 0.8183594 0.3886719 0.7548828 0.3886719 0.7548828 0.3295898 0.8183594 0.3295898 0.7602539 0.2241211 0.824707 0.2241211 0.7163086 0.5854492 0.6914063 0.5895996 0.7138672 0.5539551 0.6914063 0.5493164 0.1245117 0.6584473 0.1580811 0.6945801 0.1241455 0.6945801 0.1497803 0.7353516 0.1067505 0.6584473 0.1241455 0.6945801 0.1066895 0.6945801 0.1067505 0.7353516 0.008262634 0.6721191 0.03659058 0.7353516 0.004451752 0.6945801 0.02124023 0.7353516 0.03952026 0.6721191 0.07073975 0.6721191 0.06274414 0.7353516 0.08892822 0.7353516 0.07073975 0.6721191 0.1066895 0.6945801 0.08892822 0.7353516 0.1067505 0.7353516 0.03659058 0.7353516 0.04943848 0.7463379 0.02119446 0.7353516 0.04177856 0.7463379 0.1174316 0.2241211 0.1811523 0.2241211 0.1174316 0.3295898 0.1811523 0.3295898 0.1174316 0.3295898 0.1174316 0.3886719 0.1811523 0.3886719 0.1174316 0.449707 0.5634766 0.2241211 0.6298828 0.2241211 0.5634766 0.3295898 0.6274414 0.3295898 0.6274414 0.3886719 0.5634766 0.3886719 0.5634766 0.3295898 0.6298828 0.2241211 0.6967773 0.2241211 0.6274414 0.3295898 0.690918 0.3295898 0.690918 0.3886719 0.6274414 0.3886719 0.6274414 0.3295898 0.690918 0.3886719 0.6274414 0.449707 0.690918 0.4482422 0.3061523 0.3886719 0.3723145 0.3295898 0.3723145 0.3886719 0.3669434 0.4462891 0.3723145 0.3886719 0.4360352 0.3295898 0.4360352 0.3886719 0.4360352 0.4472656 0.8823242 0.449707 0.8183594 0.4482422 0.8183594 0.3886719 0.8823242 0.3886719 0.8823242 0.3295898 0.8183594 0.3295898 0.8183594 0.3886719 0.8823242 0.3295898 0.824707 0.2241211 0.8823242 0.2241211 0.9370117 0.2265625 0.8823242 0.3295898 0.9897461 0.3295898 0.9897461 0.2265625 0.1811523 0.449707 0.244873 0.3886719 0.244873 0.449707 0.1811523 0.449707 0.2458496 0.4980469 0.2290039 0.532959 0.1811523 0.3886719 0.244873 0.3886719 0.244873 0.3295898 0.1811523 0.3295898 0.244873 0.2241211 0.1811523 0.2241211 0.5634766 0.3886719 0.5634766 0.449707 0.5 0.449707 0.5 0.3886719 0.5634766 0.3295898 0.5634766 0.3886719 0.5 0.3295898 0.5634766 0.2241211 0.5 0.2241211 0.5634766 0.3886719 0.6274414 0.3886719 0.5634766 0.449707 0.6274414 0.449707 0.6274414 0.5454102 0.5634766 0.449707 0.5634766 0.5893555 0.6274414 0.5893555 0.5664063 0.657959 0.6274414 0.5893555 0.6274414 0.6501465 0.5 0.449707 0.5634766 0.449707 0.5 0.5893555 0.5634766 0.5893555 0.690918 0.4482422 0.7148438 0.4897461 0.690918 0.4892578 0.6914063 0.5493164 0.7148438 0.4897461 0.7255859 0.5163574 0.7138672 0.5539551 0.8188477 0.5895996 0.8183594 0.4482422 0.8823242 0.5864258 0.8823242 0.449707 0.9897461 0.449707 0.9995117 0.5864258 0.8823242 0.449707 0.8823242 0.5864258 0.1174316 0.5864258 -0.002912521 0.5864258 0.1174316 0.449707 0.006969452 0.449707 0.1174316 0.449707 0.1174316 0.3886719 0.006969452 0.3295898 0.1174316 0.3295898 0.2290039 0.5834961 0.1920166 0.5905762 0.2290039 0.532959 0.1811523 0.449707 0.8823242 0.6506348 0.8823242 0.5864258 0.9995117 0.6501465 0.9995117 0.5864258 0.1174316 0.6501465 -0.002912521 0.6501465 0.1174316 0.5864258 -0.002912521 0.5864258 0.3083496 0.6491699 0.3085938 0.6149902 0.3649902 0.6501465 0.3649902 0.5893555 0.4331055 0.657959 0.4360352 0.5893555 0.5 0.6589355 0.5 0.5893555 0.5664063 0.657959 0.5 0.6589355 0.5634766 0.5893555 0.5 0.5893555 0.690918 0.6491699 0.6274414 0.6501465 0.690918 0.6149902 0.6274414 0.5893555 0.690918 0.6149902 0.7553711 0.6218262 0.690918 0.6491699 0.7548828 0.6430664 0.8183594 0.6149902 0.8183594 0.6494141 0.7553711 0.6218262 0.7548828 0.6430664 0.5 0.7053223 0.6503906 0.6696777 0.5 0.6589355 0.6274414 0.6501465 0.5 0.7053223 0.5 0.6589355 0.3522949 0.6696777 0.3649902 0.6501465 0.4331055 0.657959 0.4147949 0.6833496 0.3649902 0.6501465 0.3522949 0.6696777 0.5 0.6589355 0.5 0.6806641 0.4331055 0.657959 0.4147949 0.6833496 0.5 0.6589355 0.5664063 0.657959 0.5 0.6806641 0.5874023 0.6833496 0.5664063 0.657959 0.6274414 0.6501465 0.5874023 0.6833496 0.6503906 0.6696777 0.3081055 0.6491699 0.2851563 0.6994629 0.3522949 0.6696777 0.3288574 0.7050781 0.3081055 0.6491699 0.244873 0.6430664 0.2851563 0.6994629 0.2352295 0.6962891 0.3083496 0.6491699 0.2851563 0.6994629 0.244873 0.6430664 0.2352295 0.6962891 0.3083496 0.6491699 0.3522949 0.6696777 0.2851563 0.6994629 0.3288574 0.7050781 0.4147949 0.6833496 0.3986816 0.7126465 0.3522949 0.6696777 0.3288574 0.7050781 0.5 0.7053223 0.4162598 0.7148438 0.4147949 0.6833496 0.3986816 0.7126465 0.3986816 0.7126465 0.3288574 0.7050781 0.2680664 0.7615967 0.2514648 0.7583008 0.3288574 0.7050781 0.2851563 0.6994629 0.2514648 0.7583008 0.2346191 0.7550049 0.2851563 0.6994629 0.2352295 0.6962891 0.2346191 0.7550049 0.2276611 0.7536621 0.2851563 0.6994629 0.2346191 0.7550049 0.2352295 0.6962891 0.2276611 0.7536621 0.3288574 0.7050781 0.2514648 0.7583008 0.2851563 0.6994629 0.2346191 0.7550049 0.3986816 0.7126465 0.2680664 0.7615967 0.3288574 0.7050781 0.2514648 0.7583008 0.4162598 0.7148438 0.2932129 0.7629395 0.3986816 0.7126465 0.2680664 0.7615967 0.4162598 0.7148438 0.3986816 0.7126465 0.2932129 0.7629395 0.2680664 0.7615967 0.2932129 0.7629395 0.2680664 0.7615967 0.2385254 0.7788086 0.2514648 0.7583008 0.6621094 0.7097168 0.7192383 0.6994629 0.6503906 0.6696777 0.690918 0.6491699 0.690918 0.6491699 0.7192383 0.6994629 0.7548828 0.6430664 0.7524414 0.6962891 0.7524414 0.6962891 0.7192383 0.6994629 0.7548828 0.6430664 0.690918 0.6491699 0.690918 0.6491699 0.7192383 0.6994629 0.6503906 0.6696777 0.6621094 0.7097168 0.6621094 0.7097168 0.6040039 0.7126465 0.6503906 0.6696777 0.5874023 0.6833496 0.6040039 0.7126465 0.5859375 0.7148438 0.5874023 0.6833496 0.5 0.7053223 0.6040039 0.7126465 0.7216797 0.7617188 0.6621094 0.7097168 0.7382813 0.7579346 0.6621094 0.7097168 0.7382813 0.7579346 0.7192383 0.6994629 0.7548828 0.7541504 0.7192383 0.6994629 0.7548828 0.7541504 0.7524414 0.6962891 0.7617188 0.7525635 0.7617188 0.7525635 0.7548828 0.7541504 0.7524414 0.6962891 0.7192383 0.6994629 0.7548828 0.7541504 0.7382813 0.7579346 0.7192383 0.6994629 0.6621094 0.7097168 0.7382813 0.7579346 0.7216797 0.7617188 0.6621094 0.7097168 0.6040039 0.7126465 0.7216797 0.7617188 0.7011719 0.7633057 0.6040039 0.7126465 0.5859375 0.7148438 0.5859375 0.7148438 0.7011719 0.7633057 0.6040039 0.7126465 0.7216797 0.7617188 0.7382813 0.7579346 0.7216797 0.7617188 0.7543945 0.7783203 0.7011719 0.7633057 0.2768555 0.5454102 0.3120117 0.5527344 0.2607422 0.5834961 0.2978516 0.5905762 0.2768555 0.5454102 0.2607422 0.532959 0.3120117 0.5527344 0.2944336 0.4863281 0.8183594 0.4482422 0.8188477 0.5895996 0.7856445 0.5056152 0.7978516 0.5854492 0.769043 0.9636536 0.7983398 0.938385 0.7768555 0.9746094 0.8066406 0.9254761 0.8066406 0.9254761 0.7905273 0.9757996 0.7983398 0.938385 0.7768555 0.9746094 0.824707 0.2241211 0.7602539 0.2241211 0.7792969 0.1625977 0.8334961 0.1625977 0.8095703 0.1157227 0.4980469 0.1147461 0.5493164 0.1074219 0.5019531 0.1450195 0.5683594 0.1108398 0.5673828 0.1660156 0.1142578 0.03710938 0.1358643 0.04882813 0.09442139 0.06884766 0.1231079 0.06738281 0.1125488 0.08056641 0.8662109 0.04785156 0.8930664 0.04003906 0.878418 0.06689453 0.9057617 0.06542969 0.8886719 0.07958984 0.1174316 0.2241211 0.1174316 0.3295898 0.06860352 0.2241211 0.006969452 0.3295898 0.01390076 0.2241211 0.8823242 0.3295898 0.9897461 0.3295898 0.8823242 0.3886719 0.9897461 0.449707 0.8823242 0.449707 0.5 0.3886719 0.5 0.449707 0.4360352 0.3886719 0.5 0.3295898 0.4360352 0.3295898 0.5 0.3295898 0.4360352 0.2241211 0.5 0.2241211 0.2971191 0.449707 0.3669434 0.4462891 0.2944336 0.4863281 0.3649902 0.5454102 0.3120117 0.5527344 0.6914063 0.5493164 0.6274414 0.5454102 0.690918 0.4892578 0.6274414 0.449707 0.690918 0.4482422 0.8188477 0.5895996 0.8823242 0.5864258 0.8183594 0.6149902 0.8823242 0.6506348 0.8183594 0.6494141 0.1811523 0.6491699 0.1174316 0.6501465 0.1811523 0.6149902 0.1174316 0.5864258 0.1920166 0.5905762 0.3288574 0.7050781 0.3986816 0.7126465 0.3522949 0.6696777 0.4162598 0.7148438 0.5 0.7053223 0.5 0.7053223 0.5859375 0.7148438 0.6503906 0.6696777 0.6040039 0.7126465 0.6621094 0.7097168 0.2407227 0.1625977 0.244873 0.2241211 0.1811523 0.2241211 0.1796875 0.1625977 0.1906738 0.1157227 0.3061523 0.2241211 0.3061523 0.3295898 0.244873 0.2241211 0.244873 0.3295898 0.3061523 0.3886719 0.244873 0.3886719 0.2971191 0.449707 0.2944336 0.4863281 0.244873 0.449707 0.244873 0.3886719 0.1434326 0.09033203 0.1906738 0.09375 0.1556396 0.1137695 0.1906738 0.1157227 0.1906738 0.07666016 0.2331543 0.07373047 0.2403564 0.09033203 0.8095703 0.07958984 0.8095703 0.09667969 0.7700195 0.07519531 0.762207 0.09326172 0.7763672 0.05322266 0.8095703 0.05566406 0.8095703 0.07958984 0.9770508 0.9205322 0.9482422 0.960968 0.9873047 0.8729248 0.9047852 0.9879913 0.9482422 0.78479 0.9770508 0.8251953 0.9047852 0.7576904 0.8535156 0.748291 0.7587891 0.78479 0.8022461 0.7576904 0.8535156 0.8729248 0.7294922 0.8251953 0.7192383 0.8729248 0.8535156 0.8729248 0.7294922 0.9205322 0.8535156 0.9974747 0.7587891 0.960968 0.8022461 0.9879913 0.8066406 0.9254761 0.8535156 0.9974747 0.7587891 0.960968 0.8022461 0.9879913 0.9047852 0.9879913 0.9482422 0.960968 0.7294922 0.9205322 0.7192383 0.8729248 0.9770508 0.9205322 0.9873047 0.8729248 0.7294922 0.8251953 0.7587891 0.78479 0.9770508 0.8251953 0.9482422 0.78479 0.8535156 0.748291 0.8022461 0.7576904 0.9047852 0.7576904</float_array>
          <technique_common>
            <accessor source="#TrunkBottom__mPltTreeOakTrunk-texcoord-array" count="1776" stride="2">
              <param name="S" type="float" />
              <param name="T" type="float" />
            </accessor>
          </technique_common>
        </source>
        <vertices id="TrunkBottom__mPltTreeOakTrunk-vertex">
          <input semantic="POSITION" source="#TrunkBottom__mPltTreeOakTrunk-position" />
        </vertices>
        <triangles material="mPltTreeOakTrunk" count="814">
          <input semantic="VERTEX" source="#TrunkBottom__mPltTreeOakTrunk-vertex" offset="0" />
          <input semantic="NORMAL" source="#TrunkBottom__mPltTreeOakTrunk-normal" offset="1" />
          <input semantic="COLOR" source="#TrunkBottom__mPltTreeOakTrunk-color" offset="2" set="0" />
          <input semantic="TEXCOORD" source="#TrunkBottom__mPltTreeOakTrunk-texcoord" offset="3" set="0" />
          <p>0 0 0 0 1 1 1 1 2 2 2 2 3 3 3 3 4 4 4 4 5 5 5 5 6 6 6 6 7 7 7 7 8 8 8 8 9 9 9 9 10 10 10 10 11 11 11 11 12 12 12 12 13 13 13 13 14 14 14 14 15 15 15 15 16 16 16 16 17 17 17 17 18 18 18 18 19 19 19 19 20 20 20 20 21 21 21 21 22 22 22 22 23 23 23 23 24 24 24 24 25 25 25 25 26 26 26 26 27 27 27 27 28 28 28 28 29 29 29 29 30 30 30 30 31 31 31 31 32 32 32 32 33 33 33 33 34 34 34 34 35 35 35 35 36 36 36 36 37 37 37 37 38 38 38 38 39 39 39 39 40 40 40 40 41 41 41 41 42 42 42 42 43 43 43 43 44 44 44 44 45 45 45 45 46 46 46 46 47 47 47 47 48 48 48 48 49 49 49 49 50 50 50 50 51 51 51 51 52 52 52 52 53 53 53 53 54 54 54 54 55 55 55 55 56 56 56 56 57 57 57 57 58 58 58 58 59 59 59 59 60 60 60 60 61 61 61 61 62 62 62 62 63 63 63 63 64 64 64 64 65 65 65 65 66 66 66 66 67 67 67 67 68 68 68 68 69 69 69 69 70 70 70 70 71 71 71 71 72 72 72 72 73 73 73 73 74 74 74 74 75 75 75 75 76 76 76 76 77 77 77 77 78 78 78 78 79 79 79 79 80 80 80 80 81 81 81 81 82 82 82 82 83 83 83 83 84 84 84 84 85 85 85 85 86 86 86 86 87 87 87 87 88 88 88 88 89 89 89 89 90 90 90 90 91 91 91 91 92 92 92 92 93 93 93 93 94 94 94 94 95 95 95 95 96 96 96 96 97 97 97 97 98 98 98 98 99 99 99 99 100 100 100 100 101 101 101 101 102 102 102 102 103 103 103 103 104 104 104 104 105 105 105 105 106 106 106 106 107 107 107 107 108 108 108 108 109 109 109 109 110 110 110 110 111 111 111 111 112 112 112 112 113 113 113 113 114 114 114 114 115 115 115 115 116 116 116 116 117 117 117 117 118 118 118 118 119 119 119 119 120 120 120 120 121 121 121 121 122 122 122 122 123 123 123 123 124 124 124 124 125 125 125 125 126 126 126 126 127 127 127 127 128 128 128 128 129 129 129 129 130 130 130 130 131 131 131 131 132 132 132 132 133 133 133 133 134 134 134 134 135 135 135 135 136 136 136 136 137 137 137 137 138 138 138 138 139 139 139 139 140 140 140 140 141 141 141 141 142 142 142 142 143 143 143 143 144 144 144 144 145 145 145 145 146 146 146 146 147 147 147 147 148 148 148 148 149 149 149 149 150 150 150 150 151 151 151 151 152 152 152 152 153 153 153 153 154 154 154 154 155 155 155 155 156 156 156 156 157 157 157 157 158 158 158 158 159 159 159 159 160 160 160 160 161 161 161 161 162 162 162 162 163 163 163 163 164 164 164 164 165 165 165 165 166 166 166 166 167 167 167 167 168 168 168 168 169 169 169 169 170 170 170 170 171 171 171 171 172 172 172 172 173 173 173 173 174 174 174 174 175 175 175 175 176 176 176 176 177 177 177 177 178 178 178 178 179 179 179 179 180 180 180 180 181 181 181 181 182 182 182 182 183 183 183 183 184 184 184 184 185 185 185 185 186 186 186 186 187 187 187 187 188 188 188 188 189 189 189 189 190 190 190 190 191 191 191 191 192 192 192 192 193 193 193 193 194 194 194 194 195 195 195 195 196 196 196 196 197 197 197 197 198 198 198 198 199 199 199 199 200 200 200 200 201 201 201 201 202 202 202 202 203 203 203 203 204 204 204 204 205 205 205 205 206 206 206 206 207 207 207 207 208 208 208 208 209 209 209 209 210 210 210 210 211 211 211 211 212 212 212 212 213 213 213 213 214 214 214 214 215 215 215 215 216 216 216 216 217 217 217 217 218 218 218 218 219 219 219 219 220 220 220 220 221 221 221 221 222 222 222 222 223 223 223 223 224 224 224 224 225 225 225 225 226 226 226 226 227 227 227 227 228 228 228 228 229 229 229 229 230 230 230 230 231 231 231 231 232 232 232 232 233 233 233 233 234 234 234 234 235 235 235 235 236 236 236 236 237 237 237 237 238 238 238 238 239 239 239 239 240 240 240 240 241 241 241 241 242 242 242 242 243 243 243 243 244 244 244 244 245 245 245 245 246 246 246 246 247 247 247 247 248 248 248 248 249 249 249 249 250 250 250 250 251 251 251 251 252 252 252 252 253 253 253 253 254 254 254 254 255 255 255 255 256 256 256 256 257 257 257 257 258 258 258 258 259 259 259 259 260 260 260 260 261 261 261 261 262 262 262 262 263 263 263 263 264 264 264 264 265 265 265 265 266 266 266 266 267 267 267 267 268 268 268 268 269 269 269 269 270 270 270 270 271 271 271 271 272 272 272 272 273 273 273 273 274 274 274 274 275 275 275 275 276 276 276 276 277 277 277 277 278 278 278 278 279 279 279 279 280 280 280 280 281 281 281 281 282 282 282 282 283 283 283 283 284 284 284 284 285 285 285 285 286 286 286 286 287 287 287 287 288 288 288 288 289 289 289 289 290 290 290 290 291 291 291 291 292 292 292 292 293 293 293 293 294 294 294 294 295 295 295 295 296 296 296 296 297 297 297 297 298 298 298 298 299 299 299 299 300 300 300 300 301 301 301 301 302 302 302 302 303 303 303 303 304 304 304 304 305 305 305 305 306 306 306 306 307 307 307 307 308 308 308 308 309 309 309 309 310 310 310 310 311 311 311 311 312 312 312 312 313 313 313 313 314 314 314 314 315 315 315 315 316 316 316 316 317 317 317 317 318 318 318 318 319 319 319 319 320 320 320 320 321 321 321 321 322 322 322 322 323 323 323 323 324 324 324 324 325 325 325 325 326 326 326 326 327 327 327 327 328 328 328 328 329 329 329 329 330 330 330 330 331 331 331 331 332 332 332 332 333 333 333 333 334 334 334 334 335 335 335 335 336 336 336 336 337 337 337 337 338 338 338 338 339 339 339 339 340 340 340 340 341 341 341 341 342 342 342 342 343 343 343 343 344 344 344 344 345 345 345 345 346 346 346 346 347 347 347 347 348 348 348 348 349 349 349 349 350 350 350 350 351 351 351 351 352 352 352 352 353 353 353 353 354 354 354 354 355 355 355 355 356 356 356 356 357 357 357 357 358 358 358 358 359 359 359 359 360 360 360 360 361 361 361 361 362 362 362 362 363 363 363 363 364 364 364 364 365 365 365 365 366 366 366 366 367 367 367 367 368 368 368 368 369 369 369 369 370 370 370 370 371 371 371 371 372 372 372 372 373 373 373 373 374 374 374 374 375 375 375 375 376 376 376 376 377 377 377 377 378 378 378 378 379 379 379 379 380 380 380 380 381 381 381 381 382 382 382 382 383 383 383 383 384 384 384 384 385 385 385 385 386 386 386 386 387 387 387 387 388 388 388 388 389 389 389 389 390 390 390 390 391 391 391 391 392 392 392 392 393 393 393 393 394 394 394 394 395 395 395 395 396 396 396 396 397 397 397 397 398 398 398 398 399 399 399 399 400 400 400 400 401 401 401 401 402 402 402 402 403 403 403 403 404 404 404 404 405 405 405 405 406 406 406 406 407 407 407 407 408 408 408 408 409 409 409 409 410 410 410 410 411 411 411 411 412 412 412 412 413 413 413 413 414 414 414 414 415 415 415 415 416 416 416 416 417 417 417 417 418 418 418 418 419 419 419 419 420 420 420 420 421 421 421 421 422 422 422 422 423 423 423 423 424 424 424 424 425 425 425 425 426 426 426 426 427 427 427 427 428 428 428 428 429 429 429 429 430 430 430 430 431 431 431 431 432 432 432 432 433 433 433 433 434 434 434 434 435 435 435 435 436 436 436 436 437 437 437 437 438 438 438 438 439 439 439 439 440 440 440 440 441 441 441 441 442 442 442 442 443 443 443 443 444 444 444 444 445 445 445 445 446 446 446 446 447 447 447 447 448 448 448 448 449 449 449 449 450 450 450 450 451 451 451 451 452 452 452 452 453 453 453 453 454 454 454 454 455 455 455 455 456 456 456 456 457 457 457 457 458 458 458 458 459 459 459 459 460 460 460 460 461 461 461 461 462 462 462 462 463 463 463 463 464 464 464 464 465 465 465 465 466 466 466 466 467 467 467 467 468 468 468 468 469 469 469 469 470 470 470 470 471 471 471 471 472 472 472 472 473 473 473 473 474 474 474 474 475 475 475 475 476 476 476 476 477 477 477 477 478 478 478 478 479 479 479 479 480 480 480 480 481 481 481 481 482 482 482 482 483 483 483 483 484 484 484 484 485 485 485 485 486 486 486 486 487 487 487 487 488 488 488 488 489 489 489 489 490 490 490 490 491 491 491 491 492 492 492 492 493 493 493 493 494 494 494 494 495 495 495 495 496 496 496 496 497 497 497 497 498 498 498 498 499 499 499 499 500 500 500 500 501 501 501 501 502 502 502 502 503 503 503 503 504 504 504 504 505 505 505 505 506 506 506 506 507 507 507 507 508 508 508 508 509 509 509 509 510 510 510 510 511 511 511 511 512 512 512 512 513 513 513 513 514 514 514 514 515 515 515 515 516 516 516 516 517 517 517 517 518 518 518 518 519 519 519 519 520 520 520 520 521 521 521 521 522 522 522 522 523 523 523 523 524 524 524 524 525 525 525 525 526 526 526 526 527 527 527 527 528 528 528 528 529 529 529 529 530 530 530 530 531 531 531 531 532 532 532 532 533 533 533 533 534 534 534 534 535 535 535 535 536 536 536 536 537 537 537 537 538 538 538 538 539 539 539 539 540 540 540 540 541 541 541 541 542 542 542 542 543 543 543 543 544 544 544 544 545 545 545 545 546 546 546 546 547 547 547 547 548 548 548 548 549 549 549 549 550 550 550 550 551 551 551 551 552 552 552 552 553 553 553 553 554 554 554 554 555 555 555 555 556 556 556 556 557 557 557 557 558 558 558 558 559 559 559 559 560 560 560 560 561 561 561 561 562 562 562 562 563 563 563 563 564 564 564 564 565 565 565 565 566 566 566 566 567 567 567 567 568 568 568 568 569 569 569 569 570 570 570 570 571 571 571 571 572 572 572 572 573 573 573 573 574 574 574 574 575 575 575 575 576 576 576 576 577 577 577 577 578 578 578 578 579 579 579 579 580 580 580 580 581 581 581 581 582 582 582 582 583 583 583 583 584 584 584 584 585 585 585 585 586 586 586 586 587 587 587 587 588 588 588 588 589 589 589 589 590 590 590 590 591 591 591 591 592 592 592 592 593 593 593 593 594 594 594 594 595 595 595 595 596 596 596 596 597 597 597 597 598 598 598 598 599 599 599 599 600 600 600 600 601 601 601 601 602 602 602 602 603 603 603 603 604 604 604 604 605 605 605 605 606 606 606 606 607 607 607 607 608 608 608 608 609 609 609 609 610 610 610 610 611 611 611 611 612 612 612 612 613 613 613 613 614 614 614 614 615 615 615 615 616 616 616 616 617 617 617 617 618 618 618 618 619 619 619 619 620 620 620 620 621 621 621 621 622 622 622 622 623 623 623 623 624 624 624 624 625 625 625 625 626 626 626 626 627 627 627 627 628 628 628 628 629 629 629 629 630 630 630 630 631 631 631 631 632 632 632 632 633 633 633 633 634 634 634 634 635 635 635 635 636 636 636 636 637 637 637 637 638 638 638 638 639 639 639 639 640 640 640 640 641 641 641 641 642 642 642 642 643 643 643 643 644 644 644 644 645 645 645 645 646 646 646 646 647 647 647 647 648 648 648 648 649 649 649 649 650 650 650 650 651 651 651 651 652 652 652 652 653 653 653 653 654 654 654 654 655 655 655 655 656 656 656 656 657 657 657 657 658 658 658 658 659 659 659 659 660 660 660 660 661 661 661 661 662 662 662 662 663 663 663 663 664 664 664 664 665 665 665 665 666 666 666 666 667 667 667 667 668 668 668 668 669 669 669 669 670 670 670 670 671 671 671 671 672 672 672 672 673 673 673 673 674 674 674 674 675 675 675 675 676 676 676 676 677 677 677 677 678 678 678 678 679 679 679 679 680 680 680 680 681 681 681 681 682 682 682 682 683 683 683 683 684 684 684 684 685 685 685 685 686 686 686 686 687 687 687 687 688 688 688 688 689 689 689 689 690 690 690 690 691 691 691 691 692 692 692 692 693 693 693 693 694 694 694 694 695 695 695 695 696 696 696 696 697 697 697 697 698 698 698 698 698 698 698 698 699 699 699 699 700 700 700 700 699 699 699 699 701 701 701 701 700 700 700 700 700 700 700 700 701 701 701 701 702 702 702 702 701 701 701 701 703 703 703 703 702 702 702 702 702 702 702 702 703 703 703 703 704 704 704 704 705 705 705 705 706 706 706 706 707 707 707 707 705 705 705 705 708 708 708 708 709 709 709 709 708 708 708 708 710 710 710 710 709 709 709 709 711 711 711 711 712 712 712 712 713 713 713 713 713 713 713 713 714 714 714 714 715 715 715 715 714 714 714 714 716 716 716 716 715 715 715 715 717 717 717 717 718 718 718 718 719 719 719 719 718 718 718 718 720 720 720 720 721 721 721 721 720 720 720 720 722 722 722 722 721 721 721 721 723 723 723 723 724 724 724 724 725 725 725 725 725 725 725 725 726 726 726 726 727 727 727 727 726 726 726 726 728 728 728 728 727 727 727 727 729 729 729 729 730 730 730 730 731 731 731 731 732 732 732 732 729 729 729 729 733 733 733 733 734 734 734 734 735 735 735 735 732 732 732 732 736 736 736 736 737 737 737 737 738 738 738 738 738 738 738 738 739 739 739 739 740 740 740 740 741 741 741 741 742 742 742 742 743 743 743 743 744 744 744 744 741 741 741 741 745 745 745 745 746 746 746 746 744 744 744 744 745 745 745 745 747 747 747 747 748 748 748 748 749 749 749 749 747 747 747 747 750 750 750 750 751 751 751 751 750 750 750 750 752 752 752 752 751 751 751 751 753 753 753 753 752 752 752 752 754 754 754 754 755 755 755 755 756 756 756 756 757 757 757 757 755 755 755 755 758 758 758 758 759 759 759 759 758 758 758 758 760 760 760 760 759 759 759 759 761 761 761 761 762 762 762 762 763 763 763 763 764 764 764 764 763 763 763 763 765 765 765 765 766 766 766 766 764 764 764 764 765 765 765 765 767 767 767 767 766 766 766 766 768 768 768 768 769 769 769 769 770 770 770 770 771 771 771 771 772 772 772 772 769 769 769 769 773 773 773 773 774 774 774 774 772 772 772 772 773 773 773 773 775 775 775 775 774 774 774 774 776 776 776 776 777 777 777 777 775 775 775 775 776 776 776 776 778 778 778 778 779 779 779 779 780 780 780 780 781 781 781 781 779 779 779 779 782 782 782 782 783 783 783 783 781 781 781 781 782 782 782 782 784 784 784 784 785 785 785 785 786 786 786 786 787 787 787 787 784 784 784 784 788 788 788 788 789 789 789 789 787 787 787 787 788 788 788 788 790 790 790 790 791 791 791 791 792 792 792 792 793 793 793 793 790 790 790 790 794 794 794 794 795 795 795 795 793 793 793 793 794 794 794 794 796 796 796 796 797 797 797 797 798 798 798 798 796 796 796 796 799 799 799 799 800 800 800 800 799 799 799 799 801 801 801 801 800 800 800 800 802 802 802 802 803 803 803 803 804 804 804 804 804 804 804 804 805 805 805 805 806 806 806 806 805 805 805 805 807 807 807 807 806 806 806 806 808 808 808 808 809 809 809 809 810 810 810 810 811 811 811 811 809 809 809 809 812 812 812 812 813 813 813 813 811 811 811 811 812 812 812 812 814 814 814 814 815 815 815 815 816 816 816 816 815 815 815 815 817 817 817 817 818 818 818 818 817 817 817 817 819 819 819 819 818 818 818 818 820 820 820 820 821 821 821 821 822 822 822 822 820 820 820 820 823 823 823 823 824 824 824 824 823 823 823 823 825 825 825 825 824 824 824 824 826 826 826 826 827 827 827 827 828 828 828 828 829 829 829 829 827 827 827 827 830 830 830 830 831 831 831 831 829 829 829 829 830 830 830 830 832 832 832 832 833 833 833 833 831 831 831 831 834 834 834 834 832 832 832 832 831 831 831 831 835 835 835 835 832 832 832 832 834 834 834 834 836 836 836 836 835 835 835 835 834 834 834 834 837 837 837 837 838 838 838 838 839 839 839 839 840 840 840 840 838 838 838 838 841 841 841 841 842 842 842 842 840 840 840 840 841 841 841 841 843 843 843 843 844 844 844 844 845 845 845 845 846 846 846 846 845 845 845 845 847 847 847 847 848 848 848 848 845 845 845 845 846 846 846 846 849 849 849 849 848 848 848 848 846 846 846 846 850 850 850 850 851 851 851 851 852 852 852 852 853 853 853 853 850 850 850 850 854 854 854 854 850 850 850 850 855 855 855 855 854 854 854 854 854 854 854 854 855 855 855 855 856 856 856 856 857 857 857 857 858 858 858 858 859 859 859 859 860 860 860 860 858 858 858 858 861 861 861 861 858 858 858 858 862 862 862 862 861 861 861 861 863 863 863 863 864 864 864 864 865 865 865 865 864 864 864 864 866 866 866 866 867 867 867 867 868 868 868 868 864 864 864 864 867 867 867 867 869 869 869 869 870 870 870 870 871 871 871 871 870 870 870 870 872 872 872 872 871 871 871 871 873 873 873 873 874 874 874 874 875 875 875 875 874 874 874 874 876 876 876 876 875 875 875 875 877 877 877 877 878 878 878 878 879 879 879 879 878 878 878 878 880 880 880 880 879 879 879 879 881 881 881 881 882 882 882 882 883 883 883 883 882 882 882 882 884 884 884 884 883 883 883 883 885 885 885 885 886 886 886 886 887 887 887 887 886 886 886 886 888 888 888 888 887 887 887 887 889 889 889 889 890 890 890 890 891 891 891 891 890 890 890 890 892 892 892 892 891 891 891 891 893 893 893 893 894 894 894 894 895 895 895 895 894 894 894 894 896 896 896 896 895 895 895 895 897 897 897 897 898 898 898 898 899 899 899 899 898 898 898 898 900 900 900 900 899 899 899 899 900 900 900 900 901 901 901 901 902 902 902 902 901 901 901 901 903 903 903 903 902 902 902 902 904 904 904 904 905 905 905 905 906 906 906 906 905 905 905 905 907 907 907 907 906 906 906 906 908 908 908 908 909 909 909 909 910 910 910 910 911 911 911 911 908 908 908 908 910 910 910 910 911 911 911 911 912 912 912 912 913 913 913 913 912 912 912 912 914 914 914 914 913 913 913 913 915 915 915 915 916 916 916 916 917 917 917 917 916 916 916 916 918 918 918 918 917 917 917 917 919 919 919 919 920 920 920 920 921 921 921 921 920 920 920 920 922 922 922 922 921 921 921 921 923 923 923 923 924 924 924 924 925 925 925 925 924 924 924 924 926 926 926 926 925 925 925 925 927 927 927 927 928 928 928 928 929 929 929 929 928 928 928 928 930 930 930 930 929 929 929 929 931 931 931 931 932 932 932 932 933 933 933 933 932 932 932 932 934 934 934 934 933 933 933 933 935 935 935 935 936 936 936 936 937 937 937 937 936 936 936 936 938 938 938 938 937 937 937 937 939 939 939 939 940 940 940 940 941 941 941 941 940 940 940 940 942 942 942 942 941 941 941 941 943 943 943 943 944 944 944 944 945 945 945 945 944 944 944 944 946 946 946 946 945 945 945 945 947 947 947 947 948 948 948 948 949 949 949 949 948 948 948 948 950 950 950 950 949 949 949 949 951 951 951 951 952 952 952 952 953 953 953 953 952 952 952 952 954 954 954 954 953 953 953 953 955 955 955 955 956 956 956 956 957 957 957 957 956 956 956 956 958 958 958 958 957 957 957 957 959 959 959 959 960 960 960 960 961 961 961 961 960 960 960 960 962 962 962 962 961 961 961 961 963 963 963 963 964 964 964 964 965 965 965 965 964 964 964 964 966 966 966 966 965 965 965 965 967 967 967 967 968 968 968 968 969 969 969 969 968 968 968 968 970 970 970 970 969 969 969 969 971 971 971 971 972 972 972 972 973 973 973 973 972 972 972 972 974 974 974 974 973 973 973 973 975 975 975 975 976 976 976 976 977 977 977 977 976 976 976 976 978 978 978 978 977 977 977 977 979 979 979 979 980 980 980 980 981 981 981 981 980 980 980 980 982 982 982 982 981 981 981 981 983 983 983 983 984 984 984 984 985 985 985 985 984 984 984 984 986 986 986 986 985 985 985 985 987 987 987 987 988 988 988 988 989 989 989 989 988 988 988 988 990 990 990 990 989 989 989 989 991 991 991 991 992 992 992 992 993 993 993 993 992 992 992 992 994 994 994 994 993 993 993 993 995 995 995 995 996 996 996 996 997 997 997 997 996 996 996 996 998 998 998 998 997 997 997 997 999 999 999 999 1000 1000 1000 1000 1001 1001 1001 1001 1000 1000 1000 1000 1002 1002 1002 1002 1001 1001 1001 1001 1003 1003 1003 1003 1004 1004 1004 1004 1005 1005 1005 1005 1004 1004 1004 1004 1006 1006 1006 1006 1005 1005 1005 1005 1007 1007 1007 1007 1008 1008 1008 1008 1009 1009 1009 1009 1008 1008 1008 1008 1010 1010 1010 1010 1009 1009 1009 1009 1011 1011 1011 1011 1012 1012 1012 1012 1013 1013 1013 1013 1012 1012 1012 1012 1014 1014 1014 1014 1013 1013 1013 1013 1015 1015 1015 1015 1016 1016 1016 1016 1017 1017 1017 1017 1016 1016 1016 1016 1018 1018 1018 1018 1017 1017 1017 1017 1019 1019 1019 1019 1020 1020 1020 1020 1021 1021 1021 1021 1020 1020 1020 1020 1022 1022 1022 1022 1021 1021 1021 1021 1023 1023 1023 1023 1024 1024 1024 1024 1025 1025 1025 1025 1024 1024 1024 1024 1026 1026 1026 1026 1025 1025 1025 1025 1027 1027 1027 1027 1028 1028 1028 1028 1029 1029 1029 1029 1028 1028 1028 1028 1030 1030 1030 1030 1029 1029 1029 1029 1031 1031 1031 1031 1032 1032 1032 1032 1033 1033 1033 1033 1032 1032 1032 1032 1034 1034 1034 1034 1033 1033 1033 1033 1035 1035 1035 1035 1036 1036 1036 1036 1037 1037 1037 1037 1036 1036 1036 1036 1035 1035 1035 1035 1038 1038 1038 1038 1039 1039 1039 1039 1040 1040 1040 1040 1041 1041 1041 1041 1040 1040 1040 1040 1042 1042 1042 1042 1041 1041 1041 1041 1043 1043 1043 1043 1044 1044 1044 1044 1045 1045 1045 1045 1044 1044 1044 1044 1046 1046 1046 1046 1045 1045 1045 1045 1047 1047 1047 1047 1048 1048 1048 1048 1049 1049 1049 1049 1048 1048 1048 1048 1050 1050 1050 1050 1049 1049 1049 1049 1051 1051 1051 1051 1052 1052 1052 1052 1053 1053 1053 1053 1052 1052 1052 1052 1054 1054 1054 1054 1053 1053 1053 1053 1055 1055 1055 1055 1056 1056 1056 1056 1057 1057 1057 1057 1056 1056 1056 1056 1058 1058 1058 1058 1057 1057 1057 1057 1059 1059 1059 1059 1060 1060 1060 1060 1061 1061 1061 1061 1060 1060 1060 1060 1062 1062 1062 1062 1061 1061 1061 1061 1063 1063 1063 1063 1064 1064 1064 1064 1065 1065 1065 1065 1064 1064 1064 1064 1066 1066 1066 1066 1065 1065 1065 1065 1067 1067 1067 1067 1068 1068 1068 1068 1069 1069 1069 1069 1068 1068 1068 1068 1070 1070 1070 1070 1069 1069 1069 1069 1071 1071 1071 1071 1072 1072 1072 1072 1073 1073 1073 1073 1072 1072 1072 1072 1074 1074 1074 1074 1073 1073 1073 1073 1075 1075 1075 1075 1076 1076 1076 1076 1077 1077 1077 1077 1076 1076 1076 1076 1078 1078 1078 1078 1077 1077 1077 1077 1079 1079 1079 1079 1080 1080 1080 1080 1081 1081 1081 1081 1080 1080 1080 1080 1082 1082 1082 1082 1081 1081 1081 1081 1083 1083 1083 1083 1084 1084 1084 1084 1085 1085 1085 1085 1084 1084 1084 1084 1086 1086 1086 1086 1085 1085 1085 1085 1087 1087 1087 1087 1088 1088 1088 1088 1089 1089 1089 1089 1088 1088 1088 1088 1090 1090 1090 1090 1089 1089 1089 1089 1091 1091 1091 1091 1092 1092 1092 1092 1093 1093 1093 1093 1092 1092 1092 1092 1094 1094 1094 1094 1093 1093 1093 1093 1095 1095 1095 1095 1096 1096 1096 1096 1097 1097 1097 1097 1096 1096 1096 1096 1098 1098 1098 1098 1097 1097 1097 1097 1099 1099 1099 1099 1100 1100 1100 1100 1101 1101 1101 1101 1100 1100 1100 1100 1102 1102 1102 1102 1101 1101 1101 1101 1103 1103 1103 1103 1104 1104 1104 1104 1105 1105 1105 1105 1104 1104 1104 1104 1106 1106 1106 1106 1105 1105 1105 1105 1107 1107 1107 1107 1108 1108 1108 1108 1109 1109 1109 1109 1108 1108 1108 1108 1110 1110 1110 1110 1109 1109 1109 1109 1111 1111 1111 1111 1112 1112 1112 1112 1113 1113 1113 1113 1112 1112 1112 1112 1114 1114 1114 1114 1113 1113 1113 1113 1115 1115 1115 1115 1116 1116 1116 1116 1117 1117 1117 1117 1116 1116 1116 1116 1118 1118 1118 1118 1117 1117 1117 1117 1119 1119 1119 1119 1120 1120 1120 1120 1121 1121 1121 1121 1120 1120 1120 1120 1122 1122 1122 1122 1121 1121 1121 1121 1123 1123 1123 1123 1124 1124 1124 1124 1125 1125 1125 1125 1124 1124 1124 1124 1126 1126 1126 1126 1125 1125 1125 1125 1127 1127 1127 1127 1128 1128 1128 1128 1129 1129 1129 1129 1128 1128 1128 1128 1130 1130 1130 1130 1129 1129 1129 1129 1131 1131 1131 1131 1132 1132 1132 1132 1133 1133 1133 1133 1132 1132 1132 1132 1134 1134 1134 1134 1133 1133 1133 1133 1135 1135 1135 1135 1136 1136 1136 1136 1137 1137 1137 1137 1136 1136 1136 1136 1138 1138 1138 1138 1137 1137 1137 1137 1139 1139 1139 1139 1140 1140 1140 1140 1141 1141 1141 1141 1140 1140 1140 1140 1142 1142 1142 1142 1141 1141 1141 1141 1143 1143 1143 1143 1144 1144 1144 1144 1145 1145 1145 1145 1144 1144 1144 1144 1146 1146 1146 1146 1145 1145 1145 1145 1147 1147 1147 1147 1148 1148 1148 1148 1149 1149 1149 1149 1148 1148 1148 1148 1150 1150 1150 1150 1149 1149 1149 1149 1151 1151 1151 1151 1152 1152 1152 1152 1153 1153 1153 1153 1152 1152 1152 1152 1154 1154 1154 1154 1153 1153 1153 1153 1155 1155 1155 1155 1156 1156 1156 1156 1157 1157 1157 1157 1156 1156 1156 1156 1158 1158 1158 1158 1157 1157 1157 1157 1159 1159 1159 1159 1160 1160 1160 1160 1161 1161 1161 1161 1160 1160 1160 1160 1162 1162 1162 1162 1161 1161 1161 1161 1163 1163 1163 1163 1164 1164 1164 1164 1165 1165 1165 1165 1164 1164 1164 1164 1166 1166 1166 1166 1165 1165 1165 1165 1167 1167 1167 1167 1168 1168 1168 1168 1169 1169 1169 1169 1168 1168 1168 1168 1170 1170 1170 1170 1169 1169 1169 1169 1171 1171 1171 1171 1172 1172 1172 1172 1173 1173 1173 1173 1172 1172 1172 1172 1174 1174 1174 1174 1173 1173 1173 1173 1175 1175 1175 1175 1174 1174 1174 1174 1176 1176 1176 1176 1174 1174 1174 1174 1177 1177 1177 1177 1176 1176 1176 1176 1178 1178 1178 1178 1179 1179 1179 1179 1180 1180 1180 1180 1179 1179 1179 1179 1181 1181 1181 1181 1180 1180 1180 1180 1182 1182 1182 1182 1183 1183 1183 1183 1184 1184 1184 1184 1183 1183 1183 1183 1185 1185 1185 1185 1184 1184 1184 1184 1186 1186 1186 1186 1187 1187 1187 1187 1188 1188 1188 1188 1187 1187 1187 1187 1189 1189 1189 1189 1188 1188 1188 1188 1190 1190 1190 1190 1191 1191 1191 1191 1192 1192 1192 1192 1191 1191 1191 1191 1193 1193 1193 1193 1192 1192 1192 1192 1194 1194 1194 1194 1195 1195 1195 1195 1196 1196 1196 1196 1195 1195 1195 1195 1197 1197 1197 1197 1196 1196 1196 1196 1198 1198 1198 1198 1199 1199 1199 1199 1200 1200 1200 1200 1199 1199 1199 1199 1201 1201 1201 1201 1200 1200 1200 1200 1202 1202 1202 1202 1203 1203 1203 1203 1204 1204 1204 1204 1203 1203 1203 1203 1205 1205 1205 1205 1204 1204 1204 1204 1206 1206 1206 1206 1207 1207 1207 1207 1208 1208 1208 1208 1207 1207 1207 1207 1209 1209 1209 1209 1208 1208 1208 1208 1210 1210 1210 1210 1211 1211 1211 1211 1212 1212 1212 1212 1211 1211 1211 1211 1213 1213 1213 1213 1212 1212 1212 1212 1214 1214 1214 1214 1215 1215 1215 1215 1216 1216 1216 1216 1215 1215 1215 1215 1217 1217 1217 1217 1216 1216 1216 1216 1218 1218 1218 1218 1219 1219 1219 1219 1220 1220 1220 1220 1219 1219 1219 1219 1221 1221 1221 1221 1220 1220 1220 1220 1222 1222 1222 1222 1223 1223 1223 1223 1224 1224 1224 1224 1223 1223 1223 1223 1225 1225 1225 1225 1224 1224 1224 1224 1226 1226 1226 1226 1227 1227 1227 1227 1228 1228 1228 1228 1227 1227 1227 1227 1229 1229 1229 1229 1228 1228 1228 1228 1230 1230 1230 1230 1231 1231 1231 1231 1232 1232 1232 1232 1231 1231 1231 1231 1233 1233 1233 1233 1232 1232 1232 1232 1234 1234 1234 1234 1235 1235 1235 1235 1236 1236 1236 1236 1235 1235 1235 1235 1237 1237 1237 1237 1236 1236 1236 1236 1238 1238 1238 1238 1239 1239 1239 1239 1240 1240 1240 1240 1239 1239 1239 1239 1241 1241 1241 1241 1240 1240 1240 1240 1242 1242 1242 1242 1243 1243 1243 1243 1244 1244 1244 1244 1243 1243 1243 1243 1245 1245 1245 1245 1244 1244 1244 1244 1246 1246 1246 1246 1247 1247 1247 1247 1248 1248 1248 1248 1247 1247 1247 1247 1249 1249 1249 1249 1248 1248 1248 1248 1250 1250 1250 1250 1251 1251 1251 1251 1252 1252 1252 1252 1251 1251 1251 1251 1253 1253 1253 1253 1252 1252 1252 1252 1254 1254 1254 1254 1255 1255 1255 1255 1256 1256 1256 1256 1255 1255 1255 1255 1257 1257 1257 1257 1256 1256 1256 1256 1258 1258 1258 1258 1259 1259 1259 1259 1260 1260 1260 1260 1259 1259 1259 1259 1261 1261 1261 1261 1260 1260 1260 1260 1262 1262 1262 1262 1263 1263 1263 1263 1264 1264 1264 1264 1263 1263 1263 1263 1265 1265 1265 1265 1264 1264 1264 1264 1266 1266 1266 1266 1267 1267 1267 1267 1268 1268 1268 1268 1267 1267 1267 1267 1269 1269 1269 1269 1268 1268 1268 1268 1270 1270 1270 1270 1271 1271 1271 1271 1272 1272 1272 1272 1271 1271 1271 1271 1273 1273 1273 1273 1272 1272 1272 1272 1274 1274 1274 1274 1275 1275 1275 1275 1276 1276 1276 1276 1275 1275 1275 1275 1277 1277 1277 1277 1276 1276 1276 1276 1278 1278 1278 1278 1279 1279 1279 1279 1280 1280 1280 1280 1279 1279 1279 1279 1281 1281 1281 1281 1280 1280 1280 1280 1282 1282 1282 1282 1283 1283 1283 1283 1284 1284 1284 1284 1283 1283 1283 1283 1285 1285 1285 1285 1284 1284 1284 1284 1286 1286 1286 1286 1287 1287 1287 1287 1288 1288 1288 1288 1287 1287 1287 1287 1289 1289 1289 1289 1288 1288 1288 1288 1290 1290 1290 1290 1291 1291 1291 1291 1292 1292 1292 1292 1291 1291 1291 1291 1293 1293 1293 1293 1292 1292 1292 1292 1294 1294 1294 1294 1295 1295 1295 1295 1296 1296 1296 1296 1295 1295 1295 1295 1297 1297 1297 1297 1296 1296 1296 1296 1298 1298 1298 1298 1299 1299 1299 1299 1300 1300 1300 1300 1299 1299 1299 1299 1301 1301 1301 1301 1300 1300 1300 1300 1302 1302 1302 1302 1301 1301 1301 1301 1303 1303 1303 1303 1304 1304 1304 1304 1302 1302 1302 1302 1303 1303 1303 1303 1304 1304 1304 1304 1305 1305 1305 1305 1306 1306 1306 1306 1307 1307 1307 1307 1304 1304 1304 1304 1306 1306 1306 1306 1307 1307 1307 1307 1306 1306 1306 1306 1308 1308 1308 1308 1309 1309 1309 1309 1307 1307 1307 1307 1308 1308 1308 1308 1310 1310 1310 1310 1311 1311 1311 1311 1312 1312 1312 1312 1311 1311 1311 1311 1313 1313 1313 1313 1312 1312 1312 1312 1314 1314 1314 1314 1315 1315 1315 1315 1316 1316 1316 1316 1315 1315 1315 1315 1317 1317 1317 1317 1316 1316 1316 1316 1318 1318 1318 1318 1319 1319 1319 1319 1320 1320 1320 1320 1320 1320 1320 1320 1319 1319 1319 1319 1321 1321 1321 1321 1322 1322 1322 1322 1323 1323 1323 1323 1324 1324 1324 1324 1323 1323 1323 1323 1325 1325 1325 1325 1324 1324 1324 1324 1326 1326 1326 1326 1327 1327 1327 1327 1328 1328 1328 1328 1327 1327 1327 1327 1329 1329 1329 1329 1328 1328 1328 1328 1330 1330 1330 1330 1331 1331 1331 1331 1332 1332 1332 1332 1331 1331 1331 1331 1333 1333 1333 1333 1332 1332 1332 1332 1334 1334 1334 1334 1335 1335 1335 1335 1336 1336 1336 1336 1335 1335 1335 1335 1337 1337 1337 1337 1336 1336 1336 1336 1338 1338 1338 1338 1339 1339 1339 1339 1340 1340 1340 1340 1339 1339 1339 1339 1341 1341 1341 1341 1340 1340 1340 1340 1342 1342 1342 1342 1341 1341 1341 1341 1343 1343 1343 1343 1341 1341 1341 1341 1344 1344 1344 1344 1343 1343 1343 1343 1343 1343 1343 1343 1344 1344 1344 1344 1345 1345 1345 1345 1346 1346 1346 1346 1347 1347 1347 1347 1348 1348 1348 1348 1347 1347 1347 1347 1349 1349 1349 1349 1348 1348 1348 1348 1349 1349 1349 1349 1350 1350 1350 1350 1351 1351 1351 1351 1352 1352 1352 1352 1349 1349 1349 1349 1351 1351 1351 1351 1353 1353 1353 1353 1354 1354 1354 1354 1355 1355 1355 1355 1354 1354 1354 1354 1356 1356 1356 1356 1355 1355 1355 1355 1356 1356 1356 1356 1357 1357 1357 1357 1358 1358 1358 1358 1359 1359 1359 1359 1356 1356 1356 1356 1358 1358 1358 1358 1358 1358 1358 1358 1360 1360 1360 1360 1361 1361 1361 1361 1360 1360 1360 1360 1362 1362 1362 1362 1361 1361 1361 1361 1363 1363 1363 1363 1364 1364 1364 1364 1365 1365 1365 1365 1365 1365 1365 1365 1366 1366 1366 1366 1363 1363 1363 1363 1367 1367 1367 1367 1368 1368 1368 1368 1369 1369 1369 1369 1369 1369 1369 1369 1370 1370 1370 1370 1367 1367 1367 1367 1371 1371 1371 1371 1372 1372 1372 1372 1373 1373 1373 1373 1374 1374 1374 1374 1371 1371 1371 1371 1373 1373 1373 1373 1375 1375 1375 1375 1374 1374 1374 1374 1376 1376 1376 1376 1374 1374 1374 1374 1377 1377 1377 1377 1376 1376 1376 1376 1378 1378 1378 1378 1376 1376 1376 1376 1379 1379 1379 1379 1380 1380 1380 1380 1378 1378 1378 1378 1379 1379 1379 1379 1381 1381 1381 1381 1382 1382 1382 1382 1380 1380 1380 1380 1383 1383 1383 1383 1382 1382 1382 1382 1381 1381 1381 1381 1384 1384 1384 1384 1383 1383 1383 1383 1381 1381 1381 1381 1385 1385 1385 1385 1386 1386 1386 1386 1387 1387 1387 1387 1388 1388 1388 1388 1387 1387 1387 1387 1389 1389 1389 1389 1390 1390 1390 1390 1388 1388 1388 1388 1389 1389 1389 1389 1391 1391 1391 1391 1392 1392 1392 1392 1385 1385 1385 1385 1393 1393 1393 1393 1392 1392 1392 1392 1391 1391 1391 1391 1394 1394 1394 1394 1393 1393 1393 1393 1391 1391 1391 1391 1395 1395 1395 1395 1393 1393 1393 1393 1394 1394 1394 1394 1396 1396 1396 1396 1395 1395 1395 1395 1394 1394 1394 1394 1397 1397 1397 1397 1398 1398 1398 1398 1399 1399 1399 1399 1400 1400 1400 1400 1397 1397 1397 1397 1399 1399 1399 1399 1401 1401 1401 1401 1402 1402 1402 1402 1400 1400 1400 1400 1403 1403 1403 1403 1401 1401 1401 1401 1400 1400 1400 1400 1404 1404 1404 1404 1401 1401 1401 1401 1403 1403 1403 1403 1405 1405 1405 1405 1404 1404 1404 1404 1403 1403 1403 1403 1406 1406 1406 1406 1407 1407 1407 1407 1408 1408 1408 1408 1407 1407 1407 1407 1409 1409 1409 1409 1408 1408 1408 1408 1410 1410 1410 1410 1411 1411 1411 1411 1409 1409 1409 1409 1412 1412 1412 1412 1411 1411 1411 1411 1410 1410 1410 1410 1413 1413 1413 1413 1412 1412 1412 1412 1410 1410 1410 1410 1414 1414 1414 1414 1412 1412 1412 1412 1415 1415 1415 1415 1416 1416 1416 1416 1414 1414 1414 1414 1415 1415 1415 1415 1417 1417 1417 1417 1418 1418 1418 1418 1419 1419 1419 1419 1418 1418 1418 1418 1420 1420 1420 1420 1419 1419 1419 1419 1421 1421 1421 1421 1422 1422 1422 1422 1423 1423 1423 1423 1423 1423 1423 1423 1422 1422 1422 1422 1424 1424 1424 1424 1425 1425 1425 1425 1426 1426 1426 1426 1424 1424 1424 1424 1426 1426 1426 1426 1427 1427 1427 1427 1424 1424 1424 1424 1428 1428 1428 1428 1429 1429 1429 1429 1430 1430 1430 1430 1429 1429 1429 1429 1431 1431 1431 1431 1430 1430 1430 1430 1432 1432 1432 1432 1433 1433 1433 1433 1434 1434 1434 1434 1433 1433 1433 1433 1435 1435 1435 1435 1434 1434 1434 1434 1436 1436 1436 1436 1437 1437 1437 1437 1438 1438 1438 1438 1437 1437 1437 1437 1439 1439 1439 1439 1438 1438 1438 1438 1440 1440 1440 1440 1439 1439 1439 1439 1441 1441 1441 1441 1439 1439 1439 1439 1442 1442 1442 1442 1441 1441 1441 1441 1441 1441 1441 1441 1442 1442 1442 1442 1443 1443 1443 1443 1444 1444 1444 1444 1445 1445 1445 1445 1446 1446 1446 1446 1445 1445 1445 1445 1447 1447 1447 1447 1446 1446 1446 1446 1448 1448 1448 1448 1449 1449 1449 1449 1450 1450 1450 1450 1449 1449 1449 1449 1451 1451 1451 1451 1450 1450 1450 1450 1452 1452 1452 1452 1453 1453 1453 1453 1454 1454 1454 1454 1453 1453 1453 1453 1455 1455 1455 1455 1454 1454 1454 1454 1456 1456 1456 1456 1457 1457 1457 1457 1458 1458 1458 1458 1457 1457 1457 1457 1459 1459 1459 1459 1458 1458 1458 1458 1460 1460 1460 1460 1461 1461 1461 1461 1462 1462 1462 1462 1461 1461 1461 1461 1463 1463 1463 1463 1462 1462 1462 1462 1464 1464 1464 1464 1465 1465 1465 1465 1466 1466 1466 1466 1465 1465 1465 1465 1467 1467 1467 1467 1466 1466 1466 1466 1468 1468 1468 1468 1469 1469 1469 1469 1470 1470 1470 1470 1469 1469 1469 1469 1471 1471 1471 1471 1470 1470 1470 1470 1472 1472 1472 1472 1473 1473 1473 1473 1474 1474 1474 1474 1473 1473 1473 1473 1475 1475 1475 1475 1474 1474 1474 1474 1476 1476 1476 1476 1477 1477 1477 1477 1478 1478 1478 1478 1477 1477 1477 1477 1479 1479 1479 1479 1478 1478 1478 1478 1480 1480 1480 1480 1481 1481 1481 1481 1482 1482 1482 1482 1481 1481 1481 1481 1483 1483 1483 1483 1482 1482 1482 1482 1484 1484 1484 1484 1485 1485 1485 1485 1486 1486 1486 1486 1485 1485 1485 1485 1487 1487 1487 1487 1486 1486 1486 1486 1488 1488 1488 1488 1489 1489 1489 1489 1490 1490 1490 1490 1489 1489 1489 1489 1491 1491 1491 1491 1490 1490 1490 1490 1492 1492 1492 1492 1493 1493 1493 1493 1494 1494 1494 1494 1493 1493 1493 1493 1495 1495 1495 1495 1494 1494 1494 1494 1496 1496 1496 1496 1497 1497 1497 1497 1498 1498 1498 1498 1497 1497 1497 1497 1499 1499 1499 1499 1498 1498 1498 1498 1500 1500 1500 1500 1501 1501 1501 1501 1502 1502 1502 1502 1501 1501 1501 1501 1503 1503 1503 1503 1502 1502 1502 1502 1504 1504 1504 1504 1505 1505 1505 1505 1506 1506 1506 1506 1505 1505 1505 1505 1507 1507 1507 1507 1506 1506 1506 1506 1508 1508 1508 1508 1509 1509 1509 1509 1510 1510 1510 1510 1509 1509 1509 1509 1511 1511 1511 1511 1510 1510 1510 1510 1512 1512 1512 1512 1513 1513 1513 1513 1514 1514 1514 1514 1513 1513 1513 1513 1515 1515 1515 1515 1514 1514 1514 1514 1516 1516 1516 1516 1517 1517 1517 1517 1518 1518 1518 1518 1517 1517 1517 1517 1519 1519 1519 1519 1518 1518 1518 1518 1520 1520 1520 1520 1521 1521 1521 1521 1522 1522 1522 1522 1521 1521 1521 1521 1523 1523 1523 1523 1522 1522 1522 1522 1524 1524 1524 1524 1525 1525 1525 1525 1526 1526 1526 1526 1525 1525 1525 1525 1527 1527 1527 1527 1526 1526 1526 1526 1528 1528 1528 1528 1529 1529 1529 1529 1530 1530 1530 1530 1529 1529 1529 1529 1531 1531 1531 1531 1530 1530 1530 1530 1532 1532 1532 1532 1533 1533 1533 1533 1534 1534 1534 1534 1533 1533 1533 1533 1535 1535 1535 1535 1534 1534 1534 1534 1536 1536 1536 1536 1537 1537 1537 1537 1538 1538 1538 1538 1537 1537 1537 1537 1539 1539 1539 1539 1538 1538 1538 1538 1540 1540 1540 1540 1541 1541 1541 1541 1542 1542 1542 1542 1541 1541 1541 1541 1543 1543 1543 1543 1542 1542 1542 1542 1544 1544 1544 1544 1545 1545 1545 1545 1546 1546 1546 1546 1545 1545 1545 1545 1547 1547 1547 1547 1546 1546 1546 1546 1548 1548 1548 1548 1549 1549 1549 1549 1550 1550 1550 1550 1549 1549 1549 1549 1551 1551 1551 1551 1550 1550 1550 1550 1552 1552 1552 1552 1553 1553 1553 1553 1554 1554 1554 1554 1553 1553 1553 1553 1555 1555 1555 1555 1554 1554 1554 1554 1556 1556 1556 1556 1557 1557 1557 1557 1558 1558 1558 1558 1557 1557 1557 1557 1559 1559 1559 1559 1558 1558 1558 1558 1560 1560 1560 1560 1561 1561 1561 1561 1562 1562 1562 1562 1561 1561 1561 1561 1563 1563 1563 1563 1562 1562 1562 1562 1564 1564 1564 1564 1565 1565 1565 1565 1566 1566 1566 1566 1565 1565 1565 1565 1567 1567 1567 1567 1566 1566 1566 1566 1568 1568 1568 1568 1569 1569 1569 1569 1570 1570 1570 1570 1569 1569 1569 1569 1571 1571 1571 1571 1570 1570 1570 1570 1572 1572 1572 1572 1573 1573 1573 1573 1574 1574 1574 1574 1573 1573 1573 1573 1575 1575 1575 1575 1574 1574 1574 1574 1576 1576 1576 1576 1577 1577 1577 1577 1578 1578 1578 1578 1577 1577 1577 1577 1579 1579 1579 1579 1578 1578 1578 1578 1580 1580 1580 1580 1581 1581 1581 1581 1582 1582 1582 1582 1581 1581 1581 1581 1583 1583 1583 1583 1582 1582 1582 1582 1584 1584 1584 1584 1585 1585 1585 1585 1586 1586 1586 1586 1585 1585 1585 1585 1587 1587 1587 1587 1586 1586 1586 1586 1588 1588 1588 1588 1589 1589 1589 1589 1590 1590 1590 1590 1589 1589 1589 1589 1591 1591 1591 1591 1590 1590 1590 1590 1592 1592 1592 1592 1593 1593 1593 1593 1594 1594 1594 1594 1593 1593 1593 1593 1595 1595 1595 1595 1594 1594 1594 1594 1596 1596 1596 1596 1597 1597 1597 1597 1598 1598 1598 1598 1597 1597 1597 1597 1599 1599 1599 1599 1598 1598 1598 1598 1600 1600 1600 1600 1601 1601 1601 1601 1602 1602 1602 1602 1601 1601 1601 1601 1603 1603 1603 1603 1602 1602 1602 1602 1604 1604 1604 1604 1605 1605 1605 1605 1606 1606 1606 1606 1605 1605 1605 1605 1607 1607 1607 1607 1606 1606 1606 1606 1608 1608 1608 1608 1609 1609 1609 1609 1610 1610 1610 1610 1609 1609 1609 1609 1611 1611 1611 1611 1610 1610 1610 1610 1612 1612 1612 1612 1613 1613 1613 1613 1614 1614 1614 1614 1613 1613 1613 1613 1615 1615 1615 1615 1614 1614 1614 1614 1616 1616 1616 1616 1617 1617 1617 1617 1618 1618 1618 1618 1617 1617 1617 1617 1619 1619 1619 1619 1618 1618 1618 1618 1620 1620 1620 1620 1621 1621 1621 1621 1622 1622 1622 1622 1621 1621 1621 1621 1623 1623 1623 1623 1622 1622 1622 1622 1624 1624 1624 1624 1625 1625 1625 1625 1626 1626 1626 1626 1625 1625 1625 1625 1627 1627 1627 1627 1626 1626 1626 1626 1628 1628 1628 1628 1629 1629 1629 1629 1630 1630 1630 1630 1629 1629 1629 1629 1631 1631 1631 1631 1630 1630 1630 1630 1632 1632 1632 1632 1633 1633 1633 1633 1634 1634 1634 1634 1633 1633 1633 1633 1635 1635 1635 1635 1634 1634 1634 1634 1636 1636 1636 1636 1637 1637 1637 1637 1638 1638 1638 1638 1636 1636 1636 1636 1639 1639 1639 1639 1637 1637 1637 1637 1640 1640 1640 1640 1641 1641 1641 1641 1642 1642 1642 1642 1642 1642 1642 1642 1641 1641 1641 1641 1643 1643 1643 1643 1644 1644 1644 1644 1645 1645 1645 1645 1646 1646 1646 1646 1647 1647 1647 1647 1644 1644 1644 1644 1646 1646 1646 1646 1648 1648 1648 1648 1647 1647 1647 1647 1646 1646 1646 1646 1649 1649 1649 1649 1650 1650 1650 1650 1651 1651 1651 1651 1650 1650 1650 1650 1652 1652 1652 1652 1651 1651 1651 1651 1651 1651 1651 1651 1652 1652 1652 1652 1653 1653 1653 1653 1654 1654 1654 1654 1655 1655 1655 1655 1656 1656 1656 1656 1655 1655 1655 1655 1657 1657 1657 1657 1656 1656 1656 1656 1656 1656 1656 1656 1657 1657 1657 1657 1658 1658 1658 1658 1659 1659 1659 1659 1660 1660 1660 1660 1661 1661 1661 1661 1660 1660 1660 1660 1662 1662 1662 1662 1661 1661 1661 1661 1661 1661 1661 1661 1662 1662 1662 1662 1663 1663 1663 1663 1664 1664 1664 1664 1665 1665 1665 1665 1666 1666 1666 1666 1665 1665 1665 1665 1667 1667 1667 1667 1666 1666 1666 1666 1666 1666 1666 1666 1667 1667 1667 1667 1668 1668 1668 1668 1669 1669 1669 1669 1670 1670 1670 1670 1671 1671 1671 1671 1670 1670 1670 1670 1672 1672 1672 1672 1671 1671 1671 1671 1671 1671 1671 1671 1672 1672 1672 1672 1673 1673 1673 1673 1674 1674 1674 1674 1675 1675 1675 1675 1676 1676 1676 1676 1676 1676 1676 1676 1677 1677 1677 1677 1674 1674 1674 1674 1678 1678 1678 1678 1679 1679 1679 1679 1676 1676 1676 1676 1679 1679 1679 1679 1678 1678 1678 1678 1680 1680 1680 1680 1681 1681 1681 1681 1679 1679 1679 1679 1680 1680 1680 1680 1682 1682 1682 1682 1683 1683 1683 1683 1684 1684 1684 1684 1683 1683 1683 1683 1685 1685 1685 1685 1684 1684 1684 1684 1684 1684 1684 1684 1685 1685 1685 1685 1686 1686 1686 1686 1687 1687 1687 1687 1688 1688 1688 1688 1689 1689 1689 1689 1688 1688 1688 1688 1690 1690 1690 1690 1689 1689 1689 1689 1689 1689 1689 1689 1690 1690 1690 1690 1691 1691 1691 1691 1692 1692 1692 1692 1693 1693 1693 1693 1694 1694 1694 1694 1693 1693 1693 1693 1695 1695 1695 1695 1694 1694 1694 1694 1694 1694 1694 1694 1695 1695 1695 1695 1696 1696 1696 1696 1697 1697 1697 1697 1698 1698 1698 1698 1699 1699 1699 1699 1698 1698 1698 1698 1700 1700 1700 1700 1699 1699 1699 1699 1699 1699 1699 1699 1700 1700 1700 1700 1701 1701 1701 1701 1702 1702 1702 1702 1703 1703 1703 1703 1704 1704 1704 1704 1703 1703 1703 1703 1705 1705 1705 1705 1704 1704 1704 1704 1704 1704 1704 1704 1705 1705 1705 1705 1706 1706 1706 1706 1707 1707 1707 1707 1708 1708 1708 1708 1709 1709 1709 1709 1708 1708 1708 1708 1710 1710 1710 1710 1709 1709 1709 1709 1709 1709 1709 1709 1710 1710 1710 1710 1711 1711 1711 1711 1712 1712 1712 1712 1713 1713 1713 1713 1714 1714 1714 1714 1715 1715 1715 1715 1712 1712 1712 1712 1714 1714 1714 1714 1716 1716 1716 1716 1712 1712 1712 1712 1715 1715 1715 1715 1717 1717 1717 1717 1718 1718 1718 1718 1719 1719 1719 1719 1718 1718 1718 1718 1720 1720 1720 1720 1719 1719 1719 1719 1718 1718 1718 1718 1721 1721 1721 1721 1720 1720 1720 1720 1721 1721 1721 1721 1722 1722 1722 1722 1720 1720 1720 1720 1721 1721 1721 1721 1723 1723 1723 1723 1722 1722 1722 1722 1723 1723 1723 1723 1724 1724 1724 1724 1725 1725 1725 1725 1726 1726 1726 1726 1723 1723 1723 1723 1725 1725 1725 1725 1727 1727 1727 1727 1728 1728 1728 1728 1729 1729 1729 1729 1728 1728 1728 1728 1730 1730 1730 1730 1729 1729 1729 1729 1728 1728 1728 1728 1731 1731 1731 1731 1732 1732 1732 1732 1733 1733 1733 1733 1728 1728 1728 1728 1732 1732 1732 1732 1734 1734 1734 1734 1735 1735 1735 1735 1736 1736 1736 1736 1735 1735 1735 1735 1737 1737 1737 1737 1736 1736 1736 1736 1736 1736 1736 1736 1738 1738 1738 1738 1739 1739 1739 1739 1740 1740 1740 1740 1736 1736 1736 1736 1739 1739 1739 1739 1741 1741 1741 1741 1742 1742 1742 1742 1743 1743 1743 1743 1742 1742 1742 1742 1744 1744 1744 1744 1743 1743 1743 1743 1743 1743 1743 1743 1745 1745 1745 1745 1746 1746 1746 1746 1747 1747 1747 1747 1745 1745 1745 1745 1748 1748 1748 1748 1745 1745 1745 1745 1749 1749 1749 1749 1748 1748 1748 1748 1749 1749 1749 1749 1745 1745 1745 1745 1743 1743 1743 1743 1748 1748 1748 1748 1749 1749 1749 1749 1750 1750 1750 1750 1751 1751 1751 1751 1749 1749 1749 1749 1743 1743 1743 1743 1752 1752 1752 1752 1749 1749 1749 1749 1751 1751 1751 1751 1753 1753 1753 1753 1752 1752 1752 1752 1751 1751 1751 1751 1743 1743 1743 1743 1744 1744 1744 1744 1754 1754 1754 1754 1753 1753 1753 1753 1754 1754 1754 1754 1755 1755 1755 1755 1744 1744 1744 1744 1756 1756 1756 1756 1754 1754 1754 1754 1754 1754 1754 1754 1757 1757 1757 1757 1755 1755 1755 1755 1754 1754 1754 1754 1756 1756 1756 1756 1758 1758 1758 1758 1757 1757 1757 1757 1754 1754 1754 1754 1759 1759 1759 1759 1754 1754 1754 1754 1758 1758 1758 1758 1759 1759 1759 1759 1760 1760 1760 1760 1761 1761 1761 1761 1762 1762 1762 1762 1763 1763 1763 1763 1764 1764 1764 1764 1760 1760 1760 1760 1764 1764 1764 1764 1761 1761 1761 1761 1760 1760 1760 1760 1765 1765 1765 1765 1761 1761 1761 1761 1766 1766 1766 1766 1761 1761 1761 1761 1764 1764 1764 1764 1766 1766 1766 1766 1764 1764 1764 1764 1767 1767 1767 1767 1768 1768 1768 1768 1766 1766 1766 1766 1764 1764 1764 1764 1768 1768 1768 1768 1769 1769 1769 1769 1766 1766 1766 1766 1770 1770 1770 1770 1766 1766 1766 1766 1768 1768 1768 1768 1770 1770 1770 1770 1768 1768 1768 1768 1771 1771 1771 1771 1772 1772 1772 1772 1770 1770 1770 1770 1768 1768 1768 1768 1772 1772 1772 1772 1770 1770 1770 1770 1772 1772 1772 1772 1773 1773 1773 1773 1774 1774 1774 1774 1770 1770 1770 1770 1773 1773 1773 1773 1773 1773 1773 1773 1772 1772 1772 1772 1775 1775 1775 1775 </p>
        </triangles>
      </mesh>
    </geometry>
  </library_geometries>
  <library_controllers>
    <controller id="Armature_L01_010__mTreeOakLeaf-mesh">
      <skin source="#L01_010__mTreeOakLeaf-mesh">
        <bind_shape_matrix>1 0 0 0 0 1 0 0 0 0 1 0 0 0 0 1</bind_shape_matrix>
        <source id="L01_010__mTreeOakLeaf-mesh-joint">
          <Name_array id="L01_010__mTreeOakLeaf-mesh-joint-array" count="3">Plant01 Plant02 PlantTop</Name_array>
          <technique_common>
            <accessor source="#L01_010__mTreeOakLeaf-mesh-joint-array" count="3" stride="1">
              <param name="JOINT" type="name" />
            </accessor>
          </technique_common>
        </source>
        <source id="L01_010__mTreeOakLeaf-mesh-inv_bind_matrix">
          <float_array id="L01_010__mTreeOakLeaf-mesh-inv_bind_matrix-array" count="48">5.960466E-08 0.9999998 -2.086162E-07 -14.05227 -2.086162E-07 5.960466E-08 0.9999998 -1.323395E-13 0.9999998 -2.086162E-07 5.960466E-08 -5.250276 0 0 0 1 5.960466E-08 0.9999998 -2.086162E-07 -14.05227 -2.086162E-07 5.960466E-08 0.9999998 -2.091415E-13 0.9999998 -2.086162E-07 5.960466E-08 5.131848 0 0 0 1 5.960466E-08 0.9999998 -2.086162E-07 -20.28943 -2.086162E-07 5.960466E-08 0.9999998 -2.648315E-14 0.9999998 -2.086162E-07 5.960466E-08 -5.263154E-20 0 0 0 1</float_array>
          <technique_common>
            <accessor source="#L01_010__mTreeOakLeaf-mesh-inv_bind_matrix-array" count="3" stride="16">
              <param name="TRANSFORM" type="float4x4" />
            </accessor>
          </technique_common>
        </source>
        <source id="L01_010__mTreeOakLeaf-mesh-weight">
          <float_array id="L01_010__mTreeOakLeaf-mesh-weight-array" count="1">1</float_array>
          <technique_common>
            <accessor source="#L01_010__mTreeOakLeaf-mesh-weight-array" count="1" stride="1">
              <param name="WEIGHT" type="float" />
            </accessor>
          </technique_common>
        </source>
        <joints>
          <input semantic="JOINT" source="#L01_010__mTreeOakLeaf-mesh-joint" />
          <input semantic="INV_BIND_MATRIX" source="#L01_010__mTreeOakLeaf-mesh-inv_bind_matrix" />
        </joints>
        <vertex_weights count="832">
          <input semantic="JOINT" source="#L01_010__mTreeOakLeaf-mesh-joint" offset="0" />
          <input semantic="WEIGHT" source="#L01_010__mTreeOakLeaf-mesh-weight" offset="1" />
          <vcount>1 1 1 1 1 1 1 1 1 1 1 1 1 1 1 1 1 1 1 1 1 1 1 1 1 1 1 1 1 1 1 1 1 1 1 1 1 1 1 1 1 1 1 1 1 1 1 1 1 1 1 1 1 1 1 1 1 1 1 1 1 1 1 1 1 1 1 1 1 1 1 1 1 1 1 1 1 1 1 1 1 1 1 1 1 1 1 1 1 1 1 1 1 1 1 1 1 1 1 1 1 1 1 1 1 1 1 1 1 1 1 1 1 1 1 1 1 1 1 1 1 1 1 1 1 1 1 1 1 1 1 1 1 1 1 1 1 1 1 1 1 1 1 1 1 1 1 1 1 1 1 1 1 1 1 1 1 1 1 1 1 1 1 1 1 1 1 1 1 1 1 1 1 1 1 1 1 1 1 1 1 1 1 1 1 1 1 1 1 1 1 1 1 1 1 1 1 1 1 1 1 1 1 1 1 1 1 1 1 1 1 1 1 1 1 1 1 1 1 1 1 1 1 1 1 1 1 1 1 1 1 1 1 1 1 1 1 1 1 1 1 1 1 1 1 1 1 1 1 1 1 1 1 1 1 1 1 1 1 1 1 1 1 1 1 1 1 1 1 1 1 1 1 1 1 1 1 1 1 1 1 1 1 1 1 1 1 1 1 1 1 1 1 1 1 1 1 1 1 1 1 1 1 1 1 1 1 1 1 1 1 1 1 1 1 1 1 1 1 1 1 1 1 1 1 1 1 1 1 1 1 1 1 1 1 1 1 1 1 1 1 1 1 1 1 1 1 1 1 1 1 1 1 1 1 1 1 1 1 1 1 1 1 1 1 1 1 1 1 1 1 1 1 1 1 1 1 1 1 1 1 1 1 1 1 1 1 1 1 1 1 1 1 1 1 1 1 1 1 1 1 1 1 1 1 1 1 1 1 1 1 1 1 1 1 1 1 1 1 1 1 1 1 1 1 1 1 1 1 1 1 1 1 1 1 1 1 1 1 1 1 1 1 1 1 1 1 1 1 1 1 1 1 1 1 1 1 1 1 1 1 1 1 1 1 1 1 1 1 1 1 1 1 1 1 1 1 1 1 1 1 1 1 1 1 1 1 1 1 1 1 1 1 1 1 1 1 1 1 1 1 1 1 1 1 1 1 1 1 1 1 1 1 1 1 1 1 1 1 1 1 1 1 1 1 1 1 1 1 1 1 1 1 1 1 1 1 1 1 1 1 1 1 1 1 1 1 1 1 1 1 1 1 1 1 1 1 1 1 1 1 1 1 1 1 1 1 1 1 1 1 1 1 1 1 1 1 1 1 1 1 1 1 1 1 1 1 1 1 1 1 1 1 1 1 1 1 1 1 1 1 1 1 1 1 1 1 1 1 1 1 1 1 1 1 1 1 1 1 1 1 1 1 1 1 1 1 1 1 1 1 1 1 1 1 1 1 1 1 1 1 1 1 1 1 1 1 1 1 1 1 1 1 1 1 1 1 1 1 1 1 1 1 1 1 1 1 1 1 1 1 1 1 1 1 1 1 1 1 1 1 1 1 1 1 1 1 1 1 1 1 1 1 1 1 1 1 1 1 1 1 1 1 1 1 1 1 1 1 1 1 1 1 1 1 1 1 1 1 1 1 1 1 1 1 1 1 1 1 1 1 1 1 1 1 1 1 1 1 1 1 1 1 1 1 1 1 1 1 1 1 1 1 1 1 1 1 1 1 1 1 1 1 1 1 1 1 1 1 1 1 1 1 1 1 1 1 1 1 1 1 1 1 1 1 1 1 1 1 1 1 1 1 1 1 1 1 1 1 1 1 1 1 1 1 1 1 1 1 1 1 1 1 1 1 1 1 1 1 1 1 1 1 1 1 1 1 1 1 1 1 1 </vcount>
          <v>0 0 0 0 0 0 0 0 0 0 0 0 0 0 0 0 0 0 0 0 0 0 0 0 0 0 0 0 0 0 0 0 0 0 0 0 0 0 0 0 0 0 0 0 0 0 0 0 0 0 0 0 0 0 0 0 0 0 0 0 0 0 0 0 1 0 1 0 1 0 1 0 1 0 1 0 1 0 1 0 1 0 1 0 1 0 1 0 1 0 1 0 1 0 1 0 1 0 1 0 1 0 1 0 1 0 1 0 1 0 1 0 1 0 1 0 1 0 1 0 1 0 1 0 1 0 1 0 2 0 2 0 2 0 2 0 2 0 2 0 2 0 2 0 2 0 2 0 2 0 2 0 2 0 2 0 2 0 2 0 2 0 2 0 2 0 2 0 2 0 2 0 2 0 2 0 2 0 2 0 2 0 2 0 2 0 2 0 2 0 2 0 2 0 2 0 2 0 2 0 2 0 2 0 2 0 2 0 2 0 2 0 2 0 2 0 2 0 2 0 2 0 2 0 2 0 2 0 2 0 2 0 2 0 2 0 2 0 2 0 2 0 2 0 2 0 2 0 2 0 2 0 2 0 2 0 0 0 0 0 0 0 0 0 0 0 0 0 0 0 0 0 0 0 0 0 0 0 0 0 0 0 0 0 0 0 0 0 0 0 0 0 0 0 0 0 0 0 0 0 0 0 0 0 0 0 0 0 0 0 0 0 0 0 0 0 0 0 0 0 0 0 0 0 0 0 0 0 0 0 0 0 0 0 0 0 1 0 1 0 1 0 1 0 1 0 1 0 1 0 1 0 1 0 1 0 1 0 1 0 1 0 1 0 1 0 1 0 1 0 1 0 1 0 1 0 1 0 1 0 1 0 1 0 2 0 2 0 2 0 2 0 2 0 2 0 2 0 2 0 2 0 2 0 2 0 2 0 2 0 2 0 2 0 2 0 0 0 0 0 0 0 0 0 0 0 0 0 0 0 0 0 0 0 0 0 0 0 0 0 0 0 0 0 0 0 0 0 0 0 0 0 0 0 0 0 0 0 0 0 0 0 0 0 0 0 0 0 0 0 0 0 0 0 0 0 1 0 1 0 1 0 1 0 1 0 1 0 1 0 1 0 1 0 1 0 1 0 1 0 2 0 2 0 2 0 2 0 2 0 2 0 0 0 0 0 0 0 0 0 0 0 0 0 0 0 0 0 0 0 0 0 0 0 0 0 0 0 0 0 0 0 0 0 0 0 0 0 0 0 0 0 0 0 0 0 0 0 0 0 0 0 0 0 0 0 0 0 0 0 0 0 0 0 0 0 0 0 0 0 0 0 0 0 1 0 1 0 1 0 1 0 1 0 1 0 1 0 1 0 1 0 1 0 1 0 1 0 1 0 1 0 1 0 1 0 1 0 1 0 1 0 1 0 1 0 1 0 1 0 1 0 1 0 1 0 1 0 1 0 1 0 1 0 2 0 2 0 2 0 2 0 2 0 2 0 2 0 2 0 2 0 2 0 2 0 2 0 2 0 2 0 2 0 2 0 2 0 2 0 0 0 0 0 0 0 0 0 0 0 0 0 0 0 0 0 0 0 0 0 0 0 0 0 0 0 0 0 0 0 0 0 0 0 0 0 0 0 0 0 0 0 0 0 0 0 0 0 0 0 0 0 0 0 0 0 0 0 0 0 0 0 0 0 0 0 0 0 0 0 0 0 0 0 0 0 0 0 0 0 0 0 0 0 0 0 0 0 0 0 0 0 0 0 0 0 1 0 1 0 1 0 1 0 1 0 1 0 1 0 1 0 1 0 1 0 1 0 1 0 1 0 1 0 1 0 1 0 1 0 1 0 1 0 1 0 1 0 1 0 1 0 1 0 1 0 1 0 1 0 1 0 1 0 1 0 1 0 1 0 1 0 1 0 1 0 1 0 1 0 1 0 1 0 1 0 1 0 1 0 2 0 2 0 2 0 2 0 2 0 2 0 2 0 2 0 2 0 2 0 2 0 2 0 2 0 2 0 2 0 2 0 2 0 2 0 2 0 2 0 2 0 2 0 2 0 2 0 2 0 2 0 2 0 2 0 2 0 2 0 2 0 2 0 2 0 2 0 2 0 2 0 2 0 2 0 2 0 2 0 2 0 2 0 2 0 2 0 2 0 2 0 2 0 2 0 2 0 2 0 2 0 2 0 2 0 2 0 2 0 2 0 2 0 2 0 2 0 2 0 1 0 1 0 1 0 1 0 1 0 1 0 0 0 0 0 0 0 0 0 0 0 0 0 0 0 0 0 0 0 0 0 0 0 0 0 0 0 0 0 0 0 0 0 0 0 0 0 0 0 0 0 0 0 0 0 0 0 0 0 0 0 0 0 0 0 0 0 0 0 0 0 0 0 0 0 0 0 0 0 0 0 0 0 1 0 1 0 1 0 1 0 1 0 1 0 1 0 1 0 1 0 1 0 1 0 1 0 1 0 1 0 1 0 1 0 1 0 1 0 1 0 1 0 1 0 1 0 1 0 1 0 1 0 1 0 1 0 1 0 1 0 1 0 1 0 1 0 1 0 1 0 1 0 1 0 1 0 1 0 1 0 1 0 1 0 1 0 2 0 2 0 2 0 2 0 2 0 2 0 2 0 2 0 2 0 2 0 2 0 2 0 2 0 2 0 2 0 2 0 2 0 2 0 2 0 2 0 2 0 2 0 2 0 2 0 2 0 2 0 2 0 2 0 2 0 2 0 1 0 1 0 1 0 1 0 1 0 1 0 2 0 2 0 2 0 2 0 2 0 2 0 0 0 0 0 0 0 0 0 0 0 0 0 1 0 1 0 1 0 1 0 1 0 1 0 1 0 1 0 1 0 1 0 1 0 1 0 1 0 1 0 1 0 1 0 1 0 1 0 1 0 1 0 1 0 1 0 1 0 1 0 2 0 2 0 2 0 2 0 2 0 2 0 2 0 2 0 2 0 2 0 2 0 2 0 2 0 2 0 2 0 2 0 2 0 2 0 2 0 2 0 2 0 2 0 2 0 2 0 2 0 2 0 2 0 2 0 2 0 2 0 0 0 0 0 0 0 0 0 0 0 0 0 0 0 0 0 0 0 0 0 0 0 0 0 1 0 1 0 1 0 1 0 1 0 1 0 1 0 1 0 1 0 1 0 1 0 1 0 1 0 1 0 1 0 1 0 1 0 1 0 2 0 2 0 2 0 2 0 2 0 2 0 2 0 2 0 2 0 2 0 2 0 2 0 2 0 2 0 2 0 2 0 2 0 2 0 1 0 1 0 1 0 1 0 1 0 1 0 0 0 0 0 0 0 0 0 0 0 0 0 2 0 2 0 2 0 2 0 2 0 2 0 0 0 0 0 0 0 0 0 0 0 0 0 1 0 1 0 1 0 1 0 1 0 1 0 1 0 1 0 1 0 1 0 1 0 1 0 1 0 1 0 1 0 1 0 1 0 1 0 1 0 1 0 1 0 1 0 1 0 1 0 1 0 1 0 1 0 1 0 1 0 1 0 1 0 1 0 1 0 1 0 1 0 1 0 1 0 1 0 1 0 1 0 1 0 1 0 2 0 2 0 2 0 2 0 2 0 2 0 1 0 1 0 1 0 1 0 1 0 1 0 1 0 1 0 1 0 1 0 1 0 1 0 1 0 1 0 1 0 1 0 1 0 1 0 1 0 1 0 1 0 1 0 1 0 1 0 0 0 0 0 0 0 0 0 0 0 0 0 0 0 0 0 0 0 0 0 0 0 0 0 </v>
        </vertex_weights>
      </skin>
    </controller>
    <controller id="Armature_L01_017__mShadowShake-mesh">
      <skin source="#L01_017__mShadowShake-mesh">
        <bind_shape_matrix>1 0 0 0 0 1 0 0 0 0 1 0 0 0 0 1</bind_shape_matrix>
        <source id="L01_017__mShadowShake-mesh-joint">
          <Name_array id="L01_017__mShadowShake-mesh-joint-array" count="3">Plant01 Plant02 PlantTop</Name_array>
          <technique_common>
            <accessor source="#L01_017__mShadowShake-mesh-joint-array" count="3" stride="1">
              <param name="JOINT" type="name" />
            </accessor>
          </technique_common>
        </source>
        <source id="L01_017__mShadowShake-mesh-inv_bind_matrix">
          <float_array id="L01_017__mShadowShake-mesh-inv_bind_matrix-array" count="48">5.960466E-08 0.9999998 -2.086162E-07 -14.05227 -2.086162E-07 5.960466E-08 0.9999998 -1.323395E-13 0.9999998 -2.086162E-07 5.960466E-08 -5.250276 0 0 0 1 5.960466E-08 0.9999998 -2.086162E-07 -14.05227 -2.086162E-07 5.960466E-08 0.9999998 -2.091415E-13 0.9999998 -2.086162E-07 5.960466E-08 5.131848 0 0 0 1 5.960466E-08 0.9999998 -2.086162E-07 -20.28943 -2.086162E-07 5.960466E-08 0.9999998 -2.648315E-14 0.9999998 -2.086162E-07 5.960466E-08 -5.263154E-20 0 0 0 1</float_array>
          <technique_common>
            <accessor source="#L01_017__mShadowShake-mesh-inv_bind_matrix-array" count="3" stride="16">
              <param name="TRANSFORM" type="float4x4" />
            </accessor>
          </technique_common>
        </source>
        <source id="L01_017__mShadowShake-mesh-weight">
          <float_array id="L01_017__mShadowShake-mesh-weight-array" count="1">1</float_array>
          <technique_common>
            <accessor source="#L01_017__mShadowShake-mesh-weight-array" count="1" stride="1">
              <param name="WEIGHT" type="float" />
            </accessor>
          </technique_common>
        </source>
        <joints>
          <input semantic="JOINT" source="#L01_017__mShadowShake-mesh-joint" />
          <input semantic="INV_BIND_MATRIX" source="#L01_017__mShadowShake-mesh-inv_bind_matrix" />
        </joints>
        <vertex_weights count="216">
          <input semantic="JOINT" source="#L01_017__mShadowShake-mesh-joint" offset="0" />
          <input semantic="WEIGHT" source="#L01_017__mShadowShake-mesh-weight" offset="1" />
          <vcount>1 1 1 1 1 1 1 1 1 1 1 1 1 1 1 1 1 1 1 1 1 1 1 1 1 1 1 1 1 1 1 1 1 1 1 1 1 1 1 1 1 1 1 1 1 1 1 1 1 1 1 1 1 1 1 1 1 1 1 1 1 1 1 1 1 1 1 1 1 1 1 1 1 1 1 1 1 1 1 1 1 1 1 1 1 1 1 1 1 1 1 1 1 1 1 1 1 1 1 1 1 1 1 1 1 1 1 1 1 1 1 1 1 1 1 1 1 1 1 1 1 1 1 1 1 1 1 1 1 1 1 1 1 1 1 1 1 1 1 1 1 1 1 1 1 1 1 1 1 1 1 1 1 1 1 1 1 1 1 1 1 1 1 1 1 1 1 1 1 1 1 1 1 1 1 1 1 1 1 1 1 1 1 1 1 1 1 1 1 1 1 1 1 1 1 1 1 1 1 1 1 1 1 1 1 1 1 1 1 1 1 1 1 1 1 1 </vcount>
          <v>0 0 0 0 0 0 0 0 0 0 0 0 1 0 1 0 1 0 1 0 1 0 1 0 1 0 1 0 1 0 1 0 1 0 1 0 1 0 1 0 1 0 1 0 1 0 1 0 2 0 2 0 2 0 2 0 2 0 2 0 2 0 2 0 2 0 2 0 2 0 2 0 2 0 2 0 2 0 2 0 2 0 2 0 2 0 2 0 2 0 2 0 2 0 2 0 2 0 2 0 2 0 2 0 2 0 2 0 2 0 2 0 2 0 2 0 2 0 2 0 2 0 2 0 2 0 2 0 2 0 2 0 0 0 0 0 0 0 0 0 0 0 0 0 1 0 1 0 1 0 1 0 1 0 1 0 0 0 0 0 0 0 0 0 0 0 0 0 2 0 2 0 2 0 2 0 2 0 2 0 2 0 2 0 2 0 2 0 2 0 2 0 0 0 0 0 0 0 0 0 0 0 0 0 1 0 1 0 1 0 1 0 1 0 1 0 2 0 2 0 2 0 2 0 2 0 2 0 0 0 0 0 0 0 0 0 0 0 0 0 0 0 0 0 0 0 0 0 0 0 0 0 2 0 2 0 2 0 2 0 2 0 2 0 2 0 2 0 2 0 2 0 2 0 2 0 2 0 2 0 2 0 2 0 2 0 2 0 2 0 2 0 2 0 2 0 2 0 2 0 1 0 1 0 1 0 1 0 1 0 1 0 1 0 1 0 1 0 1 0 1 0 1 0 1 0 1 0 1 0 1 0 1 0 1 0 0 0 0 0 0 0 0 0 0 0 0 0 1 0 1 0 1 0 1 0 1 0 1 0 1 0 1 0 1 0 1 0 1 0 1 0 1 0 1 0 1 0 1 0 1 0 1 0 0 0 0 0 0 0 0 0 0 0 0 0 1 0 1 0 1 0 1 0 1 0 1 0 0 0 0 0 0 0 0 0 0 0 0 0 0 0 0 0 0 0 0 0 0 0 0 0 </v>
        </vertex_weights>
      </skin>
    </controller>
    <controller id="Armature_LB014__mTreeOakLeafBack-mesh">
      <skin source="#LB014__mTreeOakLeafBack-mesh">
        <bind_shape_matrix>1 0 0 0 0 1 0 0 0 0 1 0 0 0 0 1</bind_shape_matrix>
        <source id="LB014__mTreeOakLeafBack-mesh-joint">
          <Name_array id="LB014__mTreeOakLeafBack-mesh-joint-array" count="3">Plant01 PlantTop Plant02</Name_array>
          <technique_common>
            <accessor source="#LB014__mTreeOakLeafBack-mesh-joint-array" count="3" stride="1">
              <param name="JOINT" type="name" />
            </accessor>
          </technique_common>
        </source>
        <source id="LB014__mTreeOakLeafBack-mesh-inv_bind_matrix">
          <float_array id="LB014__mTreeOakLeafBack-mesh-inv_bind_matrix-array" count="48">5.960466E-08 0.9999998 -2.086162E-07 -14.05227 -2.086162E-07 5.960466E-08 0.9999998 -1.323395E-13 0.9999998 -2.086162E-07 5.960466E-08 -5.250276 0 0 0 1 5.960466E-08 0.9999998 -2.086162E-07 -20.28943 -2.086162E-07 5.960466E-08 0.9999998 -2.648315E-14 0.9999998 -2.086162E-07 5.960466E-08 -5.263154E-20 0 0 0 1 5.960466E-08 0.9999998 -2.086162E-07 -14.05227 -2.086162E-07 5.960466E-08 0.9999998 -2.091415E-13 0.9999998 -2.086162E-07 5.960466E-08 5.131848 0 0 0 1</float_array>
          <technique_common>
            <accessor source="#LB014__mTreeOakLeafBack-mesh-inv_bind_matrix-array" count="3" stride="16">
              <param name="TRANSFORM" type="float4x4" />
            </accessor>
          </technique_common>
        </source>
        <source id="LB014__mTreeOakLeafBack-mesh-weight">
          <float_array id="LB014__mTreeOakLeafBack-mesh-weight-array" count="1">1</float_array>
          <technique_common>
            <accessor source="#LB014__mTreeOakLeafBack-mesh-weight-array" count="1" stride="1">
              <param name="WEIGHT" type="float" />
            </accessor>
          </technique_common>
        </source>
        <joints>
          <input semantic="JOINT" source="#LB014__mTreeOakLeafBack-mesh-joint" />
          <input semantic="INV_BIND_MATRIX" source="#LB014__mTreeOakLeafBack-mesh-inv_bind_matrix" />
        </joints>
        <vertex_weights count="114">
          <input semantic="JOINT" source="#LB014__mTreeOakLeafBack-mesh-joint" offset="0" />
          <input semantic="WEIGHT" source="#LB014__mTreeOakLeafBack-mesh-weight" offset="1" />
          <vcount>1 1 1 1 1 1 1 1 1 1 1 1 1 1 1 1 1 1 1 1 1 1 1 1 1 1 1 1 1 1 1 1 1 1 1 1 1 1 1 1 1 1 1 1 1 1 1 1 1 1 1 1 1 1 1 1 1 1 1 1 1 1 1 1 1 1 1 1 1 1 1 1 1 1 1 1 1 1 1 1 1 1 1 1 1 1 1 1 1 1 1 1 1 1 1 1 1 1 1 1 1 1 1 1 1 1 1 1 1 1 1 1 1 1 </vcount>
          <v>0 0 0 0 0 0 0 0 0 0 0 0 0 0 0 0 0 0 0 0 0 0 0 0 0 0 0 0 0 0 0 0 0 0 0 0 0 0 0 0 0 0 0 0 0 0 0 0 0 0 0 0 0 0 0 0 1 0 1 0 1 0 1 0 1 0 1 0 1 0 1 0 1 0 1 0 1 0 1 0 1 0 1 0 1 0 1 0 1 0 1 0 1 0 1 0 1 0 2 0 2 0 2 0 2 0 2 0 2 0 2 0 2 0 2 0 2 0 2 0 2 0 2 0 2 0 1 0 1 0 1 0 1 0 1 0 1 0 1 0 0 0 0 0 0 0 0 0 0 0 0 0 0 0 2 0 2 0 2 0 2 0 2 0 2 0 2 0 1 0 1 0 1 0 1 0 1 0 1 0 2 0 2 0 2 0 2 0 2 0 2 0 1 0 1 0 1 0 1 0 1 0 1 0 0 0 0 0 0 0 0 0 0 0 0 0 0 0 0 0 0 0 0 0 0 0 0 0 </v>
        </vertex_weights>
      </skin>
    </controller>
    <controller id="Armature_LB030__mShadow-mesh">
      <skin source="#LB030__mShadow-mesh">
        <bind_shape_matrix>1 0 0 0 0 1 0 0 0 0 1 0 0 0 0 1</bind_shape_matrix>
        <source id="LB030__mShadow-mesh-joint">
          <Name_array id="LB030__mShadow-mesh-joint-array" count="2">Base Skl_Root</Name_array>
          <technique_common>
            <accessor source="#LB030__mShadow-mesh-joint-array" count="2" stride="1">
              <param name="JOINT" type="name" />
            </accessor>
          </technique_common>
        </source>
        <source id="LB030__mShadow-mesh-inv_bind_matrix">
          <float_array id="LB030__mShadow-mesh-inv_bind_matrix-array" count="32">5.960466E-08 0.9999998 -2.086162E-07 -3 -2.086162E-07 5.960466E-08 0.9999998 2.664572E-15 0.9999998 -2.086162E-07 5.960466E-08 -7.78211E-21 0 0 0 1 5.960466E-08 0.9999998 -2.086162E-07 0 -2.086162E-07 5.960466E-08 0.9999998 0 0.9999998 -2.086162E-07 5.960466E-08 0 0 0 0 1</float_array>
          <technique_common>
            <accessor source="#LB030__mShadow-mesh-inv_bind_matrix-array" count="2" stride="16">
              <param name="TRANSFORM" type="float4x4" />
            </accessor>
          </technique_common>
        </source>
        <source id="LB030__mShadow-mesh-weight">
          <float_array id="LB030__mShadow-mesh-weight-array" count="1">1</float_array>
          <technique_common>
            <accessor source="#LB030__mShadow-mesh-weight-array" count="1" stride="1">
              <param name="WEIGHT" type="float" />
            </accessor>
          </technique_common>
        </source>
        <joints>
          <input semantic="JOINT" source="#LB030__mShadow-mesh-joint" />
          <input semantic="INV_BIND_MATRIX" source="#LB030__mShadow-mesh-inv_bind_matrix" />
        </joints>
        <vertex_weights count="430">
          <input semantic="JOINT" source="#LB030__mShadow-mesh-joint" offset="0" />
          <input semantic="WEIGHT" source="#LB030__mShadow-mesh-weight" offset="1" />
          <vcount>1 1 1 1 1 1 1 1 1 1 1 1 1 1 1 1 1 1 1 1 1 1 1 1 1 1 1 1 1 1 1 1 1 1 1 1 1 1 1 1 1 1 1 1 1 1 1 1 1 1 1 1 1 1 1 1 1 1 1 1 1 1 1 1 1 1 1 1 1 1 1 1 1 1 1 1 1 1 1 1 1 1 1 1 1 1 1 1 1 1 1 1 1 1 1 1 1 1 1 1 1 1 1 1 1 1 1 1 1 1 1 1 1 1 1 1 1 1 1 1 1 1 1 1 1 1 1 1 1 1 1 1 1 1 1 1 1 1 1 1 1 1 1 1 1 1 1 1 1 1 1 1 1 1 1 1 1 1 1 1 1 1 1 1 1 1 1 1 1 1 1 1 1 1 1 1 1 1 1 1 1 1 1 1 1 1 1 1 1 1 1 1 1 1 1 1 1 1 1 1 1 1 1 1 1 1 1 1 1 1 1 1 1 1 1 1 1 1 1 1 1 1 1 1 1 1 1 1 1 1 1 1 1 1 1 1 1 1 1 1 1 1 1 1 1 1 1 1 1 1 1 1 1 1 1 1 1 1 1 1 1 1 1 1 1 1 1 1 1 1 1 1 1 1 1 1 1 1 1 1 1 1 1 1 1 1 1 1 1 1 1 1 1 1 1 1 1 1 1 1 1 1 1 1 1 1 1 1 1 1 1 1 1 1 1 1 1 1 1 1 1 1 1 1 1 1 1 1 1 1 1 1 1 1 1 1 1 1 1 1 1 1 1 1 1 1 1 1 1 1 1 1 1 1 1 1 1 1 1 1 1 1 1 1 1 1 1 1 1 1 1 1 1 1 1 1 1 1 1 1 1 1 1 1 1 1 1 1 1 1 1 1 1 1 1 1 1 1 1 1 1 1 1 1 1 1 1 1 1 1 1 1 1 1 1 1 1 1 1 1 1 1 1 1 1 1 1 1 1 1 </vcount>
          <v>0 0 0 0 0 0 0 0 0 0 0 0 0 0 0 0 0 0 0 0 0 0 0 0 0 0 0 0 0 0 0 0 0 0 0 0 0 0 0 0 0 0 0 0 0 0 0 0 0 0 0 0 0 0 0 0 0 0 0 0 0 0 0 0 0 0 0 0 0 0 0 0 0 0 0 0 0 0 0 0 0 0 0 0 0 0 0 0 0 0 0 0 0 0 0 0 0 0 0 0 0 0 0 0 0 0 0 0 0 0 0 0 0 0 0 0 0 0 0 0 0 0 0 0 0 0 0 0 0 0 0 0 0 0 0 0 0 0 0 0 0 0 0 0 0 0 0 0 0 0 0 0 0 0 0 0 0 0 0 0 0 0 0 0 0 0 0 0 0 0 0 0 0 0 0 0 0 0 0 0 1 0 1 0 1 0 1 0 1 0 1 0 1 0 1 0 1 0 1 0 1 0 1 0 1 0 1 0 1 0 1 0 1 0 1 0 1 0 1 0 1 0 1 0 1 0 1 0 1 0 1 0 1 0 1 0 1 0 1 0 0 0 0 0 0 0 0 0 0 0 0 0 0 0 0 0 0 0 0 0 0 0 0 0 0 0 0 0 0 0 0 0 0 0 0 0 0 0 0 0 0 0 0 0 0 0 0 0 0 0 0 0 0 0 0 0 0 0 0 0 0 0 0 0 0 0 0 0 0 0 0 0 0 0 0 0 0 0 0 0 0 0 0 0 0 0 0 0 0 0 0 0 0 0 0 0 0 0 0 0 0 0 0 0 0 0 0 0 0 0 0 0 0 0 0 0 0 0 0 0 0 0 0 0 0 0 0 0 0 0 0 0 0 0 0 0 0 0 0 0 0 0 0 0 0 0 0 0 0 0 0 0 1 0 1 0 1 0 1 0 1 0 1 0 1 0 1 0 1 0 1 0 1 0 1 0 1 0 1 0 1 0 1 0 1 0 1 0 1 0 1 0 1 0 1 0 1 0 1 0 1 0 1 0 1 0 1 0 1 0 1 0 1 0 1 0 1 0 1 0 1 0 1 0 1 0 1 0 1 0 1 0 1 0 1 0 1 0 1 0 1 0 1 0 1 0 1 0 1 0 1 0 1 0 1 0 1 0 1 0 1 0 1 0 1 0 1 0 1 0 1 0 1 0 1 0 1 0 1 0 1 0 1 0 1 0 1 0 1 0 1 0 1 0 1 0 1 0 1 0 1 0 1 0 1 0 1 0 1 0 1 0 1 0 1 0 1 0 1 0 1 0 1 0 1 0 1 0 1 0 1 0 1 0 1 0 0 0 0 0 0 0 0 0 0 0 0 0 0 0 0 0 0 0 0 0 0 0 0 0 0 0 0 0 0 0 0 0 0 0 0 0 0 0 0 0 0 0 0 0 0 0 0 0 0 0 0 0 0 0 0 0 0 0 0 0 0 0 0 0 0 0 0 0 0 0 0 0 0 0 0 0 0 0 0 0 0 0 0 0 0 0 0 0 0 0 0 0 0 0 0 0 0 0 0 0 0 0 0 0 0 0 0 0 0 0 0 0 0 0 0 0 0 0 0 0 0 0 0 0 0 0 0 0 0 0 0 0 0 0 0 0 0 0 0 0 0 0 0 0 0 0 0 0 0 0 0 0 0 0 0 0 0 0 0 0 0 0 0 0 0 0 0 0 0 0 0 0 0 0 0 0 0 0 0 0 0 0 0 0 0 0 0 0 0 0 0 0 0 0 0 0 0 0 0 0 0 0 0 0 0 0 0 0 0 0 0 0 0 0 0 0 0 0 0 0 0 0 0 0 0 0 0 0 0 0 0 0 0 0 0 0 0 0 0 0 0 0 0 0 0 0 0 0 0 0 0 0 0 0 0 0 0 0 0 0 0 0 0 0 0 0 0 0 0 0 0 0 0 0 0 0 0 0 0 0 0 0 0 0 </v>
        </vertex_weights>
      </skin>
    </controller>
    <controller id="Armature_ShLeaf_010__mShadowShake-mesh">
      <skin source="#ShLeaf_010__mShadowShake-mesh">
        <bind_shape_matrix>1 0 0 0 0 1 0 0 0 0 1 0 0 0 0 1</bind_shape_matrix>
        <source id="ShLeaf_010__mShadowShake-mesh-joint">
          <Name_array id="ShLeaf_010__mShadowShake-mesh-joint-array" count="3">Plant01 Plant02 PlantTop</Name_array>
          <technique_common>
            <accessor source="#ShLeaf_010__mShadowShake-mesh-joint-array" count="3" stride="1">
              <param name="JOINT" type="name" />
            </accessor>
          </technique_common>
        </source>
        <source id="ShLeaf_010__mShadowShake-mesh-inv_bind_matrix">
          <float_array id="ShLeaf_010__mShadowShake-mesh-inv_bind_matrix-array" count="48">5.960466E-08 0.9999998 -2.086162E-07 -14.05227 -2.086162E-07 5.960466E-08 0.9999998 -1.323395E-13 0.9999998 -2.086162E-07 5.960466E-08 -5.250276 0 0 0 1 5.960466E-08 0.9999998 -2.086162E-07 -14.05227 -2.086162E-07 5.960466E-08 0.9999998 -2.091415E-13 0.9999998 -2.086162E-07 5.960466E-08 5.131848 0 0 0 1 5.960466E-08 0.9999998 -2.086162E-07 -20.28943 -2.086162E-07 5.960466E-08 0.9999998 -2.648315E-14 0.9999998 -2.086162E-07 5.960466E-08 -5.263154E-20 0 0 0 1</float_array>
          <technique_common>
            <accessor source="#ShLeaf_010__mShadowShake-mesh-inv_bind_matrix-array" count="3" stride="16">
              <param name="TRANSFORM" type="float4x4" />
            </accessor>
          </technique_common>
        </source>
        <source id="ShLeaf_010__mShadowShake-mesh-weight">
          <float_array id="ShLeaf_010__mShadowShake-mesh-weight-array" count="1">1</float_array>
          <technique_common>
            <accessor source="#ShLeaf_010__mShadowShake-mesh-weight-array" count="1" stride="1">
              <param name="WEIGHT" type="float" />
            </accessor>
          </technique_common>
        </source>
        <joints>
          <input semantic="JOINT" source="#ShLeaf_010__mShadowShake-mesh-joint" />
          <input semantic="INV_BIND_MATRIX" source="#ShLeaf_010__mShadowShake-mesh-inv_bind_matrix" />
        </joints>
        <vertex_weights count="231">
          <input semantic="JOINT" source="#ShLeaf_010__mShadowShake-mesh-joint" offset="0" />
          <input semantic="WEIGHT" source="#ShLeaf_010__mShadowShake-mesh-weight" offset="1" />
          <vcount>1 1 1 1 1 1 1 1 1 1 1 1 1 1 1 1 1 1 1 1 1 1 1 1 1 1 1 1 1 1 1 1 1 1 1 1 1 1 1 1 1 1 1 1 1 1 1 1 1 1 1 1 1 1 1 1 1 1 1 1 1 1 1 1 1 1 1 1 1 1 1 1 1 1 1 1 1 1 1 1 1 1 1 1 1 1 1 1 1 1 1 1 1 1 1 1 1 1 1 1 1 1 1 1 1 1 1 1 1 1 1 1 1 1 1 1 1 1 1 1 1 1 1 1 1 1 1 1 1 1 1 1 1 1 1 1 1 1 1 1 1 1 1 1 1 1 1 1 1 1 1 1 1 1 1 1 1 1 1 1 1 1 1 1 1 1 1 1 1 1 1 1 1 1 1 1 1 1 1 1 1 1 1 1 1 1 1 1 1 1 1 1 1 1 1 1 1 1 1 1 1 1 1 1 1 1 1 1 1 1 1 1 1 1 1 1 1 1 1 1 1 1 1 1 1 1 1 1 1 1 1 </vcount>
          <v>0 0 0 0 0 0 0 0 0 0 0 0 0 0 0 0 0 0 1 0 1 0 1 0 2 0 2 0 2 0 2 0 2 0 2 0 1 0 1 0 1 0 1 0 1 0 1 0 1 0 1 0 1 0 1 0 1 0 1 0 0 0 0 0 0 0 1 0 1 0 1 0 0 0 0 0 0 0 0 0 0 0 0 0 0 0 0 0 0 0 0 0 0 0 0 0 1 0 1 0 1 0 0 0 0 0 0 0 1 0 1 0 1 0 1 0 1 0 1 0 1 0 1 0 1 0 0 0 0 0 0 0 0 0 0 0 0 0 0 0 0 0 0 0 0 0 0 0 0 0 0 0 0 0 0 0 0 0 0 0 0 0 0 0 0 0 0 0 0 0 0 0 0 0 1 0 1 0 1 0 1 0 1 0 1 0 1 0 1 0 2 0 2 0 2 0 2 0 2 0 2 0 2 0 2 0 2 0 2 0 2 0 2 0 2 0 2 0 2 0 2 0 1 0 1 0 1 0 1 0 1 0 1 0 1 0 1 0 1 0 1 0 1 0 1 0 1 0 1 0 1 0 1 0 1 0 1 0 1 0 1 0 1 0 1 0 1 0 1 0 1 0 1 0 1 0 1 0 1 0 1 0 1 0 1 0 0 0 0 0 0 0 0 0 0 0 0 0 0 0 0 0 1 0 1 0 1 0 1 0 1 0 1 0 1 0 1 0 0 0 0 0 0 0 0 0 0 0 0 0 0 0 0 0 0 0 0 0 0 0 0 0 0 0 0 0 0 0 0 0 0 0 0 0 0 0 0 0 0 0 0 0 0 0 0 0 0 0 0 0 0 0 0 0 0 0 0 0 0 0 0 0 1 0 1 0 1 0 1 0 1 0 1 0 1 0 1 0 0 0 0 0 0 0 0 0 0 0 0 0 0 0 0 0 1 0 1 0 1 0 1 0 1 0 1 0 1 0 1 0 1 0 1 0 1 0 1 0 1 0 1 0 1 0 1 0 1 0 1 0 1 0 1 0 1 0 1 0 1 0 1 0 </v>
        </vertex_weights>
      </skin>
    </controller>
    <controller id="Armature_TrunkBottom__mPltTreeOakTrunk-mesh">
      <skin source="#TrunkBottom__mPltTreeOakTrunk-mesh">
        <bind_shape_matrix>1 0 0 0 0 1 0 0 0 0 1 0 0 0 0 1</bind_shape_matrix>
        <source id="TrunkBottom__mPltTreeOakTrunk-mesh-joint">
          <Name_array id="TrunkBottom__mPltTreeOakTrunk-mesh-joint-array" count="2">Skl_Root Base</Name_array>
          <technique_common>
            <accessor source="#TrunkBottom__mPltTreeOakTrunk-mesh-joint-array" count="2" stride="1">
              <param name="JOINT" type="name" />
            </accessor>
          </technique_common>
        </source>
        <source id="TrunkBottom__mPltTreeOakTrunk-mesh-inv_bind_matrix">
          <float_array id="TrunkBottom__mPltTreeOakTrunk-mesh-inv_bind_matrix-array" count="32">5.960466E-08 0.9999998 -2.086162E-07 0 -2.086162E-07 5.960466E-08 0.9999998 0 0.9999998 -2.086162E-07 5.960466E-08 0 0 0 0 1 5.960466E-08 0.9999998 -2.086162E-07 -3 -2.086162E-07 5.960466E-08 0.9999998 2.664572E-15 0.9999998 -2.086162E-07 5.960466E-08 -7.78211E-21 0 0 0 1</float_array>
          <technique_common>
            <accessor source="#TrunkBottom__mPltTreeOakTrunk-mesh-inv_bind_matrix-array" count="2" stride="16">
              <param name="TRANSFORM" type="float4x4" />
            </accessor>
          </technique_common>
        </source>
        <source id="TrunkBottom__mPltTreeOakTrunk-mesh-weight">
          <float_array id="TrunkBottom__mPltTreeOakTrunk-mesh-weight-array" count="1">1</float_array>
          <technique_common>
            <accessor source="#TrunkBottom__mPltTreeOakTrunk-mesh-weight-array" count="1" stride="1">
              <param name="WEIGHT" type="float" />
            </accessor>
          </technique_common>
        </source>
        <joints>
          <input semantic="JOINT" source="#TrunkBottom__mPltTreeOakTrunk-mesh-joint" />
          <input semantic="INV_BIND_MATRIX" source="#TrunkBottom__mPltTreeOakTrunk-mesh-inv_bind_matrix" />
        </joints>
        <vertex_weights count="1776">
          <input semantic="JOINT" source="#TrunkBottom__mPltTreeOakTrunk-mesh-joint" offset="0" />
          <input semantic="WEIGHT" source="#TrunkBottom__mPltTreeOakTrunk-mesh-weight" offset="1" />
          <vcount>1 1 1 1 1 1 1 1 1 1 1 1 1 1 1 1 1 1 1 1 1 1 1 1 1 1 1 1 1 1 1 1 1 1 1 1 1 1 1 1 1 1 1 1 1 1 1 1 1 1 1 1 1 1 1 1 1 1 1 1 1 1 1 1 1 1 1 1 1 1 1 1 1 1 1 1 1 1 1 1 1 1 1 1 1 1 1 1 1 1 1 1 1 1 1 1 1 1 1 1 1 1 1 1 1 1 1 1 1 1 1 1 1 1 1 1 1 1 1 1 1 1 1 1 1 1 1 1 1 1 1 1 1 1 1 1 1 1 1 1 1 1 1 1 1 1 1 1 1 1 1 1 1 1 1 1 1 1 1 1 1 1 1 1 1 1 1 1 1 1 1 1 1 1 1 1 1 1 1 1 1 1 1 1 1 1 1 1 1 1 1 1 1 1 1 1 1 1 1 1 1 1 1 1 1 1 1 1 1 1 1 1 1 1 1 1 1 1 1 1 1 1 1 1 1 1 1 1 1 1 1 1 1 1 1 1 1 1 1 1 1 1 1 1 1 1 1 1 1 1 1 1 1 1 1 1 1 1 1 1 1 1 1 1 1 1 1 1 1 1 1 1 1 1 1 1 1 1 1 1 1 1 1 1 1 1 1 1 1 1 1 1 1 1 1 1 1 1 1 1 1 1 1 1 1 1 1 1 1 1 1 1 1 1 1 1 1 1 1 1 1 1 1 1 1 1 1 1 1 1 1 1 1 1 1 1 1 1 1 1 1 1 1 1 1 1 1 1 1 1 1 1 1 1 1 1 1 1 1 1 1 1 1 1 1 1 1 1 1 1 1 1 1 1 1 1 1 1 1 1 1 1 1 1 1 1 1 1 1 1 1 1 1 1 1 1 1 1 1 1 1 1 1 1 1 1 1 1 1 1 1 1 1 1 1 1 1 1 1 1 1 1 1 1 1 1 1 1 1 1 1 1 1 1 1 1 1 1 1 1 1 1 1 1 1 1 1 1 1 1 1 1 1 1 1 1 1 1 1 1 1 1 1 1 1 1 1 1 1 1 1 1 1 1 1 1 1 1 1 1 1 1 1 1 1 1 1 1 1 1 1 1 1 1 1 1 1 1 1 1 1 1 1 1 1 1 1 1 1 1 1 1 1 1 1 1 1 1 1 1 1 1 1 1 1 1 1 1 1 1 1 1 1 1 1 1 1 1 1 1 1 1 1 1 1 1 1 1 1 1 1 1 1 1 1 1 1 1 1 1 1 1 1 1 1 1 1 1 1 1 1 1 1 1 1 1 1 1 1 1 1 1 1 1 1 1 1 1 1 1 1 1 1 1 1 1 1 1 1 1 1 1 1 1 1 1 1 1 1 1 1 1 1 1 1 1 1 1 1 1 1 1 1 1 1 1 1 1 1 1 1 1 1 1 1 1 1 1 1 1 1 1 1 1 1 1 1 1 1 1 1 1 1 1 1 1 1 1 1 1 1 1 1 1 1 1 1 1 1 1 1 1 1 1 1 1 1 1 1 1 1 1 1 1 1 1 1 1 1 1 1 1 1 1 1 1 1 1 1 1 1 1 1 1 1 1 1 1 1 1 1 1 1 1 1 1 1 1 1 1 1 1 1 1 1 1 1 1 1 1 1 1 1 1 1 1 1 1 1 1 1 1 1 1 1 1 1 1 1 1 1 1 1 1 1 1 1 1 1 1 1 1 1 1 1 1 1 1 1 1 1 1 1 1 1 1 1 1 1 1 1 1 1 1 1 1 1 1 1 1 1 1 1 1 1 1 1 1 1 1 1 1 1 1 1 1 1 1 1 1 1 1 1 1 1 1 1 1 1 1 1 1 1 1 1 1 1 1 1 1 1 1 1 1 1 1 1 1 1 1 1 1 1 1 1 1 1 1 1 1 1 1 1 1 1 1 1 1 1 1 1 1 1 1 1 1 1 1 1 1 1 1 1 1 1 1 1 1 1 1 1 1 1 1 1 1 1 1 1 1 1 1 1 1 1 1 1 1 1 1 1 1 1 1 1 1 1 1 1 1 1 1 1 1 1 1 1 1 1 1 1 1 1 1 1 1 1 1 1 1 1 1 1 1 1 1 1 1 1 1 1 1 1 1 1 1 1 1 1 1 1 1 1 1 1 1 1 1 1 1 1 1 1 1 1 1 1 1 1 1 1 1 1 1 1 1 1 1 1 1 1 1 1 1 1 1 1 1 1 1 1 1 1 1 1 1 1 1 1 1 1 1 1 1 1 1 1 1 1 1 1 1 1 1 1 1 1 1 1 1 1 1 1 1 1 1 1 1 1 1 1 1 1 1 1 1 1 1 1 1 1 1 1 1 1 1 1 1 1 1 1 1 1 1 1 1 1 1 1 1 1 1 1 1 1 1 1 1 1 1 1 1 1 1 1 1 1 1 1 1 1 1 1 1 1 1 1 1 1 1 1 1 1 1 1 1 1 1 1 1 1 1 1 1 1 1 1 1 1 1 1 1 1 1 1 1 1 1 1 1 1 1 1 1 1 1 1 1 1 1 1 1 1 1 1 1 1 1 1 1 1 1 1 1 1 1 1 1 1 1 1 1 1 1 1 1 1 1 1 1 1 1 1 1 1 1 1 1 1 1 1 1 1 1 1 1 1 1 1 1 1 1 1 1 1 1 1 1 1 1 1 1 1 1 1 1 1 1 1 1 1 1 1 1 1 1 1 1 1 1 1 1 1 1 1 1 1 1 1 1 1 1 1 1 1 1 1 1 1 1 1 1 1 1 1 1 1 1 1 1 1 1 1 1 1 1 1 1 1 1 1 1 1 1 1 1 1 1 1 1 1 1 1 1 1 1 1 1 1 1 1 1 1 1 1 1 1 1 1 1 1 1 1 1 1 1 1 1 1 1 1 1 1 1 1 1 1 1 1 1 1 1 1 1 1 1 1 1 1 1 1 1 1 1 1 1 1 1 1 1 1 1 1 1 1 1 1 1 1 1 1 1 1 1 1 1 1 1 1 1 1 1 1 1 1 1 1 1 1 1 1 1 1 1 1 1 1 1 1 1 1 1 1 1 1 1 1 1 1 1 1 1 1 1 1 1 1 1 1 1 1 1 1 1 1 1 1 1 1 1 1 1 1 1 1 1 1 1 1 1 1 1 1 1 1 1 1 1 1 1 1 1 1 1 1 1 1 1 1 1 1 1 1 1 1 1 1 1 1 1 1 1 1 1 1 1 1 1 1 1 1 1 1 1 1 1 1 1 1 1 1 1 1 1 1 1 1 1 1 1 1 1 1 1 1 1 1 1 1 1 1 1 1 1 1 1 1 1 1 1 1 1 1 1 1 1 1 1 1 1 1 1 1 1 1 1 1 1 1 1 1 1 1 1 1 1 1 1 1 1 1 1 1 1 1 1 1 1 1 1 1 1 1 1 1 1 1 1 1 1 1 1 1 1 1 1 1 1 1 1 1 1 1 1 1 1 1 1 1 1 1 1 1 1 1 1 1 1 1 1 1 1 1 1 1 1 1 1 1 1 1 1 1 1 1 1 1 1 1 1 1 1 1 1 1 1 1 1 1 1 1 1 1 1 1 1 1 1 1 1 1 1 1 1 1 1 1 1 1 1 1 1 1 1 1 1 1 1 1 1 1 1 1 1 1 1 1 1 1 1 1 1 1 1 1 1 1 1 1 1 1 1 1 1 1 1 1 1 1 1 1 1 1 1 1 1 1 1 1 1 1 1 1 1 1 1 1 1 1 1 1 1 1 1 1 1 1 1 1 1 1 1 1 1 1 1 1 1 1 1 1 1 1 1 1 1 1 1 1 1 1 1 1 1 1 1 1 1 1 1 1 1 1 1 1 1 1 1 1 1 1 1 1 1 1 1 1 1 1 1 1 1 1 1 1 1 1 1 1 1 1 1 1 1 1 1 1 1 1 1 1 1 1 1 1 1 1 1 1 1 1 1 1 1 1 1 1 1 1 1 1 1 1 1 1 1 </vcount>
          <v>0 0 0 0 0 0 0 0 0 0 0 0 0 0 0 0 0 0 0 0 0 0 0 0 0 0 0 0 0 0 0 0 0 0 0 0 0 0 0 0 0 0 0 0 0 0 0 0 0 0 0 0 0 0 0 0 0 0 0 0 0 0 0 0 0 0 0 0 0 0 0 0 0 0 0 0 0 0 0 0 0 0 0 0 0 0 0 0 0 0 0 0 0 0 0 0 0 0 0 0 0 0 0 0 0 0 0 0 0 0 0 0 0 0 0 0 0 0 0 0 0 0 0 0 0 0 0 0 0 0 0 0 0 0 0 0 0 0 0 0 0 0 0 0 0 0 0 0 0 0 0 0 0 0 0 0 0 0 0 0 0 0 0 0 0 0 0 0 0 0 0 0 0 0 0 0 0 0 0 0 0 0 0 0 0 0 0 0 0 0 0 0 0 0 0 0 0 0 0 0 0 0 0 0 0 0 0 0 0 0 0 0 0 0 0 0 0 0 0 0 0 0 0 0 0 0 0 0 0 0 0 0 0 0 0 0 0 0 0 0 0 0 0 0 0 0 0 0 0 0 0 0 0 0 0 0 0 0 0 0 0 0 0 0 0 0 0 0 0 0 0 0 0 0 0 0 0 0 0 0 0 0 0 0 0 0 0 0 0 0 0 0 0 0 0 0 0 0 0 0 0 0 0 0 0 0 0 0 0 0 0 0 0 0 0 0 0 0 0 0 0 0 0 0 0 0 0 0 0 0 0 0 0 0 0 0 0 0 0 0 0 0 0 0 0 0 0 0 0 0 0 0 0 0 0 0 0 0 0 0 0 0 0 0 0 0 0 0 0 0 0 0 0 0 0 0 0 0 0 0 0 0 0 0 0 0 0 0 0 0 0 0 0 0 0 0 0 0 0 0 0 0 0 0 0 0 0 0 0 0 0 0 0 0 0 0 0 0 0 0 0 0 0 0 0 0 0 0 0 0 0 0 0 0 0 0 0 0 0 0 0 0 0 0 0 0 0 0 0 0 0 0 0 0 0 0 0 0 0 0 0 0 0 0 0 0 0 0 0 0 0 0 0 0 0 0 0 0 0 0 0 0 0 0 0 0 0 0 0 0 0 0 0 0 0 0 0 0 0 0 0 0 0 0 0 0 0 0 0 0 0 0 0 0 0 0 0 0 0 0 0 0 0 0 0 0 0 0 0 0 0 0 0 0 0 0 0 0 0 0 0 0 0 0 0 0 0 0 0 0 0 0 0 0 0 0 0 0 0 0 0 0 0 0 0 0 0 0 0 0 0 0 0 0 0 0 0 0 0 0 0 0 0 0 0 0 0 0 0 0 0 0 0 0 0 0 0 0 0 0 0 0 0 0 0 0 0 0 0 0 0 0 0 0 0 0 0 0 0 0 0 0 0 0 0 0 0 0 0 0 0 0 0 0 0 0 0 0 0 0 0 0 0 0 0 0 0 0 0 0 0 0 0 0 0 0 0 0 0 0 0 0 0 0 0 0 0 0 0 0 0 0 0 0 0 0 0 0 0 0 0 0 0 0 0 0 0 0 0 0 0 0 0 0 0 0 0 0 0 0 0 0 0 0 0 0 0 0 0 0 0 0 0 0 0 0 0 0 0 0 0 0 0 0 0 0 0 0 0 0 0 0 0 0 0 0 0 0 0 0 0 0 0 0 0 0 0 0 0 0 0 0 0 0 0 0 0 0 0 0 0 0 0 0 0 0 0 0 0 0 0 0 0 0 0 0 0 0 0 0 0 0 0 0 0 0 0 0 0 0 0 0 0 0 0 0 0 0 0 0 0 0 0 0 0 0 0 0 0 0 0 0 0 0 0 0 0 0 0 0 0 0 0 0 0 0 0 0 0 0 0 0 0 0 0 0 0 0 0 0 0 0 0 0 0 0 0 0 0 0 0 0 0 0 0 0 0 0 0 0 0 0 0 0 0 0 0 0 0 0 0 0 0 0 0 0 0 0 0 0 0 0 0 0 0 0 0 0 0 0 0 0 0 0 0 0 0 0 0 0 0 0 0 0 0 0 0 0 0 0 0 0 0 0 0 0 0 0 0 0 0 0 0 0 0 0 0 0 0 0 1 0 1 0 1 0 1 0 1 0 1 0 1 0 1 0 1 0 1 0 1 0 1 0 1 0 1 0 1 0 1 0 1 0 1 0 1 0 1 0 1 0 1 0 1 0 1 0 1 0 1 0 1 0 1 0 1 0 1 0 1 0 1 0 1 0 1 0 1 0 1 0 1 0 1 0 1 0 1 0 1 0 1 0 1 0 1 0 1 0 1 0 1 0 1 0 1 0 1 0 1 0 1 0 1 0 1 0 1 0 1 0 1 0 1 0 1 0 1 0 1 0 1 0 1 0 1 0 1 0 1 0 1 0 1 0 1 0 1 0 1 0 1 0 1 0 1 0 1 0 1 0 1 0 1 0 1 0 1 0 1 0 1 0 1 0 1 0 1 0 1 0 1 0 1 0 1 0 1 0 1 0 1 0 1 0 1 0 1 0 1 0 1 0 1 0 1 0 1 0 1 0 1 0 1 0 1 0 1 0 1 0 1 0 1 0 1 0 1 0 1 0 1 0 1 0 1 0 1 0 1 0 1 0 1 0 1 0 1 0 1 0 1 0 1 0 1 0 1 0 1 0 1 0 1 0 1 0 1 0 1 0 1 0 1 0 1 0 1 0 1 0 1 0 1 0 1 0 1 0 1 0 1 0 1 0 1 0 1 0 1 0 1 0 1 0 1 0 1 0 1 0 1 0 1 0 1 0 1 0 1 0 1 0 1 0 1 0 1 0 1 0 1 0 1 0 1 0 1 0 1 0 1 0 1 0 1 0 1 0 1 0 1 0 1 0 1 0 1 0 1 0 1 0 1 0 1 0 1 0 1 0 1 0 1 0 1 0 1 0 1 0 1 0 1 0 1 0 1 0 1 0 1 0 1 0 1 0 1 0 1 0 1 0 1 0 1 0 1 0 1 0 1 0 1 0 1 0 1 0 1 0 1 0 1 0 1 0 1 0 1 0 1 0 1 0 1 0 1 0 1 0 1 0 1 0 1 0 1 0 1 0 1 0 1 0 1 0 1 0 0 0 0 0 0 0 0 0 0 0 0 0 0 0 0 0 0 0 0 0 0 0 0 0 0 0 0 0 0 0 0 0 0 0 0 0 0 0 0 0 0 0 0 0 0 0 0 0 0 0 0 0 0 0 0 0 0 0 0 0 0 0 0 0 0 0 0 0 0 0 0 0 0 0 0 0 0 0 0 0 0 0 0 0 0 0 0 0 0 0 0 0 1 0 1 0 1 0 1 0 1 0 1 0 1 0 1 0 1 0 1 0 1 0 1 0 1 0 1 0 1 0 1 0 1 0 1 0 1 0 1 0 1 0 1 0 1 0 1 0 1 0 1 0 1 0 1 0 1 0 1 0 1 0 1 0 1 0 1 0 1 0 1 0 1 0 1 0 1 0 1 0 1 0 1 0 1 0 1 0 1 0 1 0 1 0 1 0 1 0 1 0 1 0 1 0 1 0 1 0 1 0 1 0 1 0 1 0 1 0 1 0 1 0 1 0 1 0 1 0 1 0 1 0 1 0 1 0 1 0 1 0 1 0 1 0 1 0 1 0 1 0 1 0 1 0 1 0 1 0 1 0 1 0 1 0 1 0 1 0 1 0 1 0 1 0 1 0 1 0 1 0 1 0 1 0 1 0 1 0 1 0 1 0 1 0 1 0 1 0 1 0 1 0 1 0 1 0 1 0 1 0 1 0 1 0 0 0 0 0 0 0 0 0 0 0 0 0 0 0 0 0 0 0 0 0 0 0 0 0 0 0 0 0 1 0 1 0 1 0 1 0 1 0 1 0 1 0 1 0 1 0 1 0 1 0 1 0 0 0 0 0 0 0 0 0 0 0 0 0 0 0 0 0 0 0 0 0 0 0 0 0 0 0 0 0 0 0 0 0 0 0 0 0 0 0 0 0 0 0 0 0 0 0 0 0 0 0 0 0 0 0 0 0 0 0 0 0 0 0 0 0 0 0 0 0 0 0 0 0 0 0 0 0 0 0 0 0 0 0 0 0 0 0 0 0 0 0 0 0 0 0 0 0 0 0 0 0 0 0 0 0 0 0 0 0 0 0 0 0 0 0 0 0 0 0 0 0 0 0 0 0 0 0 0 0 0 0 0 0 0 0 0 0 0 0 0 0 0 0 0 0 0 0 0 0 0 0 0 0 0 0 0 0 0 0 0 0 0 0 0 0 0 0 0 0 0 0 0 0 0 0 0 0 0 0 0 0 0 0 0 0 0 0 0 0 0 0 0 0 0 0 0 0 0 0 0 0 0 0 0 0 0 0 0 0 0 0 0 0 0 0 0 0 0 0 0 0 0 0 0 0 0 0 0 0 0 0 0 0 0 0 0 0 0 0 0 0 0 0 0 0 0 0 0 0 0 0 0 0 0 0 0 0 0 0 0 0 0 0 0 0 0 0 0 0 0 0 0 0 0 0 0 0 0 0 0 0 0 0 0 0 0 0 0 0 0 0 0 0 0 0 0 0 0 0 0 0 0 0 0 0 0 0 0 0 0 0 0 0 0 0 0 0 0 0 0 0 0 0 0 0 0 0 0 0 0 0 0 0 0 0 0 0 0 0 0 0 0 0 0 0 0 0 0 0 0 0 0 0 0 0 0 0 0 0 0 0 0 0 0 0 0 0 0 0 0 0 0 0 0 0 0 0 0 0 0 0 0 0 0 0 0 0 0 0 0 0 0 0 0 0 0 0 0 0 0 0 0 0 0 0 0 0 0 0 0 0 0 0 0 0 0 0 0 0 0 0 0 0 0 0 0 0 0 0 0 0 0 0 0 0 0 0 0 0 0 0 0 0 0 0 0 0 0 0 0 0 0 0 0 0 0 0 0 0 0 0 0 0 0 0 0 0 0 0 0 0 0 0 0 0 0 0 0 0 0 0 0 0 0 0 0 0 0 0 0 0 0 0 0 0 0 0 0 0 0 0 0 0 0 0 0 0 0 0 0 0 0 0 0 0 0 0 0 0 0 0 0 0 0 0 0 0 0 0 0 0 0 0 0 0 0 0 0 0 0 0 0 0 0 0 0 0 0 0 0 0 0 0 0 0 0 0 0 0 0 0 0 0 0 0 0 0 0 0 0 0 0 0 0 0 0 0 0 0 0 0 0 0 0 0 0 0 0 0 0 0 0 0 0 0 0 0 0 0 0 0 0 0 0 0 0 0 0 0 0 0 0 0 0 0 0 0 0 0 0 0 0 0 0 0 0 0 0 0 0 0 0 0 0 0 0 0 0 0 0 0 0 0 0 0 0 0 0 0 0 0 0 0 0 0 0 0 0 0 0 0 0 0 0 0 0 0 0 0 0 0 0 0 0 0 0 0 0 0 0 0 0 0 0 0 0 0 0 0 0 0 0 0 0 0 0 0 0 0 0 0 0 0 0 0 0 0 0 0 0 0 0 0 0 0 0 0 0 0 0 0 0 0 0 0 0 0 0 0 0 0 0 0 0 0 0 0 0 0 0 0 0 0 0 0 0 0 0 0 0 0 0 0 0 0 0 0 0 0 0 0 0 0 1 0 1 0 1 0 1 0 1 0 1 0 1 0 1 0 1 0 1 0 1 0 1 0 1 0 1 0 1 0 1 0 1 0 1 0 1 0 1 0 1 0 1 0 1 0 1 0 1 0 1 0 1 0 1 0 1 0 1 0 1 0 1 0 1 0 1 0 1 0 1 0 1 0 1 0 1 0 1 0 1 0 1 0 1 0 1 0 1 0 1 0 1 0 1 0 1 0 1 0 1 0 1 0 1 0 1 0 1 0 1 0 1 0 1 0 1 0 1 0 1 0 1 0 1 0 1 0 1 0 1 0 1 0 1 0 1 0 1 0 1 0 1 0 1 0 1 0 1 0 1 0 1 0 1 0 1 0 1 0 1 0 1 0 1 0 1 0 1 0 1 0 1 0 1 0 1 0 1 0 1 0 1 0 1 0 1 0 1 0 1 0 1 0 1 0 1 0 1 0 1 0 1 0 1 0 1 0 1 0 1 0 1 0 1 0 1 0 1 0 1 0 1 0 1 0 1 0 1 0 1 0 1 0 1 0 1 0 1 0 1 0 1 0 1 0 1 0 1 0 1 0 1 0 1 0 1 0 1 0 1 0 1 0 1 0 1 0 1 0 1 0 1 0 1 0 1 0 1 0 1 0 1 0 1 0 1 0 1 0 1 0 1 0 1 0 1 0 1 0 1 0 1 0 1 0 1 0 1 0 1 0 1 0 1 0 1 0 1 0 1 0 1 0 1 0 1 0 1 0 1 0 1 0 1 0 1 0 1 0 1 0 1 0 1 0 1 0 1 0 1 0 1 0 1 0 1 0 1 0 1 0 1 0 1 0 1 0 1 0 1 0 1 0 1 0 1 0 1 0 1 0 1 0 1 0 1 0 1 0 1 0 1 0 1 0 1 0 1 0 1 0 1 0 1 0 1 0 1 0 1 0 1 0 1 0 1 0 1 0 1 0 1 0 1 0 1 0 1 0 1 0 1 0 1 0 1 0 1 0 1 0 1 0 1 0 1 0 1 0 1 0 1 0 1 0 1 0 1 0 1 0 1 0 1 0 1 0 1 0 1 0 1 0 1 0 1 0 1 0 1 0 1 0 1 0 1 0 1 0 1 0 1 0 1 0 1 0 1 0 1 0 1 0 1 0 1 0 1 0 1 0 1 0 1 0 1 0 1 0 1 0 1 0 1 0 1 0 1 0 1 0 1 0 1 0 1 0 1 0 1 0 1 0 1 0 1 0 1 0 1 0 1 0 1 0 1 0 1 0 1 0 1 0 1 0 1 0 1 0 1 0 1 0 1 0 1 0 1 0 1 0 1 0 1 0 1 0 1 0 1 0 1 0 1 0 1 0 1 0 1 0 1 0 1 0 1 0 1 0 1 0 1 0 1 0 1 0 1 0 1 0 1 0 1 0 1 0 1 0 1 0 1 0 1 0 1 0 1 0 1 0 1 0 1 0 1 0 1 0 1 0 1 0 1 0 1 0 1 0 1 0 1 0 1 0 1 0 1 0 1 0 1 0 1 0 1 0 1 0 1 0 1 0 1 0 1 0 1 0 1 0 1 0 1 0 1 0 1 0 1 0 1 0 1 0 1 0 1 0 1 0 1 0 1 0 1 0 1 0 1 0 1 0 1 0 1 0 1 0 1 0 1 0 1 0 1 0 1 0 1 0 1 0 1 0 1 0 1 0 1 0 1 0 1 0 1 0 1 0 1 0 1 0 1 0 1 0 1 0 1 0 0 0 0 0 0 0 0 0 0 0 0 0 0 0 0 0 0 0 0 0 0 0 0 0 0 0 0 0 0 0 0 0 0 0 0 0 0 0 0 0 0 0 0 0 0 0 0 0 0 0 0 0 0 0 0 0 1 0 1 0 1 0 1 0 1 0 1 0 1 0 1 0 1 0 1 0 1 0 1 0 1 0 1 0 1 0 1 0 1 0 1 0 1 0 1 0 1 0 1 0 1 0 1 0 1 0 1 0 1 0 1 0 1 0 1 0 1 0 1 0 1 0 1 0 1 0 1 0 1 0 1 0 1 0 1 0 1 0 1 0 1 0 1 0 1 0 1 0 1 0 1 0 0 0 0 0 0 0 0 0 0 0 1 0 1 0 1 0 1 0 1 0 1 0 1 0 1 0 1 0 1 0 0 0 0 0 0 0 0 0 0 0 0 0 0 0 0 0 0 0 0 0 0 0 0 0 0 0 0 0 0 0 0 0 0 0 0 0 0 0 0 0 0 0 0 0 0 0 0 0 0 0 0 0 0 0 0 0 0 0 0 0 0 0 0 0 0 0 1 0 1 0 1 0 1 0 1 0 1 0 1 0 1 0 1 0 1 0 1 0 1 0 1 0 1 0 1 0 1 0 </v>
        </vertex_weights>
      </skin>
    </controller>
  </library_controllers>
  <library_visual_scenes>
    <visual_scene id="Scene" name="Scene">
      <node id="Armature" name="Armature" type="NODE">
        <matrix sid="transform">1 0 0 0 0 1 0 0 0 0 1 0 0 0 0 1</matrix>
        <node id="Armature_Root" name="Root" sid="Root" type="JOINT">
          <matrix sid="transform">1 0 0 0 0 1 0 0 0 0 1 0 0 0 0 1</matrix>
          <node id="Armature_Skl_Root" name="Skl_Root" sid="Skl_Root" type="JOINT">
            <matrix sid="transform">2.086163E-07 -5.960464E-08 1 0 1 2.086163E-07 -5.960464E-08 0 -5.960464E-08 1 2.086163E-07 0 0 0 0 1</matrix>
            <node id="Armature_Base" name="Base" sid="Base" type="JOINT">
              <matrix sid="transform">1 0 0 3 0 1 0 0 0 0 1 0 0 0 0 1</matrix>
              <node id="Armature_Plant01" name="Plant01" sid="Plant01" type="JOINT">
                <matrix sid="transform">1 0 0 11.05227 0 1 0 0 0 0 1 5.250275 0 0 0 1</matrix>
              </node>
              <node id="Armature_Plant02" name="Plant02" sid="Plant02" type="JOINT">
                <matrix sid="transform">1 0 0 11.05227 0 1 0 0 0 0 1 -5.131848 0 0 0 1</matrix>
              </node>
              <node id="Armature_PlantTop" name="PlantTop" sid="PlantTop" type="JOINT">
                <matrix sid="transform">1 0 0 17.28944 0 1 0 0 0 0 1 0 0 0 0 1</matrix>
              </node>
            </node>
          </node>
        </node>
      </node>
      <node id="L01_010__mTreeOakLeaf" name="L01_010__mTreeOakLeaf" type="NODE">
        <instance_controller url="#Armature_L01_010__mTreeOakLeaf-mesh">
          <skeleton>#Armature_Root</skeleton>
          <bind_material>
            <technique_common>
              <instance_material symbol="mTreeOakLeaf" target="#mTreeOakLeaf" />
              <bind_vertex_input semantic="CHANNEL0" input_semantic="TEXCOORD" input_set="0" />
              <bind_vertex_input semantic="CHANNEL1" input_semantic="TEXCOORD" input_set="1" />
              <bind_vertex_input semantic="CHANNEL2" input_semantic="TEXCOORD" input_set="2" />
            </technique_common>
          </bind_material>
        </instance_controller>
      </node>
      <node id="L01_017__mShadowShake" name="L01_017__mShadowShake" type="NODE">
        <instance_controller url="#Armature_L01_017__mShadowShake-mesh">
          <skeleton>#Armature_Root</skeleton>
          <bind_material>
            <technique_common>
              <instance_material symbol="mShadowShake" target="#mShadowShake" />
              <bind_vertex_input semantic="CHANNEL0" input_semantic="TEXCOORD" input_set="0" />
              <bind_vertex_input semantic="CHANNEL1" input_semantic="TEXCOORD" input_set="1" />
              <bind_vertex_input semantic="CHANNEL2" input_semantic="TEXCOORD" input_set="2" />
            </technique_common>
          </bind_material>
        </instance_controller>
      </node>
      <node id="LB014__mTreeOakLeafBack" name="LB014__mTreeOakLeafBack" type="NODE">
        <instance_controller url="#Armature_LB014__mTreeOakLeafBack-mesh">
          <skeleton>#Armature_Root</skeleton>
          <bind_material>
            <technique_common>
              <instance_material symbol="mTreeOakLeafBack" target="#mTreeOakLeafBack" />
              <bind_vertex_input semantic="CHANNEL0" input_semantic="TEXCOORD" input_set="0" />
              <bind_vertex_input semantic="CHANNEL1" input_semantic="TEXCOORD" input_set="1" />
              <bind_vertex_input semantic="CHANNEL2" input_semantic="TEXCOORD" input_set="2" />
            </technique_common>
          </bind_material>
        </instance_controller>
      </node>
      <node id="LB030__mShadow" name="LB030__mShadow" type="NODE">
        <instance_controller url="#Armature_LB030__mShadow-mesh">
          <skeleton>#Armature_Root</skeleton>
          <bind_material>
            <technique_common>
              <instance_material symbol="mShadow" target="#mShadow" />
              <bind_vertex_input semantic="CHANNEL0" input_semantic="TEXCOORD" input_set="0" />
              <bind_vertex_input semantic="CHANNEL1" input_semantic="TEXCOORD" input_set="1" />
              <bind_vertex_input semantic="CHANNEL2" input_semantic="TEXCOORD" input_set="2" />
            </technique_common>
          </bind_material>
        </instance_controller>
      </node>
      <node id="ShLeaf_010__mShadowShake" name="ShLeaf_010__mShadowShake" type="NODE">
        <instance_controller url="#Armature_ShLeaf_010__mShadowShake-mesh">
          <skeleton>#Armature_Root</skeleton>
          <bind_material>
            <technique_common>
              <instance_material symbol="mShadowShake" target="#mShadowShake" />
              <bind_vertex_input semantic="CHANNEL0" input_semantic="TEXCOORD" input_set="0" />
              <bind_vertex_input semantic="CHANNEL1" input_semantic="TEXCOORD" input_set="1" />
              <bind_vertex_input semantic="CHANNEL2" input_semantic="TEXCOORD" input_set="2" />
            </technique_common>
          </bind_material>
        </instance_controller>
      </node>
      <node id="TrunkBottom__mPltTreeOakTrunk" name="TrunkBottom__mPltTreeOakTrunk" type="NODE">
        <instance_controller url="#Armature_TrunkBottom__mPltTreeOakTrunk-mesh">
          <skeleton>#Armature_Root</skeleton>
          <bind_material>
            <technique_common>
              <instance_material symbol="mPltTreeOakTrunk" target="#mPltTreeOakTrunk" />
              <bind_vertex_input semantic="CHANNEL0" input_semantic="TEXCOORD" input_set="0" />
              <bind_vertex_input semantic="CHANNEL1" input_semantic="TEXCOORD" input_set="1" />
              <bind_vertex_input semantic="CHANNEL2" input_semantic="TEXCOORD" input_set="2" />
            </technique_common>
          </bind_material>
        </instance_controller>
      </node>
    </visual_scene>
  </library_visual_scenes>
  <scene>
    <instance_visual_scene url="#Scene" />
  </scene>
</COLLADA>