<?xml version="1.0" encoding="utf-8"?>
<COLLADA xmlns="http://www.collada.org/2005/11/COLLADASchema" version="1.4.1">
  <asset />
  <library_images>
    <image id="mPltTreeOakLeafColor_Grd">
      <init_from>mPltTreeOakLeafColor_Grd.png</init_from>
    </image>
    <image id="mPltTreeOakTrunkColor_Grd">
      <init_from>mPltTreeOakTrunkColor_Grd.png</init_from>
    </image>
    <image id="mPltTreeOakTrunk_AlbGry">
      <init_from>mPltTreeOakTrunk_AlbGry.png</init_from>
    </image>
    <image id="mPltTreeOakTrunk_Mix">
      <init_from>mPltTreeOakTrunk_Mix.png</init_from>
    </image>
    <image id="mPltTreeOakTrunk_Nrm">
      <init_from>mPltTreeOakTrunk_Nrm.png</init_from>
    </image>
    <image id="mTreeOakLeafBack_AlbGry">
      <init_from>mTreeOakLeafBack_AlbGry.png</init_from>
    </image>
    <image id="mTreeOakLeafBack_Mix">
      <init_from>mTreeOakLeafBack_Mix.png</init_from>
    </image>
    <image id="mTreeOakLeafBack_Nrm">
      <init_from>mTreeOakLeafBack_Nrm.png</init_from>
    </image>
    <image id="mTreeOakLeafBack_OP">
      <init_from>mTreeOakLeafBack_OP.png</init_from>
    </image>
    <image id="mTreeOakLeaf_AlbGry">
      <init_from>mTreeOakLeaf_AlbGry.png</init_from>
    </image>
    <image id="mTreeOakLeaf_Mix">
      <init_from>mTreeOakLeaf_Mix.png</init_from>
    </image>
    <image id="mTreeOakLeaf_Nrm">
      <init_from>mTreeOakLeaf_Nrm.png</init_from>
    </image>
    <image id="mTreeOakLeaf_OP">
      <init_from>mTreeOakLeaf_OP.png</init_from>
    </image>
  </library_images>
  <library_materials>
    <material id="mPltTreeOakTrunk">
      <instance_effect url="#Effect_mPltTreeOakTrunk" />
    </material>
    <material id="mShadow">
      <instance_effect url="#Effect_mShadow" />
    </material>
    <material id="mShadowShake">
      <instance_effect url="#Effect_mShadowShake" />
    </material>
    <material id="mTreeOakLeaf">
      <instance_effect url="#Effect_mTreeOakLeaf" />
    </material>
    <material id="mTreeOakLeafBack">
      <instance_effect url="#Effect_mTreeOakLeafBack" />
    </material>
  </library_materials>
  <library_effects>
    <effect id="Effect_mPltTreeOakTrunk">
      <profile_COMMON>
        <newparam sid="surface_mPltTreeOakTrunk-bump">
          <surface type="2D">
            <init_from>mPltTreeOakTrunk_Nrm</init_from>
            <format>A8R8G8B8</format>
          </surface>
        </newparam>
        <newparam sid="sampler_mPltTreeOakTrunk-bump">
          <sampler2D>
            <source>surface_mPltTreeOakTrunk-bump</source>
            <wrap_s>WRAP</wrap_s>
            <wrap_t>WRAP</wrap_t>
          </sampler2D>
        </newparam>
        <newparam sid="surface_mPltTreeOakTrunk-diffuse">
          <surface type="2D">
            <init_from>mPltTreeOakTrunk_AlbGry</init_from>
            <format>A8R8G8B8</format>
          </surface>
        </newparam>
        <newparam sid="sampler_mPltTreeOakTrunk-diffuse">
          <sampler2D>
            <source>surface_mPltTreeOakTrunk-diffuse</source>
            <wrap_s>WRAP</wrap_s>
            <wrap_t>WRAP</wrap_t>
          </sampler2D>
        </newparam>
        <newparam sid="surface_mPltTreeOakTrunk-specular">
          <surface type="2D">
            <init_from>mPltTreeOakTrunk_Mix</init_from>
            <format>A8R8G8B8</format>
          </surface>
        </newparam>
        <newparam sid="sampler_mPltTreeOakTrunk-specular">
          <sampler2D>
            <source>surface_mPltTreeOakTrunk-specular</source>
            <wrap_s>WRAP</wrap_s>
            <wrap_t>WRAP</wrap_t>
          </sampler2D>
        </newparam>
        <technique sid="common">
          <phong>
            <bump>
              <texture texture="sampler_mPltTreeOakTrunk-bump" texcoord="CHANNEL0" />
            </bump>
            <diffuse>
              <texture texture="sampler_mPltTreeOakTrunk-diffuse" texcoord="CHANNEL0" />
            </diffuse>
            <specular>
              <texture texture="sampler_mPltTreeOakTrunk-specular" texcoord="CHANNEL0" />
            </specular>
            <emission>
              <color sid="emission">0 0 0 1</color>
            </emission>
          </phong>
        </technique>
      </profile_COMMON>
    </effect>
    <effect id="Effect_mShadow">
      <profile_COMMON>
        <technique sid="common">
          <phong>
            <diffuse>
              <color sid="diffuse">1 1 1 1</color>
            </diffuse>
            <emission>
              <color sid="emission">0 0 0 1</color>
            </emission>
            <specular>
              <color sid="specular">0 0 0 1</color>
            </specular>
          </phong>
        </technique>
      </profile_COMMON>
    </effect>
    <effect id="Effect_mShadowShake">
      <profile_COMMON>
        <technique sid="common">
          <phong>
            <diffuse>
              <color sid="diffuse">1 1 1 1</color>
            </diffuse>
            <emission>
              <color sid="emission">0 0 0 1</color>
            </emission>
            <specular>
              <color sid="specular">0 0 0 1</color>
            </specular>
          </phong>
        </technique>
      </profile_COMMON>
    </effect>
    <effect id="Effect_mTreeOakLeaf">
      <profile_COMMON>
        <newparam sid="surface_mTreeOakLeaf-bump">
          <surface type="2D">
            <init_from>mTreeOakLeaf_Nrm</init_from>
            <format>A8R8G8B8</format>
          </surface>
        </newparam>
        <newparam sid="sampler_mTreeOakLeaf-bump">
          <sampler2D>
            <source>surface_mTreeOakLeaf-bump</source>
            <wrap_s>WRAP</wrap_s>
            <wrap_t>WRAP</wrap_t>
          </sampler2D>
        </newparam>
        <newparam sid="surface_mTreeOakLeaf-specular">
          <surface type="2D">
            <init_from>mTreeOakLeaf_Mix</init_from>
            <format>A8R8G8B8</format>
          </surface>
        </newparam>
        <newparam sid="sampler_mTreeOakLeaf-specular">
          <sampler2D>
            <source>surface_mTreeOakLeaf-specular</source>
            <wrap_s>WRAP</wrap_s>
            <wrap_t>WRAP</wrap_t>
          </sampler2D>
        </newparam>
        <newparam sid="surface_mTreeOakLeaf-diffuse">
          <surface type="2D">
            <init_from>mTreeOakLeaf_AlbGry</init_from>
            <format>A8R8G8B8</format>
          </surface>
        </newparam>
        <newparam sid="sampler_mTreeOakLeaf-diffuse">
          <sampler2D>
            <source>surface_mTreeOakLeaf-diffuse</source>
            <wrap_s>WRAP</wrap_s>
            <wrap_t>WRAP</wrap_t>
          </sampler2D>
        </newparam>
        <technique sid="common">
          <phong>
            <bump>
              <texture texture="sampler_mTreeOakLeaf-bump" texcoord="CHANNEL0" />
            </bump>
            <specular>
              <texture texture="sampler_mTreeOakLeaf-specular" texcoord="CHANNEL0" />
            </specular>
            <diffuse>
              <texture texture="sampler_mTreeOakLeaf-diffuse" texcoord="CHANNEL0" />
            </diffuse>
            <emission>
              <color sid="emission">0 0 0 1</color>
            </emission>
          </phong>
        </technique>
      </profile_COMMON>
    </effect>
    <effect id="Effect_mTreeOakLeafBack">
      <profile_COMMON>
        <newparam sid="surface_mTreeOakLeafBack-bump">
          <surface type="2D">
            <init_from>mTreeOakLeafBack_Nrm</init_from>
            <format>A8R8G8B8</format>
          </surface>
        </newparam>
        <newparam sid="sampler_mTreeOakLeafBack-bump">
          <sampler2D>
            <source>surface_mTreeOakLeafBack-bump</source>
            <wrap_s>WRAP</wrap_s>
            <wrap_t>WRAP</wrap_t>
          </sampler2D>
        </newparam>
        <newparam sid="surface_mTreeOakLeafBack-diffuse">
          <surface type="2D">
            <init_from>mTreeOakLeafBack_AlbGry</init_from>
            <format>A8R8G8B8</format>
          </surface>
        </newparam>
        <newparam sid="sampler_mTreeOakLeafBack-diffuse">
          <sampler2D>
            <source>surface_mTreeOakLeafBack-diffuse</source>
            <wrap_s>WRAP</wrap_s>
            <wrap_t>WRAP</wrap_t>
          </sampler2D>
        </newparam>
        <newparam sid="surface_mTreeOakLeafBack-specular">
          <surface type="2D">
            <init_from>mTreeOakLeafBack_Mix</init_from>
            <format>A8R8G8B8</format>
          </surface>
        </newparam>
        <newparam sid="sampler_mTreeOakLeafBack-specular">
          <sampler2D>
            <source>surface_mTreeOakLeafBack-specular</source>
            <wrap_s>WRAP</wrap_s>
            <wrap_t>WRAP</wrap_t>
          </sampler2D>
        </newparam>
        <technique sid="common">
          <phong>
            <bump>
              <texture texture="sampler_mTreeOakLeafBack-bump" texcoord="CHANNEL0" />
            </bump>
            <diffuse>
              <texture texture="sampler_mTreeOakLeafBack-diffuse" texcoord="CHANNEL0" />
            </diffuse>
            <specular>
              <texture texture="sampler_mTreeOakLeafBack-specular" texcoord="CHANNEL0" />
            </specular>
            <emission>
              <color sid="emission">0 0 0 1</color>
            </emission>
          </phong>
        </technique>
      </profile_COMMON>
    </effect>
  </library_effects>
  <library_geometries>
    <geometry id="L01_010__mTreeOakLeaf-mesh" name="L01_010__mTreeOakLeaf">
      <mesh>
        <source id="L01_010__mTreeOakLeaf-position">
          <float_array id="L01_010__mTreeOakLeaf-position-array" count="2496">5.262518 9.268842 5.43186 5.265078 12.42459 4.65486 3.363642 10.40653 5.180617 3.614991 12.10321 4.759068 6.914638 12.09802 4.710191 5.265078 12.42459 4.65486 7.163235 10.4002 5.124426 5.262518 9.268842 5.43186 2.267597 14.07024 4.908743 2.206721 16.83246 3.19734 0.4046478 14.78315 3.916594 0.6141553 16.30548 3.04583 3.811785 16.79229 3.700245 2.206721 16.83246 3.19734 4.086774 15.34341 4.670362 2.267597 14.07024 4.908743 8.820811 15.06141 1.537534 5.951429 16.58397 1.642123 7.612722 15.13927 3.407734 6.09286 16.01985 3.222849 6.399158 16.83548 0.03992261 5.951429 16.58397 1.642123 7.96576 16.0783 -0.2574648 8.820811 15.06141 1.537534 10.69425 12.3224 1.439262 8.903259 14.98773 1.940148 9.36994 12.51627 3.220219 8.496317 14.0502 3.278942 9.677938 15.37799 0.4985092 8.903259 14.98773 1.940148 10.7308 14.04495 0.01845192 10.69425 12.3224 1.439262 -1.345213 9.913442 4.423795 -2.861426 12.77253 4.125062 -3.544898 10.10051 4.723099 -4.142574 11.74869 4.508934 -1.268961 13.20931 3.802527 -2.861426 12.77253 4.125062 -0.235714 11.78211 3.909696 -1.345213 9.913442 4.423795 -8.84211 10.87246 3.91871 -7.470732 13.79254 3.5251 -9.812817 12.45747 2.690434 -8.882725 13.9574 2.621756 -6.340319 13.02812 4.509262 -7.470732 13.79254 3.5251 -6.885356 11.38705 4.863974 -8.84211 10.87246 3.91871 -7.615048 15.6741 1.571463 -5.619726 17.73972 0.05015123 -8.052938 16.41356 -0.4839291 -6.827894 17.52482 -1.103574 -4.821249 17.53049 1.516241 -5.619726 17.73972 0.05015123 -5.742486 16.41985 2.533003 -7.615048 15.6741 1.571463 0.04737759 16.70692 2.112851 -2.594693 18.0078 0.7381934 -1.9308 16.67784 3.137137 -3.216339 17.44279 2.198076 -1.43056 18.3057 -0.4394353 -2.594693 18.0078 0.7381934 0.1258564 17.67135 0.1001612 0.04737759 16.70692 2.112851 2.184108 18.93554 1.944283 1.226128 21.85047 0.8728508 0.02938279 19.49639 1.868117 -0.2475973 21.12806 1.251264 2.89655 21.97437 0.7144303 1.226128 21.85047 0.8728508 3.650027 20.47058 1.25007 2.184108 18.93554 1.944283 6.192587 21.24213 -2.003711 3.723953 23.34844 -2.182079 4.770372 21.51355 -0.3105404 3.513155 22.7102 -0.6376853 4.441627 23.55419 -3.689848 3.723953 23.34844 -2.182079 5.839807 22.48518 -3.825131 6.192587 21.24213 -2.003711 6.247838 17.67931 -0.841522 4.845642 20.60305 -0.6222516 4.858268 18.1809 0.8260185 4.220707 19.82553 0.7348967 5.758483 20.78025 -2.024422 4.845642 20.60305 -0.6222516 6.629203 19.27994 -2.351402 6.247838 17.67931 -0.841522 0.3763068 16.17675 2.146869 0.8428579 19.38798 1.965545 -1.333595 17.5915 1.95215 -0.835638 19.28418 1.871682 2.425558 18.83243 2.096639 0.8428579 19.38798 1.965545 2.421668 17.07093 2.211214 0.3763068 16.17675 2.146869 -1.975622 16.92503 2.456739 -1.766624 20.00448 1.438983 -3.72195 17.97272 1.553477 -3.369889 19.63659 1.076858 -0.2062721 19.74007 2.01008 -1.766624 20.00448 1.438983 -0.07902162 18.09153 2.628216 -1.975622 16.92503 2.456739 -4.211436 19.76032 0.3145261 -2.7436 22.61601 -0.1884999 -4.995841 21.22619 -1.168427 -4.033826 22.70412 -1.267613 -1.754758 21.94155 0.9938968 -2.7436 22.61601 -0.1884999 -2.371629 20.34775 1.435794 -4.211436 19.76032 0.3145261 -4.18759 21.66063 -1.25395 -1.794203 23.8585 -1.313937 -3.919338 23.0415 -2.981503 -2.554308 24.14574 -2.78929 -1.525523 23.11998 0.173732 -1.794203 23.8585 -1.313937 -2.734952 21.86007 0.4304702 -4.18759 21.66063 -1.25395 -1.621722 22.64387 -1.415745 -0.5289752 24.32447 -3.973871 -2.888906 22.97391 -3.218108 -2.082825 23.91377 -4.477666 0.8005053 24.39009 -2.944825 -0.5289752 24.32447 -3.973871 0.431167 23.52221 -1.452723 -1.621722 22.64387 -1.415745 7.860256 7.641779 1.014912 6.459209 10.53051 1.519691 5.687363 7.816349 1.474534 5.153544 9.483522 1.709395 8.052547 10.98437 1.226343 6.459209 10.53051 1.519691 9.02577 9.54426 0.9182363 7.860256 7.641779 1.014912 3.675006 10.00153 -0.73494 3.984205 13.22661 -0.9913544 1.90499 11.35104 -0.6398303 2.318794 13.06041 -0.8023675 5.586129 12.73062 -1.127693 3.984205 13.22661 -0.9913544 5.667341 10.97091 -1.014416 3.675006 10.00153 -0.73494 7.684123 8.181079 3.053215 6.552013 11.22373 3.205276 5.642243 8.625276 3.825618 5.248535 10.34703 3.812954 8.087942 11.47569 2.566374 6.552013 11.22373 3.205276 8.911995 9.924603 2.390147 7.684123 8.181079 3.053215 10.11814 10.45467 2.746549 8.337727 13.15886 2.463699 8.208126 10.71208 3.864033 7.417756 12.26038 3.551506 9.623262 13.5021 1.433969 8.337727 13.15886 2.463699 10.748 12.14163 1.425691 10.11814 10.45467 2.746549 5.206389 6.907278 -2.042914 5.065639 10.07438 -1.327255 3.258435 7.94975 -1.756705 3.432395 9.665594 -1.375645 6.727783 9.83287 -1.425808 5.065639 10.07438 -1.327255 7.053142 8.142008 -1.814549 5.206389 6.907278 -2.042914 0.4759712 11.34761 2.889007 -0.8243179 14.32579 2.936086 -1.419788 11.77212 3.979459 -1.93112 13.45874 3.863524 0.549468 14.58134 1.998981 -0.8243179 14.32579 2.936086 1.436798 13.06447 1.832406 0.4759712 11.34761 2.889007 -8.396383 8.464076 -2.034813 -6.574331 11.09781 -1.481599 -9.255284 10.51675 -2.144403 -8.076222 11.78761 -1.806307 -5.446556 9.867241 -1.270482 -6.574331 11.09781 -1.481599 -6.227393 8.30511 -1.527452 -8.396383 8.464076 -2.034813 -4.81134 8.914035 4.274109 -5.437623 12.09646 4.068078 -6.89449 9.679466 4.079701 -6.986817 11.44073 3.984737 -3.759836 12.09875 4.193722 -5.437623 12.09646 4.068078 -3.1785 10.43683 4.320376 -4.81134 8.914035 4.274109 3.805819 21.65436 0.1102535 2.163961 23.88504 -1.59 1.962648 22.60911 0.919172 1.24455 23.78862 -0.1820513 3.420488 23.52344 -2.648842 2.163961 23.88504 -1.59 4.468463 22.3035 -1.921179 3.805819 21.65436 0.1102535 4.291267 22.49807 -2.550626 1.952415 24.12132 -4.118214 2.405554 23.09825 -1.527372 1.285255 23.96902 -2.579177 3.099802 23.94032 -5.335384 1.952415 24.12132 -4.118214 4.495302 23.06502 -4.701005 4.291267 22.49807 -2.550626 3.338202 7.470646 1.615125 3.828504 10.66608 1.948793 1.685829 8.84642 2.198304 2.190113 10.53498 2.316794 5.366222 10.14106 1.512281 3.828504 10.66608 1.948793 5.343111 8.392445 1.271859 3.338202 7.470646 1.615125 4.598042 6.752085 0.404904 4.54544 9.997398 0.5712498 2.697695 7.869815 0.7251447 2.916965 9.621518 0.7803341 6.184715 9.70693 0.3280097 4.54544 9.997398 0.5712498 6.460566 7.967795 0.2042694 4.598042 6.752085 0.404904 1.093491 9.433406 4.175696 2.809931 12.13566 3.615203 0.09847784 11.35346 3.640406 1.233657 12.68186 3.382906 4.033773 11.03462 3.962584 2.809931 12.13566 3.615203 3.322656 9.456326 4.307982 1.093491 9.433406 4.175696 4.459219 18.33134 2.224349 3.279946 17.94779 3.364146 4.020329 17.10153 4.726228 6.219147 16.8221 4.501928 7.152544 17.62784 2.640007 5.999852 18.405 1.552199 -4.813309 17.138 3.348335 -6.482436 16.93942 3.241042 -6.980262 15.54658 4.206321 -5.282328 14.52845 5.2279 -3.24716 15.38664 4.898036 -3.240484 16.80078 3.841552 -4.375479 18.39483 1.097629 -6.03384 18.19764 1.316459 -6.339844 17.38884 2.856524 -4.480297 16.90327 3.98324 -2.545383 17.49015 3.035147 -2.73864 18.28576 1.471291 0.2800374 24.06942 0.5155504 -1.373351 23.83493 0.7352195 -1.64149 22.52236 1.886241 0.2462857 21.62399 2.655931 2.158329 22.48393 1.886647 1.926495 23.8018 0.7353575 1.644253 16.4114 4.401881 -0.006644726 16.24968 4.10979 -0.5957155 14.74962 4.83256 0.9952211 13.58582 5.870673 3.052823 14.45366 5.852698 3.161888 15.99295 4.995552 6.703477 15.64443 4.338761 5.391831 15.01117 5.184632 5.878889 13.53342 6.020472 8.016713 12.9984 5.693908 9.210297 14.36592 4.392968 8.284764 15.73439 3.771136 4.284227 17.37965 3.875442 2.612252 17.2277 4.010879 2.221476 15.9314 5.145113 4.021027 14.94143 6.008116 6.009823 15.70459 5.337687 5.902159 17.03098 4.177899 6.396003 17.15295 3.442247 5.326246 16.35857 4.472548 6.179864 15.08783 5.35354 8.340993 14.95006 4.830346 9.103637 16.39621 3.309083 7.865117 17.49501 2.696959 3.179748 18.34803 1.432099 1.542251 18.26342 1.046902 0.6622066 17.46907 2.356145 1.969635 16.85147 4.050958 4.147158 17.30993 3.862762 4.568777 18.12536 2.355017 4.738518 17.82475 1.000697 6.41868 17.707 0.9895487 7.002831 17.67371 -0.6769591 5.369638 17.79517 -2.187298 3.282659 17.93789 -1.405408 3.187942 17.93642 0.357266 -2.374088 17.6656 2.804272 -3.870256 17.44602 3.546025 -3.71702 16.27939 4.863255 -1.646556 15.49532 5.111451 -0.09920168 16.27172 3.700743 -0.728539 17.43957 2.536244 -5.966051 18.04277 1.463523 -7.385448 18.22862 0.5759957 -8.664987 17.23788 1.283666 -8.004441 16.09166 3.076163 -5.878256 16.34832 3.709141 -4.965189 17.45631 2.682167 -6.186058 17.92722 -1.093036 -5.802404 18.1521 -2.717588 -7.135519 17.58641 -3.728719 -8.850181 16.77872 -2.557924 -8.649288 16.79682 -0.3338475 -7.116726 17.46652 0.230736 -3.914122 18.30862 -0.4913266 -4.450159 18.33113 -2.087914 -6.158004 17.88498 -2.149633 -7.028983 17.44776 -0.1462804 -5.660319 17.62951 1.608977 -4.017648 18.10935 1.176107 -2.704028 18.50037 -4.967902 -3.825135 18.24829 -6.199368 -5.366958 17.73652 -5.506218 -5.331219 17.5935 -3.283278 -3.40648 18.10254 -2.271615 -2.122352 18.56624 -3.390538 -1.611752 24.30935 -0.4595119 -3.055712 24.47445 -1.310778 -4.282583 23.41111 -0.6153166 -3.542163 22.22522 1.119229 -1.413742 22.53786 1.71863 -0.5641567 23.71632 0.7159111 1.306602 24.95502 -0.7529007 -0.05094968 24.70662 0.2126459 0.3834956 23.71491 1.608128 2.53241 23.12807 1.639195 3.799945 23.85483 -0.04970041 2.915844 24.82831 -1.227287 -0.2692664 25.034 -2.890281 0.8383986 24.75816 -1.651763 2.447603 24.50897 -2.335832 2.490855 24.63684 -4.55956 0.5495283 25.05028 -5.583045 -0.8102055 25.22829 -4.471545 4.277803 15.66077 4.834119 2.862374 14.96982 5.430841 3.259401 13.57934 6.445004 5.44875 13.19859 6.603029 6.796166 14.58819 5.489174 5.933658 15.84617 4.6006 2.656364 14.61238 5.215339 1.082767 14.04088 5.400065 1.098245 12.54506 6.33914 3.142565 11.91381 6.959997 4.837297 13.22287 6.326413 4.32979 14.62978 5.388836 6.169235 14.63498 4.875777 4.58338 14.26512 5.30613 4.532161 12.68382 6.091268 6.531274 11.71422 6.254392 8.270074 12.8447 5.426266 7.829426 14.40512 4.728489 8.052191 15.34719 3.565448 7.041602 14.58228 4.674754 7.654547 12.96246 5.021266 9.519144 12.46729 3.907139 10.32897 14.04282 2.547331 9.363983 15.52078 2.5263 5.388506 17.6619 1.502298 4.668697 17.08969 2.913461 5.839885 16.14642 3.839823 7.840083 16.02164 2.866773 8.077552 17.07623 0.9126407 6.611689 17.89733 0.3712976 2.13146 17.55915 2.537502 0.7887597 17.7826 1.545456 -0.5666032 16.82655 2.152529 -0.07438135 15.66354 3.987831 2.003882 15.86352 4.780319 3.021244 16.94647 3.827338 7.152234 17.46674 0.1535072 8.11567 17.06431 1.475164 9.676376 16.45828 0.9125688 9.861332 16.423 -1.307282 8.098394 17.13819 -2.476798 6.745047 17.65486 -1.468088 4.139672 17.77241 -0.2027968 5.770465 17.38815 -0.3754074 6.074981 16.80391 -2.014163 4.249638 16.76512 -3.290803 2.345228 17.45059 -2.347109 2.531458 17.94984 -0.6642353 -1.474042 16.34816 2.858537 -2.976322 16.08541 3.573416 -2.828583 14.86178 4.838527 -0.7552648 14.08125 5.073711 0.8012395 14.93067 3.716145 0.1758208 16.14545 2.598493 -7.198292 17.4766 1.043811 -8.007084 17.85201 -0.3851236 -9.437788 16.829 -0.5467005 -9.703318 15.40868 1.148994 -8.167686 15.47523 2.76906 -6.903849 16.67658 2.494341 -6.621286 17.43501 -2.36761 -5.793092 17.48657 -3.833342 -6.758565 16.7086 -5.0912 -8.710381 15.93029 -4.351041 -9.160097 16.2339 -2.184759 -7.878425 17.07448 -1.309129 -4.999854 17.4186 -2.850558 -3.384009 17.56032 -3.304314 -3.18958 17.04981 -4.983949 -5.096359 16.39992 -5.935273 -6.933749 16.48247 -4.668628 -6.635514 17.06773 -3.030175 -3.42661 17.68349 -5.128853 -3.225735 17.46967 -6.787426 -4.787349 17.12575 -7.53754 -6.475258 17.08695 -6.084045 -5.971131 17.47707 -3.94375 -4.253452 17.77482 -3.666407 -6.329463 15.48063 3.908509 -7.869357 15.56114 3.230882 -8.855775 14.22509 3.83217 -7.771591 12.89885 5.256536 -5.650492 13.42896 5.711646 -5.085677 14.87001 4.862922 -3.553907 15.73744 4.192571 -5.129767 15.18823 4.420546 -5.115266 13.73561 5.425176 -3.068921 13.11514 6.050214 -1.371291 14.38015 5.339572 -1.878468 15.74822 4.346019 -1.428089 22.86623 0.5918267 -3.035686 22.8399 0.08995616 -3.909597 21.57224 0.9553542 -2.635134 20.44641 2.394608 -0.4927829 21.06049 2.537628 -0.06833117 22.39572 1.463855 -3.788293 22.70621 -1.0523 -5.057093 22.44941 -2.129859 -6.111235 21.17212 -1.515933 -5.438762 20.33481 0.4359617 -3.579572 21.20259 1.317768 -2.858378 22.4761 0.3308371 -2.716047 23.88897 -1.44948 -3.576391 24.07533 -2.885452 -5.022827 23.06235 -2.849452 -5.236237 21.89514 -0.9639105 -3.637584 22.16153 0.5724966 -2.373164 23.29323 0.08619086 -0.9765946 25.09965 -3.085413 -1.864556 25.07878 -4.516504 -3.484686 24.44881 -4.2036 -3.82138 23.89936 -2.071011 -2.112621 24.21294 -0.6677966 -0.6727419 24.87406 -1.446039 -0.2237983 25.39045 -2.694066 -1.876704 25.26054 -2.397487 -2.142859 24.67051 -0.7541326 -0.2538907 24.29828 0.366776 1.656714 24.71134 -0.7131183 1.422928 25.29611 -2.362175 1.409897 25.13114 -2.545645 1.122663 24.77497 -0.9246655 2.579674 24.091 -0.1974128 4.283295 23.92473 -1.623324 3.920889 24.62589 -3.7124 2.287115 25.2396 -3.977247 -0.1908212 24.71025 -3.297931 0.5892808 24.60162 -4.786747 -0.5599192 24.08804 -6.025764 -2.617786 23.75831 -5.238585 -2.93062 24.11304 -3.05604 -1.469243 24.62342 -2.207582 -1.900087 24.12749 -3.015688 -0.8871353 24.24671 -4.356079 -1.741653 23.69479 -5.799952 -3.830319 23.03601 -5.391688 -4.531112 23.16203 -3.275037 -3.309366 23.78416 -2.163153 3.635884 23.61356 -0.7622465 3.038793 22.9587 0.6700843 4.040771 21.59027 1.16306 5.727832 21.18313 -0.2338118 5.910743 22.52351 -2.010638 4.662507 23.76939 -2.086076 2.425057 22.54878 1.2525 0.9348302 22.29558 1.995496 1.003791 20.83595 2.987624 2.989486 19.82718 2.936775 4.569345 20.77529 1.674901 4.031176 22.24317 0.8553297 -4.814465 18.20868 -1.187072 -4.216976 18.51254 -2.732261 -5.543204 18.49334 -3.898596 -7.527442 18.08375 -2.97219 -7.560998 17.76399 -0.7622519 -5.968999 17.87917 -0.008416086 5.379649 13.4129 5.374201 3.800333 13.97651 5.21599 2.663582 12.67795 5.591637 3.661084 10.76272 6.139441 5.894267 10.75302 6.137023 6.606099 12.30513 5.689536 7.57941 16.90012 1.712829 7.122236 16.56926 3.299795 8.304348 15.49128 4.048232 9.975704 14.93186 2.685584 9.92408 15.78765 0.6235076 8.528606 16.82683 0.3255951 6.348387 18.06113 1.162525 6.456083 17.63679 2.788953 8.007247 16.85087 3.098471 9.287495 16.67927 1.283338 8.454468 17.50126 -0.6186623 6.844166 18.20174 -0.4390966 7.881045 16.18639 -0.6433496 8.698894 15.85325 0.7909024 10.19008 14.97547 0.4367002 10.49925 14.60216 -1.737752 8.925888 15.36794 -3.125308 7.600783 16.19424 -2.302311 3.016032 18.06676 1.100507 1.432559 17.85473 1.633978 1.436658 17.0689 3.215761 3.483309 16.62347 3.974715 5.193978 17.2158 2.66706 4.695448 17.98245 1.157187 7.264568 13.59468 4.317511 6.048633 12.90679 5.258385 6.516639 11.27168 5.734811 8.513553 10.66316 4.956846 9.612423 12.16246 3.719187 8.736952 13.68065 3.507909 -1.194658 16.12492 2.110891 -1.90028 15.47702 3.496264 -0.7248654 14.47224 4.34973 1.260897 14.38883 3.343261 1.481069 15.5537 1.450694 0.01515388 16.41635 0.9785557 -2.262883 14.37356 4.127783 -3.613562 13.79247 4.949323 -3.301332 12.15188 5.52428 -1.273102 11.40057 4.990419 0.0434556 12.7869 3.836307 -0.7089777 14.34423 3.483364 -7.614881 15.09814 3.105877 -9.016299 15.24109 2.182553 -10.15664 13.96833 2.62898 -9.391945 12.61944 4.228642 -7.349504 13.05278 5.021015 -6.578341 14.44625 4.259733 -4.744977 17.06281 -1.608858 -3.236473 17.02014 -2.356874 -3.435146 16.69226 -4.080999 -5.563097 16.44732 -4.693391 -7.102803 16.64494 -3.087946 -6.421462 16.97911 -1.494178 -4.431287 16.70961 -5.488105 -4.585704 16.13325 -7.063193 -6.147879 15.33153 -7.254079 -7.377926 15.3416 -5.396641 -6.489285 16.33529 -3.604969 -4.881893 17.00508 -3.894238 -6.66876 16.30217 -2.72669 -6.142024 16.13342 -4.317604 -7.273621 15.11715 -5.215532 -8.988505 14.40506 -3.984565 -9.03545 15.05702 -1.849162 -7.671802 16.08139 -1.394051 -4.41223 14.58243 4.620164 -5.995821 14.04994 4.83376 -5.990108 12.42805 5.533069 -3.941827 11.63114 5.897315 -2.231776 12.95627 5.343266 -2.732053 14.50895 4.668801 3.254382 21.81407 0.9342192 2.30446 21.05525 2.099882 3.117925 19.5966 2.674525 5.087712 19.24105 1.696411 5.7393 20.73554 0.170267 4.580735 22.04458 -0.07494585 2.248257 24.22687 -0.7874414 1.096779 23.9651 0.4136032 1.642473 22.6771 1.491968 3.627307 21.83641 0.9290717 4.620579 22.7145 -0.8680294 3.68289 23.99781 -1.636041 0.9628511 24.66711 -3.089124 2.645463 24.62243 -3.027844 3.286975 24.14936 -4.603995 1.703105 23.77418 -6.125109 -0.4130214 24.04104 -5.463293 -0.5677664 24.52845 -3.773772 -0.7522469 21.43091 1.747749 -2.429808 21.312 1.655112 -2.954042 19.75658 2.307369 -1.269386 18.4869 3.023647 0.787102 19.33402 2.822531 0.8191316 20.94534 2.102361 2.20193 20.78893 1.728039 0.8524632 20.16759 2.521651 1.195179 18.52984 3.087243 3.249737 17.83303 2.580847 4.550902 19.26157 1.461266 3.766539 20.80334 1.109531 -7.868936 16.48138 -1.129455 -7.893476 16.40413 -2.811824 -9.215332 15.35919 -3.341321 -10.39306 14.5028 -1.655279 -9.755901 15.06905 0.40884 -8.362665 16.15237 0.4449477 -4.297419 21.47392 -0.3005695 -5.432491 21.4776 -1.54497 -6.337816 19.9611 -1.530463 -5.701715 18.56887 0.08826033 -4.0559 19.26542 1.427407 -3.450686 20.87375 1.023667 5.24007 17.60878 -1.399726 6.857546 17.39449 -0.9816563 7.78686 16.93447 -2.411461 6.55034 16.79005 -4.258987 4.371711 17.23432 -4.05065 3.891627 17.65497 -2.404877 -1.791495 15.10392 3.900815 -2.879516 14.39867 4.975884 -2.209675 12.88646 5.595644 -0.1931243 12.41276 4.775685 0.6741662 13.87406 3.326679 -0.375288 15.2566 3.005378 -7.957513 16.26009 1.270167 -9.035958 16.36985 -0.01895691 -10.23804 15.0811 0.09814531 -9.946507 13.76039 1.868434 -8.224848 14.23701 3.208557 -7.287459 15.63707 2.68213 -3.368567 18.04508 1.167693 -5.045551 17.91194 1.25096 -5.503538 17.06647 2.732519 -3.759017 16.4647 3.980602 -1.733755 16.99925 3.206151 -1.771753 17.85372 1.661991 -6.190001 13.62273 4.60104 -7.795434 13.64628 4.092157 -8.500146 12.0363 4.267987 -7.073667 10.5329 5.085388 -5.011817 11.25115 5.554534 -4.766008 12.96475 5.209372 0.3401505 24.80405 -1.114616 -1.311393 24.8416 -1.443138 -2.149889 23.67356 -0.4173764 -0.786323 22.55645 0.9449539 1.387198 23.05541 0.8264146 1.760399 24.30501 -0.3632107 -0.4399929 22.31475 0.5783762 -2.120892 22.2657 0.4829583 -2.713982 20.75722 1.184606 -1.088017 19.44036 1.949661 1.003889 20.19024 1.728737 1.10785 21.77361 0.9553545 -0.007773559 20.63058 1.851596 -1.663238 20.32585 1.910882 -1.945706 18.67462 2.470544 -0.06836215 17.557 2.906103 1.852546 18.64935 2.583452 1.63525 20.30421 2.008827 0.7569001 23.27718 0.4337668 -0.8706163 22.98509 0.7544055 -1.038978 21.47561 1.655903 0.9067082 20.47138 2.067034 2.744679 21.48458 1.303815 2.415176 22.99316 0.4484804 2.898677 24.27069 -2.331697 3.406139 23.50016 -0.9225507 4.889117 22.5946 -1.239304 5.591226 22.76019 -3.347102 4.357342 24.01186 -4.724804 2.944065 24.73108 -3.949332 7.772262 12.25076 2.963252 6.660939 11.28116 3.776751 7.270609 9.626182 3.87121 9.262169 9.362917 2.908105 10.18246 11.17607 1.984652 9.189501 12.62741 2.138429 2.439353 13.25555 5.230133 0.8256001 13.47304 4.799514 0.009908676 11.90779 4.734351 1.345582 10.19513 5.230293 3.467697 10.68297 5.72612 3.828526 12.40968 5.660785 -4.021336 12.95074 4.712709 -5.60124 12.36802 4.748504 -5.584063 10.6053 4.858531 -3.530053 9.744337 4.913019 -1.829284 11.18884 4.823481 -2.340559 12.8751 4.718043 -4.280954 15.79077 3.094415 -5.898161 15.72866 2.627813 -6.595035 14.17539 3.098228 -5.146195 12.83439 4.130601 -3.075232 13.61909 4.417937 -2.841404 15.24586 3.773772 -5.809931 16.77811 2.204691 -7.278516 16.51038 1.424621 -8.036763 15.04995 2.066344 -6.835819 14.05919 3.659869 -4.897243 15.02339 4.207093 -4.551988 16.48758 3.283546 -1.027626 18.49449 1.374879 -2.627205 17.97474 1.28468 -2.689208 16.21351 1.402348 -0.6822559 15.27269 1.626374 1.076368 16.6484 1.669572 0.6428662 18.35272 1.516717 4.301237 20.7746 0.6637676 2.857252 20.46449 1.473505 2.818289 18.77843 1.998177 4.645583 17.63591 1.433537 6.225286 18.75016 0.3154189 5.815925 20.44025 0.01208398 4.999348 21.873 -1.538198 4.583834 21.15901 -0.07037548 5.474546 19.64707 0.1303071 6.825548 19.18492 -1.57978 6.863478 20.65554 -3.259968 5.789828 22.03505 -3.014559 -8.595073 14.85623 1.620827 -9.651975 14.98514 0.3157327 -10.44332 13.43147 0.03384665 -9.803782 11.84366 1.459698 -8.295161 12.42195 3.001404 -7.786349 14.10875 2.892837 7.187917 16.78475 -1.956662 8.582295 16.35444 -1.115547 9.778671 15.70185 -2.239115 9.074317 15.65995 -4.352244 7.013606 16.4268 -4.742905 6.180866 16.98411 -3.289652 -3.750911 20.556 0.5717708 -5.047625 20.37482 -0.4877762 -5.724544 18.75117 -0.3292393 -4.67093 17.49941 1.182773 -2.955805 18.4454 2.255464 -2.643101 20.10958 1.756772 7.702687 11.20784 -0.7873355 6.439396 10.10056 -0.6651013 7.067716 8.458454 -0.8333302 9.2724 8.384616 -1.144944 10.34843 10.34073 -1.19943 9.288282 11.73545 -0.9829966 -4.945235 10.22582 -2.608388 -6.572421 9.834042 -2.419424 -6.844106 8.160732 -2.91522 -4.99338 7.135241 -3.612623 -3.108037 8.331935 -3.587961 -3.327935 9.983026 -3.003548 -7.410212 12.83055 -0.286511 -8.916075 13.50752 -0.6196973 -10.06751 12.23053 -1.02353 -9.178211 10.1888 -0.9631474 -7.017686 10.04653 -0.4162501 -6.267365 11.61115 -0.09225675 -6.282498 10.58806 0.4097534 -7.876081 11.05401 0.1263353 -8.86552 9.627354 -0.1981031 -7.714835 7.720949 -0.1292884 -5.534274 7.876054 0.3271078 -4.983013 9.533426 0.5824913 -5.589897 10.83537 3.615772 -7.235296 10.83 3.255817 -7.796529 9.167161 3.056921 -6.187219 7.652713 3.339339 -4.148423 8.426655 3.820518 -4.067144 10.18725 3.918967 -4.483988 10.23761 -0.04510234 -6.126009 9.939196 -0.2723647 -6.394129 8.205359 -0.4761079 -4.521001 7.004035 -0.3693155 -2.621261 8.127712 -0.0294075 -2.849567 9.872088 0.1155898 -2.892538 10.10313 -2.485353 -4.114817 8.944296 -2.493785 -3.423097 7.350664 -2.812298 -1.213319 7.387675 -3.092831 -0.2109303 9.37715 -2.936576 -1.325471 10.70441 -2.601652 -1.49195 12.26791 3.449503 -2.730142 11.60997 4.382737 -2.473159 9.873138 4.574997 -0.6405997 9.132915 3.546899 0.5798225 10.64681 2.448771 -0.0789547 12.28216 2.536267 0.9281585 24.55465 -2.82514 0.2396785 24.41919 -1.293938 1.349673 23.5695 -0.2143439 3.253464 22.96686 -1.202065 3.485317 23.50587 -3.356807 2.094085 24.3641 -4.023081 -8.513718 12.73344 2.112222 -9.617348 13.26909 0.9580939 -10.174 11.90314 -0.01346379 -9.259447 9.962351 0.5866253 -7.808705 10.01402 2.283647 -7.563205 11.62881 2.953104 -4.552469 10.65643 3.139947 -6.185289 10.2443 3.108611 -6.356537 8.507253 2.838549 -4.40665 7.449697 2.631893 -2.56161 8.69784 2.790538 -2.889709 10.41013 3.066965 -3.16809 11.51275 3.775562 -4.681885 10.81188 4.008236 -4.530519 9.052138 4.007184 -2.439025 8.346338 3.706039 -0.8717418 9.917246 3.454882 -1.504599 11.56347 3.528611 -7.271966 11.98291 3.881735 -8.79969 12.17684 3.199548 -9.598536 10.60688 3.07052 -8.358438 8.920282 3.832587 -6.337147 9.435771 4.629992 -5.967323 11.16013 4.553829 3.729776 11.39135 2.366222 2.045505 11.39476 2.378562 1.447186 9.739872 2.530087 3.072716 8.221391 2.6528 5.170685 8.982171 2.569459 5.279135 10.73707 2.412723 3.723791 11.36588 4.297132 2.079033 11.02909 4.432324 1.848119 9.310434 4.767739 3.758819 8.17251 4.900201 5.644332 9.330675 4.599045 5.375741 11.04698 4.285765</float_array>
          <technique_common>
            <accessor source="#L01_010__mTreeOakLeaf-position-array" count="832" stride="3">
              <param name="X" type="float" />
              <param name="Y" type="float" />
              <param name="Z" type="float" />
            </accessor>
          </technique_common>
        </source>
        <source id="L01_010__mTreeOakLeaf-normal">
          <float_array id="L01_010__mTreeOakLeaf-normal-array" count="2496">0.02152642 0.2309198 0.9726027 0.02152642 0.2309198 0.9726027 0.02152642 0.2309198 0.9726027 0.02152642 0.2309198 0.9726027 0.02152642 0.2309198 0.9726027 0.02152642 0.2309198 0.9726027 0.02152642 0.2309198 0.9726027 0.02152642 0.2309198 0.9726027 -0.2387476 0.5009785 0.8317025 -0.2387476 0.5009785 0.8317025 -0.2387476 0.5009785 0.8317025 -0.2387476 0.5009785 0.8317025 -0.2387476 0.5009785 0.8317025 -0.2387476 0.5009785 0.8317025 -0.2387476 0.5009785 0.8317025 -0.2387476 0.5009785 0.8317025 0.4677104 0.8473581 0.2544031 0.4677104 0.8473581 0.2544031 0.4677104 0.8473581 0.2544031 0.4677104 0.8473581 0.2544031 0.4677104 0.8473581 0.2544031 0.4677104 0.8473581 0.2544031 0.4677104 0.8473581 0.2544031 0.4677104 0.8473581 0.2544031 0.7592955 0.4050881 0.5088063 0.7592955 0.4050881 0.5088063 0.7592955 0.4050881 0.5088063 0.7592955 0.4050881 0.5088063 0.7592955 0.4050881 0.5088063 0.7592955 0.4050881 0.5088063 0.7592955 0.4050881 0.5088063 0.7592955 0.4050881 0.5088063 0.1585127 0.1761252 0.9706458 0.1585127 0.1761252 0.9706458 0.1585127 0.1761252 0.9706458 0.1585127 0.1761252 0.9706458 0.1585127 0.1761252 0.9706458 0.1585127 0.1761252 0.9706458 0.1585127 0.1761252 0.9706458 0.1585127 0.1761252 0.9706458 -0.4774951 0.3248532 0.816047 -0.4774951 0.3248532 0.816047 -0.4774951 0.3248532 0.816047 -0.4774951 0.3248532 0.816047 -0.4774951 0.3248532 0.816047 -0.4774951 0.3248532 0.816047 -0.4774951 0.3248532 0.816047 -0.4774951 0.3248532 0.816047 -0.5048923 0.7671233 0.3953033 -0.5048923 0.7671233 0.3953033 -0.5048923 0.7671233 0.3953033 -0.5048923 0.7671233 0.3953033 -0.5048923 0.7671233 0.3953033 -0.5048923 0.7671233 0.3953033 -0.5048923 0.7671233 0.3953033 -0.5048923 0.7671233 0.3953033 0.2191781 0.8767123 0.4266145 0.2191781 0.8767123 0.4266145 0.2191781 0.8767123 0.4266145 0.2191781 0.8767123 0.4266145 0.2191781 0.8767123 0.4266145 0.2191781 0.8767123 0.4266145 0.2191781 0.8767123 0.4266145 0.2191781 0.8767123 0.4266145 0.0704501 0.3561644 0.9315069 0.0704501 0.3561644 0.9315069 0.0704501 0.3561644 0.9315069 0.0704501 0.3561644 0.9315069 0.0704501 0.3561644 0.9315069 0.0704501 0.3561644 0.9315069 0.0704501 0.3561644 0.9315069 0.0704501 0.3561644 0.9315069 0.592955 0.7142857 0.369863 0.592955 0.7142857 0.369863 0.592955 0.7142857 0.369863 0.592955 0.7142857 0.369863 0.592955 0.7142857 0.369863 0.592955 0.7142857 0.369863 0.592955 0.7142857 0.369863 0.592955 0.7142857 0.369863 0.778865 0.3248532 0.5381604 0.778865 0.3248532 0.5381604 0.778865 0.3248532 0.5381604 0.778865 0.3248532 0.5381604 0.778865 0.3248532 0.5381604 0.778865 0.3248532 0.5381604 0.778865 0.3248532 0.5381604 0.778865 0.3248532 0.5381604 -0.05283757 0.05675147 0.9960861 -0.05283757 0.05675147 0.9960861 -0.05283757 0.05675147 0.9960861 -0.05283757 0.05675147 0.9960861 -0.05283757 0.05675147 0.9960861 -0.05283757 0.05675147 0.9960861 -0.05283757 0.05675147 0.9960861 -0.05283757 0.05675147 0.9960861 -0.2720157 0.3111546 0.9099804 -0.2720157 0.3111546 0.9099804 -0.2720157 0.3111546 0.9099804 -0.2720157 0.3111546 0.9099804 -0.2720157 0.3111546 0.9099804 -0.2720157 0.3111546 0.9099804 -0.2720157 0.3111546 0.9099804 -0.2720157 0.3111546 0.9099804 -0.5655577 0.407045 0.7181996 -0.5655577 0.407045 0.7181996 -0.5655577 0.407045 0.7181996 -0.5655577 0.407045 0.7181996 -0.5655577 0.407045 0.7181996 -0.5655577 0.407045 0.7181996 -0.5655577 0.407045 0.7181996 -0.5655577 0.407045 0.7181996 -0.6046967 0.6594912 0.4461839 -0.6046967 0.6594912 0.4461839 -0.6046967 0.6594912 0.4461839 -0.6046967 0.6594912 0.4461839 -0.6046967 0.6594912 0.4461839 -0.6046967 0.6594912 0.4461839 -0.6046967 0.6594912 0.4461839 -0.6046967 0.6594912 0.4461839 -0.3502935 0.8414873 0.4129159 -0.3502935 0.8414873 0.4129159 -0.3502935 0.8414873 0.4129159 -0.3502935 0.8414873 0.4129159 -0.3502935 0.8414873 0.4129159 -0.3502935 0.8414873 0.4129159 -0.3502935 0.8414873 0.4129159 -0.3502935 0.8414873 0.4129159 0.2113503 -0.07632094 0.9745597 0.2113503 -0.07632094 0.9745597 0.2113503 -0.07632094 0.9745597 0.2113503 -0.07632094 0.9745597 0.2113503 -0.07632094 0.9745597 0.2113503 -0.07632094 0.9745597 0.2113503 -0.07632094 0.9745597 0.2113503 -0.07632094 0.9745597 0.111546 0.06066536 0.9921722 0.111546 0.06066536 0.9921722 0.111546 0.06066536 0.9921722 0.111546 0.06066536 0.9921722 0.111546 0.06066536 0.9921722 0.111546 0.06066536 0.9921722 0.111546 0.06066536 0.9921722 0.111546 0.06066536 0.9921722 0.3796478 0.08610567 0.9217221 0.3796478 0.08610567 0.9217221 0.3796478 0.08610567 0.9217221 0.3796478 0.08610567 0.9217221 0.3796478 0.08610567 0.9217221 0.3796478 0.08610567 0.9217221 0.3796478 0.08610567 0.9217221 0.3796478 0.08610567 0.9217221 0.5107632 0.4050881 0.7573385 0.5107632 0.4050881 0.7573385 0.5107632 0.4050881 0.7573385 0.5107632 0.4050881 0.7573385 0.5107632 0.4050881 0.7573385 0.5107632 0.4050881 0.7573385 0.5107632 0.4050881 0.7573385 0.5107632 0.4050881 0.7573385 0.0332681 -0.2270059 0.9726027 0.0332681 -0.2270059 0.9726027 0.0332681 -0.2270059 0.9726027 0.0332681 -0.2270059 0.9726027 0.0332681 -0.2270059 0.9726027 0.0332681 -0.2270059 0.9726027 0.0332681 -0.2270059 0.9726027 0.0332681 -0.2270059 0.9726027 0.5322896 0.2113503 0.8199608 0.5322896 0.2113503 0.8199608 0.5322896 0.2113503 0.8199608 0.5322896 0.2113503 0.8199608 0.5322896 0.2113503 0.8199608 0.5322896 0.2113503 0.8199608 0.5322896 0.2113503 0.8199608 0.5322896 0.2113503 0.8199608 -0.2289628 -0.05479452 0.9726027 -0.2289628 -0.05479452 0.9726027 -0.2289628 -0.05479452 0.9726027 -0.2289628 -0.05479452 0.9726027 -0.2289628 -0.05479452 0.9726027 -0.2289628 -0.05479452 0.9726027 -0.2289628 -0.05479452 0.9726027 -0.2289628 -0.05479452 0.9726027 -0.0665362 0.04305284 0.9960861 -0.0665362 0.04305284 0.9960861 -0.0665362 0.04305284 0.9960861 -0.0665362 0.04305284 0.9960861 -0.0665362 0.04305284 0.9960861 -0.0665362 0.04305284 0.9960861 -0.0665362 0.04305284 0.9960861 -0.0665362 0.04305284 0.9960861 0.5636008 0.7162427 0.4109589 0.5636008 0.7162427 0.4109589 0.5636008 0.7162427 0.4109589 0.5636008 0.7162427 0.4109589 0.5636008 0.7162427 0.4109589 0.5636008 0.7162427 0.4109589 0.5636008 0.7162427 0.4109589 0.5636008 0.7162427 0.4109589 0.4305284 0.8630137 0.2661448 0.4305284 0.8630137 0.2661448 0.4305284 0.8630137 0.2661448 0.4305284 0.8630137 0.2661448 0.4305284 0.8630137 0.2661448 0.4305284 0.8630137 0.2661448 0.4305284 0.8630137 0.2661448 0.4305284 0.8630137 0.2661448 0.2328767 -0.1448141 0.960861 0.2328767 -0.1448141 0.960861 0.2328767 -0.1448141 0.960861 0.2328767 -0.1448141 0.960861 0.2328767 -0.1448141 0.960861 0.2328767 -0.1448141 0.960861 0.2328767 -0.1448141 0.960861 0.2328767 -0.1448141 0.960861 0.1448141 -0.05675147 0.9882583 0.1448141 -0.05675147 0.9882583 0.1448141 -0.05675147 0.9882583 0.1448141 -0.05675147 0.9882583 0.1448141 -0.05675147 0.9882583 0.1448141 -0.05675147 0.9882583 0.1448141 -0.05675147 0.9882583 0.1448141 -0.05675147 0.9882583 -0.05870841 0.2289628 0.9726027 -0.05870841 0.2289628 0.9726027 -0.05870841 0.2289628 0.9726027 -0.05870841 0.2289628 0.9726027 -0.05870841 0.2289628 0.9726027 -0.05870841 0.2289628 0.9726027 -0.05870841 0.2289628 0.9726027 -0.05870841 0.2289628 0.9726027 0.1682975 0.8727984 0.4598826 0.1682975 0.8727984 0.4598826 0.1682975 0.8727984 0.4598826 0.1682975 0.8727984 0.4598826 0.1682975 0.8727984 0.4598826 0.1682975 0.8727984 0.4598826 -0.1154599 0.5870842 0.8003914 -0.1154599 0.5870842 0.8003914 -0.1154599 0.5870842 0.8003914 -0.1154599 0.5870842 0.8003914 -0.1154599 0.5870842 0.8003914 -0.1154599 0.5870842 0.8003914 -0.037182 0.8845401 0.4637965 -0.037182 0.8845401 0.4637965 -0.037182 0.8845401 0.4637965 -0.037182 0.8845401 0.4637965 -0.037182 0.8845401 0.4637965 -0.037182 0.8845401 0.4637965 0.01369863 0.6516634 0.7573385 0.01369863 0.6516634 0.7573385 0.01369863 0.6516634 0.7573385 0.01369863 0.6516634 0.7573385 0.01369863 0.6516634 0.7573385 0.01369863 0.6516634 0.7573385 -0.1917808 0.479452 0.8551859 -0.1917808 0.479452 0.8551859 -0.1917808 0.479452 0.8551859 -0.1917808 0.479452 0.8551859 -0.1917808 0.479452 0.8551859 -0.1917808 0.479452 0.8551859 0.2661448 0.5342466 0.8023483 0.2661448 0.5342466 0.8023483 0.2661448 0.5342466 0.8023483 0.2661448 0.5342466 0.8023483 0.2661448 0.5342466 0.8023483 0.2661448 0.5342466 0.8023483 0.007827789 0.6516634 0.7573385 0.007827789 0.6516634 0.7573385 0.007827789 0.6516634 0.7573385 0.007827789 0.6516634 0.7573385 0.007827789 0.6516634 0.7573385 0.007827789 0.6516634 0.7573385 0.2289628 0.6477495 0.7260274 0.2289628 0.6477495 0.7260274 0.2289628 0.6477495 0.7260274 0.2289628 0.6477495 0.7260274 0.2289628 0.6477495 0.7260274 0.2289628 0.6477495 0.7260274 -0.1448141 0.8825831 0.4481409 -0.1448141 0.8825831 0.4481409 -0.1448141 0.8825831 0.4481409 -0.1448141 0.8825831 0.4481409 -0.1448141 0.8825831 0.4481409 -0.1448141 0.8825831 0.4481409 0.06457926 0.9980431 -0.003913894 0.06457926 0.9980431 -0.003913894 0.06457926 0.9980431 -0.003913894 0.06457926 0.9980431 -0.003913894 0.06457926 0.9980431 -0.003913894 0.06457926 0.9980431 -0.003913894 0.2152642 0.739726 0.6379648 0.2152642 0.739726 0.6379648 0.2152642 0.739726 0.6379648 0.2152642 0.739726 0.6379648 0.2152642 0.739726 0.6379648 0.2152642 0.739726 0.6379648 -0.2661448 0.7573385 0.5949119 -0.2661448 0.7573385 0.5949119 -0.2661448 0.7573385 0.5949119 -0.2661448 0.7573385 0.5949119 -0.2661448 0.7573385 0.5949119 -0.2661448 0.7573385 0.5949119 -0.4187867 0.9080235 0.0332681 -0.4187867 0.9080235 0.0332681 -0.4187867 0.9080235 0.0332681 -0.4187867 0.9080235 0.0332681 -0.4187867 0.9080235 0.0332681 -0.4187867 0.9080235 0.0332681 -0.2622309 0.9589041 0.1076321 -0.2622309 0.9589041 0.1076321 -0.2622309 0.9589041 0.1076321 -0.2622309 0.9589041 0.1076321 -0.2622309 0.9589041 0.1076321 -0.2622309 0.9589041 0.1076321 -0.2896282 0.9530333 0.07632094 -0.2896282 0.9530333 0.07632094 -0.2896282 0.9530333 0.07632094 -0.2896282 0.9530333 0.07632094 -0.2896282 0.9530333 0.07632094 -0.2896282 0.9530333 0.07632094 -0.2818004 0.7240704 0.62818 -0.2818004 0.7240704 0.62818 -0.2818004 0.7240704 0.62818 -0.2818004 0.7240704 0.62818 -0.2818004 0.7240704 0.62818 -0.2818004 0.7240704 0.62818 0.2270059 0.8219178 0.5225049 0.2270059 0.8219178 0.5225049 0.2270059 0.8219178 0.5225049 0.2270059 0.8219178 0.5225049 0.2270059 0.8219178 0.5225049 0.2270059 0.8219178 0.5225049 0.1800391 0.9823875 0.04892368 0.1800391 0.9823875 0.04892368 0.1800391 0.9823875 0.04892368 0.1800391 0.9823875 0.04892368 0.1800391 0.9823875 0.04892368 0.1800391 0.9823875 0.04892368 0.05675147 0.592955 0.8023483 0.05675147 0.592955 0.8023483 0.05675147 0.592955 0.8023483 0.05675147 0.592955 0.8023483 0.05675147 0.592955 0.8023483 0.05675147 0.592955 0.8023483 -0.08414873 0.5225049 0.8473581 -0.08414873 0.5225049 0.8473581 -0.08414873 0.5225049 0.8473581 -0.08414873 0.5225049 0.8473581 -0.08414873 0.5225049 0.8473581 -0.08414873 0.5225049 0.8473581 0.146771 0.4305284 0.890411 0.146771 0.4305284 0.890411 0.146771 0.4305284 0.890411 0.146771 0.4305284 0.890411 0.146771 0.4305284 0.890411 0.146771 0.4305284 0.890411 0.555773 0.3620352 0.7475538 0.555773 0.3620352 0.7475538 0.555773 0.3620352 0.7475538 0.555773 0.3620352 0.7475538 0.555773 0.3620352 0.7475538 0.555773 0.3620352 0.7475538 0.295499 0.8258317 0.479452 0.295499 0.8258317 0.479452 0.295499 0.8258317 0.479452 0.295499 0.8258317 0.479452 0.295499 0.8258317 0.479452 0.295499 0.8258317 0.479452 -0.2896282 0.7651663 0.5753425 -0.2896282 0.7651663 0.5753425 -0.2896282 0.7651663 0.5753425 -0.2896282 0.7651663 0.5753425 -0.2896282 0.7651663 0.5753425 -0.2896282 0.7651663 0.5753425 0.369863 0.9295499 0.005870841 0.369863 0.9295499 0.005870841 0.369863 0.9295499 0.005870841 0.369863 0.9295499 0.005870841 0.369863 0.9295499 0.005870841 0.369863 0.9295499 0.005870841 0.1819961 0.9334638 -0.3072407 0.1819961 0.9334638 -0.3072407 0.1819961 0.9334638 -0.3072407 0.1819961 0.9334638 -0.3072407 0.1819961 0.9334638 -0.3072407 0.1819961 0.9334638 -0.3072407 0.2015656 0.7103718 0.6731898 0.2015656 0.7103718 0.6731898 0.2015656 0.7103718 0.6731898 0.2015656 0.7103718 0.6731898 0.2015656 0.7103718 0.6731898 0.2015656 0.7103718 0.6731898 -0.5479452 0.6751468 0.4931507 -0.5479452 0.6751468 0.4931507 -0.5479452 0.6751468 0.4931507 -0.5479452 0.6751468 0.4931507 -0.5479452 0.6751468 0.4931507 -0.5479452 0.6751468 0.4931507 -0.4403131 0.8727984 -0.2113503 -0.4403131 0.8727984 -0.2113503 -0.4403131 0.8727984 -0.2113503 -0.4403131 0.8727984 -0.2113503 -0.4403131 0.8727984 -0.2113503 -0.4403131 0.8727984 -0.2113503 -0.1761252 0.9334638 -0.3111546 -0.1761252 0.9334638 -0.3111546 -0.1761252 0.9334638 -0.3111546 -0.1761252 0.9334638 -0.3111546 -0.1761252 0.9334638 -0.3111546 -0.1761252 0.9334638 -0.3111546 -0.1565558 0.9784736 -0.1389433 -0.1565558 0.9784736 -0.1389433 -0.1565558 0.9784736 -0.1389433 -0.1565558 0.9784736 -0.1389433 -0.1565558 0.9784736 -0.1389433 -0.1565558 0.9784736 -0.1389433 -0.3033268 0.5616438 0.7690802 -0.3033268 0.5616438 0.7690802 -0.3033268 0.5616438 0.7690802 -0.3033268 0.5616438 0.7690802 -0.3033268 0.5616438 0.7690802 -0.3033268 0.5616438 0.7690802 -0.0704501 0.5616438 0.8238748 -0.0704501 0.5616438 0.8238748 -0.0704501 0.5616438 0.8238748 -0.0704501 0.5616438 0.8238748 -0.0704501 0.5616438 0.8238748 -0.0704501 0.5616438 0.8238748 -0.2309198 0.6457925 0.7260274 -0.2309198 0.6457925 0.7260274 -0.2309198 0.6457925 0.7260274 -0.2309198 0.6457925 0.7260274 -0.2309198 0.6457925 0.7260274 -0.2309198 0.6457925 0.7260274 -0.5459883 0.6771037 0.4911937 -0.5459883 0.6771037 0.4911937 -0.5459883 0.6771037 0.4911937 -0.5459883 0.6771037 0.4911937 -0.5459883 0.6771037 0.4911937 -0.5459883 0.6771037 0.4911937 -0.5205479 0.7455969 0.4148728 -0.5205479 0.7455969 0.4148728 -0.5205479 0.7455969 0.4148728 -0.5205479 0.7455969 0.4148728 -0.5205479 0.7455969 0.4148728 -0.5205479 0.7455969 0.4148728 -0.3287671 0.9236791 0.1976517 -0.3287671 0.9236791 0.1976517 -0.3287671 0.9236791 0.1976517 -0.3287671 0.9236791 0.1976517 -0.3287671 0.9236791 0.1976517 -0.3287671 0.9236791 0.1976517 -0.005870841 0.9393346 0.3424658 -0.005870841 0.9393346 0.3424658 -0.005870841 0.9393346 0.3424658 -0.005870841 0.9393346 0.3424658 -0.005870841 0.9393346 0.3424658 -0.005870841 0.9393346 0.3424658 0.3131115 0.9158513 0.2504892 0.3131115 0.9158513 0.2504892 0.3131115 0.9158513 0.2504892 0.3131115 0.9158513 0.2504892 0.3131115 0.9158513 0.2504892 0.3131115 0.9158513 0.2504892 -0.2348337 0.9530333 -0.18591 -0.2348337 0.9530333 -0.18591 -0.2348337 0.9530333 -0.18591 -0.2348337 0.9530333 -0.18591 -0.2348337 0.9530333 -0.18591 -0.2348337 0.9530333 -0.18591 -0.3365949 0.9275929 -0.1643836 -0.3365949 0.9275929 -0.1643836 -0.3365949 0.9275929 -0.1643836 -0.3365949 0.9275929 -0.1643836 -0.3365949 0.9275929 -0.1643836 -0.3365949 0.9275929 -0.1643836 0.592955 0.6144814 0.5205479 0.592955 0.6144814 0.5205479 0.592955 0.6144814 0.5205479 0.592955 0.6144814 0.5205479 0.592955 0.6144814 0.5205479 0.592955 0.6144814 0.5205479 0.3052838 0.5401174 0.7847358 0.3052838 0.5401174 0.7847358 0.3052838 0.5401174 0.7847358 0.3052838 0.5401174 0.7847358 0.3052838 0.5401174 0.7847358 0.3052838 0.5401174 0.7847358 -0.146771 0.9784736 0.1409002 -0.146771 0.9784736 0.1409002 -0.146771 0.9784736 0.1409002 -0.146771 0.9784736 0.1409002 -0.146771 0.9784736 0.1409002 -0.146771 0.9784736 0.1409002 0.003913894 0.2661448 0.964775 0.003913894 0.2661448 0.964775 0.003913894 0.2661448 0.964775 0.003913894 0.2661448 0.964775 0.003913894 0.2661448 0.964775 0.003913894 0.2661448 0.964775 0.5322896 0.7886497 0.3111546 0.5322896 0.7886497 0.3111546 0.5322896 0.7886497 0.3111546 0.5322896 0.7886497 0.3111546 0.5322896 0.7886497 0.3111546 0.5322896 0.7886497 0.3111546 0.4168297 0.8864971 0.1976517 0.4168297 0.8864971 0.1976517 0.4168297 0.8864971 0.1976517 0.4168297 0.8864971 0.1976517 0.4168297 0.8864971 0.1976517 0.4168297 0.8864971 0.1976517 0.4951076 0.8649706 -0.08806262 0.4951076 0.8649706 -0.08806262 0.4951076 0.8649706 -0.08806262 0.4951076 0.8649706 -0.08806262 0.4951076 0.8649706 -0.08806262 0.4951076 0.8649706 -0.08806262 0.03913894 0.8923679 0.4500979 0.03913894 0.8923679 0.4500979 0.03913894 0.8923679 0.4500979 0.03913894 0.8923679 0.4500979 0.03913894 0.8923679 0.4500979 0.03913894 0.8923679 0.4500979 0.4422701 0.3581213 0.8219178 0.4422701 0.3581213 0.8219178 0.4422701 0.3581213 0.8219178 0.4422701 0.3581213 0.8219178 0.4422701 0.3581213 0.8219178 0.4422701 0.3581213 0.8219178 0.3091977 0.7945206 0.5225049 0.3091977 0.7945206 0.5225049 0.3091977 0.7945206 0.5225049 0.3091977 0.7945206 0.5225049 0.3091977 0.7945206 0.5225049 0.3091977 0.7945206 0.5225049 0.37182 0.3620352 0.8551859 0.37182 0.3620352 0.8551859 0.37182 0.3620352 0.8551859 0.37182 0.3620352 0.8551859 0.37182 0.3620352 0.8551859 0.37182 0.3620352 0.8551859 -0.3953033 0.5909981 0.702544 -0.3953033 0.5909981 0.702544 -0.3953033 0.5909981 0.702544 -0.3953033 0.5909981 0.702544 -0.3953033 0.5909981 0.702544 -0.3953033 0.5909981 0.702544 -0.0704501 0.9804305 -0.18591 -0.0704501 0.9804305 -0.18591 -0.0704501 0.9804305 -0.18591 -0.0704501 0.9804305 -0.18591 -0.0704501 0.9804305 -0.18591 -0.0704501 0.9804305 -0.18591 -0.4187867 0.8669276 -0.2700587 -0.4187867 0.8669276 -0.2700587 -0.4187867 0.8669276 -0.2700587 -0.4187867 0.8669276 -0.2700587 -0.4187867 0.8669276 -0.2700587 -0.4187867 0.8669276 -0.2700587 -0.5322896 0.8062623 -0.2563601 -0.5322896 0.8062623 -0.2563601 -0.5322896 0.8062623 -0.2563601 -0.5322896 0.8062623 -0.2563601 -0.5322896 0.8062623 -0.2563601 -0.5322896 0.8062623 -0.2563601 0 0.3894325 0.9217221 0 0.3894325 0.9217221 0 0.3894325 0.9217221 0 0.3894325 0.9217221 0 0.3894325 0.9217221 0 0.3894325 0.9217221 0.4618395 0.5303327 0.7123288 0.4618395 0.5303327 0.7123288 0.4618395 0.5303327 0.7123288 0.4618395 0.5303327 0.7123288 0.4618395 0.5303327 0.7123288 0.4618395 0.5303327 0.7123288 0.4598826 0.6712329 0.5792564 0.4598826 0.6712329 0.5792564 0.4598826 0.6712329 0.5792564 0.4598826 0.6712329 0.5792564 0.4598826 0.6712329 0.5792564 0.4598826 0.6712329 0.5792564 0.02935421 0.9589041 -0.2837573 0.02935421 0.9589041 -0.2837573 0.02935421 0.9589041 -0.2837573 0.02935421 0.9589041 -0.2837573 0.02935421 0.9589041 -0.2837573 0.02935421 0.9589041 -0.2837573 -0.07240704 0.3992172 0.9138943 -0.07240704 0.3992172 0.9138943 -0.07240704 0.3992172 0.9138943 -0.07240704 0.3992172 0.9138943 -0.07240704 0.3992172 0.9138943 -0.07240704 0.3992172 0.9138943 0.3483366 0.3639922 0.8649706 0.3483366 0.3639922 0.8649706 0.3483366 0.3639922 0.8649706 0.3483366 0.3639922 0.8649706 0.3483366 0.3639922 0.8649706 0.3483366 0.3639922 0.8649706 -0.6203523 0.7847358 -0.02152642 -0.6203523 0.7847358 -0.02152642 -0.6203523 0.7847358 -0.02152642 -0.6203523 0.7847358 -0.02152642 -0.6203523 0.7847358 -0.02152642 -0.6203523 0.7847358 -0.02152642 -0.6731898 0.3992172 0.6223092 -0.6731898 0.3992172 0.6223092 -0.6731898 0.3992172 0.6223092 -0.6731898 0.3992172 0.6223092 -0.6731898 0.3992172 0.6223092 -0.6731898 0.3992172 0.6223092 0.1741683 0.962818 -0.2054795 0.1741683 0.962818 -0.2054795 0.1741683 0.962818 -0.2054795 0.1741683 0.962818 -0.2054795 0.1741683 0.962818 -0.2054795 0.1741683 0.962818 -0.2054795 0.4344423 0.4931507 0.7534246 0.4344423 0.4931507 0.7534246 0.4344423 0.4931507 0.7534246 0.4344423 0.4931507 0.7534246 0.4344423 0.4931507 0.7534246 0.4344423 0.4931507 0.7534246 -0.5890411 0.5909981 0.5518591 -0.5890411 0.5909981 0.5518591 -0.5890411 0.5909981 0.5518591 -0.5890411 0.5909981 0.5518591 -0.5890411 0.5909981 0.5518591 -0.5890411 0.5909981 0.5518591 -0.03913894 0.8688846 0.4931507 -0.03913894 0.8688846 0.4931507 -0.03913894 0.8688846 0.4931507 -0.03913894 0.8688846 0.4931507 -0.03913894 0.8688846 0.4931507 -0.03913894 0.8688846 0.4931507 -0.2857143 0.2191781 0.9334638 -0.2857143 0.2191781 0.9334638 -0.2857143 0.2191781 0.9334638 -0.2857143 0.2191781 0.9334638 -0.2857143 0.2191781 0.9334638 -0.2857143 0.2191781 0.9334638 -0.1193738 0.6966732 0.7084149 -0.1193738 0.6966732 0.7084149 -0.1193738 0.6966732 0.7084149 -0.1193738 0.6966732 0.7084149 -0.1193738 0.6966732 0.7084149 -0.1193738 0.6966732 0.7084149 -0.05870841 0.4324853 0.9001957 -0.05870841 0.4324853 0.9001957 -0.05870841 0.4324853 0.9001957 -0.05870841 0.4324853 0.9001957 -0.05870841 0.4324853 0.9001957 -0.05870841 0.4324853 0.9001957 -0.01956947 0.3170255 0.9471624 -0.01956947 0.3170255 0.9471624 -0.01956947 0.3170255 0.9471624 -0.01956947 0.3170255 0.9471624 -0.01956947 0.3170255 0.9471624 -0.01956947 0.3170255 0.9471624 0.08610567 0.4970646 0.8630137 0.08610567 0.4970646 0.8630137 0.08610567 0.4970646 0.8630137 0.08610567 0.4970646 0.8630137 0.08610567 0.4970646 0.8630137 0.08610567 0.4970646 0.8630137 0.5479452 0.8023483 0.2348337 0.5479452 0.8023483 0.2348337 0.5479452 0.8023483 0.2348337 0.5479452 0.8023483 0.2348337 0.5479452 0.8023483 0.2348337 0.5479452 0.8023483 0.2348337 0.4579256 0.2113503 0.8630137 0.4579256 0.2113503 0.8630137 0.4579256 0.2113503 0.8630137 0.4579256 0.2113503 0.8630137 0.4579256 0.2113503 0.8630137 0.4579256 0.2113503 0.8630137 -0.2407045 0.07827789 0.9667319 -0.2407045 0.07827789 0.9667319 -0.2407045 0.07827789 0.9667319 -0.2407045 0.07827789 0.9667319 -0.2407045 0.07827789 0.9667319 -0.2407045 0.07827789 0.9667319 0.007827789 0.05479452 0.9980431 0.007827789 0.05479452 0.9980431 0.007827789 0.05479452 0.9980431 0.007827789 0.05479452 0.9980431 0.007827789 0.05479452 0.9980431 0.007827789 0.05479452 0.9980431 -0.2641879 0.3796478 0.8864971 -0.2641879 0.3796478 0.8864971 -0.2641879 0.3796478 0.8864971 -0.2641879 0.3796478 0.8864971 -0.2641879 0.3796478 0.8864971 -0.2641879 0.3796478 0.8864971 -0.4637965 0.5401174 0.7005871 -0.4637965 0.5401174 0.7005871 -0.4637965 0.5401174 0.7005871 -0.4637965 0.5401174 0.7005871 -0.4637965 0.5401174 0.7005871 -0.4637965 0.5401174 0.7005871 -0.0704501 0.06262231 0.9960861 -0.0704501 0.06262231 0.9960861 -0.0704501 0.06262231 0.9960861 -0.0704501 0.06262231 0.9960861 -0.0704501 0.06262231 0.9960861 -0.0704501 0.06262231 0.9960861 0.4363992 0.2524462 0.8630137 0.4363992 0.2524462 0.8630137 0.4363992 0.2524462 0.8630137 0.4363992 0.2524462 0.8630137 0.4363992 0.2524462 0.8630137 0.4363992 0.2524462 0.8630137 0.7475538 0.4911937 0.444227 0.7475538 0.4911937 0.444227 0.7475538 0.4911937 0.444227 0.7475538 0.4911937 0.444227 0.7475538 0.4911937 0.444227 0.7475538 0.4911937 0.444227 -0.7358121 0.2524462 0.62818 -0.7358121 0.2524462 0.62818 -0.7358121 0.2524462 0.62818 -0.7358121 0.2524462 0.62818 -0.7358121 0.2524462 0.62818 -0.7358121 0.2524462 0.62818 0.3679061 0.9178082 -0.1526419 0.3679061 0.9178082 -0.1526419 0.3679061 0.9178082 -0.1526419 0.3679061 0.9178082 -0.1526419 0.3679061 0.9178082 -0.1526419 0.3679061 0.9178082 -0.1526419 -0.6203523 0.3209393 0.7142857 -0.6203523 0.3209393 0.7142857 -0.6203523 0.3209393 0.7142857 -0.6203523 0.3209393 0.7142857 -0.6203523 0.3209393 0.7142857 -0.6203523 0.3209393 0.7142857 0.148728 -0.05088063 0.9882583 0.148728 -0.05088063 0.9882583 0.148728 -0.05088063 0.9882583 0.148728 -0.05088063 0.9882583 0.148728 -0.05088063 0.9882583 0.148728 -0.05088063 0.9882583 0.1898239 -0.3131115 0.9295499 0.1898239 -0.3131115 0.9295499 0.1898239 -0.3131115 0.9295499 0.1898239 -0.3131115 0.9295499 0.1898239 -0.3131115 0.9295499 0.1898239 -0.3131115 0.9295499 -0.2485323 -0.09001957 0.964775 -0.2485323 -0.09001957 0.964775 -0.2485323 -0.09001957 0.964775 -0.2485323 -0.09001957 0.964775 -0.2485323 -0.09001957 0.964775 -0.2485323 -0.09001957 0.964775 -0.1956947 -0.09393346 0.9765166 -0.1956947 -0.09393346 0.9765166 -0.1956947 -0.09393346 0.9765166 -0.1956947 -0.09393346 0.9765166 -0.1956947 -0.09393346 0.9765166 -0.1956947 -0.09393346 0.9765166 -0.2074364 -0.05479452 0.9765166 -0.2074364 -0.05479452 0.9765166 -0.2074364 -0.05479452 0.9765166 -0.2074364 -0.05479452 0.9765166 -0.2074364 -0.05479452 0.9765166 -0.2074364 -0.05479452 0.9765166 -0.111546 -0.1056751 0.9882583 -0.111546 -0.1056751 0.9882583 -0.111546 -0.1056751 0.9882583 -0.111546 -0.1056751 0.9882583 -0.111546 -0.1056751 0.9882583 -0.111546 -0.1056751 0.9882583 0.1369863 -0.1428571 0.9804305 0.1369863 -0.1428571 0.9804305 0.1369863 -0.1428571 0.9804305 0.1369863 -0.1428571 0.9804305 0.1369863 -0.1428571 0.9804305 0.1369863 -0.1428571 0.9804305 0.5420744 0.1643836 0.8238748 0.5420744 0.1643836 0.8238748 0.5420744 0.1643836 0.8238748 0.5420744 0.1643836 0.8238748 0.5420744 0.1643836 0.8238748 0.5420744 0.1643836 0.8238748 0.4227006 0.8688846 0.260274 0.4227006 0.8688846 0.260274 0.4227006 0.8688846 0.260274 0.4227006 0.8688846 0.260274 0.4227006 0.8688846 0.260274 0.4227006 0.8688846 0.260274 -0.7455969 -0.1643836 0.6457925 -0.7455969 -0.1643836 0.6457925 -0.7455969 -0.1643836 0.6457925 -0.7455969 -0.1643836 0.6457925 -0.7455969 -0.1643836 0.6457925 -0.7455969 -0.1643836 0.6457925 0.02739726 -0.1624266 0.9863014 0.02739726 -0.1624266 0.9863014 0.02739726 -0.1624266 0.9863014 0.02739726 -0.1624266 0.9863014 0.02739726 -0.1624266 0.9863014 0.02739726 -0.1624266 0.9863014 0.1545988 0.005870841 0.9882583 0.1545988 0.005870841 0.9882583 0.1545988 0.005870841 0.9882583 0.1545988 0.005870841 0.9882583 0.1545988 0.005870841 0.9882583 0.1545988 0.005870841 0.9882583 -0.3874756 0.1154599 0.9138943 -0.3874756 0.1154599 0.9138943 -0.3874756 0.1154599 0.9138943 -0.3874756 0.1154599 0.9138943 -0.3874756 0.1154599 0.9138943 -0.3874756 0.1154599 0.9138943 0.01369863 0.08023483 0.9960861 0.01369863 0.08023483 0.9960861 0.01369863 0.08023483 0.9960861 0.01369863 0.08023483 0.9960861 0.01369863 0.08023483 0.9960861 0.01369863 0.08023483 0.9960861 0.05088063 0.1780822 0.9823875 0.05088063 0.1780822 0.9823875 0.05088063 0.1780822 0.9823875 0.05088063 0.1780822 0.9823875 0.05088063 0.1780822 0.9823875 0.05088063 0.1780822 0.9823875</float_array>
          <technique_common>
            <accessor source="#L01_010__mTreeOakLeaf-normal-array" count="832" stride="3">
              <param name="X" type="float" />
              <param name="Y" type="float" />
              <param name="Z" type="float" />
            </accessor>
          </technique_common>
        </source>
        <source id="L01_010__mTreeOakLeaf-color">
          <float_array id="L01_010__mTreeOakLeaf-color-array" count="3328">5.296875 12.19531 4.699219 1 5.296875 12.19531 4.699219 1 5.296875 12.19531 4.699219 1 5.296875 12.19531 4.699219 1 5.296875 12.19531 4.699219 1 5.296875 12.19531 4.699219 1 5.296875 12.19531 4.699219 1 5.296875 12.19531 4.699219 1 1 1 1 0.0009994507 1 1 1 0.0009994507 1 1 1 0.0009994507 1 1 1 0.0009994507 1 1 1 0.0009994507 1 1 1 0.0009994507 1 1 1 0.0009994507 1 1 1 0.0009994507 1 1 1 0.0009994507 1 1 1 0.0009994507 1 1 1 0.0009994507 1 1 1 0.0009994507 1 1 1 0.0009994507 1 1 1 0.0009994507 1 1 1 0.0009994507 1 1 1 0.0009994507 9 14.79688 1.899414 1 9 14.79688 1.899414 1 9 14.79688 1.899414 1 9 14.79688 1.899414 1 9 14.79688 1.899414 1 9 14.79688 1.899414 1 9 14.79688 1.899414 1 9 14.79688 1.899414 1 -2.699219 12.59375 4.199219 1 -2.699219 12.59375 4.199219 1 -2.699219 12.59375 4.199219 1 -2.699219 12.59375 4.199219 1 -2.699219 12.59375 4.199219 1 -2.699219 12.59375 4.199219 1 -2.699219 12.59375 4.199219 1 -2.699219 12.59375 4.199219 1 -7.597656 13.59375 3.599609 1 -7.597656 13.59375 3.599609 1 -7.597656 13.59375 3.599609 1 -7.597656 13.59375 3.599609 1 -7.597656 13.59375 3.599609 1 -7.597656 13.59375 3.599609 1 -7.597656 13.59375 3.599609 1 -7.597656 13.59375 3.599609 1 1 1 1 0.0009994507 1 1 1 0.0009994507 1 1 1 0.0009994507 1 1 1 0.0009994507 1 1 1 0.0009994507 1 1 1 0.0009994507 1 1 1 0.0009994507 1 1 1 0.0009994507 1 1 1 0.0009994507 1 1 1 0.0009994507 1 1 1 0.0009994507 1 1 1 0.0009994507 1 1 1 0.0009994507 1 1 1 0.0009994507 1 1 1 0.0009994507 1 1 1 0.0009994507 1 1 1 0.0009994507 1 1 1 0.0009994507 1 1 1 0.0009994507 1 1 1 0.0009994507 1 1 1 0.0009994507 1 1 1 0.0009994507 1 1 1 0.0009994507 1 1 1 0.0009994507 1 1 1 0.0009994507 1 1 1 0.0009994507 1 1 1 0.0009994507 1 1 1 0.0009994507 1 1 1 0.0009994507 1 1 1 0.0009994507 1 1 1 0.0009994507 1 1 1 0.0009994507 1 1 1 0.0009994507 1 1 1 0.0009994507 1 1 1 0.0009994507 1 1 1 0.0009994507 1 1 1 0.0009994507 1 1 1 0.0009994507 1 1 1 0.0009994507 1 1 1 0.0009994507 1 1 1 0.0009994507 1 1 1 0.0009994507 1 1 1 0.0009994507 1 1 1 0.0009994507 1 1 1 0.0009994507 1 1 1 0.0009994507 1 1 1 0.0009994507 1 1 1 0.0009994507 -1.799805 19.79688 1.5 1 -1.799805 19.79688 1.5 1 -1.799805 19.79688 1.5 1 -1.799805 19.79688 1.5 1 -1.799805 19.79688 1.5 1 -1.799805 19.79688 1.5 1 -1.799805 19.79688 1.5 1 -1.799805 19.79688 1.5 1 1 1 1 0.0009994507 1 1 1 0.0009994507 1 1 1 0.0009994507 1 1 1 0.0009994507 1 1 1 0.0009994507 1 1 1 0.0009994507 1 1 1 0.0009994507 1 1 1 0.0009994507 1 1 1 0.0009994507 1 1 1 0.0009994507 1 1 1 0.0009994507 1 1 1 0.0009994507 1 1 1 0.0009994507 1 1 1 0.0009994507 1 1 1 0.0009994507 1 1 1 0.0009994507 1 1 1 0.0009994507 1 1 1 0.0009994507 1 1 1 0.0009994507 1 1 1 0.0009994507 1 1 1 0.0009994507 1 1 1 0.0009994507 1 1 1 0.0009994507 1 1 1 0.0009994507 6.597656 10.29688 1.5 1 6.597656 10.29688 1.5 1 6.597656 10.29688 1.5 1 6.597656 10.29688 1.5 1 6.597656 10.29688 1.5 1 6.597656 10.29688 1.5 1 6.597656 10.29688 1.5 1 6.597656 10.29688 1.5 1 1 1 1 0.0009994507 1 1 1 0.0009994507 1 1 1 0.0009994507 1 1 1 0.0009994507 1 1 1 0.0009994507 1 1 1 0.0009994507 1 1 1 0.0009994507 1 1 1 0.0009994507 6.597656 11 3.199219 1 6.597656 11 3.199219 1 6.597656 11 3.199219 1 6.597656 11 3.199219 1 6.597656 11 3.199219 1 6.597656 11 3.199219 1 6.597656 11 3.199219 1 6.597656 11 3.199219 1 8.5 13 2.5 1 8.5 13 2.5 1 8.5 13 2.5 1 8.5 13 2.5 1 8.5 13 2.5 1 8.5 13 2.5 1 8.5 13 2.5 1 8.5 13 2.5 1 5.097656 9.898438 -1.399414 1 5.097656 9.898438 -1.399414 1 5.097656 9.898438 -1.399414 1 5.097656 9.898438 -1.399414 1 5.097656 9.898438 -1.399414 1 5.097656 9.898438 -1.399414 1 5.097656 9.898438 -1.399414 1 5.097656 9.898438 -1.399414 1 1 1 1 0.0009994507 1 1 1 0.0009994507 1 1 1 0.0009994507 1 1 1 0.0009994507 1 1 1 0.0009994507 1 1 1 0.0009994507 1 1 1 0.0009994507 1 1 1 0.0009994507 -6.699219 10.89844 -1.5 1 -6.699219 10.89844 -1.5 1 -6.699219 10.89844 -1.5 1 -6.699219 10.89844 -1.5 1 -6.699219 10.89844 -1.5 1 -6.699219 10.89844 -1.5 1 -6.699219 10.89844 -1.5 1 -6.699219 10.89844 -1.5 1 -5.398438 11.89844 4.097656 1 -5.398438 11.89844 4.097656 1 -5.398438 11.89844 4.097656 1 -5.398438 11.89844 4.097656 1 -5.398438 11.89844 4.097656 1 -5.398438 11.89844 4.097656 1 -5.398438 11.89844 4.097656 1 -5.398438 11.89844 4.097656 1 1 1 1 0.0009994507 1 1 1 0.0009994507 1 1 1 0.0009994507 1 1 1 0.0009994507 1 1 1 0.0009994507 1 1 1 0.0009994507 1 1 1 0.0009994507 1 1 1 0.0009994507 1 1 1 0.0009994507 1 1 1 0.0009994507 1 1 1 0.0009994507 1 1 1 0.0009994507 1 1 1 0.0009994507 1 1 1 0.0009994507 1 1 1 0.0009994507 1 1 1 0.0009994507 1 1 1 0.0009994507 1 1 1 0.0009994507 1 1 1 0.0009994507 1 1 1 0.0009994507 1 1 1 0.0009994507 1 1 1 0.0009994507 1 1 1 0.0009994507 1 1 1 0.0009994507 4.5 9.796875 0.5996094 1 4.5 9.796875 0.5996094 1 4.5 9.796875 0.5996094 1 4.5 9.796875 0.5996094 1 4.5 9.796875 0.5996094 1 4.5 9.796875 0.5996094 1 4.5 9.796875 0.5996094 1 4.5 9.796875 0.5996094 1 1 1 1 0.0009994507 1 1 1 0.0009994507 1 1 1 0.0009994507 1 1 1 0.0009994507 1 1 1 0.0009994507 1 1 1 0.0009994507 1 1 1 0.0009994507 1 1 1 0.0009994507 4.597656 18.1875 2.398438 1 4.597656 18.1875 2.398438 1 4.597656 18.1875 2.398438 1 4.597656 18.1875 2.398438 1 4.597656 18.1875 2.398438 1 4.597656 18.1875 2.398438 1 -4.796875 17 3.5 1 -4.796875 17 3.5 1 -4.796875 17 3.5 1 -4.796875 17 3.5 1 -4.796875 17 3.5 1 -4.796875 17 3.5 1 -4.398438 18.29688 1.299805 0.7998047 -4.398438 18.29688 1.299805 0.7998047 -4.398438 18.29688 1.299805 0.7998047 -4.398438 18.29688 1.299805 0.7998047 -4.398438 18.29688 1.299805 0.7998047 -4.398438 18.29688 1.299805 0.7998047 0.2998047 23.89063 0.699707 1 0.2998047 23.89063 0.699707 1 0.2998047 23.89063 0.699707 1 0.2998047 23.89063 0.699707 1 0.2998047 23.89063 0.699707 1 0.2998047 23.89063 0.699707 1 1.599609 16.1875 4.5 1 1.599609 16.1875 4.5 1 1.599609 16.1875 4.5 1 1.599609 16.1875 4.5 1 1.599609 16.1875 4.5 1 1.599609 16.1875 4.5 1 6.796875 15.5 4.398438 1 6.796875 15.5 4.398438 1 6.796875 15.5 4.398438 1 6.796875 15.5 4.398438 1 6.796875 15.5 4.398438 1 6.796875 15.5 4.398438 1 4.296875 17.1875 4 1 4.296875 17.1875 4 1 4.296875 17.1875 4 1 4.296875 17.1875 4 1 4.296875 17.1875 4 1 4.296875 17.1875 4 1 6.5 17 3.5 1 6.5 17 3.5 1 6.5 17 3.5 1 6.5 17 3.5 1 6.5 17 3.5 1 6.5 17 3.5 1 3.099609 18.1875 1.599609 0.5 3.099609 18.1875 1.599609 0.5 3.099609 18.1875 1.599609 0.5 3.099609 18.1875 1.599609 0.5 3.099609 18.1875 1.599609 0.5 3.099609 18.1875 1.599609 0.5 1 1 1 0.0009994507 1 1 1 0.0009994507 1 1 1 0.0009994507 1 1 1 0.0009994507 1 1 1 0.0009994507 1 1 1 0.0009994507 -2.298828 17.5 3 1 -2.298828 17.5 3 1 -2.298828 17.5 3 1 -2.298828 17.5 3 1 -2.298828 17.5 3 1 -2.298828 17.5 3 1 -6.097656 17.89063 1.599609 0.7998047 -6.097656 17.89063 1.599609 0.7998047 -6.097656 17.89063 1.599609 0.7998047 -6.097656 17.89063 1.599609 0.7998047 -6.097656 17.89063 1.599609 0.7998047 -6.097656 17.89063 1.599609 0.7998047 -6.398438 17.79688 -1.199219 0.7998047 -6.398438 17.79688 -1.199219 0.7998047 -6.398438 17.79688 -1.199219 0.7998047 -6.398438 17.79688 -1.199219 0.7998047 -6.398438 17.79688 -1.199219 0.7998047 -6.398438 17.79688 -1.199219 0.7998047 1 1 1 0.0009994507 1 1 1 0.0009994507 1 1 1 0.0009994507 1 1 1 0.0009994507 1 1 1 0.0009994507 1 1 1 0.0009994507 1 1 1 0.0009994507 1 1 1 0.0009994507 1 1 1 0.0009994507 1 1 1 0.0009994507 1 1 1 0.0009994507 1 1 1 0.0009994507 -1.699219 24.1875 -0.3999023 0.7998047 -1.699219 24.1875 -0.3999023 0.7998047 -1.699219 24.1875 -0.3999023 0.7998047 -1.699219 24.1875 -0.3999023 0.7998047 -1.699219 24.1875 -0.3999023 0.7998047 -1.699219 24.1875 -0.3999023 0.7998047 1.399414 24.79688 -0.5996094 1 1.399414 24.79688 -0.5996094 1 1.399414 24.79688 -0.5996094 1 1.399414 24.79688 -0.5996094 1 1.399414 24.79688 -0.5996094 1 1.399414 24.79688 -0.5996094 1 -0.09997559 25 -3 1 -0.09997559 25 -3 1 -0.09997559 25 -3 1 -0.09997559 25 -3 1 -0.09997559 25 -3 1 -0.09997559 25 -3 1 4.398438 15.5 5 1 4.398438 15.5 5 1 4.398438 15.5 5 1 4.398438 15.5 5 1 4.398438 15.5 5 1 4.398438 15.5 5 1 3.5 14.59375 5.296875 1 3.5 14.59375 5.296875 1 3.5 14.59375 5.296875 1 3.5 14.59375 5.296875 1 3.5 14.59375 5.296875 1 3.5 14.59375 5.296875 1 6.199219 14.5 5 1 6.199219 14.5 5 1 6.199219 14.5 5 1 6.199219 14.5 5 1 6.199219 14.5 5 1 6.199219 14.5 5 1 8.195313 15.19531 3.599609 1 8.195313 15.19531 3.599609 1 8.195313 15.19531 3.599609 1 8.195313 15.19531 3.599609 1 8.195313 15.19531 3.599609 1 8.195313 15.19531 3.599609 1 1 1 1 0.0009994507 1 1 1 0.0009994507 1 1 1 0.0009994507 1 1 1 0.0009994507 1 1 1 0.0009994507 1 1 1 0.0009994507 2 17.39063 2.599609 0.3999023 2 17.39063 2.599609 0.3999023 2 17.39063 2.599609 0.3999023 2 17.39063 2.599609 0.3999023 2 17.39063 2.599609 0.3999023 2 17.39063 2.599609 0.3999023 1 1 1 0.0009994507 1 1 1 0.0009994507 1 1 1 0.0009994507 1 1 1 0.0009994507 1 1 1 0.0009994507 1 1 1 0.0009994507 1 1 1 0.0009994507 1 1 1 0.0009994507 1 1 1 0.0009994507 1 1 1 0.0009994507 1 1 1 0.0009994507 1 1 1 0.0009994507 1 1 1 0.0009994507 1 1 1 0.0009994507 1 1 1 0.0009994507 1 1 1 0.0009994507 1 1 1 0.0009994507 1 1 1 0.0009994507 -7.296875 17.1875 1 0.7998047 -7.296875 17.1875 1 0.7998047 -7.296875 17.1875 1 0.7998047 -7.296875 17.1875 1 0.7998047 -7.296875 17.1875 1 0.7998047 -7.296875 17.1875 1 0.7998047 -6.796875 17.29688 -2.5 0.7998047 -6.796875 17.29688 -2.5 0.7998047 -6.796875 17.29688 -2.5 0.7998047 -6.796875 17.29688 -2.5 0.7998047 -6.796875 17.29688 -2.5 0.7998047 -6.796875 17.29688 -2.5 0.7998047 1 1 1 0.0009994507 1 1 1 0.0009994507 1 1 1 0.0009994507 1 1 1 0.0009994507 1 1 1 0.0009994507 1 1 1 0.0009994507 1 1 1 0.0009994507 1 1 1 0.0009994507 1 1 1 0.0009994507 1 1 1 0.0009994507 1 1 1 0.0009994507 1 1 1 0.0009994507 -6.398438 15.29688 4 1 -6.398438 15.29688 4 1 -6.398438 15.29688 4 1 -6.398438 15.29688 4 1 -6.398438 15.29688 4 1 -6.398438 15.29688 4 1 -3.5 15.59375 4.296875 0.7998047 -3.5 15.59375 4.296875 0.7998047 -3.5 15.59375 4.296875 0.7998047 -3.5 15.59375 4.296875 0.7998047 -3.5 15.59375 4.296875 0.7998047 -3.5 15.59375 4.296875 0.7998047 -1.5 22.6875 0.699707 1 -1.5 22.6875 0.699707 1 -1.5 22.6875 0.699707 1 -1.5 22.6875 0.699707 1 -1.5 22.6875 0.699707 1 -1.5 22.6875 0.699707 1 -3.898438 22.5 -1 0.7998047 -3.898438 22.5 -1 0.7998047 -3.898438 22.5 -1 0.7998047 -3.898438 22.5 -1 0.7998047 -3.898438 22.5 -1 0.7998047 -3.898438 22.5 -1 0.7998047 -2.898438 23.79688 -1.399414 0.699707 -2.898438 23.79688 -1.399414 0.699707 -2.898438 23.79688 -1.399414 0.699707 -2.898438 23.79688 -1.399414 0.699707 -2.898438 23.79688 -1.399414 0.699707 -2.898438 23.79688 -1.399414 0.699707 -1.199219 25 -3 1 -1.199219 25 -3 1 -1.199219 25 -3 1 -1.199219 25 -3 1 -1.199219 25 -3 1 -1.199219 25 -3 1 -0.1999512 25.29688 -2.5 0.7998047 -0.1999512 25.29688 -2.5 0.7998047 -0.1999512 25.29688 -2.5 0.7998047 -0.1999512 25.29688 -2.5 0.7998047 -0.1999512 25.29688 -2.5 0.7998047 -0.1999512 25.29688 -2.5 0.7998047 1.599609 25 -2.5 1 1.599609 25 -2.5 1 1.599609 25 -2.5 1 1.599609 25 -2.5 1 1.599609 25 -2.5 1 1.599609 25 -2.5 1 -0.3999023 24.59375 -3.398438 1 -0.3999023 24.59375 -3.398438 1 -0.3999023 24.59375 -3.398438 1 -0.3999023 24.59375 -3.398438 1 -0.3999023 24.59375 -3.398438 1 -0.3999023 24.59375 -3.398438 1 -2 24.09375 -3.199219 1 -2 24.09375 -3.199219 1 -2 24.09375 -3.199219 1 -2 24.09375 -3.199219 1 -2 24.09375 -3.199219 1 -2 24.09375 -3.199219 1 3.798828 23.39063 -0.699707 1 3.798828 23.39063 -0.699707 1 3.798828 23.39063 -0.699707 1 3.798828 23.39063 -0.699707 1 3.798828 23.39063 -0.699707 1 3.798828 23.39063 -0.699707 1 2.5 22.39063 1.399414 1 2.5 22.39063 1.399414 1 2.5 22.39063 1.399414 1 2.5 22.39063 1.399414 1 2.5 22.39063 1.399414 1 2.5 22.39063 1.399414 1 -5 18.1875 -1.299805 0.7998047 -5 18.1875 -1.299805 0.7998047 -5 18.1875 -1.299805 0.7998047 -5 18.1875 -1.299805 0.7998047 -5 18.1875 -1.299805 0.7998047 -5 18.1875 -1.299805 0.7998047 5.296875 13.19531 5.398438 1 5.296875 13.19531 5.398438 1 5.296875 13.19531 5.398438 1 5.296875 13.19531 5.398438 1 5.296875 13.19531 5.398438 1 5.296875 13.19531 5.398438 1 7.699219 16.79688 1.799805 0.7998047 7.699219 16.79688 1.799805 0.7998047 7.699219 16.79688 1.799805 0.7998047 1 1 1 0.0009994507 7.699219 16.79688 1.799805 0.7998047 7.699219 16.79688 1.799805 0.7998047 6.5 18 1.199219 0.7998047 6.5 18 1.199219 0.7998047 6.5 18 1.199219 0.7998047 6.5 18 1.199219 0.7998047 6.5 18 1.199219 0.7998047 6.5 18 1.199219 0.7998047 1 1 1 0.0009994507 1 1 1 0.0009994507 1 1 1 0.0009994507 1 1 1 0.0009994507 1 1 1 0.0009994507 1 1 1 0.0009994507 1 1 1 0.0009994507 1 1 1 0.0009994507 1 1 1 0.0009994507 1 1 1 0.0009994507 1 1 1 0.0009994507 1 1 1 0.0009994507 7.398438 13.39844 4.398438 1 7.398438 13.39844 4.398438 1 7.398438 13.39844 4.398438 1 7.398438 13.39844 4.398438 1 7.398438 13.39844 4.398438 1 7.398438 13.39844 4.398438 1 1 1 1 0.0009994507 1 1 1 0.0009994507 1 1 1 0.0009994507 1 1 1 0.0009994507 1 1 1 0.0009994507 1 1 1 0.0009994507 -2.199219 14.19531 4.199219 1 -2.199219 14.19531 4.199219 1 -2.199219 14.19531 4.199219 1 -2.199219 14.19531 4.199219 1 -2.199219 14.19531 4.199219 1 -2.199219 14.19531 4.199219 1 -7.699219 14.89844 3.199219 1 -7.699219 14.89844 3.199219 1 -7.699219 14.89844 3.199219 1 -7.699219 14.89844 3.199219 1 -7.699219 14.89844 3.199219 1 -7.699219 14.89844 3.199219 1 1 1 1 0.0009994507 1 1 1 0.0009994507 1 1 1 0.0009994507 1 1 1 0.0009994507 1 1 1 0.0009994507 1 1 1 0.0009994507 1 1 1 0.0009994507 1 1 1 0.0009994507 1 1 1 0.0009994507 1 1 1 0.0009994507 1 1 1 0.0009994507 1 1 1 0.0009994507 1 1 1 0.0009994507 1 1 1 0.0009994507 1 1 1 0.0009994507 1 1 1 0.0009994507 1 1 1 0.0009994507 1 1 1 0.0009994507 -4.398438 14.39844 4.699219 1 -4.398438 14.39844 4.699219 1 -4.398438 14.39844 4.699219 1 -4.398438 14.39844 4.699219 1 -4.398438 14.39844 4.699219 1 -4.398438 14.39844 4.699219 1 3.398438 21.59375 1 1 3.398438 21.59375 1 1 3.398438 21.59375 1 1 3.398438 21.59375 1 1 3.398438 21.59375 1 1 3.398438 21.59375 1 1 1 1 1 0.0009994507 1 1 1 0.0009994507 1 1 1 0.0009994507 1 1 1 0.0009994507 1 1 1 0.0009994507 1 1 1 0.0009994507 1 1 1 0.0009994507 1 1 1 0.0009994507 1 1 1 0.0009994507 1 1 1 0.0009994507 1 1 1 0.0009994507 1 1 1 0.0009994507 -0.7998047 21.1875 1.799805 1 -0.7998047 21.1875 1.799805 1 -0.7998047 21.1875 1.799805 1 -0.7998047 21.1875 1.799805 1 -0.7998047 21.1875 1.799805 1 -0.7998047 21.1875 1.799805 1 2.298828 20.59375 1.799805 1 2.298828 20.59375 1.799805 1 2.298828 20.59375 1.799805 1 2.298828 20.59375 1.799805 1 2.298828 20.59375 1.799805 1 2.298828 20.59375 1.799805 1 -8 16.29688 -1.199219 0.7998047 -8 16.29688 -1.199219 0.7998047 -8 16.29688 -1.199219 0.7998047 -8 16.29688 -1.199219 0.7998047 -8 16.29688 -1.199219 0.7998047 -8 16.29688 -1.199219 0.7998047 -4.398438 21.29688 -0.2998047 0.699707 -4.398438 21.29688 -0.2998047 0.699707 -4.398438 21.29688 -0.2998047 0.699707 -4.398438 21.29688 -0.2998047 0.699707 -4.398438 21.29688 -0.2998047 0.699707 -4.398438 21.29688 -0.2998047 0.699707 1 1 1 0.0009994507 1 1 1 0.0009994507 1 1 1 0.0009994507 1 1 1 0.0009994507 1 1 1 0.0009994507 1 1 1 0.0009994507 -1.699219 14.89844 4 1 -1.699219 14.89844 4 1 -1.699219 14.89844 4 1 -1.699219 14.89844 4 1 -1.699219 14.89844 4 1 -1.699219 14.89844 4 1 -8.09375 16.09375 1.299805 0.5996094 -8.09375 16.09375 1.299805 0.5996094 -8.09375 16.09375 1.299805 0.5996094 -8.09375 16.09375 1.299805 0.5996094 -8.09375 16.09375 1.299805 0.5996094 -8.09375 16.09375 1.299805 0.5996094 1 1 1 0.0009994507 1 1 1 0.0009994507 1 1 1 0.0009994507 1 1 1 0.0009994507 1 1 1 0.0009994507 1 1 1 0.0009994507 -6.296875 13.39844 4.597656 1 -6.296875 13.39844 4.597656 1 -6.296875 13.39844 4.597656 1 -6.296875 13.39844 4.597656 1 -6.296875 13.39844 4.597656 1 -6.296875 13.39844 4.597656 1 1 1 1 0.0009994507 1 1 1 0.0009994507 1 1 1 0.0009994507 1 1 1 0.0009994507 1 1 1 0.0009994507 1 1 1 0.0009994507 1 1 1 0.0009994507 1 1 1 0.0009994507 1 1 1 0.0009994507 1 1 1 0.0009994507 1 1 1 0.0009994507 1 1 1 0.0009994507 0 20.39063 1.899414 1 0 20.39063 1.899414 1 0 20.39063 1.899414 1 0 20.39063 1.899414 1 0 20.39063 1.899414 1 0 20.39063 1.899414 1 1 1 1 0.0009994507 1 1 1 0.0009994507 1 1 1 0.0009994507 1 1 1 0.0009994507 1 1 1 0.0009994507 1 1 1 0.0009994507 3.099609 24.1875 -2.398438 0.7998047 3.099609 24.1875 -2.398438 0.7998047 3.099609 24.1875 -2.398438 0.7998047 3.099609 24.1875 -2.398438 0.7998047 3.099609 24.1875 -2.398438 0.7998047 3.099609 24.1875 -2.398438 0.7998047 7.898438 12.09375 3 1 7.898438 12.09375 3 1 7.898438 12.09375 3 1 7.898438 12.09375 3 1 7.898438 12.09375 3 1 7.898438 12.09375 3 1 2.398438 13 5.199219 1 2.398438 13 5.199219 1 2.398438 13 5.199219 1 2.398438 13 5.199219 1 2.398438 13 5.199219 1 2.398438 13 5.199219 1 -4 12.69531 4.796875 1 -4 12.69531 4.796875 1 -4 12.69531 4.796875 1 -4 12.69531 4.796875 1 -4 12.69531 4.796875 1 -4 12.69531 4.796875 1 1 1 1 0.0009994507 1 1 1 0.0009994507 1 1 1 0.0009994507 1 1 1 0.0009994507 1 1 1 0.0009994507 1 1 1 0.0009994507 1 1 1 0.0009994507 1 1 1 0.0009994507 1 1 1 0.0009994507 1 1 1 0.0009994507 1 1 1 0.0009994507 1 1 1 0.0009994507 1 1 1 0.0009994507 1 1 1 0.0009994507 1 1 1 0.0009994507 1 1 1 0.0009994507 1 1 1 0.0009994507 1 1 1 0.0009994507 4.296875 20.59375 0.699707 0.3999023 4.296875 20.59375 0.699707 0.3999023 4.296875 20.59375 0.699707 0.3999023 4.296875 20.59375 0.699707 0.3999023 4.296875 20.59375 0.699707 0.3999023 4.296875 20.59375 0.699707 0.3999023 5.097656 21.6875 -1.5 0.5996094 5.097656 21.6875 -1.5 0.5996094 5.097656 21.6875 -1.5 0.5996094 5.097656 21.6875 -1.5 0.5996094 5.097656 21.6875 -1.5 0.5996094 5.097656 21.6875 -1.5 0.5996094 1 1 1 0.0009994507 1 1 1 0.0009994507 1 1 1 0.0009994507 1 1 1 0.0009994507 1 1 1 0.0009994507 1 1 1 0.0009994507 1 1 1 0.0009994507 1 1 1 0.0009994507 1 1 1 0.0009994507 1 1 1 0.0009994507 1 1 1 0.0009994507 1 1 1 0.0009994507 -3.798828 20.29688 0.5996094 0.7998047 -3.798828 20.29688 0.5996094 0.7998047 -3.798828 20.29688 0.5996094 0.7998047 -3.798828 20.29688 0.5996094 0.7998047 -3.798828 20.29688 0.5996094 0.7998047 -3.798828 20.29688 0.5996094 0.7998047 7.796875 11 -0.7998047 1 7.796875 11 -0.7998047 1 7.796875 11 -0.7998047 1 7.796875 11 -0.7998047 1 7.796875 11 -0.7998047 1 7.796875 11 -0.7998047 1 -4.898438 10 -2.699219 1 -4.898438 10 -2.699219 1 -4.898438 10 -2.699219 1 -4.898438 10 -2.699219 1 -4.898438 10 -2.699219 1 -4.898438 10 -2.699219 1 -7.5 12.59375 -0.2998047 1 -7.5 12.59375 -0.2998047 1 -7.5 12.59375 -0.2998047 1 -7.5 12.59375 -0.2998047 1 -7.5 12.59375 -0.2998047 1 -7.5 12.59375 -0.2998047 1 -6.398438 10.39844 0.3999023 1 -6.398438 10.39844 0.3999023 1 -6.398438 10.39844 0.3999023 1 -6.398438 10.39844 0.3999023 1 -6.398438 10.39844 0.3999023 1 -6.398438 10.39844 0.3999023 1 -5.597656 10.59375 3.599609 1 -5.597656 10.59375 3.599609 1 -5.597656 10.59375 3.599609 1 -5.597656 10.59375 3.599609 1 -5.597656 10.59375 3.599609 1 -5.597656 10.59375 3.599609 1 -4.5 10 -0.09997559 1 -4.5 10 -0.09997559 1 -4.5 10 -0.09997559 1 -4.5 10 -0.09997559 1 -4.5 10 -0.09997559 1 -4.5 10 -0.09997559 1 -2.798828 9.898438 -2.5 1 -2.798828 9.898438 -2.5 1 -2.798828 9.898438 -2.5 1 -2.798828 9.898438 -2.5 1 -2.798828 9.898438 -2.5 1 -2.798828 9.898438 -2.5 1 -1.399414 12.09375 3.5 1 -1.399414 12.09375 3.5 1 -1.399414 12.09375 3.5 1 -1.399414 12.09375 3.5 1 -1.399414 12.09375 3.5 1 -1.399414 12.09375 3.5 1 1 1 1 0.0009994507 1 1 1 0.0009994507 1 1 1 0.0009994507 1 1 1 0.0009994507 1 1 1 0.0009994507 1 1 1 0.0009994507 1 1 1 0.0009994507 1 1 1 0.0009994507 1 1 1 0.0009994507 1 1 1 0.0009994507 1 1 1 0.0009994507 1 1 1 0.0009994507 -4.5 10.39844 3.099609 1 -4.5 10.39844 3.099609 1 -4.5 10.39844 3.099609 1 -4.5 10.39844 3.099609 1 -4.5 10.39844 3.099609 1 -4.5 10.39844 3.099609 1 -3.099609 11.29688 3.798828 1 -3.099609 11.29688 3.798828 1 -3.099609 11.29688 3.798828 1 -3.099609 11.29688 3.798828 1 -3.099609 11.29688 3.798828 1 -3.099609 11.29688 3.798828 1 -7.296875 11.79688 3.898438 1 -7.296875 11.79688 3.898438 1 -7.296875 11.79688 3.898438 1 -7.296875 11.79688 3.898438 1 -7.296875 11.79688 3.898438 1 -7.296875 11.79688 3.898438 1 1 1 1 0.0009994507 1 1 1 0.0009994507 1 1 1 0.0009994507 1 1 1 0.0009994507 1 1 1 0.0009994507 1 1 1 0.0009994507 3.699219 11.09375 4.296875 1 3.699219 11.09375 4.296875 1 3.699219 11.09375 4.296875 1 3.699219 11.09375 4.296875 1 3.699219 11.09375 4.296875 1 3.699219 11.09375 4.296875 1</float_array>
          <technique_common>
            <accessor source="#L01_010__mTreeOakLeaf-color-array" count="832" stride="4">
              <param name="R" type="float" />
              <param name="G" type="float" />
              <param name="B" type="float" />
              <param name="A" type="float" />
            </accessor>
          </technique_common>
        </source>
        <source id="L01_010__mTreeOakLeaf-texcoord">
          <float_array id="L01_010__mTreeOakLeaf-texcoord-array" count="1664">0.8388672 0.3554688 0.8388672 0.6557617 0.6640625 0.4609375 0.6845703 0.625 0.9775391 0.6257324 0.8388672 0.6557617 0.9985352 0.4619141 0.8388672 0.3554688 0.8388672 0.3554688 0.8388672 0.6557617 0.6640625 0.4609375 0.6845703 0.625 0.9775391 0.6257324 0.8388672 0.6557617 0.9985352 0.4619141 0.8388672 0.3554688 0.8388672 0.3554688 0.8388672 0.6557617 0.6640625 0.4609375 0.6845703 0.625 0.9775391 0.6257324 0.8388672 0.6557617 0.9985352 0.4619141 0.8388672 0.3554688 0.8388672 0.3554688 0.8388672 0.6557617 0.6640625 0.4609375 0.6845703 0.625 0.9775391 0.6257324 0.8388672 0.6557617 0.9985352 0.4619141 0.8388672 0.3554688 0.8388672 0.3554688 0.8388672 0.6557617 0.6640625 0.4609375 0.6845703 0.625 0.9775391 0.6257324 0.8388672 0.6557617 0.9985352 0.4619141 0.8388672 0.3554688 0.8388672 0.3554688 0.8388672 0.6557617 0.6640625 0.4609375 0.6845703 0.625 0.9775391 0.6257324 0.8388672 0.6557617 0.9985352 0.4619141 0.8388672 0.3554688 0.8388672 0.3554688 0.8388672 0.6557617 0.6640625 0.4609375 0.6845703 0.625 0.9775391 0.6257324 0.8388672 0.6557617 0.9985352 0.4619141 0.8388672 0.3554688 0.8388672 0.3554688 0.8388672 0.6557617 0.6640625 0.4609375 0.6845703 0.625 0.9775391 0.6257324 0.8388672 0.6557617 0.9985352 0.4619141 0.8388672 0.3554688 0.8388672 0.3554688 0.8388672 0.6557617 0.6640625 0.4609375 0.6845703 0.625 0.9775391 0.6257324 0.8388672 0.6557617 0.9985352 0.4619141 0.8388672 0.3554688 0.8388672 0.3554688 0.8388672 0.6557617 0.6640625 0.4609375 0.6845703 0.625 0.9775391 0.6257324 0.8388672 0.6557617 0.9985352 0.4619141 0.8388672 0.3554688 0.8388672 0.3554688 0.8388672 0.6557617 0.6640625 0.4609375 0.6845703 0.625 0.9775391 0.6257324 0.8388672 0.6557617 0.9985352 0.4619141 0.8388672 0.3554688 0.8388672 0.3554688 0.8388672 0.6557617 0.6640625 0.4609375 0.6845703 0.625 0.9775391 0.6257324 0.8388672 0.6557617 0.9985352 0.4619141 0.8388672 0.3554688 0.8388672 0.3554688 0.8388672 0.6557617 0.6640625 0.4609375 0.6845703 0.625 0.9775391 0.6257324 0.8388672 0.6557617 0.9985352 0.4619141 0.8388672 0.3554688 0.8388672 0.3554688 0.8388672 0.6557617 0.6640625 0.4609375 0.6845703 0.625 0.9775391 0.6257324 0.8388672 0.6557617 0.9985352 0.4619141 0.8388672 0.3554688 0.8388672 0.3554688 0.8388672 0.6557617 0.6640625 0.4609375 0.6845703 0.625 0.9775391 0.6257324 0.8388672 0.6557617 0.9985352 0.4619141 0.8388672 0.3554688 0.8388672 0.3554688 0.8388672 0.6557617 0.6640625 0.4609375 0.6845703 0.625 0.9775391 0.6257324 0.8388672 0.6557617 0.9985352 0.4619141 0.8388672 0.3554688 0.8388672 0.009277344 0.8388672 0.3095703 0.6650391 0.1147461 0.6860352 0.2788086 0.980957 0.2797852 0.8388672 0.3095703 1.000977 0.1157227 0.8388672 0.009277344 0.8388672 0.009277344 0.8388672 0.3095703 0.6650391 0.1147461 0.6860352 0.2788086 0.980957 0.2797852 0.8388672 0.3095703 1.000977 0.1157227 0.8388672 0.009277344 0.8388672 0.009277344 0.8388672 0.3095703 0.6650391 0.1147461 0.6860352 0.2788086 0.980957 0.2797852 0.8388672 0.3095703 1.000977 0.1157227 0.8388672 0.009277344 0.8388672 0.009277344 0.8388672 0.3095703 0.6650391 0.1147461 0.6860352 0.2788086 0.980957 0.2797852 0.8388672 0.3095703 1.000977 0.1157227 0.8388672 0.009277344 0.8388672 0.009277344 0.8388672 0.3095703 0.6650391 0.1147461 0.6860352 0.2788086 0.980957 0.2797852 0.8388672 0.3095703 1.000977 0.1157227 0.8388672 0.009277344 0.8388672 0.009277344 0.8388672 0.3095703 0.6650391 0.1147461 0.6860352 0.2788086 0.980957 0.2797852 0.8388672 0.3095703 1.000977 0.1157227 0.8388672 0.009277344 0.8388672 0.009277344 0.8388672 0.3095703 0.6650391 0.1147461 0.6860352 0.2788086 0.980957 0.2797852 0.8388672 0.3095703 1.000977 0.1157227 0.8388672 0.009277344 0.8388672 0.009277344 0.8388672 0.3095703 0.6650391 0.1147461 0.6860352 0.2788086 0.980957 0.2797852 0.8388672 0.3095703 1.000977 0.1157227 0.8388672 0.009277344 0.8388672 0.009277344 0.8388672 0.3095703 0.6650391 0.1147461 0.6860352 0.2788086 0.980957 0.2797852 0.8388672 0.3095703 1.000977 0.1157227 0.8388672 0.009277344 0.8388672 0.009277344 0.8388672 0.3095703 0.6650391 0.1147461 0.6860352 0.2788086 0.980957 0.2797852 0.8388672 0.3095703 1.000977 0.1157227 0.8388672 0.009277344 0.8388672 0.009277344 0.8388672 0.3095703 0.6650391 0.1147461 0.6860352 0.2788086 0.980957 0.2797852 0.8388672 0.3095703 1.000977 0.1157227 0.8388672 0.009277344 0.8388672 0.009277344 0.8388672 0.3095703 0.6650391 0.1147461 0.6860352 0.2788086 0.980957 0.2797852 0.8388672 0.3095703 1.000977 0.1157227 0.8388672 0.009277344 0.8388672 0.009277344 0.8388672 0.3095703 0.6650391 0.1147461 0.6860352 0.2788086 0.980957 0.2797852 0.8388672 0.3095703 1.000977 0.1157227 0.8388672 0.009277344 0.1706543 0.9875488 0.03341675 0.9568787 0.01262665 0.7983398 0.1706543 0.6928711 0.3286133 0.7991943 0.3078613 0.9577026 0.1706543 0.9875488 0.03341675 0.9568787 0.01262665 0.7983398 0.1706543 0.6928711 0.3286133 0.7991943 0.3078613 0.9577026 0.1706543 0.9875488 0.03341675 0.9568787 0.01262665 0.7983398 0.1706543 0.6928711 0.3286133 0.7991943 0.3078613 0.9577026 0.1706543 0.9875488 0.03341675 0.9568787 0.01262665 0.7983398 0.1706543 0.6928711 0.3286133 0.7991943 0.3078613 0.9577026 0.1706543 0.9875488 0.03341675 0.9568787 0.01262665 0.7983398 0.1706543 0.6928711 0.3286133 0.7991943 0.3078613 0.9577026 0.1706543 0.9875488 0.03341675 0.9568787 0.01262665 0.7983398 0.1706543 0.6928711 0.3286133 0.7991943 0.3078613 0.9577026 0.5043945 0.9928436 0.3669434 0.9621582 0.3461914 0.8035889 0.5043945 0.6982422 0.6621094 0.8045654 0.6416016 0.9630127 0.5043945 0.9928436 0.3669434 0.9621582 0.3461914 0.8035889 0.5043945 0.6982422 0.6621094 0.8045654 0.6416016 0.9630127 0.5043945 0.9928436 0.3669434 0.9621582 0.3461914 0.8035889 0.5043945 0.6982422 0.6621094 0.8045654 0.6416016 0.9630127 0.5043945 0.9928436 0.3669434 0.9621582 0.3461914 0.8035889 0.5043945 0.6982422 0.6621094 0.8045654 0.6416016 0.9630127 0.5043945 0.9928436 0.3669434 0.9621582 0.3461914 0.8035889 0.5043945 0.6982422 0.6621094 0.8045654 0.6416016 0.9630127 0.5043945 0.9928436 0.3669434 0.9621582 0.3461914 0.8035889 0.5043945 0.6982422 0.6621094 0.8045654 0.6416016 0.9630127 0.5043945 0.9928436 0.3669434 0.9621582 0.3461914 0.8035889 0.5043945 0.6982422 0.6621094 0.8045654 0.6416016 0.9630127 0.5043945 0.9928436 0.3669434 0.9621582 0.3461914 0.8035889 0.5043945 0.6982422 0.6621094 0.8045654 0.6416016 0.9630127 0.5043945 0.9928436 0.3669434 0.9621582 0.3461914 0.8035889 0.5043945 0.6982422 0.6621094 0.8045654 0.6416016 0.9630127 0.5043945 0.9928436 0.3669434 0.9621582 0.3461914 0.8035889 0.5043945 0.6982422 0.6621094 0.8045654 0.6416016 0.9630127 0.5043945 0.9928436 0.3669434 0.9621582 0.3461914 0.8035889 0.5043945 0.6982422 0.6621094 0.8045654 0.6416016 0.9630127 0.5043945 0.9928436 0.3669434 0.9621582 0.3461914 0.8035889 0.5043945 0.6982422 0.6621094 0.8045654 0.6416016 0.9630127 0.8393555 0.9917374 0.6933594 0.9610596 0.6723633 0.8024902 0.8393555 0.6970215 0.9985352 0.8034668 0.9775391 0.9619141 0.8393555 0.9917374 0.6933594 0.9610596 0.6723633 0.8024902 0.8393555 0.6970215 0.9985352 0.8034668 0.9775391 0.9619141 0.8393555 0.9917374 0.6933594 0.9610596 0.6723633 0.8024902 0.8393555 0.6970215 0.9985352 0.8034668 0.9775391 0.9619141 0.8393555 0.9917374 0.6933594 0.9610596 0.6723633 0.8024902 0.8393555 0.6970215 0.9985352 0.8034668 0.9775391 0.9619141 0.8393555 0.9917374 0.6933594 0.9610596 0.6723633 0.8024902 0.8393555 0.6970215 0.9985352 0.8034668 0.9775391 0.9619141 0.8393555 0.9917374 0.6933594 0.9610596 0.6723633 0.8024902 0.8393555 0.6970215 0.9985352 0.8034668 0.9775391 0.9619141 0.8393555 0.9917374 0.6933594 0.9610596 0.6723633 0.8024902 0.8393555 0.6970215 0.9985352 0.8034668 0.9775391 0.9619141 0.8393555 0.9917374 0.6933594 0.9610596 0.6723633 0.8024902 0.8393555 0.6970215 0.9985352 0.8034668 0.9775391 0.9619141 0.8393555 0.9917374 0.6933594 0.9610596 0.6723633 0.8024902 0.8393555 0.6970215 0.9985352 0.8034668 0.9775391 0.9619141 0.8393555 0.9917374 0.6933594 0.9610596 0.6723633 0.8024902 0.8393555 0.6970215 0.9985352 0.8034668 0.9775391 0.9619141 0.8393555 0.9917374 0.6933594 0.9610596 0.6723633 0.8024902 0.8393555 0.6970215 0.9985352 0.8034668 0.9775391 0.9619141 0.8393555 0.9917374 0.6933594 0.9610596 0.6723633 0.8024902 0.8393555 0.6970215 0.9985352 0.8034668 0.9775391 0.9619141 0.8393555 0.9917374 0.6933594 0.9610596 0.6723633 0.8024902 0.8393555 0.6970215 0.9985352 0.8034668 0.9775391 0.9619141 0.8393555 0.9917374 0.6933594 0.9610596 0.6723633 0.8024902 0.8393555 0.6970215 0.9985352 0.8034668 0.9775391 0.9619141 0.8393555 0.9917374 0.6933594 0.9610596 0.6723633 0.8024902 0.8393555 0.6970215 0.9985352 0.8034668 0.9775391 0.9619141 0.8393555 0.9917374 0.6933594 0.9610596 0.6723633 0.8024902 0.8393555 0.6970215 0.9985352 0.8034668 0.9775391 0.9619141 0.8393555 0.9917374 0.6933594 0.9610596 0.6723633 0.8024902 0.8393555 0.6970215 0.9985352 0.8034668 0.9775391 0.9619141 0.8393555 0.9917374 0.6933594 0.9610596 0.6723633 0.8024902 0.8393555 0.6970215 0.9985352 0.8034668 0.9775391 0.9619141 0.8393555 0.9917374 0.6933594 0.9610596 0.6723633 0.8024902 0.8393555 0.6970215 0.9985352 0.8034668 0.9775391 0.9619141 0.8393555 0.9917374 0.6933594 0.9610596 0.6723633 0.8024902 0.8393555 0.6970215 0.9985352 0.8034668 0.9775391 0.9619141 0.8393555 0.9917374 0.6933594 0.9610596 0.6723633 0.8024902 0.8393555 0.6970215 0.9985352 0.8034668 0.9775391 0.9619141 0.8393555 0.9917374 0.6933594 0.9610596 0.6723633 0.8024902 0.8393555 0.6970215 0.9985352 0.8034668 0.9775391 0.9619141 0.8393555 0.9917374 0.6933594 0.9610596 0.6723633 0.8024902 0.8393555 0.6970215 0.9985352 0.8034668 0.9775391 0.9619141 0.8393555 0.9917374 0.6933594 0.9610596 0.6723633 0.8024902 0.8393555 0.6970215 0.9985352 0.8034668 0.9775391 0.9619141 0.8393555 0.9917374 0.6933594 0.9610596 0.6723633 0.8024902 0.8393555 0.6970215 0.9985352 0.8034668 0.9775391 0.9619141 0.8393555 0.9917374 0.6933594 0.9610596 0.6723633 0.8024902 0.8393555 0.6970215 0.9985352 0.8034668 0.9775391 0.9619141 0.1706543 0.6560059 0.02601624 0.6252441 0.004096985 0.4667969 0.1706543 0.3613281 0.3371582 0.4677734 0.3151855 0.6262207 0.1706543 0.6560059 0.02601624 0.6252441 0.004096985 0.4667969 0.1706543 0.3613281 0.3371582 0.4677734 0.3151855 0.6262207 0.1706543 0.6560059 0.02601624 0.6252441 0.004096985 0.4667969 0.1706543 0.3613281 0.3371582 0.4677734 0.3151855 0.6262207 0.1706543 0.6560059 0.02601624 0.6252441 0.004096985 0.4667969 0.1706543 0.3613281 0.3371582 0.4677734 0.3151855 0.6262207 0.1706543 0.6560059 0.02601624 0.6252441 0.004096985 0.4667969 0.1706543 0.3613281 0.3371582 0.4677734 0.3151855 0.6262207 0.1706543 0.6560059 0.02601624 0.6252441 0.004096985 0.4667969 0.1706543 0.3613281 0.3371582 0.4677734 0.3151855 0.6262207 0.1706543 0.6560059 0.02601624 0.6252441 0.004096985 0.4667969 0.1706543 0.3613281 0.3371582 0.4677734 0.3151855 0.6262207 0.1706543 0.6560059 0.02601624 0.6252441 0.004096985 0.4667969 0.1706543 0.3613281 0.3371582 0.4677734 0.3151855 0.6262207 0.1706543 0.6560059 0.02601624 0.6252441 0.004096985 0.4667969 0.1706543 0.3613281 0.3371582 0.4677734 0.3151855 0.6262207 0.1706543 0.6560059 0.02601624 0.6252441 0.004096985 0.4667969 0.1706543 0.3613281 0.3371582 0.4677734 0.3151855 0.6262207 0.1706543 0.6560059 0.02601624 0.6252441 0.004096985 0.4667969 0.1706543 0.3613281 0.3371582 0.4677734 0.3151855 0.6262207 0.1706543 0.6560059 0.02601624 0.6252441 0.004096985 0.4667969 0.1706543 0.3613281 0.3371582 0.4677734 0.3151855 0.6262207 0.1706543 0.6560059 0.02601624 0.6252441 0.004096985 0.4667969 0.1706543 0.3613281 0.3371582 0.4677734 0.3151855 0.6262207 0.1706543 0.6560059 0.02601624 0.6252441 0.004096985 0.4667969 0.1706543 0.3613281 0.3371582 0.4677734 0.3151855 0.6262207 0.1706543 0.6560059 0.02601624 0.6252441 0.004096985 0.4667969 0.1706543 0.3613281 0.3371582 0.4677734 0.3151855 0.6262207 0.1706543 0.6560059 0.02601624 0.6252441 0.004096985 0.4667969 0.1706543 0.3613281 0.3371582 0.4677734 0.3151855 0.6262207 0.1706543 0.6560059 0.02601624 0.6252441 0.004096985 0.4667969 0.1706543 0.3613281 0.3371582 0.4677734 0.3151855 0.6262207 0.1706543 0.6560059 0.02601624 0.6252441 0.004096985 0.4667969 0.1706543 0.3613281 0.3371582 0.4677734 0.3151855 0.6262207 0.1706543 0.6560059 0.02601624 0.6252441 0.004096985 0.4667969 0.1706543 0.3613281 0.3371582 0.4677734 0.3151855 0.6262207 0.1706543 0.6560059 0.02601624 0.6252441 0.004096985 0.4667969 0.1706543 0.3613281 0.3371582 0.4677734 0.3151855 0.6262207 0.5029297 0.6486816 0.3564453 0.6179199 0.3344727 0.4594727 0.5029297 0.3540039 0.6674805 0.4604492 0.6459961 0.6188965 0.5029297 0.6486816 0.3564453 0.6179199 0.3344727 0.4594727 0.5029297 0.3540039 0.6674805 0.4604492 0.6459961 0.6188965 0.5029297 0.6486816 0.3564453 0.6179199 0.3344727 0.4594727 0.5029297 0.3540039 0.6674805 0.4604492 0.6459961 0.6188965 0.5029297 0.6486816 0.3564453 0.6179199 0.3344727 0.4594727 0.5029297 0.3540039 0.6674805 0.4604492 0.6459961 0.6188965 0.5029297 0.6486816 0.3564453 0.6179199 0.3344727 0.4594727 0.5029297 0.3540039 0.6674805 0.4604492 0.6459961 0.6188965 0.5029297 0.6486816 0.3564453 0.6179199 0.3344727 0.4594727 0.5029297 0.3540039 0.6674805 0.4604492 0.6459961 0.6188965 0.5029297 0.6486816 0.3564453 0.6179199 0.3344727 0.4594727 0.5029297 0.3540039 0.6674805 0.4604492 0.6459961 0.6188965 0.5029297 0.6486816 0.3564453 0.6179199 0.3344727 0.4594727 0.5029297 0.3540039 0.6674805 0.4604492 0.6459961 0.6188965 0.5029297 0.6486816 0.3564453 0.6179199 0.3344727 0.4594727 0.5029297 0.3540039 0.6674805 0.4604492 0.6459961 0.6188965 0.5029297 0.6486816 0.3564453 0.6179199 0.3344727 0.4594727 0.5029297 0.3540039 0.6674805 0.4604492 0.6459961 0.6188965 0.1706543 0.3076172 0.02142334 0.2768555 -0.0004963875 0.1181641 0.1706543 0.01269531 0.3371582 0.1191406 0.3151855 0.277832 0.1706543 0.3076172 0.02142334 0.2768555 -0.0004963875 0.1181641 0.1706543 0.01269531 0.3371582 0.1191406 0.3151855 0.277832 0.1706543 0.3076172 0.02142334 0.2768555 -0.0004963875 0.1181641 0.1706543 0.01269531 0.3371582 0.1191406 0.3151855 0.277832 0.1706543 0.3076172 0.02142334 0.2768555 -0.0004963875 0.1181641 0.1706543 0.01269531 0.3371582 0.1191406 0.3151855 0.277832 0.1706543 0.3076172 0.02142334 0.2768555 -0.0004963875 0.1181641 0.1706543 0.01269531 0.3371582 0.1191406 0.3151855 0.277832 0.1706543 0.3076172 0.02142334 0.2768555 -0.0004963875 0.1181641 0.1706543 0.01269531 0.3371582 0.1191406 0.3151855 0.277832 0.1706543 0.3076172 0.02142334 0.2768555 -0.0004963875 0.1181641 0.1706543 0.01269531 0.3371582 0.1191406 0.3151855 0.277832 0.1706543 0.3076172 0.02142334 0.2768555 -0.0004963875 0.1181641 0.1706543 0.01269531 0.3371582 0.1191406 0.3151855 0.277832 0.1706543 0.3076172 0.02142334 0.2768555 -0.0004963875 0.1181641 0.1706543 0.01269531 0.3371582 0.1191406 0.3151855 0.277832 0.1706543 0.3076172 0.02142334 0.2768555 -0.0004963875 0.1181641 0.1706543 0.01269531 0.3371582 0.1191406 0.3151855 0.277832 0.1706543 0.3076172 0.02142334 0.2768555 -0.0004963875 0.1181641 0.1706543 0.01269531 0.3371582 0.1191406 0.3151855 0.277832 0.503418 0.3076172 0.3544922 0.2763672 0.3322754 0.1157227 0.503418 0.008789063 0.6713867 0.1166992 0.6489258 0.2773438 0.503418 0.3076172 0.3544922 0.2763672 0.3322754 0.1157227 0.503418 0.008789063 0.6713867 0.1166992 0.6489258 0.2773438 0.503418 0.3076172 0.3544922 0.2763672 0.3322754 0.1157227 0.503418 0.008789063 0.6713867 0.1166992 0.6489258 0.2773438 0.503418 0.3076172 0.3544922 0.2763672 0.3322754 0.1157227 0.503418 0.008789063 0.6713867 0.1166992 0.6489258 0.2773438 0.503418 0.3076172 0.3544922 0.2763672 0.3322754 0.1157227 0.503418 0.008789063 0.6713867 0.1166992 0.6489258 0.2773438 0.503418 0.3076172 0.3544922 0.2763672 0.3322754 0.1157227 0.503418 0.008789063 0.6713867 0.1166992 0.6489258 0.2773438 0.503418 0.3076172 0.3544922 0.2763672 0.3322754 0.1157227 0.503418 0.008789063 0.6713867 0.1166992 0.6489258 0.2773438 0.503418 0.3076172 0.3544922 0.2763672 0.3322754 0.1157227 0.503418 0.008789063 0.6713867 0.1166992 0.6489258 0.2773438 0.503418 0.3076172 0.3544922 0.2763672 0.3322754 0.1157227 0.503418 0.008789063 0.6713867 0.1166992 0.6489258 0.2773438 0.503418 0.3076172 0.3544922 0.2763672 0.3322754 0.1157227 0.503418 0.008789063 0.6713867 0.1166992 0.6489258 0.2773438 0.503418 0.3076172 0.3544922 0.2763672 0.3322754 0.1157227 0.503418 0.008789063 0.6713867 0.1166992 0.6489258 0.2773438 0.503418 0.3076172 0.3544922 0.2763672 0.3322754 0.1157227 0.503418 0.008789063 0.6713867 0.1166992 0.6489258 0.2773438 0.503418 0.3076172 0.3544922 0.2763672 0.3322754 0.1157227 0.503418 0.008789063 0.6713867 0.1166992 0.6489258 0.2773438 0.503418 0.3076172 0.3544922 0.2763672 0.3322754 0.1157227 0.503418 0.008789063 0.6713867 0.1166992 0.6489258 0.2773438 0.503418 0.3076172 0.3544922 0.2763672 0.3322754 0.1157227 0.503418 0.008789063 0.6713867 0.1166992 0.6489258 0.2773438</float_array>
          <technique_common>
            <accessor source="#L01_010__mTreeOakLeaf-texcoord-array" count="832" stride="2">
              <param name="S" type="float" />
              <param name="T" type="float" />
            </accessor>
          </technique_common>
        </source>
        <source id="L01_010__mTreeOakLeaf-texcoord_1">
          <float_array id="L01_010__mTreeOakLeaf-texcoord-array_1" count="1664">0.02389563 0.001998961 0.02389563 0.07612723 0.001968414 0.02673382 0.003295949 0.07098496 0.04451057 0.07098496 0.02389563 0.07612723 0.0458381 0.02673382 0.02389563 0.001998961 0.02389563 0.001998961 0.02389563 0.07612723 0.001968414 0.02673382 0.003295949 0.07098496 0.04451057 0.07098496 0.02389563 0.07612723 0.0458381 0.02673382 0.02389563 0.001998961 0.02389563 0.001998961 0.02389563 0.07612723 0.001968414 0.02673382 0.003295949 0.07098496 0.04451057 0.07098496 0.02389563 0.07612723 0.0458381 0.02673382 0.02389563 0.001998961 0.02389563 0.001998961 0.02389563 0.07612723 0.001968414 0.02673382 0.003295949 0.07098496 0.04451057 0.07098496 0.02389563 0.07612723 0.0458381 0.02673382 0.02389563 0.001998961 0.02389563 0.001998961 0.02389563 0.07612723 0.001968414 0.02673382 0.003295949 0.07098496 0.04451057 0.07098496 0.02389563 0.07612723 0.0458381 0.02673382 0.02389563 0.001998961 0.02389563 0.001998961 0.02389563 0.07612723 0.001968414 0.02673382 0.003295949 0.07098496 0.04451057 0.07098496 0.02389563 0.07612723 0.0458381 0.02673382 0.02389563 0.001998961 0.02389563 0.001998961 0.02389563 0.07612723 0.001968414 0.02673382 0.003295949 0.07098496 0.04451057 0.07098496 0.02389563 0.07612723 0.0458381 0.02673382 0.02389563 0.001998961 0.02389563 0.001998961 0.02389563 0.07612723 0.001968414 0.02673382 0.003295949 0.07098496 0.04451057 0.07098496 0.02389563 0.07612723 0.0458381 0.02673382 0.02389563 0.001998961 0.02389563 0.001998961 0.02389563 0.07612723 0.001968414 0.02673382 0.003295949 0.07098496 0.04451057 0.07098496 0.02389563 0.07612723 0.0458381 0.02673382 0.02389563 0.001998961 0.02389563 0.001998961 0.02389563 0.07612723 0.001968414 0.02673382 0.003295949 0.07098496 0.04451057 0.07098496 0.02389563 0.07612723 0.0458381 0.02673382 0.02389563 0.001998961 0.02389563 0.001998961 0.02389563 0.07612723 0.001968414 0.02673382 0.003295949 0.07098496 0.04451057 0.07098496 0.02389563 0.07612723 0.0458381 0.02673382 0.02389563 0.001998961 0.02389563 0.001998961 0.02389563 0.07612723 0.001968414 0.02673382 0.003295949 0.07098496 0.04451057 0.07098496 0.02389563 0.07612723 0.0458381 0.02673382 0.02389563 0.001998961 0.02389563 0.001998961 0.02389563 0.07612723 0.001968414 0.02673382 0.003295949 0.07098496 0.04451057 0.07098496 0.02389563 0.07612723 0.0458381 0.02673382 0.02389563 0.001998961 0.02389563 0.001998961 0.02389563 0.07612723 0.001968414 0.02673382 0.003295949 0.07098496 0.04451057 0.07098496 0.02389563 0.07612723 0.0458381 0.02673382 0.02389563 0.001998961 0.02389563 0.001998961 0.02389563 0.07612723 0.001968414 0.02673382 0.003295949 0.07098496 0.04451057 0.07098496 0.02389563 0.07612723 0.0458381 0.02673382 0.02389563 0.001998961 0.02389563 0.001998961 0.02389563 0.07612723 0.001968414 0.02673382 0.003295949 0.07098496 0.04451057 0.07098496 0.02389563 0.07612723 0.0458381 0.02673382 0.02389563 0.001998961 0.02389563 0.001998961 0.02389563 0.07612723 0.001968414 0.02673382 0.003295949 0.07098496 0.04451057 0.07098496 0.02389563 0.07612723 0.0458381 0.02673382 0.02389563 0.001998961 0.02389563 0.001998961 0.02389563 0.07612723 0.001968414 0.02673382 0.003295949 0.07098496 0.04451057 0.07098496 0.02389563 0.07612723 0.0458381 0.02673382 0.02389563 0.001998961 0.02389563 0.001998961 0.02389563 0.07612723 0.001968414 0.02673382 0.003295949 0.07098496 0.04451057 0.07098496 0.02389563 0.07612723 0.0458381 0.02673382 0.02389563 0.001998961 0.02389563 0.001998961 0.02389563 0.07612723 0.001968414 0.02673382 0.003295949 0.07098496 0.04451057 0.07098496 0.02389563 0.07612723 0.0458381 0.02673382 0.02389563 0.001998961 0.02389563 0.001998961 0.02389563 0.07612723 0.001968414 0.02673382 0.003295949 0.07098496 0.04451057 0.07098496 0.02389563 0.07612723 0.0458381 0.02673382 0.02389563 0.001998961 0.02389563 0.001998961 0.02389563 0.07612723 0.001968414 0.02673382 0.003295949 0.07098496 0.04451057 0.07098496 0.02389563 0.07612723 0.0458381 0.02673382 0.02389563 0.001998961 0.02389563 0.001998961 0.02389563 0.07612723 0.001968414 0.02673382 0.003295949 0.07098496 0.04451057 0.07098496 0.02389563 0.07612723 0.0458381 0.02673382 0.02389563 0.001998961 0.02389563 0.001998961 0.02389563 0.07612723 0.001968414 0.02673382 0.003295949 0.07098496 0.04451057 0.07098496 0.02389563 0.07612723 0.0458381 0.02673382 0.02389563 0.001998961 0.02389563 0.001998961 0.02389563 0.07612723 0.001968414 0.02673382 0.003295949 0.07098496 0.04451057 0.07098496 0.02389563 0.07612723 0.0458381 0.02673382 0.02389563 0.001998961 0.02389563 0.001998961 0.02389563 0.07612723 0.001968414 0.02673382 0.003295949 0.07098496 0.04451057 0.07098496 0.02389563 0.07612723 0.0458381 0.02673382 0.02389563 0.001998961 0.02389563 0.001998961 0.02389563 0.07612723 0.001968414 0.02673382 0.003295949 0.07098496 0.04451057 0.07098496 0.02389563 0.07612723 0.0458381 0.02673382 0.02389563 0.001998961 0.02389563 0.001998961 0.02389563 0.07612723 0.001968414 0.02673382 0.003295949 0.07098496 0.04451057 0.07098496 0.02389563 0.07612723 0.0458381 0.02673382 0.02389563 0.001998961 0.02389563 0.001998961 0.02389563 0.07612723 0.001968414 0.02673382 0.003295949 0.07098496 0.04451057 0.07098496 0.02389563 0.07612723 0.0458381 0.02673382 0.02389563 0.001998961 0.02389563 0.07612723 0.003295949 0.07098496 0.001968414 0.02673382 0.02389563 0.001998961 0.0458381 0.02673382 0.04451057 0.07098496 0.02389563 0.07612723 0.003295949 0.07098496 0.001968414 0.02673382 0.02389563 0.001998961 0.0458381 0.02673382 0.04451057 0.07098496 0.02389563 0.07612723 0.003295949 0.07098496 0.001968414 0.02673382 0.02389563 0.001998961 0.0458381 0.02673382 0.04451057 0.07098496 0.02389563 0.07612723 0.003295949 0.07098496 0.001968414 0.02673382 0.02389563 0.001998961 0.0458381 0.02673382 0.04451057 0.07098496 0.02389563 0.07612723 0.003295949 0.07098496 0.001968414 0.02673382 0.02389563 0.001998961 0.0458381 0.02673382 0.04451057 0.07098496 0.02389563 0.07612723 0.003295949 0.07098496 0.001968414 0.02673382 0.02389563 0.001998961 0.0458381 0.02673382 0.04451057 0.07098496 0.02389563 0.07612723 0.003295949 0.07098496 0.001968414 0.02673382 0.02389563 0.001998961 0.0458381 0.02673382 0.04451057 0.07098496 0.02389563 0.07612723 0.003295949 0.07098496 0.001968414 0.02673382 0.02389563 0.001998961 0.0458381 0.02673382 0.04451057 0.07098496 0.02389563 0.07612723 0.003295949 0.07098496 0.001968414 0.02673382 0.02389563 0.001998961 0.0458381 0.02673382 0.04451057 0.07098496 0.02389563 0.07612723 0.003295949 0.07098496 0.001968414 0.02673382 0.02389563 0.001998961 0.0458381 0.02673382 0.04451057 0.07098496 0.02389563 0.07612723 0.003295949 0.07098496 0.001968414 0.02673382 0.02389563 0.001998961 0.0458381 0.02673382 0.04451057 0.07098496 0.02389563 0.07612723 0.003295949 0.07098496 0.001968414 0.02673382 0.02389563 0.001998961 0.0458381 0.02673382 0.04451057 0.07098496 0.02389563 0.07612723 0.003295949 0.07098496 0.001968414 0.02673382 0.02389563 0.001998961 0.0458381 0.02673382 0.04451057 0.07098496 0.02389563 0.07612723 0.003295949 0.07098496 0.001968414 0.02673382 0.02389563 0.001998961 0.0458381 0.02673382 0.04451057 0.07098496 0.02389563 0.07612723 0.003295949 0.07098496 0.001968414 0.02673382 0.02389563 0.001998961 0.0458381 0.02673382 0.04451057 0.07098496 0.02389563 0.07612723 0.003295949 0.07098496 0.001968414 0.02673382 0.02389563 0.001998961 0.0458381 0.02673382 0.04451057 0.07098496 0.02389563 0.07612723 0.003295949 0.07098496 0.001968414 0.02673382 0.02389563 0.001998961 0.0458381 0.02673382 0.04451057 0.07098496 0.02389563 0.07612723 0.003295949 0.07098496 0.001968414 0.02673382 0.02389563 0.001998961 0.0458381 0.02673382 0.04451057 0.07098496 0.02389563 0.07612723 0.003295949 0.07098496 0.001968414 0.02673382 0.02389563 0.001998961 0.0458381 0.02673382 0.04451057 0.07098496 0.02389563 0.07612723 0.003295949 0.07098496 0.001968414 0.02673382 0.02389563 0.001998961 0.0458381 0.02673382 0.04451057 0.07098496 0.02389563 0.07612723 0.003295949 0.07098496 0.001968414 0.02673382 0.02389563 0.001998961 0.0458381 0.02673382 0.04451057 0.07098496 0.02389563 0.07612723 0.003295949 0.07098496 0.001968414 0.02673382 0.02389563 0.001998961 0.0458381 0.02673382 0.04451057 0.07098496 0.02389563 0.07612723 0.003295949 0.07098496 0.001968414 0.02673382 0.02389563 0.001998961 0.0458381 0.02673382 0.04451057 0.07098496 0.02389563 0.07612723 0.003295949 0.07098496 0.001968414 0.02673382 0.02389563 0.001998961 0.0458381 0.02673382 0.04451057 0.07098496 0.02389563 0.07612723 0.003295949 0.07098496 0.001968414 0.02673382 0.02389563 0.001998961 0.0458381 0.02673382 0.04451057 0.07098496 0.02389563 0.07612723 0.003295949 0.07098496 0.001968414 0.02673382 0.02389563 0.001998961 0.0458381 0.02673382 0.04451057 0.07098496 0.02389563 0.07612723 0.003295949 0.07098496 0.001968414 0.02673382 0.02389563 0.001998961 0.0458381 0.02673382 0.04451057 0.07098496 0.02389563 0.07612723 0.003295949 0.07098496 0.001968414 0.02673382 0.02389563 0.001998961 0.0458381 0.02673382 0.04451057 0.07098496 0.02389563 0.07612723 0.003295949 0.07098496 0.001968414 0.02673382 0.02389563 0.001998961 0.0458381 0.02673382 0.04451057 0.07098496 0.02389563 0.07612723 0.003295949 0.07098496 0.001968414 0.02673382 0.02389563 0.001998961 0.0458381 0.02673382 0.04451057 0.07098496 0.02389563 0.07612723 0.003295949 0.07098496 0.001968414 0.02673382 0.02389563 0.001998961 0.0458381 0.02673382 0.04451057 0.07098496 0.02389563 0.07612723 0.003295949 0.07098496 0.001968414 0.02673382 0.02389563 0.001998961 0.0458381 0.02673382 0.04451057 0.07098496 0.02389563 0.07612723 0.003295949 0.07098496 0.001968414 0.02673382 0.02389563 0.001998961 0.0458381 0.02673382 0.04451057 0.07098496 0.02389563 0.07612723 0.003295949 0.07098496 0.001968414 0.02673382 0.02389563 0.001998961 0.0458381 0.02673382 0.04451057 0.07098496 0.02389563 0.07612723 0.003295949 0.07098496 0.001968414 0.02673382 0.02389563 0.001998961 0.0458381 0.02673382 0.04451057 0.07098496 0.02389563 0.07612723 0.003295949 0.07098496 0.001968414 0.02673382 0.02389563 0.001998961 0.0458381 0.02673382 0.04451057 0.07098496 0.02389563 0.07612723 0.003295949 0.07098496 0.001968414 0.02673382 0.02389563 0.001998961 0.0458381 0.02673382 0.04451057 0.07098496 0.02389563 0.07612723 0.003295949 0.07098496 0.001968414 0.02673382 0.02389563 0.001998961 0.0458381 0.02673382 0.04451057 0.07098496 0.02389563 0.07612723 0.003295949 0.07098496 0.001968414 0.02673382 0.02389563 0.001998961 0.0458381 0.02673382 0.04451057 0.07098496 0.02389563 0.07612723 0.003295949 0.07098496 0.001968414 0.02673382 0.02389563 0.001998961 0.0458381 0.02673382 0.04451057 0.07098496 0.02389563 0.07612723 0.003295949 0.07098496 0.001968414 0.02673382 0.02389563 0.001998961 0.0458381 0.02673382 0.04451057 0.07098496 0.02389563 0.07612723 0.003295949 0.07098496 0.001968414 0.02673382 0.02389563 0.001998961 0.0458381 0.02673382 0.04451057 0.07098496 0.02389563 0.07612723 0.003295949 0.07098496 0.001968414 0.02673382 0.02389563 0.001998961 0.0458381 0.02673382 0.04451057 0.07098496 0.02389563 0.07612723 0.003295949 0.07098496 0.001968414 0.02673382 0.02389563 0.001998961 0.0458381 0.02673382 0.04451057 0.07098496 0.02389563 0.07612723 0.003295949 0.07098496 0.001968414 0.02673382 0.02389563 0.001998961 0.0458381 0.02673382 0.04451057 0.07098496 0.02389563 0.07612723 0.003295949 0.07098496 0.001968414 0.02673382 0.02389563 0.001998961 0.0458381 0.02673382 0.04451057 0.07098496 0.02389563 0.07612723 0.003295949 0.07098496 0.001968414 0.02673382 0.02389563 0.001998961 0.0458381 0.02673382 0.04451057 0.07098496 0.02389563 0.07612723 0.003295949 0.07098496 0.001968414 0.02673382 0.02389563 0.001998961 0.0458381 0.02673382 0.04451057 0.07098496 0.02389563 0.07612723 0.003295949 0.07098496 0.001968414 0.02673382 0.02389563 0.001998961 0.0458381 0.02673382 0.04451057 0.07098496 0.02389563 0.07612723 0.003295949 0.07098496 0.001968414 0.02673382 0.02389563 0.001998961 0.0458381 0.02673382 0.04451057 0.07098496 0.02389563 0.07612723 0.003295949 0.07098496 0.001968414 0.02673382 0.02389563 0.001998961 0.0458381 0.02673382 0.04451057 0.07098496 0.02389563 0.07612723 0.003295949 0.07098496 0.001968414 0.02673382 0.02389563 0.001998961 0.0458381 0.02673382 0.04451057 0.07098496 0.02389563 0.07612723 0.003295949 0.07098496 0.001968414 0.02673382 0.02389563 0.001998961 0.0458381 0.02673382 0.04451057 0.07098496 0.02389563 0.07612723 0.003295949 0.07098496 0.001968414 0.02673382 0.02389563 0.001998961 0.0458381 0.02673382 0.04451057 0.07098496 0.02389563 0.07612723 0.003295949 0.07098496 0.001968414 0.02673382 0.02389563 0.001998961 0.0458381 0.02673382 0.04451057 0.07098496 0.02389563 0.07612723 0.003295949 0.07098496 0.001968414 0.02673382 0.02389563 0.001998961 0.0458381 0.02673382 0.04451057 0.07098496 0.02389563 0.07612723 0.003295949 0.07098496 0.001968414 0.02673382 0.02389563 0.001998961 0.0458381 0.02673382 0.04451057 0.07098496 0.02389563 0.07612723 0.003295949 0.07098496 0.001968414 0.02673382 0.02389563 0.001998961 0.0458381 0.02673382 0.04451057 0.07098496 0.02389563 0.07612723 0.003295949 0.07098496 0.001968414 0.02673382 0.02389563 0.001998961 0.0458381 0.02673382 0.04451057 0.07098496 0.02389563 0.07612723 0.003295949 0.07098496 0.001968414 0.02673382 0.02389563 0.001998961 0.0458381 0.02673382 0.04451057 0.07098496 0.02389563 0.07612723 0.003295949 0.07098496 0.001968414 0.02673382 0.02389563 0.001998961 0.0458381 0.02673382 0.04451057 0.07098496 0.02389563 0.07612723 0.003295949 0.07098496 0.001968414 0.02673382 0.02389563 0.001998961 0.0458381 0.02673382 0.04451057 0.07098496 0.02389563 0.07612723 0.003295949 0.07098496 0.001968414 0.02673382 0.02389563 0.001998961 0.0458381 0.02673382 0.04451057 0.07098496 0.02389563 0.07612723 0.003295949 0.07098496 0.001968414 0.02673382 0.02389563 0.001998961 0.0458381 0.02673382 0.04451057 0.07098496 0.02389563 0.07612723 0.003295949 0.07098496 0.001968414 0.02673382 0.02389563 0.001998961 0.0458381 0.02673382 0.04451057 0.07098496 0.02389563 0.07612723 0.003295949 0.07098496 0.001968414 0.02673382 0.02389563 0.001998961 0.0458381 0.02673382 0.04451057 0.07098496 0.02389563 0.07612723 0.003295949 0.07098496 0.001968414 0.02673382 0.02389563 0.001998961 0.0458381 0.02673382 0.04451057 0.07098496 0.02389563 0.07612723 0.003295949 0.07098496 0.001968414 0.02673382 0.02389563 0.001998961 0.0458381 0.02673382 0.04451057 0.07098496 0.02389563 0.07612723 0.003295949 0.07098496 0.001968414 0.02673382 0.02389563 0.001998961 0.0458381 0.02673382 0.04451057 0.07098496 0.02389563 0.07612723 0.003295949 0.07098496 0.001968414 0.02673382 0.02389563 0.001998961 0.0458381 0.02673382 0.04451057 0.07098496 0.02389563 0.07612723 0.003295949 0.07098496 0.001968414 0.02673382 0.02389563 0.001998961 0.0458381 0.02673382 0.04451057 0.07098496 0.02389563 0.07612723 0.003295949 0.07098496 0.001968414 0.02673382 0.02389563 0.001998961 0.0458381 0.02673382 0.04451057 0.07098496 0.02389563 0.07612723 0.003295949 0.07098496 0.001968414 0.02673382 0.02389563 0.001998961 0.0458381 0.02673382 0.04451057 0.07098496 0.02389563 0.07612723 0.003295949 0.07098496 0.001968414 0.02673382 0.02389563 0.001998961 0.0458381 0.02673382 0.04451057 0.07098496 0.02389563 0.07612723 0.003295949 0.07098496 0.001968414 0.02673382 0.02389563 0.001998961 0.0458381 0.02673382 0.04451057 0.07098496 0.02389563 0.07612723 0.003295949 0.07098496 0.001968414 0.02673382 0.02389563 0.001998961 0.0458381 0.02673382 0.04451057 0.07098496 0.02389563 0.07612723 0.003295949 0.07098496 0.001968414 0.02673382 0.02389563 0.001998961 0.0458381 0.02673382 0.04451057 0.07098496 0.02389563 0.07612723 0.003295949 0.07098496 0.001968414 0.02673382 0.02389563 0.001998961 0.0458381 0.02673382 0.04451057 0.07098496 0.02389563 0.07612723 0.003295949 0.07098496 0.001968414 0.02673382 0.02389563 0.001998961 0.0458381 0.02673382 0.04451057 0.07098496 0.02389563 0.07612723 0.003295949 0.07098496 0.001968414 0.02673382 0.02389563 0.001998961 0.0458381 0.02673382 0.04451057 0.07098496 0.02389563 0.07612723 0.003295949 0.07098496 0.001968414 0.02673382 0.02389563 0.001998961 0.0458381 0.02673382 0.04451057 0.07098496 0.02389563 0.07612723 0.003295949 0.07098496 0.001968414 0.02673382 0.02389563 0.001998961 0.0458381 0.02673382 0.04451057 0.07098496 0.02389563 0.07612723 0.003295949 0.07098496 0.001968414 0.02673382 0.02389563 0.001998961 0.0458381 0.02673382 0.04451057 0.07098496 0.02389563 0.07612723 0.003295949 0.07098496 0.001968414 0.02673382 0.02389563 0.001998961 0.0458381 0.02673382 0.04451057 0.07098496 0.02389563 0.07612723 0.003295949 0.07098496 0.001968414 0.02673382 0.02389563 0.001998961 0.0458381 0.02673382 0.04451057 0.07098496 0.02389563 0.07612723 0.003295949 0.07098496 0.001968414 0.02673382 0.02389563 0.001998961 0.0458381 0.02673382 0.04451057 0.07098496 0.02389563 0.07612723 0.003295949 0.07098496 0.001968414 0.02673382 0.02389563 0.001998961 0.0458381 0.02673382 0.04451057 0.07098496 0.02389563 0.07612723 0.003295949 0.07098496 0.001968414 0.02673382 0.02389563 0.001998961 0.0458381 0.02673382 0.04451057 0.07098496 0.02389563 0.07612723 0.003295949 0.07098496 0.001968414 0.02673382 0.02389563 0.001998961 0.0458381 0.02673382 0.04451057 0.07098496 0.02389563 0.07612723 0.003295949 0.07098496 0.001968414 0.02673382 0.02389563 0.001998961 0.0458381 0.02673382 0.04451057 0.07098496 0.02389563 0.07612723 0.003295949 0.07098496 0.001968414 0.02673382 0.02389563 0.001998961 0.0458381 0.02673382 0.04451057 0.07098496 0.02389563 0.07612723 0.003295949 0.07098496 0.001968414 0.02673382 0.02389563 0.001998961 0.0458381 0.02673382 0.04451057 0.07098496 0.02389563 0.07612723 0.003295949 0.07098496 0.001968414 0.02673382 0.02389563 0.001998961 0.0458381 0.02673382 0.04451057 0.07098496 0.02389563 0.07612723 0.003295949 0.07098496 0.001968414 0.02673382 0.02389563 0.001998961 0.0458381 0.02673382 0.04451057 0.07098496 0.02389563 0.07612723 0.003295949 0.07098496 0.001968414 0.02673382 0.02389563 0.001998961 0.0458381 0.02673382 0.04451057 0.07098496 0.02389563 0.07612723 0.003295949 0.07098496 0.001968414 0.02673382 0.02389563 0.001998961 0.0458381 0.02673382 0.04451057 0.07098496 0.02389563 0.07612723 0.003295949 0.07098496 0.001968414 0.02673382 0.02389563 0.001998961 0.0458381 0.02673382 0.04451057 0.07098496 0.02389563 0.07612723 0.003295949 0.07098496 0.001968414 0.02673382 0.02389563 0.001998961 0.0458381 0.02673382 0.04451057 0.07098496 0.02389563 0.07612723 0.003295949 0.07098496 0.001968414 0.02673382 0.02389563 0.001998961 0.0458381 0.02673382 0.04451057 0.07098496 0.02389563 0.07612723 0.003295949 0.07098496 0.001968414 0.02673382 0.02389563 0.001998961 0.0458381 0.02673382 0.04451057 0.07098496</float_array>
          <technique_common>
            <accessor source="#L01_010__mTreeOakLeaf-texcoord-array_1" count="832" stride="2">
              <param name="S" type="float" />
              <param name="T" type="float" />
            </accessor>
          </technique_common>
        </source>
        <vertices id="L01_010__mTreeOakLeaf-vertex">
          <input semantic="POSITION" source="#L01_010__mTreeOakLeaf-position" />
        </vertices>
        <triangles material="mTreeOakLeaf" count="516">
          <input semantic="VERTEX" source="#L01_010__mTreeOakLeaf-vertex" offset="0" />
          <input semantic="NORMAL" source="#L01_010__mTreeOakLeaf-normal" offset="1" />
          <input semantic="COLOR" source="#L01_010__mTreeOakLeaf-color" offset="2" set="0" />
          <input semantic="TEXCOORD" source="#L01_010__mTreeOakLeaf-texcoord" offset="3" set="0" />
          <input semantic="TEXCOORD" source="#L01_010__mTreeOakLeaf-texcoord_1" offset="4" set="1" />
          <p>0 0 0 0 0 1 1 1 1 1 2 2 2 2 2 1 1 1 1 1 3 3 3 3 3 2 2 2 2 2 4 4 4 4 4 5 5 5 5 5 6 6 6 6 6 5 5 5 5 5 7 7 7 7 7 6 6 6 6 6 8 8 8 8 8 9 9 9 9 9 10 10 10 10 10 9 9 9 9 9 11 11 11 11 11 10 10 10 10 10 12 12 12 12 12 13 13 13 13 13 14 14 14 14 14 13 13 13 13 13 15 15 15 15 15 14 14 14 14 14 16 16 16 16 16 17 17 17 17 17 18 18 18 18 18 17 17 17 17 17 19 19 19 19 19 18 18 18 18 18 20 20 20 20 20 21 21 21 21 21 22 22 22 22 22 21 21 21 21 21 23 23 23 23 23 22 22 22 22 22 24 24 24 24 24 25 25 25 25 25 26 26 26 26 26 25 25 25 25 25 27 27 27 27 27 26 26 26 26 26 28 28 28 28 28 29 29 29 29 29 30 30 30 30 30 29 29 29 29 29 31 31 31 31 31 30 30 30 30 30 32 32 32 32 32 33 33 33 33 33 34 34 34 34 34 33 33 33 33 33 35 35 35 35 35 34 34 34 34 34 36 36 36 36 36 37 37 37 37 37 38 38 38 38 38 37 37 37 37 37 39 39 39 39 39 38 38 38 38 38 40 40 40 40 40 41 41 41 41 41 42 42 42 42 42 41 41 41 41 41 43 43 43 43 43 42 42 42 42 42 44 44 44 44 44 45 45 45 45 45 46 46 46 46 46 45 45 45 45 45 47 47 47 47 47 46 46 46 46 46 48 48 48 48 48 49 49 49 49 49 50 50 50 50 50 49 49 49 49 49 51 51 51 51 51 50 50 50 50 50 52 52 52 52 52 53 53 53 53 53 54 54 54 54 54 53 53 53 53 53 55 55 55 55 55 54 54 54 54 54 56 56 56 56 56 57 57 57 57 57 58 58 58 58 58 57 57 57 57 57 59 59 59 59 59 58 58 58 58 58 60 60 60 60 60 61 61 61 61 61 62 62 62 62 62 61 61 61 61 61 63 63 63 63 63 62 62 62 62 62 64 64 64 64 64 65 65 65 65 65 66 66 66 66 66 65 65 65 65 65 67 67 67 67 67 66 66 66 66 66 68 68 68 68 68 69 69 69 69 69 70 70 70 70 70 69 69 69 69 69 71 71 71 71 71 70 70 70 70 70 72 72 72 72 72 73 73 73 73 73 74 74 74 74 74 73 73 73 73 73 75 75 75 75 75 74 74 74 74 74 76 76 76 76 76 77 77 77 77 77 78 78 78 78 78 77 77 77 77 77 79 79 79 79 79 78 78 78 78 78 80 80 80 80 80 81 81 81 81 81 82 82 82 82 82 81 81 81 81 81 83 83 83 83 83 82 82 82 82 82 84 84 84 84 84 85 85 85 85 85 86 86 86 86 86 85 85 85 85 85 87 87 87 87 87 86 86 86 86 86 88 88 88 88 88 89 89 89 89 89 90 90 90 90 90 89 89 89 89 89 91 91 91 91 91 90 90 90 90 90 92 92 92 92 92 93 93 93 93 93 94 94 94 94 94 93 93 93 93 93 95 95 95 95 95 94 94 94 94 94 96 96 96 96 96 97 97 97 97 97 98 98 98 98 98 97 97 97 97 97 99 99 99 99 99 98 98 98 98 98 100 100 100 100 100 101 101 101 101 101 102 102 102 102 102 101 101 101 101 101 103 103 103 103 103 102 102 102 102 102 104 104 104 104 104 105 105 105 105 105 106 106 106 106 106 105 105 105 105 105 107 107 107 107 107 106 106 106 106 106 108 108 108 108 108 109 109 109 109 109 110 110 110 110 110 109 109 109 109 109 111 111 111 111 111 110 110 110 110 110 112 112 112 112 112 113 113 113 113 113 114 114 114 114 114 113 113 113 113 113 115 115 115 115 115 114 114 114 114 114 116 116 116 116 116 117 117 117 117 117 118 118 118 118 118 117 117 117 117 117 119 119 119 119 119 118 118 118 118 118 120 120 120 120 120 121 121 121 121 121 122 122 122 122 122 121 121 121 121 121 123 123 123 123 123 122 122 122 122 122 124 124 124 124 124 125 125 125 125 125 126 126 126 126 126 125 125 125 125 125 127 127 127 127 127 126 126 126 126 126 128 128 128 128 128 129 129 129 129 129 130 130 130 130 130 129 129 129 129 129 131 131 131 131 131 130 130 130 130 130 132 132 132 132 132 133 133 133 133 133 134 134 134 134 134 133 133 133 133 133 135 135 135 135 135 134 134 134 134 134 136 136 136 136 136 137 137 137 137 137 138 138 138 138 138 137 137 137 137 137 139 139 139 139 139 138 138 138 138 138 140 140 140 140 140 141 141 141 141 141 142 142 142 142 142 141 141 141 141 141 143 143 143 143 143 142 142 142 142 142 144 144 144 144 144 145 145 145 145 145 146 146 146 146 146 145 145 145 145 145 147 147 147 147 147 146 146 146 146 146 148 148 148 148 148 149 149 149 149 149 150 150 150 150 150 149 149 149 149 149 151 151 151 151 151 150 150 150 150 150 152 152 152 152 152 153 153 153 153 153 154 154 154 154 154 153 153 153 153 153 155 155 155 155 155 154 154 154 154 154 156 156 156 156 156 157 157 157 157 157 158 158 158 158 158 157 157 157 157 157 159 159 159 159 159 158 158 158 158 158 160 160 160 160 160 161 161 161 161 161 162 162 162 162 162 161 161 161 161 161 163 163 163 163 163 162 162 162 162 162 164 164 164 164 164 165 165 165 165 165 166 166 166 166 166 165 165 165 165 165 167 167 167 167 167 166 166 166 166 166 168 168 168 168 168 169 169 169 169 169 170 170 170 170 170 169 169 169 169 169 171 171 171 171 171 170 170 170 170 170 172 172 172 172 172 173 173 173 173 173 174 174 174 174 174 173 173 173 173 173 175 175 175 175 175 174 174 174 174 174 176 176 176 176 176 177 177 177 177 177 178 178 178 178 178 177 177 177 177 177 179 179 179 179 179 178 178 178 178 178 180 180 180 180 180 181 181 181 181 181 182 182 182 182 182 181 181 181 181 181 183 183 183 183 183 182 182 182 182 182 184 184 184 184 184 185 185 185 185 185 186 186 186 186 186 185 185 185 185 185 187 187 187 187 187 186 186 186 186 186 188 188 188 188 188 189 189 189 189 189 190 190 190 190 190 189 189 189 189 189 191 191 191 191 191 190 190 190 190 190 192 192 192 192 192 193 193 193 193 193 194 194 194 194 194 193 193 193 193 193 195 195 195 195 195 194 194 194 194 194 196 196 196 196 196 197 197 197 197 197 198 198 198 198 198 197 197 197 197 197 199 199 199 199 199 198 198 198 198 198 200 200 200 200 200 201 201 201 201 201 202 202 202 202 202 201 201 201 201 201 203 203 203 203 203 202 202 202 202 202 204 204 204 204 204 205 205 205 205 205 206 206 206 206 206 205 205 205 205 205 207 207 207 207 207 206 206 206 206 206 208 208 208 208 208 209 209 209 209 209 210 210 210 210 210 209 209 209 209 209 211 211 211 211 211 210 210 210 210 210 212 212 212 212 212 213 213 213 213 213 214 214 214 214 214 213 213 213 213 213 215 215 215 215 215 214 214 214 214 214 216 216 216 216 216 217 217 217 217 217 218 218 218 218 218 217 217 217 217 217 219 219 219 219 219 218 218 218 218 218 220 220 220 220 220 221 221 221 221 221 222 222 222 222 222 221 221 221 221 221 223 223 223 223 223 222 222 222 222 222 224 224 224 224 224 225 225 225 225 225 226 226 226 226 226 225 225 225 225 225 227 227 227 227 227 226 226 226 226 226 228 228 228 228 228 229 229 229 229 229 230 230 230 230 230 229 229 229 229 229 231 231 231 231 231 230 230 230 230 230 232 232 232 232 232 233 233 233 233 233 234 234 234 234 234 235 235 235 235 235 232 232 232 232 232 234 234 234 234 234 232 232 232 232 232 235 235 235 235 235 236 236 236 236 236 237 237 237 237 237 232 232 232 232 232 236 236 236 236 236 238 238 238 238 238 239 239 239 239 239 240 240 240 240 240 241 241 241 241 241 238 238 238 238 238 240 240 240 240 240 238 238 238 238 238 241 241 241 241 241 242 242 242 242 242 243 243 243 243 243 238 238 238 238 238 242 242 242 242 242 244 244 244 244 244 245 245 245 245 245 246 246 246 246 246 247 247 247 247 247 244 244 244 244 244 246 246 246 246 246 244 244 244 244 244 247 247 247 247 247 248 248 248 248 248 249 249 249 249 249 244 244 244 244 244 248 248 248 248 248 250 250 250 250 250 251 251 251 251 251 252 252 252 252 252 253 253 253 253 253 250 250 250 250 250 252 252 252 252 252 250 250 250 250 250 253 253 253 253 253 254 254 254 254 254 255 255 255 255 255 250 250 250 250 250 254 254 254 254 254 256 256 256 256 256 257 257 257 257 257 258 258 258 258 258 259 259 259 259 259 256 256 256 256 256 258 258 258 258 258 256 256 256 256 256 259 259 259 259 259 260 260 260 260 260 261 261 261 261 261 256 256 256 256 256 260 260 260 260 260 262 262 262 262 262 263 263 263 263 263 264 264 264 264 264 265 265 265 265 265 262 262 262 262 262 264 264 264 264 264 262 262 262 262 262 265 265 265 265 265 266 266 266 266 266 267 267 267 267 267 262 262 262 262 262 266 266 266 266 266 268 268 268 268 268 269 269 269 269 269 270 270 270 270 270 271 271 271 271 271 268 268 268 268 268 270 270 270 270 270 268 268 268 268 268 271 271 271 271 271 272 272 272 272 272 273 273 273 273 273 268 268 268 268 268 272 272 272 272 272 274 274 274 274 274 275 275 275 275 275 276 276 276 276 276 277 277 277 277 277 274 274 274 274 274 276 276 276 276 276 274 274 274 274 274 277 277 277 277 277 278 278 278 278 278 279 279 279 279 279 274 274 274 274 274 278 278 278 278 278 280 280 280 280 280 281 281 281 281 281 282 282 282 282 282 283 283 283 283 283 280 280 280 280 280 282 282 282 282 282 280 280 280 280 280 283 283 283 283 283 284 284 284 284 284 285 285 285 285 285 280 280 280 280 280 284 284 284 284 284 286 286 286 286 286 287 287 287 287 287 288 288 288 288 288 289 289 289 289 289 286 286 286 286 286 288 288 288 288 288 286 286 286 286 286 289 289 289 289 289 290 290 290 290 290 291 291 291 291 291 286 286 286 286 286 290 290 290 290 290 292 292 292 292 292 293 293 293 293 293 294 294 294 294 294 295 295 295 295 295 292 292 292 292 292 294 294 294 294 294 292 292 292 292 292 295 295 295 295 295 296 296 296 296 296 297 297 297 297 297 292 292 292 292 292 296 296 296 296 296 298 298 298 298 298 299 299 299 299 299 300 300 300 300 300 301 301 301 301 301 298 298 298 298 298 300 300 300 300 300 298 298 298 298 298 301 301 301 301 301 302 302 302 302 302 303 303 303 303 303 298 298 298 298 298 302 302 302 302 302 304 304 304 304 304 305 305 305 305 305 306 306 306 306 306 307 307 307 307 307 304 304 304 304 304 306 306 306 306 306 304 304 304 304 304 307 307 307 307 307 308 308 308 308 308 309 309 309 309 309 304 304 304 304 304 308 308 308 308 308 310 310 310 310 310 311 311 311 311 311 312 312 312 312 312 313 313 313 313 313 310 310 310 310 310 312 312 312 312 312 310 310 310 310 310 313 313 313 313 313 314 314 314 314 314 315 315 315 315 315 310 310 310 310 310 314 314 314 314 314 316 316 316 316 316 317 317 317 317 317 318 318 318 318 318 319 319 319 319 319 316 316 316 316 316 318 318 318 318 318 316 316 316 316 316 319 319 319 319 319 320 320 320 320 320 321 321 321 321 321 316 316 316 316 316 320 320 320 320 320 322 322 322 322 322 323 323 323 323 323 324 324 324 324 324 325 325 325 325 325 322 322 322 322 322 324 324 324 324 324 322 322 322 322 322 325 325 325 325 325 326 326 326 326 326 327 327 327 327 327 322 322 322 322 322 326 326 326 326 326 328 328 328 328 328 329 329 329 329 329 330 330 330 330 330 331 331 331 331 331 328 328 328 328 328 330 330 330 330 330 328 328 328 328 328 331 331 331 331 331 332 332 332 332 332 333 333 333 333 333 328 328 328 328 328 332 332 332 332 332 334 334 334 334 334 335 335 335 335 335 336 336 336 336 336 337 337 337 337 337 334 334 334 334 334 336 336 336 336 336 334 334 334 334 334 337 337 337 337 337 338 338 338 338 338 339 339 339 339 339 334 334 334 334 334 338 338 338 338 338 340 340 340 340 340 341 341 341 341 341 342 342 342 342 342 343 343 343 343 343 340 340 340 340 340 342 342 342 342 342 340 340 340 340 340 343 343 343 343 343 344 344 344 344 344 345 345 345 345 345 340 340 340 340 340 344 344 344 344 344 346 346 346 346 346 347 347 347 347 347 348 348 348 348 348 349 349 349 349 349 346 346 346 346 346 348 348 348 348 348 346 346 346 346 346 349 349 349 349 349 350 350 350 350 350 351 351 351 351 351 346 346 346 346 346 350 350 350 350 350 352 352 352 352 352 353 353 353 353 353 354 354 354 354 354 355 355 355 355 355 352 352 352 352 352 354 354 354 354 354 352 352 352 352 352 355 355 355 355 355 356 356 356 356 356 357 357 357 357 357 352 352 352 352 352 356 356 356 356 356 358 358 358 358 358 359 359 359 359 359 360 360 360 360 360 361 361 361 361 361 358 358 358 358 358 360 360 360 360 360 358 358 358 358 358 361 361 361 361 361 362 362 362 362 362 363 363 363 363 363 358 358 358 358 358 362 362 362 362 362 364 364 364 364 364 365 365 365 365 365 366 366 366 366 366 367 367 367 367 367 364 364 364 364 364 366 366 366 366 366 364 364 364 364 364 367 367 367 367 367 368 368 368 368 368 369 369 369 369 369 364 364 364 364 364 368 368 368 368 368 370 370 370 370 370 371 371 371 371 371 372 372 372 372 372 373 373 373 373 373 370 370 370 370 370 372 372 372 372 372 370 370 370 370 370 373 373 373 373 373 374 374 374 374 374 375 375 375 375 375 370 370 370 370 370 374 374 374 374 374 376 376 376 376 376 377 377 377 377 377 378 378 378 378 378 379 379 379 379 379 376 376 376 376 376 378 378 378 378 378 376 376 376 376 376 379 379 379 379 379 380 380 380 380 380 381 381 381 381 381 376 376 376 376 376 380 380 380 380 380 382 382 382 382 382 383 383 383 383 383 384 384 384 384 384 385 385 385 385 385 382 382 382 382 382 384 384 384 384 384 382 382 382 382 382 385 385 385 385 385 386 386 386 386 386 387 387 387 387 387 382 382 382 382 382 386 386 386 386 386 388 388 388 388 388 389 389 389 389 389 390 390 390 390 390 391 391 391 391 391 388 388 388 388 388 390 390 390 390 390 388 388 388 388 388 391 391 391 391 391 392 392 392 392 392 393 393 393 393 393 388 388 388 388 388 392 392 392 392 392 394 394 394 394 394 395 395 395 395 395 396 396 396 396 396 397 397 397 397 397 394 394 394 394 394 396 396 396 396 396 394 394 394 394 394 397 397 397 397 397 398 398 398 398 398 399 399 399 399 399 394 394 394 394 394 398 398 398 398 398 400 400 400 400 400 401 401 401 401 401 402 402 402 402 402 403 403 403 403 403 400 400 400 400 400 402 402 402 402 402 400 400 400 400 400 403 403 403 403 403 404 404 404 404 404 405 405 405 405 405 400 400 400 400 400 404 404 404 404 404 406 406 406 406 406 407 407 407 407 407 408 408 408 408 408 409 409 409 409 409 406 406 406 406 406 408 408 408 408 408 406 406 406 406 406 409 409 409 409 409 410 410 410 410 410 411 411 411 411 411 406 406 406 406 406 410 410 410 410 410 412 412 412 412 412 413 413 413 413 413 414 414 414 414 414 415 415 415 415 415 412 412 412 412 412 414 414 414 414 414 412 412 412 412 412 415 415 415 415 415 416 416 416 416 416 417 417 417 417 417 412 412 412 412 412 416 416 416 416 416 418 418 418 418 418 419 419 419 419 419 420 420 420 420 420 421 421 421 421 421 418 418 418 418 418 420 420 420 420 420 418 418 418 418 418 421 421 421 421 421 422 422 422 422 422 423 423 423 423 423 418 418 418 418 418 422 422 422 422 422 424 424 424 424 424 425 425 425 425 425 426 426 426 426 426 427 427 427 427 427 424 424 424 424 424 426 426 426 426 426 424 424 424 424 424 427 427 427 427 427 428 428 428 428 428 429 429 429 429 429 424 424 424 424 424 428 428 428 428 428 430 430 430 430 430 431 431 431 431 431 432 432 432 432 432 433 433 433 433 433 430 430 430 430 430 432 432 432 432 432 430 430 430 430 430 433 433 433 433 433 434 434 434 434 434 435 435 435 435 435 430 430 430 430 430 434 434 434 434 434 436 436 436 436 436 437 437 437 437 437 438 438 438 438 438 439 439 439 439 439 436 436 436 436 436 438 438 438 438 438 436 436 436 436 436 439 439 439 439 439 440 440 440 440 440 441 441 441 441 441 436 436 436 436 436 440 440 440 440 440 442 442 442 442 442 443 443 443 443 443 444 444 444 444 444 445 445 445 445 445 442 442 442 442 442 444 444 444 444 444 442 442 442 442 442 445 445 445 445 445 446 446 446 446 446 447 447 447 447 447 442 442 442 442 442 446 446 446 446 446 448 448 448 448 448 449 449 449 449 449 450 450 450 450 450 451 451 451 451 451 448 448 448 448 448 450 450 450 450 450 448 448 448 448 448 451 451 451 451 451 452 452 452 452 452 453 453 453 453 453 448 448 448 448 448 452 452 452 452 452 454 454 454 454 454 455 455 455 455 455 456 456 456 456 456 457 457 457 457 457 454 454 454 454 454 456 456 456 456 456 454 454 454 454 454 457 457 457 457 457 458 458 458 458 458 459 459 459 459 459 454 454 454 454 454 458 458 458 458 458 460 460 460 460 460 461 461 461 461 461 462 462 462 462 462 463 463 463 463 463 460 460 460 460 460 462 462 462 462 462 460 460 460 460 460 463 463 463 463 463 464 464 464 464 464 465 465 465 465 465 460 460 460 460 460 464 464 464 464 464 466 466 466 466 466 467 467 467 467 467 468 468 468 468 468 469 469 469 469 469 466 466 466 466 466 468 468 468 468 468 466 466 466 466 466 469 469 469 469 469 470 470 470 470 470 471 471 471 471 471 466 466 466 466 466 470 470 470 470 470 472 472 472 472 472 473 473 473 473 473 474 474 474 474 474 475 475 475 475 475 472 472 472 472 472 474 474 474 474 474 472 472 472 472 472 475 475 475 475 475 476 476 476 476 476 477 477 477 477 477 472 472 472 472 472 476 476 476 476 476 478 478 478 478 478 479 479 479 479 479 480 480 480 480 480 481 481 481 481 481 478 478 478 478 478 480 480 480 480 480 478 478 478 478 478 481 481 481 481 481 482 482 482 482 482 483 483 483 483 483 478 478 478 478 478 482 482 482 482 482 484 484 484 484 484 485 485 485 485 485 486 486 486 486 486 487 487 487 487 487 484 484 484 484 484 486 486 486 486 486 484 484 484 484 484 487 487 487 487 487 488 488 488 488 488 489 489 489 489 489 484 484 484 484 484 488 488 488 488 488 490 490 490 490 490 491 491 491 491 491 492 492 492 492 492 493 493 493 493 493 490 490 490 490 490 492 492 492 492 492 490 490 490 490 490 493 493 493 493 493 494 494 494 494 494 495 495 495 495 495 490 490 490 490 490 494 494 494 494 494 496 496 496 496 496 497 497 497 497 497 498 498 498 498 498 499 499 499 499 499 496 496 496 496 496 498 498 498 498 498 496 496 496 496 496 499 499 499 499 499 500 500 500 500 500 501 501 501 501 501 496 496 496 496 496 500 500 500 500 500 502 502 502 502 502 503 503 503 503 503 504 504 504 504 504 505 505 505 505 505 502 502 502 502 502 504 504 504 504 504 502 502 502 502 502 505 505 505 505 505 506 506 506 506 506 507 507 507 507 507 502 502 502 502 502 506 506 506 506 506 508 508 508 508 508 509 509 509 509 509 510 510 510 510 510 511 511 511 511 511 508 508 508 508 508 510 510 510 510 510 508 508 508 508 508 511 511 511 511 511 512 512 512 512 512 513 513 513 513 513 508 508 508 508 508 512 512 512 512 512 514 514 514 514 514 515 515 515 515 515 516 516 516 516 516 517 517 517 517 517 514 514 514 514 514 516 516 516 516 516 514 514 514 514 514 517 517 517 517 517 518 518 518 518 518 519 519 519 519 519 514 514 514 514 514 518 518 518 518 518 520 520 520 520 520 521 521 521 521 521 522 522 522 522 522 523 523 523 523 523 520 520 520 520 520 522 522 522 522 522 520 520 520 520 520 523 523 523 523 523 524 524 524 524 524 525 525 525 525 525 520 520 520 520 520 524 524 524 524 524 526 526 526 526 526 527 527 527 527 527 528 528 528 528 528 529 529 529 529 529 526 526 526 526 526 528 528 528 528 528 526 526 526 526 526 529 529 529 529 529 530 530 530 530 530 531 531 531 531 531 526 526 526 526 526 530 530 530 530 530 532 532 532 532 532 533 533 533 533 533 534 534 534 534 534 535 535 535 535 535 532 532 532 532 532 534 534 534 534 534 532 532 532 532 532 535 535 535 535 535 536 536 536 536 536 537 537 537 537 537 532 532 532 532 532 536 536 536 536 536 538 538 538 538 538 539 539 539 539 539 540 540 540 540 540 541 541 541 541 541 538 538 538 538 538 540 540 540 540 540 538 538 538 538 538 541 541 541 541 541 542 542 542 542 542 543 543 543 543 543 538 538 538 538 538 542 542 542 542 542 544 544 544 544 544 545 545 545 545 545 546 546 546 546 546 547 547 547 547 547 544 544 544 544 544 546 546 546 546 546 544 544 544 544 544 547 547 547 547 547 548 548 548 548 548 549 549 549 549 549 544 544 544 544 544 548 548 548 548 548 550 550 550 550 550 551 551 551 551 551 552 552 552 552 552 553 553 553 553 553 550 550 550 550 550 552 552 552 552 552 550 550 550 550 550 553 553 553 553 553 554 554 554 554 554 555 555 555 555 555 550 550 550 550 550 554 554 554 554 554 556 556 556 556 556 557 557 557 557 557 558 558 558 558 558 559 559 559 559 559 556 556 556 556 556 558 558 558 558 558 556 556 556 556 556 559 559 559 559 559 560 560 560 560 560 561 561 561 561 561 556 556 556 556 556 560 560 560 560 560 562 562 562 562 562 563 563 563 563 563 564 564 564 564 564 565 565 565 565 565 562 562 562 562 562 564 564 564 564 564 562 562 562 562 562 565 565 565 565 565 566 566 566 566 566 567 567 567 567 567 562 562 562 562 562 566 566 566 566 566 568 568 568 568 568 569 569 569 569 569 570 570 570 570 570 571 571 571 571 571 568 568 568 568 568 570 570 570 570 570 568 568 568 568 568 571 571 571 571 571 572 572 572 572 572 573 573 573 573 573 568 568 568 568 568 572 572 572 572 572 574 574 574 574 574 575 575 575 575 575 576 576 576 576 576 577 577 577 577 577 574 574 574 574 574 576 576 576 576 576 574 574 574 574 574 577 577 577 577 577 578 578 578 578 578 579 579 579 579 579 574 574 574 574 574 578 578 578 578 578 580 580 580 580 580 581 581 581 581 581 582 582 582 582 582 583 583 583 583 583 580 580 580 580 580 582 582 582 582 582 580 580 580 580 580 583 583 583 583 583 584 584 584 584 584 585 585 585 585 585 580 580 580 580 580 584 584 584 584 584 586 586 586 586 586 587 587 587 587 587 588 588 588 588 588 589 589 589 589 589 586 586 586 586 586 588 588 588 588 588 586 586 586 586 586 589 589 589 589 589 590 590 590 590 590 591 591 591 591 591 586 586 586 586 586 590 590 590 590 590 592 592 592 592 592 593 593 593 593 593 594 594 594 594 594 595 595 595 595 595 592 592 592 592 592 594 594 594 594 594 592 592 592 592 592 595 595 595 595 595 596 596 596 596 596 597 597 597 597 597 592 592 592 592 592 596 596 596 596 596 598 598 598 598 598 599 599 599 599 599 600 600 600 600 600 601 601 601 601 601 598 598 598 598 598 600 600 600 600 600 598 598 598 598 598 601 601 601 601 601 602 602 602 602 602 603 603 603 603 603 598 598 598 598 598 602 602 602 602 602 604 604 604 604 604 605 605 605 605 605 606 606 606 606 606 607 607 607 607 607 604 604 604 604 604 606 606 606 606 606 604 604 604 604 604 607 607 607 607 607 608 608 608 608 608 609 609 609 609 609 604 604 604 604 604 608 608 608 608 608 610 610 610 610 610 611 611 611 611 611 612 612 612 612 612 613 613 613 613 613 610 610 610 610 610 612 612 612 612 612 610 610 610 610 610 613 613 613 613 613 614 614 614 614 614 615 615 615 615 615 610 610 610 610 610 614 614 614 614 614 616 616 616 616 616 617 617 617 617 617 618 618 618 618 618 619 619 619 619 619 616 616 616 616 616 618 618 618 618 618 616 616 616 616 616 619 619 619 619 619 620 620 620 620 620 621 621 621 621 621 616 616 616 616 616 620 620 620 620 620 622 622 622 622 622 623 623 623 623 623 624 624 624 624 624 625 625 625 625 625 622 622 622 622 622 624 624 624 624 624 622 622 622 622 622 625 625 625 625 625 626 626 626 626 626 627 627 627 627 627 622 622 622 622 622 626 626 626 626 626 628 628 628 628 628 629 629 629 629 629 630 630 630 630 630 631 631 631 631 631 628 628 628 628 628 630 630 630 630 630 628 628 628 628 628 631 631 631 631 631 632 632 632 632 632 633 633 633 633 633 628 628 628 628 628 632 632 632 632 632 634 634 634 634 634 635 635 635 635 635 636 636 636 636 636 637 637 637 637 637 634 634 634 634 634 636 636 636 636 636 634 634 634 634 634 637 637 637 637 637 638 638 638 638 638 639 639 639 639 639 634 634 634 634 634 638 638 638 638 638 640 640 640 640 640 641 641 641 641 641 642 642 642 642 642 643 643 643 643 643 640 640 640 640 640 642 642 642 642 642 640 640 640 640 640 643 643 643 643 643 644 644 644 644 644 645 645 645 645 645 640 640 640 640 640 644 644 644 644 644 646 646 646 646 646 647 647 647 647 647 648 648 648 648 648 649 649 649 649 649 646 646 646 646 646 648 648 648 648 648 646 646 646 646 646 649 649 649 649 649 650 650 650 650 650 651 651 651 651 651 646 646 646 646 646 650 650 650 650 650 652 652 652 652 652 653 653 653 653 653 654 654 654 654 654 655 655 655 655 655 652 652 652 652 652 654 654 654 654 654 652 652 652 652 652 655 655 655 655 655 656 656 656 656 656 657 657 657 657 657 652 652 652 652 652 656 656 656 656 656 658 658 658 658 658 659 659 659 659 659 660 660 660 660 660 661 661 661 661 661 658 658 658 658 658 660 660 660 660 660 658 658 658 658 658 661 661 661 661 661 662 662 662 662 662 663 663 663 663 663 658 658 658 658 658 662 662 662 662 662 664 664 664 664 664 665 665 665 665 665 666 666 666 666 666 667 667 667 667 667 664 664 664 664 664 666 666 666 666 666 664 664 664 664 664 667 667 667 667 667 668 668 668 668 668 669 669 669 669 669 664 664 664 664 664 668 668 668 668 668 670 670 670 670 670 671 671 671 671 671 672 672 672 672 672 673 673 673 673 673 670 670 670 670 670 672 672 672 672 672 670 670 670 670 670 673 673 673 673 673 674 674 674 674 674 675 675 675 675 675 670 670 670 670 670 674 674 674 674 674 676 676 676 676 676 677 677 677 677 677 678 678 678 678 678 679 679 679 679 679 676 676 676 676 676 678 678 678 678 678 676 676 676 676 676 679 679 679 679 679 680 680 680 680 680 681 681 681 681 681 676 676 676 676 676 680 680 680 680 680 682 682 682 682 682 683 683 683 683 683 684 684 684 684 684 685 685 685 685 685 682 682 682 682 682 684 684 684 684 684 682 682 682 682 682 685 685 685 685 685 686 686 686 686 686 687 687 687 687 687 682 682 682 682 682 686 686 686 686 686 688 688 688 688 688 689 689 689 689 689 690 690 690 690 690 691 691 691 691 691 688 688 688 688 688 690 690 690 690 690 688 688 688 688 688 691 691 691 691 691 692 692 692 692 692 693 693 693 693 693 688 688 688 688 688 692 692 692 692 692 694 694 694 694 694 695 695 695 695 695 696 696 696 696 696 697 697 697 697 697 694 694 694 694 694 696 696 696 696 696 694 694 694 694 694 697 697 697 697 697 698 698 698 698 698 699 699 699 699 699 694 694 694 694 694 698 698 698 698 698 700 700 700 700 700 701 701 701 701 701 702 702 702 702 702 703 703 703 703 703 700 700 700 700 700 702 702 702 702 702 700 700 700 700 700 703 703 703 703 703 704 704 704 704 704 705 705 705 705 705 700 700 700 700 700 704 704 704 704 704 706 706 706 706 706 707 707 707 707 707 708 708 708 708 708 709 709 709 709 709 706 706 706 706 706 708 708 708 708 708 706 706 706 706 706 709 709 709 709 709 710 710 710 710 710 711 711 711 711 711 706 706 706 706 706 710 710 710 710 710 712 712 712 712 712 713 713 713 713 713 714 714 714 714 714 715 715 715 715 715 712 712 712 712 712 714 714 714 714 714 712 712 712 712 712 715 715 715 715 715 716 716 716 716 716 717 717 717 717 717 712 712 712 712 712 716 716 716 716 716 718 718 718 718 718 719 719 719 719 719 720 720 720 720 720 721 721 721 721 721 718 718 718 718 718 720 720 720 720 720 718 718 718 718 718 721 721 721 721 721 722 722 722 722 722 723 723 723 723 723 718 718 718 718 718 722 722 722 722 722 724 724 724 724 724 725 725 725 725 725 726 726 726 726 726 727 727 727 727 727 724 724 724 724 724 726 726 726 726 726 724 724 724 724 724 727 727 727 727 727 728 728 728 728 728 729 729 729 729 729 724 724 724 724 724 728 728 728 728 728 730 730 730 730 730 731 731 731 731 731 732 732 732 732 732 733 733 733 733 733 730 730 730 730 730 732 732 732 732 732 730 730 730 730 730 733 733 733 733 733 734 734 734 734 734 735 735 735 735 735 730 730 730 730 730 734 734 734 734 734 736 736 736 736 736 737 737 737 737 737 738 738 738 738 738 739 739 739 739 739 736 736 736 736 736 738 738 738 738 738 736 736 736 736 736 739 739 739 739 739 740 740 740 740 740 741 741 741 741 741 736 736 736 736 736 740 740 740 740 740 742 742 742 742 742 743 743 743 743 743 744 744 744 744 744 745 745 745 745 745 742 742 742 742 742 744 744 744 744 744 742 742 742 742 742 745 745 745 745 745 746 746 746 746 746 747 747 747 747 747 742 742 742 742 742 746 746 746 746 746 748 748 748 748 748 749 749 749 749 749 750 750 750 750 750 751 751 751 751 751 748 748 748 748 748 750 750 750 750 750 748 748 748 748 748 751 751 751 751 751 752 752 752 752 752 753 753 753 753 753 748 748 748 748 748 752 752 752 752 752 754 754 754 754 754 755 755 755 755 755 756 756 756 756 756 757 757 757 757 757 754 754 754 754 754 756 756 756 756 756 754 754 754 754 754 757 757 757 757 757 758 758 758 758 758 759 759 759 759 759 754 754 754 754 754 758 758 758 758 758 760 760 760 760 760 761 761 761 761 761 762 762 762 762 762 763 763 763 763 763 760 760 760 760 760 762 762 762 762 762 760 760 760 760 760 763 763 763 763 763 764 764 764 764 764 765 765 765 765 765 760 760 760 760 760 764 764 764 764 764 766 766 766 766 766 767 767 767 767 767 768 768 768 768 768 769 769 769 769 769 766 766 766 766 766 768 768 768 768 768 766 766 766 766 766 769 769 769 769 769 770 770 770 770 770 771 771 771 771 771 766 766 766 766 766 770 770 770 770 770 772 772 772 772 772 773 773 773 773 773 774 774 774 774 774 775 775 775 775 775 772 772 772 772 772 774 774 774 774 774 772 772 772 772 772 775 775 775 775 775 776 776 776 776 776 777 777 777 777 777 772 772 772 772 772 776 776 776 776 776 778 778 778 778 778 779 779 779 779 779 780 780 780 780 780 781 781 781 781 781 778 778 778 778 778 780 780 780 780 780 778 778 778 778 778 781 781 781 781 781 782 782 782 782 782 783 783 783 783 783 778 778 778 778 778 782 782 782 782 782 784 784 784 784 784 785 785 785 785 785 786 786 786 786 786 787 787 787 787 787 784 784 784 784 784 786 786 786 786 786 784 784 784 784 784 787 787 787 787 787 788 788 788 788 788 789 789 789 789 789 784 784 784 784 784 788 788 788 788 788 790 790 790 790 790 791 791 791 791 791 792 792 792 792 792 793 793 793 793 793 790 790 790 790 790 792 792 792 792 792 790 790 790 790 790 793 793 793 793 793 794 794 794 794 794 795 795 795 795 795 790 790 790 790 790 794 794 794 794 794 796 796 796 796 796 797 797 797 797 797 798 798 798 798 798 799 799 799 799 799 796 796 796 796 796 798 798 798 798 798 796 796 796 796 796 799 799 799 799 799 800 800 800 800 800 801 801 801 801 801 796 796 796 796 796 800 800 800 800 800 802 802 802 802 802 803 803 803 803 803 804 804 804 804 804 805 805 805 805 805 802 802 802 802 802 804 804 804 804 804 802 802 802 802 802 805 805 805 805 805 806 806 806 806 806 807 807 807 807 807 802 802 802 802 802 806 806 806 806 806 808 808 808 808 808 809 809 809 809 809 810 810 810 810 810 811 811 811 811 811 808 808 808 808 808 810 810 810 810 810 808 808 808 808 808 811 811 811 811 811 812 812 812 812 812 813 813 813 813 813 808 808 808 808 808 812 812 812 812 812 814 814 814 814 814 815 815 815 815 815 816 816 816 816 816 817 817 817 817 817 814 814 814 814 814 816 816 816 816 816 814 814 814 814 814 817 817 817 817 817 818 818 818 818 818 819 819 819 819 819 814 814 814 814 814 818 818 818 818 818 820 820 820 820 820 821 821 821 821 821 822 822 822 822 822 823 823 823 823 823 820 820 820 820 820 822 822 822 822 822 820 820 820 820 820 823 823 823 823 823 824 824 824 824 824 825 825 825 825 825 820 820 820 820 820 824 824 824 824 824 826 826 826 826 826 827 827 827 827 827 828 828 828 828 828 829 829 829 829 829 826 826 826 826 826 828 828 828 828 828 826 826 826 826 826 829 829 829 829 829 830 830 830 830 830 831 831 831 831 831 826 826 826 826 826 830 830 830 830 830 </p>
        </triangles>
      </mesh>
    </geometry>
    <geometry id="L01_017__mShadowShake-mesh" name="L01_017__mShadowShake">
      <mesh>
        <source id="L01_017__mShadowShake-position">
          <float_array id="L01_017__mShadowShake-position-array" count="648">6.272185 13.13919 -7.115871 7.727542 12.7833 -6.346315 8.008992 11.03997 -6.380188 6.388884 9.904088 -7.404015 4.684867 11.09431 -8.220661 4.840789 12.83082 -7.944591 -6.452198 17.8026 -0.9344257 -6.698776 17.72077 -2.598588 -8.229332 16.90604 -2.93503 -9.311548 16.26619 -1.095847 -8.337839 16.73105 0.8594011 -6.79272 17.56897 0.6965922 -1.623958 15.14035 2.850675 -2.914691 14.56178 3.765114 -2.436024 13.08217 4.602502 -0.3328557 12.47488 4.188894 0.8419857 13.78411 2.813081 -0.06812763 15.17162 2.211007 -4.048022 18.24397 -0.682759 -4.730432 18.36737 -2.217693 -6.474773 18.10906 -2.117028 -7.190304 17.71352 -0.04464779 -5.646474 17.69939 1.568918 -4.010806 18.01166 0.983196 -0.5520258 24.35677 -4.680478 0.2311246 24.1955 -6.162909 -0.9016458 23.58354 -7.372008 -2.948414 23.2317 -6.565694 -3.272134 23.68881 -4.403875 -1.827217 24.28703 -3.585132 -3.377852 22.42538 -5.290827 -2.828607 22.09294 -6.847987 -3.580973 20.60921 -7.441342 -4.977932 19.6806 -5.975262 -5.224403 20.72555 -4.01706 -4.255636 22.19424 -3.874199 -4.064618 22.65692 -2.631288 -4.840933 22.1236 -4.027656 -5.522703 20.51738 -3.75414 -5.144914 19.73586 -1.702386 -3.990372 21.05464 -0.3185297 -3.510116 22.59046 -1.044193 -2.274734 23.90253 -2.783773 -3.091286 24.02573 -4.251764 -4.531087 23.00319 -4.220615 -4.794925 21.9087 -2.298203 -3.246698 22.24781 -0.7249255 -1.975643 23.36994 -1.216082 1.248244 24.58532 -3.723195 1.037424 24.44529 -2.057998 2.489272 23.75162 -1.329608 4.089583 23.29763 -2.811526 3.646919 23.7695 -4.94895 2.042465 24.46095 -5.201202 0.6745239 24.61076 -2.789279 -0.9977602 24.67302 -2.598171 -1.448553 23.94646 -1.0527 0.296488 23.20138 0.1147256 2.313343 23.46967 -0.8058819 2.269187 24.25911 -2.384119 -1.072289 24.79477 -4.75392 -1.62749 24.55952 -6.326606 -3.238769 23.8371 -6.288095 -3.996674 23.47966 -4.223875 -2.651892 24.0678 -2.540768 -1.117541 24.75999 -3.072402 6.961436 13.61538 3.855269 5.694505 12.88231 4.688589 6.154783 11.24035 5.148719 8.210421 10.68386 4.494604 9.368014 12.23519 3.380796 8.484818 13.74654 3.153222 -8.249231 16.42055 -0.6702321 -8.302421 16.30928 -2.35003 -9.373638 14.98819 -2.826271 -10.28509 13.92306 -1.09482 -9.732727 14.65367 0.9419181 -8.614058 16.01902 0.922387 8.122267 15.92372 -0.9750142 8.465714 15.27997 0.543062 9.72522 14.05026 0.3979831 10.43447 13.75571 -1.693282 9.481207 15.02 -3.268099 8.253576 16.12233 -2.640569 0.6141914 24.57908 -4.343588 2.276911 24.36587 -4.179756 2.937084 23.66692 -5.661383 1.395951 23.3025 -7.228322 -0.7072815 23.85596 -6.721083 -0.8880117 24.53017 -5.099733 -3.684982 20.82909 -0.3081731 -5.011174 20.9462 -1.339887 -6.01805 19.50363 -1.182469 -5.228289 18.03271 0.2926113 -3.328862 18.57244 1.335717 -2.675672 20.13782 0.8468972 8.758822 14.66145 -3.260945 9.422699 14.30368 -1.754889 10.33134 12.79196 -1.847919 10.30618 11.87042 -3.876055 9.168444 12.95569 -5.461914 8.412659 14.44615 -4.893297 -7.706546 15.82523 0.9892939 -8.749375 15.92008 -0.3299654 -9.957157 14.63533 -0.2286264 -9.716787 13.33752 1.56612 -8.031016 13.82843 2.946117 -7.076472 15.21959 2.42699 2.568499 23.66587 -4.683183 3.493407 23.41955 -3.29725 4.909584 22.44064 -3.69192 5.012013 21.8628 -5.841058 3.357511 22.58139 -7.157661 2.145309 23.54196 -6.306857 4.795521 13.48435 4.294753 3.142513 13.18377 4.41371 2.875384 11.51221 4.917799 4.763594 10.37065 5.225529 6.674759 11.4679 4.864014 6.441973 13.14561 4.366908 8.260364 15.06523 1.616246 7.626878 14.62534 3.113619 8.55003 13.27387 3.777633 10.21193 12.6049 2.453332 10.47061 13.70495 0.5271509 9.294557 14.99994 0.2907479 4.845642 20.02456 -2.346146 4.220707 19.24704 -0.9889974 4.858268 17.60241 -0.8978755 6.247838 17.10082 -2.565416 6.629203 18.70145 -4.075296 5.758483 20.20176 -3.748316 3.625538 23.03818 -3.222295 3.447306 22.64537 -1.594145 4.577338 21.35774 -1.164462 5.841171 20.68644 -2.871876 5.511922 21.70608 -4.831248 4.258697 22.9481 -4.778494 4.934446 21.5787 -3.457882 4.821116 21.02751 -1.870345 5.671057 19.48734 -1.712014 6.594898 18.78933 -3.615298 6.324843 20.09693 -5.405396 5.38871 21.55717 -5.07774 3.682277 20.87411 -0.9376908 2.706428 20.52646 0.3903853 3.240555 19.02143 1.14483 4.988221 18.09297 0.1216849 5.796889 19.16421 -1.663171 4.926271 20.65073 -2.048249 -4.003559 12.73473 4.37457 -5.604899 12.23144 4.513642 -5.6597 10.48844 4.793881 -3.643886 9.543047 4.870857 -1.886685 10.89254 4.590994 -2.328369 12.58268 4.337399 -5.455407 14.63665 3.699595 -6.954908 14.96573 3.00668 -8.069601 13.63653 3.338756 -7.154891 11.99586 4.536538 -5.018219 12.25396 5.132542 -4.304854 13.76534 4.564356 -4.004996 14.21493 -7.206162 -2.389898 13.73751 -7.184659 -2.269562 12.02332 -7.59289 -4.243166 11.07091 -7.994133 -6.04552 12.37911 -7.82881 -5.668996 14.0468 -7.389456 2.723661 13.14597 4.227169 1.0986 13.47741 3.933469 0.1185045 12.06742 4.346907 1.31835 10.34979 5.104085 3.528641 10.64267 5.230743 4.060174 12.2404 4.700922 -7.465414 13.87411 2.837061 -8.827358 13.99187 1.853103 -9.842793 12.56267 2.067237 -9.014738 11.10314 3.532596 -7.07269 11.63599 4.497853 -6.421587 13.1874 3.96383 -6.057396 12.4625 3.881735 -7.585121 12.65643 3.199548 -8.383966 11.08647 3.07052 -7.143868 9.399874 3.832587 -5.122577 9.915362 4.629992 -4.752752 11.63972 4.553829 -1.27225 13.0944 3.650946 -2.647484 12.55963 4.463154 -2.426545 10.88174 4.96859 -0.4501591 10.03654 4.383162 0.9351277 11.39 3.271259 0.2717805 13.00132 2.989082 1.842853 13.78262 3.437469 0.217792 14.11405 3.14377 -0.7623043 12.70407 3.557208 0.437542 10.98644 4.314386 2.647832 11.27932 4.441044 3.179366 12.87705 3.911222 -8.51911 14.81613 -2.95616 -8.380296 14.56778 -4.616277 -8.978045 12.95814 -5.030218 -9.704027 11.80586 -3.267159 -9.578032 12.81801 -1.280487 -8.901218 14.44639 -1.3599 5.868672 12.91623 4.207677 4.501003 12.07364 4.714098 4.914935 10.37999 4.996545 7.058134 9.91748 4.601609 8.346087 11.61113 3.923429 7.48057 13.14309 3.78214 8.275331 13.29609 1.819556 7.451981 12.52474 3.070175 8.135292 10.9171 3.331262 9.822706 10.44138 1.956664 10.39753 12.01825 0.4834823 9.416397 13.48129 0.5970879</float_array>
          <technique_common>
            <accessor source="#L01_017__mShadowShake-position-array" count="216" stride="3">
              <param name="X" type="float" />
              <param name="Y" type="float" />
              <param name="Z" type="float" />
            </accessor>
          </technique_common>
        </source>
        <source id="L01_017__mShadowShake-normal">
          <float_array id="L01_017__mShadowShake-normal-array" count="648">0.483366 0.09589041 -0.8708415 0.483366 0.09589041 -0.8708415 0.483366 0.09589041 -0.8708415 0.483366 0.09589041 -0.8708415 0.483366 0.09589041 -0.8708415 0.483366 0.09589041 -0.8708415 -0.4735812 0.8806262 0.02739726 -0.4735812 0.8806262 0.02739726 -0.4735812 0.8806262 0.02739726 -0.4735812 0.8806262 0.02739726 -0.4735812 0.8806262 0.02739726 -0.4735812 0.8806262 0.02739726 0.3091977 0.5420744 0.7808219 0.3091977 0.5420744 0.7808219 0.3091977 0.5420744 0.7808219 0.3091977 0.5420744 0.7808219 0.3091977 0.5420744 0.7808219 0.3091977 0.5420744 0.7808219 -0.1369863 0.9804305 0.1389433 -0.1369863 0.9804305 0.1389433 -0.1369863 0.9804305 0.1389433 -0.1369863 0.9804305 0.1389433 -0.1369863 0.9804305 0.1389433 -0.1369863 0.9804305 0.1389433 -0.2544031 0.9373777 -0.2367906 -0.2544031 0.9373777 -0.2367906 -0.2544031 0.9373777 -0.2367906 -0.2544031 0.9373777 -0.2367906 -0.2544031 0.9373777 -0.2367906 -0.2544031 0.9373777 -0.2367906 -0.7553816 0.5342466 -0.3796478 -0.7553816 0.5342466 -0.3796478 -0.7553816 0.5342466 -0.3796478 -0.7553816 0.5342466 -0.3796478 -0.7553816 0.5342466 -0.3796478 -0.7553816 0.5342466 -0.3796478 -0.853229 0.4148728 0.3150685 -0.853229 0.4148728 0.3150685 -0.853229 0.4148728 0.3150685 -0.853229 0.4148728 0.3150685 -0.853229 0.4148728 0.3150685 -0.853229 0.4148728 0.3150685 -0.5342466 0.7632094 0.3620352 -0.5342466 0.7632094 0.3620352 -0.5342466 0.7632094 0.3620352 -0.5342466 0.7632094 0.3620352 -0.5342466 0.7632094 0.3620352 -0.5342466 0.7632094 0.3620352 0.3757339 0.9178082 0.1252446 0.3757339 0.9178082 0.1252446 0.3757339 0.9178082 0.1252446 0.3757339 0.9178082 0.1252446 0.3757339 0.9178082 0.1252446 0.3757339 0.9178082 0.1252446 0.08414873 0.8923679 0.444227 0.08414873 0.8923679 0.444227 0.08414873 0.8923679 0.444227 0.08414873 0.8923679 0.444227 0.08414873 0.8923679 0.444227 0.08414873 0.8923679 0.444227 -0.4090019 0.9119374 0.007827789 -0.4090019 0.9119374 0.007827789 -0.4090019 0.9119374 0.007827789 -0.4090019 0.9119374 0.007827789 -0.4090019 0.9119374 0.007827789 -0.4090019 0.9119374 0.007827789 0.3679061 0.3444227 0.8630137 0.3679061 0.3444227 0.8630137 0.3679061 0.3444227 0.8630137 0.3679061 0.3444227 0.8630137 0.3679061 0.3444227 0.8630137 0.3679061 0.3444227 0.8630137 -0.7729941 0.6340509 -0.01761252 -0.7729941 0.6340509 -0.01761252 -0.7729941 0.6340509 -0.01761252 -0.7729941 0.6340509 -0.01761252 -0.7729941 0.6340509 -0.01761252 -0.7729941 0.6340509 -0.01761252 0.7005871 0.7005871 0.1389433 0.7005871 0.7005871 0.1389433 0.7005871 0.7005871 0.1389433 0.7005871 0.7005871 0.1389433 0.7005871 0.7005871 0.1389433 0.7005871 0.7005871 0.1389433 0.1545988 0.9178082 -0.3639922 0.1545988 0.9178082 -0.3639922 0.1545988 0.9178082 -0.3639922 0.1545988 0.9178082 -0.3639922 0.1545988 0.9178082 -0.3639922 0.1545988 0.9178082 -0.3639922 -0.5244619 0.4461839 0.7260274 -0.5244619 0.4461839 0.7260274 -0.5244619 0.4461839 0.7260274 -0.5244619 0.4461839 0.7260274 -0.5244619 0.4461839 0.7260274 -0.5244619 0.4461839 0.7260274 0.8258317 0.5107632 -0.2426614 0.8258317 0.5107632 -0.2426614 0.8258317 0.5107632 -0.2426614 0.8258317 0.5107632 -0.2426614 0.8258317 0.5107632 -0.2426614 0.8258317 0.5107632 -0.2426614 -0.6027398 0.6066536 0.518591 -0.6027398 0.6066536 0.518591 -0.6027398 0.6066536 0.518591 -0.6027398 0.6066536 0.518591 -0.6027398 0.6066536 0.518591 -0.6027398 0.6066536 0.518591 0.518591 0.8317025 -0.1996086 0.518591 0.8317025 -0.1996086 0.518591 0.8317025 -0.1996086 0.518591 0.8317025 -0.1996086 0.518591 0.8317025 -0.1996086 0.518591 0.8317025 -0.1996086 0.01761252 0.2857143 0.9589041 0.01761252 0.2857143 0.9589041 0.01761252 0.2857143 0.9589041 0.01761252 0.2857143 0.9589041 0.01761252 0.2857143 0.9589041 0.01761252 0.2857143 0.9589041 0.6183953 0.6438356 0.4500979 0.6183953 0.6438356 0.4500979 0.6183953 0.6438356 0.4500979 0.6183953 0.6438356 0.4500979 0.6183953 0.6438356 0.4500979 0.6183953 0.6438356 0.4500979 0.7710372 0.3287671 0.5440313 0.7710372 0.3287671 0.5440313 0.7710372 0.3287671 0.5440313 0.7710372 0.3287671 0.5440313 0.7710372 0.3287671 0.5440313 0.7710372 0.3287671 0.5440313 0.6888454 0.6849315 0.2407045 0.6888454 0.6849315 0.2407045 0.6888454 0.6849315 0.2407045 0.6888454 0.6849315 0.2407045 0.6888454 0.6849315 0.2407045 0.6888454 0.6849315 0.2407045 0.8414873 0.4872798 0.2289628 0.8414873 0.4872798 0.2289628 0.8414873 0.4872798 0.2289628 0.8414873 0.4872798 0.2289628 0.8414873 0.4872798 0.2289628 0.8414873 0.4872798 0.2289628 0.6203523 0.516634 0.5909981 0.6203523 0.516634 0.5909981 0.6203523 0.516634 0.5909981 0.6203523 0.516634 0.5909981 0.6203523 0.516634 0.5909981 0.6203523 0.516634 0.5909981 0.03522505 0.1565558 0.9863014 0.03522505 0.1565558 0.9863014 0.03522505 0.1565558 0.9863014 0.03522505 0.1565558 0.9863014 0.03522505 0.1565558 0.9863014 0.03522505 0.1565558 0.9863014 -0.2896282 0.4540117 0.8434442 -0.2896282 0.4540117 0.8434442 -0.2896282 0.4540117 0.8434442 -0.2896282 0.4540117 0.8434442 -0.2896282 0.4540117 0.8434442 -0.2896282 0.4540117 0.8434442 0.08219178 0.2367906 -0.9686888 0.08219178 0.2367906 -0.9686888 0.08219178 0.2367906 -0.9686888 0.08219178 0.2367906 -0.9686888 0.08219178 0.2367906 -0.9686888 0.08219178 0.2367906 -0.9686888 -0.0998043 0.3424658 0.9334638 -0.0998043 0.3424658 0.9334638 -0.0998043 0.3424658 0.9334638 -0.0998043 0.3424658 0.9334638 -0.0998043 0.3424658 0.9334638 -0.0998043 0.3424658 0.9334638 -0.4931507 0.4618395 0.7377691 -0.4931507 0.4618395 0.7377691 -0.4931507 0.4618395 0.7377691 -0.4931507 0.4618395 0.7377691 -0.4931507 0.4618395 0.7377691 -0.4931507 0.4618395 0.7377691 -0.3913894 0.1232877 0.9119374 -0.3913894 0.1232877 0.9119374 -0.3913894 0.1232877 0.9119374 -0.3913894 0.1232877 0.9119374 -0.3913894 0.1232877 0.9119374 -0.3913894 0.1232877 0.9119374 0.3894325 0.3131115 0.8669276 0.3894325 0.3131115 0.8669276 0.3894325 0.3131115 0.8669276 0.3894325 0.3131115 0.8669276 0.3894325 0.3131115 0.8669276 0.3894325 0.3131115 0.8669276 -0.0998043 0.3424658 0.9334638 -0.0998043 0.3424658 0.9334638 -0.0998043 0.3424658 0.9334638 -0.0998043 0.3424658 0.9334638 -0.0998043 0.3424658 0.9334638 -0.0998043 0.3424658 0.9334638 -0.9178082 0.3757339 -0.1330724 -0.9178082 0.3757339 -0.1330724 -0.9178082 0.3757339 -0.1330724 -0.9178082 0.3757339 -0.1330724 -0.9178082 0.3757339 -0.1330724 -0.9178082 0.3757339 -0.1330724 0.221135 0.2133072 0.9510763 0.221135 0.2133072 0.9510763 0.221135 0.2133072 0.9510763 0.221135 0.2133072 0.9510763 0.221135 0.2133072 0.9510763 0.221135 0.2133072 0.9510763 0.6457925 0.3816047 0.6614481 0.6457925 0.3816047 0.6614481 0.6457925 0.3816047 0.6614481 0.6457925 0.3816047 0.6614481 0.6457925 0.3816047 0.6614481 0.6457925 0.3816047 0.6614481</float_array>
          <technique_common>
            <accessor source="#L01_017__mShadowShake-normal-array" count="216" stride="3">
              <param name="X" type="float" />
              <param name="Y" type="float" />
              <param name="Z" type="float" />
            </accessor>
          </technique_common>
        </source>
        <source id="L01_017__mShadowShake-color">
          <float_array id="L01_017__mShadowShake-color-array" count="864">6.296875 12.89844 -7.097656 1 6.296875 12.89844 -7.097656 1 6.296875 12.89844 -7.097656 1 6.296875 12.89844 -7.097656 1 6.296875 12.89844 -7.097656 1 6.296875 12.89844 -7.097656 1 -6.597656 17.6875 -0.8999023 1 -6.597656 17.6875 -0.8999023 1 -6.597656 17.6875 -0.8999023 1 -6.597656 17.6875 -0.8999023 1 -6.597656 17.6875 -0.8999023 1 -6.597656 17.6875 -0.8999023 1 -1.5 15 2.898438 1 -1.5 15 2.898438 1 -1.5 15 2.898438 1 -1.5 15 2.898438 1 -1.5 15 2.898438 1 -1.5 15 2.898438 1 -4.296875 18.1875 -0.5996094 1 -4.296875 18.1875 -0.5996094 1 -4.296875 18.1875 -0.5996094 1 -4.296875 18.1875 -0.5996094 1 -4.296875 18.1875 -0.5996094 1 -4.296875 18.1875 -0.5996094 1 -0.699707 24.29688 -4.796875 1 -0.699707 24.29688 -4.796875 1 -0.699707 24.29688 -4.796875 1 -0.699707 24.29688 -4.796875 1 -0.699707 24.29688 -4.796875 1 -0.699707 24.29688 -4.796875 1 -3.5 22.1875 -5.296875 1 -3.5 22.1875 -5.296875 1 -3.5 22.1875 -5.296875 1 -3.5 22.1875 -5.296875 1 -3.5 22.1875 -5.296875 1 -3.5 22.1875 -5.296875 1 -4.097656 22.5 -2.599609 1 -4.097656 22.5 -2.599609 1 -4.097656 22.5 -2.599609 1 -4.097656 22.5 -2.599609 1 -4.097656 22.5 -2.599609 1 -4.097656 22.5 -2.599609 1 -2.398438 23.79688 -2.798828 1 -2.398438 23.79688 -2.798828 1 -2.398438 23.79688 -2.798828 1 -2.398438 23.79688 -2.798828 1 -2.398438 23.79688 -2.798828 1 -2.398438 23.79688 -2.798828 1 1.399414 24.5 -3.699219 1 1.399414 24.5 -3.699219 1 1.399414 24.5 -3.699219 1 1.399414 24.5 -3.699219 1 1.399414 24.5 -3.699219 1 1.399414 24.5 -3.699219 1 0.5996094 24.5 -2.599609 1 0.5996094 24.5 -2.599609 1 0.5996094 24.5 -2.599609 1 0.5996094 24.5 -2.599609 1 0.5996094 24.5 -2.599609 1 0.5996094 24.5 -2.599609 1 -1.299805 24.6875 -4.699219 1 -1.299805 24.6875 -4.699219 1 -1.299805 24.6875 -4.699219 1 -1.299805 24.6875 -4.699219 1 -1.299805 24.6875 -4.699219 1 -1.299805 24.6875 -4.699219 1 7.097656 13.19531 4 1 7.097656 13.19531 4 1 7.097656 13.19531 4 1 7.097656 13.19531 4 1 7.097656 13.19531 4 1 7.097656 13.19531 4 1 -8.398438 16.1875 -0.699707 1 -8.398438 16.1875 -0.699707 1 -8.398438 16.1875 -0.699707 1 -8.398438 16.1875 -0.699707 1 -8.398438 16.1875 -0.699707 1 -8.398438 16.1875 -0.699707 1 8.296875 15.79688 -1 1 8.296875 15.79688 -1 1 8.296875 15.79688 -1 1 8.296875 15.79688 -1 1 8.296875 15.79688 -1 1 8.296875 15.79688 -1 1 0.699707 24.5 -4.5 1 0.699707 24.5 -4.5 1 0.699707 24.5 -4.5 1 0.699707 24.5 -4.5 1 0.699707 24.5 -4.5 1 0.699707 24.5 -4.5 1 -3.798828 20.59375 -0.2998047 1 -3.798828 20.59375 -0.2998047 1 -3.798828 20.59375 -0.2998047 1 -3.798828 20.59375 -0.2998047 1 -3.798828 20.59375 -0.2998047 1 -3.798828 20.59375 -0.2998047 1 8.898438 14.5 -3.298828 1 8.898438 14.5 -3.298828 1 8.898438 14.5 -3.298828 1 8.898438 14.5 -3.298828 1 8.898438 14.5 -3.298828 1 8.898438 14.5 -3.298828 1 -7.796875 15.69531 1 1 -7.796875 15.69531 1 1 -7.796875 15.69531 1 1 -7.796875 15.69531 1 1 -7.796875 15.69531 1 1 -7.796875 15.69531 1 1 2.699219 23.5 -4.796875 1 2.699219 23.5 -4.796875 1 2.699219 23.5 -4.796875 1 2.699219 23.5 -4.796875 1 2.699219 23.5 -4.796875 1 2.699219 23.5 -4.796875 1 4.796875 13.29688 4.398438 1 4.796875 13.29688 4.398438 1 4.796875 13.29688 4.398438 1 4.796875 13.29688 4.398438 1 4.796875 13.29688 4.398438 1 4.796875 13.29688 4.398438 1 8.398438 14.89844 1.699219 1 8.398438 14.89844 1.699219 1 8.398438 14.89844 1.699219 1 8.398438 14.89844 1.699219 1 8.398438 14.89844 1.699219 1 8.398438 14.89844 1.699219 1 4.898438 19.79688 -2.398438 1 4.898438 19.79688 -2.398438 1 4.898438 19.79688 -2.398438 1 4.898438 19.79688 -2.398438 1 4.898438 19.79688 -2.398438 1 4.898438 19.79688 -2.398438 1 3.798828 22.89063 -3.199219 1 3.798828 22.89063 -3.199219 1 3.798828 22.89063 -3.199219 1 3.798828 22.89063 -3.199219 1 3.798828 22.89063 -3.199219 1 3.798828 22.89063 -3.199219 1 5 21.39063 -3.5 1 5 21.39063 -3.5 1 5 21.39063 -3.5 1 5 21.39063 -3.5 1 5 21.39063 -3.5 1 5 21.39063 -3.5 1 3.798828 20.6875 -0.8999023 1 3.798828 20.6875 -0.8999023 1 3.798828 20.6875 -0.8999023 1 3.798828 20.6875 -0.8999023 1 3.798828 20.6875 -0.8999023 1 3.798828 20.6875 -0.8999023 1 -4 12.5 4.398438 1 -4 12.5 4.398438 1 -4 12.5 4.398438 1 -4 12.5 4.398438 1 -4 12.5 4.398438 1 -4 12.5 4.398438 1 -5.597656 14.5 3.798828 1 -5.597656 14.5 3.798828 1 -5.597656 14.5 3.798828 1 -5.597656 14.5 3.798828 1 -5.597656 14.5 3.798828 1 -5.597656 14.5 3.798828 1 -4 14 -7.296875 1 -4 14 -7.296875 1 -4 14 -7.296875 1 -4 14 -7.296875 1 -4 14 -7.296875 1 -4 14 -7.296875 1 2.599609 13 4.296875 1 2.599609 13 4.296875 1 2.599609 13 4.296875 1 2.599609 13 4.296875 1 2.599609 13 4.296875 1 2.599609 13 4.296875 1 -7.597656 13.69531 2.898438 1 -7.597656 13.69531 2.898438 1 -7.597656 13.69531 2.898438 1 -7.597656 13.69531 2.898438 1 -7.597656 13.69531 2.898438 1 -7.597656 13.69531 2.898438 1 -6.097656 11.79688 3.898438 1 -6.097656 11.79688 3.898438 1 -6.097656 11.79688 3.898438 1 -6.097656 11.79688 3.898438 1 -6.097656 11.79688 3.898438 1 -6.097656 11.79688 3.898438 1 -1.099609 12.5 3.798828 1 -1.099609 12.5 3.798828 1 -1.099609 12.5 3.798828 1 -1.099609 12.5 3.798828 1 -1.099609 12.5 3.798828 1 -1.099609 12.5 3.798828 1 1.699219 13.59375 3.5 1 1.699219 13.59375 3.5 1 1.699219 13.59375 3.5 1 1.699219 13.59375 3.5 1 1.699219 13.59375 3.5 1 1.699219 13.59375 3.5 1 -8.59375 14.59375 -3 1 -8.59375 14.59375 -3 1 -8.59375 14.59375 -3 1 -8.59375 14.59375 -3 1 -8.59375 14.59375 -3 1 -8.59375 14.59375 -3 1 6 12.69531 4.199219 1 6 12.69531 4.199219 1 6 12.69531 4.199219 1 6 12.69531 4.199219 1 6 12.69531 4.199219 1 6 12.69531 4.199219 1 9 12.89844 1.899414 1 9 12.89844 1.899414 1 9 12.89844 1.899414 1 9 12.89844 1.899414 1 9 12.89844 1.899414 1 9 12.89844 1.899414 1</float_array>
          <technique_common>
            <accessor source="#L01_017__mShadowShake-color-array" count="216" stride="4">
              <param name="R" type="float" />
              <param name="G" type="float" />
              <param name="B" type="float" />
              <param name="A" type="float" />
            </accessor>
          </technique_common>
        </source>
        <source id="L01_017__mShadowShake-texcoord">
          <float_array id="L01_017__mShadowShake-texcoord-array" count="432">0.02389563 0.07612723 0.003295949 0.07098496 0.001968414 0.02673382 0.02389563 0.001998961 0.0458381 0.02673382 0.04451057 0.07098496 0.02389563 0.07612723 0.003295949 0.07098496 0.001968414 0.02673382 0.02389563 0.001998961 0.0458381 0.02673382 0.04451057 0.07098496 0.02389563 0.07612723 0.003295949 0.07098496 0.001968414 0.02673382 0.02389563 0.001998961 0.0458381 0.02673382 0.04451057 0.07098496 0.02389563 0.07612723 0.003295949 0.07098496 0.001968414 0.02673382 0.02389563 0.001998961 0.0458381 0.02673382 0.04451057 0.07098496 0.02389563 0.07612723 0.003295949 0.07098496 0.001968414 0.02673382 0.02389563 0.001998961 0.0458381 0.02673382 0.04451057 0.07098496 0.02389563 0.07612723 0.003295949 0.07098496 0.001968414 0.02673382 0.02389563 0.001998961 0.0458381 0.02673382 0.04451057 0.07098496 0.02389563 0.07612723 0.003295949 0.07098496 0.001968414 0.02673382 0.02389563 0.001998961 0.0458381 0.02673382 0.04451057 0.07098496 0.02389563 0.07612723 0.003295949 0.07098496 0.001968414 0.02673382 0.02389563 0.001998961 0.0458381 0.02673382 0.04451057 0.07098496 0.02389563 0.07612723 0.003295949 0.07098496 0.001968414 0.02673382 0.02389563 0.001998961 0.0458381 0.02673382 0.04451057 0.07098496 0.02389563 0.07612723 0.003295949 0.07098496 0.001968414 0.02673382 0.02389563 0.001998961 0.0458381 0.02673382 0.04451057 0.07098496 0.02389563 0.07612723 0.003295949 0.07098496 0.001968414 0.02673382 0.02389563 0.001998961 0.0458381 0.02673382 0.04451057 0.07098496 0.02389563 0.07612723 0.003295949 0.07098496 0.001968414 0.02673382 0.02389563 0.001998961 0.0458381 0.02673382 0.04451057 0.07098496 0.02389563 0.07612723 0.003295949 0.07098496 0.001968414 0.02673382 0.02389563 0.001998961 0.0458381 0.02673382 0.04451057 0.07098496 0.02389563 0.07612723 0.003295949 0.07098496 0.001968414 0.02673382 0.02389563 0.001998961 0.0458381 0.02673382 0.04451057 0.07098496 0.02389563 0.07612723 0.003295949 0.07098496 0.001968414 0.02673382 0.02389563 0.001998961 0.0458381 0.02673382 0.04451057 0.07098496 0.02389563 0.07612723 0.003295949 0.07098496 0.001968414 0.02673382 0.02389563 0.001998961 0.0458381 0.02673382 0.04451057 0.07098496 0.02389563 0.07612723 0.003295949 0.07098496 0.001968414 0.02673382 0.02389563 0.001998961 0.0458381 0.02673382 0.04451057 0.07098496 0.02389563 0.07612723 0.003295949 0.07098496 0.001968414 0.02673382 0.02389563 0.001998961 0.0458381 0.02673382 0.04451057 0.07098496 0.02389563 0.07612723 0.003295949 0.07098496 0.001968414 0.02673382 0.02389563 0.001998961 0.0458381 0.02673382 0.04451057 0.07098496 0.02389563 0.07612723 0.003295949 0.07098496 0.001968414 0.02673382 0.02389563 0.001998961 0.0458381 0.02673382 0.04451057 0.07098496 0.02389563 0.07612723 0.003295949 0.07098496 0.001968414 0.02673382 0.02389563 0.001998961 0.0458381 0.02673382 0.04451057 0.07098496 0.02389563 0.07612723 0.003295949 0.07098496 0.001968414 0.02673382 0.02389563 0.001998961 0.0458381 0.02673382 0.04451057 0.07098496 0.02389563 0.07612723 0.003295949 0.07098496 0.001968414 0.02673382 0.02389563 0.001998961 0.0458381 0.02673382 0.04451057 0.07098496 0.02389563 0.07612723 0.003295949 0.07098496 0.001968414 0.02673382 0.02389563 0.001998961 0.0458381 0.02673382 0.04451057 0.07098496 0.02389563 0.07612723 0.003295949 0.07098496 0.001968414 0.02673382 0.02389563 0.001998961 0.0458381 0.02673382 0.04451057 0.07098496 0.02389563 0.07612723 0.003295949 0.07098496 0.001968414 0.02673382 0.02389563 0.001998961 0.0458381 0.02673382 0.04451057 0.07098496 0.02389563 0.07612723 0.003295949 0.07098496 0.001968414 0.02673382 0.02389563 0.001998961 0.0458381 0.02673382 0.04451057 0.07098496 0.02389563 0.07612723 0.003295949 0.07098496 0.001968414 0.02673382 0.02389563 0.001998961 0.0458381 0.02673382 0.04451057 0.07098496 0.02389563 0.07612723 0.003295949 0.07098496 0.001968414 0.02673382 0.02389563 0.001998961 0.0458381 0.02673382 0.04451057 0.07098496 0.02389563 0.07612723 0.003295949 0.07098496 0.001968414 0.02673382 0.02389563 0.001998961 0.0458381 0.02673382 0.04451057 0.07098496 0.02389563 0.07612723 0.003295949 0.07098496 0.001968414 0.02673382 0.02389563 0.001998961 0.0458381 0.02673382 0.04451057 0.07098496 0.02389563 0.07612723 0.003295949 0.07098496 0.001968414 0.02673382 0.02389563 0.001998961 0.0458381 0.02673382 0.04451057 0.07098496 0.02389563 0.07612723 0.003295949 0.07098496 0.001968414 0.02673382 0.02389563 0.001998961 0.0458381 0.02673382 0.04451057 0.07098496 0.02389563 0.07612723 0.003295949 0.07098496 0.001968414 0.02673382 0.02389563 0.001998961 0.0458381 0.02673382 0.04451057 0.07098496 0.02389563 0.07612723 0.003295949 0.07098496 0.001968414 0.02673382 0.02389563 0.001998961 0.0458381 0.02673382 0.04451057 0.07098496 0.02389563 0.07612723 0.003295949 0.07098496 0.001968414 0.02673382 0.02389563 0.001998961 0.0458381 0.02673382 0.04451057 0.07098496</float_array>
          <technique_common>
            <accessor source="#L01_017__mShadowShake-texcoord-array" count="216" stride="2">
              <param name="S" type="float" />
              <param name="T" type="float" />
            </accessor>
          </technique_common>
        </source>
        <vertices id="L01_017__mShadowShake-vertex">
          <input semantic="POSITION" source="#L01_017__mShadowShake-position" />
        </vertices>
        <triangles material="mShadowShake" count="144">
          <input semantic="VERTEX" source="#L01_017__mShadowShake-vertex" offset="0" />
          <input semantic="NORMAL" source="#L01_017__mShadowShake-normal" offset="1" />
          <input semantic="COLOR" source="#L01_017__mShadowShake-color" offset="2" set="0" />
          <input semantic="TEXCOORD" source="#L01_017__mShadowShake-texcoord" offset="3" set="0" />
          <p>0 0 0 0 1 1 1 1 2 2 2 2 3 3 3 3 0 0 0 0 2 2 2 2 0 0 0 0 3 3 3 3 4 4 4 4 5 5 5 5 0 0 0 0 4 4 4 4 6 6 6 6 7 7 7 7 8 8 8 8 9 9 9 9 6 6 6 6 8 8 8 8 6 6 6 6 9 9 9 9 10 10 10 10 11 11 11 11 6 6 6 6 10 10 10 10 12 12 12 12 13 13 13 13 14 14 14 14 15 15 15 15 12 12 12 12 14 14 14 14 12 12 12 12 15 15 15 15 16 16 16 16 17 17 17 17 12 12 12 12 16 16 16 16 18 18 18 18 19 19 19 19 20 20 20 20 21 21 21 21 18 18 18 18 20 20 20 20 18 18 18 18 21 21 21 21 22 22 22 22 23 23 23 23 18 18 18 18 22 22 22 22 24 24 24 24 25 25 25 25 26 26 26 26 27 27 27 27 24 24 24 24 26 26 26 26 24 24 24 24 27 27 27 27 28 28 28 28 29 29 29 29 24 24 24 24 28 28 28 28 30 30 30 30 31 31 31 31 32 32 32 32 33 33 33 33 30 30 30 30 32 32 32 32 30 30 30 30 33 33 33 33 34 34 34 34 35 35 35 35 30 30 30 30 34 34 34 34 36 36 36 36 37 37 37 37 38 38 38 38 39 39 39 39 36 36 36 36 38 38 38 38 36 36 36 36 39 39 39 39 40 40 40 40 41 41 41 41 36 36 36 36 40 40 40 40 42 42 42 42 43 43 43 43 44 44 44 44 45 45 45 45 42 42 42 42 44 44 44 44 42 42 42 42 45 45 45 45 46 46 46 46 47 47 47 47 42 42 42 42 46 46 46 46 48 48 48 48 49 49 49 49 50 50 50 50 51 51 51 51 48 48 48 48 50 50 50 50 48 48 48 48 51 51 51 51 52 52 52 52 53 53 53 53 48 48 48 48 52 52 52 52 54 54 54 54 55 55 55 55 56 56 56 56 57 57 57 57 54 54 54 54 56 56 56 56 54 54 54 54 57 57 57 57 58 58 58 58 59 59 59 59 54 54 54 54 58 58 58 58 60 60 60 60 61 61 61 61 62 62 62 62 63 63 63 63 60 60 60 60 62 62 62 62 60 60 60 60 63 63 63 63 64 64 64 64 65 65 65 65 60 60 60 60 64 64 64 64 66 66 66 66 67 67 67 67 68 68 68 68 69 69 69 69 66 66 66 66 68 68 68 68 66 66 66 66 69 69 69 69 70 70 70 70 71 71 71 71 66 66 66 66 70 70 70 70 72 72 72 72 73 73 73 73 74 74 74 74 75 75 75 75 72 72 72 72 74 74 74 74 72 72 72 72 75 75 75 75 76 76 76 76 77 77 77 77 72 72 72 72 76 76 76 76 78 78 78 78 79 79 79 79 80 80 80 80 81 81 81 81 78 78 78 78 80 80 80 80 78 78 78 78 81 81 81 81 82 82 82 82 83 83 83 83 78 78 78 78 82 82 82 82 84 84 84 84 85 85 85 85 86 86 86 86 87 87 87 87 84 84 84 84 86 86 86 86 84 84 84 84 87 87 87 87 88 88 88 88 89 89 89 89 84 84 84 84 88 88 88 88 90 90 90 90 91 91 91 91 92 92 92 92 93 93 93 93 90 90 90 90 92 92 92 92 90 90 90 90 93 93 93 93 94 94 94 94 95 95 95 95 90 90 90 90 94 94 94 94 96 96 96 96 97 97 97 97 98 98 98 98 99 99 99 99 96 96 96 96 98 98 98 98 96 96 96 96 99 99 99 99 100 100 100 100 101 101 101 101 96 96 96 96 100 100 100 100 102 102 102 102 103 103 103 103 104 104 104 104 105 105 105 105 102 102 102 102 104 104 104 104 102 102 102 102 105 105 105 105 106 106 106 106 107 107 107 107 102 102 102 102 106 106 106 106 108 108 108 108 109 109 109 109 110 110 110 110 111 111 111 111 108 108 108 108 110 110 110 110 108 108 108 108 111 111 111 111 112 112 112 112 113 113 113 113 108 108 108 108 112 112 112 112 114 114 114 114 115 115 115 115 116 116 116 116 117 117 117 117 114 114 114 114 116 116 116 116 114 114 114 114 117 117 117 117 118 118 118 118 119 119 119 119 114 114 114 114 118 118 118 118 120 120 120 120 121 121 121 121 122 122 122 122 123 123 123 123 120 120 120 120 122 122 122 122 120 120 120 120 123 123 123 123 124 124 124 124 125 125 125 125 120 120 120 120 124 124 124 124 126 126 126 126 127 127 127 127 128 128 128 128 129 129 129 129 126 126 126 126 128 128 128 128 126 126 126 126 129 129 129 129 130 130 130 130 131 131 131 131 126 126 126 126 130 130 130 130 132 132 132 132 133 133 133 133 134 134 134 134 135 135 135 135 132 132 132 132 134 134 134 134 132 132 132 132 135 135 135 135 136 136 136 136 137 137 137 137 132 132 132 132 136 136 136 136 138 138 138 138 139 139 139 139 140 140 140 140 141 141 141 141 138 138 138 138 140 140 140 140 138 138 138 138 141 141 141 141 142 142 142 142 143 143 143 143 138 138 138 138 142 142 142 142 144 144 144 144 145 145 145 145 146 146 146 146 147 147 147 147 144 144 144 144 146 146 146 146 144 144 144 144 147 147 147 147 148 148 148 148 149 149 149 149 144 144 144 144 148 148 148 148 150 150 150 150 151 151 151 151 152 152 152 152 153 153 153 153 150 150 150 150 152 152 152 152 150 150 150 150 153 153 153 153 154 154 154 154 155 155 155 155 150 150 150 150 154 154 154 154 156 156 156 156 157 157 157 157 158 158 158 158 159 159 159 159 156 156 156 156 158 158 158 158 156 156 156 156 159 159 159 159 160 160 160 160 161 161 161 161 156 156 156 156 160 160 160 160 162 162 162 162 163 163 163 163 164 164 164 164 165 165 165 165 162 162 162 162 164 164 164 164 162 162 162 162 165 165 165 165 166 166 166 166 167 167 167 167 162 162 162 162 166 166 166 166 168 168 168 168 169 169 169 169 170 170 170 170 171 171 171 171 168 168 168 168 170 170 170 170 168 168 168 168 171 171 171 171 172 172 172 172 173 173 173 173 168 168 168 168 172 172 172 172 174 174 174 174 175 175 175 175 176 176 176 176 177 177 177 177 174 174 174 174 176 176 176 176 174 174 174 174 177 177 177 177 178 178 178 178 179 179 179 179 174 174 174 174 178 178 178 178 180 180 180 180 181 181 181 181 182 182 182 182 183 183 183 183 180 180 180 180 182 182 182 182 180 180 180 180 183 183 183 183 184 184 184 184 185 185 185 185 180 180 180 180 184 184 184 184 186 186 186 186 187 187 187 187 188 188 188 188 189 189 189 189 186 186 186 186 188 188 188 188 186 186 186 186 189 189 189 189 190 190 190 190 191 191 191 191 186 186 186 186 190 190 190 190 192 192 192 192 193 193 193 193 194 194 194 194 195 195 195 195 192 192 192 192 194 194 194 194 192 192 192 192 195 195 195 195 196 196 196 196 197 197 197 197 192 192 192 192 196 196 196 196 198 198 198 198 199 199 199 199 200 200 200 200 201 201 201 201 198 198 198 198 200 200 200 200 198 198 198 198 201 201 201 201 202 202 202 202 203 203 203 203 198 198 198 198 202 202 202 202 204 204 204 204 205 205 205 205 206 206 206 206 207 207 207 207 204 204 204 204 206 206 206 206 204 204 204 204 207 207 207 207 208 208 208 208 209 209 209 209 204 204 204 204 208 208 208 208 210 210 210 210 211 211 211 211 212 212 212 212 213 213 213 213 210 210 210 210 212 212 212 212 210 210 210 210 213 213 213 213 214 214 214 214 215 215 215 215 210 210 210 210 214 214 214 214 </p>
        </triangles>
      </mesh>
    </geometry>
    <geometry id="LB014__mTreeOakLeafBack-mesh" name="LB014__mTreeOakLeafBack">
      <mesh>
        <source id="LB014__mTreeOakLeafBack-position">
          <float_array id="LB014__mTreeOakLeafBack-position-array" count="342">-0.8380651 14.61345 1.326972 -0.5408282 12.8034 1.772662 0.01766396 15.23601 1.35267 2.504442 15.14651 1.836603 2.397058 11.33841 2.637372 3.23191 14.73845 2.060484 3.866369 12.494 2.662822 4.934722 12.18073 1.377923 6.20357 10.51876 1.571076 5.458224 13.18352 1.050853 7.998091 14.21397 0.3878151 9.933361 10.38761 0.9935409 8.945951 14.13655 0.2516664 10.78576 12.19537 0.4188366 0.8010545 7.734922 -1.923471 2.5868 6.52879 -2.054991 0.9708152 8.930099 -2.015322 3.082174 10.88415 -2.37559 6.239518 7.749738 -2.547435 4.025255 11.15023 -2.499755 6.457175 9.871206 -2.700888 6.18164 13.55612 5.082357 7.675228 13.06506 4.543233 5.850056 14.33509 4.69248 6.393904 15.88513 3.181204 9.396918 14.38535 2.486998 6.856193 16.19502 2.66302 8.758798 15.75543 1.834826 1.460149 22.59348 0.03623589 3.308309 21.28651 -0.04850778 1.223765 23.27567 -1.008885 2.345525 23.81145 -3.785291 5.928415 20.88377 -3.141887 3.037464 23.6772 -4.545039 5.44001 22.12112 -4.948287 -5.774487 19.43805 -2.313788 -5.189723 17.6494 -1.453763 -5.102616 20.35246 -2.071692 -2.820872 21.03616 -0.6410881 -2.258345 17.04422 0.7568662 -2.087159 20.83921 -0.07635237 -1.119746 18.70434 1.139377 1.667615 21.86369 1.301011 2.648906 20.37373 1.380628 1.921504 22.50957 0.5790113 3.496167 22.78018 -1.20955 5.108327 19.54345 -0.5107433 4.125128 22.53625 -1.670497 5.506077 20.72574 -1.764563 -6.898643 8.140375 -2.045313 -5.157961 6.748658 -1.640085 -6.600574 9.369392 -2.164539 -4.200336 11.23687 -2.092504 -1.224086 7.734947 -1.255368 -3.18964 11.44043 -1.987257 -0.7822886 9.922955 -1.479179 -6.899213 15.06111 2.927618 -5.300098 14.09846 3.785102 -6.634161 15.93333 2.22351 -4.451773 17.28209 1.209994 -1.710865 14.8429 3.327009 -3.529324 17.43813 1.121204 -1.320194 16.39462 2.070918 -3.289106 16.13195 1.095757 -2.325828 14.63492 1.237978 -2.762039 16.98289 1.064104 -0.4992993 17.77605 1.11568 0.8707526 14.36945 1.40169 0.3096699 17.67023 1.159643 1.742384 15.90718 1.340788 1.227249 17.33013 1.588129 2.451011 17.01868 2.416306 1.379264 17.61993 0.8070809 2.91824 18.07594 -0.4324435 5.054661 17.28096 1.689474 3.589127 18.13167 -0.5878352 5.265612 17.79618 0.3013848 -8.396735 15.5577 -1.466778 -7.845145 13.99467 -0.563489 -7.659145 16.31012 -1.568459 -5.238896 16.7872 -0.9844537 -4.787705 13.33447 0.7560908 -4.47522 16.58293 -0.6367186 -3.533871 14.70439 0.5413721 3.087885 13.32066 -1.241495 4.294281 18.94589 -2.246133 -0.08048721 21.11278 -2.928704 -3.389969 13.0304 -1.581494 -5.300447 14.79184 -2.035834 -4.463211 20.96169 -3.167418 -0.9576497 8.391056 1.92721 -0.5929766 14.11046 1.502301 -5.135549 15.62938 0.7364664 -7.184686 7.188825 1.150869 -9.284765 8.656214 0.7331005 -9.35504 14.86066 0.2065878 5.504241 16.9572 -2.240014 4.149175 21.91352 -4.707612 -0.2683669 22.95927 -3.114106 0.4099047 15.55677 1.259908 -1.856333 16.70048 1.69012 -3.733773 22.04996 -0.7609245 9.329511 9.110666 -1.769923 8.914405 14.26216 -2.589723 4.794497 15.30553 -1.387168 4.101236 7.597323 0.2852216 2.098857 8.765467 0.7464324 1.245912 14.32123 -0.0002714606 9.742654 13.49536 0.1643345 7.749636 16.33095 -2.968762 4.062903 16.87822 -1.68017 5.975837 12.6265 3.634226 3.971578 13.25671 3.833091 1.492482 16.31211 0.6472384</float_array>
          <technique_common>
            <accessor source="#LB014__mTreeOakLeafBack-position-array" count="114" stride="3">
              <param name="X" type="float" />
              <param name="Y" type="float" />
              <param name="Z" type="float" />
            </accessor>
          </technique_common>
        </source>
        <source id="LB014__mTreeOakLeafBack-normal">
          <float_array id="LB014__mTreeOakLeafBack-normal-array" count="342">-0.1741683 0.1976517 0.964775 -0.1741683 0.1976517 0.964775 -0.1800391 0.2074364 0.960861 -0.1741683 0.1976517 0.964775 -0.1800391 0.2074364 0.960861 -0.1741683 0.1976517 0.964775 -0.1741683 0.1976517 0.964775 0.1663405 0.2250489 0.960861 0.1663405 0.2250489 0.960861 0.1565558 0.2309198 0.960861 0.1663405 0.2250489 0.960861 0.1565558 0.2309198 0.960861 0.1663405 0.2250489 0.960861 0.1663405 0.2250489 0.960861 0.1232877 0.05675147 0.9902152 0.1232877 0.05675147 0.9902152 0.1135029 0.06066536 0.9921722 0.1232877 0.05675147 0.9902152 0.1135029 0.06066536 0.9921722 0.1232877 0.05675147 0.9902152 0.1232877 0.05675147 0.9902152 0.4461839 0.5440313 0.7103718 0.4461839 0.5440313 0.7103718 0.4363992 0.5440313 0.7162427 0.4461839 0.5440313 0.7103718 0.4363992 0.5440313 0.7162427 0.4461839 0.5440313 0.7103718 0.4461839 0.5440313 0.7103718 0.55773 0.7475538 0.3620352 0.55773 0.7475538 0.3620352 0.5479452 0.7514677 0.3659491 0.55773 0.7475538 0.3620352 0.5479452 0.7514677 0.3659491 0.55773 0.7475538 0.3620352 0.55773 0.7475538 0.3620352 -0.55773 0.1937378 0.8082192 -0.55773 0.1937378 0.8082192 -0.5636008 0.2015656 0.8023483 -0.55773 0.1937378 0.8082192 -0.5636008 0.2015656 0.8023483 -0.55773 0.1937378 0.8082192 -0.55773 0.1937378 0.8082192 0.6418787 0.444227 0.6242661 0.6418787 0.444227 0.6242661 0.6340509 0.4520548 0.6262231 0.6418787 0.444227 0.6242661 0.6340509 0.4520548 0.6262231 0.6418787 0.444227 0.6242661 0.6418787 0.444227 0.6242661 -0.1174168 0.1232877 0.9863014 -0.1174168 0.1232877 0.9863014 -0.1272016 0.1272016 0.9843444 -0.1174168 0.1232877 0.9863014 -0.1272016 0.1272016 0.9843444 -0.1174168 0.1232877 0.9863014 -0.1174168 0.1232877 0.9863014 -0.02348337 0.6320939 0.7749511 -0.02348337 0.6320939 0.7749511 -0.0332681 0.6340509 0.7729941 -0.02348337 0.6320939 0.7749511 -0.0332681 0.6340509 0.7729941 -0.02348337 0.6320939 0.7749511 -0.02348337 0.6320939 0.7749511 -0.037182 0.05870841 0.9980431 -0.037182 0.05870841 0.9980431 -0.04500978 0.06457926 0.9960861 -0.037182 0.05870841 0.9980431 -0.04500978 0.06457926 0.9960861 -0.037182 0.05870841 0.9980431 -0.037182 0.05870841 0.9980431 0.01369863 0.9354208 0.3502935 0.01369863 0.9354208 0.3502935 0.001956947 0.9373777 0.3483366 0.01369863 0.9354208 0.3502935 0.001956947 0.9373777 0.3483366 0.01369863 0.9354208 0.3502935 0.01369863 0.9354208 0.3502935 -0.2818004 0.3933464 0.8747554 -0.2818004 0.3933464 0.8747554 -0.2896282 0.4011742 0.8688846 -0.2818004 0.3933464 0.8747554 -0.2896282 0.4011742 0.8688846 -0.2818004 0.3933464 0.8747554 -0.2818004 0.3933464 0.8747554 -0.06066536 0.1878669 0.9804305 -0.05283757 0.1800391 0.9823875 -0.05283757 0.1800391 0.9823875 -0.05283757 0.1800391 0.9823875 -0.05283757 0.1800391 0.9823875 -0.06066536 0.1878669 0.9804305 -0.1389433 0.08219178 0.9863014 -0.1311155 0.07436399 0.9882583 -0.1311155 0.07436399 0.9882583 -0.1311155 0.07436399 0.9882583 -0.1311155 0.07436399 0.9882583 -0.1389433 0.08219178 0.9863014 0.3953033 0.4931507 0.7749511 0.4050881 0.4872798 0.7729941 0.4050881 0.4872798 0.7729941 0.4050881 0.4872798 0.7729941 0.4050881 0.4872798 0.7729941 0.3953033 0.4931507 0.7749511 0.3170255 0.1741683 0.9334638 0.3248532 0.1663405 0.9315069 0.3248532 0.1663405 0.9315069 0.3248532 0.1663405 0.9315069 0.3248532 0.1663405 0.9315069 0.3170255 0.1741683 0.9334638 0.3013699 0.7945206 0.5264188 0.3111546 0.7906067 0.5264188 0.3111546 0.7906067 0.5264188 0.3111546 0.7906067 0.5264188 0.3111546 0.7906067 0.5264188 0.3013699 0.7945206 0.5264188</float_array>
          <technique_common>
            <accessor source="#LB014__mTreeOakLeafBack-normal-array" count="114" stride="3">
              <param name="X" type="float" />
              <param name="Y" type="float" />
              <param name="Z" type="float" />
            </accessor>
          </technique_common>
        </source>
        <source id="LB014__mTreeOakLeafBack-color">
          <float_array id="LB014__mTreeOakLeafBack-color-array" count="456">1 1 1 0.0009994507 1 1 1 0.0009994507 1 1 1 0.0009994507 1 1 1 0.0009994507 1 1 1 0.0009994507 1 1 1 0.0009994507 1 1 1 0.0009994507 10.79688 16.09375 0.1999512 0.0009994507 10.79688 16.09375 0.1999512 0.0009994507 10.79688 16.09375 0.1999512 0.0009994507 10.79688 16.09375 0.1999512 0.0009994507 10.79688 16.09375 0.1999512 0.0009994507 10.79688 16.09375 0.1999512 0.0009994507 10.79688 16.09375 0.1999512 0.0009994507 3.699219 9.796875 -2.298828 1 3.699219 9.796875 -2.298828 1 3.699219 9.796875 -2.298828 1 3.699219 9.796875 -2.298828 1 3.699219 9.796875 -2.298828 1 3.699219 9.796875 -2.298828 1 3.699219 9.796875 -2.298828 1 1 1 1 0.0009994507 1 1 1 0.0009994507 1 1 1 0.0009994507 1 1 1 0.0009994507 1 1 1 0.0009994507 1 1 1 0.0009994507 1 1 1 0.0009994507 1 1 1 0.0009994507 1 1 1 0.0009994507 1 1 1 0.0009994507 1 1 1 0.0009994507 1 1 1 0.0009994507 1 1 1 0.0009994507 1 1 1 0.0009994507 -3.699219 25.5 0.3999023 0.0009994507 -3.699219 25.5 0.3999023 0.0009994507 -3.699219 25.5 0.3999023 0.0009994507 -3.699219 25.5 0.3999023 0.0009994507 -3.699219 25.5 0.3999023 0.0009994507 -3.699219 25.5 0.3999023 0.0009994507 -3.699219 25.5 0.3999023 0.0009994507 1 1 1 0.0009994507 1 1 1 0.0009994507 1 1 1 0.0009994507 1 1 1 0.0009994507 1 1 1 0.0009994507 1 1 1 0.0009994507 1 1 1 0.0009994507 -3.699219 10.5 -1.899414 1 -3.699219 10.5 -1.899414 1 -3.699219 10.5 -1.899414 1 -3.699219 10.5 -1.899414 1 -3.699219 10.5 -1.899414 1 -3.699219 10.5 -1.899414 1 -3.699219 10.5 -1.899414 1 1 1 1 0.0009994507 1 1 1 0.0009994507 1 1 1 0.0009994507 1 1 1 0.0009994507 1 1 1 0.0009994507 1 1 1 0.0009994507 1 1 1 0.0009994507 1 1 1 0.0009994507 1 1 1 0.0009994507 1 1 1 0.0009994507 1 1 1 0.0009994507 1 1 1 0.0009994507 1 1 1 0.0009994507 1 1 1 0.0009994507 1 1 1 0.0009994507 1 1 1 0.0009994507 1 1 1 0.0009994507 1 1 1 0.0009994507 1 1 1 0.0009994507 1 1 1 0.0009994507 1 1 1 0.0009994507 1 1 1 0.0009994507 1 1 1 0.0009994507 1 1 1 0.0009994507 1 1 1 0.0009994507 1 1 1 0.0009994507 1 1 1 0.0009994507 1 1 1 0.0009994507 -1.399414 21.89063 -2.898438 0.0009994507 -1.399414 21.89063 -2.898438 0.0009994507 -1.399414 21.89063 -2.898438 0.0009994507 -1.399414 21.89063 -2.898438 0.0009994507 -1.399414 21.89063 -2.898438 0.0009994507 -1.399414 21.89063 -2.898438 0.0009994507 -6.796875 15 2.398438 0.0009994507 -6.796875 15 2.398438 0.0009994507 -6.796875 15 2.398438 0.0009994507 -6.796875 15 2.398438 0.0009994507 -6.796875 15 2.398438 0.0009994507 -6.796875 15 2.398438 0.0009994507 1 1 1 0.0009994507 1 1 1 0.0009994507 1 1 1 0.0009994507 1 1 1 0.0009994507 1 1 1 0.0009994507 1 1 1 0.0009994507 1 1 1 0.0009994507 1 1 1 0.0009994507 1 1 1 0.0009994507 1 1 1 0.0009994507 1 1 1 0.0009994507 1 1 1 0.0009994507 1 1 1 0.0009994507 1 1 1 0.0009994507 1 1 1 0.0009994507 1 1 1 0.0009994507 1 1 1 0.0009994507 1 1 1 0.0009994507</float_array>
          <technique_common>
            <accessor source="#LB014__mTreeOakLeafBack-color-array" count="114" stride="4">
              <param name="R" type="float" />
              <param name="G" type="float" />
              <param name="B" type="float" />
              <param name="A" type="float" />
            </accessor>
          </technique_common>
        </source>
        <source id="LB014__mTreeOakLeafBack-texcoord">
          <float_array id="LB014__mTreeOakLeafBack-texcoord-array" count="228">0.02700888 0.2784814 0.1331523 0.1031221 0.1309549 0.3592334 0.4987945 0.4033021 0.6133 0.01687676 0.61919 0.374279 0.7878353 0.1627247 0.02700888 0.2784814 0.1331523 0.1031221 0.1309549 0.3592334 0.4987945 0.4033021 0.6133 0.01687676 0.61919 0.374279 0.7878353 0.1627247 0.02700888 0.2784814 0.1331523 0.1031221 0.1309549 0.3592334 0.4987945 0.4033021 0.6133 0.01687676 0.61919 0.374279 0.7878353 0.1627247 0.02700888 0.2784814 0.1331523 0.1031221 0.1309549 0.3592334 0.4987945 0.4033021 0.6133 0.01687676 0.61919 0.374279 0.7878353 0.1627247 0.02700888 0.2784814 0.1331523 0.1031221 0.1309549 0.3592334 0.4987945 0.4033021 0.6133 0.01687676 0.61919 0.374279 0.7878353 0.1627247 0.02700888 0.2784814 0.1331523 0.1031221 0.1309549 0.3592334 0.4987945 0.4033021 0.6133 0.01687676 0.61919 0.374279 0.7878353 0.1627247 0.02700888 0.2784814 0.1331523 0.1031221 0.1309549 0.3592334 0.4987945 0.4033021 0.6133 0.01687676 0.61919 0.374279 0.7878353 0.1627247 0.02700888 0.2784814 0.1331523 0.1031221 0.1309549 0.3592334 0.4987945 0.4033021 0.6133 0.01687676 0.61919 0.374279 0.7878353 0.1627247 0.02700888 0.2784814 0.1331523 0.1031221 0.1309549 0.3592334 0.4987945 0.4033021 0.6133 0.01687676 0.61919 0.374279 0.7878353 0.1627247 0.02700888 0.2784814 0.1331523 0.1031221 0.1309549 0.3592334 0.4987945 0.4033021 0.6133 0.01687676 0.61919 0.374279 0.7878353 0.1627247 0.02700888 0.2784814 0.1331523 0.1031221 0.1309549 0.3592334 0.4987945 0.4033021 0.6133 0.01687676 0.61919 0.374279 0.7878353 0.1627247 0.02700888 0.2784814 0.1331523 0.1031221 0.1309549 0.3592334 0.4987945 0.4033021 0.6133 0.01687676 0.61919 0.374279 0.7878353 0.1627247 0.9256569 0.4737999 0.9829707 0.8810694 0.4842982 1.002045 0.2323069 0.4051942 0.004028443 0.5157323 0.01458785 0.9588305 0.9256569 0.4737999 0.9829707 0.8810694 0.4842982 1.002045 0.2323069 0.4051942 0.004028443 0.5157323 0.01458785 0.9588305 0.9256569 0.4737999 0.9829707 0.8810694 0.4842982 1.002045 0.2323069 0.4051942 0.004028443 0.5157323 0.01458785 0.9588305 0.9256569 0.4737999 0.9829707 0.8810694 0.4842982 1.002045 0.2323069 0.4051942 0.004028443 0.5157323 0.01458785 0.9588305 0.9256569 0.4737999 0.9829707 0.8810694 0.4842982 1.002045 0.2323069 0.4051942 0.004028443 0.5157323 0.01458785 0.9588305</float_array>
          <technique_common>
            <accessor source="#LB014__mTreeOakLeafBack-texcoord-array" count="114" stride="2">
              <param name="S" type="float" />
              <param name="T" type="float" />
            </accessor>
          </technique_common>
        </source>
        <source id="LB014__mTreeOakLeafBack-texcoord_1">
          <float_array id="LB014__mTreeOakLeafBack-texcoord-array_1" count="228">-0.04376221 0.04638672 -0.02838135 0.001953125 -0.02890015 0.06640625 0.02389526 0.07617188 0.04089355 -0.02050781 0.0413208 0.06933594 0.065979 0.015625 -0.04376221 0.04638672 -0.02838135 0.001953125 -0.02890015 0.06640625 0.02389526 0.07617188 0.04089355 -0.02050781 0.0413208 0.06933594 0.065979 0.015625 -0.04376221 0.04638672 -0.02838135 0.001953125 -0.02890015 0.06640625 0.02389526 0.07617188 0.04089355 -0.02050781 0.0413208 0.06933594 0.065979 0.015625 -0.04376221 0.04638672 -0.02838135 0.001953125 -0.02890015 0.06640625 0.02389526 0.07617188 0.04089355 -0.02050781 0.0413208 0.06933594 0.065979 0.015625 -0.04376221 0.04638672 -0.02838135 0.001953125 -0.02890015 0.06640625 0.02389526 0.07617188 0.04089355 -0.02050781 0.0413208 0.06933594 0.065979 0.015625 -0.04376221 0.04638672 -0.02838135 0.001953125 -0.02890015 0.06640625 0.02389526 0.07617188 0.04089355 -0.02050781 0.0413208 0.06933594 0.065979 0.015625 -0.04376221 0.04638672 -0.02838135 0.001953125 -0.02890015 0.06640625 0.02389526 0.07617188 0.04089355 -0.02050781 0.0413208 0.06933594 0.065979 0.015625 -0.04376221 0.04638672 -0.02838135 0.001953125 -0.02890015 0.06640625 0.02389526 0.07617188 0.04089355 -0.02050781 0.0413208 0.06933594 0.065979 0.015625 -0.04376221 0.04638672 -0.02838135 0.001953125 -0.02890015 0.06640625 0.02389526 0.07617188 0.04089355 -0.02050781 0.0413208 0.06933594 0.065979 0.015625 -0.04376221 0.04638672 -0.02838135 0.001953125 -0.02890015 0.06640625 0.02389526 0.07617188 0.04089355 -0.02050781 0.0413208 0.06933594 0.065979 0.015625 -0.04376221 0.04638672 -0.02838135 0.001953125 -0.02890015 0.06640625 0.02389526 0.07617188 0.04089355 -0.02050781 0.0413208 0.06933594 0.065979 0.015625 -0.04376221 0.04638672 -0.02838135 0.001953125 -0.02890015 0.06640625 0.02389526 0.07617188 0.04089355 -0.02050781 0.0413208 0.06933594 0.065979 0.015625 0.08508301 -0.05859375 0.09307861 0.04541016 0.02389526 0.07617188 -0.01072693 -0.07519531 -0.04229736 -0.04589844 -0.04089355 0.06884766 0.08508301 -0.05859375 0.09307861 0.04541016 0.02389526 0.07617188 -0.01072693 -0.07519531 -0.04229736 -0.04589844 -0.04089355 0.06884766 0.08508301 -0.05859375 0.09307861 0.04541016 0.02389526 0.07617188 -0.01072693 -0.07519531 -0.04229736 -0.04589844 -0.04089355 0.06884766 0.08508301 -0.05859375 0.09307861 0.04541016 0.02389526 0.07617188 -0.01072693 -0.07519531 -0.04229736 -0.04589844 -0.04089355 0.06884766 0.08508301 -0.05859375 0.09307861 0.04541016 0.02389526 0.07617188 -0.01072693 -0.07519531 -0.04229736 -0.04589844 -0.04089355 0.06884766</float_array>
          <technique_common>
            <accessor source="#LB014__mTreeOakLeafBack-texcoord-array_1" count="114" stride="2">
              <param name="S" type="float" />
              <param name="T" type="float" />
            </accessor>
          </technique_common>
        </source>
        <vertices id="LB014__mTreeOakLeafBack-vertex">
          <input semantic="POSITION" source="#LB014__mTreeOakLeafBack-position" />
        </vertices>
        <triangles material="mTreeOakLeafBack" count="80">
          <input semantic="VERTEX" source="#LB014__mTreeOakLeafBack-vertex" offset="0" />
          <input semantic="NORMAL" source="#LB014__mTreeOakLeafBack-normal" offset="1" />
          <input semantic="COLOR" source="#LB014__mTreeOakLeafBack-color" offset="2" set="0" />
          <input semantic="TEXCOORD" source="#LB014__mTreeOakLeafBack-texcoord" offset="3" set="0" />
          <input semantic="TEXCOORD" source="#LB014__mTreeOakLeafBack-texcoord_1" offset="4" set="1" />
          <p>0 0 0 0 0 1 1 1 1 1 2 2 2 2 2 1 1 1 1 1 3 3 3 3 3 2 2 2 2 2 3 3 3 3 3 1 1 1 1 1 4 4 4 4 4 5 5 5 5 5 3 3 3 3 3 4 4 4 4 4 5 5 5 5 5 4 4 4 4 4 6 6 6 6 6 7 7 7 7 7 8 8 8 8 8 9 9 9 9 9 8 8 8 8 8 10 10 10 10 10 9 9 9 9 9 10 10 10 10 10 8 8 8 8 8 11 11 11 11 11 12 12 12 12 12 10 10 10 10 10 11 11 11 11 11 12 12 12 12 12 11 11 11 11 11 13 13 13 13 13 14 14 14 14 14 15 15 15 15 15 16 16 16 16 16 15 15 15 15 15 17 17 17 17 17 16 16 16 16 16 17 17 17 17 17 15 15 15 15 15 18 18 18 18 18 19 19 19 19 19 17 17 17 17 17 18 18 18 18 18 19 19 19 19 19 18 18 18 18 18 20 20 20 20 20 21 21 21 21 21 22 22 22 22 22 23 23 23 23 23 22 22 22 22 22 24 24 24 24 24 23 23 23 23 23 24 24 24 24 24 22 22 22 22 22 25 25 25 25 25 26 26 26 26 26 24 24 24 24 24 25 25 25 25 25 26 26 26 26 26 25 25 25 25 25 27 27 27 27 27 28 28 28 28 28 29 29 29 29 29 30 30 30 30 30 29 29 29 29 29 31 31 31 31 31 30 30 30 30 30 31 31 31 31 31 29 29 29 29 29 32 32 32 32 32 33 33 33 33 33 31 31 31 31 31 32 32 32 32 32 33 33 33 33 33 32 32 32 32 32 34 34 34 34 34 35 35 35 35 35 36 36 36 36 36 37 37 37 37 37 36 36 36 36 36 38 38 38 38 38 37 37 37 37 37 38 38 38 38 38 36 36 36 36 36 39 39 39 39 39 40 40 40 40 40 38 38 38 38 38 39 39 39 39 39 40 40 40 40 40 39 39 39 39 39 41 41 41 41 41 42 42 42 42 42 43 43 43 43 43 44 44 44 44 44 43 43 43 43 43 45 45 45 45 45 44 44 44 44 44 45 45 45 45 45 43 43 43 43 43 46 46 46 46 46 47 47 47 47 47 45 45 45 45 45 46 46 46 46 46 47 47 47 47 47 46 46 46 46 46 48 48 48 48 48 49 49 49 49 49 50 50 50 50 50 51 51 51 51 51 50 50 50 50 50 52 52 52 52 52 51 51 51 51 51 52 52 52 52 52 50 50 50 50 50 53 53 53 53 53 54 54 54 54 54 52 52 52 52 52 53 53 53 53 53 54 54 54 54 54 53 53 53 53 53 55 55 55 55 55 56 56 56 56 56 57 57 57 57 57 58 58 58 58 58 57 57 57 57 57 59 59 59 59 59 58 58 58 58 58 59 59 59 59 59 57 57 57 57 57 60 60 60 60 60 61 61 61 61 61 59 59 59 59 59 60 60 60 60 60 61 61 61 61 61 60 60 60 60 60 62 62 62 62 62 63 63 63 63 63 64 64 64 64 64 65 65 65 65 65 64 64 64 64 64 66 66 66 66 66 65 65 65 65 65 66 66 66 66 66 64 64 64 64 64 67 67 67 67 67 68 68 68 68 68 66 66 66 66 66 67 67 67 67 67 68 68 68 68 68 67 67 67 67 67 69 69 69 69 69 70 70 70 70 70 71 71 71 71 71 72 72 72 72 72 71 71 71 71 71 73 73 73 73 73 72 72 72 72 72 73 73 73 73 73 71 71 71 71 71 74 74 74 74 74 75 75 75 75 75 73 73 73 73 73 74 74 74 74 74 75 75 75 75 75 74 74 74 74 74 76 76 76 76 76 77 77 77 77 77 78 78 78 78 78 79 79 79 79 79 78 78 78 78 78 80 80 80 80 80 79 79 79 79 79 80 80 80 80 80 78 78 78 78 78 81 81 81 81 81 82 82 82 82 82 80 80 80 80 80 81 81 81 81 81 82 82 82 82 82 81 81 81 81 81 83 83 83 83 83 84 84 84 84 84 85 85 85 85 85 86 86 86 86 86 84 84 84 84 84 86 86 86 86 86 87 87 87 87 87 87 87 87 87 87 86 86 86 86 86 88 88 88 88 88 88 88 88 88 88 86 86 86 86 86 89 89 89 89 89 90 90 90 90 90 91 91 91 91 91 92 92 92 92 92 90 90 90 90 90 92 92 92 92 92 93 93 93 93 93 93 93 93 93 93 92 92 92 92 92 94 94 94 94 94 94 94 94 94 94 92 92 92 92 92 95 95 95 95 95 96 96 96 96 96 97 97 97 97 97 98 98 98 98 98 96 96 96 96 96 98 98 98 98 98 99 99 99 99 99 99 99 99 99 99 98 98 98 98 98 100 100 100 100 100 100 100 100 100 100 98 98 98 98 98 101 101 101 101 101 102 102 102 102 102 103 103 103 103 103 104 104 104 104 104 102 102 102 102 102 104 104 104 104 104 105 105 105 105 105 105 105 105 105 105 104 104 104 104 104 106 106 106 106 106 106 106 106 106 106 104 104 104 104 104 107 107 107 107 107 108 108 108 108 108 109 109 109 109 109 110 110 110 110 110 108 108 108 108 108 110 110 110 110 110 111 111 111 111 111 111 111 111 111 111 110 110 110 110 110 112 112 112 112 112 112 112 112 112 112 110 110 110 110 110 113 113 113 113 113 </p>
        </triangles>
      </mesh>
    </geometry>
    <geometry id="LB030__mShadow-mesh" name="LB030__mShadow">
      <mesh>
        <source id="LB030__mShadow-position">
          <float_array id="LB030__mShadow-position-array" count="1290">0.2916062 22.50573 0.6476329 2.366478 20.06717 1.358301 2.776261 21.40972 0.07005576 0.2916062 22.50573 0.6476329 -1.895243 20.32058 1.141416 0.0818504 19.83772 1.864617 0.2916062 22.50573 0.6476329 0.0818504 19.83772 1.864617 2.366478 20.06717 1.358301 -2.043537 22.44501 -0.1633558 -1.895243 20.32058 1.141416 0.2916062 22.50573 0.6476329 2.776261 21.40972 0.07005576 2.29918 22.78587 -0.7156471 0.2916062 22.50573 0.6476329 -0.9069354 23.66111 -0.8711743 -2.043537 22.44501 -0.1633558 0.2916062 22.50573 0.6476329 2.29918 22.78587 -0.7156471 0.4601248 23.85617 -1.132151 0.2916062 22.50573 0.6476329 0.4601248 23.85617 -1.132151 -0.9069354 23.66111 -0.8711743 0.2916062 22.50573 0.6476329 -4.688525 15.70235 3.799132 -2.401999 13.81917 4.130371 -1.940125 16.40903 2.715335 -6.781997 9.720602 3.703856 -3.065945 11.50523 4.473198 -5.323948 13.41079 4.402408 -6.258338 15.96862 3.048616 -6.29286 14.82952 3.660801 -4.688525 15.70235 3.799132 -6.29286 14.82952 3.660801 -5.323948 13.41079 4.402408 -4.688525 15.70235 3.799132 -4.658891 16.93826 2.724229 -6.258338 15.96862 3.048616 -4.688525 15.70235 3.799132 -5.323948 13.41079 4.402408 -2.401999 13.81917 4.130371 -4.688525 15.70235 3.799132 -2.401999 13.81917 4.130371 -3.065945 11.50523 4.473198 -0.1355339 11.81404 3.295549 -5.323948 13.41079 4.402408 -3.065945 11.50523 4.473198 -2.401999 13.81917 4.130371 4.184453 15.90544 4.437226 2.93916 13.4188 4.621744 6.863119 13.79934 4.319164 9.061727 15.66407 -1.045719 7.50648 15.82138 3.224867 10.01527 12.81497 0.7993067 4.877084 17.62314 2.37523 2.757853 17.34742 2.844352 4.184453 15.90544 4.437226 2.757853 17.34742 2.844352 2.26415 16.42651 3.43946 4.184453 15.90544 4.437226 6.863119 13.79934 4.319164 7.50648 15.82138 3.224867 4.184453 15.90544 4.437226 7.50648 15.82138 3.224867 6.383415 17.13353 2.391261 4.184453 15.90544 4.437226 6.383415 17.13353 2.391261 4.877084 17.62314 2.37523 4.184453 15.90544 4.437226 1.725659 14.72481 4.055706 2.93916 13.4188 4.621744 4.184453 15.90544 4.437226 6.159208 11.16695 3.742883 2.93916 13.4188 4.621744 1.268999 11.88084 3.526905 6.863119 13.79934 4.319164 2.93916 13.4188 4.621744 6.159208 11.16695 3.742883 10.01527 12.81497 0.7993067 6.863119 13.79934 4.319164 8.343404 12.48496 3.030958 4.184453 15.90544 4.437226 2.26415 16.42651 3.43946 1.725659 14.72481 4.055706 8.343404 12.48496 3.030958 6.863119 13.79934 4.319164 6.159208 11.16695 3.742883 10.01527 12.81497 0.7993067 7.50648 15.82138 3.224867 6.863119 13.79934 4.319164 -1.819959E-07 -0.8563494 -5.019931 -1.926441E-07 0.5414318 -3.865751 1.170795 -0.9538304 -3.495907 -1.819959E-07 -0.8563494 -5.019931 -1.170796 -0.9538305 -3.495907 -1.926441E-07 0.5414318 -3.865751 -3.1277 -1.129366 4.162625 -2.388521 0.798645 3.23995 -3.068026 -0.8183219 2.093177 -3.1277 -1.129366 4.162625 -1.120474 -0.8183219 3.653739 -2.388521 0.798645 3.23995 2.71699 -1.136118 4.029646 2.059724 0.8579054 3.077118 0.7479137 -0.6844429 3.356508 2.71699 -1.136118 4.029646 2.787481 -0.6844428 1.949469 2.059724 0.8579054 3.077118 4.807607 -1.136118 -1.710402 3.736677 0.8579055 -1.271748 3.761327 -0.6844428 0.1474348 4.807607 -1.136118 -1.710402 2.758564 -0.6844428 -2.301615 3.736677 0.8579055 -1.271748 -4.728052 -1.136118 -1.714112 -3.657724 0.8579051 -1.273991 -2.678314 -0.6844431 -2.30134 -4.728052 -1.136118 -1.714112 -3.685065 -0.6844431 0.1460732 -3.657724 0.8579051 -1.273991 0.4601248 23.85617 -1.132151 2.29918 22.78587 -0.7156471 0.6794398 24.83554 -3.326514 4.450088 22.57809 -3.880319 -4.074523 22.15602 -1.791417 -2.043537 22.44501 -0.1633558 -1.91634 24.46515 -3.135426 -0.9069354 23.66111 -0.8711743 -3.792942 18.12214 0.6860898 -1.895243 20.32058 1.141416 -4.074523 22.15602 -1.791417 -2.043537 22.44501 -0.1633558 -0.9069354 23.66111 -0.8711743 0.4601248 23.85617 -1.132151 -1.91634 24.46515 -3.135426 0.6794398 24.83554 -3.326514 4.450088 22.57809 -3.880319 2.29918 22.78587 -0.7156471 5.110488 20.08612 -1.891138 2.776261 21.40972 0.07005576 2.776261 21.40972 0.07005576 2.366478 20.06717 1.358301 5.110488 20.08612 -1.891138 3.802608 16.53534 1.474414 0.0818504 19.83772 1.864617 -0.03847343 17.20418 2.053483 2.366478 20.06717 1.358301 3.802608 16.53534 1.474414 0.0818504 19.83772 1.864617 -1.895243 20.32058 1.141416 -0.03847343 17.20418 2.053483 -3.792942 18.12214 0.6860898 -6.29286 14.82952 3.660801 -6.258338 15.96862 3.048616 -8.334489 13.67917 1.914365 -8.16492 16.30389 -0.316286 -6.781997 9.720602 3.703856 -5.323948 13.41079 4.402408 -8.334489 13.67917 1.914365 -6.29286 14.82952 3.660801 -6.258338 15.96862 3.048616 -4.658891 16.93826 2.724229 -8.16492 16.30389 -0.316286 -4.733438 17.76871 -2.037679 -1.940125 16.40903 2.715335 -3.458109 17.10346 2.531331 -4.688525 15.70235 3.799132 -4.658891 16.93826 2.724229 -2.401999 13.81917 4.130371 -0.1355339 11.81404 3.295549 -1.940125 16.40903 2.715335 0.9128531 16.92986 1.431685 7.708064 17.33297 -1.902492 6.383415 17.13353 2.391261 9.061727 15.66407 -1.045719 7.50648 15.82138 3.224867 2.757853 17.34742 2.844352 4.877084 17.62314 2.37523 1.677831 17.94791 0.8806535 5.447998 18.00801 -2.018254 -0.08446191 13.96566 2.829535 1.725659 14.72481 4.055706 0.1841628 16.13565 2.008731 2.26415 16.42651 3.43946 -0.08446191 13.96566 2.829535 1.268999 11.88084 3.526905 1.725659 14.72481 4.055706 2.93916 13.4188 4.621744 4.877084 17.62314 2.37523 6.383415 17.13353 2.391261 5.447998 18.00801 -2.018254 7.708064 17.33297 -1.902492 2.26415 16.42651 3.43946 2.757853 17.34742 2.844352 0.1841628 16.13565 2.008731 1.677831 17.94791 0.8806535 2.097689 9.16929E-08 -1.949554 2.002531 4 -1.760342 2.740763 1.198026E-07 -1.05509 2.621189 4 -0.9526896 1.38247E-06 6.04297E-14 -2.757087 0.005144992 4 -2.489501 2.097689 9.16929E-08 -1.949554 2.002531 4 -1.760342 -1.995686 4 -1.760344 0.005144992 4 -2.489501 -2.097687 -9.169284E-08 -1.949555 1.38247E-06 6.04297E-14 -2.757087 -2.62243 4 -0.9526917 -1.995686 4 -1.760344 -2.740762 -1.198025E-07 -1.055092 -2.097687 -9.169284E-08 -1.949555 -2.839674 4 1.672247E-05 -2.62243 4 -0.9526917 -2.966579 -1.296733E-07 1.296733E-07 -2.740762 -1.198025E-07 -1.055092 -2.740762 -1.198025E-07 1.055091 -2.62243 4 0.9526902 -2.966579 -1.296733E-07 1.296733E-07 -2.839674 4 1.672247E-05 -2.097689 -9.169288E-08 1.949554 -1.995687 4 1.760343 -2.740762 -1.198025E-07 1.055091 -2.62243 4 0.9526902 -1.029611 -4.500574E-08 2.547216 -0.9858558 4 2.299999 -2.097689 -9.169288E-08 1.949554 -1.995687 4 1.760343 0.9951849 4 2.299999 -0.9858558 4 2.299999 1.02961 4.50057E-08 2.547216 -1.029611 -4.500574E-08 2.547216 2.00253 4 1.760343 0.9951849 4 2.299999 2.097688 9.169287E-08 1.949555 1.02961 4.50057E-08 2.547216 2.621188 4 0.9526907 2.00253 4 1.760343 2.740762 1.198025E-07 1.055091 2.097688 9.169287E-08 1.949555 2.853475 4 8.48696E-06 2.621188 4 0.9526907 2.966579 1.296733E-07 -1.296733E-07 2.740762 1.198025E-07 1.055091 2.740763 1.198026E-07 -1.05509 2.621189 4 -0.9526896 2.966579 1.296733E-07 -1.296733E-07 2.853475 4 8.48696E-06 -1.926441E-07 0.5414318 -3.865751 -1.632581E-07 1.629048 -2.105861 1.170795 -0.9538304 -3.495907 2.154046 -0.7999998 -1.514008 -2.154046 -0.8000001 -1.514008 -1.632581E-07 1.629048 -2.105861 -1.170796 -0.9538305 -3.495907 -1.926441E-07 0.5414318 -3.865751 -2.388521 0.798645 3.23995 -1.304443 1.770528 1.886995 -3.068026 -0.8183219 2.093177 -2.434005 -0.8000001 0.219938 0.568744 -0.8 2.626023 -1.304443 1.770528 1.886995 -1.120474 -0.8183219 3.653739 -2.388521 0.798645 3.23995 2.059724 0.8579054 3.077118 1.061034 1.763776 1.629527 0.7479137 -0.6844429 3.356508 -0.9587591 -0.8000001 2.300555 2.405531 -0.7999999 -0.02037309 1.061034 1.763776 1.629527 2.787481 -0.6844428 1.949469 2.059724 0.8579054 3.077118 3.736677 0.8579055 -1.271748 2.109156 1.763776 -0.6053599 3.761327 -0.6844428 0.1474348 2.284433 -0.7999999 1.391938 0.8333493 -0.8 -2.152046 2.109156 1.763776 -0.6053599 2.758564 -0.6844428 -2.301615 3.736677 0.8579055 -1.271748 -3.657724 0.8579051 -1.273991 -2.03129 1.763776 -0.6049526 -2.678314 -0.6844431 -2.30134 -0.7689729 -0.8000001 -2.110645 -2.193813 -0.8000001 1.353143 -2.03129 1.763776 -0.6049526 -3.685065 -0.6844431 0.1460732 -3.657724 0.8579051 -1.273991 0.9128531 16.92986 1.431685 -2.422273 18.23499 0.08615521 -1.940125 16.40903 2.715335 -3.458109 17.10346 2.531331 -4.658891 16.93826 2.724229 -4.733438 17.76871 -2.037679 2.621189 4 -0.9526896 2.002531 4 -1.760342 2.853475 4 8.48696E-06 1.815573 11.85885 -1.388596 0.0152507 11.85885 -1.963772 2.630609 11.88181 2.547265E-05 0.005144992 4 -2.489501 2.621188 4 0.9526907 -1.995686 4 -1.760344 2.00253 4 1.760343 -1.795281 11.85885 -1.388597 1.815572 11.85885 1.388597 0.9275486 11.85885 1.814289 0.9951849 4 2.299999 -0.8998889 11.85885 1.814289 -0.9858558 4 2.299999 -1.995687 4 1.760343 -2.389942 11.85885 0.7515025 -2.62243 4 0.9526902 -2.839674 4 1.672247E-05 -2.590342 11.85885 5.126676E-05 -2.62243 4 -0.9526917 2.844772 8.193637 -3.757235 2.11148 8.20023 -0.7552815 0.4402987 8.877373 -1.260182 3.980526 7.985822 -0.5260857 2.267393 8.934326 -4.981823 -0.885959 10.06238 -1.66619 4.536459 8.187043 -4.269064 5.462719 8.187044 -3.627791 5.816442 8.328192 0.6935218 7.472646 9.166599 0.6593034 5.052883 8.991281 -5.7836 6.814734 8.991282 -4.563826 8.787017 10.40903 0.4208966 1.809182 10.15314 -5.785799 -2.030879 12.62881 -2.323996 5.462718 10.24391 -6.537836 7.887698 10.24391 -5.306667 9.630895 11.51193 0.1632556 5.72585 11.37078 -7.309531 8.576584 11.37078 -5.783601 9.921675 12.9568 -0.0709157 1.413622 12.79281 -6.633503 -0.8859593 16.02737 -2.590188 5.816518 12.9568 -7.575438 8.813957 12.9568 -5.947941 9.630894 14.56581 -0.331618 8.576584 14.56581 -5.783601 8.787016 16.02737 -1.110637 5.725849 14.56581 -7.309531 7.887698 16.02737 -5.306667 7.154807 17.50175 -1.735193 1.809182 16.02737 -6.247797 0.7818743 17.50175 -2.744967 5.462718 16.02737 -6.537836 6.538392 17.50175 -4.527287 3.980525 18.36136 -2.184696 4.94733 17.50175 -5.628821 2.385404 17.50175 -5.431955 -2.256629 8.347723 -0.2908323 -2.73594 8.287224 -3.091319 -0.7160119 9.051025 -0.5254539 -3.964416 8.105382 -0.2099873 -2.20367 9.009577 -3.906735 0.5066287 10.14644 -0.8908852 -4.492152 8.226725 -4.137898 -5.346045 8.226725 -3.546725 -5.672204 8.347723 -0.290832 -4.968229 8.96813 -5.534108 -6.648959 8.968129 -3.721946 -7.21282 9.051024 0.7877064 -8.435461 10.14644 0.7765482 -7.638096 10.12289 -4.406751 -9.459025 11.52675 0.8293595 -1.781258 10.13467 -4.987252 1.562099 13.05683 -1.861792 -5.346045 10.12289 -6.642147 -8.273162 11.57798 -4.846423 -9.508724 13.05683 0.8019507 -5.588619 11.57798 -7.35355 -1.580377 13.1239 -7.473426 0.5066283 16.25903 -2.590188 -8.49199 13.19096 -4.997924 -9.207618 14.80394 0.2052744 -5.672204 13.19096 -7.598684 -5.588619 14.80394 -7.35355 -1.781258 16.25903 -6.755779 -1.041528 17.71477 -2.737689 -8.273162 14.80394 -4.846423 -8.674043 16.25903 -0.1697915 -5.346046 16.25903 -6.642147 -7.638096 16.25903 -4.406751 -6.727462 17.5933 -1.347487 -4.924167 17.71477 -4.698922 -6.316719 17.71477 -3.643415 -3.964417 18.41067 -2.590188 -2.982847 17.71477 -4.045856 -4.913693 17.45769 -3.185271 -5.275301 19.47639 -3.146771 -3.879827 19.47639 -6.519264 -5.01711 20.95835 -3.146771 -3.613875 17.45769 -6.391366 -3.008531 15.82666 -3.170716 -3.689934 20.95835 -6.400454 -4.066754 22.66057 -3.22162 -2.212685 15.82666 -5.944984 -7.792619E-07 14.68066 -3.146771 -1.481963 19.47639 -8.01954 -1.380378 17.45769 -7.788802 -0.8451714 15.82666 -6.8006 0.8451687 15.82666 -6.8006 1.380375 17.45769 -7.788802 2.212683 15.82666 -5.944985 3.008529 15.82666 -3.170717 3.613872 17.45769 -6.391366 4.913691 17.45769 -3.185272 1.48196 19.47639 -8.019541 3.879823 19.47639 -6.519265 5.275299 19.47639 -3.146772 5.017107 20.95835 -3.146772 3.689932 20.95835 -6.400455 4.066751 22.66057 -3.22162 1.409427 20.95835 -7.827302 2.990973 22.66057 -6.037985 2.532462 23.83338 -3.224873 -1.409431 20.95835 -7.827301 1.142449 22.66057 -7.194554 1.86255 23.83338 -5.468672 -1.22029E-06 24.7702 -3.146771 0.7114296 23.83338 -6.188896 -1.142452 22.66057 -7.194554 -2.990977 22.66057 -6.037984 -2.532465 23.83338 -3.224873 -0.7114328 23.83338 -6.188895 -1.862552 23.83338 -5.468672</float_array>
          <technique_common>
            <accessor source="#LB030__mShadow-position-array" count="430" stride="3">
              <param name="X" type="float" />
              <param name="Y" type="float" />
              <param name="Z" type="float" />
            </accessor>
          </technique_common>
        </source>
        <source id="LB030__mShadow-normal">
          <float_array id="LB030__mShadow-normal-array" count="1290">0.4148728 0.5616438 0.7162427 0.4148728 0.5616438 0.7162427 0.4148728 0.5616438 0.7162427 -0.2191781 0.4187867 0.8806262 -0.2191781 0.4187867 0.8806262 -0.2191781 0.4187867 0.8806262 0.1604697 0.3992172 0.9021527 0.1604697 0.3992172 0.9021527 0.1604697 0.3992172 0.9021527 -0.297456 0.483366 0.8219178 -0.297456 0.483366 0.8219178 -0.297456 0.483366 0.8219178 0.4129159 0.555773 0.7221135 0.4129159 0.555773 0.7221135 0.4129159 0.555773 0.7221135 -0.2622309 0.6575342 0.7064579 -0.2622309 0.6575342 0.7064579 -0.2622309 0.6575342 0.7064579 0.2994129 0.7455969 0.5949119 0.2994129 0.7455969 0.5949119 0.2994129 0.7455969 0.5949119 0.001956947 0.7964775 0.6046967 0.001956947 0.7964775 0.6046967 0.001956947 0.7964775 0.6046967 0.2309198 0.4344423 0.8708415 0.2309198 0.4344423 0.8708415 0.2309198 0.4344423 0.8708415 -0.1409002 -0.1311155 0.9823875 -0.1409002 -0.1311155 0.9823875 -0.1409002 -0.1311155 0.9823875 -0.3189824 0.4559687 0.8297456 -0.3189824 0.4559687 0.8297456 -0.3189824 0.4559687 0.8297456 -0.2485323 0.3111546 0.9178082 -0.2485323 0.3111546 0.9178082 -0.2485323 0.3111546 0.9178082 -0.2407045 0.6399217 0.7299413 -0.2407045 0.6399217 0.7299413 -0.2407045 0.6399217 0.7299413 0.05675147 0.2387476 0.9686888 0.05675147 0.2387476 0.9686888 0.05675147 0.2387476 0.9686888 0.369863 0.03131115 0.9275929 0.369863 0.03131115 0.9275929 0.369863 0.03131115 0.9275929 0.07436399 0.1252446 0.9902152 0.07436399 0.1252446 0.9902152 0.07436399 0.1252446 0.9902152 0.07240704 0.037182 0.9960861 0.07240704 0.037182 0.9960861 0.07240704 0.037182 0.9960861 0.8375734 0.4657534 0.2876712 0.8375734 0.4657534 0.2876712 0.8375734 0.4657534 0.2876712 0.04500978 0.7592955 0.6477495 0.04500978 0.7592955 0.6477495 0.04500978 0.7592955 0.6477495 -0.2270059 0.6125244 0.7573385 -0.2270059 0.6125244 0.7573385 -0.2270059 0.6125244 0.7573385 0.3268102 0.3679061 0.8708415 0.3268102 0.3679061 0.8708415 0.3268102 0.3679061 0.8708415 0.2700587 0.6692759 0.6908023 0.2700587 0.6692759 0.6908023 0.2700587 0.6692759 0.6908023 0.223092 0.7103718 0.667319 0.223092 0.7103718 0.667319 0.223092 0.7103718 0.667319 -0.2387476 0.1898239 0.9530333 -0.2387476 0.1898239 0.9530333 -0.2387476 0.1898239 0.9530333 -0.109589 -0.4951076 0.8630137 -0.109589 -0.4951076 0.8630137 -0.109589 -0.4951076 0.8630137 0.09784736 -0.2367906 0.9667319 0.09784736 -0.2367906 0.9667319 0.09784736 -0.2367906 0.9667319 0.7553816 0.258317 0.6027398 0.7553816 0.258317 0.6027398 0.7553816 0.258317 0.6027398 -0.3287671 0.4129159 0.849315 -0.3287671 0.4129159 0.849315 -0.3287671 0.4129159 0.849315 0.4559687 -0.3052838 0.8356164 0.4559687 -0.3052838 0.8356164 0.4559687 -0.3052838 0.8356164 0.7553816 0.109589 0.6457925 0.7553816 0.109589 0.6457925 0.7553816 0.109589 0.6457925 0.7260274 0.4383562 -0.5303327 0.7260274 0.4383562 -0.5303327 0.7260274 0.4383562 -0.5303327 -0.7260274 0.4383562 -0.5303327 -0.7260274 0.4383562 -0.5303327 -0.7260274 0.4383562 -0.5303327 -0.9295499 0.369863 0.02935421 -0.9295499 0.369863 0.02935421 -0.9295499 0.369863 0.02935421 0.1741683 0.369863 0.9119374 0.1741683 0.369863 0.9119374 0.1741683 0.369863 0.9119374 -0.2270059 0.3581213 0.9060665 -0.2270059 0.3581213 0.9060665 -0.2270059 0.3581213 0.9060665 0.9275929 0.3581213 0.109589 0.9275929 0.3581213 0.109589 0.9275929 0.3581213 0.109589 0.8454012 0.369863 0.3855186 0.8454012 0.369863 0.3855186 0.8454012 0.369863 0.3855186 0.332681 0.369863 -0.8688846 0.332681 0.369863 -0.8688846 0.332681 0.369863 -0.8688846 -0.3307241 0.369863 -0.8688846 -0.3307241 0.369863 -0.8688846 -0.3307241 0.369863 -0.8688846 -0.8454012 0.369863 0.3855186 -0.8454012 0.369863 0.3855186 -0.8454012 0.369863 0.3855186 0.4872798 0.8082192 0.332681 0.4872798 0.8082192 0.332681 0.4872798 0.8082192 0.332681 0.4872798 0.8082192 0.332681 -0.4872798 0.7318982 0.4774951 -0.4872798 0.7318982 0.4774951 -0.4872798 0.7318982 0.4774951 -0.4872798 0.7318982 0.4774951 -0.6105675 0.3835616 0.6927593 -0.6105675 0.3835616 0.6927593 -0.6105675 0.3835616 0.6927593 -0.6105675 0.3835616 0.6927593 -0.08806262 0.9197652 0.3835616 -0.08806262 0.9197652 0.3835616 -0.08806262 0.9197652 0.3835616 -0.08806262 0.9197652 0.3835616 0.7084149 0.5381604 0.4579256 0.7084149 0.5381604 0.4579256 0.7084149 0.5381604 0.4579256 0.7084149 0.5381604 0.4579256 0.7201566 0.3268102 0.6105675 0.7201566 0.3268102 0.6105675 0.7201566 0.3268102 0.6105675 0.7201566 0.3268102 0.6105675 0.1800391 0.08610567 0.9804305 0.1800391 0.08610567 0.9804305 0.1800391 0.08610567 0.9804305 0.1800391 0.08610567 0.9804305 -0.3228963 0.08219178 0.9432485 -0.3228963 0.08219178 0.9432485 -0.3228963 0.08219178 0.9432485 -0.3228963 0.08219178 0.9432485 -0.7475538 0.4246575 0.5088063 -0.7475538 0.4246575 0.5088063 -0.7475538 0.4246575 0.5088063 -0.7475538 0.4246575 0.5088063 -0.6320939 0.0665362 0.7729941 -0.6320939 0.0665362 0.7729941 -0.6320939 0.0665362 0.7729941 -0.6320939 0.0665362 0.7729941 -0.3522505 0.9099804 0.2172211 -0.3522505 0.9099804 0.2172211 -0.3522505 0.9099804 0.2172211 -0.3522505 0.9099804 0.2172211 0.1663405 0.5772994 0.8003914 0.1409002 0.592955 0.7925636 0.1213307 0.6046967 0.7866927 0.03131115 0.6555773 0.7553816 0.4344423 0.2798434 0.8551859 0.4344423 0.2798434 0.8551859 0.4344423 0.2798434 0.8551859 0.4344423 0.2798434 0.8551859 0.6790606 0.6966732 0.2328767 0.6790606 0.6966732 0.2328767 0.6790606 0.6966732 0.2328767 0.6790606 0.6966732 0.2328767 0.02935421 0.9882583 0.1506849 0.02935421 0.9882583 0.1506849 0.02935421 0.9882583 0.1506849 0.02935421 0.9882583 0.1506849 -0.5890411 0.3855186 0.7103718 -0.5890411 0.3855186 0.7103718 -0.5890411 0.3855186 0.7103718 -0.5890411 0.3855186 0.7103718 -0.518591 -0.07436399 0.851272 -0.518591 -0.07436399 0.851272 -0.518591 -0.07436399 0.851272 -0.518591 -0.07436399 0.851272 0.2896282 0.9491194 0.1272016 0.2896282 0.9491194 0.1272016 0.2896282 0.9491194 0.1272016 0.2896282 0.9491194 0.1272016 -0.4951076 0.6908023 0.5244619 -0.4951076 0.6908023 0.5244619 -0.4951076 0.6908023 0.5244619 -0.4951076 0.6908023 0.5244619 0.8023483 0.04305284 -0.5949119 0.8023483 0.04305284 -0.5949119 0.8023483 0.04305284 -0.5949119 0.8023483 0.04305284 -0.5949119 0.3502935 0.05675147 -0.9354208 0.3502935 0.05675147 -0.9354208 0.3502935 0.05675147 -0.9354208 0.3502935 0.05675147 -0.9354208 -0.3502935 0.05870841 -0.9354208 -0.3502935 0.05870841 -0.9354208 -0.3502935 0.05870841 -0.9354208 -0.3502935 0.05870841 -0.9354208 -0.8003914 0.04305284 -0.5968689 -0.8003914 0.04305284 -0.5968689 -0.8003914 0.04305284 -0.5968689 -0.8003914 0.04305284 -0.5968689 -0.9765166 0.0332681 -0.2152642 -0.9765166 0.0332681 -0.2152642 -0.9765166 0.0332681 -0.2152642 -0.9765166 0.0332681 -0.2152642 -0.9765166 0.0332681 0.2152642 -0.9765166 0.0332681 0.2152642 -0.9765166 0.0332681 0.2152642 -0.9765166 0.0332681 0.2152642 -0.8003914 0.04305284 0.5968689 -0.8003914 0.04305284 0.5968689 -0.8003914 0.04305284 0.5968689 -0.8003914 0.04305284 0.5968689 -0.479452 0.05675147 0.8767123 -0.479452 0.05675147 0.8767123 -0.479452 0.05675147 0.8767123 -0.479452 0.05675147 0.8767123 0 0.06262231 0.9980431 0 0.06262231 0.9980431 0 0.06262231 0.9980431 0 0.06262231 0.9980431 0.479452 0.05479452 0.8747554 0.479452 0.05479452 0.8747554 0.479452 0.05479452 0.8747554 0.479452 0.05479452 0.8747554 0.8023483 0.04305284 0.5949119 0.8023483 0.04305284 0.5949119 0.8023483 0.04305284 0.5949119 0.8023483 0.04305284 0.5949119 0.9745597 0.03131115 0.223092 0.9745597 0.03131115 0.223092 0.9745597 0.03131115 0.223092 0.9745597 0.03131115 0.223092 0.9745597 0.03131115 -0.223092 0.9745597 0.03131115 -0.223092 0.9745597 0.03131115 -0.223092 0.9745597 0.03131115 -0.223092 0.7495108 0.5440313 -0.3776908 0.7495108 0.5440313 -0.3776908 0.7495108 0.5440313 -0.3776908 0.7495108 0.5440313 -0.3776908 -0.7495108 0.5440313 -0.3776908 -0.7495108 0.5440313 -0.3776908 -0.7495108 0.5440313 -0.3776908 -0.7495108 0.5440313 -0.3776908 -0.8062623 0.5283757 -0.2681018 -0.8062623 0.5283757 -0.2681018 -0.8062623 0.5283757 -0.2681018 -0.8062623 0.5283757 -0.2681018 0.4363992 0.5283757 0.7279844 0.4363992 0.5283757 0.7279844 0.4363992 0.5283757 0.7279844 0.4363992 0.5283757 0.7279844 -0.4774951 0.5459883 0.6888454 -0.4774951 0.5459883 0.6888454 -0.4774951 0.5459883 0.6888454 -0.4774951 0.5459883 0.6888454 0.8121331 0.5459883 -0.2015656 0.8121331 0.5459883 -0.2015656 0.8121331 0.5459883 -0.2015656 0.8121331 0.5459883 -0.2015656 0.5342466 0.555773 0.6379648 0.5342466 0.555773 0.6379648 0.5342466 0.555773 0.6379648 0.5342466 0.555773 0.6379648 -0.0665362 0.555773 -0.8277887 -0.0665362 0.555773 -0.8277887 -0.0665362 0.555773 -0.8277887 -0.0665362 0.555773 -0.8277887 0.07827789 0.553816 -0.8297456 0.07827789 0.553816 -0.8297456 0.07827789 0.553816 -0.8297456 0.07827789 0.553816 -0.8297456 -0.5283757 0.553816 0.6438356 -0.5283757 0.553816 0.6438356 -0.5283757 0.553816 0.6438356 -0.5283757 0.553816 0.6438356 0.1682975 0.8238748 0.5420744 -0.08806262 0.9217221 0.3757339 0.1682975 0.8238748 0.5420744 -0.1017613 0.925636 0.3659491 -0.2857143 0.9334638 0.2152642 -0.2857143 0.9334638 0.2152642 0.8825831 0.04892368 -0.4677104 0.62818 0.05675147 -0.7749511 0.9432485 0.04500978 -0.3287671 0.6340509 0.05675147 -0.7710372 0 0.06066536 -0.9980431 0.9784736 0.05283757 -0.1996086 0 0.06066536 -0.9980431 0.8923679 0.05283757 0.4481409 -0.630137 0.05870841 -0.7749511 0.6497065 0.06457926 0.7573385 -0.6340509 0.05870841 -0.7710372 0.7299413 0.04892368 0.6810176 0.09197652 0.06066536 0.9941292 0.109589 0.06262231 0.9921722 -0.1898239 0.06849315 0.9784736 -0.109589 0.06262231 0.9921722 -0.62818 0.05479452 0.776908 -0.8297456 0.05675147 0.553816 -0.9217221 0.03522505 0.3855186 -0.9686888 0.04696673 -0.2446184 -0.9686888 0.04696673 -0.2446184 -0.8864971 0.05088063 -0.4618395 -0.2700587 -0.9373777 -0.221135 -0.3248532 -0.9373777 -0.1213307 -0.5655577 -0.7671233 -0.3013699 0.06457926 -0.9980431 -0.005870841 -0.4403131 -0.7436399 -0.5029354 -0.7201566 -0.4735812 -0.5068493 0.02152642 -0.9412916 -0.3365949 0.3679061 -0.925636 -0.09197652 0.4187867 -0.9080235 -0.01369863 0.6066536 -0.7925636 -0.05283757 0.05675147 -0.7084149 -0.702544 0.5772994 -0.7886497 -0.2093934 0.7495108 -0.6555773 -0.09589041 -0.5342466 -0.4481409 -0.7162427 -0.7945206 -0.1037182 -0.5988258 -0.02544031 -0.4618395 -0.8864971 0.6810176 -0.6653621 -0.3072407 0.9041096 -0.3972603 -0.1506849 -0.01761252 -0.3424658 -0.9393346 0.8180039 -0.3835616 -0.4285714 0.9823875 -0.03522505 -0.1819961 -0.5694716 -0.05675147 -0.8199608 -0.7690802 0.2778865 -0.5772994 0.005870841 -0.02348337 -1 0.8767123 -0.01174168 -0.481409 0.9491194 0.2544031 -0.183953 0.8277887 0.3111546 -0.4677104 0.8258317 0.5381604 -0.1702544 0.003913894 0.2524462 -0.9667319 0.702544 0.5831702 -0.407045 0.592955 0.7945206 -0.1291585 -0.5264188 0.3189824 -0.7886497 -0.555773 0.7436399 -0.369863 0.03131115 0.3894325 -0.9217221 0.4951076 0.81409 -0.2994129 0.01369863 0.9882583 -0.1526419 0.1056751 0.7651663 -0.6340509 -0.3502935 0.7612525 -0.5459883 0.3913894 -0.9138943 -0.0998043 0.3385518 -0.9178082 -0.2054795 0.6027398 -0.7534246 -0.2622309 0.001956947 -1 -0.001956947 0.516634 -0.7436399 -0.4266145 0.7592955 -0.5009785 -0.4168297 0.05479452 -0.9275929 -0.3679061 -0.3463796 -0.9295499 -0.1272016 -0.3874756 -0.9217221 -0.01761252 -0.02544031 -0.776908 -0.62818 -0.5831702 -0.7886497 -0.1917808 -0.6340509 -0.7690802 -0.07240704 -0.7866927 -0.6046967 -0.1291585 -0.7358121 -0.5968689 -0.3170255 -0.9373777 -0.3033268 -0.1780822 0.6125244 -0.5205479 -0.5949119 0.8571429 -0.18591 -0.479452 -0.02935421 -0.5675147 -0.8219178 -0.8630137 -0.3033268 -0.4031311 -0.9823875 0.001956947 -0.183953 -0.05675147 -0.4579256 -0.888454 0.5870842 -0.1232877 -0.8003914 0.8180039 0.3209393 -0.4774951 -0.9041096 0.01174168 -0.4246575 -0.9589041 0.2133072 -0.1819961 -0.1428571 -0.09784736 -0.9843444 -0.2074364 0.2837573 -0.9354208 0.5479452 0.4187867 -0.7240704 0.4657534 0.8023483 -0.37182 -0.8708415 0.2641879 -0.4148728 -0.8473581 0.4990215 -0.1780822 -0.1722113 0.5440313 -0.8219178 -0.7299413 0.5792564 -0.3639922 -0.6027398 0.7906067 -0.111546 -0.1428571 0.8551859 -0.4990215 -0.5107632 0.8199608 -0.2563601 -0.04892368 0.9765166 -0.2093934 0.2700587 0.8590998 -0.4344423 -0.8454012 -0.4207436 -0.3287671 -0.925636 -0.01956947 -0.3796478 -0.7925636 -0.01956947 -0.6105675 -0.8864971 0.2935421 -0.3581213 -0.7416829 -0.4050881 -0.5342466 -0.5753425 -0.7945206 -0.1937378 -0.7612525 0.2915851 -0.5772994 -0.7729941 0.5616438 -0.2935421 -0.5029354 -0.7808219 -0.37182 0 -0.9863014 -0.1624266 -0.2700587 -0.01174168 -0.962818 -0.260274 -0.3013699 -0.9178082 -0.1722113 -0.7377691 -0.6536204 0.1722113 -0.7377691 -0.6536204 0.260274 -0.3013699 -0.9178082 0.5029354 -0.7808219 -0.37182 0.5753425 -0.7945206 -0.1937378 0.7416829 -0.4050881 -0.5342466 0.8454012 -0.4207436 -0.3287671 0.2700587 -0.01174168 -0.962818 0.7925636 -0.01956947 -0.6105675 0.925636 -0.01956947 -0.3796478 0.8864971 0.2935421 -0.3581213 0.7612525 0.2915851 -0.5772994 0.7729941 0.5616438 -0.2935421 0.2622309 0.2544031 -0.9315069 0.6712329 0.553816 -0.4911937 0.5342466 0.8258317 -0.1800391 -0.2622309 0.2544031 -0.9315069 0.2367906 0.481409 -0.8434442 0.4618395 0.8238748 -0.3268102 0 0.9863014 -0.1624266 0.1545988 0.8043053 -0.5733855 -0.2367906 0.481409 -0.8434442 -0.6712329 0.553816 -0.4911937 -0.5342466 0.8258317 -0.1800391 -0.1545988 0.8043053 -0.5733855 -0.4618395 0.8238748 -0.3268102</float_array>
          <technique_common>
            <accessor source="#LB030__mShadow-normal-array" count="430" stride="3">
              <param name="X" type="float" />
              <param name="Y" type="float" />
              <param name="Z" type="float" />
            </accessor>
          </technique_common>
        </source>
        <vertices id="LB030__mShadow-vertex">
          <input semantic="POSITION" source="#LB030__mShadow-position" />
        </vertices>
        <triangles material="mShadow" count="326">
          <input semantic="VERTEX" source="#LB030__mShadow-vertex" offset="0" />
          <input semantic="NORMAL" source="#LB030__mShadow-normal" offset="1" />
          <p>0 0 1 1 2 2 3 3 4 4 5 5 6 6 7 7 8 8 9 9 10 10 11 11 12 12 13 13 14 14 15 15 16 16 17 17 18 18 19 19 20 20 21 21 22 22 23 23 24 24 25 25 26 26 27 27 28 28 29 29 30 30 31 31 32 32 33 33 34 34 35 35 36 36 37 37 38 38 39 39 40 40 41 41 42 42 43 43 44 44 45 45 46 46 47 47 48 48 49 49 50 50 51 51 52 52 53 53 54 54 55 55 56 56 57 57 58 58 59 59 60 60 61 61 62 62 63 63 64 64 65 65 66 66 67 67 68 68 69 69 70 70 71 71 72 72 73 73 74 74 75 75 76 76 77 77 78 78 79 79 80 80 81 81 82 82 83 83 84 84 85 85 86 86 87 87 88 88 89 89 90 90 91 91 92 92 93 93 94 94 95 95 96 96 97 97 98 98 99 99 100 100 101 101 102 102 103 103 104 104 105 105 106 106 107 107 108 108 109 109 110 110 111 111 112 112 113 113 114 114 115 115 116 116 117 117 118 118 119 119 120 120 121 121 122 122 121 121 123 123 122 122 124 124 125 125 126 126 125 125 127 127 126 126 128 128 129 129 130 130 129 129 131 131 130 130 132 132 133 133 134 134 133 133 135 135 134 134 136 136 137 137 138 138 137 137 139 139 138 138 140 140 141 141 142 142 141 141 143 143 142 142 144 144 145 145 146 146 145 145 147 147 146 146 148 148 149 149 150 150 149 149 151 151 150 150 152 152 153 153 154 154 153 153 155 155 154 154 156 156 157 157 158 158 157 157 159 159 158 158 160 160 161 161 162 162 161 161 163 163 162 162 164 164 165 165 166 166 165 165 167 167 166 166 168 168 169 169 170 170 169 169 171 171 170 170 172 172 173 173 174 174 173 173 175 175 174 174 176 176 177 177 178 178 177 177 179 179 178 178 180 180 181 181 182 182 181 181 183 183 182 182 184 184 185 185 186 186 185 185 187 187 186 186 188 188 189 189 190 190 189 189 191 191 190 190 192 192 193 193 194 194 193 193 195 195 194 194 196 196 197 197 198 198 197 197 199 199 198 198 200 200 201 201 202 202 201 201 203 203 202 202 204 204 205 205 206 206 205 205 207 207 206 206 208 208 209 209 210 210 209 209 211 211 210 210 212 212 213 213 214 214 213 213 215 215 214 214 216 216 217 217 218 218 217 217 219 219 218 218 220 220 221 221 222 222 221 221 223 223 222 222 224 224 225 225 226 226 225 225 227 227 226 226 228 228 229 229 230 230 229 229 231 231 230 230 232 232 233 233 234 234 233 233 235 235 234 234 236 236 237 237 238 238 237 237 239 239 238 238 240 240 241 241 242 242 241 241 243 243 242 242 244 244 245 245 246 246 245 245 247 247 246 246 248 248 249 249 250 250 249 249 251 251 250 250 252 252 253 253 254 254 253 253 255 255 254 254 256 256 257 257 258 258 257 257 259 259 258 258 260 260 261 261 262 262 261 261 263 263 262 262 264 264 265 265 266 266 265 265 267 267 266 266 268 268 269 269 270 270 269 269 271 271 270 270 272 272 273 273 274 274 273 273 275 275 274 274 276 276 277 277 278 278 277 277 279 279 278 278 280 280 281 281 282 282 281 281 283 283 282 282 284 284 285 285 286 286 285 285 287 287 286 286 288 288 289 289 290 290 289 289 291 291 290 290 292 292 291 291 289 289 293 293 292 292 289 289 294 294 295 295 296 296 295 295 297 297 296 296 298 298 297 297 295 295 296 296 297 297 299 299 300 300 298 298 295 295 299 299 301 301 296 296 300 300 302 302 298 298 301 301 299 299 303 303 302 302 304 304 298 298 303 303 299 299 305 305 306 306 303 303 305 305 307 307 303 303 306 306 306 306 308 308 307 307 308 308 309 309 307 307 308 308 310 310 309 309 308 308 311 311 310 310 310 310 311 311 312 312 312 312 311 311 313 313 311 311 314 314 313 313 314 314 304 304 313 313 304 304 302 302 313 313 313 313 302 302 315 315 316 316 317 317 318 318 317 317 316 316 319 319 320 320 316 316 318 318 320 320 318 318 321 321 319 319 316 316 322 322 322 322 316 316 320 320 322 322 323 323 319 319 323 323 324 324 319 319 324 324 323 323 325 325 326 326 322 322 320 320 322 322 326 326 323 323 323 323 327 327 325 325 326 326 327 327 323 323 325 325 327 327 328 328 326 326 320 320 329 329 329 329 320 320 321 321 321 321 330 330 329 329 326 326 331 331 327 327 331 331 326 326 329 329 327 327 332 332 328 328 331 331 332 332 327 327 328 328 332 332 333 333 331 331 329 329 334 334 331 331 334 334 332 332 332 332 335 335 333 333 334 334 335 335 332 332 333 333 335 335 336 336 329 329 337 337 334 334 330 330 337 337 329 329 330 330 338 338 337 337 334 334 339 339 335 335 334 334 337 337 339 339 335 335 340 340 336 336 339 339 340 340 335 335 336 336 340 340 341 341 340 340 342 342 341 341 340 340 339 339 342 342 341 341 342 342 343 343 339 339 337 337 344 344 339 339 344 344 342 342 342 342 345 345 343 343 342 342 344 344 345 345 343 343 345 345 346 346 337 337 347 347 344 344 338 338 347 347 337 337 347 347 338 338 348 348 344 344 349 349 345 345 344 344 347 347 349 349 345 345 350 350 346 346 345 345 349 349 350 350 350 350 351 351 346 346 349 349 352 352 350 350 352 352 351 351 350 350 349 349 347 347 352 352 353 353 351 351 352 352 347 347 353 353 352 352 348 348 351 351 353 353 353 353 347 347 348 348 354 354 355 355 356 356 357 357 355 355 354 354 355 355 358 358 356 356 356 356 358 358 359 359 360 360 355 355 357 357 355 355 360 360 358 358 361 361 360 360 357 357 362 362 361 361 357 357 360 360 363 363 358 358 360 360 361 361 363 363 361 361 362 362 364 364 361 361 364 364 363 363 362 362 365 365 364 364 365 365 366 366 364 364 366 366 367 367 364 364 364 364 367 367 363 363 366 366 368 368 367 367 358 358 363 363 369 369 358 358 369 369 359 359 370 370 359 359 369 369 367 367 371 371 363 363 363 363 371 371 369 369 368 368 372 372 367 367 367 367 372 372 371 371 368 368 373 373 372 372 374 374 369 369 371 371 372 372 374 374 371 371 375 375 370 370 369 369 375 375 369 369 374 374 376 376 370 370 375 375 373 373 377 377 372 372 372 372 377 377 374 374 373 373 378 378 377 377 379 379 375 375 374 374 377 377 379 379 374 374 380 380 375 375 379 379 379 379 377 377 380 380 381 381 376 376 375 375 381 381 375 375 380 380 376 376 381 381 382 382 378 378 383 383 377 377 377 377 383 383 380 380 378 378 384 384 383 383 380 380 383 383 385 385 385 385 381 381 380 380 384 384 386 386 383 383 383 383 386 386 385 385 384 384 387 387 386 386 381 381 385 385 388 388 385 385 386 386 388 388 387 387 389 389 386 386 386 386 389 389 388 388 387 387 390 390 389 389 389 389 390 390 388 388 391 391 381 381 388 388 388 388 390 390 391 391 381 381 391 391 382 382 391 391 390 390 382 382 392 392 393 393 394 394 393 393 395 395 394 394 396 396 392 392 394 394 397 397 392 392 396 396 395 395 398 398 394 394 395 395 399 399 398 398 400 400 397 397 396 396 401 401 397 397 400 400 396 396 394 394 402 402 394 394 398 398 402 402 400 400 396 396 403 403 403 403 396 396 402 402 400 400 404 404 401 401 404 404 400 400 403 403 404 404 405 405 401 401 404 404 403 403 406 406 405 405 404 404 406 406 405 405 407 407 401 401 405 405 406 406 407 407 407 407 408 408 401 401 407 407 409 409 408 408 406 406 409 409 407 407 409 409 410 410 408 408 406 406 403 403 411 411 406 406 411 411 409 409 403 403 402 402 411 411 409 409 412 412 410 410 411 411 412 412 409 409 412 412 413 413 410 410 413 413 412 412 414 414 412 412 415 415 414 414 412 412 411 411 415 415 414 414 415 415 416 416 411 411 417 417 415 415 411 411 402 402 417 417 415 415 418 418 416 416 415 415 417 417 418 418 416 416 418 418 419 419 402 402 420 420 417 417 398 398 420 420 402 402 417 417 421 421 418 418 417 417 420 420 421 421 418 418 422 422 419 419 418 418 421 421 422 422 422 422 423 423 419 419 421 421 424 424 422 422 424 424 423 423 422 422 420 420 425 425 421 421 421 421 425 425 424 424 398 398 426 426 420 420 426 426 425 425 420 420 399 399 426 426 398 398 399 399 427 427 426 426 425 425 428 428 424 424 428 428 423 423 424 424 426 426 429 429 425 425 429 429 428 428 425 425 427 427 429 429 426 426 429 429 423 423 428 428 427 427 423 423 429 429 </p>
        </triangles>
      </mesh>
    </geometry>
    <geometry id="ShLeaf_010__mShadowShake-mesh" name="ShLeaf_010__mShadowShake">
      <mesh>
        <source id="ShLeaf_010__mShadowShake-position">
          <float_array id="ShLeaf_010__mShadowShake-position-array" count="693">10.51912 13.41006 -1.231497 10.42583 13.34935 0.08592629 10.87944 12.94635 -0.5762739 10.3406 12.03749 -4.541981 9.769526 12.56012 -5.613767 10.39834 11.95019 -5.415601 3.90095 10.26935 5.110146 2.814631 9.821325 5.126426 3.567188 9.569786 5.214425 -10.05012 13.08 1.248749 -10.39509 13.61144 0.2589764 -10.55683 12.94543 0.6684032 2.619993 23.26324 -0.4952548 1.688938 23.00759 0.1747175 2.481042 22.90883 0.1879374 -0.7388067 23.22433 -0.05845002 -1.68382 23.6456 -0.6157358 -1.514978 23.21871 0.03742554 -8.020995 12.33461 4.034923 -8.499029 13.19571 3.393762 -8.718223 12.50207 3.722679 -4.979875 11.76007 5.335457 -6.095102 11.48481 5.087302 -5.458677 11.14951 5.433556 -0.8303614 12.21515 4.341503 -1.925879 12.49403 4.662672 -1.407217 11.89525 4.761702 -2.893448 11.16023 -7.840518 -1.868985 11.68777 -7.609725 -2.139259 10.95898 -7.791893 1.118921 9.981773 5.140666 0.2472477 10.66078 4.740399 0.347064 9.923154 5.02901 -6.37295 11.89816 -7.849857 -5.427776 11.20067 -7.885157 -6.205317 11.16446 -8.062574 9.958578 14.25439 -3.456402 10.54035 13.56456 -2.490137 10.56451 13.62029 -3.386236 10.74773 12.90508 1.0092 10.63859 13.48048 -0.009668385 11.08078 12.8932 0.3016701 9.088915 12.67724 3.779812 10.02907 12.34448 3.158154 9.678455 12.16863 3.853498 9.240906 10.59259 3.885128 9.800886 11.44712 3.304359 9.934433 10.69569 3.538636 -10.05012 13.08 1.248749 -10.39509 13.61144 0.2589764 -10.55683 12.94543 0.6684032 6.105234 10.0617 4.724217 4.927386 10.10202 5.091469 5.553105 9.545557 5.046136 -1.354815 10.61854 4.52218 -2.070907 9.758392 4.880569 -1.303226 9.855096 4.683921 -4.623936 9.484339 5.029616 -5.712771 9.926497 5.033561 -5.347548 9.23369 5.188442 -9.877031 11.65975 2.672341 -10.09121 12.51007 1.889934 -10.4072 11.81339 2.118283 9.548269 14.43729 -1.706085 9.383995 14.32726 0.485916 10.13223 13.82906 -1.529668 9.99585 13.73892 0.3390555 10.13223 13.82906 -1.529668 9.99585 13.73892 0.3390555 10.51912 13.41006 -1.231497 10.42583 13.34935 0.08592629 9.759239 12.71214 -3.346215 8.817745 13.59098 -5.130924 10.15285 12.26997 -3.972021 9.346691 13.01545 -5.492948 10.15285 12.26997 -3.972021 9.346691 13.01545 -5.492948 10.3406 12.03749 -4.541981 9.769526 12.56012 -5.613767 3.798011 11.5618 4.835605 1.990453 10.81369 4.851647 3.946795 10.82797 4.995846 2.40585 10.19127 5.013996 3.946795 10.82797 4.995846 2.40585 10.19127 5.013996 3.90095 10.26935 5.110146 2.814631 9.821325 5.126426 -9.097855 13.82396 1.792885 -9.664291 14.70286 0.1394401 -9.635706 13.33731 1.547532 -10.12166 14.08875 0.140614 -9.635706 13.33731 1.547532 -10.12166 14.08875 0.140614 -10.05012 13.08 1.248749 -10.39509 13.61144 0.2589764 2.174323 23.86306 -1.58977 0.6235182 23.42744 -0.4796202 2.514374 23.52479 -0.9929045 1.192958 23.15757 -0.04462303 2.514374 23.52479 -0.9929045 1.192958 23.15757 -0.04462303 2.619993 23.26324 -0.4952548 1.688938 23.00759 0.1747175 0.3281915 23.55449 -0.771814 -1.245822 24.24607 -1.705299 -0.2312052 23.32239 -0.3032862 -1.572414 23.91575 -1.096572 -0.2312052 23.32239 -0.3032862 -1.572414 23.91575 -1.096572 -0.7388067 23.22433 -0.05845002 -1.68382 23.6456 -0.6157358 -6.741915 12.63105 4.215082 -7.535053 14.05886 3.138292 -7.464527 12.38435 4.157759 -8.141601 13.60358 3.243822 -7.464527 12.38435 4.157759 -8.141601 13.60358 3.243822 -8.020995 12.33461 4.034923 -8.499029 13.19571 3.393762 -4.751139 12.97574 4.859848 -6.604301 12.51304 4.436901 -4.797062 12.27335 5.16127 -6.377896 11.88079 4.80477 -4.797062 12.27335 5.16127 -6.377896 11.88079 4.80477 -4.979875 11.76007 5.335457 -6.095102 11.48481 5.087302 -0.3763371 13.19377 3.571741 -2.204026 13.65268 4.097239 -0.5592313 12.5878 4.002625 -2.115384 12.9811 4.454218 -0.5592313 12.5878 4.002625 -2.115384 12.9811 4.454218 -0.8303614 12.21515 4.341503 -1.925879 12.49403 4.662672 -3.848865 12.07157 -7.726434 -2.144631 12.94715 -7.331283 -3.362638 11.48613 -7.811033 -1.909615 12.23345 -7.478673 -3.362638 11.48613 -7.811033 -1.909615 12.23345 -7.478673 -2.893448 11.16023 -7.840518 -1.868985 11.68777 -7.609725 2.245253 10.67261 5.038202 0.7957926 11.79879 4.361474 1.645057 10.206 5.129605 0.409009 11.16755 4.557032 1.645057 10.206 5.129605 0.409009 11.16755 4.557032 1.118921 9.981773 5.140666 0.2472477 10.66078 4.740399 -5.995887 13.0593 -7.334167 -4.424942 11.89441 -7.382557 -6.296805 12.42344 -7.636566 -4.956861 11.43212 -7.682009 -6.296805 12.42344 -7.636566 -4.956861 11.43212 -7.682009 -6.37295 11.89816 -7.849857 -5.427776 11.20067 -7.885157 8.962181 15.1655 -2.823891 9.921713 14.00814 -1.216472 9.507072 14.67699 -3.278355 10.32852 13.69421 -1.907875 9.507072 14.67699 -3.278355 10.32852 13.69421 -1.907875 9.958578 14.25439 -3.456402 10.54035 13.56456 -2.490137 9.887909 13.43816 1.865308 9.714146 14.40338 0.1725733 10.40994 13.07578 1.43813 10.25864 13.89547 -0.005976524 10.40994 13.07578 1.43813 10.25864 13.89547 -0.005976524 10.74773 12.90508 1.0092 10.63859 13.48048 -0.009668385 8.483173 13.6438 3.105119 10.0545 13.09758 2.075679 8.769277 13.09644 3.557724 10.10601 12.62776 2.678119 8.769277 13.09644 3.557724 10.10601 12.62776 2.678119 9.088915 12.67724 3.779812 10.02907 12.34448 3.158154 8.064106 11.06963 4.264544 9.000874 12.4957 3.307471 8.720474 10.71752 4.08703 9.517044 11.93154 3.267364 8.720474 10.71752 4.08703 9.517044 11.93154 3.267364 9.240906 10.59259 3.885128 9.800886 11.44712 3.304359 -9.097855 13.82396 1.792885 -9.664291 14.70286 0.1394401 -9.635706 13.33731 1.547532 -10.12166 14.08875 0.140614 -9.635706 13.33731 1.547532 -10.12166 14.08875 0.140614 -10.05012 13.08 1.248749 -10.39509 13.61144 0.2589764 6.433488 11.31784 4.221945 4.469287 11.38152 4.822455 6.332186 10.56616 4.48958 4.659462 10.62183 5.005796 6.332186 10.56616 4.48958 4.659462 10.62183 5.005796 6.105234 10.0617 4.724217 4.927386 10.10202 5.091469 -2.08172 11.71946 4.395852 -3.275935 10.28493 4.981662 -1.591736 11.13273 4.440388 -2.608717 9.911137 4.944054 -1.591736 11.13273 4.440388 -2.608717 9.911137 4.944054 -1.354815 10.61854 4.52218 -2.070907 9.758392 4.880569 -3.804204 10.43985 4.615602 -5.618164 11.17247 4.611473 -4.204914 9.834835 4.859933 -5.75042 10.46065 4.860744 -4.204914 9.834835 4.859933 -5.75042 10.46065 4.860744 -4.623936 9.484339 5.029616 -5.712771 9.926497 5.033561 -8.765808 11.98035 3.319469 -9.116235 13.39026 2.009301 -9.409109 11.72013 2.995793 -9.710257 12.9241 1.882234 -9.409109 11.72013 2.995793 -9.710257 12.9241 1.882234 -9.877031 11.65975 2.672341 -10.09121 12.51007 1.889934</float_array>
          <technique_common>
            <accessor source="#ShLeaf_010__mShadowShake-position-array" count="231" stride="3">
              <param name="X" type="float" />
              <param name="Y" type="float" />
              <param name="Z" type="float" />
            </accessor>
          </technique_common>
        </source>
        <source id="ShLeaf_010__mShadowShake-normal">
          <float_array id="ShLeaf_010__mShadowShake-normal-array" count="693">0.7260274 0.6810176 0.08219178 0.7260274 0.6810176 0.08219178 0.7260274 0.6810176 0.08219178 -0.7005871 -0.7142857 0.02544031 -0.7005871 -0.7142857 0.02544031 -0.7005871 -0.7142857 0.02544031 -0.05675147 0.1741683 0.9823875 -0.05675147 0.1741683 0.9823875 -0.05675147 0.1741683 0.9823875 -0.7103718 0.4853229 0.5088063 -0.7103718 0.4853229 0.5088063 -0.7103718 0.4853229 0.5088063 0.1017613 0.8747554 0.4735812 0.1017613 0.8747554 0.4735812 0.1017613 0.8747554 0.4735812 0.06066536 0.8434442 0.5342466 0.06066536 0.8434442 0.5342466 0.06066536 0.8434442 0.5342466 -0.260274 0.479452 0.8375734 -0.260274 0.479452 0.8375734 -0.260274 0.479452 0.8375734 -0.2876712 0.3679061 0.8845401 -0.2876712 0.3679061 0.8845401 -0.2876712 0.3679061 0.8845401 0.3542074 0.4422701 0.8238748 0.3542074 0.4422701 0.8238748 0.3542074 0.4422701 0.8238748 0.1154599 0.1996086 -0.9726027 0.1154599 0.1996086 -0.9726027 0.1154599 0.1996086 -0.9726027 -0.1604697 0.3405088 0.925636 -0.1604697 0.3405088 0.925636 -0.1604697 0.3405088 0.925636 0.1976517 0.3150685 -0.9295499 0.1976517 0.3150685 -0.9295499 0.1976517 0.3150685 -0.9295499 0.7181996 0.6927593 0.06262231 0.7181996 0.6927593 0.06262231 0.7181996 0.6927593 0.06262231 -0.6751468 -0.6712329 -0.3072407 -0.6751468 -0.6712329 -0.3072407 -0.6751468 -0.6712329 -0.3072407 -0.5479452 -0.702544 -0.4540117 -0.5479452 -0.702544 -0.4540117 -0.5479452 -0.702544 -0.4540117 -0.3796478 -0.3365949 -0.8610567 -0.3796478 -0.3365949 -0.8610567 -0.3796478 -0.3365949 -0.8610567 -0.7103718 0.4853229 0.5088063 -0.7103718 0.4853229 0.5088063 -0.7103718 0.4853229 0.5088063 0.295499 0.258317 0.9197652 0.295499 0.258317 0.9197652 0.295499 0.258317 0.9197652 0.2172211 0.2172211 0.9510763 0.2172211 0.2172211 0.9510763 0.2172211 0.2172211 0.9510763 0.1154599 0.2739726 0.9549902 0.1154599 0.2739726 0.9549902 0.1154599 0.2739726 0.9549902 -0.5655577 0.4774951 0.6731898 -0.5655577 0.4774951 0.6731898 -0.5655577 0.4774951 0.6731898 0.704501 0.704501 0.08610567 0.704501 0.704501 0.08610567 0.704501 0.704501 0.08610567 0.704501 0.704501 0.08610567 0.6986302 0.7103718 0.08414873 0.6986302 0.7103718 0.08414873 0.6986302 0.7103718 0.08414873 0.6986302 0.7103718 0.08414873 -0.7201566 -0.6927593 0.04109589 -0.7201566 -0.6927593 0.04109589 -0.7201566 -0.6927593 0.04109589 -0.7201566 -0.6927593 0.04109589 -0.7240704 -0.6888454 0.04696673 -0.7240704 -0.6888454 0.04696673 -0.7240704 -0.6888454 0.04696673 -0.7240704 -0.6888454 0.04696673 -0.07436399 0.2015656 0.9765166 -0.07436399 0.2015656 0.9765166 -0.07436399 0.2015656 0.9765166 -0.07436399 0.2015656 0.9765166 -0.07436399 0.2093934 0.9745597 -0.07436399 0.2093934 0.9745597 -0.07436399 0.2093934 0.9745597 -0.07436399 0.2093934 0.9745597 -0.6908023 0.5107632 0.5107632 -0.6908023 0.5107632 0.5107632 -0.6908023 0.5107632 0.5107632 -0.6908023 0.5107632 0.5107632 -0.6849315 0.516634 0.5146771 -0.6849315 0.516634 0.5146771 -0.6849315 0.516634 0.5146771 -0.6849315 0.516634 0.5146771 0.07827789 0.8864971 0.4540117 0.07827789 0.8864971 0.4540117 0.07827789 0.8864971 0.4540117 0.07827789 0.8864971 0.4540117 0.07632094 0.890411 0.4481409 0.07632094 0.890411 0.4481409 0.07632094 0.890411 0.4481409 0.07632094 0.890411 0.4481409 0.07632094 0.8571429 0.5088063 0.07632094 0.8571429 0.5088063 0.07632094 0.8571429 0.5088063 0.07632094 0.8571429 0.5088063 0.08219178 0.8590998 0.5048923 0.08219178 0.8590998 0.5048923 0.08219178 0.8590998 0.5048923 0.08219178 0.8590998 0.5048923 -0.2328767 0.4990215 0.8356164 -0.2328767 0.4990215 0.8356164 -0.2328767 0.4990215 0.8356164 -0.2328767 0.4990215 0.8356164 -0.2250489 0.4990215 0.8356164 -0.2250489 0.4990215 0.8356164 -0.2250489 0.4990215 0.8356164 -0.2250489 0.4990215 0.8356164 -0.295499 0.3953033 0.8688846 -0.295499 0.3953033 0.8688846 -0.295499 0.3953033 0.8688846 -0.295499 0.3953033 0.8688846 -0.2935421 0.4031311 0.8669276 -0.2935421 0.4031311 0.8669276 -0.2935421 0.4031311 0.8669276 -0.2935421 0.4031311 0.8669276 0.3522505 0.4716243 0.8082192 0.3522505 0.4716243 0.8082192 0.3522505 0.4716243 0.8082192 0.3522505 0.4716243 0.8082192 0.3561644 0.4774951 0.8043053 0.3561644 0.4774951 0.8043053 0.3561644 0.4774951 0.8043053 0.3561644 0.4774951 0.8043053 0.1037182 0.2309198 -0.9667319 0.1037182 0.2309198 -0.9667319 0.1037182 0.2309198 -0.9667319 0.1037182 0.2309198 -0.9667319 0.09784736 0.2348337 -0.9667319 0.09784736 0.2348337 -0.9667319 0.09784736 0.2348337 -0.9667319 0.09784736 0.2348337 -0.9667319 -0.1409002 0.3679061 0.9197652 -0.1409002 0.3679061 0.9197652 -0.1409002 0.3679061 0.9197652 -0.1409002 0.3679061 0.9197652 -0.1350294 0.37182 0.9178082 -0.1350294 0.37182 0.9178082 -0.1350294 0.37182 0.9178082 -0.1350294 0.37182 0.9178082 0.2191781 0.3365949 -0.9158513 0.2191781 0.3365949 -0.9158513 0.2191781 0.3365949 -0.9158513 0.2191781 0.3365949 -0.9158513 0.221135 0.3424658 -0.9138943 0.221135 0.3424658 -0.9138943 0.221135 0.3424658 -0.9138943 0.221135 0.3424658 -0.9138943 0.702544 0.7064579 0.08806262 0.702544 0.7064579 0.08806262 0.702544 0.7064579 0.08806262 0.702544 0.7064579 0.08806262 0.6966732 0.7123288 0.09001957 0.6966732 0.7123288 0.09001957 0.6966732 0.7123288 0.09001957 0.6966732 0.7123288 0.09001957 -0.6986302 -0.6497065 -0.297456 -0.6986302 -0.6497065 -0.297456 -0.6986302 -0.6497065 -0.297456 -0.6986302 -0.6497065 -0.297456 -0.704501 -0.6477495 -0.2915851 -0.704501 -0.6477495 -0.2915851 -0.704501 -0.6477495 -0.2915851 -0.704501 -0.6477495 -0.2915851 -0.5518591 -0.6810176 -0.479452 -0.5518591 -0.6810176 -0.479452 -0.5518591 -0.6810176 -0.479452 -0.5518591 -0.6810176 -0.479452 -0.555773 -0.6751468 -0.483366 -0.555773 -0.6751468 -0.483366 -0.555773 -0.6751468 -0.483366 -0.555773 -0.6751468 -0.483366 -0.4050881 -0.3131115 -0.8590998 -0.4050881 -0.3131115 -0.8590998 -0.4050881 -0.3131115 -0.8590998 -0.4050881 -0.3131115 -0.8590998 -0.4109589 -0.3111546 -0.8571429 -0.4109589 -0.3111546 -0.8571429 -0.4109589 -0.3111546 -0.8571429 -0.4109589 -0.3111546 -0.8571429 -0.6908023 0.5107632 0.5107632 -0.6908023 0.5107632 0.5107632 -0.6908023 0.5107632 0.5107632 -0.6908023 0.5107632 0.5107632 -0.6849315 0.516634 0.5146771 -0.6849315 0.516634 0.5146771 -0.6849315 0.516634 0.5146771 -0.6849315 0.516634 0.5146771 0.2896282 0.2896282 0.9119374 0.2896282 0.2896282 0.9119374 0.2896282 0.2896282 0.9119374 0.2896282 0.2896282 0.9119374 0.2915851 0.295499 0.9099804 0.2915851 0.295499 0.9099804 0.2915851 0.295499 0.9099804 0.2915851 0.295499 0.9099804 0.1878669 0.2348337 0.9530333 0.1878669 0.2348337 0.9530333 0.1878669 0.2348337 0.9530333 0.1878669 0.2348337 0.9530333 0.183953 0.2407045 0.9530333 0.183953 0.2407045 0.9530333 0.183953 0.2407045 0.9530333 0.183953 0.2407045 0.9530333 0.1213307 0.3052838 0.9452055 0.1213307 0.3052838 0.9452055 0.1213307 0.3052838 0.9452055 0.1213307 0.3052838 0.9452055 0.1272016 0.3091977 0.9412916 0.1272016 0.3091977 0.9412916 0.1272016 0.3091977 0.9412916 0.1272016 0.3091977 0.9412916 -0.5401174 0.4970646 0.6810176 -0.5401174 0.4970646 0.6810176 -0.5401174 0.4970646 0.6810176 -0.5401174 0.4970646 0.6810176 -0.5322896 0.4970646 0.6849315 -0.5322896 0.4970646 0.6849315 -0.5322896 0.4970646 0.6849315 -0.5322896 0.4970646 0.6849315</float_array>
          <technique_common>
            <accessor source="#ShLeaf_010__mShadowShake-normal-array" count="231" stride="3">
              <param name="X" type="float" />
              <param name="Y" type="float" />
              <param name="Z" type="float" />
            </accessor>
          </technique_common>
        </source>
        <source id="ShLeaf_010__mShadowShake-color">
          <float_array id="ShLeaf_010__mShadowShake-color-array" count="924">8.296875 15.79688 -1 1 8.296875 15.79688 -1 1 8.296875 15.79688 -1 1 8.898438 14.5 -3.298828 1 8.898438 14.5 -3.298828 1 8.898438 14.5 -3.298828 1 2.599609 13 4.296875 1 2.599609 13 4.296875 1 2.599609 13 4.296875 1 -7.796875 15.69531 1 1 -7.796875 15.69531 1 1 -7.796875 15.69531 1 1 0.5996094 24.5 -2.599609 1 0.5996094 24.5 -2.599609 1 0.5996094 24.5 -2.599609 1 0.5996094 24.5 -2.599609 1 0.5996094 24.5 -2.599609 1 0.5996094 24.5 -2.599609 1 -5.597656 14.5 3.798828 1 -5.597656 14.5 3.798828 1 -5.597656 14.5 3.798828 1 -5.597656 14.5 3.798828 1 -5.597656 14.5 3.798828 1 -5.597656 14.5 3.798828 1 -1.5 15 2.898438 1 -1.5 15 2.898438 1 -1.5 15 2.898438 1 -4 14 -7.296875 1 -4 14 -7.296875 1 -4 14 -7.296875 1 2.599609 13 4.296875 1 2.599609 13 4.296875 1 2.599609 13 4.296875 1 -4 14 -7.296875 1 -4 14 -7.296875 1 -4 14 -7.296875 1 8.296875 15.79688 -1 1 8.296875 15.79688 -1 1 8.296875 15.79688 -1 1 8.398438 14.89844 1.699219 1 8.398438 14.89844 1.699219 1 8.398438 14.89844 1.699219 1 8.398438 14.89844 1.699219 1 8.398438 14.89844 1.699219 1 8.398438 14.89844 1.699219 1 7.097656 13.19531 4 1 7.097656 13.19531 4 1 7.097656 13.19531 4 1 -7.796875 15.69531 1 1 -7.796875 15.69531 1 1 -7.796875 15.69531 1 1 6 12.69531 4.199219 1 6 12.69531 4.199219 1 6 12.69531 4.199219 1 -4 12.5 4.398438 1 -4 12.5 4.398438 1 -4 12.5 4.398438 1 -4 12.5 4.398438 1 -4 12.5 4.398438 1 -4 12.5 4.398438 1 -7.597656 13.69531 2.898438 1 -7.597656 13.69531 2.898438 1 -7.597656 13.69531 2.898438 1 8.296875 15.79688 -1 1 8.296875 15.79688 -1 1 8.296875 15.79688 -1 1 8.296875 15.79688 -1 1 8.296875 15.79688 -1 1 8.296875 15.79688 -1 1 8.296875 15.79688 -1 1 8.296875 15.79688 -1 1 8.898438 14.5 -3.298828 1 8.898438 14.5 -3.298828 1 8.898438 14.5 -3.298828 1 8.898438 14.5 -3.298828 1 8.898438 14.5 -3.298828 1 8.898438 14.5 -3.298828 1 8.898438 14.5 -3.298828 1 8.898438 14.5 -3.298828 1 2.599609 13 4.296875 1 2.599609 13 4.296875 1 2.599609 13 4.296875 1 2.599609 13 4.296875 1 2.599609 13 4.296875 1 2.599609 13 4.296875 1 2.599609 13 4.296875 1 2.599609 13 4.296875 1 -7.796875 15.69531 1 1 -7.796875 15.69531 1 1 -7.796875 15.69531 1 1 -7.796875 15.69531 1 1 -7.796875 15.69531 1 1 -7.796875 15.69531 1 1 -7.796875 15.69531 1 1 -7.796875 15.69531 1 1 0.5996094 24.5 -2.599609 1 0.5996094 24.5 -2.599609 1 0.5996094 24.5 -2.599609 1 0.5996094 24.5 -2.599609 1 0.5996094 24.5 -2.599609 1 0.5996094 24.5 -2.599609 1 0.5996094 24.5 -2.599609 1 0.5996094 24.5 -2.599609 1 0.5996094 24.5 -2.599609 1 0.5996094 24.5 -2.599609 1 0.5996094 24.5 -2.599609 1 0.5996094 24.5 -2.599609 1 0.5996094 24.5 -2.599609 1 0.5996094 24.5 -2.599609 1 0.5996094 24.5 -2.599609 1 0.5996094 24.5 -2.599609 1 -5.597656 14.5 3.798828 1 -5.597656 14.5 3.798828 1 -5.597656 14.5 3.798828 1 -5.597656 14.5 3.798828 1 -5.597656 14.5 3.798828 1 -5.597656 14.5 3.798828 1 -5.597656 14.5 3.798828 1 -5.597656 14.5 3.798828 1 -5.597656 14.5 3.798828 1 -5.597656 14.5 3.798828 1 -5.597656 14.5 3.798828 1 -5.597656 14.5 3.798828 1 -5.597656 14.5 3.798828 1 -5.597656 14.5 3.798828 1 -5.597656 14.5 3.798828 1 -5.597656 14.5 3.798828 1 -1.5 15 2.898438 1 -1.5 15 2.898438 1 -1.5 15 2.898438 1 -1.5 15 2.898438 1 -1.5 15 2.898438 1 -1.5 15 2.898438 1 -1.5 15 2.898438 1 -1.5 15 2.898438 1 -4 14 -7.296875 1 -4 14 -7.296875 1 -4 14 -7.296875 1 -4 14 -7.296875 1 -4 14 -7.296875 1 -4 14 -7.296875 1 -4 14 -7.296875 1 -4 14 -7.296875 1 2.599609 13 4.296875 1 2.599609 13 4.296875 1 2.599609 13 4.296875 1 2.599609 13 4.296875 1 2.599609 13 4.296875 1 2.599609 13 4.296875 1 2.599609 13 4.296875 1 2.599609 13 4.296875 1 -4 14 -7.296875 1 -4 14 -7.296875 1 -4 14 -7.296875 1 -4 14 -7.296875 1 -4 14 -7.296875 1 -4 14 -7.296875 1 -4 14 -7.296875 1 -4 14 -7.296875 1 8.296875 15.79688 -1 1 8.296875 15.79688 -1 1 8.296875 15.79688 -1 1 8.296875 15.79688 -1 1 8.296875 15.79688 -1 1 8.296875 15.79688 -1 1 8.296875 15.79688 -1 1 8.296875 15.79688 -1 1 8.398438 14.89844 1.699219 1 8.398438 14.89844 1.699219 1 8.398438 14.89844 1.699219 1 8.398438 14.89844 1.699219 1 8.398438 14.89844 1.699219 1 8.398438 14.89844 1.699219 1 8.398438 14.89844 1.699219 1 8.398438 14.89844 1.699219 1 8.398438 14.89844 1.699219 1 8.398438 14.89844 1.699219 1 8.398438 14.89844 1.699219 1 8.398438 14.89844 1.699219 1 8.398438 14.89844 1.699219 1 8.398438 14.89844 1.699219 1 8.398438 14.89844 1.699219 1 8.398438 14.89844 1.699219 1 7.097656 13.19531 4 1 7.097656 13.19531 4 1 7.097656 13.19531 4 1 7.097656 13.19531 4 1 7.097656 13.19531 4 1 7.097656 13.19531 4 1 7.097656 13.19531 4 1 7.097656 13.19531 4 1 -7.796875 15.69531 1 1 -7.796875 15.69531 1 1 -7.796875 15.69531 1 1 -7.796875 15.69531 1 1 -7.796875 15.69531 1 1 -7.796875 15.69531 1 1 -7.796875 15.69531 1 1 -7.796875 15.69531 1 1 6 12.69531 4.199219 1 6 12.69531 4.199219 1 6 12.69531 4.199219 1 6 12.69531 4.199219 1 6 12.69531 4.199219 1 6 12.69531 4.199219 1 6 12.69531 4.199219 1 6 12.69531 4.199219 1 -4 12.5 4.398438 1 -4 12.5 4.398438 1 -4 12.5 4.398438 1 -4 12.5 4.398438 1 -4 12.5 4.398438 1 -4 12.5 4.398438 1 -4 12.5 4.398438 1 -4 12.5 4.398438 1 -4 12.5 4.398438 1 -4 12.5 4.398438 1 -4 12.5 4.398438 1 -4 12.5 4.398438 1 -4 12.5 4.398438 1 -4 12.5 4.398438 1 -4 12.5 4.398438 1 -4 12.5 4.398438 1 -7.597656 13.69531 2.898438 1 -7.597656 13.69531 2.898438 1 -7.597656 13.69531 2.898438 1 -7.597656 13.69531 2.898438 1 -7.597656 13.69531 2.898438 1 -7.597656 13.69531 2.898438 1 -7.597656 13.69531 2.898438 1 -7.597656 13.69531 2.898438 1</float_array>
          <technique_common>
            <accessor source="#ShLeaf_010__mShadowShake-color-array" count="231" stride="4">
              <param name="R" type="float" />
              <param name="G" type="float" />
              <param name="B" type="float" />
              <param name="A" type="float" />
            </accessor>
          </technique_common>
        </source>
        <vertices id="ShLeaf_010__mShadowShake-vertex">
          <input semantic="POSITION" source="#ShLeaf_010__mShadowShake-position" />
        </vertices>
        <triangles material="mShadowShake" count="105">
          <input semantic="VERTEX" source="#ShLeaf_010__mShadowShake-vertex" offset="0" />
          <input semantic="NORMAL" source="#ShLeaf_010__mShadowShake-normal" offset="1" />
          <input semantic="COLOR" source="#ShLeaf_010__mShadowShake-color" offset="2" set="0" />
          <p>0 0 0 1 1 1 2 2 2 3 3 3 4 4 4 5 5 5 6 6 6 7 7 7 8 8 8 9 9 9 10 10 10 11 11 11 12 12 12 13 13 13 14 14 14 15 15 15 16 16 16 17 17 17 18 18 18 19 19 19 20 20 20 21 21 21 22 22 22 23 23 23 24 24 24 25 25 25 26 26 26 27 27 27 28 28 28 29 29 29 30 30 30 31 31 31 32 32 32 33 33 33 34 34 34 35 35 35 36 36 36 37 37 37 38 38 38 39 39 39 40 40 40 41 41 41 42 42 42 43 43 43 44 44 44 45 45 45 46 46 46 47 47 47 48 48 48 49 49 49 50 50 50 51 51 51 52 52 52 53 53 53 54 54 54 55 55 55 56 56 56 57 57 57 58 58 58 59 59 59 60 60 60 61 61 61 62 62 62 63 63 63 64 64 64 65 65 65 64 64 64 66 66 66 65 65 65 67 67 67 68 68 68 69 69 69 68 68 68 70 70 70 69 69 69 71 71 71 72 72 72 73 73 73 72 72 72 74 74 74 73 73 73 75 75 75 76 76 76 77 77 77 76 76 76 78 78 78 77 77 77 79 79 79 80 80 80 81 81 81 80 80 80 82 82 82 81 81 81 83 83 83 84 84 84 85 85 85 84 84 84 86 86 86 85 85 85 87 87 87 88 88 88 89 89 89 88 88 88 90 90 90 89 89 89 91 91 91 92 92 92 93 93 93 92 92 92 94 94 94 93 93 93 95 95 95 96 96 96 97 97 97 96 96 96 98 98 98 97 97 97 99 99 99 100 100 100 101 101 101 100 100 100 102 102 102 101 101 101 103 103 103 104 104 104 105 105 105 104 104 104 106 106 106 105 105 105 107 107 107 108 108 108 109 109 109 108 108 108 110 110 110 109 109 109 111 111 111 112 112 112 113 113 113 112 112 112 114 114 114 113 113 113 115 115 115 116 116 116 117 117 117 116 116 116 118 118 118 117 117 117 119 119 119 120 120 120 121 121 121 120 120 120 122 122 122 121 121 121 123 123 123 124 124 124 125 125 125 124 124 124 126 126 126 125 125 125 127 127 127 128 128 128 129 129 129 128 128 128 130 130 130 129 129 129 131 131 131 132 132 132 133 133 133 132 132 132 134 134 134 133 133 133 135 135 135 136 136 136 137 137 137 136 136 136 138 138 138 137 137 137 139 139 139 140 140 140 141 141 141 140 140 140 142 142 142 141 141 141 143 143 143 144 144 144 145 145 145 144 144 144 146 146 146 145 145 145 147 147 147 148 148 148 149 149 149 148 148 148 150 150 150 149 149 149 151 151 151 152 152 152 153 153 153 152 152 152 154 154 154 153 153 153 155 155 155 156 156 156 157 157 157 156 156 156 158 158 158 157 157 157 159 159 159 160 160 160 161 161 161 160 160 160 162 162 162 161 161 161 163 163 163 164 164 164 165 165 165 164 164 164 166 166 166 165 165 165 167 167 167 168 168 168 169 169 169 168 168 168 170 170 170 169 169 169 171 171 171 172 172 172 173 173 173 172 172 172 174 174 174 173 173 173 175 175 175 176 176 176 177 177 177 176 176 176 178 178 178 177 177 177 179 179 179 180 180 180 181 181 181 180 180 180 182 182 182 181 181 181 183 183 183 184 184 184 185 185 185 184 184 184 186 186 186 185 185 185 187 187 187 188 188 188 189 189 189 188 188 188 190 190 190 189 189 189 191 191 191 192 192 192 193 193 193 192 192 192 194 194 194 193 193 193 195 195 195 196 196 196 197 197 197 196 196 196 198 198 198 197 197 197 199 199 199 200 200 200 201 201 201 200 200 200 202 202 202 201 201 201 203 203 203 204 204 204 205 205 205 204 204 204 206 206 206 205 205 205 207 207 207 208 208 208 209 209 209 208 208 208 210 210 210 209 209 209 211 211 211 212 212 212 213 213 213 212 212 212 214 214 214 213 213 213 215 215 215 216 216 216 217 217 217 216 216 216 218 218 218 217 217 217 219 219 219 220 220 220 221 221 221 220 220 220 222 222 222 221 221 221 223 223 223 224 224 224 225 225 225 224 224 224 226 226 226 225 225 225 227 227 227 228 228 228 229 229 229 228 228 228 230 230 230 229 229 229 </p>
        </triangles>
      </mesh>
    </geometry>
    <geometry id="TrunkBottom__mPltTreeOakTrunk-mesh" name="TrunkBottom__mPltTreeOakTrunk">
      <mesh>
        <source id="TrunkBottom__mPltTreeOakTrunk-position">
          <float_array id="TrunkBottom__mPltTreeOakTrunk-position-array" count="5328">1.736682 -0.2214549 -2.38131 1.303468 0.5943578 -3.056058 1.476319 0.7093759 -2.456412 -0.3353367 0.2743086 -4.774578 -2.20511E-07 -0.09607306 -5.140777 -0.003685795 -1.132379 -5.420376 -2.20511E-07 -0.09607306 -5.140777 0.3353364 0.2743086 -4.774578 -0.003685795 -1.132379 -5.420376 1.88278 2.187757 -2.345029 1.476319 0.7093759 -2.456412 0.9764758 1.390675 -2.78323 0.9764758 1.390675 -2.78323 1.106627 2.779917 -2.671631 1.88278 2.187757 -2.345029 1.736682 -0.2214549 -2.38131 1.531859 -0.6152584 -3.135856 1.303468 0.5943578 -3.056058 -1.214945 1.641403 2.645813 -1.074625 1.247991 3.07511 -0.8638874 1.451886 2.816313 -0.8638874 1.451886 2.816313 -1.074625 1.247991 3.07511 -0.4480532 0.9878864 2.789362 -0.4480532 0.9878864 2.789362 -0.6930426 0.5943577 3.262759 -0.1824412 0.7093762 2.836432 -0.1824412 0.7093762 2.836432 -0.6930426 0.5943577 3.262759 0.09180085 -0.2214555 2.974992 -0.5546781 -0.6152586 3.507343 0.09180085 -0.2214555 2.974992 -0.6930426 0.5943577 3.262759 -2.41177 1.451886 1.691711 -2.589235 1.247991 1.974681 -2.139547 1.641402 1.97169 -2.514385 0.9878863 1.288084 -2.589235 1.247991 1.974681 -2.41177 1.451886 1.691711 -2.81966 -0.2214556 0.9290667 -2.885443 0.5943576 1.681098 -2.612602 0.709376 1.138124 -2.885443 0.5943576 1.681098 -2.81966 -0.2214556 0.9290667 -3.157605 -0.6152588 1.616206 -2.46813 0.3696947 4.108501 -1.753059 0.417793 3.954512 -1.955097 0.8151923 3.808177 -2.46813 0.3696947 4.108501 -2.815039 0.5276478 3.87457 -3.069782 0.0001154988 4.225193 -2.815039 0.5276478 3.87457 -3.144721 0.3696947 3.616929 -3.069782 0.0001154988 4.225193 -3.015249 0.8151922 3.040119 -3.23631 0.4177929 2.879963 -3.144721 0.3696947 3.616929 -2.46813 0.3696947 4.108501 -3.069782 0.0001154988 4.225193 -2.769075 -0.003579493 4.25894 -2.944024 -1.109741 4.461403 -2.545575 -0.01865436 4.258307 -2.769075 -0.003579493 4.25894 -3.069782 0.0001154988 4.225193 -3.144721 0.3696947 3.616929 -3.194946 -0.003579512 3.949526 -3.407818 -0.9773157 2.931121 -3.295662 -0.001276732 3.185031 -3.23631 0.4177929 2.879963 -2.769075 -0.003579493 4.25894 -3.069782 0.0001154988 4.225193 -3.231463 -1.132379 4.456756 -2.769075 -0.003579493 4.25894 -3.231463 -1.132379 4.456756 -2.944024 -1.109741 4.461403 -3.231463 -1.132379 4.456756 -3.069782 0.0001154988 4.225193 -3.194946 -0.003579512 3.949526 -3.144721 0.3696947 3.616929 -3.26341 -0.01865439 3.736769 -3.194946 -0.003579512 3.949526 -3.324707 -1.109741 4.184821 -3.231463 -1.132379 4.456756 -3.194946 -0.003579512 3.949526 -3.194946 -0.003579512 3.949526 -3.26341 -0.01865439 3.736769 -3.324707 -1.109741 4.184821 -1.735626 1.787886 2.388884 -2.16357 2.779917 1.889065 -2.139547 1.641402 1.97169 0.09180085 -0.2214555 2.974992 0.09263989 0.7263622 2.880001 -0.1824412 0.7093762 2.836432 -0.8638874 1.451886 2.816313 -1.128028 2.779917 2.64143 -1.214945 1.641403 2.645813 -2.769833 2.384407 0.9541619 -2.722811 1.524491 0.8894404 -2.41177 1.451886 1.691711 -2.612602 0.709376 1.138124 -2.739043 0.726362 0.8899692 -2.81966 -0.2214556 0.9290667 -1.214945 1.641403 2.645813 -1.128028 2.779917 2.64143 -1.735626 1.787886 2.388884 -2.41177 1.451886 1.691711 -2.722811 1.524491 0.8894404 -2.514385 0.9878863 1.288084 -0.4480532 0.9878864 2.789362 -1.074625 1.247991 3.07511 -0.6930426 0.5943577 3.262759 -1.753059 0.417793 3.954512 -2.46813 0.3696947 4.108501 -2.01393 -0.002878516 4.11534 -2.259582 -1.063369 4.502512 -2.01393 -0.002878516 4.11534 -2.545575 -0.01865436 4.258307 -1.753059 0.417793 3.954512 -2.01393 -0.002878516 4.11534 -1.726002 -0.9773156 4.153032 -3.575308 -1.063369 3.546582 -3.295662 -0.001276732 3.185031 -3.407818 -0.9773157 2.931121 -2.545575 -0.01865436 4.258307 -2.46813 0.3696947 4.108501 -2.769075 -0.003579493 4.25894 -2.944024 -1.109741 4.461403 -2.259582 -1.063369 4.502512 -2.545575 -0.01865436 4.258307 -3.324707 -1.109741 4.184821 -3.26341 -0.01865439 3.736769 -3.575308 -1.063369 3.546582 -2.545575 -0.01865436 4.258307 -2.01393 -0.002878516 4.11534 -2.46813 0.3696947 4.108501 -3.26341 -0.01865439 3.736769 -3.295662 -0.001276732 3.185031 -3.575308 -1.063369 3.546582 -0.4480532 0.9878864 2.789362 6.017914E-08 1.514908 2.891647 -0.8638874 1.451886 2.816313 2.119718 1.328135 1.988457 2.418759 1.037082 2.153794 2.376779 1.185254 1.717133 2.376779 1.185254 1.717133 2.418759 1.037082 2.153794 2.526338 0.916478 1.367592 2.526338 0.916478 1.367592 2.704311 0.5719504 1.878891 2.630873 0.6571516 1.195846 2.630873 0.6571516 1.195846 2.704311 0.5719504 1.878891 2.812289 -0.2214554 0.9290662 2.941346 -0.5650185 1.858078 2.812289 -0.2214554 0.9290662 2.704311 0.5719504 1.878891 0.8965026 1.185254 2.792617 1.082175 1.037082 3.034288 1.233303 1.328135 2.630115 0.5894247 0.9410508 2.83052 1.082175 1.037082 3.034288 0.8965026 1.185254 2.792617 0.09180085 -0.2214555 2.974992 0.7340687 0.5719504 3.187679 0.4096594 0.6256762 2.894154 0.7340687 0.5719504 3.187679 0.09180085 -0.2214555 2.974992 0.590536 -0.5650187 3.406708 2.820152 0.2374557 3.672029 2.944896 0.3668714 3.008932 2.725198 0.6375458 3.155305 3.048469 -1.001089 3.740607 2.944896 0.3668714 3.008932 2.820152 0.2374557 3.672029 2.944896 0.3668714 3.008932 3.048469 -1.001089 3.740607 3.069533 -0.9234729 3.091586 2.820152 0.2374557 3.672029 2.573054 0.3870145 3.851822 2.743446 -0.007418721 4.112936 3.048469 -1.001089 3.740607 2.820152 0.2374557 3.672029 2.790485 -0.01075142 4.009697 2.573054 0.3870145 3.851822 2.311749 0.2374557 4.009845 2.743446 -0.007418721 4.112936 1.879633 0.6375457 3.719037 1.646287 0.3668714 3.874477 2.311749 0.2374557 4.009845 2.820152 0.2374557 3.672029 2.743446 -0.007418721 4.112936 2.790485 -0.01075142 4.009697 2.988132 -1.042914 4.11303 3.048469 -1.001089 3.740607 2.790485 -0.01075142 4.009697 2.743446 -0.007418721 4.112936 2.311749 0.2374557 4.009845 2.630875 -0.01075143 4.115753 2.311749 0.2374557 4.009845 1.646287 0.3668714 3.874477 2.268547 -1.001089 4.258837 2.790485 -0.01075142 4.009697 2.743446 -0.007418721 4.112936 2.88985 -1.063332 4.354236 2.790485 -0.01075142 4.009697 2.88985 -1.063332 4.354236 2.988132 -1.042914 4.11303 2.88985 -1.063332 4.354236 2.743446 -0.007418721 4.112936 2.630875 -0.01075143 4.115753 2.311749 0.2374557 4.009845 2.268547 -1.001089 4.258837 2.630875 -0.01075143 4.115753 1.646287 0.3668714 3.874477 1.66937 -0.9234729 4.021944 2.268547 -1.001089 4.258837 2.631432 -1.042914 4.350044 2.88985 -1.063332 4.354236 2.630875 -0.01075143 4.115753 2.630875 -0.01075143 4.115753 2.268547 -1.001089 4.258837 2.631432 -1.042914 4.350044 1.735626 1.445187 2.47401 1.128028 2.779917 2.64143 1.233303 1.328135 2.630115 2.812289 -0.2214554 0.9290662 2.684827 0.7263623 0.8899689 2.630873 0.6571516 1.195846 2.376779 1.185254 1.717133 2.16357 2.779917 1.889065 2.119718 1.328135 1.988457 0.4096594 0.6256762 2.894154 0.09263989 0.7263622 2.880001 0.09180085 -0.2214555 2.974992 2.376779 1.185254 1.717133 2.769833 2.384408 0.9541615 2.16357 2.779917 1.889065 2.119718 1.328135 1.988457 2.16357 2.779917 1.889065 1.735626 1.445187 2.47401 2.376779 1.185254 1.717133 2.722811 1.524491 0.8894401 2.769833 2.384408 0.9541615 0.8965026 1.185254 2.792617 6.017914E-08 1.514908 2.891647 0.5894247 0.9410508 2.83052 2.526338 0.916478 1.367592 2.418759 1.037082 2.153794 2.704311 0.5719504 1.878891 2.526338 0.916478 1.367592 2.722811 1.524491 0.8894401 2.376779 1.185254 1.717133 -2.883673 1.328135 -0.3627568 -3.222786 1.037082 -0.3207448 -2.93216 1.215893 0.007845721 -2.93216 1.215893 0.007845721 -3.222786 1.037082 -0.3207448 -2.8477 0.9164777 0.3785393 -2.8477 0.9164777 0.3785393 -3.292218 0.5719502 0.06949906 -2.850468 0.6571513 0.5928398 -2.850468 0.6571513 0.5928398 -3.292218 0.5719502 0.06949906 -2.81966 -0.2214556 0.9290667 -3.470129 -0.5650188 0.2533388 -2.81966 -0.2214556 0.9290667 -3.292218 0.5719502 0.06949906 -2.366745 1.215893 -1.732324 -2.659008 1.037082 -1.818704 -2.543706 1.328135 -1.40289 -1.743867 -0.2215064 -2.381053 -2.467545 0.5719502 -2.147412 -1.957615 0.6571514 -2.155081 -2.467545 0.5719502 -2.147412 -1.743867 -0.2215064 -2.381053 -2.478546 -0.5650188 -2.381302 -4.511624 0.2746136 -1.327411 -4.214112 0.4079156 -0.6993203 -4.119655 0.6867181 -0.9543076 -4.739729 -0.9904858 -1.217472 -4.214112 0.4079156 -0.6993203 -4.511624 0.2746136 -1.327411 -4.214112 0.4079156 -0.6993203 -4.739729 -0.9904858 -1.217472 -4.364341 -0.910539 -0.663883 -4.511624 0.2746136 -1.327411 -4.414567 0.4286636 -1.626837 -4.714645 0.02238579 -1.741264 -4.739729 -0.9904858 -1.217472 -4.511624 0.2746136 -1.327411 -4.700223 0.01895301 -1.602861 -4.414567 0.4286636 -1.626837 -4.292491 0.2746136 -1.916722 -4.714645 0.02238579 -1.741264 -3.756339 0.686718 -1.936007 -3.655998 0.4079157 -2.206814 -4.292491 0.2746136 -1.916722 -4.511624 0.2746136 -1.327411 -4.714645 0.02238579 -1.741264 -4.700223 0.01895301 -1.602861 -4.914927 -1.033567 -1.564347 -4.739729 -0.9904858 -1.217472 -4.700223 0.01895301 -1.602861 -4.714645 0.02238579 -1.741264 -4.292491 0.2746136 -1.916722 -4.613658 0.01895302 -1.835659 -4.292491 0.2746136 -1.916722 -3.655998 0.4079157 -2.206814 -4.403566 -0.9904858 -2.121512 -4.700223 0.01895301 -1.602861 -4.714645 0.02238579 -1.741264 -4.979063 -1.054599 -1.824849 -4.700223 0.01895301 -1.602861 -4.979063 -1.054599 -1.824849 -4.914927 -1.033567 -1.564347 -4.979063 -1.054599 -1.824849 -4.714645 0.02238579 -1.741264 -4.613658 0.01895302 -1.835659 -4.292491 0.2746136 -1.916722 -4.403566 -0.9904858 -2.121512 -4.613658 0.01895302 -1.835659 -3.655998 0.4079157 -2.206814 -3.760841 -0.910539 -2.286869 -4.403566 -0.9904858 -2.121512 -4.761182 -1.033567 -1.977812 -4.979063 -1.054599 -1.824849 -4.613658 0.01895302 -1.835659 -4.613658 0.01895302 -1.835659 -4.403566 -0.9904858 -2.121512 -4.761182 -1.033567 -1.977812 -2.808302 1.455664 -0.9124725 -2.671632 2.779917 -1.106627 -2.543706 1.328135 -1.40289 -2.81966 -0.2214556 0.9290667 -2.739043 0.726362 0.8899692 -2.850468 0.6571513 0.5928398 -2.93216 1.215893 0.007845721 -2.891754 2.779916 -9.178575E-07 -2.883673 1.328135 -0.3627568 -2.93216 1.215893 0.007845721 -2.769833 2.384407 0.9541619 -2.891754 2.779916 -9.178575E-07 -2.883673 1.328135 -0.3627568 -2.891754 2.779916 -9.178575E-07 -2.808302 1.455664 -0.9124725 -2.93216 1.215893 0.007845721 -2.722811 1.524491 0.8894404 -2.769833 2.384407 0.9541619 -2.8477 0.9164777 0.3785393 -3.222786 1.037082 -0.3207448 -3.292218 0.5719502 0.06949906 -2.8477 0.9164777 0.3785393 -2.722811 1.524491 0.8894404 -2.93216 1.215893 0.007845721 2.538081 1.641403 -1.426381 2.676894 1.247991 -1.856167 2.354287 1.451886 -1.770665 1.889758 0.7093762 -2.133033 2.478485 0.5943578 -2.232267 1.736682 -0.2214549 -2.38131 2.945525 1.451886 0.04897973 3.255424 1.247991 -0.07563634 2.88986 1.641403 -0.3375362 2.791297 0.9878865 0.4358361 3.255424 1.247991 -0.07563634 2.945525 1.451886 0.04897973 2.812289 -0.2214554 0.9290662 3.322498 0.5943578 0.335984 2.758945 0.7093763 0.6148874 3.322498 0.5943578 0.335984 2.812289 -0.2214554 0.9290662 3.489583 -0.6152585 0.5717979 3.8225 -0.9773154 -2.322013 4.04824 -0.002878251 -2.145622 4.459595 -1.063369 -2.291118 4.411676 0.369695 -1.873116 4.55483 0.5276481 -1.479954 4.967012 0.0001158501 -1.613881 4.55483 0.5276481 -1.479954 4.670111 0.369695 -1.077736 4.967012 0.0001158501 -1.613881 4.226325 0.8151925 -0.6871893 4.311029 0.4177933 -0.4276835 4.670111 0.369695 -1.077736 4.411676 0.369695 -1.873116 4.967012 0.0001158501 -1.613881 4.743571 -0.003579165 -1.817933 4.989156 -1.109741 -1.855555 4.562383 -0.01865405 -1.948792 4.743571 -0.003579165 -1.817933 4.967012 0.0001158501 -1.613881 4.670111 0.369695 -1.077736 4.90624 -0.003579158 -1.317291 4.464897 -0.9773154 -0.3449187 4.538361 -0.00127639 -0.6396022 4.311029 0.4177933 -0.4276835 4.743571 -0.003579165 -1.817933 4.967012 0.0001158501 -1.613881 5.218969 -1.132379 -1.682842 4.743571 -0.003579165 -1.817933 5.218969 -1.132379 -1.682842 4.989156 -1.109741 -1.855555 5.218969 -1.132379 -1.682842 4.967012 0.0001158501 -1.613881 4.90624 -0.003579158 -1.317291 4.670111 0.369695 -1.077736 4.836572 -0.01865404 -1.104925 4.90624 -0.003579158 -1.317291 5.134565 -1.109741 -1.408035 5.218969 -1.132379 -1.682842 4.90624 -0.003579158 -1.317291 4.90624 -0.003579158 -1.317291 4.836572 -0.01865404 -1.104925 5.134565 -1.109741 -1.408035 2.808302 1.787887 -0.9124727 2.891754 2.779917 -1.264026E-07 2.88986 1.641403 -0.3375362 1.476319 0.7093759 -2.456412 1.889758 0.7093762 -2.133033 1.736682 -0.2214549 -2.38131 2.769833 2.384408 0.9541615 2.722811 1.524491 0.8894401 2.945525 1.451886 0.04897973 2.758945 0.7093763 0.6148874 2.684827 0.7263623 0.8899689 2.812289 -0.2214554 0.9290662 2.538081 1.641403 -1.426381 2.671633 2.779917 -1.106625 2.808302 1.787887 -0.9124727 2.945525 1.451886 0.04897973 2.722811 1.524491 0.8894401 2.791297 0.9878865 0.4358361 4.459595 -1.063369 -2.291118 4.04824 -0.002878251 -2.145622 4.562383 -0.01865405 -1.948792 3.742658 0.4177932 -2.168846 4.04824 -0.002878251 -2.145622 3.8225 -0.9773154 -2.322013 4.670111 0.369695 -1.077736 4.538361 -0.00127639 -0.6396022 4.836572 -0.01865404 -1.104925 4.538361 -0.00127639 -0.6396022 4.670111 0.369695 -1.077736 4.311029 0.4177933 -0.4276835 4.962158 -1.063369 -0.7443886 4.538361 -0.00127639 -0.6396022 4.464897 -0.9773154 -0.3449187 4.562383 -0.01865405 -1.948792 4.411676 0.369695 -1.873116 4.743571 -0.003579165 -1.817933 4.989156 -1.109741 -1.855555 4.459595 -1.063369 -2.291118 4.562383 -0.01865405 -1.948792 5.134565 -1.109741 -1.408035 4.836572 -0.01865404 -1.104925 4.962158 -1.063369 -0.7443886 4.836572 -0.01865404 -1.104925 4.538361 -0.00127639 -0.6396022 4.962158 -1.063369 -0.7443886 -2.20511E-07 -0.09607306 -5.140777 -2.285825E-07 0.4401259 -4.789232 0.3353364 0.2743086 -4.774578 -0.3353367 0.2743086 -4.774578 -2.285825E-07 0.4401259 -4.789232 -2.20511E-07 -0.09607306 -5.140777 2.986429 11.04885 -0.5293617 3.857297 11.56045 -0.3501531 3.905979 11.19534 -0.4918952 3.041524 9.311248 0.0008958185 2.956896 9.90824 -0.4889818 4.08512 10.65639 -0.007957187 2.956896 9.90824 -0.4889818 3.959689 10.86697 -0.3501531 4.08512 10.65639 -0.007957187 3.041524 9.311248 0.0008958185 4.08512 10.65639 -0.007957187 2.956896 9.90824 0.442555 4.08512 10.65639 -0.007957187 3.95969 10.86697 0.3342387 2.956896 9.90824 0.442555 2.956896 9.90824 0.442555 3.95969 10.86697 0.3342387 2.924447 10.39743 0.5821666 3.95969 10.86697 0.3342387 3.905979 11.19534 0.4759808 2.924447 10.39743 0.5821666 2.924447 10.39743 0.5821666 3.905979 11.19534 0.4759808 2.986429 11.04885 0.482935 3.905979 11.19534 0.4759808 3.857297 11.56045 0.3342387 2.986429 11.04885 0.482935 2.986429 11.04885 0.482935 3.857297 11.56045 0.3342387 3.032171 11.54358 0.0008960714 3.857297 11.56045 0.3342387 3.88734 11.74118 -0.007957177 3.032171 11.54358 0.0008960714 2.986429 11.04885 -0.5293617 3.032171 11.54358 0.0008960714 3.857297 11.56045 -0.3501531 3.032171 11.54358 0.0008960714 3.88734 11.74118 -0.007957177 3.857297 11.56045 -0.3501531 3.905979 11.19534 -0.4918952 3.857297 11.56045 -0.3501531 5.112862 11.76726 -0.2844593 5.112862 11.76726 -0.2844593 3.857297 11.56045 -0.3501531 4.981782 12.00366 -0.007957226 3.905979 11.19534 -0.4918952 5.112862 11.76726 -0.2844593 3.959689 10.86697 -0.3501531 5.112862 11.76726 -0.2844593 5.20555 11.6001 -0.2034737 3.959689 10.86697 -0.3501531 3.959689 10.86697 -0.3501531 5.20555 11.6001 -0.2034737 4.08512 10.65639 -0.007957187 5.20555 11.6001 -0.2034737 5.243941 11.53086 -0.007957237 4.08512 10.65639 -0.007957187 3.88734 11.74118 -0.007957177 4.981782 12.00366 -0.007957226 3.857297 11.56045 -0.3501531 5.408635 12.02161 -0.007957244 5.288785 11.91131 -0.1462083 5.192993 12.08407 -0.007957235 5.288785 11.91131 -0.1462083 5.408635 12.02161 -0.007957244 5.356519 11.78915 -0.1057155 5.356519 11.78915 -0.1057155 5.408635 12.02161 -0.007957244 5.384576 11.73855 -0.007957243 5.384576 11.73855 -0.007957243 5.408635 12.02161 -0.007957244 5.356519 11.78915 0.08980101 5.356519 11.78915 0.08980101 5.408635 12.02161 -0.007957244 5.288785 11.91131 0.1302938 5.288785 11.91131 0.1302938 5.408635 12.02161 -0.007957244 5.221049 12.03347 0.08980101 5.221049 12.03347 0.08980101 5.408635 12.02161 -0.007957244 5.192993 12.08407 -0.007957235 2.986429 11.04885 -0.5293617 2.361013 11.15507 -0.6414132 3.032171 11.54358 0.0008960714 3.032171 11.54358 0.0008960714 2.361013 11.15507 -0.6414132 2.572797 11.86077 5.22779E-05 3.032171 11.54358 0.0008960714 2.572797 11.86077 5.22779E-05 2.361013 11.15507 0.7029282 3.032171 11.54358 0.0008960714 2.361013 11.15507 0.7029282 2.986429 11.04885 0.482935 2.626518 8.315834 2.596736E-05 3.041524 9.311248 0.0008958185 2.640852 9.174224 0.5794883 -2.88364 9.010533 0.0008960774 -3.882306 10.26387 -0.007956838 -2.727364 9.715392 -0.519623 -2.88364 9.010533 0.0008960774 -2.727364 9.715392 0.4731966 -3.882306 10.26387 -0.007956838 -3.882306 10.26387 -0.007956838 -2.727364 9.715392 0.4731966 -3.716109 10.46284 0.334239 -2.727364 9.715392 0.4731966 -2.690804 10.20458 0.6224942 -3.716109 10.46284 0.334239 -3.716109 10.46284 0.334239 -2.690804 10.20458 0.6224942 -3.617923 10.78541 0.4759811 -2.690804 10.20458 0.6224942 -2.690051 10.856 0.516378 -3.617923 10.78541 0.4759811 -3.617923 10.78541 0.4759811 -2.690051 10.856 0.516378 -3.521271 11.14505 0.334239 -2.690051 10.856 0.516378 -2.742221 11.35073 0.0008963238 -3.521271 11.14505 0.334239 -3.521271 11.14505 0.334239 -2.742221 11.35073 0.0008963238 -3.534854 11.32777 -0.007956853 -2.690051 10.856 -0.5628043 -3.521271 11.14505 -0.3501527 -2.742221 11.35073 0.0008963238 -5.416683 11.60275 -0.105715 -5.443153 11.54785 -0.00795677 -5.499071 11.82652 -0.007956767 -5.443153 11.54785 -0.00795677 -5.416683 11.60275 0.08980148 -5.499071 11.82652 -0.007956767 -2.375145 7.188583 0.8458195 -1.79138 8.293598 1.415269 -2.384967 8.293598 0.7659379 -2.690051 10.856 -0.5628043 -2.742221 11.35073 0.0008963238 -2.235699 10.95392 -0.641413 -1.742476 10.13204 1.277493 -1.685491 10.95392 1.185175 -2.310156 10.14365 0.7576774 -2.310156 10.14365 0.7576774 -1.685491 10.95392 1.185175 -2.235699 10.95392 0.7029285 -2.742221 11.35073 0.0008963238 -2.477242 11.6003 5.249856E-05 -2.235699 10.95392 -0.641413 -2.742221 11.35073 0.0008963238 -2.235699 10.95392 0.7029285 -2.477242 11.6003 5.249856E-05 -2.235699 10.95392 0.7029285 -1.685491 10.95392 1.185175 -2.205316 11.6003 0.5956869 2.361013 11.15507 0.7029282 2.572797 11.86077 5.22779E-05 2.238658 11.6003 0.5956872 2.293309 13.60014 -0.5693023 1.750526 13.60798 -0.9038684 1.812432 14.10683 -0.8051148 -1.795845 13.60798 -0.9038686 -2.338629 13.60014 -0.5693021 -1.857751 14.10683 -0.8051147 -2.338629 13.60014 0.5693023 -1.795845 13.60798 0.9038684 -1.857751 14.10683 0.8051148 1.750525 13.60798 0.9038684 2.293309 13.60014 0.5693021 1.812432 14.10683 0.8051147 -3.404303 16.14622 1.488068E-07 -3.210795 15.80894 -0.3742307 -3.46901 15.68171 -0.264621 -3.404303 16.14622 1.488068E-07 -3.46901 15.68171 -0.264621 -3.575967 15.629 1.563104E-07 -3.404303 16.14622 1.488068E-07 -3.575967 15.629 1.563104E-07 -3.46901 15.68171 0.2646213 -3.404303 16.14622 1.488068E-07 -3.46901 15.68171 0.2646213 -3.210795 15.80894 0.374231 -3.404303 16.14622 1.488068E-07 -3.210795 15.80894 0.374231 -2.95258 15.93618 0.2646213 -3.404303 16.14622 1.488068E-07 -2.95258 15.93618 0.2646213 -2.845624 15.98888 1.243861E-07 2.937343 15.79615 -0.406789 3.130199 16.18828 -1.368254E-07 3.194687 15.64822 -0.2876433 3.194687 15.64822 -0.2876433 3.130199 16.18828 -1.368254E-07 3.301283 15.58694 -1.443037E-07 3.301283 15.58694 -1.443037E-07 3.130199 16.18828 -1.368254E-07 3.194687 15.64822 0.287643 3.194687 15.64822 0.287643 3.130199 16.18828 -1.368254E-07 2.937343 15.79615 0.4067888 2.937343 15.79615 0.4067888 3.130199 16.18828 -1.368254E-07 2.679998 15.94408 0.287643 2.679998 15.94408 0.287643 3.130199 16.18828 -1.368254E-07 2.573403 16.00536 -1.12487E-07 -1.353501 14.20365 0.5693023 -5.883395E-07 14.09895 0.6393066 -6.286825E-07 14.38258 0 -5.883395E-07 14.09895 0.6393066 1.308182 14.20365 0.5693021 -6.286825E-07 14.38258 0 -2.742221 11.35073 0.0008963238 -2.690051 10.856 0.516378 -2.235699 10.95392 0.7029285 -2.585004 8.293598 5.225215E-05 -2.454003 8.973079 0.6194969 -2.88364 9.010533 0.0008960774 2.572797 11.86077 5.22779E-05 2.361013 11.15507 -0.6414132 2.238659 11.6003 -0.5956863 -2.88364 9.010533 0.0008960774 -2.454003 8.973079 0.6194969 -2.727364 9.715392 0.4731966 2.640852 9.174224 0.5794883 3.041524 9.311248 0.0008958185 2.956896 9.90824 0.442555 -0.9073611 4 -1.284027 -1.898912 4 -1.984857 -2.014443 4 -1.911604 -0.9073611 4 -1.284027 -1.090207 4 -2.497631 -1.205117 4 -2.424377 -1.476158 0.7093759 -2.456411 -1.743867 -0.2215064 -2.381053 -1.957615 0.6571514 -2.155081 -2.366745 1.215893 -1.732324 -1.476158 0.7093759 -2.456411 -2.044778 2.779917 -2.04478 -0.976315 1.390675 -2.783229 -1.575702 2.779917 -2.358206 -1.106625 2.779917 -2.671633 -1.726002 -0.9773156 4.153032 -2.01393 -0.002878516 4.11534 -2.259582 -1.063369 4.502512 -1.106253 -0.8529456 3.846013 -1.753059 0.417793 3.954512 -1.163031 0.5255032 3.631273 -1.735626 1.787886 2.388884 -1.128028 2.779917 2.64143 -2.16357 2.779917 1.889065 -1.128028 2.779917 2.64143 -2.014444 4 1.911603 -1.09021 4 2.49763 1.735626 1.445187 2.47401 2.16357 2.779917 1.889065 1.128028 2.779917 2.64143 2.014444 4 1.911603 1.128028 2.779917 2.64143 1.090209 4 2.497631 2.495353 -0.6152585 -2.488126 1.736682 -0.2214549 -2.38131 2.478485 0.5943578 -2.232267 1.889758 0.7093762 -2.133033 2.676894 1.247991 -1.856167 2.354287 1.451886 -1.770665 3.742658 0.4177932 -2.168846 4.411676 0.369695 -1.873116 4.04824 -0.002878251 -2.145622 4.411676 0.369695 -1.873116 3.820097 0.8151926 -1.931702 4.562383 -0.01865405 -1.948792 4.04824 -0.002878251 -2.145622 -2.727364 9.715392 -0.519623 -3.882306 10.26387 -0.007956838 -3.716109 10.46284 -0.3501527 -3.882306 10.26387 -0.007956838 -5.227309 11.43784 -0.2034733 -3.617923 10.78541 -0.4918949 -3.716109 10.46284 -0.3501527 -5.139864 11.61921 -0.2844588 -3.716109 10.46284 -0.3501527 -2.690051 10.856 -0.5628043 -2.727364 9.715392 -0.519623 -5.139864 11.61921 -0.2844588 -3.716109 10.46284 -0.3501527 -5.227309 11.43784 -0.2034733 -5.227309 11.43784 -0.2034733 -5.352781 11.73529 -0.1462078 -5.416683 11.60275 -0.105715 -5.352781 11.73529 -0.1462078 -5.499071 11.82652 -0.007956767 -5.227309 11.43784 -0.2034733 -3.882306 10.26387 -0.007956838 -5.263528 11.36272 -0.007956778 -5.263528 11.36272 -0.007956778 -5.416683 11.60275 -0.105715 -5.443153 11.54785 -0.00795677 -5.016199 11.8757 -0.007956789 -3.521271 11.14505 -0.3501527 -5.139864 11.61921 -0.2844588 -5.016199 11.8757 -0.007956789 -5.352781 11.73529 -0.1462078 -5.238639 11.92914 -0.007956779 -5.499071 11.82652 -0.007956767 -5.352781 11.73529 -0.1462078 -5.416683 11.60275 0.08980148 -5.352781 11.73529 0.1302943 -5.499071 11.82652 -0.007956767 -5.352781 11.73529 0.1302943 -5.227309 11.43784 0.1875597 -5.139864 11.61921 0.2685453 -3.617923 10.78541 0.4759811 -5.227309 11.43784 0.1875597 -3.716109 10.46284 0.334239 -5.352781 11.73529 0.1302943 -5.288877 11.86783 0.08980147 -5.499071 11.82652 -0.007956767 -5.052419 11.80057 0.1875597 -5.352781 11.73529 0.1302943 -5.139864 11.61921 0.2685453 -2.472048 5.997972 0.9096724 -1.892023 5.997972 1.680856 -2.375145 7.188583 0.8458195 -1.892023 5.997972 1.680856 -2.631998 4 1.034552 -2.014444 4 1.911603 -1.892023 5.997972 1.680856 -1.023956 5.997972 2.196145 -1.817857 7.188583 1.562871 -1.023956 5.997972 2.196145 -2.014444 4 1.911603 -1.09021 4 2.49763 -1.79138 8.293598 -1.41527 -2.375144 7.188583 -0.8458206 -2.384966 8.293598 -0.7659388 -2.384966 8.293598 -0.7659388 -1.685488 10.95392 -1.185176 -2.235699 10.95392 -0.641413 -1.817857 7.188583 1.562871 -0.9897767 8.293598 1.849138 -1.79138 8.293598 1.415269 -0.9897767 8.293598 1.849138 -1.742476 10.13204 1.277493 -0.898885 10.95392 1.501742 -1.742476 10.13204 1.277493 -0.898885 10.95392 1.501742 -1.685491 10.95392 1.185175 -1.685491 10.95392 1.185175 -1.224036 13.57231 1.063544 -1.795845 13.60798 0.9038684 -2.235699 10.95392 -0.641413 -2.477242 11.6003 5.249856E-05 -2.205316 11.6003 -0.5956876 -2.642093 13.45809 1.154895E-07 -2.205316 11.6003 -0.5956876 -2.338629 13.60014 -0.5693021 -2.477242 11.6003 5.249856E-05 -2.235699 10.95392 0.7029285 -2.205316 11.6003 0.5956869 -2.205316 11.6003 0.5956869 -2.642093 13.45809 1.154895E-07 -2.338629 13.60014 0.5693023 2.382611 8.293598 0.7659381 2.626518 8.315834 2.596736E-05 2.640852 9.174224 0.5794883 2.570837 7.188583 -1.123749E-07 2.382611 8.293598 0.7659381 2.375144 7.188583 0.84582 2.675724 5.997972 -1.169596E-07 2.570837 7.188583 -1.123749E-07 2.472047 5.997972 0.9096728 2.848854 4 -1.245274E-07 2.631998 4 1.034552 1.743448 10.95392 1.185176 2.361013 11.15507 0.7029282 2.238658 11.6003 0.5956872 2.426297 10.27335 0.7576771 1.743448 10.95392 1.185176 1.800436 10.13204 1.277493 -0.3353367 0.2743086 -4.774578 -0.9235648 0.4177931 -4.019478 -0.6522088 0.7874426 -4.019478 -1.303307 0.5943577 -3.056058 -0.9235648 0.4177931 -4.019478 -0.976315 1.390675 -2.783229 -1.476158 0.7093759 -2.456411 0.6536409 0.7874426 -4.019478 0.924997 0.4177931 -4.019478 0.3353364 0.2743086 -4.774578 0.924997 0.4177931 -4.019478 1.303468 0.5943578 -3.056058 0.9764758 1.390675 -2.78323 1.476319 0.7093759 -2.456412 -5.288877 11.86783 0.08980147 -5.238639 11.92914 -0.007956779 -5.499071 11.82652 -0.007956767 -5.016199 11.8757 -0.007956789 -5.052419 11.80057 0.1875597 -5.288877 11.86783 0.08980147 -0.9838178 7.188583 2.04199 0.01588085 8.293598 2.001493 -0.9897767 8.293598 1.849138 0.02897944 10.95392 1.625474 -0.898885 10.95392 1.501742 -0.9897767 8.293598 1.849138 -1.056772 -0.9773159 -4.135372 -1.539231 -0.6152585 -3.135856 -0.9235648 0.4177931 -4.019478 -1.303307 0.5943577 -3.056058 1.303468 0.5943578 -3.056058 1.531859 -0.6152584 -3.135856 0.924997 0.4177931 -4.019478 1.049401 -0.9773158 -4.135372 0.0007160842 0.971986 -4.019477 -2.285825E-07 0.4401259 -4.789232 -0.6522088 0.7874426 -4.019478 -0.3353367 0.2743086 -4.774578 -0.003685795 -1.132379 -5.420376 -1.056772 -0.9773159 -4.135372 -0.3353367 0.2743086 -4.774578 -0.9235648 0.4177931 -4.019478 0.9764758 1.390675 -2.78323 0.6536409 0.7874426 -4.019478 -2.0285E-07 1.690841 -2.949826 0.0007160842 0.971986 -4.019477 0.0007160842 0.971986 -4.019477 0.6536409 0.7874426 -4.019478 -2.285825E-07 0.4401259 -4.789232 0.3353364 0.2743086 -4.774578 0.924997 0.4177931 -4.019478 1.049401 -0.9773158 -4.135372 0.3353364 0.2743086 -4.774578 -0.003685795 -1.132379 -5.420376 -0.976315 1.390675 -2.783229 -1.106625 2.779917 -2.671633 -2.0285E-07 1.690841 -2.949826 1.21716E-06 2.779917 -2.891754 -1.106625 2.779917 -2.671633 1.150326E-06 4 -2.703415 -1.090208 4 -2.497631 -1.539231 -0.6152585 -3.135856 -1.743867 -0.2215064 -2.381053 -1.303307 0.5943577 -3.056058 -1.476158 0.7093759 -2.456411 1.106627 2.779917 -2.671631 0.9764758 1.390675 -2.78323 -2.0285E-07 1.690841 -2.949826 1.21716E-06 2.779917 -2.891754 1.150326E-06 4 -2.703415 1.106627 2.779917 -2.671631 1.09021 4 -2.49763 -0.976315 1.390675 -2.783229 -2.0285E-07 1.690841 -2.949826 -0.6522088 0.7874426 -4.019478 0.0007160842 0.971986 -4.019477 1.88278 2.187757 -2.345029 2.014445 4 -1.911602 2.671633 2.779917 -1.106625 2.631998 4 -1.034551 1.88278 2.187757 -2.345029 1.106627 2.779917 -2.671631 2.014445 4 -1.911602 1.09021 4 -2.49763 -1.575702 2.779917 -2.358206 -1.205738 4 -2.424377 -1.106625 2.779917 -2.671633 -1.090208 4 -2.497631 -2.769833 2.384407 0.9541619 -2.631998 4 1.034552 -2.891754 2.779916 -9.178575E-07 -2.848854 4 1.245274E-07 -2.769833 2.384407 0.9541619 -2.16357 2.779917 1.889065 -2.631998 4 1.034552 -2.014444 4 1.911603 2.143462E-08 2.364737 2.855104 -5.66755E-08 4 2.703416 -1.128028 2.779917 2.64143 -1.09021 4 2.49763 2.143462E-08 2.364737 2.855104 1.128028 2.779917 2.64143 -5.66755E-08 4 2.703416 1.090209 4 2.497631 2.769833 2.384408 0.9541615 2.631998 4 1.034552 2.16357 2.779917 1.889065 2.014444 4 1.911603 2.769833 2.384408 0.9541615 2.891754 2.779917 -1.264026E-07 2.631998 4 1.034552 2.848854 4 -1.245274E-07 -1.735626 1.787886 2.388884 -1.833575 1.512112 2.5237 -1.214945 1.641403 2.645813 -1.074625 1.247991 3.07511 -2.589235 1.247991 1.974681 -1.833575 1.512112 2.5237 -2.139547 1.641402 1.97169 -1.735626 1.787886 2.388884 -1.074625 1.247991 3.07511 -1.833575 1.512112 2.5237 -1.47668 1.107759 3.42135 -2.137437 1.356638 2.941929 -0.6930426 0.5943577 3.262759 -1.074625 1.247991 3.07511 -1.163031 0.5255032 3.631273 -1.47668 1.107759 3.42135 -2.137437 1.356638 2.941929 -1.833575 1.512112 2.5237 -2.794955 1.107759 2.464971 -2.589235 1.247991 1.974681 -1.106253 -0.8529456 3.846013 -0.5546781 -0.6152586 3.507343 -1.163031 0.5255032 3.631273 -0.6930426 0.5943577 3.262759 -2.137437 1.356638 2.941929 -2.486815 1.001689 3.422808 -1.47668 1.107759 3.42135 -1.955097 0.8151923 3.808177 -1.47668 1.107759 3.42135 -1.955097 0.8151923 3.808177 -1.163031 0.5255032 3.631273 -1.753059 0.417793 3.954512 -2.612602 0.709376 1.138124 -2.885443 0.5943576 1.681098 -2.514385 0.9878863 1.288084 -2.589235 1.247991 1.974681 -2.137437 1.356638 2.941929 -2.794955 1.107759 2.464971 -2.486815 1.001689 3.422808 -3.015249 0.8151922 3.040119 -2.794955 1.107759 2.464971 -2.589235 1.247991 1.974681 -3.096973 0.5255032 2.245773 -2.885443 0.5943576 1.681098 -2.486815 1.001689 3.422808 -2.815039 0.5276478 3.87457 -1.955097 0.8151923 3.808177 -2.46813 0.3696947 4.108501 -2.486815 1.001689 3.422808 -3.015249 0.8151922 3.040119 -2.815039 0.5276478 3.87457 -3.144721 0.3696947 3.616929 -2.794955 1.107759 2.464971 -3.096973 0.5255032 2.245773 -3.015249 0.8151922 3.040119 -3.23631 0.4177929 2.879963 -2.885443 0.5943576 1.681098 -3.157605 -0.6152588 1.616206 -3.096973 0.5255032 2.245773 -3.309253 -0.8529456 2.24544 -3.096973 0.5255032 2.245773 -3.309253 -0.8529456 2.24544 -3.23631 0.4177929 2.879963 -3.407818 -0.9773157 2.931121 -2.41177 1.451886 1.691711 -2.139547 1.641402 1.97169 -2.769833 2.384407 0.9541619 -2.16357 2.779917 1.889065 6.017914E-08 1.514908 2.891647 -0.4480532 0.9878864 2.789362 0.09263989 0.7263622 2.880001 -0.1824412 0.7093762 2.836432 -1.128028 2.779917 2.64143 -0.8638874 1.451886 2.816313 2.143462E-08 2.364737 2.855104 6.017914E-08 1.514908 2.891647 -2.722811 1.524491 0.8894404 -2.739043 0.726362 0.8899692 -2.514385 0.9878863 1.288084 -2.612602 0.709376 1.138124 -3.144721 0.3696947 3.616929 -3.295662 -0.001276732 3.185031 -3.26341 -0.01865439 3.736769 -3.23631 0.4177929 2.879963 1.735626 1.445187 2.47401 1.752142 1.228683 2.592938 2.119718 1.328135 1.988457 2.418759 1.037082 2.153794 1.082175 1.037082 3.034288 1.752142 1.228683 2.592938 1.233303 1.328135 2.630115 1.735626 1.445187 2.47401 2.418759 1.037082 2.153794 1.752142 1.228683 2.592938 2.591594 0.899867 2.610253 2.012537 1.117782 2.992639 2.704311 0.5719504 1.878891 2.418759 1.037082 2.153794 2.879972 0.5079823 2.403182 2.591594 0.899867 2.610253 2.012537 1.117782 2.992639 1.752142 1.228683 2.592938 1.431234 0.8998669 3.376611 1.082175 1.037082 3.034288 3.068466 -0.794995 2.440846 2.941346 -0.5650185 1.858078 2.879972 0.5079823 2.403182 2.704311 0.5719504 1.878891 2.591594 0.899867 2.610253 2.012537 1.117782 2.992639 2.725198 0.6375458 3.155305 2.302394 0.7689624 3.437058 2.879972 0.5079823 2.403182 2.591594 0.899867 2.610253 2.944896 0.3668714 3.008932 2.725198 0.6375458 3.155305 0.4096594 0.6256762 2.894154 0.7340687 0.5719504 3.187679 0.5894247 0.9410508 2.83052 1.082175 1.037082 3.034288 2.302394 0.7689624 3.437058 2.012537 1.117782 2.992639 1.879633 0.6375457 3.719037 1.431234 0.8998669 3.376611 1.431234 0.8998669 3.376611 1.082175 1.037082 3.034288 1.145274 0.5079823 3.565366 0.7340687 0.5719504 3.187679 3.069533 -0.9234729 3.091586 3.068466 -0.794995 2.440846 2.944896 0.3668714 3.008932 2.879972 0.5079823 2.403182 2.302394 0.7689624 3.437058 2.573054 0.3870145 3.851822 2.725198 0.6375458 3.155305 2.820152 0.2374557 3.672029 2.302394 0.7689624 3.437058 1.879633 0.6375457 3.719037 2.573054 0.3870145 3.851822 2.311749 0.2374557 4.009845 1.879633 0.6375457 3.719037 1.431234 0.8998669 3.376611 1.646287 0.3668714 3.874477 1.145274 0.5079823 3.565366 0.7340687 0.5719504 3.187679 0.590536 -0.5650187 3.406708 1.145274 0.5079823 3.565366 1.073153 -0.7949951 3.756373 1.145274 0.5079823 3.565366 1.073153 -0.7949951 3.756373 1.646287 0.3668714 3.874477 1.66937 -0.9234729 4.021944 2.722811 1.524491 0.8894401 2.526338 0.916478 1.367592 2.684827 0.7263623 0.8899689 2.630873 0.6571516 1.195846 6.017914E-08 1.514908 2.891647 0.09263989 0.7263622 2.880001 0.5894247 0.9410508 2.83052 0.4096594 0.6256762 2.894154 -2.808302 1.455664 -0.9124725 -2.941603 1.228683 -1.067847 -2.883673 1.328135 -0.3627568 -3.222786 1.037082 -0.3207448 -3.292218 0.5719502 0.06949906 -3.222786 1.037082 -0.3207448 -3.742501 0.507982 -0.2514096 -3.630912 0.8998667 -0.5884383 -3.387206 1.117782 -1.238156 -2.941603 1.228683 -1.067847 -3.142615 0.8998668 -1.890477 -2.659008 1.037082 -1.818704 -3.915513 -0.7949953 -0.1434124 -3.470129 -0.5650188 0.2533388 -3.742501 0.507982 -0.2514096 -3.292218 0.5719502 0.06949906 -2.659008 1.037082 -1.818704 -2.366745 1.215893 -1.732324 -2.467545 0.5719502 -2.147412 -1.957615 0.6571514 -2.155081 -3.630912 0.8998667 -0.5884383 -3.387206 1.117782 -1.238156 -4.119655 0.6867181 -0.9543076 -3.937911 0.822081 -1.445076 -3.742501 0.507982 -0.2514096 -3.630912 0.8998667 -0.5884383 -4.214112 0.4079156 -0.6993203 -4.119655 0.6867181 -0.9543076 -3.937911 0.822081 -1.445076 -3.387206 1.117782 -1.238156 -3.756339 0.686718 -1.936007 -3.142615 0.8998668 -1.890477 -3.142615 0.8998668 -1.890477 -2.659008 1.037082 -1.818704 -3.022215 0.5079821 -2.211266 -2.467545 0.5719502 -2.147412 -4.364341 -0.910539 -0.663883 -3.915513 -0.7949953 -0.1434124 -4.214112 0.4079156 -0.6993203 -3.742501 0.507982 -0.2514096 -3.937911 0.822081 -1.445076 -4.414567 0.4286636 -1.626837 -4.119655 0.6867181 -0.9543076 -4.511624 0.2746136 -1.327411 -3.937911 0.822081 -1.445076 -3.756339 0.686718 -1.936007 -4.414567 0.4286636 -1.626837 -4.292491 0.2746136 -1.916722 -3.756339 0.686718 -1.936007 -3.142615 0.8998668 -1.890477 -3.655998 0.4079157 -2.206814 -3.022215 0.5079821 -2.211266 -2.722811 1.524491 0.8894404 -2.8477 0.9164777 0.3785393 -2.739043 0.726362 0.8899692 -2.850468 0.6571513 0.5928398 -2.366745 1.215893 -1.732324 -2.543706 1.328135 -1.40289 -2.044778 2.779917 -2.04478 -2.671632 2.779917 -1.106627 -2.044778 2.779917 -2.04478 -2.014443 4 -1.911604 -2.631998 4 -1.034553 2.808302 1.787887 -0.9124727 2.966788 1.512113 -0.9639679 2.538081 1.641403 -1.426381 2.676894 1.247991 -1.856167 3.255424 1.247991 -0.07563634 2.966788 1.512113 -0.9639679 2.88986 1.641403 -0.3375362 2.808302 1.787887 -0.9124727 2.676894 1.247991 -1.856167 2.966788 1.512113 -0.9639679 3.205679 1.10776 -1.89996 3.458445 1.356638 -1.123717 2.478485 0.5943578 -2.232267 2.676894 1.247991 -1.856167 3.07532 0.5255034 -2.254149 3.205679 1.10776 -1.89996 3.458445 1.356638 -1.123717 4.023752 1.001689 -1.307396 3.205679 1.10776 -1.89996 3.820097 0.8151926 -1.931702 3.205679 1.10776 -1.89996 3.820097 0.8151926 -1.931702 3.07532 0.5255034 -2.254149 3.742658 0.4177932 -2.168846 2.758945 0.7093763 0.6148874 3.322498 0.5943578 0.335984 2.791297 0.9878865 0.4358361 3.255424 1.247991 -0.07563634 3.71004 1.10776 -0.3513699 3.255424 1.247991 -0.07563634 3.825537 0.5255035 0.003486752 3.322498 0.5943578 0.335984 4.023752 1.001689 -1.307396 4.55483 0.5276481 -1.479954 3.820097 0.8151926 -1.931702 4.411676 0.369695 -1.873116 4.023752 1.001689 -1.307396 4.226325 0.8151925 -0.6871893 4.55483 0.5276481 -1.479954 4.670111 0.369695 -1.077736 3.71004 1.10776 -0.3513699 3.825537 0.5255035 0.003486752 4.226325 0.8151925 -0.6871893 4.311029 0.4177933 -0.4276835 3.322498 0.5943578 0.335984 3.489583 -0.6152585 0.5717979 3.825537 0.5255035 0.003486752 3.982123 -0.8529453 0.1518734 3.825537 0.5255035 0.003486752 3.982123 -0.8529453 0.1518734 4.311029 0.4177933 -0.4276835 4.464897 -0.9773154 -0.3449187 2.769833 2.384408 0.9541615 2.945525 1.451886 0.04897973 2.891754 2.779917 -1.264026E-07 2.88986 1.641403 -0.3375362 2.671633 2.779917 -1.106625 2.538081 1.641403 -1.426381 1.88278 2.187757 -2.345029 2.354287 1.451886 -1.770665 2.354287 1.451886 -1.770665 1.889758 0.7093762 -2.133033 1.88278 2.187757 -2.345029 1.476319 0.7093759 -2.456412 2.722811 1.524491 0.8894401 2.684827 0.7263623 0.8899689 2.791297 0.9878865 0.4358361 2.758945 0.7093763 0.6148874 -1.575702 2.779917 -2.358206 -2.044778 2.779917 -2.04478 -1.898914 4 -1.984857 -2.014443 4 -1.911604 2.956896 9.90824 -0.4889818 2.986429 11.04885 -0.5293617 3.959689 10.86697 -0.3501531 3.905979 11.19534 -0.4918952 5.243941 11.53086 -0.007957237 5.20555 11.6001 0.1875593 4.08512 10.65639 -0.007957187 3.95969 10.86697 0.3342387 3.95969 10.86697 0.3342387 5.20555 11.6001 0.1875593 3.905979 11.19534 0.4759808 5.112862 11.76726 0.2685449 3.905979 11.19534 0.4759808 5.112862 11.76726 0.2685449 3.857297 11.56045 0.3342387 5.020174 11.93442 0.1875593 3.857297 11.56045 0.3342387 5.020174 11.93442 0.1875593 3.88734 11.74118 -0.007957177 4.981782 12.00366 -0.007957226 5.192993 12.08407 -0.007957235 5.288785 11.91131 -0.1462083 4.981782 12.00366 -0.007957226 5.112862 11.76726 -0.2844593 5.288785 11.91131 -0.1462083 5.356519 11.78915 -0.1057155 5.112862 11.76726 -0.2844593 5.20555 11.6001 -0.2034737 5.356519 11.78915 -0.1057155 5.384576 11.73855 -0.007957243 5.20555 11.6001 -0.2034737 5.243941 11.53086 -0.007957237 5.243941 11.53086 -0.007957237 5.384576 11.73855 -0.007957243 5.20555 11.6001 0.1875593 5.356519 11.78915 0.08980101 5.20555 11.6001 0.1875593 5.356519 11.78915 0.08980101 5.112862 11.76726 0.2685449 5.288785 11.91131 0.1302938 5.112862 11.76726 0.2685449 5.288785 11.91131 0.1302938 5.020174 11.93442 0.1875593 5.221049 12.03347 0.08980101 5.020174 11.93442 0.1875593 5.221049 12.03347 0.08980101 4.981782 12.00366 -0.007957226 5.192993 12.08407 -0.007957235 2.956896 9.90824 -0.4889818 3.041524 9.311248 0.0008958185 2.382612 8.293598 -0.7659374 2.626518 8.315834 2.596736E-05 2.382612 8.293598 -0.7659374 2.570837 7.188583 -1.123749E-07 2.375144 7.188583 -0.8458188 2.570837 7.188583 -1.123749E-07 2.675724 5.997972 -1.169596E-07 2.472047 5.997972 -0.9096717 2.848854 4 -1.245274E-07 2.631998 4 -1.034551 2.986429 11.04885 0.482935 2.361013 11.15507 0.7029282 2.924447 10.39743 0.5821666 2.426297 10.27335 0.7576771 -2.690051 10.856 -0.5628043 -3.617923 10.78541 -0.4918949 -3.521271 11.14505 -0.3501527 -5.139864 11.61921 -0.2844588 -2.742221 11.35073 0.0008963238 -3.521271 11.14505 -0.3501527 -3.534854 11.32777 -0.007956853 -5.016199 11.8757 -0.007956789 -3.716109 10.46284 0.334239 -5.227309 11.43784 0.1875597 -3.882306 10.26387 -0.007956838 -5.263528 11.36272 -0.007956778 -3.617923 10.78541 0.4759811 -3.521271 11.14505 0.334239 -5.139864 11.61921 0.2685453 -5.052419 11.80057 0.1875597 -3.521271 11.14505 0.334239 -3.534854 11.32777 -0.007956853 -5.052419 11.80057 0.1875597 -5.016199 11.8757 -0.007956789 -5.227309 11.43784 0.1875597 -5.416683 11.60275 0.08980148 -5.263528 11.36272 -0.007956778 -5.443153 11.54785 -0.00795677 -2.014444 4 -1.911604 -2.631998 4 -1.034553 -1.892023 5.997972 -1.680857 -2.472047 5.997972 -0.9096738 -1.892023 5.997972 -1.680857 -1.817856 7.188583 -1.562872 -2.375144 7.188583 -0.8458206 -1.79138 8.293598 -1.41527 1.090209 4 2.497631 2.014443 4 1.911603 1.023955 5.997972 2.196145 1.892023 5.997972 1.680857 1.817856 7.188583 1.562872 0.9838164 7.188583 2.04199 1.023955 5.997972 2.196145 2.014443 4 1.911603 2.631998 4 1.034552 1.892023 5.997972 1.680857 2.472047 5.997972 0.9096728 2.375144 7.188583 0.84582 1.817856 7.188583 1.562872 1.892023 5.997972 1.680857 2.375144 7.188583 0.84582 1.812952 8.293598 1.41527 2.382611 8.293598 0.7659381 -2.375145 7.188583 0.8458195 -1.892023 5.997972 1.680856 -1.817857 7.188583 1.562871 -1.79138 8.293598 1.415269 -1.817857 7.188583 1.562871 -1.023956 5.997972 2.196145 -0.9838178 7.188583 2.04199 -0.9897767 8.293598 1.849138 1.812953 8.293598 -1.415269 2.382612 8.293598 -0.7659374 2.375144 7.188583 -0.8458188 1.817857 7.188583 -1.562871 1.892024 5.997972 -1.680856 2.472047 5.997972 -0.9096717 2.375144 7.188583 -0.8458188 1.892024 5.997972 -1.680856 2.631998 4 -1.034551 2.014444 4 -1.911602 1.09021 4 -2.49763 1.892024 5.997972 -1.680856 9.895421E-07 5.997972 -2.37709 1.150326E-06 4 -2.703415 -2.384966 8.293598 -0.7659388 -2.570838 7.188583 1.123749E-07 -2.585004 8.293598 5.225215E-05 -2.384966 8.293598 -0.7659388 -2.88364 9.010533 0.0008960774 -2.727364 9.715392 -0.519623 -2.375144 7.188583 -0.8458206 -2.570838 7.188583 1.123749E-07 -2.675725 5.997972 1.169596E-07 -2.472047 5.997972 -0.9096738 -2.848854 4 1.245274E-07 -2.631998 4 -1.034553 0.9838164 7.188583 2.04199 1.021538 8.293598 1.849139 0.01588085 8.293598 2.001493 -2.176105E-07 7.188583 2.210234 1.023955 5.997972 2.196145 0.9838164 7.188583 2.04199 -1.582738E-07 5.997972 2.37709 1.090209 4 2.497631 -5.66755E-08 4 2.703416 0.9838164 7.188583 2.04199 1.817856 7.188583 1.562872 1.021538 8.293598 1.849139 1.812952 8.293598 1.41527 1.800436 10.13204 1.277493 1.021538 8.293598 1.849139 0.9568447 10.95392 1.501742 1.743448 10.95392 1.185176 1.178716 13.57231 1.063544 1.743448 10.95392 1.185176 1.750525 13.60798 0.9038684 0.01588085 8.293598 2.001493 1.021538 8.293598 1.849139 0.02897944 10.95392 1.625474 0.9568447 10.95392 1.501742 2.382611 8.293598 0.7659381 2.640852 9.174224 0.5794883 2.404454 9.078326 0.7618076 2.426297 10.27335 0.7576771 2.640852 9.174224 0.5794883 2.956896 9.90824 0.442555 2.924447 10.39743 0.5821666 2.361013 11.15507 -0.6414132 2.382612 8.293598 -0.7659374 1.743451 10.95392 -1.185174 1.812953 8.293598 -1.415269 0.01588239 8.293598 -2.001493 0.02898089 10.95392 -1.625474 1.812953 8.293598 -1.415269 1.743451 10.95392 -1.185174 -1.685488 10.95392 -1.185176 0.02898089 10.95392 -1.625474 -1.79138 8.293598 -1.41527 0.01588239 8.293598 -2.001493 -1.79138 8.293598 -1.41527 -1.817856 7.188583 -1.562872 9.895421E-07 5.997972 -2.37709 -1.892023 5.997972 -1.680857 -2.690051 10.856 -0.5628043 -2.235699 10.95392 -0.641413 -2.727364 9.715392 -0.519623 -2.384966 8.293598 -0.7659388 1.750526 13.60798 -0.9038684 1.743451 10.95392 -1.185174 -6.387999E-07 13.53638 -1.077654 0.02898089 10.95392 -1.625474 -1.795845 13.60798 -0.9038686 -6.387999E-07 13.53638 -1.077654 -1.685488 10.95392 -1.185176 0.02898089 10.95392 -1.625474 -2.338629 13.60014 0.5693023 -2.205316 11.6003 0.5956869 -1.795845 13.60798 0.9038684 -1.685491 10.95392 1.185175 -1.224036 13.57231 1.063544 -0.898885 10.95392 1.501742 -5.445884E-07 13.53638 1.077654 0.02897944 10.95392 1.625474 1.178716 13.57231 1.063544 -5.445884E-07 13.53638 1.077654 0.9568447 10.95392 1.501742 0.02897944 10.95392 1.625474 2.293309 13.60014 0.5693021 1.750525 13.60798 0.9038684 2.238658 11.6003 0.5956872 1.743448 10.95392 1.185176 2.238658 11.6003 0.5956872 2.572797 11.86077 5.22779E-05 2.293309 13.60014 0.5693021 2.587522 13.46163 -1.131042E-07 2.238659 11.6003 -0.5956863 2.293309 13.60014 -0.5693023 2.572797 11.86077 5.22779E-05 2.587522 13.46163 -1.131042E-07 -6.286825E-07 14.38258 0 1.812432 14.10683 -0.8051148 -6.387999E-07 13.53638 -1.077654 1.750526 13.60798 -0.9038684 -6.286825E-07 14.38258 0 -6.387999E-07 13.53638 -1.077654 -1.857751 14.10683 -0.8051147 -1.795845 13.60798 -0.9038686 -1.224036 13.57231 1.063544 -1.353501 14.20365 0.5693023 -1.795845 13.60798 0.9038684 -1.857751 14.10683 0.8051148 -5.445884E-07 13.53638 1.077654 -5.883395E-07 14.09895 0.6393066 -1.224036 13.57231 1.063544 -1.353501 14.20365 0.5693023 -5.445884E-07 13.53638 1.077654 1.178716 13.57231 1.063544 -5.883395E-07 14.09895 0.6393066 1.308182 14.20365 0.5693021 1.178716 13.57231 1.063544 1.750525 13.60798 0.9038684 1.308182 14.20365 0.5693021 1.812432 14.10683 0.8051147 -2.338629 13.60014 -0.5693021 -2.690261 14.47251 -0.4631438 -1.857751 14.10683 -0.8051147 -2.259307 14.69509 -0.6549843 -2.338629 13.60014 -0.5693021 -2.642093 13.45809 1.154895E-07 -2.690261 14.47251 -0.4631438 -2.937138 14.35694 1.283864E-07 -2.338629 13.60014 0.5693023 -2.690261 14.47251 0.463144 -2.642093 13.45809 1.154895E-07 -2.937138 14.35694 1.283864E-07 -2.338629 13.60014 0.5693023 -1.857751 14.10683 0.8051148 -2.690261 14.47251 0.463144 -2.259307 14.69509 0.6549845 -1.353501 14.20365 0.5693023 -1.601635 14.79056 0.463144 -1.857751 14.10683 0.8051148 -2.259307 14.69509 0.6549845 -6.286825E-07 14.38258 0 -1.329219 14.88341 5.810197E-08 -1.353501 14.20365 0.5693023 -1.601635 14.79056 0.463144 -1.601635 14.79056 -0.4631439 -2.259307 14.69509 -0.6549843 -2.95258 15.93618 -0.264621 -3.210795 15.80894 -0.3742307 -2.259307 14.69509 -0.6549843 -2.690261 14.47251 -0.4631438 -3.210795 15.80894 -0.3742307 -3.46901 15.68171 -0.264621 -2.690261 14.47251 -0.4631438 -2.937138 14.35694 1.283864E-07 -3.46901 15.68171 -0.264621 -3.575967 15.629 1.563104E-07 -2.690261 14.47251 0.463144 -3.46901 15.68171 0.2646213 -2.937138 14.35694 1.283864E-07 -3.575967 15.629 1.563104E-07 -2.259307 14.69509 0.6549845 -3.210795 15.80894 0.374231 -2.690261 14.47251 0.463144 -3.46901 15.68171 0.2646213 -1.601635 14.79056 0.463144 -2.95258 15.93618 0.2646213 -2.259307 14.69509 0.6549845 -3.210795 15.80894 0.374231 -1.329219 14.88341 5.810197E-08 -2.845624 15.98888 1.243861E-07 -1.601635 14.79056 0.463144 -2.95258 15.93618 0.2646213 -1.329219 14.88341 5.810197E-08 -1.601635 14.79056 -0.4631439 -2.845624 15.98888 1.243861E-07 -2.95258 15.93618 -0.264621 -2.845624 15.98888 1.243861E-07 -2.95258 15.93618 -0.264621 -3.404303 16.14622 1.488068E-07 -3.210795 15.80894 -0.3742307 2.213987 14.69509 -0.6549845 2.644942 14.47251 -0.463144 1.812432 14.10683 -0.8051148 2.293309 13.60014 -0.5693023 2.293309 13.60014 -0.5693023 2.644942 14.47251 -0.463144 2.587522 13.46163 -1.131042E-07 2.891819 14.35694 -1.264054E-07 2.891819 14.35694 -1.264054E-07 2.644942 14.47251 0.4631438 2.587522 13.46163 -1.131042E-07 2.293309 13.60014 0.5693021 2.293309 13.60014 0.5693021 2.644942 14.47251 0.4631438 1.812432 14.10683 0.8051147 2.213987 14.69509 0.6549843 2.213987 14.69509 0.6549843 1.556316 14.79056 0.4631439 1.812432 14.10683 0.8051147 1.308182 14.20365 0.5693021 1.556316 14.79056 0.4631439 1.283899 14.88341 -5.612105E-08 1.308182 14.20365 0.5693021 -6.286825E-07 14.38258 0 1.556316 14.79056 -0.463144 2.679998 15.94408 -0.2876433 2.213987 14.69509 -0.6549845 2.937343 15.79615 -0.406789 2.213987 14.69509 -0.6549845 2.937343 15.79615 -0.406789 2.644942 14.47251 -0.463144 3.194687 15.64822 -0.2876433 2.644942 14.47251 -0.463144 3.194687 15.64822 -0.2876433 2.891819 14.35694 -1.264054E-07 3.301283 15.58694 -1.443037E-07 3.301283 15.58694 -1.443037E-07 3.194687 15.64822 0.287643 2.891819 14.35694 -1.264054E-07 2.644942 14.47251 0.4631438 3.194687 15.64822 0.287643 2.937343 15.79615 0.4067888 2.644942 14.47251 0.4631438 2.213987 14.69509 0.6549843 2.937343 15.79615 0.4067888 2.679998 15.94408 0.287643 2.213987 14.69509 0.6549843 1.556316 14.79056 0.4631439 2.679998 15.94408 0.287643 2.573403 16.00536 -1.12487E-07 1.556316 14.79056 0.4631439 1.283899 14.88341 -5.612105E-08 1.283899 14.88341 -5.612105E-08 2.573403 16.00536 -1.12487E-07 1.556316 14.79056 -0.463144 2.679998 15.94408 -0.2876433 2.937343 15.79615 -0.406789 2.679998 15.94408 -0.2876433 3.130199 16.18828 -1.368254E-07 2.573403 16.00536 -1.12487E-07 -2.690804 10.20458 0.6224942 -2.310156 10.14365 0.7576774 -2.690051 10.856 0.516378 -2.235699 10.95392 0.7029285 -2.690804 10.20458 0.6224942 -2.727364 9.715392 0.4731966 -2.310156 10.14365 0.7576774 -2.454003 8.973079 0.6194969 2.382612 8.293598 -0.7659374 2.361013 11.15507 -0.6414132 2.956896 9.90824 -0.4889818 2.986429 11.04885 -0.5293617 -1.898912 4 -1.984857 -0.907361 2.803414 -1.528372 -1.575701 2.779916 -2.358206 -0.9073611 4 -1.284027 -0.9073611 4 -1.284027 -1.205117 4 -2.424377 -0.907361 2.803414 -1.528372 -1.575701 2.779916 -2.358206 2.631998 4 -1.034551 2.848854 4 -1.245274E-07 2.891754 2.779917 -1.264026E-07 2.671633 2.779917 -1.106625 2.808302 1.787887 -0.9124727 6.017914E-08 1.514908 2.891647 0.8965026 1.185254 2.792617 2.143462E-08 2.364737 2.855104 1.233303 1.328135 2.630115 1.128028 2.779917 2.64143 -3.760841 -0.910539 -2.286869 -3.655998 0.4079157 -2.206814 -2.478546 -0.5650188 -2.381302 -3.022215 0.5079821 -2.211266 -2.467545 0.5719502 -2.147412 3.742658 0.4177932 -2.168846 3.8225 -0.9773154 -2.322013 3.07532 0.5255034 -2.254149 2.495353 -0.6152585 -2.488126 2.478485 0.5943578 -2.232267 -2.014444 4 -1.911604 -1.892023 5.997972 -1.680857 -1.090208 4 -2.497631 9.895421E-07 5.997972 -2.37709 1.150326E-06 4 -2.703415 1.892024 5.997972 -1.680856 9.895421E-07 5.997972 -2.37709 1.817857 7.188583 -1.562871 0.01588239 8.293598 -2.001493 1.812953 8.293598 -1.415269 -2.176105E-07 7.188583 2.210234 0.01588085 8.293598 2.001493 -0.9838178 7.188583 2.04199 -1.582738E-07 5.997972 2.37709 -1.023956 5.997972 2.196145 -1.582738E-07 5.997972 2.37709 -1.09021 4 2.49763 -5.66755E-08 4 2.703416 -2.384967 8.293598 0.7659379 -1.79138 8.293598 1.415269 -2.454003 8.973079 0.6194969 -1.742476 10.13204 1.277493 -2.310156 10.14365 0.7576774 2.426297 10.27335 0.7576771 1.800436 10.13204 1.277493 2.404454 9.078326 0.7618076 1.812952 8.293598 1.41527 2.382611 8.293598 0.7659381 2.361013 11.15507 -0.6414132 1.743451 10.95392 -1.185174 2.238659 11.6003 -0.5956863 1.750526 13.60798 -0.9038684 2.293309 13.60014 -0.5693023 -2.338629 13.60014 -0.5693021 -1.795845 13.60798 -0.9038686 -2.205316 11.6003 -0.5956876 -1.685488 10.95392 -1.185176 -2.235699 10.95392 -0.641413 -2.259307 14.69509 -0.6549843 -1.601635 14.79056 -0.4631439 -1.857751 14.10683 -0.8051147 -1.329219 14.88341 5.810197E-08 -6.286825E-07 14.38258 0 -6.286825E-07 14.38258 0 1.283899 14.88341 -5.612105E-08 1.812432 14.10683 -0.8051148 1.556316 14.79056 -0.463144 2.213987 14.69509 -0.6549845 -2.891754 2.779916 -9.178575E-07 -2.848854 4 1.245274E-07 -2.631998 4 -1.034553 -2.671632 2.779917 -1.106627 -2.808302 1.455664 -0.9124725 -2.631998 4 1.034552 -2.472048 5.997972 0.9096724 -2.848854 4 1.245274E-07 -2.675725 5.997972 1.169596E-07 -2.375145 7.188583 0.8458195 -2.570838 7.188583 1.123749E-07 -2.384967 8.293598 0.7659379 -2.454003 8.973079 0.6194969 -2.585004 8.293598 5.225215E-05 -2.570838 7.188583 1.123749E-07 -2.659008 1.037082 -1.818704 -2.941603 1.228683 -1.067847 -2.543706 1.328135 -1.40289 -2.808302 1.455664 -0.9124725 -3.387206 1.117782 -1.238156 -3.630912 0.8998667 -0.5884383 -3.222786 1.037082 -0.3207448 3.458445 1.356638 -1.123717 2.966788 1.512113 -0.9639679 3.71004 1.10776 -0.3513699 3.255424 1.247991 -0.07563634 4.226325 0.8151925 -0.6871893 4.023752 1.001689 -1.307396 3.458445 1.356638 -1.123717 2.631999 4 -1.034551 2.014445 4 -1.911602 2.848855 4 -1.245274E-07 1.090211 4 -2.49763 2.014446 4 1.911603 2.631999 4 1.034552 1.090208 4 2.497631 1.469203E-06 4 2.703416 -2.014442 4 1.911603 -1.090209 4 2.49763 1.351033E-06 4 -6.669829E-14 -2.631996 4 1.034552 -2.848853 4 1.245273E-07 1.351033E-06 4 -6.669829E-14 -2.631996 4 -1.034553 2.758742E-06 4 -2.703415 -2.014443 4 -1.911604 -1.090207 4 -2.497631 -0.9073611 4 -1.284027 1.150326E-06 4 -2.703415 -2.014444 4 -1.911604 -1.090208 4 -2.497631 1.09021 4 -2.49763 2.014444 4 -1.911602 -2.631998 4 -1.034553 -2.848854 4 1.245274E-07 2.631998 4 -1.034551 2.848854 4 -1.245274E-07 -2.631998 4 1.034552 -2.014444 4 1.911603 2.631998 4 1.034552 2.014443 4 1.911603 -5.66755E-08 4 2.703416 -1.09021 4 2.49763 1.090209 4 2.497631</float_array>
          <technique_common>
            <accessor source="#TrunkBottom__mPltTreeOakTrunk-position-array" count="1776" stride="3">
              <param name="X" type="float" />
              <param name="Y" type="float" />
              <param name="Z" type="float" />
            </accessor>
          </technique_common>
        </source>
        <source id="TrunkBottom__mPltTreeOakTrunk-normal">
          <float_array id="TrunkBottom__mPltTreeOakTrunk-normal-array" count="5328">0.3287671 -0.7984344 -0.5029354 0.9041096 0.2407045 -0.3542074 0.8023483 0.04305284 -0.5968689 -0.5636008 0.4109589 -0.7162427 0 0.369863 -0.9295499 0 -0.1311155 -0.9921722 0 0.369863 -0.9295499 0.5636008 0.4109589 -0.7162427 0 -0.1311155 -0.9921722 0.6575342 0.04696673 -0.7514677 0.8023483 0.04305284 -0.5968689 0.5127202 0.1017613 -0.853229 0.5127202 0.1017613 -0.853229 0.3659491 0.1213307 -0.9236791 0.6575342 0.04696673 -0.7514677 0.3287671 -0.7984344 -0.5029354 0.9138943 -0.1232877 -0.3855186 0.9041096 0.2407045 -0.3542074 -0.3679061 0.3091977 0.8767123 0.2563601 0.7162427 0.6497065 -0.09197652 0.1272016 0.9882583 -0.09197652 0.1272016 0.9882583 0.2563601 0.7162427 0.6497065 0.1409002 0.18591 0.9726027 0.1409002 0.18591 0.9726027 0.5459883 0.2915851 0.7866927 0.1917808 0.007827789 0.9804305 0.1917808 0.007827789 0.9804305 0.5459883 0.2915851 0.7866927 0.05870841 -0.8003914 0.5968689 0.55773 -0.111546 0.8219178 0.05870841 -0.8003914 0.5968689 0.5459883 0.2915851 0.7866927 -0.8825831 0.109589 0.4559687 -0.7064579 0.704501 -0.05675147 -0.7906067 0.2054795 0.5792564 -0.960861 0.2739726 0.04892368 -0.7064579 0.704501 -0.05675147 -0.8825831 0.109589 0.4559687 -0.5851272 -0.8043053 0.09589041 -0.9021527 0.297456 -0.3111546 -0.9941292 0.109589 -0.01369863 -0.9021527 0.297456 -0.3111546 -0.5851272 -0.8043053 0.09589041 -0.9491194 -0.1056751 -0.2994129 -0.08610567 0.6066536 0.7906067 0.3855186 0.2485323 0.888454 0.04305284 0.6986302 0.7142857 -0.08610567 0.6066536 0.7906067 -0.407045 0.7201566 0.5616438 -0.5518591 0.3424658 0.7592955 -0.407045 0.7201566 0.5616438 -0.7240704 0.6046967 0.3287671 -0.5518591 0.3424658 0.7592955 -0.6868885 0.704501 0.1819961 -0.962818 0.2504892 -0.09589041 -0.7240704 0.6046967 0.3287671 -0.08610567 0.6066536 0.7906067 -0.5518591 0.3424658 0.7592955 -0.05088063 0.1956947 0.9784736 -0.04500978 -0.1741683 0.9843444 0.1232877 0.221135 0.9667319 -0.05088063 0.1956947 0.9784736 -0.5518591 0.3424658 0.7592955 -0.7240704 0.6046967 0.3287671 -0.9158513 0.1956947 0.3502935 -0.9706458 -0.1663405 -0.1722113 -0.9843444 0.1780822 -0.0332681 -0.962818 0.2504892 -0.09589041 -0.05088063 0.1956947 0.9784736 -0.5518591 0.3424658 0.7592955 -0.5792564 -0.1643836 0.7984344 -0.05088063 0.1956947 0.9784736 -0.5792564 -0.1643836 0.7984344 -0.04500978 -0.1741683 0.9843444 -0.5792564 -0.1643836 0.7984344 -0.5518591 0.3424658 0.7592955 -0.9158513 0.1956947 0.3502935 -0.7240704 0.6046967 0.3287671 -0.9569471 0.221135 0.18591 -0.9158513 0.1956947 0.3502935 -0.9217221 -0.1741683 0.3463796 -0.5792564 -0.1643836 0.7984344 -0.9158513 0.1956947 0.3502935 -0.9158513 0.1956947 0.3502935 -0.9569471 0.221135 0.18591 -0.9217221 -0.1741683 0.3463796 -0.5636008 0.2837573 0.7749511 -0.7377691 0.07436399 0.6712329 -0.7906067 0.2054795 0.5792564 0.05870841 -0.8003914 0.5968689 -0.03131115 -0.1135029 0.9921722 0.1917808 0.007827789 0.9804305 -0.09197652 0.1272016 0.9882583 -0.3365949 0.09197652 0.9373777 -0.3679061 0.3091977 0.8767123 -0.9295499 0.04500978 0.3659491 -0.9491194 -0.05088063 0.3091977 -0.8825831 0.109589 0.4559687 -0.9941292 0.109589 -0.01369863 -0.9275929 -0.0998043 0.3600783 -0.5851272 -0.8043053 0.09589041 -0.3679061 0.3091977 0.8767123 -0.3365949 0.09197652 0.9373777 -0.5636008 0.2837573 0.7749511 -0.8825831 0.109589 0.4559687 -0.9491194 -0.05088063 0.3091977 -0.960861 0.2739726 0.04892368 0.1409002 0.18591 0.9726027 0.2563601 0.7162427 0.6497065 0.5459883 0.2915851 0.7866927 0.3855186 0.2485323 0.888454 -0.08610567 0.6066536 0.7906067 0.3463796 0.18591 0.9197652 0.2172211 -0.1174168 0.9686888 0.3463796 0.18591 0.9197652 0.1232877 0.221135 0.9667319 0.3855186 0.2485323 0.888454 0.3463796 0.18591 0.9197652 0.4559687 -0.1585127 0.8747554 -0.9882583 -0.1193738 0.09393346 -0.9843444 0.1780822 -0.0332681 -0.9706458 -0.1663405 -0.1722113 0.1232877 0.221135 0.9667319 -0.08610567 0.6066536 0.7906067 -0.05088063 0.1956947 0.9784736 -0.04500978 -0.1741683 0.9843444 0.2172211 -0.1174168 0.9686888 0.1232877 0.221135 0.9667319 -0.9217221 -0.1741683 0.3463796 -0.9569471 0.221135 0.18591 -0.9882583 -0.1193738 0.09393346 0.1232877 0.221135 0.9667319 0.3463796 0.18591 0.9197652 -0.08610567 0.6066536 0.7906067 -0.9569471 0.221135 0.18591 -0.9843444 0.1780822 -0.0332681 -0.9882583 -0.1193738 0.09393346 0.1409002 0.18591 0.9726027 0.06262231 0.05479452 0.9960861 -0.09197652 0.1272016 0.9882583 0.7221135 0.2700587 0.6360078 0.6457925 0.7592955 0.08023483 0.8786693 0.1076321 0.4637965 0.8786693 0.1076321 0.4637965 0.6457925 0.7592955 0.08023483 0.9569471 0.1585127 0.2407045 0.9569471 0.1585127 0.2407045 0.9471624 0.2915851 -0.1428571 0.9941292 -0.02348337 0.1076321 0.9941292 -0.02348337 0.1076321 0.9471624 0.2915851 -0.1428571 0.5322896 -0.8023483 0.2700587 0.9765166 -0.1193738 -0.183953 0.5322896 -0.8023483 0.2700587 0.9471624 0.2915851 -0.1428571 0.1761252 0.08414873 0.9804305 -0.2485323 0.7749511 0.5792564 0.2407045 0.1565558 0.9589041 -0.1409002 0.2720157 0.9510763 -0.2485323 0.7749511 0.5792564 0.1761252 0.08414873 0.9804305 0.05870841 -0.8003914 0.5968689 -0.5753425 0.3091977 0.7553816 -0.2367906 0.08610567 0.9667319 -0.5753425 0.3091977 0.7553816 0.05870841 -0.8003914 0.5968689 -0.6066536 -0.1135029 0.7866927 0.8551859 0.4187867 0.3052838 0.9765166 0.2093934 0.04305284 0.6399217 0.7240704 0.2563601 0.9784736 -0.1663405 0.1291585 0.9765166 0.2093934 0.04305284 0.8551859 0.4187867 0.3052838 0.9765166 0.2093934 0.04305284 0.9784736 -0.1663405 0.1291585 0.9804305 -0.1996086 -0.009784736 0.8551859 0.4187867 0.3052838 0.3776908 0.7318982 0.5675147 0.5068493 0.4011742 0.7632094 0.9784736 -0.1663405 0.1291585 0.8551859 0.4187867 0.3052838 0.9530333 0.1585127 0.258317 0.3776908 0.7318982 0.5675147 -0.04696673 0.4207436 0.9060665 0.5068493 0.4011742 0.7632094 -0.01369863 0.7299413 0.6829746 -0.3542074 0.2328767 0.9060665 -0.04696673 0.4207436 0.9060665 0.8551859 0.4187867 0.3052838 0.5068493 0.4011742 0.7632094 0.9530333 0.1585127 0.258317 0.9569471 -0.1311155 0.2622309 0.9784736 -0.1663405 0.1291585 0.9530333 0.1585127 0.258317 0.5068493 0.4011742 0.7632094 -0.04696673 0.4207436 0.9060665 -0.1389433 0.1604697 0.9765166 -0.04696673 0.4207436 0.9060665 -0.3542074 0.2328767 0.9060665 -0.2622309 -0.1702544 0.9491194 0.9530333 0.1585127 0.258317 0.5068493 0.4011742 0.7632094 0.5499021 -0.1193738 0.8277887 0.9530333 0.1585127 0.258317 0.5499021 -0.1193738 0.8277887 0.9569471 -0.1311155 0.2622309 0.5499021 -0.1193738 0.8277887 0.5068493 0.4011742 0.7632094 -0.1389433 0.1604697 0.9765166 -0.04696673 0.4207436 0.9060665 -0.2622309 -0.1702544 0.9491194 -0.1389433 0.1604697 0.9765166 -0.3542074 0.2328767 0.9060665 -0.4187867 0.04892368 0.9060665 -0.2622309 -0.1702544 0.9491194 -0.1350294 -0.1291585 0.9823875 0.5499021 -0.1193738 0.8277887 -0.1389433 0.1604697 0.9765166 -0.1389433 0.1604697 0.9765166 -0.2622309 -0.1702544 0.9491194 -0.1350294 -0.1291585 0.9823875 0.5772994 0.2485323 0.776908 0.3405088 0.08414873 0.9354208 0.2407045 0.1565558 0.9589041 0.5322896 -0.8023483 0.2700587 0.960861 -0.1174168 0.2524462 0.9941292 -0.02348337 0.1076321 0.8786693 0.1076321 0.4637965 0.7318982 0.0704501 0.6790606 0.7221135 0.2700587 0.6360078 -0.2367906 0.08610567 0.9667319 -0.03131115 -0.1135029 0.9921722 0.05870841 -0.8003914 0.5968689 0.8786693 0.1076321 0.4637965 0.9373777 0.04500978 0.3444227 0.7318982 0.0704501 0.6790606 0.7221135 0.2700587 0.6360078 0.7318982 0.0704501 0.6790606 0.5772994 0.2485323 0.776908 0.8786693 0.1076321 0.4637965 0.9510763 -0.06262231 0.3052838 0.9373777 0.04500978 0.3444227 0.1761252 0.08414873 0.9804305 0.06262231 0.05479452 0.9960861 -0.1409002 0.2720157 0.9510763 0.9569471 0.1585127 0.2407045 0.6457925 0.7592955 0.08023483 0.9471624 0.2915851 -0.1428571 0.9569471 0.1585127 0.2407045 0.9510763 -0.06262231 0.3052838 0.8786693 0.1076321 0.4637965 -0.960861 0.260274 -0.09197652 -0.5694716 0.7592955 0.3150685 -0.9823875 0.1017613 0.1565558 -0.9823875 0.1017613 0.1565558 -0.5694716 0.7592955 0.3150685 -0.925636 0.1878669 0.3307241 -0.925636 0.1878669 0.3307241 -0.6868885 0.2857143 0.667319 -0.8962818 -0.02348337 0.444227 -0.8962818 -0.02348337 0.444227 -0.6868885 0.2857143 0.667319 -0.5851272 -0.8043053 0.09589041 -0.6810176 -0.1193738 0.7221135 -0.5851272 -0.8043053 0.09589041 -0.6868885 0.2857143 0.667319 -0.7690802 0.1037182 -0.630137 -0.1565558 0.7690802 -0.6203523 -0.8277887 0.1682975 -0.5342466 -0.4598826 -0.8043053 -0.3776908 -0.02935421 0.2994129 -0.9530333 -0.4187867 0.04305284 -0.9080235 -0.02935421 0.2994129 -0.9530333 -0.4598826 -0.8043053 -0.3776908 0.001956947 -0.1154599 -0.9941292 -0.8688846 0.4227006 0.258317 -0.7808219 0.221135 0.5831702 -0.6164383 0.7612525 0.2074364 -0.8630137 -0.1702544 0.4755382 -0.7808219 0.221135 0.5831702 -0.8688846 0.4227006 0.258317 -0.7808219 0.221135 0.5831702 -0.8630137 -0.1702544 0.4755382 -0.7553816 -0.1996086 0.6242661 -0.8688846 0.4227006 0.258317 -0.6379648 0.7318982 -0.2367906 -0.8630137 0.3874756 -0.3209393 -0.8630137 -0.1702544 0.4755382 -0.8688846 0.4227006 0.258317 -0.9217221 0.1663405 0.3522505 -0.6379648 0.7318982 -0.2367906 -0.4911937 0.4246575 -0.7612525 -0.8630137 0.3874756 -0.3209393 -0.3268102 0.7651663 -0.553816 -0.1956947 0.2191781 -0.9549902 -0.4911937 0.4246575 -0.7612525 -0.8688846 0.4227006 0.258317 -0.8630137 0.3874756 -0.3209393 -0.9217221 0.1663405 0.3522505 -0.925636 -0.1506849 0.3502935 -0.8630137 -0.1702544 0.4755382 -0.9217221 0.1663405 0.3522505 -0.8630137 0.3874756 -0.3209393 -0.4911937 0.4246575 -0.7612525 -0.4598826 0.1663405 -0.8727984 -0.4911937 0.4246575 -0.7612525 -0.1956947 0.2191781 -0.9549902 -0.3385518 -0.1741683 -0.9236791 -0.9217221 0.1663405 0.3522505 -0.8630137 0.3874756 -0.3209393 -0.9275929 -0.1369863 -0.3463796 -0.9217221 0.1663405 0.3522505 -0.9275929 -0.1369863 -0.3463796 -0.925636 -0.1506849 0.3502935 -0.9275929 -0.1369863 -0.3463796 -0.8630137 0.3874756 -0.3209393 -0.4598826 0.1663405 -0.8727984 -0.4911937 0.4246575 -0.7612525 -0.3385518 -0.1741683 -0.9236791 -0.4598826 0.1663405 -0.8727984 -0.1956947 0.2191781 -0.9549902 -0.1428571 -0.2074364 -0.9686888 -0.3385518 -0.1741683 -0.9236791 -0.4657534 -0.148728 -0.8727984 -0.9275929 -0.1369863 -0.3463796 -0.4598826 0.1663405 -0.8727984 -0.4598826 0.1663405 -0.8727984 -0.3385518 -0.1741683 -0.9236791 -0.4657534 -0.148728 -0.8727984 -0.9315069 0.2465753 -0.2681018 -0.9138943 0.05479452 -0.4011742 -0.8277887 0.1682975 -0.5342466 -0.5851272 -0.8043053 0.09589041 -0.9275929 -0.0998043 0.3600783 -0.8962818 -0.02348337 0.444227 -0.9823875 0.1017613 0.1565558 -0.9980431 0.04500978 0.005870841 -0.960861 0.260274 -0.09197652 -0.9823875 0.1017613 0.1565558 -0.9295499 0.04500978 0.3659491 -0.9980431 0.04500978 0.005870841 -0.960861 0.260274 -0.09197652 -0.9980431 0.04500978 0.005870841 -0.9315069 0.2465753 -0.2681018 -0.9823875 0.1017613 0.1565558 -0.9491194 -0.05088063 0.3091977 -0.9295499 0.04500978 0.3659491 -0.925636 0.1878669 0.3307241 -0.5694716 0.7592955 0.3150685 -0.6868885 0.2857143 0.667319 -0.925636 0.1878669 0.3307241 -0.9491194 -0.05088063 0.3091977 -0.9823875 0.1017613 0.1565558 0.8199608 0.1976517 -0.5381604 0.1741683 0.7162427 -0.6751468 0.7592955 0.06066536 -0.6477495 0.5479452 -0.1252446 -0.8258317 -0.007827789 0.2915851 -0.9569471 0.3287671 -0.7984344 -0.5029354 0.9804305 0.09197652 0.1761252 0.5381604 0.704501 0.4637965 0.9804305 0.1956947 0.009784736 0.7925636 0.2544031 0.553816 0.5381604 0.704501 0.4637965 0.9804305 0.09197652 0.1761252 0.5322896 -0.8023483 0.2700587 0.5420744 0.2994129 0.7847358 0.7749511 0.09197652 0.6262231 0.5420744 0.2994129 0.7847358 0.5322896 -0.8023483 0.2700587 0.5909981 -0.1056751 0.8003914 0.146771 -0.1585127 -0.9765166 0.260274 0.18591 -0.9471624 0.3933464 -0.1174168 -0.9119374 0.5342466 0.6066536 -0.5890411 0.6594912 0.7201566 -0.2152642 0.8943248 0.3424658 -0.2896282 0.6594912 0.7201566 -0.2152642 0.778865 0.6046967 0.1604697 0.8943248 0.3424658 -0.2896282 0.6614481 0.704501 0.2563601 0.7221135 0.2504892 0.6438356 0.778865 0.6046967 0.1604697 0.5342466 0.6066536 -0.5890411 0.8943248 0.3424658 -0.2896282 0.6164383 0.1956947 -0.7632094 0.6144814 -0.1741683 -0.7690802 0.4696673 0.221135 -0.8551859 0.6164383 0.1956947 -0.7632094 0.8943248 0.3424658 -0.2896282 0.778865 0.6046967 0.1604697 0.9471624 0.1956947 0.2544031 0.6849315 -0.1663405 0.7103718 0.776908 0.1780822 0.6046967 0.7221135 0.2504892 0.6438356 0.6164383 0.1956947 -0.7632094 0.8943248 0.3424658 -0.2896282 0.9373777 -0.1643836 -0.3052838 0.6164383 0.1956947 -0.7632094 0.9373777 -0.1643836 -0.3052838 0.6144814 -0.1741683 -0.7690802 0.9373777 -0.1643836 -0.3052838 0.8943248 0.3424658 -0.2896282 0.9471624 0.1956947 0.2544031 0.778865 0.6046967 0.1604697 0.8845401 0.221135 0.4129159 0.9471624 0.1956947 0.2544031 0.9491194 -0.1741683 0.260274 0.9373777 -0.1643836 -0.3052838 0.9471624 0.1956947 0.2544031 0.9471624 0.1956947 0.2544031 0.8845401 0.221135 0.4129159 0.9491194 -0.1741683 0.260274 0.9197652 0.2778865 -0.2759295 0.9980431 0.04892368 0.007827789 0.9804305 0.1956947 0.009784736 0.8023483 0.04305284 -0.5968689 0.5479452 -0.1252446 -0.8258317 0.3287671 -0.7984344 -0.5029354 0.9373777 0.04500978 0.3444227 0.9510763 -0.06262231 0.3052838 0.9804305 0.09197652 0.1761252 0.7749511 0.09197652 0.6262231 0.960861 -0.1174168 0.2524462 0.5322896 -0.8023483 0.2700587 0.8199608 0.1976517 -0.5381604 0.9001957 0.06066536 -0.4324853 0.9197652 0.2778865 -0.2759295 0.9804305 0.09197652 0.1761252 0.9510763 -0.06262231 0.3052838 0.7925636 0.2544031 0.553816 0.3933464 -0.1174168 -0.9119374 0.260274 0.18591 -0.9471624 0.4696673 0.221135 -0.8551859 0.2113503 0.2485323 -0.9452055 0.260274 0.18591 -0.9471624 0.146771 -0.1585127 -0.9765166 0.778865 0.6046967 0.1604697 0.776908 0.1780822 0.6046967 0.8845401 0.221135 0.4129159 0.776908 0.1780822 0.6046967 0.778865 0.6046967 0.1604697 0.7221135 0.2504892 0.6438356 0.8551859 -0.1193738 0.5048923 0.776908 0.1780822 0.6046967 0.6849315 -0.1663405 0.7103718 0.4696673 0.221135 -0.8551859 0.5342466 0.6066536 -0.5890411 0.6164383 0.1956947 -0.7632094 0.6144814 -0.1741683 -0.7690802 0.3933464 -0.1174168 -0.9119374 0.4696673 0.221135 -0.8551859 0.9491194 -0.1741683 0.260274 0.8845401 0.221135 0.4129159 0.8551859 -0.1193738 0.5048923 0.8845401 0.221135 0.4129159 0.776908 0.1780822 0.6046967 0.8551859 -0.1193738 0.5048923 0 0.369863 -0.9295499 0 0.6731898 -0.7377691 0.5636008 0.4109589 -0.7162427 -0.5636008 0.4109589 -0.7162427 0 0.6731898 -0.7377691 0 0.369863 -0.9295499 0.1037182 0.3522505 -0.9295499 -0.146771 0.6340509 -0.7592955 0.1389433 0.01761252 -0.9902152 0.890411 -0.4540117 0.001956947 0.5322896 -0.2759295 -0.8003914 0.667319 -0.7416829 0.05283757 0.5322896 -0.2759295 -0.8003914 0.4481409 -0.4951076 -0.7436399 0.667319 -0.7416829 0.05283757 0.890411 -0.4540117 0.001956947 0.667319 -0.7416829 0.05283757 0.5342466 -0.2739726 0.7984344 0.667319 -0.7416829 0.05283757 0.4559687 -0.5107632 0.7299413 0.5342466 -0.2739726 0.7984344 0.5342466 -0.2739726 0.7984344 0.4559687 -0.5107632 0.7299413 0.334638 -0.04109589 0.9412916 0.4559687 -0.5107632 0.7299413 0.1545988 0.007827789 0.9882583 0.334638 -0.04109589 0.9412916 0.334638 -0.04109589 0.9412916 0.1545988 0.007827789 0.9882583 0.1448141 0.3385518 0.9295499 0.1545988 0.007827789 0.9882583 -0.1213307 0.6027398 0.7886497 0.1448141 0.3385518 0.9295499 0.1448141 0.3385518 0.9295499 -0.1213307 0.6027398 0.7886497 0.0704501 0.9980431 0.001956947 -0.1213307 0.6027398 0.7886497 -0.2309198 0.9726027 -0.001956947 0.0704501 0.9980431 0.001956947 0.1037182 0.3522505 -0.9295499 0.0704501 0.9980431 0.001956947 -0.146771 0.6340509 -0.7592955 0.0704501 0.9980431 0.001956947 -0.2309198 0.9726027 -0.001956947 -0.146771 0.6340509 -0.7592955 0.1389433 0.01761252 -0.9902152 -0.146771 0.6340509 -0.7592955 0.2172211 0.06457926 -0.9745597 0.2172211 0.06457926 -0.9745597 -0.146771 0.6340509 -0.7592955 -0.2641879 0.964775 0 0.1389433 0.01761252 -0.9902152 0.2172211 0.06457926 -0.9745597 0.4481409 -0.4951076 -0.7436399 0.2172211 0.06457926 -0.9745597 0.5068493 -0.5146771 -0.6927593 0.4481409 -0.4951076 -0.7436399 0.4481409 -0.4951076 -0.7436399 0.5068493 -0.5146771 -0.6927593 0.667319 -0.7416829 0.05283757 0.5068493 -0.5146771 -0.6927593 0.592955 -0.7514677 0.2857143 0.667319 -0.7416829 0.05283757 -0.2309198 0.9726027 -0.001956947 -0.2641879 0.964775 0 -0.146771 0.6340509 -0.7592955 0.8454012 0.5322896 0 0.4559687 0.2700587 -0.8473581 -0.1976517 0.9804305 0 0.4559687 0.2700587 -0.8473581 0.8454012 0.5322896 0 0.7612525 -0.1917808 -0.6203523 0.7612525 -0.1917808 -0.6203523 0.8454012 0.5322896 0 0.8923679 -0.4500979 0 0.8923679 -0.4500979 0 0.8454012 0.5322896 0 0.7612525 -0.1917808 0.6203523 0.7612525 -0.1917808 0.6203523 0.8454012 0.5322896 0 0.4559687 0.2700587 0.8473581 0.4559687 0.2700587 0.8473581 0.8454012 0.5322896 0 0.04500978 0.739726 0.6712329 0.04500978 0.739726 0.6712329 0.8454012 0.5322896 0 -0.1976517 0.9804305 0 0.1037182 0.3522505 -0.9295499 0.5342466 0.2250489 -0.81409 0.0704501 0.9980431 0.001956947 0.0704501 0.9980431 0.001956947 0.5342466 0.2250489 -0.81409 0.9960861 0.08806262 0 0.0704501 0.9980431 0.001956947 0.9960861 0.08806262 0 0.5303327 0.2191781 0.8199608 0.0704501 0.9980431 0.001956947 0.5303327 0.2191781 0.8199608 0.1448141 0.3385518 0.9295499 0.9960861 -0.09784736 0 0.890411 -0.4540117 0.001956947 0.7592955 -0.1956947 0.6203523 -0.8923679 -0.4500979 0.001956947 -0.6536204 -0.7553816 0.06066536 -0.5205479 -0.2641879 -0.8121331 -0.8923679 -0.4500979 0.001956947 -0.5244619 -0.2622309 0.8101761 -0.6536204 -0.7553816 0.06066536 -0.6536204 -0.7553816 0.06066536 -0.5244619 -0.2622309 0.8101761 -0.4324853 -0.5009785 0.7495108 -0.5244619 -0.2622309 0.8101761 -0.3483366 -0.037182 0.9354208 -0.4324853 -0.5009785 0.7495108 -0.4324853 -0.5009785 0.7495108 -0.3483366 -0.037182 0.9354208 -0.1526419 0.009784736 0.9882583 -0.3483366 -0.037182 0.9354208 -0.2015656 0.37182 0.9060665 -0.1526419 0.009784736 0.9882583 -0.1526419 0.009784736 0.9882583 -0.2015656 0.37182 0.9060665 0.09784736 0.5792564 0.8082192 -0.2015656 0.37182 0.9060665 -0.2367906 0.9706458 0.001956947 0.09784736 0.5792564 0.8082192 0.09784736 0.5792564 0.8082192 -0.2367906 0.9706458 0.001956947 0.2348337 0.9726027 -0.001956947 -0.1545988 0.3855186 -0.9099804 0.109589 0.6203523 -0.776908 -0.2367906 0.9706458 0.001956947 -0.6927593 -0.2837573 -0.6634051 -0.8101761 -0.5870842 0 -0.8806262 0.4716243 0 -0.8101761 -0.5870842 0 -0.6927593 -0.2837573 0.6634051 -0.8806262 0.4716243 0 -0.9158513 0.07632094 0.3953033 -0.6144814 0.09197652 0.7827789 -0.8473581 0.03131115 0.5303327 -0.1545988 0.3855186 -0.9099804 -0.2367906 0.9706458 0.001956947 -0.592955 0.2152642 -0.7749511 -0.5714286 0.08219178 0.816047 -0.5029354 0.1682975 0.8473581 -0.6242661 0.04109589 0.7808219 -0.6242661 0.04109589 0.7808219 -0.5029354 0.1682975 0.8473581 -0.6007828 0.1937378 0.7749511 -0.2367906 0.9706458 0.001956947 -1 -0.001956947 0 -0.592955 0.2152642 -0.7749511 -0.2367906 0.9706458 0.001956947 -0.6007828 0.1937378 0.7749511 -1 -0.001956947 0 -0.6007828 0.1937378 0.7749511 -0.5029354 0.1682975 0.8473581 -0.7455969 0.005870841 0.6653621 0.5303327 0.2191781 0.8199608 0.9960861 0.08806262 0 0.7084149 0.0704501 0.702544 0.7181996 -0.04305284 -0.6947162 0.4129159 0.1076321 -0.9041096 0.09001957 0.2348337 -0.9667319 -0.4148728 0.08806262 -0.9060665 -0.7240704 -0.06849315 -0.6868885 -0.09001957 0.2348337 -0.9667319 -0.7240704 -0.06849315 0.6868885 -0.4148728 0.08806262 0.9060665 -0.09001957 0.2348337 0.9667319 0.4129159 0.1076321 0.9041096 0.7181996 -0.04305284 0.6947162 0.09001957 0.2348337 0.9667319 -0.4520548 0.8923679 0 -0.1193738 0.1937378 -0.9745597 -0.6457925 -0.2328767 -0.7279844 -0.4520548 0.8923679 0 -0.6457925 -0.2328767 -0.7279844 -0.9041096 -0.4285714 0 -0.4520548 0.8923679 0 -0.9041096 -0.4285714 0 -0.6457925 -0.2328767 0.7279844 -0.4520548 0.8923679 0 -0.6457925 -0.2328767 0.7279844 -0.1193738 0.1937378 0.9745597 -0.4520548 0.8923679 0 -0.1193738 0.1937378 0.9745597 0.3600783 0.5909981 0.7221135 -0.4520548 0.8923679 0 0.3600783 0.5909981 0.7221135 0.5909981 0.8062623 0 0.09393346 0.2152642 -0.9726027 0.4872798 0.8727984 0 0.6692759 -0.1409002 -0.7299413 0.6692759 -0.1409002 -0.7299413 0.4872798 0.8727984 0 0.9530333 -0.3033268 0 0.9530333 -0.3033268 0 0.4872798 0.8727984 0 0.6692759 -0.1409002 0.7299413 0.6692759 -0.1409002 0.7299413 0.4872798 0.8727984 0 0.09393346 0.2152642 0.9726027 0.09393346 0.2152642 0.9726027 0.4872798 0.8727984 0 -0.4050881 0.5518591 0.7279844 -0.4050881 0.5518591 0.7279844 0.4872798 0.8727984 0 -0.6575342 0.7534246 0 0.1800391 0.5831702 0.7925636 0 0.7240704 0.6888454 -0.003913894 1 0 0 0.7240704 0.6888454 -0.183953 0.5812133 0.7925636 -0.003913894 1 0 -0.2367906 0.9706458 0.001956947 -0.2015656 0.37182 0.9060665 -0.6007828 0.1937378 0.7749511 -0.9960861 -0.09393346 0 -0.7573385 -0.01956947 0.6536204 -0.8923679 -0.4500979 0.001956947 0.9960861 0.08806262 0 0.5342466 0.2250489 -0.81409 0.7123288 0.06066536 -0.6986302 -0.8923679 -0.4500979 0.001956947 -0.7573385 -0.01956947 0.6536204 -0.5244619 -0.2622309 0.8101761 0.7592955 -0.1956947 0.6203523 0.890411 -0.4540117 0.001956947 0.5342466 -0.2739726 0.7984344 0 1 0 0 1 0 0 1 0 0 1 0 0 1 0 0 1 0 -0.8317025 0.03913894 -0.553816 -0.4598826 -0.8043053 -0.3776908 -0.4187867 0.04305284 -0.9080235 -0.7690802 0.1037182 -0.630137 -0.8317025 0.03913894 -0.553816 -0.7064579 0.06457926 -0.704501 -0.6007828 0.1643836 -0.7827789 -0.5870842 0.01369863 -0.8101761 -0.3835616 0.09589041 -0.9178082 0.4559687 -0.1585127 0.8747554 0.3463796 0.18591 0.9197652 0.2172211 -0.1174168 0.9686888 0.4872798 -0.148728 0.8610567 0.3855186 0.2485323 0.888454 0.4774951 0.2681018 0.8375734 -0.5636008 0.2837573 0.7749511 -0.3365949 0.09197652 0.9373777 -0.7377691 0.07436399 0.6712329 -0.3365949 0.09197652 0.9373777 -0.6849315 0.1037182 0.7201566 -0.3561644 0.1272016 0.925636 0.5772994 0.2485323 0.776908 0.7318982 0.0704501 0.6790606 0.3405088 0.08414873 0.9354208 0.6849315 0.1037182 0.7201566 0.3405088 0.08414873 0.9354208 0.3561644 0.1272016 0.925636 0.009784736 -0.111546 -0.9941292 0.3287671 -0.7984344 -0.5029354 -0.007827789 0.2915851 -0.9569471 0.5479452 -0.1252446 -0.8258317 0.1741683 0.7162427 -0.6751468 0.7592955 0.06066536 -0.6477495 0.2113503 0.2485323 -0.9452055 0.5342466 0.6066536 -0.5890411 0.260274 0.18591 -0.9471624 0.5342466 0.6066536 -0.5890411 0.3855186 0.6986302 -0.6027398 0.4696673 0.221135 -0.8551859 0.260274 0.18591 -0.9471624 -0.5205479 -0.2641879 -0.8121331 -0.6536204 -0.7553816 0.06066536 -0.4207436 -0.4911937 -0.7612525 -0.6536204 -0.7553816 0.06066536 -0.4774951 -0.5009785 -0.7201566 -0.148728 0.01369863 -0.9882583 -0.4207436 -0.4911937 -0.7612525 -0.1643836 0.07632094 -0.9843444 -0.4207436 -0.4911937 -0.7612525 -0.1545988 0.3855186 -0.9099804 -0.5205479 -0.2641879 -0.8121331 -0.1643836 0.07632094 -0.9843444 -0.4207436 -0.4911937 -0.7612525 -0.4774951 -0.5009785 -0.7201566 -0.4774951 -0.5009785 -0.7201566 -0.4520548 0.221135 -0.8649706 -0.6927593 -0.2837573 -0.6634051 -0.4520548 0.221135 -0.8649706 -0.8806262 0.4716243 0 -0.4774951 -0.5009785 -0.7201566 -0.6536204 -0.7553816 0.06066536 -0.592955 -0.7436399 0.3072407 -0.592955 -0.7436399 0.3072407 -0.6927593 -0.2837573 -0.6634051 -0.8101761 -0.5870842 0 0.3248532 0.9452055 0 0.109589 0.6203523 -0.776908 -0.1643836 0.07632094 -0.9843444 0.3248532 0.9452055 0 -0.4520548 0.221135 -0.8649706 0.0665362 0.9980431 0 -0.8806262 0.4716243 0 -0.4520548 0.221135 -0.8649706 -0.6927593 -0.2837573 0.6634051 -0.4520548 0.221135 0.8649706 -0.8806262 0.4716243 0 -0.4520548 0.221135 0.8649706 -0.4344423 -0.5009785 0.7475538 -0.1350294 0.05870841 0.9882583 -0.1526419 0.009784736 0.9882583 -0.4344423 -0.5009785 0.7475538 -0.4324853 -0.5009785 0.7495108 -0.4520548 0.221135 0.8649706 -0.1643836 0.7064579 0.6888454 -0.8806262 0.4716243 0 0.1193738 0.5401174 0.8336595 -0.4520548 0.221135 0.8649706 -0.1350294 0.05870841 0.9882583 -0.9138943 0.09784736 0.3933464 -0.6692759 0.1213307 0.7318982 -0.9158513 0.07632094 0.3953033 -0.6692759 0.1213307 0.7318982 -0.9119374 0.08414873 0.3992172 -0.6849315 0.1037182 0.7201566 -0.6692759 0.1213307 0.7318982 -0.3502935 0.1448141 0.925636 -0.6438356 0.1213307 0.7553816 -0.3502935 0.1448141 0.925636 -0.6849315 0.1037182 0.7201566 -0.3561644 0.1272016 0.925636 -0.6164383 0.08806262 -0.7827789 -0.8962818 0.08219178 -0.4344423 -0.8062623 0.0332681 -0.5909981 -0.8062623 0.0332681 -0.5909981 -0.479452 0.1800391 -0.8590998 -0.592955 0.2152642 -0.7749511 -0.6438356 0.1213307 0.7553816 -0.3072407 0.1369863 0.9412916 -0.6144814 0.09197652 0.7827789 -0.3072407 0.1369863 0.9412916 -0.5714286 0.08219178 0.816047 -0.2426614 0.2133072 0.9471624 -0.5714286 0.08219178 0.816047 -0.2426614 0.2133072 0.9471624 -0.5029354 0.1682975 0.8473581 -0.5029354 0.1682975 0.8473581 -0.1193738 0.260274 0.9569471 -0.4148728 0.08806262 0.9060665 -0.592955 0.2152642 -0.7749511 -1 -0.001956947 0 -0.7514677 -0.01565558 -0.6594912 -0.9902152 -0.1389433 0 -0.7514677 -0.01565558 -0.6594912 -0.7240704 -0.06849315 -0.6868885 -1 -0.001956947 0 -0.6007828 0.1937378 0.7749511 -0.7455969 0.005870841 0.6653621 -0.7455969 0.005870841 0.6653621 -0.9902152 -0.1389433 0 -0.7240704 -0.06849315 0.6868885 0.8669276 -0.003913894 0.4970646 0.9960861 -0.09784736 0 0.7592955 -0.1956947 0.6203523 1 0.04109589 0 0.8669276 -0.003913894 0.4970646 0.8923679 0.06457926 0.4461839 0.9960861 0.09001957 0 1 0.04109589 0 0.9041096 0.0998043 0.4129159 0.9980431 0.07240704 -0.001956947 0.9119374 0.08414873 0.3992172 0.4872798 0.1722113 0.8551859 0.5303327 0.2191781 0.8199608 0.7084149 0.0704501 0.702544 0.5636008 0.04109589 0.8238748 0.4872798 0.1722113 0.8551859 0.5401174 0.08610567 0.8375734 -0.5636008 0.4109589 -0.7162427 -0.8297456 0.1819961 -0.5264188 -0.4677104 0.6477495 -0.6007828 -0.8982387 0.2504892 -0.3620352 -0.8297456 0.1819961 -0.5264188 -0.6007828 0.1643836 -0.7827789 -0.8317025 0.03913894 -0.553816 0.4677104 0.6477495 -0.6007828 0.8297456 0.1819961 -0.5264188 0.5636008 0.4109589 -0.7162427 0.8297456 0.1819961 -0.5264188 0.9041096 0.2407045 -0.3542074 0.5127202 0.1017613 -0.853229 0.8023483 0.04305284 -0.5968689 -0.1643836 0.7064579 0.6888454 0.0665362 0.9980431 0 -0.8806262 0.4716243 0 0.3248532 0.9452055 0 0.1193738 0.5401174 0.8336595 -0.1643836 0.7064579 0.6888454 -0.3268102 0.148728 0.9334638 0.02935421 0.1565558 0.9863014 -0.3072407 0.1369863 0.9412916 0.02348337 0.2309198 0.9726027 -0.2426614 0.2133072 0.9471624 -0.3072407 0.1369863 0.9412916 -0.853229 -0.1800391 -0.4892368 -0.9217221 -0.1135029 -0.37182 -0.8297456 0.1819961 -0.5264188 -0.8982387 0.2504892 -0.3620352 0.9041096 0.2407045 -0.3542074 0.9138943 -0.1232877 -0.3855186 0.8297456 0.1819961 -0.5264188 0.853229 -0.1800391 -0.4892368 0 0.7827789 -0.6223092 0 0.6731898 -0.7377691 -0.4677104 0.6477495 -0.6007828 -0.5636008 0.4109589 -0.7162427 0 -0.1311155 -0.9921722 -0.853229 -0.1800391 -0.4892368 -0.5636008 0.4109589 -0.7162427 -0.8297456 0.1819961 -0.5264188 0.5127202 0.1017613 -0.853229 0.4677104 0.6477495 -0.6007828 0 0.3600783 -0.9334638 0 0.7827789 -0.6223092 0 0.7827789 -0.6223092 0.4677104 0.6477495 -0.6007828 0 0.6731898 -0.7377691 0.5636008 0.4109589 -0.7162427 0.8297456 0.1819961 -0.5264188 0.853229 -0.1800391 -0.4892368 0.5636008 0.4109589 -0.7162427 0 -0.1311155 -0.9921722 -0.6007828 0.1643836 -0.7827789 -0.3835616 0.09589041 -0.9178082 0 0.3600783 -0.9334638 0 0.1154599 -0.9941292 -0.3835616 0.09589041 -0.9178082 0 0.1545988 -0.9882583 -0.3620352 0.1409002 -0.9217221 -0.9217221 -0.1135029 -0.37182 -0.4598826 -0.8043053 -0.3776908 -0.8982387 0.2504892 -0.3620352 -0.8317025 0.03913894 -0.553816 0.3659491 0.1213307 -0.9236791 0.5127202 0.1017613 -0.853229 0 0.3600783 -0.9334638 0 0.1154599 -0.9941292 0 0.1545988 -0.9882583 0.3659491 0.1213307 -0.9236791 0.3542074 0.148728 -0.9236791 -0.6007828 0.1643836 -0.7827789 0 0.3600783 -0.9334638 -0.4677104 0.6477495 -0.6007828 0 0.7827789 -0.6223092 0.6575342 0.04696673 -0.7514677 0.6908023 0.1154599 -0.7123288 0.9001957 0.06066536 -0.4324853 0.9060665 0.08023483 -0.4129159 0.6575342 0.04696673 -0.7514677 0.3659491 0.1213307 -0.9236791 0.6908023 0.1154599 -0.7123288 0.3542074 0.148728 -0.9236791 -0.5479452 0.1232877 -0.8277887 -0.5479452 0.1232877 -0.8277887 -0.3835616 0.09589041 -0.9178082 -0.3620352 0.1409002 -0.9217221 -0.9295499 0.04500978 0.3659491 -0.9119374 0.08414873 0.3992172 -0.9980431 0.04500978 0.005870841 -0.9980431 0.07240704 -0.001956947 -0.9295499 0.04500978 0.3659491 -0.7377691 0.07436399 0.6712329 -0.9119374 0.08414873 0.3992172 -0.6849315 0.1037182 0.7201566 0.03522505 0.08023483 0.9960861 0 0.1350294 0.9902152 -0.3365949 0.09197652 0.9373777 -0.3561644 0.1272016 0.925636 0.03522505 0.08023483 0.9960861 0.3405088 0.08414873 0.9354208 0 0.1350294 0.9902152 0.3561644 0.1272016 0.925636 0.9373777 0.04500978 0.3444227 0.9119374 0.08414873 0.3992172 0.7318982 0.0704501 0.6790606 0.6849315 0.1037182 0.7201566 0.9373777 0.04500978 0.3444227 0.9980431 0.04892368 0.007827789 0.9119374 0.08414873 0.3992172 0.9980431 0.07240704 -0.001956947 -0.5636008 0.2837573 0.7749511 -0.3072407 0.853229 0.4227006 -0.3679061 0.3091977 0.8767123 0.2563601 0.7162427 0.6497065 -0.7064579 0.704501 -0.05675147 -0.3072407 0.853229 0.4227006 -0.7906067 0.2054795 0.5792564 -0.5636008 0.2837573 0.7749511 0.2563601 0.7162427 0.6497065 -0.3072407 0.853229 0.4227006 0.1819961 0.7553816 0.62818 -0.2367906 0.9158513 0.3268102 0.5459883 0.2915851 0.7866927 0.2563601 0.7162427 0.6497065 0.4774951 0.2681018 0.8375734 0.1819961 0.7553816 0.62818 -0.2367906 0.9158513 0.3268102 -0.3072407 0.853229 0.4227006 -0.6516634 0.7592955 0.01761252 -0.7064579 0.704501 -0.05675147 0.4872798 -0.148728 0.8610567 0.55773 -0.111546 0.8219178 0.4774951 0.2681018 0.8375734 0.5459883 0.2915851 0.7866927 -0.2367906 0.9158513 0.3268102 -0.3365949 0.8199608 0.4637965 0.1819961 0.7553816 0.62818 0.04305284 0.6986302 0.7142857 0.1819961 0.7553816 0.62818 0.04305284 0.6986302 0.7142857 0.4774951 0.2681018 0.8375734 0.3855186 0.2485323 0.888454 -0.9941292 0.109589 -0.01369863 -0.9021527 0.297456 -0.3111546 -0.960861 0.2739726 0.04892368 -0.7064579 0.704501 -0.05675147 -0.2367906 0.9158513 0.3268102 -0.6516634 0.7592955 0.01761252 -0.3365949 0.8199608 0.4637965 -0.6868885 0.704501 0.1819961 -0.6516634 0.7592955 0.01761252 -0.7064579 0.704501 -0.05675147 -0.9412916 0.2720157 -0.2015656 -0.9021527 0.297456 -0.3111546 -0.3365949 0.8199608 0.4637965 -0.407045 0.7201566 0.5616438 0.04305284 0.6986302 0.7142857 -0.08610567 0.6066536 0.7906067 -0.3365949 0.8199608 0.4637965 -0.6868885 0.704501 0.1819961 -0.407045 0.7201566 0.5616438 -0.7240704 0.6046967 0.3287671 -0.6516634 0.7592955 0.01761252 -0.9412916 0.2720157 -0.2015656 -0.6868885 0.704501 0.1819961 -0.962818 0.2504892 -0.09589041 -0.9021527 0.297456 -0.3111546 -0.9491194 -0.1056751 -0.2994129 -0.9412916 0.2720157 -0.2015656 -0.9667319 -0.148728 -0.2074364 -0.9412916 0.2720157 -0.2015656 -0.9667319 -0.148728 -0.2074364 -0.962818 0.2504892 -0.09589041 -0.9706458 -0.1663405 -0.1722113 -0.8825831 0.109589 0.4559687 -0.7906067 0.2054795 0.5792564 -0.9295499 0.04500978 0.3659491 -0.7377691 0.07436399 0.6712329 0.06262231 0.05479452 0.9960861 0.1409002 0.18591 0.9726027 -0.03131115 -0.1135029 0.9921722 0.1917808 0.007827789 0.9804305 -0.3365949 0.09197652 0.9373777 -0.09197652 0.1272016 0.9882583 0.03522505 0.08023483 0.9960861 0.06262231 0.05479452 0.9960861 -0.9491194 -0.05088063 0.3091977 -0.9275929 -0.0998043 0.3600783 -0.960861 0.2739726 0.04892368 -0.9941292 0.109589 -0.01369863 -0.7240704 0.6046967 0.3287671 -0.9843444 0.1780822 -0.0332681 -0.9569471 0.221135 0.18591 -0.962818 0.2504892 -0.09589041 0.5772994 0.2485323 0.776908 0.2465753 0.888454 0.3874756 0.7221135 0.2700587 0.6360078 0.6457925 0.7592955 0.08023483 -0.2485323 0.7749511 0.5792564 0.2465753 0.888454 0.3874756 0.2407045 0.1565558 0.9589041 0.5772994 0.2485323 0.776908 0.6457925 0.7592955 0.08023483 0.2465753 0.888454 0.3874756 0.6046967 0.7925636 0.08610567 0.221135 0.9158513 0.334638 0.9471624 0.2915851 -0.1428571 0.6457925 0.7592955 0.08023483 0.9510763 0.2876712 -0.1193738 0.6046967 0.7925636 0.08610567 0.221135 0.9158513 0.334638 0.2465753 0.888454 0.3874756 -0.1624266 0.7945206 0.5831702 -0.2485323 0.7749511 0.5792564 0.9784736 -0.1624266 -0.1252446 0.9765166 -0.1193738 -0.183953 0.9510763 0.2876712 -0.1193738 0.9471624 0.2915851 -0.1428571 0.6046967 0.7925636 0.08610567 0.221135 0.9158513 0.334638 0.6399217 0.7240704 0.2563601 0.3209393 0.81409 0.483366 0.9510763 0.2876712 -0.1193738 0.6046967 0.7925636 0.08610567 0.9765166 0.2093934 0.04305284 0.6399217 0.7240704 0.2563601 -0.2367906 0.08610567 0.9667319 -0.5753425 0.3091977 0.7553816 -0.1409002 0.2720157 0.9510763 -0.2485323 0.7749511 0.5792564 0.3209393 0.81409 0.483366 0.221135 0.9158513 0.334638 -0.01369863 0.7299413 0.6829746 -0.1624266 0.7945206 0.5831702 -0.1624266 0.7945206 0.5831702 -0.2485323 0.7749511 0.5792564 -0.4970646 0.2896282 0.8180039 -0.5753425 0.3091977 0.7553816 0.9804305 -0.1996086 -0.009784736 0.9784736 -0.1624266 -0.1252446 0.9765166 0.2093934 0.04305284 0.9510763 0.2876712 -0.1193738 0.3209393 0.81409 0.483366 0.3776908 0.7318982 0.5675147 0.6399217 0.7240704 0.2563601 0.8551859 0.4187867 0.3052838 0.3209393 0.81409 0.483366 -0.01369863 0.7299413 0.6829746 0.3776908 0.7318982 0.5675147 -0.04696673 0.4207436 0.9060665 -0.01369863 0.7299413 0.6829746 -0.1624266 0.7945206 0.5831702 -0.3542074 0.2328767 0.9060665 -0.4970646 0.2896282 0.8180039 -0.5753425 0.3091977 0.7553816 -0.6066536 -0.1135029 0.7866927 -0.4970646 0.2896282 0.8180039 -0.518591 -0.1624266 0.8395303 -0.4970646 0.2896282 0.8180039 -0.518591 -0.1624266 0.8395303 -0.3542074 0.2328767 0.9060665 -0.4187867 0.04892368 0.9060665 0.9510763 -0.06262231 0.3052838 0.9569471 0.1585127 0.2407045 0.960861 -0.1174168 0.2524462 0.9941292 -0.02348337 0.1076321 0.06262231 0.05479452 0.9960861 -0.03131115 -0.1135029 0.9921722 -0.1409002 0.2720157 0.9510763 -0.2367906 0.08610567 0.9667319 -0.9315069 0.2465753 -0.2681018 -0.4266145 0.888454 -0.1682975 -0.960861 0.260274 -0.09197652 -0.5694716 0.7592955 0.3150685 -0.6868885 0.2857143 0.667319 -0.5694716 0.7592955 0.3150685 -0.6712329 0.2876712 0.6829746 -0.4990215 0.8082192 0.3111546 -0.3307241 0.9354208 -0.1252446 -0.4266145 0.888454 -0.1682975 -0.1663405 0.8101761 -0.5616438 -0.1565558 0.7690802 -0.6203523 -0.6868885 -0.1624266 0.7084149 -0.6810176 -0.1193738 0.7221135 -0.6712329 0.2876712 0.6829746 -0.6868885 0.2857143 0.667319 -0.1565558 0.7690802 -0.6203523 -0.7690802 0.1037182 -0.630137 -0.02935421 0.2994129 -0.9530333 -0.4187867 0.04305284 -0.9080235 -0.4990215 0.8082192 0.3111546 -0.3307241 0.9354208 -0.1252446 -0.6164383 0.7612525 0.2074364 -0.4853229 0.8551859 -0.1819961 -0.6712329 0.2876712 0.6829746 -0.4990215 0.8082192 0.3111546 -0.7808219 0.221135 0.5831702 -0.6164383 0.7612525 0.2074364 -0.4853229 0.8551859 -0.1819961 -0.3307241 0.9354208 -0.1252446 -0.3268102 0.7651663 -0.553816 -0.1663405 0.8101761 -0.5616438 -0.1663405 0.8101761 -0.5616438 -0.1565558 0.7690802 -0.6203523 -0.04109589 0.2896282 -0.9569471 -0.02935421 0.2994129 -0.9530333 -0.7553816 -0.1996086 0.6242661 -0.6868885 -0.1624266 0.7084149 -0.7808219 0.221135 0.5831702 -0.6712329 0.2876712 0.6829746 -0.4853229 0.8551859 -0.1819961 -0.6379648 0.7318982 -0.2367906 -0.6164383 0.7612525 0.2074364 -0.8688846 0.4227006 0.258317 -0.4853229 0.8551859 -0.1819961 -0.3268102 0.7651663 -0.553816 -0.6379648 0.7318982 -0.2367906 -0.4911937 0.4246575 -0.7612525 -0.3268102 0.7651663 -0.553816 -0.1663405 0.8101761 -0.5616438 -0.1956947 0.2191781 -0.9549902 -0.04109589 0.2896282 -0.9569471 -0.9491194 -0.05088063 0.3091977 -0.925636 0.1878669 0.3307241 -0.9275929 -0.0998043 0.3600783 -0.8962818 -0.02348337 0.444227 -0.7690802 0.1037182 -0.630137 -0.8277887 0.1682975 -0.5342466 -0.7064579 0.06457926 -0.704501 -0.9138943 0.05479452 -0.4011742 -0.7064579 0.06457926 -0.704501 -0.6810176 0.111546 -0.7240704 -0.9119374 0.08219178 -0.4011742 0.9197652 0.2778865 -0.2759295 0.4970646 0.853229 -0.1604697 0.8199608 0.1976517 -0.5381604 0.1741683 0.7162427 -0.6751468 0.5381604 0.704501 0.4637965 0.4970646 0.853229 -0.1604697 0.9804305 0.1956947 0.009784736 0.9197652 0.2778865 -0.2759295 0.1741683 0.7162427 -0.6751468 0.4970646 0.853229 -0.1604697 0.221135 0.7553816 -0.6164383 0.3835616 0.9158513 -0.1252446 -0.007827789 0.2915851 -0.9569471 0.1741683 0.7162427 -0.6751468 0.1056751 0.2681018 -0.9569471 0.221135 0.7553816 -0.6164383 0.3835616 0.9158513 -0.1252446 0.5440313 0.8199608 -0.1780822 0.221135 0.7553816 -0.6164383 0.3855186 0.6986302 -0.6027398 0.221135 0.7553816 -0.6164383 0.3855186 0.6986302 -0.6027398 0.1056751 0.2681018 -0.9569471 0.2113503 0.2485323 -0.9452055 0.7749511 0.09197652 0.6262231 0.5420744 0.2994129 0.7847358 0.7925636 0.2544031 0.553816 0.5381604 0.704501 0.4637965 0.5381604 0.7592955 0.3679061 0.5381604 0.704501 0.4637965 0.6438356 0.2720157 0.7162427 0.5420744 0.2994129 0.7847358 0.5440313 0.8199608 -0.1780822 0.6594912 0.7201566 -0.2152642 0.3855186 0.6986302 -0.6027398 0.5342466 0.6066536 -0.5890411 0.5440313 0.8199608 -0.1780822 0.6614481 0.704501 0.2563601 0.6594912 0.7201566 -0.2152642 0.778865 0.6046967 0.1604697 0.5381604 0.7592955 0.3679061 0.6438356 0.2720157 0.7162427 0.6614481 0.704501 0.2563601 0.7221135 0.2504892 0.6438356 0.5420744 0.2994129 0.7847358 0.5909981 -0.1056751 0.8003914 0.6438356 0.2720157 0.7162427 0.6594912 -0.148728 0.7358121 0.6438356 0.2720157 0.7162427 0.6594912 -0.148728 0.7358121 0.7221135 0.2504892 0.6438356 0.6849315 -0.1663405 0.7103718 0.9373777 0.04500978 0.3444227 0.9804305 0.09197652 0.1761252 0.9980431 0.04892368 0.007827789 0.9804305 0.1956947 0.009784736 0.9001957 0.06066536 -0.4324853 0.8199608 0.1976517 -0.5381604 0.6575342 0.04696673 -0.7514677 0.7592955 0.06066536 -0.6477495 0.7592955 0.06066536 -0.6477495 0.5479452 -0.1252446 -0.8258317 0.6575342 0.04696673 -0.7514677 0.8023483 0.04305284 -0.5968689 0.9510763 -0.06262231 0.3052838 0.960861 -0.1174168 0.2524462 0.7925636 0.2544031 0.553816 0.7749511 0.09197652 0.6262231 -0.5479452 0.1056751 -0.8297456 -0.7064579 0.06457926 -0.704501 -0.5479452 0.1056751 -0.8297456 -0.6810176 0.111546 -0.7240704 0.5322896 -0.2759295 -0.8003914 0.1037182 0.3522505 -0.9295499 0.4481409 -0.4951076 -0.7436399 0.1389433 0.01761252 -0.9902152 0.592955 -0.7514677 0.2857143 0.4540117 -0.5303327 0.7162427 0.667319 -0.7416829 0.05283757 0.4559687 -0.5107632 0.7299413 0.4559687 -0.5107632 0.7299413 0.4540117 -0.5303327 0.7162427 0.1545988 0.007827789 0.9882583 0.1898239 0.0332681 0.9804305 0.1545988 0.007827789 0.9882583 0.1898239 0.0332681 0.9804305 -0.1213307 0.6027398 0.7886497 -0.06262231 0.55773 0.8277887 -0.1213307 0.6027398 0.7886497 -0.06262231 0.55773 0.8277887 -0.2309198 0.9726027 -0.001956947 -0.2641879 0.964775 0 -0.1976517 0.9804305 0 0.4559687 0.2700587 -0.8473581 -0.2641879 0.964775 0 0.2172211 0.06457926 -0.9745597 0.4559687 0.2700587 -0.8473581 0.7612525 -0.1917808 -0.6203523 0.2172211 0.06457926 -0.9745597 0.5068493 -0.5146771 -0.6927593 0.7612525 -0.1917808 -0.6203523 0.8923679 -0.4500979 0 0.5068493 -0.5146771 -0.6927593 0.592955 -0.7514677 0.2857143 0.592955 -0.7514677 0.2857143 0.8923679 -0.4500979 0 0.4540117 -0.5303327 0.7162427 0.7612525 -0.1917808 0.6203523 0.4540117 -0.5303327 0.7162427 0.7612525 -0.1917808 0.6203523 0.1898239 0.0332681 0.9804305 0.4559687 0.2700587 0.8473581 0.1898239 0.0332681 0.9804305 0.4559687 0.2700587 0.8473581 -0.06262231 0.55773 0.8277887 0.04500978 0.739726 0.6712329 -0.06262231 0.55773 0.8277887 0.04500978 0.739726 0.6712329 -0.2641879 0.964775 0 -0.1976517 0.9804305 0 0.5322896 -0.2759295 -0.8003914 0.890411 -0.4540117 0.001956947 0.8669276 -0.003913894 -0.4970646 0.9960861 -0.09784736 0 0.8669276 -0.003913894 -0.4970646 1 0.04109589 0 0.8923679 0.06457926 -0.4461839 1 0.04109589 0 0.9960861 0.09001957 0 0.9041096 0.0998043 -0.4129159 0.9980431 0.07240704 -0.001956947 0.9060665 0.08023483 -0.4129159 0.1448141 0.3385518 0.9295499 0.5303327 0.2191781 0.8199608 0.334638 -0.04109589 0.9412916 0.5636008 0.04109589 0.8238748 -0.1545988 0.3855186 -0.9099804 -0.148728 0.01369863 -0.9882583 0.109589 0.6203523 -0.776908 -0.1643836 0.07632094 -0.9843444 -0.2367906 0.9706458 0.001956947 0.109589 0.6203523 -0.776908 0.2348337 0.9726027 -0.001956947 0.3248532 0.9452055 0 -0.4324853 -0.5009785 0.7495108 -0.4344423 -0.5009785 0.7475538 -0.6536204 -0.7553816 0.06066536 -0.592955 -0.7436399 0.3072407 -0.1526419 0.009784736 0.9882583 0.09784736 0.5792564 0.8082192 -0.1350294 0.05870841 0.9882583 0.1193738 0.5401174 0.8336595 0.09784736 0.5792564 0.8082192 0.2348337 0.9726027 -0.001956947 0.1193738 0.5401174 0.8336595 0.3248532 0.9452055 0 -0.4344423 -0.5009785 0.7475538 -0.6927593 -0.2837573 0.6634051 -0.592955 -0.7436399 0.3072407 -0.8101761 -0.5870842 0 -0.6810176 0.111546 -0.7240704 -0.9119374 0.08219178 -0.4011742 -0.667319 0.1213307 -0.7358121 -0.9041096 0.0998043 -0.4129159 -0.667319 0.1213307 -0.7358121 -0.62818 0.1193738 -0.7690802 -0.8962818 0.08219178 -0.4344423 -0.6164383 0.08806262 -0.7827789 0.3561644 0.1272016 0.925636 0.6849315 0.1037182 0.7201566 0.3483366 0.1428571 0.9275929 0.667319 0.1213307 0.7358121 0.6418787 0.1076321 0.7592955 0.3248532 0.1409002 0.9354208 0.3483366 0.1428571 0.9275929 0.6849315 0.1037182 0.7201566 0.9119374 0.08414873 0.3992172 0.667319 0.1213307 0.7358121 0.9041096 0.0998043 0.4129159 0.8923679 0.06457926 0.4461839 0.6418787 0.1076321 0.7592955 0.667319 0.1213307 0.7358121 0.8923679 0.06457926 0.4461839 0.6262231 0.08219178 0.7749511 0.8669276 -0.003913894 0.4970646 -0.9158513 0.07632094 0.3953033 -0.6692759 0.1213307 0.7318982 -0.6438356 0.1213307 0.7553816 -0.6144814 0.09197652 0.7827789 -0.6438356 0.1213307 0.7553816 -0.3502935 0.1448141 0.925636 -0.3268102 0.148728 0.9334638 -0.3072407 0.1369863 0.9412916 0.6262231 0.08219178 -0.7749511 0.8669276 -0.003913894 -0.4970646 0.8923679 0.06457926 -0.4461839 0.6418787 0.1076321 -0.7592955 0.667319 0.1213307 -0.7358121 0.9041096 0.0998043 -0.4129159 0.8923679 0.06457926 -0.4461839 0.667319 0.1213307 -0.7358121 0.9060665 0.08023483 -0.4129159 0.6908023 0.1154599 -0.7123288 0.3542074 0.148728 -0.9236791 0.667319 0.1213307 -0.7358121 0 0.1506849 -0.9882583 0 0.1545988 -0.9882583 -0.8062623 0.0332681 -0.5909981 -0.9980431 0.06457926 0 -0.9960861 -0.09393346 0 -0.8062623 0.0332681 -0.5909981 -0.8923679 -0.4500979 0.001956947 -0.5205479 -0.2641879 -0.8121331 -0.8962818 0.08219178 -0.4344423 -0.9980431 0.06457926 0 -0.9960861 0.09001957 0 -0.9041096 0.0998043 -0.4129159 -0.9980431 0.07240704 -0.001956947 -0.9119374 0.08219178 -0.4011742 0.3248532 0.1409002 0.9354208 0.3170255 0.1369863 0.9393346 0.02935421 0.1565558 0.9863014 0.05479452 0.1565558 0.9863014 0.3483366 0.1428571 0.9275929 0.3248532 0.1409002 0.9354208 0.01565558 0.1526419 0.9882583 0.3561644 0.1272016 0.925636 0 0.1350294 0.9902152 0.3248532 0.1409002 0.9354208 0.6418787 0.1076321 0.7592955 0.3170255 0.1369863 0.9393346 0.6262231 0.08219178 0.7749511 0.5401174 0.08610567 0.8375734 0.3170255 0.1369863 0.9393346 0.2485323 0.2074364 0.9471624 0.4872798 0.1722113 0.8551859 0.1193738 0.2641879 0.9569471 0.4872798 0.1722113 0.8551859 0.4129159 0.1076321 0.9041096 0.02935421 0.1565558 0.9863014 0.3170255 0.1369863 0.9393346 0.02348337 0.2309198 0.9726027 0.2485323 0.2074364 0.9471624 0.8669276 -0.003913894 0.4970646 0.7592955 -0.1956947 0.6203523 0.6849315 0.01565558 0.7279844 0.5636008 0.04109589 0.8238748 0.7592955 -0.1956947 0.6203523 0.5342466 -0.2739726 0.7984344 0.334638 -0.04109589 0.9412916 0.5342466 0.2250489 -0.81409 0.8669276 -0.003913894 -0.4970646 0.5009785 0.1741683 -0.8473581 0.6262231 0.08219178 -0.7749511 0 0.1604697 -0.9863014 0 0.2270059 -0.9745597 0.6262231 0.08219178 -0.7749511 0.5009785 0.1741683 -0.8473581 -0.479452 0.1800391 -0.8590998 0 0.2270059 -0.9745597 -0.6164383 0.08806262 -0.7827789 0 0.1604697 -0.9863014 -0.6164383 0.08806262 -0.7827789 -0.62818 0.1193738 -0.7690802 0 0.1506849 -0.9882583 -0.667319 0.1213307 -0.7358121 -0.1545988 0.3855186 -0.9099804 -0.592955 0.2152642 -0.7749511 -0.5205479 -0.2641879 -0.8121331 -0.8062623 0.0332681 -0.5909981 0.4129159 0.1076321 -0.9041096 0.5009785 0.1741683 -0.8473581 0 0.3091977 -0.9510763 0 0.2270059 -0.9745597 -0.4148728 0.08806262 -0.9060665 0 0.3091977 -0.9510763 -0.479452 0.1800391 -0.8590998 0 0.2270059 -0.9745597 -0.7240704 -0.06849315 0.6868885 -0.7455969 0.005870841 0.6653621 -0.4148728 0.08806262 0.9060665 -0.5029354 0.1682975 0.8473581 -0.1193738 0.260274 0.9569471 -0.2426614 0.2133072 0.9471624 0 0.3091977 0.9510763 0.02348337 0.2309198 0.9726027 0.1193738 0.2641879 0.9569471 0 0.3091977 0.9510763 0.2485323 0.2074364 0.9471624 0.02348337 0.2309198 0.9726027 0.7181996 -0.04305284 0.6947162 0.4129159 0.1076321 0.9041096 0.7084149 0.0704501 0.702544 0.4872798 0.1722113 0.8551859 0.7084149 0.0704501 0.702544 0.9960861 0.08806262 0 0.7181996 -0.04305284 0.6947162 0.9941292 -0.1017613 0 0.7123288 0.06066536 -0.6986302 0.7181996 -0.04305284 -0.6947162 0.9960861 0.08806262 0 0.9941292 -0.1017613 0 -0.003913894 1 0 0.09001957 0.2348337 -0.9667319 0 0.3091977 -0.9510763 0.4129159 0.1076321 -0.9041096 -0.003913894 1 0 0 0.3091977 -0.9510763 -0.09001957 0.2348337 -0.9667319 -0.4148728 0.08806262 -0.9060665 -0.1193738 0.260274 0.9569471 0.1800391 0.5831702 0.7925636 -0.4148728 0.08806262 0.9060665 -0.09001957 0.2348337 0.9667319 0 0.3091977 0.9510763 0 0.7240704 0.6888454 -0.1193738 0.260274 0.9569471 0.1800391 0.5831702 0.7925636 0 0.3091977 0.9510763 0.1193738 0.2641879 0.9569471 0 0.7240704 0.6888454 -0.183953 0.5812133 0.7925636 0.1193738 0.2641879 0.9569471 0.4129159 0.1076321 0.9041096 -0.183953 0.5812133 0.7925636 0.09001957 0.2348337 0.9667319 -0.7240704 -0.06849315 -0.6868885 -0.6203523 -0.2074364 -0.7573385 -0.09001957 0.2348337 -0.9667319 -0.06066536 0.1937378 -0.9784736 -0.7240704 -0.06849315 -0.6868885 -0.9902152 -0.1389433 0 -0.6203523 -0.2074364 -0.7573385 -0.9217221 -0.3894325 0 -0.7240704 -0.06849315 0.6868885 -0.6203523 -0.2074364 0.7573385 -0.9902152 -0.1389433 0 -0.9217221 -0.3894325 0 -0.7240704 -0.06849315 0.6868885 -0.09001957 0.2348337 0.9667319 -0.6203523 -0.2074364 0.7573385 -0.06066536 0.1937378 0.9784736 0.1800391 0.5831702 0.7925636 0.3913894 0.5792564 0.7142857 -0.09001957 0.2348337 0.9667319 -0.06066536 0.1937378 0.9784736 -0.003913894 1 0 0.553816 0.8317025 0 0.1800391 0.5831702 0.7925636 0.3913894 0.5792564 0.7142857 0.3913894 0.5792564 -0.7142857 -0.06066536 0.1937378 -0.9784736 0.3600783 0.5909981 -0.7221135 -0.1193738 0.1937378 -0.9745597 -0.06066536 0.1937378 -0.9784736 -0.6203523 -0.2074364 -0.7573385 -0.1193738 0.1937378 -0.9745597 -0.6457925 -0.2328767 -0.7279844 -0.6203523 -0.2074364 -0.7573385 -0.9217221 -0.3894325 0 -0.6457925 -0.2328767 -0.7279844 -0.9041096 -0.4285714 0 -0.6203523 -0.2074364 0.7573385 -0.6457925 -0.2328767 0.7279844 -0.9217221 -0.3894325 0 -0.9041096 -0.4285714 0 -0.06066536 0.1937378 0.9784736 -0.1193738 0.1937378 0.9745597 -0.6203523 -0.2074364 0.7573385 -0.6457925 -0.2328767 0.7279844 0.3913894 0.5792564 0.7142857 0.3600783 0.5909981 0.7221135 -0.06066536 0.1937378 0.9784736 -0.1193738 0.1937378 0.9745597 0.553816 0.8317025 0 0.5909981 0.8062623 0 0.3913894 0.5792564 0.7142857 0.3600783 0.5909981 0.7221135 0.553816 0.8317025 0 0.3913894 0.5792564 -0.7142857 0.5909981 0.8062623 0 0.3600783 0.5909981 -0.7221135 0.5909981 0.8062623 0 0.3600783 0.5909981 -0.7221135 -0.4520548 0.8923679 0 -0.1193738 0.1937378 -0.9745597 0.07240704 0.1722113 -0.9823875 0.6477495 -0.1761252 -0.7416829 0.09001957 0.2348337 -0.9667319 0.7181996 -0.04305284 -0.6947162 0.7181996 -0.04305284 -0.6947162 0.6477495 -0.1761252 -0.7416829 0.9941292 -0.1017613 0 0.9452055 -0.3268102 0 0.9452055 -0.3268102 0 0.6477495 -0.1761252 0.7416829 0.9941292 -0.1017613 0 0.7181996 -0.04305284 0.6947162 0.7181996 -0.04305284 0.6947162 0.6477495 -0.1761252 0.7416829 0.09001957 0.2348337 0.9667319 0.07240704 0.1722113 0.9823875 0.07240704 0.1722113 0.9823875 -0.4109589 0.5459883 0.7299413 0.09001957 0.2348337 0.9667319 -0.183953 0.5812133 0.7925636 -0.4109589 0.5459883 0.7299413 -0.592955 0.8043053 0 -0.183953 0.5812133 0.7925636 -0.003913894 1 0 -0.4109589 0.5459883 -0.7299413 -0.4050881 0.5518591 -0.7279844 0.07240704 0.1722113 -0.9823875 0.09393346 0.2152642 -0.9726027 0.07240704 0.1722113 -0.9823875 0.09393346 0.2152642 -0.9726027 0.6477495 -0.1761252 -0.7416829 0.6692759 -0.1409002 -0.7299413 0.6477495 -0.1761252 -0.7416829 0.6692759 -0.1409002 -0.7299413 0.9452055 -0.3268102 0 0.9530333 -0.3033268 0 0.9530333 -0.3033268 0 0.6692759 -0.1409002 0.7299413 0.9452055 -0.3268102 0 0.6477495 -0.1761252 0.7416829 0.6692759 -0.1409002 0.7299413 0.09393346 0.2152642 0.9726027 0.6477495 -0.1761252 0.7416829 0.07240704 0.1722113 0.9823875 0.09393346 0.2152642 0.9726027 -0.4050881 0.5518591 0.7279844 0.07240704 0.1722113 0.9823875 -0.4109589 0.5459883 0.7299413 -0.4050881 0.5518591 0.7279844 -0.6575342 0.7534246 0 -0.4109589 0.5459883 0.7299413 -0.592955 0.8043053 0 -0.592955 0.8043053 0 -0.6575342 0.7534246 0 -0.4109589 0.5459883 -0.7299413 -0.4050881 0.5518591 -0.7279844 0.09393346 0.2152642 -0.9726027 -0.4050881 0.5518591 -0.7279844 0.4872798 0.8727984 0 -0.6575342 0.7534246 0 -0.3483366 -0.037182 0.9354208 -0.6242661 0.04109589 0.7808219 -0.2015656 0.37182 0.9060665 -0.6007828 0.1937378 0.7749511 -0.3483366 -0.037182 0.9354208 -0.5244619 -0.2622309 0.8101761 -0.6242661 0.04109589 0.7808219 -0.7573385 -0.01956947 0.6536204 0.8669276 -0.003913894 -0.4970646 0.5342466 0.2250489 -0.81409 0.5322896 -0.2759295 -0.8003914 0.1037182 0.3522505 -0.9295499 0.6438356 0.260274 -0.7181996 0.6555773 0.2739726 -0.704501 0.7181996 0.369863 -0.5890411 0.5694716 0.1643836 -0.8062623 -0.9667319 -0.05088063 0.2524462 -0.9021527 0.09001957 0.4207436 -0.8864971 0.1154599 0.4481409 -0.7553816 0.2622309 0.6007828 0.9060665 0.08023483 -0.4129159 0.9980431 0.07240704 -0.001956947 0.9980431 0.04892368 0.007827789 0.9001957 0.06066536 -0.4324853 0.9197652 0.2778865 -0.2759295 0.06262231 0.05479452 0.9960861 0.1761252 0.08414873 0.9804305 0.03522505 0.08023483 0.9960861 0.2407045 0.1565558 0.9589041 0.3405088 0.08414873 0.9354208 -0.1428571 -0.2074364 -0.9686888 -0.1956947 0.2191781 -0.9549902 0.001956947 -0.1154599 -0.9941292 -0.04109589 0.2896282 -0.9569471 -0.02935421 0.2994129 -0.9530333 0.2113503 0.2485323 -0.9452055 0.146771 -0.1585127 -0.9765166 0.1056751 0.2681018 -0.9569471 0.009784736 -0.111546 -0.9941292 -0.007827789 0.2915851 -0.9569471 -0.6810176 0.111546 -0.7240704 -0.667319 0.1213307 -0.7358121 -0.3620352 0.1409002 -0.9217221 0 0.1506849 -0.9882583 0 0.1545988 -0.9882583 0.667319 0.1213307 -0.7358121 0 0.1506849 -0.9882583 0.6418787 0.1076321 -0.7592955 0 0.1604697 -0.9863014 0.6262231 0.08219178 -0.7749511 0.05479452 0.1565558 0.9863014 0.02935421 0.1565558 0.9863014 -0.3268102 0.148728 0.9334638 0.01565558 0.1526419 0.9882583 -0.3502935 0.1448141 0.925636 0.01565558 0.1526419 0.9882583 -0.3561644 0.1272016 0.925636 0 0.1350294 0.9902152 -0.8473581 0.03131115 0.5303327 -0.6144814 0.09197652 0.7827789 -0.7573385 -0.01956947 0.6536204 -0.5714286 0.08219178 0.816047 -0.6242661 0.04109589 0.7808219 0.5636008 0.04109589 0.8238748 0.5401174 0.08610567 0.8375734 0.6849315 0.01565558 0.7279844 0.6262231 0.08219178 0.7749511 0.8669276 -0.003913894 0.4970646 0.5342466 0.2250489 -0.81409 0.5009785 0.1741683 -0.8473581 0.7123288 0.06066536 -0.6986302 0.4129159 0.1076321 -0.9041096 0.7181996 -0.04305284 -0.6947162 -0.7240704 -0.06849315 -0.6868885 -0.4148728 0.08806262 -0.9060665 -0.7514677 -0.01565558 -0.6594912 -0.479452 0.1800391 -0.8590998 -0.592955 0.2152642 -0.7749511 -0.06066536 0.1937378 -0.9784736 0.3913894 0.5792564 -0.7142857 -0.09001957 0.2348337 -0.9667319 0.553816 0.8317025 0 -0.003913894 1 0 -0.003913894 1 0 -0.592955 0.8043053 0 0.09001957 0.2348337 -0.9667319 -0.4109589 0.5459883 -0.7299413 0.07240704 0.1722113 -0.9823875 -0.9980431 0.04500978 0.005870841 -0.9980431 0.07240704 -0.001956947 -0.9119374 0.08219178 -0.4011742 -0.9138943 0.05479452 -0.4011742 -0.9315069 0.2465753 -0.2681018 -0.9119374 0.08414873 0.3992172 -0.9138943 0.09784736 0.3933464 -0.9980431 0.07240704 -0.001956947 -0.9960861 0.09001957 0 -0.9158513 0.07632094 0.3953033 -0.9980431 0.06457926 0 -0.8473581 0.03131115 0.5303327 -0.7573385 -0.01956947 0.6536204 -0.9960861 -0.09393346 0 -0.9980431 0.06457926 0 -0.1565558 0.7690802 -0.6203523 -0.4266145 0.888454 -0.1682975 -0.8277887 0.1682975 -0.5342466 -0.9315069 0.2465753 -0.2681018 -0.3307241 0.9354208 -0.1252446 -0.4990215 0.8082192 0.3111546 -0.5694716 0.7592955 0.3150685 0.3835616 0.9158513 -0.1252446 0.4970646 0.853229 -0.1604697 0.5381604 0.7592955 0.3679061 0.5381604 0.704501 0.4637965 0.6614481 0.704501 0.2563601 0.5440313 0.8199608 -0.1780822 0.3835616 0.9158513 -0.1252446 0 1 0 0 1 0 0 1 0 0 1 0 0 1 0 0 1 0 0 1 0 0 1 0 0 1 0 0 1 0 0 1 0 0 1 0 0 1 0 0 1 0 0 1 0 0 1 0 0 1 0 0 1 0 0 1 0 0 -1 0 0 -1 0 0 -1 0 0 -1 0 0 -1 0 0 -1 0 0 -1 0 0 -1 0 0 -1 0 0 -1 0 0 -1 0 0 -1 0 0 -1 0 0 -1 0 0 -1 0 0 -1 0</float_array>
          <technique_common>
            <accessor source="#TrunkBottom__mPltTreeOakTrunk-normal-array" count="1776" stride="3">
              <param name="X" type="float" />
              <param name="Y" type="float" />
              <param name="Z" type="float" />
            </accessor>
          </technique_common>
        </source>
        <source id="TrunkBottom__mPltTreeOakTrunk-color">
          <float_array id="TrunkBottom__mPltTreeOakTrunk-color-array" count="7104">1 1 1 1 1 1 1 1 1 1 1 1 1 1 1 1 1 1 1 1 1 1 1 1 1 1 1 1 1 1 1 1 1 1 1 1 1 1 1 1 1 1 1 1 1 1 1 1 1 1 1 1 1 1 1 1 1 1 1 1 1 1 1 1 1 1 1 1 1 1 1 1 1 1 1 1 1 1 1 1 1 1 1 1 1 1 1 1 1 1 1 1 1 1 1 1 1 1 1 1 1 1 1 1 1 1 1 1 1 1 1 1 1 1 1 1 1 1 1 1 1 1 1 1 1 1 1 1 1 1 1 1 1 1 1 1 1 1 1 1 1 1 1 1 1 1 1 1 1 1 1 1 1 1 1 1 1 1 1 1 1 1 1 1 1 1 1 1 1 1 1 1 1 1 1 1 1 1 1 1 1 1 1 1 1 1 1 1 1 1 1 1 1 1 1 1 1 1 1 1 1 1 1 1 1 1 1 1 1 1 1 1 1 1 1 1 1 1 1 1 1 1 1 1 1 1 1 1 1 1 1 1 1 1 1 1 1 1 1 1 1 1 1 1 1 1 1 1 1 1 1 1 1 1 1 1 1 1 1 1 1 1 1 1 1 1 1 1 1 1 1 1 1 1 1 1 1 1 1 1 1 1 1 1 1 1 1 1 1 1 1 1 1 1 1 1 1 1 1 1 1 1 1 1 1 1 1 1 1 1 1 1 1 1 1 1 1 1 1 1 1 1 1 1 1 1 1 1 1 1 1 1 1 1 1 1 1 1 1 1 1 1 1 1 1 1 1 1 1 1 1 1 1 1 1 1 1 1 1 1 1 1 1 1 1 1 1 1 1 1 1 1 1 1 1 1 1 1 1 1 1 1 1 1 1 1 1 1 1 1 1 1 1 1 1 1 1 1 1 1 1 1 1 1 1 1 1 1 1 1 1 1 1 1 1 1 1 1 1 1 1 1 1 1 1 1 1 1 1 1 1 1 1 1 1 1 1 1 1 1 1 1 1 1 1 1 1 1 1 1 1 1 1 1 1 1 1 1 1 1 1 1 1 1 1 1 1 1 1 1 1 1 1 1 1 1 1 1 1 1 1 1 1 1 1 1 1 1 1 1 1 1 1 1 1 1 1 1 1 1 1 1 1 1 1 1 1 1 1 1 1 1 1 1 1 1 1 1 1 1 1 1 1 1 1 1 1 1 1 1 1 1 1 1 1 1 1 1 1 1 1 1 1 1 1 1 1 1 1 1 1 1 1 1 1 1 1 1 1 1 1 1 1 1 1 1 1 1 1 1 1 1 1 1 1 1 1 1 1 1 1 1 1 1 1 1 1 1 1 1 1 1 1 1 1 1 1 1 1 1 1 1 1 1 1 1 1 1 1 1 1 1 1 1 1 1 1 1 1 1 1 1 1 1 1 1 1 1 1 1 1 1 1 1 1 1 1 1 1 1 1 1 1 1 1 1 1 1 1 1 1 1 1 1 1 1 1 1 1 1 1 1 1 1 1 1 1 1 1 1 1 1 1 1 1 1 1 1 1 1 1 1 1 1 1 1 1 1 1 1 1 1 1 1 1 1 1 1 1 1 1 1 1 1 1 1 1 1 1 1 1 1 1 1 1 1 1 1 1 1 1 1 1 1 1 1 1 1 1 1 1 1 1 1 1 1 1 1 1 1 1 1 1 1 1 1 1 1 1 1 1 1 1 1 1 1 1 1 1 1 1 1 1 1 1 1 1 1 1 1 1 1 1 1 1 1 1 1 1 1 1 1 1 1 1 1 1 1 1 1 1 1 1 1 1 1 1 1 1 1 1 1 1 1 1 1 1 1 1 1 1 1 1 1 1 1 1 1 1 1 1 1 1 1 1 1 1 1 1 1 1 1 1 1 1 1 1 1 1 1 1 1 1 1 1 1 1 1 1 1 1 1 1 1 1 1 1 1 1 1 1 1 1 1 1 1 1 1 1 1 1 1 1 1 1 1 1 1 1 1 1 1 1 1 1 1 1 1 1 1 1 1 1 1 1 1 1 1 1 1 1 1 1 1 1 1 1 1 1 1 1 1 1 1 1 1 1 1 1 1 1 1 1 1 1 1 1 1 1 1 1 1 1 1 1 1 1 1 1 1 1 1 1 1 1 1 1 1 1 1 1 1 1 1 1 1 1 1 1 1 1 1 1 1 1 1 1 1 1 1 1 1 1 1 1 1 1 1 1 1 1 1 1 1 1 1 1 1 1 1 1 1 1 1 1 1 1 1 1 1 1 1 1 1 1 1 1 1 1 1 1 1 1 1 1 1 1 1 1 1 1 1 1 1 1 1 1 1 1 1 1 1 1 1 1 1 1 1 1 1 1 1 1 1 1 1 1 1 1 1 1 1 1 1 1 1 1 1 1 1 1 1 1 1 1 1 1 1 1 1 1 1 1 1 1 1 1 1 1 1 1 1 1 1 1 1 1 1 1 1 1 1 1 1 1 1 1 1 1 1 1 1 1 1 1 1 1 1 1 1 1 1 1 1 1 1 1 1 1 1 1 1 1 1 1 1 1 1 1 1 1 1 1 1 1 1 1 1 1 1 1 1 1 1 1 1 1 1 1 1 1 1 1 1 1 1 1 1 1 1 1 1 1 1 1 1 1 1 1 1 1 1 1 1 1 1 1 1 1 1 1 1 1 1 1 1 1 1 1 1 1 1 1 1 1 1 1 1 1 1 1 1 1 1 1 1 1 1 1 1 1 1 1 1 1 1 1 1 1 1 1 1 1 1 1 1 1 1 1 1 1 1 1 1 1 1 1 1 1 1 1 1 1 1 1 1 1 1 1 1 1 1 1 1 1 1 1 1 1 1 1 1 1 1 1 1 1 1 1 1 1 1 1 1 1 1 1 1 1 1 1 1 1 1 1 1 1 1 1 1 1 1 1 1 1 1 1 1 1 1 1 1 1 1 1 1 1 1 1 1 1 1 1 1 1 1 1 1 1 1 1 1 1 1 1 1 1 1 1 1 1 1 1 1 1 1 1 1 1 1 1 1 1 1 1 1 1 1 1 1 1 1 1 1 1 1 1 1 1 1 1 1 1 1 1 1 1 1 1 1 1 1 1 1 1 1 1 1 1 1 1 1 1 1 1 1 1 1 1 1 1 1 1 1 1 1 1 1 1 1 1 1 1 1 1 1 1 1 1 1 1 1 1 1 1 1 1 1 1 1 1 1 1 1 1 1 1 1 1 1 1 1 1 1 1 1 1 1 1 1 1 1 1 1 1 1 1 1 1 1 1 1 1 1 1 1 1 1 1 1 1 1 1 1 1 1 1 1 1 1 1 1 1 1 1 1 1 1 1 1 1 1 1 1 1 1 1 1 1 1 1 1 1 1 1 1 1 1 1 1 1 1 1 1 1 1 1 1 1 1 1 1 1 1 1 1 1 1 1 1 1 1 1 1 1 1 1 1 1 1 1 1 1 1 1 1 1 1 1 1 1 1 1 1 1 1 1 1 1 1 1 1 1 1 1 1 1 1 1 1 1 1 1 1 1 1 1 1 1 1 1 1 1 1 1 1 1 1 1 1 1 1 1 1 1 1 1 1 1 1 1 1 1 1 1 1 1 1 1 1 1 1 1 1 1 1 1 1 1 1 1 1 1 1 1 1 1 1 1 1 1 1 1 1 1 1 1 1 1 1 1 1 1 1 1 1 1 1 1 1 1 1 1 1 1 1 1 1 1 1 1 1 1 1 1 1 1 1 1 1 1 1 1 1 1 1 1 1 1 1 1 1 1 1 1 1 1 1 1 1 1 1 1 1 1 1 1 1 1 1 1 1 1 1 1 1 1 1 1 1 1 1 1 1 1 1 1 1 1 1 1 1 1 1 1 1 1 1 1 1 1 1 1 1 1 1 1 1 1 1 1 1 1 1 1 1 1 1 1 1 1 1 1 1 1 1 1 1 1 1 1 1 1 1 1 1 1 1 1 1 1 1 1 1 1 1 1 1 1 1 1 1 1 1 1 1 1 1 1 1 1 1 1 1 1 1 1 1 1 1 1 1 1 1 1 1 1 1 1 1 1 1 1 1 1 1 1 1 1 1 1 1 1 1 1 1 1 1 1 1 1 1 1 1 1 1 1 1 1 1 1 1 1 1 1 1 1 1 1 1 1 1 1 1 1 1 1 1 1 1 1 1 1 1 1 1 1 1 1 1 1 1 1 1 1 1 1 1 1 1 1 1 1 1 1 1 1 1 1 1 1 1 1 1 1 1 1 1 1 1 1 1 1 1 1 1 1 1 1 1 1 1 1 1 1 1 1 1 1 1 1 1 1 1 1 1 1 1 1 1 1 1 1 1 1 1 1 1 1 1 1 1 1 1 1 1 1 1 1 1 1 1 1 1 1 1 1 1 1 1 1 1 1 1 1 1 1 1 1 1 1 1 1 1 1 1 1 1 1 1 1 1 1 1 1 1 1 1 1 1 1 1 1 1 1 1 1 1 1 1 1 1 1 1 1 1 1 1 1 1 1 1 1 1 1 1 1 1 1 1 1 1 1 1 1 1 1 1 1 1 1 1 1 1 1 1 1 1 1 1 1 1 1 1 1 1 1 1 1 1 1 1 1 1 1 1 1 1 1 1 1 1 1 1 1 1 1 1 1 1 1 1 1 1 1 1 1 1 1 1 1 1 1 1 1 1 1 1 1 1 1 1 1 1 1 1 1 1 1 1 1 1 1 1 1 1 1 1 1 1 1 1 1 1 1 1 1 1 1 1 1 1 1 1 1 1 1 1 1 1 1 1 1 1 1 1 1 1 1 1 1 1 1 1 1 1 1 1 1 1 1 1 1 1 1 1 1 1 1 1 1 1 1 1 1 1 1 1 1 1 1 1 1 1 1 1 1 1 1 1 1 1 1 1 1 1 1 1 1 1 1 1 1 1 1 1 1 1 1 1 1 1 1 1 1 1 1 1 1 1 1 1 1 1 1 1 1 1 1 1 1 1 1 1 1 1 1 1 1 1 1 1 1 1 1 1 1 1 1 1 1 1 1 1 1 1 1 1 1 1 1 1 1 1 1 1 1 1 1 1 1 1 1 1 1 1 1 1 1 1 1 1 1 1 1 1 1 1 1 1 1 1 1 1 1 1 1 1 1 1 1 1 1 1 1 1 1 1 1 1 1 1 1 1 1 1 1 1 1 1 1 1 1 1 1 1 1 1 1 1 1 1 1 1 1 1 1 1 1 1 1 1 1 1 1 1 1 1 1 1 1 1 1 1 1 1 1 1 1 1 1 1 1 1 1 1 1 1 1 1 1 1 1 1 1 1 1 1 1 1 1 1 1 1 1 1 1 1 1 1 1 1 1 1 1 1 1 1 1 1 1 1 1 1 1 1 1 1 1 1 1 1 1 1 1 1 1 1 1 1 1 1 1 1 1 1 1 1 1 1 1 1 1 1 1 1 1 1 1 1 1 1 1 1 1 1 1 1 1 1 1 1 1 1 1 1 1 1 1 1 1 1 1 1 1 1 1 1 1 1 1 1 1 1 1 1 1 1 1 1 1 1 1 1 1 1 1 1 1 1 1 1 1 1 1 1 1 1 1 1 1 1 1 1 1 1 1 1 1 1 1 1 1 1 1 1 1 1 1 1 1 1 1 1 1 1 1 1 1 1 1 1 1 1 1 1 1 1 1 1 1 1 1 1 1 1 1 1 1 1 1 1 1 1 1 1 1 1 1 1 1 1 1 1 1 1 1 1 1 1 1 1 1 1 1 1 1 1 1 1 1 1 1 1 1 1 1 1 1 1 1 1 1 1 1 1 1 1 1 1 1 1 1 1 1 1 1 1 1 1 1 1 1 1 1 1 1 1 1 1 1 1 1 1 1 1 1 1 1 1 1 1 1 1 1 1 1 1 1 1 1 1 1 1 1 1 1 1 1 1 1 1 1 1 1 1 1 1 1 1 1 1 1 1 1 1 1 1 1 1 1 1 1 1 1 1 1 1 1 1 1 1 1 1 1 1 1 1 1 1 1 1 1 1 1 1 1 1 1 1 1 1 1 1 1 1 1 1 1 1 1 1 1 1 1 1 1 1 1 1 1 1 1 1 1 1 1 1 1 1 1 1 1 1 1 1 1 1 1 1 1 1 1 1 1 1 1 1 1 1 1 1 1 1 1 1 1 1 1 1 1 1 1 1 1 1 1 1 1 1 1 1 1 1 1 1 1 1 1 1 1 1 1 1 1 1 1 1 1 1 1 1 1 1 1 1 1 1 1 1 1 1 1 1 1 1 1 1 1 1 1 1 1 1 1 1 1 1 1 1 1 1 1 1 1 1 1 1 1 1 1 1 1 1 1 1 1 1 1 1 1 1 1 1 1 1 1 1 1 1 1 1 1 1 1 1 1 1 1 1 1 1 1 1 1 1 1 1 1 1 1 1 1 1 1 1 1 1 1 1 1 1 1 1 1 1 1 1 1 1 1 1 1 1 1 1 1 1 1 1 1 1 1 1 1 1 1 1 1 1 1 1 1 1 1 1 1 1 1 1 1 1 1 1 1 1 1 1 1 1 1 1 1 1 1 1 1 1 1 1 1 1 1 1 1 1 1 1 1 1 1 1 1 1 1 1 1 1 1 1 1 1 1 1 1 1 1 1 1 1 1 1 1 1 1 1 1 1 1 1 1 1 1 1 1 1 1 1 1 1 1 1 1 1 1 1 1 1 1 1 1 1 1 1 1 1 1 1 1 1 1 1 1 1 1 1 1 1 1 1 1 1 1 1 1 1 1 1 1 1 1 1 1 1 1 1 1 1 1 1 1 1 1 1 1 1 1 1 1 1 1 1 1 1 1 1 1 1 1 1 1 1 1 1 1 1 1 1 1 1 1 1 1 1 1 1 1 1 1 1 1 1 1 1 1 1 1 1 1 1 1 1 1 1 1 1 1 1 1 1 1 1 1 1 1 1 1 1 1 1 1 1 1 1 1 1 1 1 1 1 1 1 1 1 1 1 1 1 1 1 1 1 1 1 1 1 1 1 1 1 1 1 1 1 1 1 1 1 1 1 1 1 1 1 1 1 1 1 1 1 1 1 1 1 1 1 1 1 1 1 1 1 1 1 1 1 1 1 1 1 1 1 1 1 1 1 1 1 1 1 1 1 1 1 1 1 1 1 1 1 1 1 1 1 1 1 1 1 1 1 1 1 1 1 1 1 1 1 1 1 1 1 1 1 1 1 1 1 1 1 1 1 1 1 1 1 1 1 1 1 1 1 1 1 1 1 1 1 1 1 1 1 1 1 1 1 1 1 1 1 1 1 1 1 1 1 1 1 1 1 1 1 1 1 1 1 1 1 1 1 1 1 1 1 1 1 1 1 1 1 1 1 1 1 1 1 1 1 1 1 1 1 1 1 1 1 1 1 1 1 1 1 1 1 1 1 1 1 1 1 1 1 1 1 1 1 1 1 1 1 1 1 1 1 1 1 1 1 1 1 1 1 1 1 1 1 1 1 1 1 1 1 1 1 1 1 1 1 1 1 1 1 1 1 1 1 1 1 1 1 1 1 1 1 1 1 1 1 1 1 1 1 1 1 1 1 1 1 1 1 1 1 1 1 1 1 1 1 1 1 1 1 1 1 1 1 1 1 1 1 1 1 1 1 1 1 1 1 1 1 1 1 1 1 1 1 1 1 1 1 1 1 1 1 1 1 1 1 1 1 1 1 1 1 1 1 1 1 1 1 1 1 1 1 1 1 1 1 1 1 1 1 1 1 1 1 1 1 1 1 1 1 1 1 1 1 1 1 1 1 1 1 1 1 1 1 1 1 1 1 1 1 1 1 1 1 1 1 1 1 1 1 1 1 1 1 1 1 1 1 1 1 1 1 1 1 1 1 1 1 1 1 1 1 1 1 1 1 1 1 1 1 1 1 1 1 1 1 1 1 1 1 1 1 1 1 1 1 1 1 1 1 1 1 1 1 1 1 1 1 1 1 1 1 1 1 1 1 1 1 1 1 1 1 1 1 1 1 1 1 1 1 1 1 1 1 1 1 1 1 1 1 1 1 1 1 1 1 1 1 1 1 1 1 1 1 1 1 1 1 1 1 1 1 1 1 1 1 1 1 1 1 1 1 1 1 1 1 1 1 1 1 1 1 1 1 1 1 1 1 1 1 1 1 1 1 1 1 1 1 1 1 1 1 1 1 1 1 1 1 1 1 1 1 1 1 1 1 1 1 1 1 1 1 1 1 1 1 1 1 1 1 1 1 1 1 1 1 1 1 1 1 1 1 1 1 1 1 1 1 1 1 1 1 1 1 1 1 1 1 1 1 1 1 1 1 1 1 1 1 1 1 1 1 1 1 1 1 1 1 1 1 1 1 1 1 1 1 1 1 1 1 1 1 1 1 1 1 1 1 1 1 1 1 1 1 1 1 1 1 1 1 1 1 1 1 1 1 1 1 1 1 1 1 1 1 1 1 1 1 1 1 1 1 1 1 1 1 1 1 1 1 1 1 1 1 1 1 1 1 1 1 1 1 1 1 1 1 1 1 1 1 1 1 1 1 1 1 1 1 1 1 1 1 1 1 1 1 1 1 1 1 1 1 1 1 1 1 1 1 1 1 1 1 1 1 1 1 1 1 1 1 1 1 1 1 1 1 1 1 1 1 1 1 1 1 1 1 1 1 1 1 1 1 1 1 1 1 1 1 1 1 1 1 1 1 1 1 1 1 1 1 1 1 1 1 1 1 1 1 1 1 1 1 1 1 1 1 1 1 1 1 1 1 1 1 1 1 1 1 1 1 1 1 1 1 1 1 1 1 1 1 1 1 1 1 1 1 1 1 1 1 1 1 1 1 1 1 1 1 1 1 1 1 1 1 1 1 1 1 1 1 1 1 1 1 1 1 1 1 1 1 1 1 1 1 1 1 1 1 1 1 1 1 1 1 1 1 1 1 1 1 1 1 1 1 1 1 1 1 1 1 1 1 1 1 1 1 1 1 1 1 1 1 1 1 1 1 1 1 1 1 1 1 1 1 1 1 1 1 1 1 1 1 1 1 1 1 1 1 1 1 1 1 1 1 1 1 1 1 1 1 1 1 1 1 1 1 1 1 1 1 1 1 1 1 1 1 1 1 1 1 1 1 1 1 1 1 1 1 1 1 1 1 1 1 1 1 1 1 1 1 1 1 1 1 1 1 1 1 1 1 1 1 1 1 1 1 1 1 1 1 1 1 1 1 1 1 1 1 1 1 1 1 1 1 1 1 1 1 1 1 1 1 1 1 1 1 1 1 1 1 1 1 1 1 1 1 1 1 1 1 1 1 1 1 1 1 1 1 1 1 1 1 1 1 1 1 1 1 1 1 1 1 1 1 1 1 1 1 1 1 1 1 1 1 1 1 1 1 1 1 1 1 1 1 1 1 1 1 1 1 1 1 1 1 1 1 1 1 1 1 1 1 1 1 1 1 1 1 1 1 1 1 1 1 1 1 1 1 1 1 1 1 1 1 1 1 1 1 1 1 1 1 1 1 1 1 1 1 1 1 1 1 1 1 1 1 1 1 1 1 1 1 1 1 1 1 1 1 1 1 1 1 1 1 1 1 1 1 1 1 1 1 1 1 1 1 1 1 1 1 1 1 1 1 1 1 1 1 1 1 1 1 1 1 1 1 1 1 1 1 1 1 1 1 1 1 1 1 1 1 1 1 1 1 1 1 1 1 1 1 1 1 1 1 1 1 1 1 1 1 1 1 1 1 1 1 1 1 1 1 1 1 1 1 1 1 1 1 1 1 1 1 1 1 1 1 1 1 1 1 1 1 1 1 1 1 1 1 1 1 1 1 1 1 1 1 1 1 1 1 1 1 1 1 1 1 1 1 1 1 1 1 1 1 1 1 1 1 1 1 1 1 1 1 1 1 1 1 1 1 1 1 1 1 1 1 1 1 1 1 1 1 1 1 1 1 1 1 1 1 1 1 1 1 1 1 1 1 1 1 1 1 1 1 1 1 1 1 1 1 1 1 1 1 1 1 1 1 1 1 1 1 1 1 1 1 1 1 1 1 1 1 1 1 1 1 1 1 1 1 1 1 1 1 1 1 1 1 1 1 1 1 1 1 1 1 1 1 1 1 1 1 1 1 1 1 1 1 1 1 1 1 1 1 1 1 1 1 1 1 1 1 1 1 1 1 1 1 1 1 1 1 1 1 1 1 1 1 1 1 1 1 1 1 1 1 1 1 1 1 1 1 1 1 1 1 1 1 1 1 1 1 1 1 1 1 1 1 1 1 1 1 1 1 1 1 1 1 1 1 1 1 1 1 1 1 1 1 1 1 1 1 1 1 1 1 1 1 1 1 1 1 1 1 1 1 1 1 1 1 1 1 1 1 1 1 1 1 1 1 1 1 1 1 1 1 1 1 1 1 1 1 1 1 1 1 1 1 1 1 1 1 1 1 1 1 1 1 1 1 1 1 1 1 1 1 1 1 1 1 1 1 1 1 1 1 1 1 1 1 1 1 1 1 1 1 1 1 1 1 1 1 1 1 1 1 1 1 1 1 1 1 1 1 1 1 1 1 1 1 1 1 1 1 1 1 1 1 1 1 1 1 1 1 1 1 1 1 1 1 1 1 1 1 1 1 1 1 1 1 1 1 1 1 1 1 1 1 1 1 1 1 1 1 1 1 1 1 1 1 1 1 1 1 1 1 1 1 1 1 1 1 1 1 1 1 1 1 1 1 1 1 1 1 1 1 1 1 1 1 1 1 1 1 1 1 1 1 1 1 1 1 1 1 1 1 1 1 1 1 1 1 1 1 1 1 1 1 1 1 1 1 1 1 1 1 1 1 1 1 1 1 1 1 1 1 1 1 1 1 1 1 1 1 1 1 1 1 1 1 1 1 1 1 1 1 1 1 1 1 1 1 1 1 1 1 1 1 1 1 1 1 1 1 1 1 1 1 1 1 1 1 1 1 1 1 1 1 1 1 1 1 1 1 1 1 1 1 1 1 1 1 1 1 1 1 1 1 1 1 1 1 1 1 1 1 1 1 1 1 1 1 1 1 1 1 1 1 1 1 1 1 1 1 1 1 1 1 1 1 1 1 1 1 1 1 1 1 1 1 1 1 1 1 1 1 1 1 1 1 1 1 1 1 1 1 1 1 1 1 1 1 1 1 1 1 1 1 1 1 1 1 1 1 1 1 1 1 1 1 1 1 1 1 1 1 1 1 1 1 1 1 1 1 1 1 1 1 1 1 1 1 1 1 1 1 1 1 1 1 1 1 1 1 1 1 1 1 1 1 1 1 1 1 1 1 1 1 1 1 1 1 1 1 1 1 1 1 1 1 1 1 1 1 1 1 1 1 1 1 1 1 1 1 1 1 1 1 1 1 1 1 1 1 1 1 1 1 1 1 1 1 1 1 1 1 1 1 1 1 1 1 1 1 1 1 1 1 1 1 1 1 1 1 1 1 1 1 1 1 1 1 1 1 1 1 1 1 1 1 1 1 1 1 1 1 1 1 1 1 1 1 1 1 1 1 1 1 1 1 1 1 1 1 1 1 1 1 1 1 1 1 1 1 1 1 1 1 1 1 1 1 1 1 1 1 1 1 1 1 1 1 1 1 1 1 1 1 1 1 1 1 1 1 1 1 1 1 1 1 1 1 1 1 1 1 1 1 1 1 1 1 1 1 1 1 1 1 1 1 1 1 1 1 1 1 1 1 1 1 1 1 1 1 1 1 1 1 1 1 1 1 1 1 1 1 1 1 1 1 1 1 1 1 1 1 1 1 1 1 1 1 1 1 1 1 1 1 1 1 1 1 1 1 1 1 1 1 1 1 1 1 1 1 1 1 1 1 1 1 1 1 1 1 1 1 1 1 1 1 1 1 1 1 1 1 1 1 1 1 1 1 1 1 1 1 1 1 1 1 1 1 1 1 1 1 1 1 1 1 1 1 1 1 1 1 1 1 1 1 1 1 1 1 1 1 1 1 1 1 1 1 1 1 1 1 1 1 1 1 1 1 1 1 1 1 1 1 1 1 1 1 1 1 1 1 1 1 1 1 1 1 1 1 1 1 1 1 1 1 1 1 1 1 1 1 1 1 1 1 1 1 1 1 1 1 1 1 1 1 1 1 1 1 1 1 1 1 1 1 1 1 1 1 1 1 1 1 1 1 1 1 1 1 1 1 1 1 1 1 1 1 1 1 1 1 1 1 1 1 1 1 1 1 1 1 1 1 1 1 1 1 1 1 1 1 1 1 1 1 1 1 1 1 1 1 1 1 1 1 1 1 1 1 1 1 1 1 1 1 1 1 1 1 1 1 1 1 1 1 1 1 1 1 1 1 1 1 1 1 1 1 1 1 1 1 1 1 1 1 1 1 1 1 1 1 1 1 1 1 1 1 1 1 1 1 1 1 1 1 1 1 1 1 1 1 1 1 1 1 1 1 1 1 1 1 1 1 1 1 1 1 1 1 1 1 1 1 1 1 1 1 1 1 1 1 1 1 1 1 1 1 1 1 1 1 1 1 1 1 1 1 1 1 1 1 1 1 1 1 1 1 1 1 1 1 1 1 1 1 1 1 1 1 1 1 1 1 1 1 1 1 1 1 1 1 1 1 1 1 1 1 1 1 1 1 1 1 1 1 1 1 1 1 1 1 1 1 1 1 1 1 1 1 1 1 1 1 1 1 1 1 1 1 1 1 1 1 1 1 1 1 1 1 1 1 1 1 1 1 1 1 1 1 1 1 1 1 1 1 1 1 1 1 1 1 1 1 1 1 1 1 1 1 1 1 1 1 1 1 1 1 1 1 1 1 1 1 1 1 1 1 1 1 1 1 1 1 1 1 1 1 1 1 1 1 1 1 1 1 1 1 1 1 1 1 1 1 1 1 1 1 1 1 1 1 1 1 1 1 1 1 1 1 1 1 1 1 1 1 1 1 1 1 1 1 1 1 1 1 1 1 1 1 1 1 1 1 1 1 1 1 1 1 1 1 1 1 1 1 1 1 1 1 1 1 1 1 1 1 1 1 1 1 1 1 1 1 1 1 1 1 1 1 1 1 1 1 1 1 1 1 1 1 1 1 1 1 1 1 1 1 1 1 1 1 1 1 1 1 1 1 1 1 1 1 1 1 1 1 1 1 1 1 1 1 1 1 1 1 1 1 1 1 1 1 1 1 1 1 1 1 1 1 1 1 1 1 1 1 1 1 1 1 1 1 1 1 1 1 1 1 1 1 1 1 1 1 1 1 1 1 1 1 1 1 1 1 1 1 1 1 1 1 1 1 1 1 1 1 1 1 1 1 1 1 1 1 1 1 1 1 1 1 1 1 1 1 1 1 1 1 1 1 1 1 1 1 1 1 1 1 1 1 1 1 1 1 1 1 1 1 1 1 1 1 1 1 1 1 1 1 1 1 1 1 1 1 1 1 1 1 1 1 1 1 1 1 1 1 1 1 1 1 1 1 1 1 1 1 1 1 1 1 1 1 1 1 1 1 1 1 1 1 1 1 1 1 1 1 1 1 1 1 1 1 1 1 1 1 1 1 1 1 1 1 1 1 1 1 1 1 1 1 1 1 1 1 1 1 1 1 1 1 1 1 1 1 1 1 1 1 1 1 1 1 1 1 1 1 1 1 1 1 1 1 1 1 1 1 1 1 1 1 1 1 1 1 1 1 1 1 1 1 1 1 1 1 1 1 1 1 1 1 1 1 1 1 1 1 1 1 1 1 1 1 1 1 1 1 1 1 1 1 1 1 1 1 1 1 1 1 1 1 1 1 1 1 1 1 1 1 1 1 1 1 1 1 1 1 1 1 1 1 1 1 1 1 1 1 1 1 1 1 1 1 1 1 1 1 1 1 1 1 1 1 1 1 1 1 1 1 1 1 1 1 1 1 1 1 1 1 1 1 1 1 1 1 1 1 1 1 1 1 1 1 1 1 1 1 1 1 1 1 1 1 1 1 1 1 1 1 1 1 1 1 1 1 1 1 1 1 1 1 1 1 1 1 1 1 1 1 1 1 1 1 1 1 1 1 1 1 1 1 1 1 1 1 1 1 1 1 1 1 1 1 1 1 1 1 1 1 1 1 1 1 1 1 1 1 1 1 1 1 1 1 1 1 1 1 1 1 1 1 1 1 1 1 1 1 1 1 1 1 1 1 1 1 1 1 1 1 1 1 1 1 1 1 1 1 1 1 1 1 1 1 1 1 1 1 1 1 1 1 1 1 1 1 1 1 1 1 1 1 1 1 1 1 1 1 1 1 1 1 1 1 1 1 1 1 1 1 1 1 1 1 1 1 1 1 1 1 1 1 1 1 1 1 1 1 1 1 1 1 1 1 1 1 1 1 1 1 1 1 1 1 1 1 1 1 1 1 1 1 1 1 1 1 1 1 1 1 1 1 1 1 1 1 1 1 1 1 1 1 1 1 1 1 1 1 1 1 1 1 1 1 1 1 1 1 1 1 1 1 1 1 1 1 1 1 1 1 1 1 1 1 1 1 1 1 1 1 1 1 1 1 1 1 1 1 1 1 1 1 1 1 1 1 1 1 1 1 1 1 1 1 1 1 1 1 1 1 1 1 1 1 1 1 1 1 1 1 1 1 1 1 1 1 1 1 1 1 1 1 1 1 1 1 1 1 1 1 1 1 1 1 1 1 1 1 1 1 1 1 1 1 1 1 1 1 1 1 1 1 1 1 1 1 1 1 1 1 1 1 1 1 1 1 1 1 1 1 0 0 0 1 0 0 0 1 0 0 0 1 0 0 0 1 0 0 0 1 0 0 0 1 0 0 0 1 0 0 0 1 1 1 1 1 1 1 1 1 1 1 1 1 1 1 1 1 1 1 1 1 1 1 1 1 1 1 1 1 1 1 1 1 1 1 1 1 1 1 1 1 1 1 1 1 1 1 1 1 1 1 1 1 1 1 1 1 1 1 1 1 1 1 1 1 1 1 1 1 1 1 1 1 1 1 1 1 1 1 1 1 1 1 1 1 1 1 1 1 1 1 1 1 1 1 1 1 1 1 1 1 1 1 1 1 1 1 1 1 1 1 1 1 1 1 1 1 1 1 1 1 1 1 1 1 1 1 1 1 1 1 1 1 1 1 1 1 1 1 1 1 1 1 1 1 1 1 1 1 1 1 1 1 1 1 1 1 1 1 1 1 1 1 1 1 1 1 1 1 1 1 1 1 1 1 1 1 1 1 1 1 1 1 1 1 1 1 1 1 1 1 1 1 1 1 1 1 1 1 1 1 1 1 1 1 1 1 1 1 1 1 1 1 1 1 1 1 1 1 1 1 1 1 1 1 1 1 1 1 1 1 1 1 1 1 1 1 1 1 1 1 1 1 1 1 1 1 1 1 1 1 1 1 1 1 1 1 1 1 1 1 1 1 1 1 1 1 1 1 1 1 1 1 1 1 1 1 1 1 1 1 1 1 1 1 1 1 1 1 1 1 1 1 1 1 1 1 1 1 1 1 1 1 1 1 1 1 1 1 1 1 1 1 1 1 1 1 1 1 1 1 1 1 1 1 1 1 1 1 1 1 1 1 1 1 1 1 1 1 1 1 1 1 1 1 1 1 1 1 1 1 1 1 1 1 1 1 1 1 1 1 1 1 1 1 1 1 1 1 1 1 1 1 1 1 1 1 1 1 1 1 1 1 1 1 1 1 1 1 1 1 1 1 1 1 1 1 1 1 1 1 1 1 1 1 1 1 1 1 1 1 1 1 1 1 1 1 1 1 1 1 1 1 1 1 1 1 1 1 1 1 1 1 1 1 1 1 1 1 1 1 1 1 1 1 1 1 1 1 1 1 1 1 1 1 1 1 1 1 1 1 1 1 1 1 1 1 1 1 1 1 1 1 1 1 1 1 1 1 1 1 1 1 1 1 1 1 1 1 1 1 1 1 1 1 1 1 1 1 1 1 1 1 1 1 1 1 1 1 1 1 1 1 1 1 1 1 1 1 1 1 1 1 1 1 1 1 1 1</float_array>
          <technique_common>
            <accessor source="#TrunkBottom__mPltTreeOakTrunk-color-array" count="1776" stride="4">
              <param name="R" type="float" />
              <param name="G" type="float" />
              <param name="B" type="float" />
              <param name="A" type="float" />
            </accessor>
          </technique_common>
        </source>
        <source id="TrunkBottom__mPltTreeOakTrunk-texcoord">
          <float_array id="TrunkBottom__mPltTreeOakTrunk-texcoord-array" count="3552">0.9130859 0.07763672 0.9326172 0.07617188 0.9296875 0.09667969 0.02098083 0.03759766 0.004154205 0.02929688 0.004154205 0.01025391 0.9936523 0.02832031 0.9711914 0.03662109 0.9936523 0.009277344 0.8989258 0.1411133 0.9296875 0.09667969 0.9624023 0.1000977 0.9624023 0.1000977 0.9399414 0.1665039 0.8989258 0.1411133 0.9130859 0.07763672 0.918457 0.06884766 0.9326172 0.07617188 0.4335938 0.1162109 0.4465332 0.09619141 0.4521484 0.1132813 0.4521484 0.1132813 0.4465332 0.09619141 0.4741211 0.1015625 0.4741211 0.1015625 0.4763184 0.078125 0.4868164 0.08447266 0.4868164 0.08447266 0.4763184 0.078125 0.5014648 0.06884766 0.4958496 0.06054688 0.5014648 0.06884766 0.4763184 0.078125 0.3430176 0.1123047 0.3496094 0.09619141 0.3620605 0.1157227 0.3251953 0.105957 0.3496094 0.09619141 0.3430176 0.1123047 0.2941895 0.07958984 0.3188477 0.08349609 0.3115234 0.09326172 0.3188477 0.08349609 0.2941895 0.07958984 0.2944336 0.06738281 0.4233398 0.03173828 0.4536133 0.04492188 0.4313965 0.04931641 0.4233398 0.03173828 0.3969727 0.03369141 0.3969727 0.02001953 0.3969727 0.03369141 0.3728027 0.03222656 0.3969727 0.02001953 0.3637695 0.04980469 0.342041 0.04589844 0.3728027 0.03222656 0.4233398 0.03173828 0.3969727 0.02001953 0.4123535 0.01806641 0.4526367 0.006347656 0.4377441 0.01953125 0.4123535 0.01806641 0.3969727 0.02001953 0.3728027 0.03222656 0.3825684 0.01757813 0.3132324 0.03271484 0.3359375 0.03222656 0.342041 0.04589844 0.4123535 0.01806641 0.3969727 0.02001953 0.3969727 0.0004882813 0.4123535 0.01806641 0.3969727 0.0004882813 0.4526367 0.006347656 0.3969727 0.0004882813 0.3969727 0.02001953 0.3825684 0.01757813 0.3728027 0.03222656 0.3562012 0.01953125 0.3825684 0.01757813 0.3540039 0.01123047 0.3969727 0.0004882813 0.3825684 0.01757813 0.3825684 0.01757813 0.3562012 0.01953125 0.3540039 0.01123047 0.3969727 0.1176758 0.361084 0.1660156 0.3620605 0.1157227 0.5014648 0.06884766 0.5009766 0.08691406 0.4868164 0.08447266 0.4521484 0.1132813 0.4360352 0.1660156 0.4335938 0.1162109 0.3005371 0.1464844 0.2937012 0.1181641 0.3430176 0.1123047 0.3115234 0.09326172 0.2946777 0.09716797 0.2941895 0.07958984 0.4335938 0.1162109 0.4360352 0.1660156 0.3969727 0.1176758 0.3430176 0.1123047 0.2937012 0.1181641 0.3251953 0.105957 0.4741211 0.1015625 0.4465332 0.09619141 0.4763184 0.078125 0.4536133 0.04492188 0.4233398 0.03173828 0.4584961 0.03173828 0.4689941 0.01611328 0.4584961 0.03173828 0.4377441 0.01953125 0.4536133 0.04492188 0.4584961 0.03173828 0.4824219 0.02880859 0.3259277 0.0234375 0.3359375 0.03222656 0.3132324 0.03271484 0.4377441 0.01953125 0.4233398 0.03173828 0.4123535 0.01806641 0.4526367 0.006347656 0.4689941 0.01611328 0.4377441 0.01953125 0.3540039 0.01123047 0.3562012 0.01953125 0.3259277 0.0234375 0.4377441 0.01953125 0.4584961 0.03173828 0.4233398 0.03173828 0.3562012 0.01953125 0.3359375 0.03222656 0.3259277 0.0234375 0.4741211 0.1015625 0.4980469 0.1147461 0.4521484 0.1132813 0.6396484 0.1123047 0.652832 0.09033203 0.6586914 0.1079102 0.6586914 0.1079102 0.652832 0.09033203 0.6811523 0.1015625 0.6811523 0.1015625 0.6826172 0.08154297 0.6923828 0.09912109 0.6923828 0.09912109 0.6826172 0.08154297 0.7080078 0.078125 0.7006836 0.05664063 0.7080078 0.078125 0.6826172 0.08154297 0.5493164 0.1074219 0.5561523 0.09033203 0.5683594 0.1108398 0.53125 0.1035156 0.5561523 0.09033203 0.5493164 0.1074219 0.5014648 0.06884766 0.5307617 0.078125 0.5141602 0.08496094 0.5307617 0.078125 0.5014648 0.06884766 0.5063477 0.06054688 0.6298828 0.03222656 0.6601563 0.04296875 0.6376953 0.04785156 0.6645508 0.02392578 0.6601563 0.04296875 0.6298828 0.03222656 0.6601563 0.04296875 0.6645508 0.02392578 0.6782227 0.03662109 0.6298828 0.03222656 0.6030273 0.03417969 0.6030273 0.02050781 0.6645508 0.02392578 0.6298828 0.03222656 0.6186523 0.01855469 0.6030273 0.03417969 0.5791016 0.03271484 0.6030273 0.02050781 0.5698242 0.04833984 0.5522461 0.04492188 0.5791016 0.03271484 0.6298828 0.03222656 0.6030273 0.02050781 0.6186523 0.01855469 0.644043 0.01123047 0.6645508 0.02392578 0.6186523 0.01855469 0.6030273 0.02050781 0.5791016 0.03271484 0.5888672 0.01806641 0.5791016 0.03271484 0.5522461 0.04492188 0.5361328 0.03076172 0.6186523 0.01855469 0.6030273 0.02050781 0.6030273 0.0009765625 0.6186523 0.01855469 0.6030273 0.0009765625 0.644043 0.01123047 0.6030273 0.0009765625 0.6030273 0.02050781 0.5888672 0.01806641 0.5791016 0.03271484 0.5361328 0.03076172 0.5888672 0.01806641 0.5522461 0.04492188 0.5263672 0.03808594 0.5361328 0.03076172 0.5527344 0.02197266 0.6030273 0.0009765625 0.5888672 0.01806641 0.5888672 0.01806641 0.5361328 0.03076172 0.5527344 0.02197266 0.6030273 0.1132813 0.5673828 0.1660156 0.5683594 0.1108398 0.7080078 0.078125 0.7070313 0.1030273 0.6923828 0.09912109 0.6586914 0.1079102 0.6425781 0.1660156 0.6396484 0.1123047 0.5141602 0.08496094 0.5009766 0.08691406 0.5014648 0.06884766 0.6586914 0.1079102 0.7114258 0.1494141 0.6425781 0.1660156 0.6396484 0.1123047 0.6425781 0.1660156 0.6030273 0.1132813 0.6586914 0.1079102 0.7060547 0.1186523 0.7114258 0.1494141 0.5493164 0.1074219 0.4980469 0.1147461 0.53125 0.1035156 0.6811523 0.1015625 0.652832 0.09033203 0.6826172 0.08154297 0.6811523 0.1015625 0.7060547 0.1186523 0.6586914 0.1079102 0.2272949 0.1152344 0.2403564 0.09033203 0.2459717 0.1108398 0.2459717 0.1108398 0.2403564 0.09033203 0.2687988 0.1044922 0.2687988 0.1044922 0.2700195 0.08154297 0.2805176 0.09863281 0.2805176 0.09863281 0.2700195 0.08154297 0.2941895 0.07958984 0.282959 0.06494141 0.2941895 0.07958984 0.2700195 0.08154297 0.1365967 0.1098633 0.1434326 0.09033203 0.1556396 0.1137695 0.08850098 0.078125 0.1125488 0.08056641 0.1035156 0.09765625 0.1125488 0.08056641 0.08850098 0.078125 0.09442139 0.06884766 0.2171631 0.03710938 0.2474365 0.04785156 0.2249756 0.05273438 0.2570801 0.02929688 0.2474365 0.04785156 0.2171631 0.03710938 0.2474365 0.04785156 0.2570801 0.02929688 0.2680664 0.04150391 0.2171631 0.03710938 0.1906738 0.0390625 0.1906738 0.02539063 0.2570801 0.02929688 0.2171631 0.03710938 0.2059326 0.0234375 0.1906738 0.0390625 0.166626 0.03759766 0.1906738 0.02539063 0.1574707 0.05322266 0.1358643 0.04882813 0.166626 0.03759766 0.2171631 0.03710938 0.1906738 0.02539063 0.2059326 0.0234375 0.2362061 0.01367188 0.2570801 0.02929688 0.2059326 0.0234375 0.1906738 0.02539063 0.166626 0.03759766 0.1761475 0.02294922 0.166626 0.03759766 0.1358643 0.04882813 0.126709 0.02734375 0.2059326 0.0234375 0.1906738 0.02539063 0.1906738 0.005859375 0.2059326 0.0234375 0.1906738 0.005859375 0.2362061 0.01367188 0.1906738 0.005859375 0.1906738 0.02539063 0.1761475 0.02294922 0.166626 0.03759766 0.126709 0.02734375 0.1761475 0.02294922 0.1358643 0.04882813 0.1142578 0.03710938 0.126709 0.02734375 0.1478271 0.01660156 0.1906738 0.005859375 0.1761475 0.02294922 0.1761475 0.02294922 0.126709 0.02734375 0.1478271 0.01660156 0.1906738 0.1157227 0.1796875 0.1625977 0.1556396 0.1137695 0.2941895 0.07958984 0.2946777 0.09716797 0.2805176 0.09863281 0.2459717 0.1108398 0.2407227 0.1625977 0.2272949 0.1152344 0.2459717 0.1108398 0.3005371 0.1464844 0.2407227 0.1625977 0.2272949 0.1152344 0.2407227 0.1625977 0.1906738 0.1157227 0.2459717 0.1108398 0.2937012 0.1181641 0.3005371 0.1464844 0.2687988 0.1044922 0.2403564 0.09033203 0.2700195 0.08154297 0.2687988 0.1044922 0.2937012 0.1181641 0.2459717 0.1108398 0.8461914 0.1142578 0.859375 0.09326172 0.8647461 0.1118164 0.8994141 0.09570313 0.8886719 0.07958984 0.9130859 0.07763672 0.7553711 0.1108398 0.762207 0.09326172 0.7744141 0.1137695 0.737793 0.105957 0.762207 0.09326172 0.7553711 0.1108398 0.7080078 0.078125 0.7314453 0.08056641 0.7246094 0.1015625 0.7314453 0.08056641 0.7080078 0.078125 0.7172852 0.06396484 0.8930664 0.04003906 0.8710938 0.03710938 0.8759766 0.02636719 0.8359375 0.03710938 0.8095703 0.0390625 0.8095703 0.02539063 0.8095703 0.0390625 0.7856445 0.03759766 0.8095703 0.02539063 0.7763672 0.05322266 0.7573242 0.04882813 0.7856445 0.03759766 0.8359375 0.03710938 0.8095703 0.02539063 0.824707 0.0234375 0.8549805 0.01367188 0.8505859 0.02490234 0.824707 0.0234375 0.8095703 0.02539063 0.7856445 0.03759766 0.7949219 0.02294922 0.7412109 0.03173828 0.7553711 0.03662109 0.7573242 0.04882813 0.824707 0.0234375 0.8095703 0.02539063 0.8095703 0.005859375 0.824707 0.0234375 0.8095703 0.005859375 0.8549805 0.01367188 0.8095703 0.005859375 0.8095703 0.02539063 0.7949219 0.02294922 0.7856445 0.03759766 0.7685547 0.02490234 0.7949219 0.02294922 0.7666016 0.01660156 0.8095703 0.005859375 0.7949219 0.02294922 0.7949219 0.02294922 0.7685547 0.02490234 0.7666016 0.01660156 0.8095703 0.1157227 0.7792969 0.1625977 0.7744141 0.1137695 0.9296875 0.09667969 0.8994141 0.09570313 0.9130859 0.07763672 0.7114258 0.1494141 0.7060547 0.1186523 0.7553711 0.1108398 0.7246094 0.1015625 0.7070313 0.1030273 0.7080078 0.078125 0.8461914 0.1142578 0.8334961 0.1625977 0.8095703 0.1157227 0.7553711 0.1108398 0.7060547 0.1186523 0.737793 0.105957 0.8759766 0.02636719 0.8710938 0.03710938 0.8505859 0.02490234 0.8662109 0.04785156 0.8710938 0.03710938 0.8930664 0.04003906 0.7856445 0.03759766 0.7553711 0.03662109 0.7685547 0.02490234 0.7553711 0.03662109 0.7856445 0.03759766 0.7573242 0.04882813 0.7485352 0.02636719 0.7553711 0.03662109 0.7412109 0.03173828 0.8505859 0.02490234 0.8359375 0.03710938 0.824707 0.0234375 0.8549805 0.01367188 0.8759766 0.02636719 0.8505859 0.02490234 0.7666016 0.01660156 0.7685547 0.02490234 0.7485352 0.02636719 0.7685547 0.02490234 0.7553711 0.03662109 0.7485352 0.02636719 0.9936523 0.02832031 0.9936523 0.04052734 0.9711914 0.03662109 0.02098083 0.03759766 0.004154205 0.04150391 0.004154205 0.02929688 0.7915039 0.7023926 0.871582 0.7231445 0.8691406 0.7307129 0.7675781 0.7524414 0.7734375 0.732666 0.8623047 0.7446289 0.7734375 0.732666 0.8662109 0.7404785 0.8623047 0.7446289 0.7573242 0.4960938 0.7973633 0.5427246 0.7255859 0.5163574 0.7973633 0.5427246 0.7773438 0.5476074 0.7255859 0.5163574 0.7255859 0.5163574 0.7773438 0.5476074 0.7138672 0.5539551 0.7773438 0.5476074 0.769043 0.5559082 0.7138672 0.5539551 0.7138672 0.5539551 0.769043 0.5559082 0.7163086 0.5854492 0.769043 0.5559082 0.7802734 0.5871582 0.7163086 0.5854492 0.7163086 0.5854492 0.7802734 0.5871582 0.7573242 0.6049805 0.7802734 0.5871582 0.7856445 0.598877 0.7573242 0.6049805 0.7915039 0.7023926 0.8012695 0.6862793 0.871582 0.7231445 0.8012695 0.6862793 0.8691406 0.7138672 0.871582 0.7231445 0.8691406 0.7307129 0.871582 0.7231445 0.934082 0.7409668 0.934082 0.7409668 0.871582 0.7231445 0.9355469 0.7287598 0.8691406 0.7307129 0.934082 0.7409668 0.8662109 0.7404785 0.934082 0.7409668 0.9316406 0.7497559 0.8662109 0.7404785 0.8662109 0.7404785 0.9316406 0.7497559 0.8623047 0.7446289 0.9316406 0.7497559 0.9257813 0.753418 0.8623047 0.7446289 0.8691406 0.7138672 0.9355469 0.7287598 0.871582 0.7231445 1.004883 0.7460938 0.9838867 0.7475586 0.984375 0.7380371 0.9838867 0.7475586 1.004883 0.7460938 0.9848633 0.7506104 0.9848633 0.7506104 1.004883 0.7460938 0.9838867 0.7557373 0.9985352 0.7248535 1.004883 0.7460938 0.9946289 0.7282715 0.9946289 0.7282715 1.004883 0.7460938 0.9907227 0.7319336 0.9907227 0.7319336 1.004883 0.7460938 0.9887695 0.7346191 0.9887695 0.7346191 1.004883 0.7460938 0.984375 0.7380371 0.7978516 0.5854492 0.8188477 0.5895996 0.7573242 0.6049805 0.7573242 0.6049805 0.8188477 0.5895996 0.7553711 0.6218262 0.7573242 0.6049805 0.7553711 0.6218262 0.6914063 0.5895996 0.7573242 0.6049805 0.6914063 0.5895996 0.7163086 0.5854492 0.7553711 0.4487305 0.7573242 0.4960938 0.7148438 0.4897461 0.2128906 0.6594238 0.2077637 0.6945801 0.190918 0.6584473 0.2458496 0.4980469 0.2580566 0.5310059 0.2060547 0.5458984 0.2060547 0.5458984 0.2607422 0.532959 0.2108154 0.5532227 0.2607422 0.532959 0.2768555 0.5454102 0.2108154 0.5532227 0.2108154 0.5532227 0.2768555 0.5454102 0.2158203 0.5722656 0.2768555 0.5454102 0.2607422 0.5834961 0.2158203 0.5722656 0.2158203 0.5722656 0.2607422 0.5834961 0.2194824 0.5830078 0.2607422 0.5834961 0.244873 0.5915527 0.2194824 0.5830078 0.2194824 0.5830078 0.244873 0.5915527 0.2225342 0.5900879 0.1245117 0.6584473 0.1241455 0.6945801 0.1067505 0.6584473 0.1656494 0.7463379 0.1733398 0.7463379 0.1506348 0.7557373 0.04177856 0.7463379 0.04943848 0.7463379 0.06463623 0.7557373 0.3061523 0.3886719 0.3669434 0.4462891 0.2971191 0.449707 0.2290039 0.5834961 0.244873 0.5915527 0.1920166 0.5905762 0.3649902 0.5454102 0.3649902 0.5893555 0.3120117 0.5527344 0.3120117 0.5527344 0.3649902 0.5893555 0.2978516 0.5905762 0.244873 0.5915527 0.244873 0.6149902 0.1920166 0.5905762 0.244873 0.5915527 0.2978516 0.5905762 0.244873 0.6149902 0.2978516 0.5905762 0.3649902 0.5893555 0.3085938 0.6149902 0.6914063 0.5895996 0.7553711 0.6218262 0.690918 0.6149902 0.690918 0.6491699 0.6274414 0.6501465 0.6503906 0.6696777 0.3649902 0.6501465 0.3081055 0.6491699 0.3522949 0.6696777 0.3083496 0.6491699 0.3649902 0.6501465 0.3522949 0.6696777 0.6274414 0.6501465 0.690918 0.6491699 0.6503906 0.6696777 0.2385254 0.7788086 0.2514648 0.7583008 0.2346191 0.7550049 0.2385254 0.7788086 0.2346191 0.7550049 0.2276611 0.7536621 0.2385254 0.7788086 0.2276611 0.7536621 0.2346191 0.7550049 0.2385254 0.7788086 0.2346191 0.7550049 0.2514648 0.7583008 0.2385254 0.7788086 0.2514648 0.7583008 0.2680664 0.7615967 0.2385254 0.7788086 0.2680664 0.7615967 0.2932129 0.7629395 0.7382813 0.7579346 0.7543945 0.7783203 0.7548828 0.7541504 0.7548828 0.7541504 0.7543945 0.7783203 0.7617188 0.7525635 0.7617188 0.7525635 0.7543945 0.7783203 0.7548828 0.7541504 0.7548828 0.7541504 0.7543945 0.7783203 0.7382813 0.7579346 0.7382813 0.7579346 0.7543945 0.7783203 0.7216797 0.7617188 0.7216797 0.7617188 0.7543945 0.7783203 0.7011719 0.7633057 0.4147949 0.6833496 0.5 0.6806641 0.5 0.7053223 0.5 0.6806641 0.5874023 0.6833496 0.5 0.7053223 0.244873 0.5915527 0.2607422 0.5834961 0.2978516 0.5905762 0.244873 0.449707 0.2944336 0.4863281 0.2458496 0.4980469 0.7553711 0.6218262 0.8188477 0.5895996 0.8183594 0.6149902 0.2458496 0.4980469 0.2944336 0.4863281 0.2607422 0.532959 0.7148438 0.4897461 0.7573242 0.4960938 0.7255859 0.5163574 0.8066406 0.9254761 0.769043 0.9636536 0.7587891 0.960968 0.8066406 0.9254761 0.8022461 0.9879913 0.7905273 0.9757996 0.07623291 0.09863281 0.08850098 0.078125 0.1035156 0.09765625 0.1365967 0.1098633 0.07623291 0.09863281 0.1262207 0.1625977 0.04364014 0.1020508 0.09307861 0.1645508 0.05999756 0.1665039 0.4824219 0.02880859 0.4584961 0.03173828 0.4689941 0.01611328 0.4885254 0.04785156 0.4536133 0.04492188 0.4658203 0.06396484 0.3969727 0.1176758 0.4360352 0.1660156 0.361084 0.1660156 0.4360352 0.1660156 0.3723145 0.2241211 0.4360352 0.2241211 0.6030273 0.1132813 0.6425781 0.1660156 0.5673828 0.1660156 0.6298828 0.2241211 0.5673828 0.1660156 0.5634766 0.2241211 0.9057617 0.06542969 0.9130859 0.07763672 0.8886719 0.07958984 0.8994141 0.09570313 0.859375 0.09326172 0.8647461 0.1118164 0.8662109 0.04785156 0.8359375 0.03710938 0.8710938 0.03710938 0.8359375 0.03710938 0.84375 0.05273438 0.8505859 0.02490234 0.8710938 0.03710938 0.190918 0.6584473 0.2077637 0.6945801 0.1893311 0.6945801 0.2077637 0.6945801 0.1759033 0.7353516 0.1580811 0.6945801 0.1893311 0.6945801 0.1497803 0.7353516 0.1893311 0.6945801 0.1245117 0.6584473 0.190918 0.6584473 0.1497803 0.7353516 0.1893311 0.6945801 0.1759033 0.7353516 0.1759033 0.7353516 0.1525879 0.7463379 0.1656494 0.7463379 0.1525879 0.7463379 0.1495361 0.7557373 0.1759033 0.7353516 0.2077637 0.6945801 0.1912842 0.7353516 0.1912842 0.7353516 0.1656494 0.7463379 0.1733398 0.7463379 0.1067505 0.7353516 0.1241455 0.6945801 0.1497803 0.7353516 0.1067505 0.7353516 0.1514893 0.7463379 0.1237183 0.7463379 0.1494141 0.7557373 0.1514893 0.7463379 0.04943848 0.7463379 0.0625 0.7463379 0.06463623 0.7557373 0.0625 0.7463379 0.03659058 0.7353516 0.06274414 0.7353516 0.03952026 0.6721191 0.03659058 0.7353516 0.008262634 0.6721191 0.0625 0.7463379 0.07562256 0.7463379 0.06463623 0.7557373 0.08892822 0.7353516 0.0625 0.7463379 0.06274414 0.7353516 0.3061523 0.3295898 0.3723145 0.3295898 0.3061523 0.3886719 0.3723145 0.3295898 0.3061523 0.2241211 0.3723145 0.2241211 0.3723145 0.3295898 0.4360352 0.3295898 0.3723145 0.3886719 0.4360352 0.3295898 0.3723145 0.2241211 0.4360352 0.2241211 0.1174316 0.449707 0.1811523 0.3886719 0.1811523 0.449707 0.1811523 0.449707 0.1174316 0.5864258 0.1920166 0.5905762 0.3723145 0.3886719 0.4360352 0.4472656 0.3669434 0.4462891 0.4360352 0.4472656 0.3649902 0.5454102 0.4360352 0.5893555 0.3649902 0.5454102 0.4360352 0.5893555 0.3649902 0.5893555 0.3649902 0.5893555 0.4331055 0.657959 0.3649902 0.6501465 0.1920166 0.5905762 0.244873 0.6149902 0.1811523 0.6149902 0.244873 0.6430664 0.1811523 0.6149902 0.1811523 0.6491699 0.244873 0.6149902 0.2978516 0.5905762 0.3085938 0.6149902 0.3085938 0.6149902 0.244873 0.6430664 0.3083496 0.6491699 0.690918 0.4482422 0.7553711 0.4487305 0.7148438 0.4897461 0.7548828 0.3886719 0.690918 0.4482422 0.690918 0.3886719 0.7548828 0.3295898 0.7548828 0.3886719 0.690918 0.3295898 0.7602539 0.2241211 0.6967773 0.2241211 0.6274414 0.5893555 0.6914063 0.5895996 0.690918 0.6149902 0.6914063 0.5493164 0.6274414 0.5893555 0.6274414 0.5454102 0.02098083 0.03759766 0.05194092 0.046875 0.02679443 0.046875 0.06445313 0.07714844 0.05194092 0.046875 0.04364014 0.1020508 0.07623291 0.09863281 0.965332 0.04589844 0.9516602 0.04589844 0.9711914 0.03662109 0.9516602 0.04589844 0.9326172 0.07617188 0.9624023 0.1000977 0.9296875 0.09667969 0.07562256 0.7463379 0.0836792 0.7463379 0.06463623 0.7557373 0.1067505 0.7353516 0.08892822 0.7353516 0.07562256 0.7463379 0.4360352 0.3886719 0.5 0.449707 0.4360352 0.4472656 0.5 0.5893555 0.4360352 0.5893555 0.4360352 0.4472656 0.06573486 0.046875 0.08148193 0.06884766 0.05194092 0.046875 0.06445313 0.07714844 0.9326172 0.07617188 0.918457 0.06884766 0.9516602 0.04589844 0.9414063 0.04589844 0.004154205 0.05078125 0.004154205 0.04150391 0.02679443 0.046875 0.02098083 0.03759766 0.004154205 0.01025391 0.06573486 0.046875 0.02098083 0.03759766 0.05194092 0.046875 0.9624023 0.1000977 0.965332 0.04589844 0.9926758 0.1020508 0.9936523 0.04980469 0.9936523 0.04980469 0.965332 0.04589844 0.9936523 0.04052734 0.9711914 0.03662109 0.9516602 0.04589844 0.9414063 0.04589844 0.9711914 0.03662109 0.9936523 0.009277344 0.04364014 0.1020508 0.05999756 0.1665039 0.004154205 0.1030273 0.004154205 0.1665039 0.05999756 0.1665039 0.01390076 0.2241211 0.06860352 0.2241211 0.08148193 0.06884766 0.08850098 0.078125 0.06445313 0.07714844 0.07623291 0.09863281 0.9399414 0.1665039 0.9624023 0.1000977 0.9926758 0.1020508 0.9926758 0.1665039 0.9897461 0.2265625 0.9399414 0.1665039 0.9370117 0.2265625 0.04364014 0.1020508 0.004154205 0.1030273 0.02679443 0.046875 0.004154205 0.05078125 0.8989258 0.1411133 0.8823242 0.2241211 0.8334961 0.1625977 0.824707 0.2241211 0.8989258 0.1411133 0.9399414 0.1665039 0.8823242 0.2241211 0.9370117 0.2265625 0.09307861 0.1645508 0.07470703 0.2241211 0.05999756 0.1665039 0.06860352 0.2241211 0.3005371 0.1464844 0.3061523 0.2241211 0.2407227 0.1625977 0.244873 0.2241211 0.3005371 0.1464844 0.361084 0.1660156 0.3061523 0.2241211 0.3723145 0.2241211 0.5019531 0.1450195 0.5 0.2241211 0.4360352 0.1660156 0.4360352 0.2241211 0.5019531 0.1450195 0.5673828 0.1660156 0.5 0.2241211 0.5634766 0.2241211 0.7114258 0.1494141 0.6967773 0.2241211 0.6425781 0.1660156 0.6298828 0.2241211 0.7114258 0.1494141 0.7792969 0.1625977 0.6967773 0.2241211 0.7602539 0.2241211 0.3969727 0.1176758 0.3969727 0.09960938 0.4335938 0.1162109 0.4465332 0.09619141 0.3496094 0.09619141 0.3969727 0.09960938 0.3620605 0.1157227 0.3969727 0.1176758 0.4465332 0.09619141 0.3969727 0.09960938 0.4394531 0.07666016 0.3969727 0.08105469 0.4763184 0.078125 0.4465332 0.09619141 0.4658203 0.06396484 0.4394531 0.07666016 0.3969727 0.08105469 0.3969727 0.09960938 0.3574219 0.07617188 0.3496094 0.09619141 0.4885254 0.04785156 0.4958496 0.06054688 0.4658203 0.06396484 0.4763184 0.078125 0.3969727 0.08105469 0.3969727 0.05224609 0.4394531 0.07666016 0.4313965 0.04931641 0.4394531 0.07666016 0.4313965 0.04931641 0.4658203 0.06396484 0.4536133 0.04492188 0.3115234 0.09326172 0.3188477 0.08349609 0.3251953 0.105957 0.3496094 0.09619141 0.3969727 0.08105469 0.3574219 0.07617188 0.3969727 0.05224609 0.3637695 0.04980469 0.3574219 0.07617188 0.3496094 0.09619141 0.3293457 0.06835938 0.3188477 0.08349609 0.3969727 0.05224609 0.3969727 0.03369141 0.4313965 0.04931641 0.4233398 0.03173828 0.3969727 0.05224609 0.3637695 0.04980469 0.3969727 0.03369141 0.3728027 0.03222656 0.3574219 0.07617188 0.3293457 0.06835938 0.3637695 0.04980469 0.342041 0.04589844 0.3188477 0.08349609 0.2944336 0.06738281 0.3293457 0.06835938 0.3024902 0.05517578 0.3293457 0.06835938 0.3024902 0.05517578 0.342041 0.04589844 0.3132324 0.03271484 0.3430176 0.1123047 0.3620605 0.1157227 0.3005371 0.1464844 0.361084 0.1660156 0.4980469 0.1147461 0.4741211 0.1015625 0.5009766 0.08691406 0.4868164 0.08447266 0.4360352 0.1660156 0.4521484 0.1132813 0.5019531 0.1450195 0.4980469 0.1147461 0.2937012 0.1181641 0.2946777 0.09716797 0.3251953 0.105957 0.3115234 0.09326172 0.3728027 0.03222656 0.3359375 0.03222656 0.3562012 0.01953125 0.342041 0.04589844 0.6030273 0.1132813 0.6030273 0.09375 0.6396484 0.1123047 0.652832 0.09033203 0.5561523 0.09033203 0.6030273 0.09375 0.5683594 0.1108398 0.6030273 0.1132813 0.652832 0.09033203 0.6030273 0.09375 0.6455078 0.07373047 0.6030273 0.07666016 0.6826172 0.08154297 0.652832 0.09033203 0.671875 0.06054688 0.6455078 0.07373047 0.6030273 0.07666016 0.6030273 0.09375 0.5634766 0.07373047 0.5561523 0.09033203 0.6914063 0.04833984 0.7006836 0.05664063 0.671875 0.06054688 0.6826172 0.08154297 0.6455078 0.07373047 0.6030273 0.07666016 0.6376953 0.04785156 0.6030273 0.05078125 0.671875 0.06054688 0.6455078 0.07373047 0.6601563 0.04296875 0.6376953 0.04785156 0.5141602 0.08496094 0.5307617 0.078125 0.53125 0.1035156 0.5561523 0.09033203 0.6030273 0.05078125 0.6030273 0.07666016 0.5698242 0.04833984 0.5634766 0.07373047 0.5634766 0.07373047 0.5561523 0.09033203 0.5410156 0.06396484 0.5307617 0.078125 0.6782227 0.03662109 0.6914063 0.04833984 0.6601563 0.04296875 0.671875 0.06054688 0.6030273 0.05078125 0.6030273 0.03417969 0.6376953 0.04785156 0.6298828 0.03222656 0.6030273 0.05078125 0.5698242 0.04833984 0.6030273 0.03417969 0.5791016 0.03271484 0.5698242 0.04833984 0.5634766 0.07373047 0.5522461 0.04492188 0.5410156 0.06396484 0.5307617 0.078125 0.5063477 0.06054688 0.5410156 0.06396484 0.5131836 0.05859375 0.5410156 0.06396484 0.5131836 0.05859375 0.5522461 0.04492188 0.5263672 0.03808594 0.7060547 0.1186523 0.6811523 0.1015625 0.7070313 0.1030273 0.6923828 0.09912109 0.4980469 0.1147461 0.5009766 0.08691406 0.53125 0.1035156 0.5141602 0.08496094 0.1906738 0.1157227 0.1906738 0.09375 0.2272949 0.1152344 0.2403564 0.09033203 0.2700195 0.08154297 0.2403564 0.09033203 0.2592773 0.06689453 0.2331543 0.07373047 0.1906738 0.07666016 0.1906738 0.09375 0.151123 0.07373047 0.1434326 0.09033203 0.276123 0.05615234 0.282959 0.06494141 0.2592773 0.06689453 0.2700195 0.08154297 0.1434326 0.09033203 0.1365967 0.1098633 0.1125488 0.08056641 0.1035156 0.09765625 0.2331543 0.07373047 0.1906738 0.07666016 0.2249756 0.05273438 0.1906738 0.05566406 0.2592773 0.06689453 0.2331543 0.07373047 0.2474365 0.04785156 0.2249756 0.05273438 0.1906738 0.05566406 0.1906738 0.07666016 0.1574707 0.05322266 0.151123 0.07373047 0.151123 0.07373047 0.1434326 0.09033203 0.1231079 0.06738281 0.1125488 0.08056641 0.2680664 0.04150391 0.276123 0.05615234 0.2474365 0.04785156 0.2592773 0.06689453 0.1906738 0.05566406 0.1906738 0.0390625 0.2249756 0.05273438 0.2171631 0.03710938 0.1906738 0.05566406 0.1574707 0.05322266 0.1906738 0.0390625 0.166626 0.03759766 0.1574707 0.05322266 0.151123 0.07373047 0.1358643 0.04882813 0.1231079 0.06738281 0.2937012 0.1181641 0.2687988 0.1044922 0.2946777 0.09716797 0.2805176 0.09863281 0.1365967 0.1098633 0.1556396 0.1137695 0.1262207 0.1625977 0.1796875 0.1625977 0.1262207 0.1625977 0.1174316 0.2241211 0.1811523 0.2241211 0.8095703 0.1157227 0.8095703 0.09667969 0.8461914 0.1142578 0.859375 0.09326172 0.762207 0.09326172 0.8095703 0.09667969 0.7744141 0.1137695 0.8095703 0.1157227 0.859375 0.09326172 0.8095703 0.09667969 0.8520508 0.07519531 0.8095703 0.07958984 0.8886719 0.07958984 0.859375 0.09326172 0.878418 0.06689453 0.8520508 0.07519531 0.8095703 0.07958984 0.8095703 0.05566406 0.8520508 0.07519531 0.84375 0.05273438 0.8520508 0.07519531 0.84375 0.05273438 0.878418 0.06689453 0.8662109 0.04785156 0.7246094 0.1015625 0.7314453 0.08056641 0.737793 0.105957 0.762207 0.09326172 0.7700195 0.07519531 0.762207 0.09326172 0.7421875 0.06738281 0.7314453 0.08056641 0.8095703 0.05566406 0.8095703 0.0390625 0.84375 0.05273438 0.8359375 0.03710938 0.8095703 0.05566406 0.7763672 0.05322266 0.8095703 0.0390625 0.7856445 0.03759766 0.7700195 0.07519531 0.7421875 0.06738281 0.7763672 0.05322266 0.7573242 0.04882813 0.7314453 0.08056641 0.7172852 0.06396484 0.7421875 0.06738281 0.7255859 0.05224609 0.7421875 0.06738281 0.7255859 0.05224609 0.7573242 0.04882813 0.7412109 0.03173828 0.7114258 0.1494141 0.7553711 0.1108398 0.7792969 0.1625977 0.7744141 0.1137695 0.8334961 0.1625977 0.8461914 0.1142578 0.8989258 0.1411133 0.8647461 0.1118164 0.8647461 0.1118164 0.8994141 0.09570313 0.8989258 0.1411133 0.9296875 0.09667969 0.7060547 0.1186523 0.7070313 0.1030273 0.737793 0.105957 0.7246094 0.1015625 0.09307861 0.1645508 0.1262207 0.1625977 0.1113281 0.2241211 0.1174316 0.2241211 0.7734375 0.732666 0.7915039 0.7023926 0.8662109 0.7404785 0.8691406 0.7307129 0.9433594 0.6994629 0.9414063 0.7075195 0.8745117 0.6816406 0.8740234 0.6867676 0.8740234 0.6867676 0.9414063 0.7075195 0.8725586 0.6955566 0.9394531 0.715332 0.8725586 0.6955566 0.9394531 0.715332 0.871582 0.7038574 0.9370117 0.7233887 0.871582 0.7038574 0.9370117 0.7233887 0.8691406 0.7138672 0.9355469 0.7287598 0.984375 0.7380371 0.9838867 0.7475586 0.9355469 0.7287598 0.934082 0.7409668 0.9838867 0.7475586 0.9848633 0.7506104 0.934082 0.7409668 0.9316406 0.7497559 0.9848633 0.7506104 0.9838867 0.7557373 0.9316406 0.7497559 0.9257813 0.753418 0.9433594 0.6994629 0.9985352 0.7248535 0.9414063 0.7075195 0.9946289 0.7282715 0.9414063 0.7075195 0.9946289 0.7282715 0.9394531 0.715332 0.9907227 0.7319336 0.9394531 0.715332 0.9907227 0.7319336 0.9370117 0.7233887 0.9887695 0.7346191 0.9370117 0.7233887 0.9887695 0.7346191 0.9355469 0.7287598 0.984375 0.7380371 0.7856445 0.5056152 0.7573242 0.4960938 0.8183594 0.4482422 0.7553711 0.4487305 0.8183594 0.4482422 0.7548828 0.3886719 0.8183594 0.3886719 0.7548828 0.3886719 0.7548828 0.3295898 0.8183594 0.3295898 0.7602539 0.2241211 0.824707 0.2241211 0.7163086 0.5854492 0.6914063 0.5895996 0.7138672 0.5539551 0.6914063 0.5493164 0.1245117 0.6584473 0.1580811 0.6945801 0.1241455 0.6945801 0.1497803 0.7353516 0.1067505 0.6584473 0.1241455 0.6945801 0.1066895 0.6945801 0.1067505 0.7353516 0.008262634 0.6721191 0.03659058 0.7353516 0.004451752 0.6945801 0.02124023 0.7353516 0.03952026 0.6721191 0.07073975 0.6721191 0.06274414 0.7353516 0.08892822 0.7353516 0.07073975 0.6721191 0.1066895 0.6945801 0.08892822 0.7353516 0.1067505 0.7353516 0.03659058 0.7353516 0.04943848 0.7463379 0.02119446 0.7353516 0.04177856 0.7463379 0.1174316 0.2241211 0.1811523 0.2241211 0.1174316 0.3295898 0.1811523 0.3295898 0.1174316 0.3295898 0.1174316 0.3886719 0.1811523 0.3886719 0.1174316 0.449707 0.5634766 0.2241211 0.6298828 0.2241211 0.5634766 0.3295898 0.6274414 0.3295898 0.6274414 0.3886719 0.5634766 0.3886719 0.5634766 0.3295898 0.6298828 0.2241211 0.6967773 0.2241211 0.6274414 0.3295898 0.690918 0.3295898 0.690918 0.3886719 0.6274414 0.3886719 0.6274414 0.3295898 0.690918 0.3886719 0.6274414 0.449707 0.690918 0.4482422 0.3061523 0.3886719 0.3723145 0.3295898 0.3723145 0.3886719 0.3669434 0.4462891 0.3723145 0.3886719 0.4360352 0.3295898 0.4360352 0.3886719 0.4360352 0.4472656 0.8823242 0.449707 0.8183594 0.4482422 0.8183594 0.3886719 0.8823242 0.3886719 0.8823242 0.3295898 0.8183594 0.3295898 0.8183594 0.3886719 0.8823242 0.3295898 0.824707 0.2241211 0.8823242 0.2241211 0.9370117 0.2265625 0.8823242 0.3295898 0.9897461 0.3295898 0.9897461 0.2265625 0.1811523 0.449707 0.244873 0.3886719 0.244873 0.449707 0.1811523 0.449707 0.2458496 0.4980469 0.2290039 0.532959 0.1811523 0.3886719 0.244873 0.3886719 0.244873 0.3295898 0.1811523 0.3295898 0.244873 0.2241211 0.1811523 0.2241211 0.5634766 0.3886719 0.5634766 0.449707 0.5 0.449707 0.5 0.3886719 0.5634766 0.3295898 0.5634766 0.3886719 0.5 0.3295898 0.5634766 0.2241211 0.5 0.2241211 0.5634766 0.3886719 0.6274414 0.3886719 0.5634766 0.449707 0.6274414 0.449707 0.6274414 0.5454102 0.5634766 0.449707 0.5634766 0.5893555 0.6274414 0.5893555 0.5664063 0.657959 0.6274414 0.5893555 0.6274414 0.6501465 0.5 0.449707 0.5634766 0.449707 0.5 0.5893555 0.5634766 0.5893555 0.690918 0.4482422 0.7148438 0.4897461 0.690918 0.4892578 0.6914063 0.5493164 0.7148438 0.4897461 0.7255859 0.5163574 0.7138672 0.5539551 0.8188477 0.5895996 0.8183594 0.4482422 0.8823242 0.5864258 0.8823242 0.449707 0.9897461 0.449707 0.9995117 0.5864258 0.8823242 0.449707 0.8823242 0.5864258 0.1174316 0.5864258 -0.002912521 0.5864258 0.1174316 0.449707 0.006969452 0.449707 0.1174316 0.449707 0.1174316 0.3886719 0.006969452 0.3295898 0.1174316 0.3295898 0.2290039 0.5834961 0.1920166 0.5905762 0.2290039 0.532959 0.1811523 0.449707 0.8823242 0.6506348 0.8823242 0.5864258 0.9995117 0.6501465 0.9995117 0.5864258 0.1174316 0.6501465 -0.002912521 0.6501465 0.1174316 0.5864258 -0.002912521 0.5864258 0.3083496 0.6491699 0.3085938 0.6149902 0.3649902 0.6501465 0.3649902 0.5893555 0.4331055 0.657959 0.4360352 0.5893555 0.5 0.6589355 0.5 0.5893555 0.5664063 0.657959 0.5 0.6589355 0.5634766 0.5893555 0.5 0.5893555 0.690918 0.6491699 0.6274414 0.6501465 0.690918 0.6149902 0.6274414 0.5893555 0.690918 0.6149902 0.7553711 0.6218262 0.690918 0.6491699 0.7548828 0.6430664 0.8183594 0.6149902 0.8183594 0.6494141 0.7553711 0.6218262 0.7548828 0.6430664 0.5 0.7053223 0.6503906 0.6696777 0.5 0.6589355 0.6274414 0.6501465 0.5 0.7053223 0.5 0.6589355 0.3522949 0.6696777 0.3649902 0.6501465 0.4331055 0.657959 0.4147949 0.6833496 0.3649902 0.6501465 0.3522949 0.6696777 0.5 0.6589355 0.5 0.6806641 0.4331055 0.657959 0.4147949 0.6833496 0.5 0.6589355 0.5664063 0.657959 0.5 0.6806641 0.5874023 0.6833496 0.5664063 0.657959 0.6274414 0.6501465 0.5874023 0.6833496 0.6503906 0.6696777 0.3081055 0.6491699 0.2851563 0.6994629 0.3522949 0.6696777 0.3288574 0.7050781 0.3081055 0.6491699 0.244873 0.6430664 0.2851563 0.6994629 0.2352295 0.6962891 0.3083496 0.6491699 0.2851563 0.6994629 0.244873 0.6430664 0.2352295 0.6962891 0.3083496 0.6491699 0.3522949 0.6696777 0.2851563 0.6994629 0.3288574 0.7050781 0.4147949 0.6833496 0.3986816 0.7126465 0.3522949 0.6696777 0.3288574 0.7050781 0.5 0.7053223 0.4162598 0.7148438 0.4147949 0.6833496 0.3986816 0.7126465 0.3986816 0.7126465 0.3288574 0.7050781 0.2680664 0.7615967 0.2514648 0.7583008 0.3288574 0.7050781 0.2851563 0.6994629 0.2514648 0.7583008 0.2346191 0.7550049 0.2851563 0.6994629 0.2352295 0.6962891 0.2346191 0.7550049 0.2276611 0.7536621 0.2851563 0.6994629 0.2346191 0.7550049 0.2352295 0.6962891 0.2276611 0.7536621 0.3288574 0.7050781 0.2514648 0.7583008 0.2851563 0.6994629 0.2346191 0.7550049 0.3986816 0.7126465 0.2680664 0.7615967 0.3288574 0.7050781 0.2514648 0.7583008 0.4162598 0.7148438 0.2932129 0.7629395 0.3986816 0.7126465 0.2680664 0.7615967 0.4162598 0.7148438 0.3986816 0.7126465 0.2932129 0.7629395 0.2680664 0.7615967 0.2932129 0.7629395 0.2680664 0.7615967 0.2385254 0.7788086 0.2514648 0.7583008 0.6621094 0.7097168 0.7192383 0.6994629 0.6503906 0.6696777 0.690918 0.6491699 0.690918 0.6491699 0.7192383 0.6994629 0.7548828 0.6430664 0.7524414 0.6962891 0.7524414 0.6962891 0.7192383 0.6994629 0.7548828 0.6430664 0.690918 0.6491699 0.690918 0.6491699 0.7192383 0.6994629 0.6503906 0.6696777 0.6621094 0.7097168 0.6621094 0.7097168 0.6040039 0.7126465 0.6503906 0.6696777 0.5874023 0.6833496 0.6040039 0.7126465 0.5859375 0.7148438 0.5874023 0.6833496 0.5 0.7053223 0.6040039 0.7126465 0.7216797 0.7617188 0.6621094 0.7097168 0.7382813 0.7579346 0.6621094 0.7097168 0.7382813 0.7579346 0.7192383 0.6994629 0.7548828 0.7541504 0.7192383 0.6994629 0.7548828 0.7541504 0.7524414 0.6962891 0.7617188 0.7525635 0.7617188 0.7525635 0.7548828 0.7541504 0.7524414 0.6962891 0.7192383 0.6994629 0.7548828 0.7541504 0.7382813 0.7579346 0.7192383 0.6994629 0.6621094 0.7097168 0.7382813 0.7579346 0.7216797 0.7617188 0.6621094 0.7097168 0.6040039 0.7126465 0.7216797 0.7617188 0.7011719 0.7633057 0.6040039 0.7126465 0.5859375 0.7148438 0.5859375 0.7148438 0.7011719 0.7633057 0.6040039 0.7126465 0.7216797 0.7617188 0.7382813 0.7579346 0.7216797 0.7617188 0.7543945 0.7783203 0.7011719 0.7633057 0.2768555 0.5454102 0.3120117 0.5527344 0.2607422 0.5834961 0.2978516 0.5905762 0.2768555 0.5454102 0.2607422 0.532959 0.3120117 0.5527344 0.2944336 0.4863281 0.8183594 0.4482422 0.8188477 0.5895996 0.7856445 0.5056152 0.7978516 0.5854492 0.769043 0.9636536 0.7983398 0.938385 0.7768555 0.9746094 0.8066406 0.9254761 0.8066406 0.9254761 0.7905273 0.9757996 0.7983398 0.938385 0.7768555 0.9746094 0.824707 0.2241211 0.7602539 0.2241211 0.7792969 0.1625977 0.8334961 0.1625977 0.8095703 0.1157227 0.4980469 0.1147461 0.5493164 0.1074219 0.5019531 0.1450195 0.5683594 0.1108398 0.5673828 0.1660156 0.1142578 0.03710938 0.1358643 0.04882813 0.09442139 0.06884766 0.1231079 0.06738281 0.1125488 0.08056641 0.8662109 0.04785156 0.8930664 0.04003906 0.878418 0.06689453 0.9057617 0.06542969 0.8886719 0.07958984 0.1174316 0.2241211 0.1174316 0.3295898 0.06860352 0.2241211 0.006969452 0.3295898 0.01390076 0.2241211 0.8823242 0.3295898 0.9897461 0.3295898 0.8823242 0.3886719 0.9897461 0.449707 0.8823242 0.449707 0.5 0.3886719 0.5 0.449707 0.4360352 0.3886719 0.5 0.3295898 0.4360352 0.3295898 0.5 0.3295898 0.4360352 0.2241211 0.5 0.2241211 0.2971191 0.449707 0.3669434 0.4462891 0.2944336 0.4863281 0.3649902 0.5454102 0.3120117 0.5527344 0.6914063 0.5493164 0.6274414 0.5454102 0.690918 0.4892578 0.6274414 0.449707 0.690918 0.4482422 0.8188477 0.5895996 0.8823242 0.5864258 0.8183594 0.6149902 0.8823242 0.6506348 0.8183594 0.6494141 0.1811523 0.6491699 0.1174316 0.6501465 0.1811523 0.6149902 0.1174316 0.5864258 0.1920166 0.5905762 0.3288574 0.7050781 0.3986816 0.7126465 0.3522949 0.6696777 0.4162598 0.7148438 0.5 0.7053223 0.5 0.7053223 0.5859375 0.7148438 0.6503906 0.6696777 0.6040039 0.7126465 0.6621094 0.7097168 0.2407227 0.1625977 0.244873 0.2241211 0.1811523 0.2241211 0.1796875 0.1625977 0.1906738 0.1157227 0.3061523 0.2241211 0.3061523 0.3295898 0.244873 0.2241211 0.244873 0.3295898 0.3061523 0.3886719 0.244873 0.3886719 0.2971191 0.449707 0.2944336 0.4863281 0.244873 0.449707 0.244873 0.3886719 0.1434326 0.09033203 0.1906738 0.09375 0.1556396 0.1137695 0.1906738 0.1157227 0.1906738 0.07666016 0.2331543 0.07373047 0.2403564 0.09033203 0.8095703 0.07958984 0.8095703 0.09667969 0.7700195 0.07519531 0.762207 0.09326172 0.7763672 0.05322266 0.8095703 0.05566406 0.8095703 0.07958984 0.9770508 0.9205322 0.9482422 0.960968 0.9873047 0.8729248 0.9047852 0.9879913 0.9482422 0.78479 0.9770508 0.8251953 0.9047852 0.7576904 0.8535156 0.748291 0.7587891 0.78479 0.8022461 0.7576904 0.8535156 0.8729248 0.7294922 0.8251953 0.7192383 0.8729248 0.8535156 0.8729248 0.7294922 0.9205322 0.8535156 0.9974747 0.7587891 0.960968 0.8022461 0.9879913 0.8066406 0.9254761 0.8535156 0.9974747 0.7587891 0.960968 0.8022461 0.9879913 0.9047852 0.9879913 0.9482422 0.960968 0.7294922 0.9205322 0.7192383 0.8729248 0.9770508 0.9205322 0.9873047 0.8729248 0.7294922 0.8251953 0.7587891 0.78479 0.9770508 0.8251953 0.9482422 0.78479 0.8535156 0.748291 0.8022461 0.7576904 0.9047852 0.7576904</float_array>
          <technique_common>
            <accessor source="#TrunkBottom__mPltTreeOakTrunk-texcoord-array" count="1776" stride="2">
              <param name="S" type="float" />
              <param name="T" type="float" />
            </accessor>
          </technique_common>
        </source>
        <vertices id="TrunkBottom__mPltTreeOakTrunk-vertex">
          <input semantic="POSITION" source="#TrunkBottom__mPltTreeOakTrunk-position" />
        </vertices>
        <triangles material="mPltTreeOakTrunk" count="814">
          <input semantic="VERTEX" source="#TrunkBottom__mPltTreeOakTrunk-vertex" offset="0" />
          <input semantic="NORMAL" source="#TrunkBottom__mPltTreeOakTrunk-normal" offset="1" />
          <input semantic="COLOR" source="#TrunkBottom__mPltTreeOakTrunk-color" offset="2" set="0" />
          <input semantic="TEXCOORD" source="#TrunkBottom__mPltTreeOakTrunk-texcoord" offset="3" set="0" />
          <p>0 0 0 0 1 1 1 1 2 2 2 2 3 3 3 3 4 4 4 4 5 5 5 5 6 6 6 6 7 7 7 7 8 8 8 8 9 9 9 9 10 10 10 10 11 11 11 11 12 12 12 12 13 13 13 13 14 14 14 14 15 15 15 15 16 16 16 16 17 17 17 17 18 18 18 18 19 19 19 19 20 20 20 20 21 21 21 21 22 22 22 22 23 23 23 23 24 24 24 24 25 25 25 25 26 26 26 26 27 27 27 27 28 28 28 28 29 29 29 29 30 30 30 30 31 31 31 31 32 32 32 32 33 33 33 33 34 34 34 34 35 35 35 35 36 36 36 36 37 37 37 37 38 38 38 38 39 39 39 39 40 40 40 40 41 41 41 41 42 42 42 42 43 43 43 43 44 44 44 44 45 45 45 45 46 46 46 46 47 47 47 47 48 48 48 48 49 49 49 49 50 50 50 50 51 51 51 51 52 52 52 52 53 53 53 53 54 54 54 54 55 55 55 55 56 56 56 56 57 57 57 57 58 58 58 58 59 59 59 59 60 60 60 60 61 61 61 61 62 62 62 62 63 63 63 63 64 64 64 64 65 65 65 65 66 66 66 66 67 67 67 67 68 68 68 68 69 69 69 69 70 70 70 70 71 71 71 71 72 72 72 72 73 73 73 73 74 74 74 74 75 75 75 75 76 76 76 76 77 77 77 77 78 78 78 78 79 79 79 79 80 80 80 80 81 81 81 81 82 82 82 82 83 83 83 83 84 84 84 84 85 85 85 85 86 86 86 86 87 87 87 87 88 88 88 88 89 89 89 89 90 90 90 90 91 91 91 91 92 92 92 92 93 93 93 93 94 94 94 94 95 95 95 95 96 96 96 96 97 97 97 97 98 98 98 98 99 99 99 99 100 100 100 100 101 101 101 101 102 102 102 102 103 103 103 103 104 104 104 104 105 105 105 105 106 106 106 106 107 107 107 107 108 108 108 108 109 109 109 109 110 110 110 110 111 111 111 111 112 112 112 112 113 113 113 113 114 114 114 114 115 115 115 115 116 116 116 116 117 117 117 117 118 118 118 118 119 119 119 119 120 120 120 120 121 121 121 121 122 122 122 122 123 123 123 123 124 124 124 124 125 125 125 125 126 126 126 126 127 127 127 127 128 128 128 128 129 129 129 129 130 130 130 130 131 131 131 131 132 132 132 132 133 133 133 133 134 134 134 134 135 135 135 135 136 136 136 136 137 137 137 137 138 138 138 138 139 139 139 139 140 140 140 140 141 141 141 141 142 142 142 142 143 143 143 143 144 144 144 144 145 145 145 145 146 146 146 146 147 147 147 147 148 148 148 148 149 149 149 149 150 150 150 150 151 151 151 151 152 152 152 152 153 153 153 153 154 154 154 154 155 155 155 155 156 156 156 156 157 157 157 157 158 158 158 158 159 159 159 159 160 160 160 160 161 161 161 161 162 162 162 162 163 163 163 163 164 164 164 164 165 165 165 165 166 166 166 166 167 167 167 167 168 168 168 168 169 169 169 169 170 170 170 170 171 171 171 171 172 172 172 172 173 173 173 173 174 174 174 174 175 175 175 175 176 176 176 176 177 177 177 177 178 178 178 178 179 179 179 179 180 180 180 180 181 181 181 181 182 182 182 182 183 183 183 183 184 184 184 184 185 185 185 185 186 186 186 186 187 187 187 187 188 188 188 188 189 189 189 189 190 190 190 190 191 191 191 191 192 192 192 192 193 193 193 193 194 194 194 194 195 195 195 195 196 196 196 196 197 197 197 197 198 198 198 198 199 199 199 199 200 200 200 200 201 201 201 201 202 202 202 202 203 203 203 203 204 204 204 204 205 205 205 205 206 206 206 206 207 207 207 207 208 208 208 208 209 209 209 209 210 210 210 210 211 211 211 211 212 212 212 212 213 213 213 213 214 214 214 214 215 215 215 215 216 216 216 216 217 217 217 217 218 218 218 218 219 219 219 219 220 220 220 220 221 221 221 221 222 222 222 222 223 223 223 223 224 224 224 224 225 225 225 225 226 226 226 226 227 227 227 227 228 228 228 228 229 229 229 229 230 230 230 230 231 231 231 231 232 232 232 232 233 233 233 233 234 234 234 234 235 235 235 235 236 236 236 236 237 237 237 237 238 238 238 238 239 239 239 239 240 240 240 240 241 241 241 241 242 242 242 242 243 243 243 243 244 244 244 244 245 245 245 245 246 246 246 246 247 247 247 247 248 248 248 248 249 249 249 249 250 250 250 250 251 251 251 251 252 252 252 252 253 253 253 253 254 254 254 254 255 255 255 255 256 256 256 256 257 257 257 257 258 258 258 258 259 259 259 259 260 260 260 260 261 261 261 261 262 262 262 262 263 263 263 263 264 264 264 264 265 265 265 265 266 266 266 266 267 267 267 267 268 268 268 268 269 269 269 269 270 270 270 270 271 271 271 271 272 272 272 272 273 273 273 273 274 274 274 274 275 275 275 275 276 276 276 276 277 277 277 277 278 278 278 278 279 279 279 279 280 280 280 280 281 281 281 281 282 282 282 282 283 283 283 283 284 284 284 284 285 285 285 285 286 286 286 286 287 287 287 287 288 288 288 288 289 289 289 289 290 290 290 290 291 291 291 291 292 292 292 292 293 293 293 293 294 294 294 294 295 295 295 295 296 296 296 296 297 297 297 297 298 298 298 298 299 299 299 299 300 300 300 300 301 301 301 301 302 302 302 302 303 303 303 303 304 304 304 304 305 305 305 305 306 306 306 306 307 307 307 307 308 308 308 308 309 309 309 309 310 310 310 310 311 311 311 311 312 312 312 312 313 313 313 313 314 314 314 314 315 315 315 315 316 316 316 316 317 317 317 317 318 318 318 318 319 319 319 319 320 320 320 320 321 321 321 321 322 322 322 322 323 323 323 323 324 324 324 324 325 325 325 325 326 326 326 326 327 327 327 327 328 328 328 328 329 329 329 329 330 330 330 330 331 331 331 331 332 332 332 332 333 333 333 333 334 334 334 334 335 335 335 335 336 336 336 336 337 337 337 337 338 338 338 338 339 339 339 339 340 340 340 340 341 341 341 341 342 342 342 342 343 343 343 343 344 344 344 344 345 345 345 345 346 346 346 346 347 347 347 347 348 348 348 348 349 349 349 349 350 350 350 350 351 351 351 351 352 352 352 352 353 353 353 353 354 354 354 354 355 355 355 355 356 356 356 356 357 357 357 357 358 358 358 358 359 359 359 359 360 360 360 360 361 361 361 361 362 362 362 362 363 363 363 363 364 364 364 364 365 365 365 365 366 366 366 366 367 367 367 367 368 368 368 368 369 369 369 369 370 370 370 370 371 371 371 371 372 372 372 372 373 373 373 373 374 374 374 374 375 375 375 375 376 376 376 376 377 377 377 377 378 378 378 378 379 379 379 379 380 380 380 380 381 381 381 381 382 382 382 382 383 383 383 383 384 384 384 384 385 385 385 385 386 386 386 386 387 387 387 387 388 388 388 388 389 389 389 389 390 390 390 390 391 391 391 391 392 392 392 392 393 393 393 393 394 394 394 394 395 395 395 395 396 396 396 396 397 397 397 397 398 398 398 398 399 399 399 399 400 400 400 400 401 401 401 401 402 402 402 402 403 403 403 403 404 404 404 404 405 405 405 405 406 406 406 406 407 407 407 407 408 408 408 408 409 409 409 409 410 410 410 410 411 411 411 411 412 412 412 412 413 413 413 413 414 414 414 414 415 415 415 415 416 416 416 416 417 417 417 417 418 418 418 418 419 419 419 419 420 420 420 420 421 421 421 421 422 422 422 422 423 423 423 423 424 424 424 424 425 425 425 425 426 426 426 426 427 427 427 427 428 428 428 428 429 429 429 429 430 430 430 430 431 431 431 431 432 432 432 432 433 433 433 433 434 434 434 434 435 435 435 435 436 436 436 436 437 437 437 437 438 438 438 438 439 439 439 439 440 440 440 440 441 441 441 441 442 442 442 442 443 443 443 443 444 444 444 444 445 445 445 445 446 446 446 446 447 447 447 447 448 448 448 448 449 449 449 449 450 450 450 450 451 451 451 451 452 452 452 452 453 453 453 453 454 454 454 454 455 455 455 455 456 456 456 456 457 457 457 457 458 458 458 458 459 459 459 459 460 460 460 460 461 461 461 461 462 462 462 462 463 463 463 463 464 464 464 464 465 465 465 465 466 466 466 466 467 467 467 467 468 468 468 468 469 469 469 469 470 470 470 470 471 471 471 471 472 472 472 472 473 473 473 473 474 474 474 474 475 475 475 475 476 476 476 476 477 477 477 477 478 478 478 478 479 479 479 479 480 480 480 480 481 481 481 481 482 482 482 482 483 483 483 483 484 484 484 484 485 485 485 485 486 486 486 486 487 487 487 487 488 488 488 488 489 489 489 489 490 490 490 490 491 491 491 491 492 492 492 492 493 493 493 493 494 494 494 494 495 495 495 495 496 496 496 496 497 497 497 497 498 498 498 498 499 499 499 499 500 500 500 500 501 501 501 501 502 502 502 502 503 503 503 503 504 504 504 504 505 505 505 505 506 506 506 506 507 507 507 507 508 508 508 508 509 509 509 509 510 510 510 510 511 511 511 511 512 512 512 512 513 513 513 513 514 514 514 514 515 515 515 515 516 516 516 516 517 517 517 517 518 518 518 518 519 519 519 519 520 520 520 520 521 521 521 521 522 522 522 522 523 523 523 523 524 524 524 524 525 525 525 525 526 526 526 526 527 527 527 527 528 528 528 528 529 529 529 529 530 530 530 530 531 531 531 531 532 532 532 532 533 533 533 533 534 534 534 534 535 535 535 535 536 536 536 536 537 537 537 537 538 538 538 538 539 539 539 539 540 540 540 540 541 541 541 541 542 542 542 542 543 543 543 543 544 544 544 544 545 545 545 545 546 546 546 546 547 547 547 547 548 548 548 548 549 549 549 549 550 550 550 550 551 551 551 551 552 552 552 552 553 553 553 553 554 554 554 554 555 555 555 555 556 556 556 556 557 557 557 557 558 558 558 558 559 559 559 559 560 560 560 560 561 561 561 561 562 562 562 562 563 563 563 563 564 564 564 564 565 565 565 565 566 566 566 566 567 567 567 567 568 568 568 568 569 569 569 569 570 570 570 570 571 571 571 571 572 572 572 572 573 573 573 573 574 574 574 574 575 575 575 575 576 576 576 576 577 577 577 577 578 578 578 578 579 579 579 579 580 580 580 580 581 581 581 581 582 582 582 582 583 583 583 583 584 584 584 584 585 585 585 585 586 586 586 586 587 587 587 587 588 588 588 588 589 589 589 589 590 590 590 590 591 591 591 591 592 592 592 592 593 593 593 593 594 594 594 594 595 595 595 595 596 596 596 596 597 597 597 597 598 598 598 598 599 599 599 599 600 600 600 600 601 601 601 601 602 602 602 602 603 603 603 603 604 604 604 604 605 605 605 605 606 606 606 606 607 607 607 607 608 608 608 608 609 609 609 609 610 610 610 610 611 611 611 611 612 612 612 612 613 613 613 613 614 614 614 614 615 615 615 615 616 616 616 616 617 617 617 617 618 618 618 618 619 619 619 619 620 620 620 620 621 621 621 621 622 622 622 622 623 623 623 623 624 624 624 624 625 625 625 625 626 626 626 626 627 627 627 627 628 628 628 628 629 629 629 629 630 630 630 630 631 631 631 631 632 632 632 632 633 633 633 633 634 634 634 634 635 635 635 635 636 636 636 636 637 637 637 637 638 638 638 638 639 639 639 639 640 640 640 640 641 641 641 641 642 642 642 642 643 643 643 643 644 644 644 644 645 645 645 645 646 646 646 646 647 647 647 647 648 648 648 648 649 649 649 649 650 650 650 650 651 651 651 651 652 652 652 652 653 653 653 653 654 654 654 654 655 655 655 655 656 656 656 656 657 657 657 657 658 658 658 658 659 659 659 659 660 660 660 660 661 661 661 661 662 662 662 662 663 663 663 663 664 664 664 664 665 665 665 665 666 666 666 666 667 667 667 667 668 668 668 668 669 669 669 669 670 670 670 670 671 671 671 671 672 672 672 672 673 673 673 673 674 674 674 674 675 675 675 675 676 676 676 676 677 677 677 677 678 678 678 678 679 679 679 679 680 680 680 680 681 681 681 681 682 682 682 682 683 683 683 683 684 684 684 684 685 685 685 685 686 686 686 686 687 687 687 687 688 688 688 688 689 689 689 689 690 690 690 690 691 691 691 691 692 692 692 692 693 693 693 693 694 694 694 694 695 695 695 695 696 696 696 696 697 697 697 697 698 698 698 698 698 698 698 698 699 699 699 699 700 700 700 700 699 699 699 699 701 701 701 701 700 700 700 700 700 700 700 700 701 701 701 701 702 702 702 702 701 701 701 701 703 703 703 703 702 702 702 702 702 702 702 702 703 703 703 703 704 704 704 704 705 705 705 705 706 706 706 706 707 707 707 707 705 705 705 705 708 708 708 708 709 709 709 709 708 708 708 708 710 710 710 710 709 709 709 709 711 711 711 711 712 712 712 712 713 713 713 713 713 713 713 713 714 714 714 714 715 715 715 715 714 714 714 714 716 716 716 716 715 715 715 715 717 717 717 717 718 718 718 718 719 719 719 719 718 718 718 718 720 720 720 720 721 721 721 721 720 720 720 720 722 722 722 722 721 721 721 721 723 723 723 723 724 724 724 724 725 725 725 725 725 725 725 725 726 726 726 726 727 727 727 727 726 726 726 726 728 728 728 728 727 727 727 727 729 729 729 729 730 730 730 730 731 731 731 731 732 732 732 732 729 729 729 729 733 733 733 733 734 734 734 734 735 735 735 735 732 732 732 732 736 736 736 736 737 737 737 737 738 738 738 738 738 738 738 738 739 739 739 739 740 740 740 740 741 741 741 741 742 742 742 742 743 743 743 743 744 744 744 744 741 741 741 741 745 745 745 745 746 746 746 746 744 744 744 744 745 745 745 745 747 747 747 747 748 748 748 748 749 749 749 749 747 747 747 747 750 750 750 750 751 751 751 751 750 750 750 750 752 752 752 752 751 751 751 751 753 753 753 753 752 752 752 752 754 754 754 754 755 755 755 755 756 756 756 756 757 757 757 757 755 755 755 755 758 758 758 758 759 759 759 759 758 758 758 758 760 760 760 760 759 759 759 759 761 761 761 761 762 762 762 762 763 763 763 763 764 764 764 764 763 763 763 763 765 765 765 765 766 766 766 766 764 764 764 764 765 765 765 765 767 767 767 767 766 766 766 766 768 768 768 768 769 769 769 769 770 770 770 770 771 771 771 771 772 772 772 772 769 769 769 769 773 773 773 773 774 774 774 774 772 772 772 772 773 773 773 773 775 775 775 775 774 774 774 774 776 776 776 776 777 777 777 777 775 775 775 775 776 776 776 776 778 778 778 778 779 779 779 779 780 780 780 780 781 781 781 781 779 779 779 779 782 782 782 782 783 783 783 783 781 781 781 781 782 782 782 782 784 784 784 784 785 785 785 785 786 786 786 786 787 787 787 787 784 784 784 784 788 788 788 788 789 789 789 789 787 787 787 787 788 788 788 788 790 790 790 790 791 791 791 791 792 792 792 792 793 793 793 793 790 790 790 790 794 794 794 794 795 795 795 795 793 793 793 793 794 794 794 794 796 796 796 796 797 797 797 797 798 798 798 798 796 796 796 796 799 799 799 799 800 800 800 800 799 799 799 799 801 801 801 801 800 800 800 800 802 802 802 802 803 803 803 803 804 804 804 804 804 804 804 804 805 805 805 805 806 806 806 806 805 805 805 805 807 807 807 807 806 806 806 806 808 808 808 808 809 809 809 809 810 810 810 810 811 811 811 811 809 809 809 809 812 812 812 812 813 813 813 813 811 811 811 811 812 812 812 812 814 814 814 814 815 815 815 815 816 816 816 816 815 815 815 815 817 817 817 817 818 818 818 818 817 817 817 817 819 819 819 819 818 818 818 818 820 820 820 820 821 821 821 821 822 822 822 822 820 820 820 820 823 823 823 823 824 824 824 824 823 823 823 823 825 825 825 825 824 824 824 824 826 826 826 826 827 827 827 827 828 828 828 828 829 829 829 829 827 827 827 827 830 830 830 830 831 831 831 831 829 829 829 829 830 830 830 830 832 832 832 832 833 833 833 833 831 831 831 831 834 834 834 834 832 832 832 832 831 831 831 831 835 835 835 835 832 832 832 832 834 834 834 834 836 836 836 836 835 835 835 835 834 834 834 834 837 837 837 837 838 838 838 838 839 839 839 839 840 840 840 840 838 838 838 838 841 841 841 841 842 842 842 842 840 840 840 840 841 841 841 841 843 843 843 843 844 844 844 844 845 845 845 845 846 846 846 846 845 845 845 845 847 847 847 847 848 848 848 848 845 845 845 845 846 846 846 846 849 849 849 849 848 848 848 848 846 846 846 846 850 850 850 850 851 851 851 851 852 852 852 852 853 853 853 853 850 850 850 850 854 854 854 854 850 850 850 850 855 855 855 855 854 854 854 854 854 854 854 854 855 855 855 855 856 856 856 856 857 857 857 857 858 858 858 858 859 859 859 859 860 860 860 860 858 858 858 858 861 861 861 861 858 858 858 858 862 862 862 862 861 861 861 861 863 863 863 863 864 864 864 864 865 865 865 865 864 864 864 864 866 866 866 866 867 867 867 867 868 868 868 868 864 864 864 864 867 867 867 867 869 869 869 869 870 870 870 870 871 871 871 871 870 870 870 870 872 872 872 872 871 871 871 871 873 873 873 873 874 874 874 874 875 875 875 875 874 874 874 874 876 876 876 876 875 875 875 875 877 877 877 877 878 878 878 878 879 879 879 879 878 878 878 878 880 880 880 880 879 879 879 879 881 881 881 881 882 882 882 882 883 883 883 883 882 882 882 882 884 884 884 884 883 883 883 883 885 885 885 885 886 886 886 886 887 887 887 887 886 886 886 886 888 888 888 888 887 887 887 887 889 889 889 889 890 890 890 890 891 891 891 891 890 890 890 890 892 892 892 892 891 891 891 891 893 893 893 893 894 894 894 894 895 895 895 895 894 894 894 894 896 896 896 896 895 895 895 895 897 897 897 897 898 898 898 898 899 899 899 899 898 898 898 898 900 900 900 900 899 899 899 899 900 900 900 900 901 901 901 901 902 902 902 902 901 901 901 901 903 903 903 903 902 902 902 902 904 904 904 904 905 905 905 905 906 906 906 906 905 905 905 905 907 907 907 907 906 906 906 906 908 908 908 908 909 909 909 909 910 910 910 910 911 911 911 911 908 908 908 908 910 910 910 910 911 911 911 911 912 912 912 912 913 913 913 913 912 912 912 912 914 914 914 914 913 913 913 913 915 915 915 915 916 916 916 916 917 917 917 917 916 916 916 916 918 918 918 918 917 917 917 917 919 919 919 919 920 920 920 920 921 921 921 921 920 920 920 920 922 922 922 922 921 921 921 921 923 923 923 923 924 924 924 924 925 925 925 925 924 924 924 924 926 926 926 926 925 925 925 925 927 927 927 927 928 928 928 928 929 929 929 929 928 928 928 928 930 930 930 930 929 929 929 929 931 931 931 931 932 932 932 932 933 933 933 933 932 932 932 932 934 934 934 934 933 933 933 933 935 935 935 935 936 936 936 936 937 937 937 937 936 936 936 936 938 938 938 938 937 937 937 937 939 939 939 939 940 940 940 940 941 941 941 941 940 940 940 940 942 942 942 942 941 941 941 941 943 943 943 943 944 944 944 944 945 945 945 945 944 944 944 944 946 946 946 946 945 945 945 945 947 947 947 947 948 948 948 948 949 949 949 949 948 948 948 948 950 950 950 950 949 949 949 949 951 951 951 951 952 952 952 952 953 953 953 953 952 952 952 952 954 954 954 954 953 953 953 953 955 955 955 955 956 956 956 956 957 957 957 957 956 956 956 956 958 958 958 958 957 957 957 957 959 959 959 959 960 960 960 960 961 961 961 961 960 960 960 960 962 962 962 962 961 961 961 961 963 963 963 963 964 964 964 964 965 965 965 965 964 964 964 964 966 966 966 966 965 965 965 965 967 967 967 967 968 968 968 968 969 969 969 969 968 968 968 968 970 970 970 970 969 969 969 969 971 971 971 971 972 972 972 972 973 973 973 973 972 972 972 972 974 974 974 974 973 973 973 973 975 975 975 975 976 976 976 976 977 977 977 977 976 976 976 976 978 978 978 978 977 977 977 977 979 979 979 979 980 980 980 980 981 981 981 981 980 980 980 980 982 982 982 982 981 981 981 981 983 983 983 983 984 984 984 984 985 985 985 985 984 984 984 984 986 986 986 986 985 985 985 985 987 987 987 987 988 988 988 988 989 989 989 989 988 988 988 988 990 990 990 990 989 989 989 989 991 991 991 991 992 992 992 992 993 993 993 993 992 992 992 992 994 994 994 994 993 993 993 993 995 995 995 995 996 996 996 996 997 997 997 997 996 996 996 996 998 998 998 998 997 997 997 997 999 999 999 999 1000 1000 1000 1000 1001 1001 1001 1001 1000 1000 1000 1000 1002 1002 1002 1002 1001 1001 1001 1001 1003 1003 1003 1003 1004 1004 1004 1004 1005 1005 1005 1005 1004 1004 1004 1004 1006 1006 1006 1006 1005 1005 1005 1005 1007 1007 1007 1007 1008 1008 1008 1008 1009 1009 1009 1009 1008 1008 1008 1008 1010 1010 1010 1010 1009 1009 1009 1009 1011 1011 1011 1011 1012 1012 1012 1012 1013 1013 1013 1013 1012 1012 1012 1012 1014 1014 1014 1014 1013 1013 1013 1013 1015 1015 1015 1015 1016 1016 1016 1016 1017 1017 1017 1017 1016 1016 1016 1016 1018 1018 1018 1018 1017 1017 1017 1017 1019 1019 1019 1019 1020 1020 1020 1020 1021 1021 1021 1021 1020 1020 1020 1020 1022 1022 1022 1022 1021 1021 1021 1021 1023 1023 1023 1023 1024 1024 1024 1024 1025 1025 1025 1025 1024 1024 1024 1024 1026 1026 1026 1026 1025 1025 1025 1025 1027 1027 1027 1027 1028 1028 1028 1028 1029 1029 1029 1029 1028 1028 1028 1028 1030 1030 1030 1030 1029 1029 1029 1029 1031 1031 1031 1031 1032 1032 1032 1032 1033 1033 1033 1033 1032 1032 1032 1032 1034 1034 1034 1034 1033 1033 1033 1033 1035 1035 1035 1035 1036 1036 1036 1036 1037 1037 1037 1037 1036 1036 1036 1036 1035 1035 1035 1035 1038 1038 1038 1038 1039 1039 1039 1039 1040 1040 1040 1040 1041 1041 1041 1041 1040 1040 1040 1040 1042 1042 1042 1042 1041 1041 1041 1041 1043 1043 1043 1043 1044 1044 1044 1044 1045 1045 1045 1045 1044 1044 1044 1044 1046 1046 1046 1046 1045 1045 1045 1045 1047 1047 1047 1047 1048 1048 1048 1048 1049 1049 1049 1049 1048 1048 1048 1048 1050 1050 1050 1050 1049 1049 1049 1049 1051 1051 1051 1051 1052 1052 1052 1052 1053 1053 1053 1053 1052 1052 1052 1052 1054 1054 1054 1054 1053 1053 1053 1053 1055 1055 1055 1055 1056 1056 1056 1056 1057 1057 1057 1057 1056 1056 1056 1056 1058 1058 1058 1058 1057 1057 1057 1057 1059 1059 1059 1059 1060 1060 1060 1060 1061 1061 1061 1061 1060 1060 1060 1060 1062 1062 1062 1062 1061 1061 1061 1061 1063 1063 1063 1063 1064 1064 1064 1064 1065 1065 1065 1065 1064 1064 1064 1064 1066 1066 1066 1066 1065 1065 1065 1065 1067 1067 1067 1067 1068 1068 1068 1068 1069 1069 1069 1069 1068 1068 1068 1068 1070 1070 1070 1070 1069 1069 1069 1069 1071 1071 1071 1071 1072 1072 1072 1072 1073 1073 1073 1073 1072 1072 1072 1072 1074 1074 1074 1074 1073 1073 1073 1073 1075 1075 1075 1075 1076 1076 1076 1076 1077 1077 1077 1077 1076 1076 1076 1076 1078 1078 1078 1078 1077 1077 1077 1077 1079 1079 1079 1079 1080 1080 1080 1080 1081 1081 1081 1081 1080 1080 1080 1080 1082 1082 1082 1082 1081 1081 1081 1081 1083 1083 1083 1083 1084 1084 1084 1084 1085 1085 1085 1085 1084 1084 1084 1084 1086 1086 1086 1086 1085 1085 1085 1085 1087 1087 1087 1087 1088 1088 1088 1088 1089 1089 1089 1089 1088 1088 1088 1088 1090 1090 1090 1090 1089 1089 1089 1089 1091 1091 1091 1091 1092 1092 1092 1092 1093 1093 1093 1093 1092 1092 1092 1092 1094 1094 1094 1094 1093 1093 1093 1093 1095 1095 1095 1095 1096 1096 1096 1096 1097 1097 1097 1097 1096 1096 1096 1096 1098 1098 1098 1098 1097 1097 1097 1097 1099 1099 1099 1099 1100 1100 1100 1100 1101 1101 1101 1101 1100 1100 1100 1100 1102 1102 1102 1102 1101 1101 1101 1101 1103 1103 1103 1103 1104 1104 1104 1104 1105 1105 1105 1105 1104 1104 1104 1104 1106 1106 1106 1106 1105 1105 1105 1105 1107 1107 1107 1107 1108 1108 1108 1108 1109 1109 1109 1109 1108 1108 1108 1108 1110 1110 1110 1110 1109 1109 1109 1109 1111 1111 1111 1111 1112 1112 1112 1112 1113 1113 1113 1113 1112 1112 1112 1112 1114 1114 1114 1114 1113 1113 1113 1113 1115 1115 1115 1115 1116 1116 1116 1116 1117 1117 1117 1117 1116 1116 1116 1116 1118 1118 1118 1118 1117 1117 1117 1117 1119 1119 1119 1119 1120 1120 1120 1120 1121 1121 1121 1121 1120 1120 1120 1120 1122 1122 1122 1122 1121 1121 1121 1121 1123 1123 1123 1123 1124 1124 1124 1124 1125 1125 1125 1125 1124 1124 1124 1124 1126 1126 1126 1126 1125 1125 1125 1125 1127 1127 1127 1127 1128 1128 1128 1128 1129 1129 1129 1129 1128 1128 1128 1128 1130 1130 1130 1130 1129 1129 1129 1129 1131 1131 1131 1131 1132 1132 1132 1132 1133 1133 1133 1133 1132 1132 1132 1132 1134 1134 1134 1134 1133 1133 1133 1133 1135 1135 1135 1135 1136 1136 1136 1136 1137 1137 1137 1137 1136 1136 1136 1136 1138 1138 1138 1138 1137 1137 1137 1137 1139 1139 1139 1139 1140 1140 1140 1140 1141 1141 1141 1141 1140 1140 1140 1140 1142 1142 1142 1142 1141 1141 1141 1141 1143 1143 1143 1143 1144 1144 1144 1144 1145 1145 1145 1145 1144 1144 1144 1144 1146 1146 1146 1146 1145 1145 1145 1145 1147 1147 1147 1147 1148 1148 1148 1148 1149 1149 1149 1149 1148 1148 1148 1148 1150 1150 1150 1150 1149 1149 1149 1149 1151 1151 1151 1151 1152 1152 1152 1152 1153 1153 1153 1153 1152 1152 1152 1152 1154 1154 1154 1154 1153 1153 1153 1153 1155 1155 1155 1155 1156 1156 1156 1156 1157 1157 1157 1157 1156 1156 1156 1156 1158 1158 1158 1158 1157 1157 1157 1157 1159 1159 1159 1159 1160 1160 1160 1160 1161 1161 1161 1161 1160 1160 1160 1160 1162 1162 1162 1162 1161 1161 1161 1161 1163 1163 1163 1163 1164 1164 1164 1164 1165 1165 1165 1165 1164 1164 1164 1164 1166 1166 1166 1166 1165 1165 1165 1165 1167 1167 1167 1167 1168 1168 1168 1168 1169 1169 1169 1169 1168 1168 1168 1168 1170 1170 1170 1170 1169 1169 1169 1169 1171 1171 1171 1171 1172 1172 1172 1172 1173 1173 1173 1173 1172 1172 1172 1172 1174 1174 1174 1174 1173 1173 1173 1173 1175 1175 1175 1175 1174 1174 1174 1174 1176 1176 1176 1176 1174 1174 1174 1174 1177 1177 1177 1177 1176 1176 1176 1176 1178 1178 1178 1178 1179 1179 1179 1179 1180 1180 1180 1180 1179 1179 1179 1179 1181 1181 1181 1181 1180 1180 1180 1180 1182 1182 1182 1182 1183 1183 1183 1183 1184 1184 1184 1184 1183 1183 1183 1183 1185 1185 1185 1185 1184 1184 1184 1184 1186 1186 1186 1186 1187 1187 1187 1187 1188 1188 1188 1188 1187 1187 1187 1187 1189 1189 1189 1189 1188 1188 1188 1188 1190 1190 1190 1190 1191 1191 1191 1191 1192 1192 1192 1192 1191 1191 1191 1191 1193 1193 1193 1193 1192 1192 1192 1192 1194 1194 1194 1194 1195 1195 1195 1195 1196 1196 1196 1196 1195 1195 1195 1195 1197 1197 1197 1197 1196 1196 1196 1196 1198 1198 1198 1198 1199 1199 1199 1199 1200 1200 1200 1200 1199 1199 1199 1199 1201 1201 1201 1201 1200 1200 1200 1200 1202 1202 1202 1202 1203 1203 1203 1203 1204 1204 1204 1204 1203 1203 1203 1203 1205 1205 1205 1205 1204 1204 1204 1204 1206 1206 1206 1206 1207 1207 1207 1207 1208 1208 1208 1208 1207 1207 1207 1207 1209 1209 1209 1209 1208 1208 1208 1208 1210 1210 1210 1210 1211 1211 1211 1211 1212 1212 1212 1212 1211 1211 1211 1211 1213 1213 1213 1213 1212 1212 1212 1212 1214 1214 1214 1214 1215 1215 1215 1215 1216 1216 1216 1216 1215 1215 1215 1215 1217 1217 1217 1217 1216 1216 1216 1216 1218 1218 1218 1218 1219 1219 1219 1219 1220 1220 1220 1220 1219 1219 1219 1219 1221 1221 1221 1221 1220 1220 1220 1220 1222 1222 1222 1222 1223 1223 1223 1223 1224 1224 1224 1224 1223 1223 1223 1223 1225 1225 1225 1225 1224 1224 1224 1224 1226 1226 1226 1226 1227 1227 1227 1227 1228 1228 1228 1228 1227 1227 1227 1227 1229 1229 1229 1229 1228 1228 1228 1228 1230 1230 1230 1230 1231 1231 1231 1231 1232 1232 1232 1232 1231 1231 1231 1231 1233 1233 1233 1233 1232 1232 1232 1232 1234 1234 1234 1234 1235 1235 1235 1235 1236 1236 1236 1236 1235 1235 1235 1235 1237 1237 1237 1237 1236 1236 1236 1236 1238 1238 1238 1238 1239 1239 1239 1239 1240 1240 1240 1240 1239 1239 1239 1239 1241 1241 1241 1241 1240 1240 1240 1240 1242 1242 1242 1242 1243 1243 1243 1243 1244 1244 1244 1244 1243 1243 1243 1243 1245 1245 1245 1245 1244 1244 1244 1244 1246 1246 1246 1246 1247 1247 1247 1247 1248 1248 1248 1248 1247 1247 1247 1247 1249 1249 1249 1249 1248 1248 1248 1248 1250 1250 1250 1250 1251 1251 1251 1251 1252 1252 1252 1252 1251 1251 1251 1251 1253 1253 1253 1253 1252 1252 1252 1252 1254 1254 1254 1254 1255 1255 1255 1255 1256 1256 1256 1256 1255 1255 1255 1255 1257 1257 1257 1257 1256 1256 1256 1256 1258 1258 1258 1258 1259 1259 1259 1259 1260 1260 1260 1260 1259 1259 1259 1259 1261 1261 1261 1261 1260 1260 1260 1260 1262 1262 1262 1262 1263 1263 1263 1263 1264 1264 1264 1264 1263 1263 1263 1263 1265 1265 1265 1265 1264 1264 1264 1264 1266 1266 1266 1266 1267 1267 1267 1267 1268 1268 1268 1268 1267 1267 1267 1267 1269 1269 1269 1269 1268 1268 1268 1268 1270 1270 1270 1270 1271 1271 1271 1271 1272 1272 1272 1272 1271 1271 1271 1271 1273 1273 1273 1273 1272 1272 1272 1272 1274 1274 1274 1274 1275 1275 1275 1275 1276 1276 1276 1276 1275 1275 1275 1275 1277 1277 1277 1277 1276 1276 1276 1276 1278 1278 1278 1278 1279 1279 1279 1279 1280 1280 1280 1280 1279 1279 1279 1279 1281 1281 1281 1281 1280 1280 1280 1280 1282 1282 1282 1282 1283 1283 1283 1283 1284 1284 1284 1284 1283 1283 1283 1283 1285 1285 1285 1285 1284 1284 1284 1284 1286 1286 1286 1286 1287 1287 1287 1287 1288 1288 1288 1288 1287 1287 1287 1287 1289 1289 1289 1289 1288 1288 1288 1288 1290 1290 1290 1290 1291 1291 1291 1291 1292 1292 1292 1292 1291 1291 1291 1291 1293 1293 1293 1293 1292 1292 1292 1292 1294 1294 1294 1294 1295 1295 1295 1295 1296 1296 1296 1296 1295 1295 1295 1295 1297 1297 1297 1297 1296 1296 1296 1296 1298 1298 1298 1298 1299 1299 1299 1299 1300 1300 1300 1300 1299 1299 1299 1299 1301 1301 1301 1301 1300 1300 1300 1300 1302 1302 1302 1302 1301 1301 1301 1301 1303 1303 1303 1303 1304 1304 1304 1304 1302 1302 1302 1302 1303 1303 1303 1303 1304 1304 1304 1304 1305 1305 1305 1305 1306 1306 1306 1306 1307 1307 1307 1307 1304 1304 1304 1304 1306 1306 1306 1306 1307 1307 1307 1307 1306 1306 1306 1306 1308 1308 1308 1308 1309 1309 1309 1309 1307 1307 1307 1307 1308 1308 1308 1308 1310 1310 1310 1310 1311 1311 1311 1311 1312 1312 1312 1312 1311 1311 1311 1311 1313 1313 1313 1313 1312 1312 1312 1312 1314 1314 1314 1314 1315 1315 1315 1315 1316 1316 1316 1316 1315 1315 1315 1315 1317 1317 1317 1317 1316 1316 1316 1316 1318 1318 1318 1318 1319 1319 1319 1319 1320 1320 1320 1320 1320 1320 1320 1320 1319 1319 1319 1319 1321 1321 1321 1321 1322 1322 1322 1322 1323 1323 1323 1323 1324 1324 1324 1324 1323 1323 1323 1323 1325 1325 1325 1325 1324 1324 1324 1324 1326 1326 1326 1326 1327 1327 1327 1327 1328 1328 1328 1328 1327 1327 1327 1327 1329 1329 1329 1329 1328 1328 1328 1328 1330 1330 1330 1330 1331 1331 1331 1331 1332 1332 1332 1332 1331 1331 1331 1331 1333 1333 1333 1333 1332 1332 1332 1332 1334 1334 1334 1334 1335 1335 1335 1335 1336 1336 1336 1336 1335 1335 1335 1335 1337 1337 1337 1337 1336 1336 1336 1336 1338 1338 1338 1338 1339 1339 1339 1339 1340 1340 1340 1340 1339 1339 1339 1339 1341 1341 1341 1341 1340 1340 1340 1340 1342 1342 1342 1342 1341 1341 1341 1341 1343 1343 1343 1343 1341 1341 1341 1341 1344 1344 1344 1344 1343 1343 1343 1343 1343 1343 1343 1343 1344 1344 1344 1344 1345 1345 1345 1345 1346 1346 1346 1346 1347 1347 1347 1347 1348 1348 1348 1348 1347 1347 1347 1347 1349 1349 1349 1349 1348 1348 1348 1348 1349 1349 1349 1349 1350 1350 1350 1350 1351 1351 1351 1351 1352 1352 1352 1352 1349 1349 1349 1349 1351 1351 1351 1351 1353 1353 1353 1353 1354 1354 1354 1354 1355 1355 1355 1355 1354 1354 1354 1354 1356 1356 1356 1356 1355 1355 1355 1355 1356 1356 1356 1356 1357 1357 1357 1357 1358 1358 1358 1358 1359 1359 1359 1359 1356 1356 1356 1356 1358 1358 1358 1358 1358 1358 1358 1358 1360 1360 1360 1360 1361 1361 1361 1361 1360 1360 1360 1360 1362 1362 1362 1362 1361 1361 1361 1361 1363 1363 1363 1363 1364 1364 1364 1364 1365 1365 1365 1365 1365 1365 1365 1365 1366 1366 1366 1366 1363 1363 1363 1363 1367 1367 1367 1367 1368 1368 1368 1368 1369 1369 1369 1369 1369 1369 1369 1369 1370 1370 1370 1370 1367 1367 1367 1367 1371 1371 1371 1371 1372 1372 1372 1372 1373 1373 1373 1373 1374 1374 1374 1374 1371 1371 1371 1371 1373 1373 1373 1373 1375 1375 1375 1375 1374 1374 1374 1374 1376 1376 1376 1376 1374 1374 1374 1374 1377 1377 1377 1377 1376 1376 1376 1376 1378 1378 1378 1378 1376 1376 1376 1376 1379 1379 1379 1379 1380 1380 1380 1380 1378 1378 1378 1378 1379 1379 1379 1379 1381 1381 1381 1381 1382 1382 1382 1382 1380 1380 1380 1380 1383 1383 1383 1383 1382 1382 1382 1382 1381 1381 1381 1381 1384 1384 1384 1384 1383 1383 1383 1383 1381 1381 1381 1381 1385 1385 1385 1385 1386 1386 1386 1386 1387 1387 1387 1387 1388 1388 1388 1388 1387 1387 1387 1387 1389 1389 1389 1389 1390 1390 1390 1390 1388 1388 1388 1388 1389 1389 1389 1389 1391 1391 1391 1391 1392 1392 1392 1392 1385 1385 1385 1385 1393 1393 1393 1393 1392 1392 1392 1392 1391 1391 1391 1391 1394 1394 1394 1394 1393 1393 1393 1393 1391 1391 1391 1391 1395 1395 1395 1395 1393 1393 1393 1393 1394 1394 1394 1394 1396 1396 1396 1396 1395 1395 1395 1395 1394 1394 1394 1394 1397 1397 1397 1397 1398 1398 1398 1398 1399 1399 1399 1399 1400 1400 1400 1400 1397 1397 1397 1397 1399 1399 1399 1399 1401 1401 1401 1401 1402 1402 1402 1402 1400 1400 1400 1400 1403 1403 1403 1403 1401 1401 1401 1401 1400 1400 1400 1400 1404 1404 1404 1404 1401 1401 1401 1401 1403 1403 1403 1403 1405 1405 1405 1405 1404 1404 1404 1404 1403 1403 1403 1403 1406 1406 1406 1406 1407 1407 1407 1407 1408 1408 1408 1408 1407 1407 1407 1407 1409 1409 1409 1409 1408 1408 1408 1408 1410 1410 1410 1410 1411 1411 1411 1411 1409 1409 1409 1409 1412 1412 1412 1412 1411 1411 1411 1411 1410 1410 1410 1410 1413 1413 1413 1413 1412 1412 1412 1412 1410 1410 1410 1410 1414 1414 1414 1414 1412 1412 1412 1412 1415 1415 1415 1415 1416 1416 1416 1416 1414 1414 1414 1414 1415 1415 1415 1415 1417 1417 1417 1417 1418 1418 1418 1418 1419 1419 1419 1419 1418 1418 1418 1418 1420 1420 1420 1420 1419 1419 1419 1419 1421 1421 1421 1421 1422 1422 1422 1422 1423 1423 1423 1423 1423 1423 1423 1423 1422 1422 1422 1422 1424 1424 1424 1424 1425 1425 1425 1425 1426 1426 1426 1426 1424 1424 1424 1424 1426 1426 1426 1426 1427 1427 1427 1427 1424 1424 1424 1424 1428 1428 1428 1428 1429 1429 1429 1429 1430 1430 1430 1430 1429 1429 1429 1429 1431 1431 1431 1431 1430 1430 1430 1430 1432 1432 1432 1432 1433 1433 1433 1433 1434 1434 1434 1434 1433 1433 1433 1433 1435 1435 1435 1435 1434 1434 1434 1434 1436 1436 1436 1436 1437 1437 1437 1437 1438 1438 1438 1438 1437 1437 1437 1437 1439 1439 1439 1439 1438 1438 1438 1438 1440 1440 1440 1440 1439 1439 1439 1439 1441 1441 1441 1441 1439 1439 1439 1439 1442 1442 1442 1442 1441 1441 1441 1441 1441 1441 1441 1441 1442 1442 1442 1442 1443 1443 1443 1443 1444 1444 1444 1444 1445 1445 1445 1445 1446 1446 1446 1446 1445 1445 1445 1445 1447 1447 1447 1447 1446 1446 1446 1446 1448 1448 1448 1448 1449 1449 1449 1449 1450 1450 1450 1450 1449 1449 1449 1449 1451 1451 1451 1451 1450 1450 1450 1450 1452 1452 1452 1452 1453 1453 1453 1453 1454 1454 1454 1454 1453 1453 1453 1453 1455 1455 1455 1455 1454 1454 1454 1454 1456 1456 1456 1456 1457 1457 1457 1457 1458 1458 1458 1458 1457 1457 1457 1457 1459 1459 1459 1459 1458 1458 1458 1458 1460 1460 1460 1460 1461 1461 1461 1461 1462 1462 1462 1462 1461 1461 1461 1461 1463 1463 1463 1463 1462 1462 1462 1462 1464 1464 1464 1464 1465 1465 1465 1465 1466 1466 1466 1466 1465 1465 1465 1465 1467 1467 1467 1467 1466 1466 1466 1466 1468 1468 1468 1468 1469 1469 1469 1469 1470 1470 1470 1470 1469 1469 1469 1469 1471 1471 1471 1471 1470 1470 1470 1470 1472 1472 1472 1472 1473 1473 1473 1473 1474 1474 1474 1474 1473 1473 1473 1473 1475 1475 1475 1475 1474 1474 1474 1474 1476 1476 1476 1476 1477 1477 1477 1477 1478 1478 1478 1478 1477 1477 1477 1477 1479 1479 1479 1479 1478 1478 1478 1478 1480 1480 1480 1480 1481 1481 1481 1481 1482 1482 1482 1482 1481 1481 1481 1481 1483 1483 1483 1483 1482 1482 1482 1482 1484 1484 1484 1484 1485 1485 1485 1485 1486 1486 1486 1486 1485 1485 1485 1485 1487 1487 1487 1487 1486 1486 1486 1486 1488 1488 1488 1488 1489 1489 1489 1489 1490 1490 1490 1490 1489 1489 1489 1489 1491 1491 1491 1491 1490 1490 1490 1490 1492 1492 1492 1492 1493 1493 1493 1493 1494 1494 1494 1494 1493 1493 1493 1493 1495 1495 1495 1495 1494 1494 1494 1494 1496 1496 1496 1496 1497 1497 1497 1497 1498 1498 1498 1498 1497 1497 1497 1497 1499 1499 1499 1499 1498 1498 1498 1498 1500 1500 1500 1500 1501 1501 1501 1501 1502 1502 1502 1502 1501 1501 1501 1501 1503 1503 1503 1503 1502 1502 1502 1502 1504 1504 1504 1504 1505 1505 1505 1505 1506 1506 1506 1506 1505 1505 1505 1505 1507 1507 1507 1507 1506 1506 1506 1506 1508 1508 1508 1508 1509 1509 1509 1509 1510 1510 1510 1510 1509 1509 1509 1509 1511 1511 1511 1511 1510 1510 1510 1510 1512 1512 1512 1512 1513 1513 1513 1513 1514 1514 1514 1514 1513 1513 1513 1513 1515 1515 1515 1515 1514 1514 1514 1514 1516 1516 1516 1516 1517 1517 1517 1517 1518 1518 1518 1518 1517 1517 1517 1517 1519 1519 1519 1519 1518 1518 1518 1518 1520 1520 1520 1520 1521 1521 1521 1521 1522 1522 1522 1522 1521 1521 1521 1521 1523 1523 1523 1523 1522 1522 1522 1522 1524 1524 1524 1524 1525 1525 1525 1525 1526 1526 1526 1526 1525 1525 1525 1525 1527 1527 1527 1527 1526 1526 1526 1526 1528 1528 1528 1528 1529 1529 1529 1529 1530 1530 1530 1530 1529 1529 1529 1529 1531 1531 1531 1531 1530 1530 1530 1530 1532 1532 1532 1532 1533 1533 1533 1533 1534 1534 1534 1534 1533 1533 1533 1533 1535 1535 1535 1535 1534 1534 1534 1534 1536 1536 1536 1536 1537 1537 1537 1537 1538 1538 1538 1538 1537 1537 1537 1537 1539 1539 1539 1539 1538 1538 1538 1538 1540 1540 1540 1540 1541 1541 1541 1541 1542 1542 1542 1542 1541 1541 1541 1541 1543 1543 1543 1543 1542 1542 1542 1542 1544 1544 1544 1544 1545 1545 1545 1545 1546 1546 1546 1546 1545 1545 1545 1545 1547 1547 1547 1547 1546 1546 1546 1546 1548 1548 1548 1548 1549 1549 1549 1549 1550 1550 1550 1550 1549 1549 1549 1549 1551 1551 1551 1551 1550 1550 1550 1550 1552 1552 1552 1552 1553 1553 1553 1553 1554 1554 1554 1554 1553 1553 1553 1553 1555 1555 1555 1555 1554 1554 1554 1554 1556 1556 1556 1556 1557 1557 1557 1557 1558 1558 1558 1558 1557 1557 1557 1557 1559 1559 1559 1559 1558 1558 1558 1558 1560 1560 1560 1560 1561 1561 1561 1561 1562 1562 1562 1562 1561 1561 1561 1561 1563 1563 1563 1563 1562 1562 1562 1562 1564 1564 1564 1564 1565 1565 1565 1565 1566 1566 1566 1566 1565 1565 1565 1565 1567 1567 1567 1567 1566 1566 1566 1566 1568 1568 1568 1568 1569 1569 1569 1569 1570 1570 1570 1570 1569 1569 1569 1569 1571 1571 1571 1571 1570 1570 1570 1570 1572 1572 1572 1572 1573 1573 1573 1573 1574 1574 1574 1574 1573 1573 1573 1573 1575 1575 1575 1575 1574 1574 1574 1574 1576 1576 1576 1576 1577 1577 1577 1577 1578 1578 1578 1578 1577 1577 1577 1577 1579 1579 1579 1579 1578 1578 1578 1578 1580 1580 1580 1580 1581 1581 1581 1581 1582 1582 1582 1582 1581 1581 1581 1581 1583 1583 1583 1583 1582 1582 1582 1582 1584 1584 1584 1584 1585 1585 1585 1585 1586 1586 1586 1586 1585 1585 1585 1585 1587 1587 1587 1587 1586 1586 1586 1586 1588 1588 1588 1588 1589 1589 1589 1589 1590 1590 1590 1590 1589 1589 1589 1589 1591 1591 1591 1591 1590 1590 1590 1590 1592 1592 1592 1592 1593 1593 1593 1593 1594 1594 1594 1594 1593 1593 1593 1593 1595 1595 1595 1595 1594 1594 1594 1594 1596 1596 1596 1596 1597 1597 1597 1597 1598 1598 1598 1598 1597 1597 1597 1597 1599 1599 1599 1599 1598 1598 1598 1598 1600 1600 1600 1600 1601 1601 1601 1601 1602 1602 1602 1602 1601 1601 1601 1601 1603 1603 1603 1603 1602 1602 1602 1602 1604 1604 1604 1604 1605 1605 1605 1605 1606 1606 1606 1606 1605 1605 1605 1605 1607 1607 1607 1607 1606 1606 1606 1606 1608 1608 1608 1608 1609 1609 1609 1609 1610 1610 1610 1610 1609 1609 1609 1609 1611 1611 1611 1611 1610 1610 1610 1610 1612 1612 1612 1612 1613 1613 1613 1613 1614 1614 1614 1614 1613 1613 1613 1613 1615 1615 1615 1615 1614 1614 1614 1614 1616 1616 1616 1616 1617 1617 1617 1617 1618 1618 1618 1618 1617 1617 1617 1617 1619 1619 1619 1619 1618 1618 1618 1618 1620 1620 1620 1620 1621 1621 1621 1621 1622 1622 1622 1622 1621 1621 1621 1621 1623 1623 1623 1623 1622 1622 1622 1622 1624 1624 1624 1624 1625 1625 1625 1625 1626 1626 1626 1626 1625 1625 1625 1625 1627 1627 1627 1627 1626 1626 1626 1626 1628 1628 1628 1628 1629 1629 1629 1629 1630 1630 1630 1630 1629 1629 1629 1629 1631 1631 1631 1631 1630 1630 1630 1630 1632 1632 1632 1632 1633 1633 1633 1633 1634 1634 1634 1634 1633 1633 1633 1633 1635 1635 1635 1635 1634 1634 1634 1634 1636 1636 1636 1636 1637 1637 1637 1637 1638 1638 1638 1638 1636 1636 1636 1636 1639 1639 1639 1639 1637 1637 1637 1637 1640 1640 1640 1640 1641 1641 1641 1641 1642 1642 1642 1642 1642 1642 1642 1642 1641 1641 1641 1641 1643 1643 1643 1643 1644 1644 1644 1644 1645 1645 1645 1645 1646 1646 1646 1646 1647 1647 1647 1647 1644 1644 1644 1644 1646 1646 1646 1646 1648 1648 1648 1648 1647 1647 1647 1647 1646 1646 1646 1646 1649 1649 1649 1649 1650 1650 1650 1650 1651 1651 1651 1651 1650 1650 1650 1650 1652 1652 1652 1652 1651 1651 1651 1651 1651 1651 1651 1651 1652 1652 1652 1652 1653 1653 1653 1653 1654 1654 1654 1654 1655 1655 1655 1655 1656 1656 1656 1656 1655 1655 1655 1655 1657 1657 1657 1657 1656 1656 1656 1656 1656 1656 1656 1656 1657 1657 1657 1657 1658 1658 1658 1658 1659 1659 1659 1659 1660 1660 1660 1660 1661 1661 1661 1661 1660 1660 1660 1660 1662 1662 1662 1662 1661 1661 1661 1661 1661 1661 1661 1661 1662 1662 1662 1662 1663 1663 1663 1663 1664 1664 1664 1664 1665 1665 1665 1665 1666 1666 1666 1666 1665 1665 1665 1665 1667 1667 1667 1667 1666 1666 1666 1666 1666 1666 1666 1666 1667 1667 1667 1667 1668 1668 1668 1668 1669 1669 1669 1669 1670 1670 1670 1670 1671 1671 1671 1671 1670 1670 1670 1670 1672 1672 1672 1672 1671 1671 1671 1671 1671 1671 1671 1671 1672 1672 1672 1672 1673 1673 1673 1673 1674 1674 1674 1674 1675 1675 1675 1675 1676 1676 1676 1676 1676 1676 1676 1676 1677 1677 1677 1677 1674 1674 1674 1674 1678 1678 1678 1678 1679 1679 1679 1679 1676 1676 1676 1676 1679 1679 1679 1679 1678 1678 1678 1678 1680 1680 1680 1680 1681 1681 1681 1681 1679 1679 1679 1679 1680 1680 1680 1680 1682 1682 1682 1682 1683 1683 1683 1683 1684 1684 1684 1684 1683 1683 1683 1683 1685 1685 1685 1685 1684 1684 1684 1684 1684 1684 1684 1684 1685 1685 1685 1685 1686 1686 1686 1686 1687 1687 1687 1687 1688 1688 1688 1688 1689 1689 1689 1689 1688 1688 1688 1688 1690 1690 1690 1690 1689 1689 1689 1689 1689 1689 1689 1689 1690 1690 1690 1690 1691 1691 1691 1691 1692 1692 1692 1692 1693 1693 1693 1693 1694 1694 1694 1694 1693 1693 1693 1693 1695 1695 1695 1695 1694 1694 1694 1694 1694 1694 1694 1694 1695 1695 1695 1695 1696 1696 1696 1696 1697 1697 1697 1697 1698 1698 1698 1698 1699 1699 1699 1699 1698 1698 1698 1698 1700 1700 1700 1700 1699 1699 1699 1699 1699 1699 1699 1699 1700 1700 1700 1700 1701 1701 1701 1701 1702 1702 1702 1702 1703 1703 1703 1703 1704 1704 1704 1704 1703 1703 1703 1703 1705 1705 1705 1705 1704 1704 1704 1704 1704 1704 1704 1704 1705 1705 1705 1705 1706 1706 1706 1706 1707 1707 1707 1707 1708 1708 1708 1708 1709 1709 1709 1709 1708 1708 1708 1708 1710 1710 1710 1710 1709 1709 1709 1709 1709 1709 1709 1709 1710 1710 1710 1710 1711 1711 1711 1711 1712 1712 1712 1712 1713 1713 1713 1713 1714 1714 1714 1714 1715 1715 1715 1715 1712 1712 1712 1712 1714 1714 1714 1714 1716 1716 1716 1716 1712 1712 1712 1712 1715 1715 1715 1715 1717 1717 1717 1717 1718 1718 1718 1718 1719 1719 1719 1719 1718 1718 1718 1718 1720 1720 1720 1720 1719 1719 1719 1719 1718 1718 1718 1718 1721 1721 1721 1721 1720 1720 1720 1720 1721 1721 1721 1721 1722 1722 1722 1722 1720 1720 1720 1720 1721 1721 1721 1721 1723 1723 1723 1723 1722 1722 1722 1722 1723 1723 1723 1723 1724 1724 1724 1724 1725 1725 1725 1725 1726 1726 1726 1726 1723 1723 1723 1723 1725 1725 1725 1725 1727 1727 1727 1727 1728 1728 1728 1728 1729 1729 1729 1729 1728 1728 1728 1728 1730 1730 1730 1730 1729 1729 1729 1729 1728 1728 1728 1728 1731 1731 1731 1731 1732 1732 1732 1732 1733 1733 1733 1733 1728 1728 1728 1728 1732 1732 1732 1732 1734 1734 1734 1734 1735 1735 1735 1735 1736 1736 1736 1736 1735 1735 1735 1735 1737 1737 1737 1737 1736 1736 1736 1736 1736 1736 1736 1736 1738 1738 1738 1738 1739 1739 1739 1739 1740 1740 1740 1740 1736 1736 1736 1736 1739 1739 1739 1739 1741 1741 1741 1741 1742 1742 1742 1742 1743 1743 1743 1743 1742 1742 1742 1742 1744 1744 1744 1744 1743 1743 1743 1743 1743 1743 1743 1743 1745 1745 1745 1745 1746 1746 1746 1746 1747 1747 1747 1747 1745 1745 1745 1745 1748 1748 1748 1748 1745 1745 1745 1745 1749 1749 1749 1749 1748 1748 1748 1748 1749 1749 1749 1749 1745 1745 1745 1745 1743 1743 1743 1743 1748 1748 1748 1748 1749 1749 1749 1749 1750 1750 1750 1750 1751 1751 1751 1751 1749 1749 1749 1749 1743 1743 1743 1743 1752 1752 1752 1752 1749 1749 1749 1749 1751 1751 1751 1751 1753 1753 1753 1753 1752 1752 1752 1752 1751 1751 1751 1751 1743 1743 1743 1743 1744 1744 1744 1744 1754 1754 1754 1754 1753 1753 1753 1753 1754 1754 1754 1754 1755 1755 1755 1755 1744 1744 1744 1744 1756 1756 1756 1756 1754 1754 1754 1754 1754 1754 1754 1754 1757 1757 1757 1757 1755 1755 1755 1755 1754 1754 1754 1754 1756 1756 1756 1756 1758 1758 1758 1758 1757 1757 1757 1757 1754 1754 1754 1754 1759 1759 1759 1759 1754 1754 1754 1754 1758 1758 1758 1758 1759 1759 1759 1759 1760 1760 1760 1760 1761 1761 1761 1761 1762 1762 1762 1762 1763 1763 1763 1763 1764 1764 1764 1764 1760 1760 1760 1760 1764 1764 1764 1764 1761 1761 1761 1761 1760 1760 1760 1760 1765 1765 1765 1765 1761 1761 1761 1761 1766 1766 1766 1766 1761 1761 1761 1761 1764 1764 1764 1764 1766 1766 1766 1766 1764 1764 1764 1764 1767 1767 1767 1767 1768 1768 1768 1768 1766 1766 1766 1766 1764 1764 1764 1764 1768 1768 1768 1768 1769 1769 1769 1769 1766 1766 1766 1766 1770 1770 1770 1770 1766 1766 1766 1766 1768 1768 1768 1768 1770 1770 1770 1770 1768 1768 1768 1768 1771 1771 1771 1771 1772 1772 1772 1772 1770 1770 1770 1770 1768 1768 1768 1768 1772 1772 1772 1772 1770 1770 1770 1770 1772 1772 1772 1772 1773 1773 1773 1773 1774 1774 1774 1774 1770 1770 1770 1770 1773 1773 1773 1773 1773 1773 1773 1773 1772 1772 1772 1772 1775 1775 1775 1775 </p>
        </triangles>
      </mesh>
    </geometry>
  </library_geometries>
  <library_controllers>
    <controller id="Armature_L01_010__mTreeOakLeaf-mesh">
      <skin source="#L01_010__mTreeOakLeaf-mesh">
        <bind_shape_matrix>1 0 0 0 0 1 0 0 0 0 1 0 0 0 0 1</bind_shape_matrix>
        <source id="L01_010__mTreeOakLeaf-mesh-joint">
          <Name_array id="L01_010__mTreeOakLeaf-mesh-joint-array" count="1">Root</Name_array>
          <technique_common>
            <accessor source="#L01_010__mTreeOakLeaf-mesh-joint-array" count="1" stride="1">
              <param name="JOINT" type="name" />
            </accessor>
          </technique_common>
        </source>
        <source id="L01_010__mTreeOakLeaf-mesh-inv_bind_matrix">
          <float_array id="L01_010__mTreeOakLeaf-mesh-inv_bind_matrix-array" count="16">1 0 0 0 0 1 0 0 0 0 1 0 0 0 0 1</float_array>
          <technique_common>
            <accessor source="#L01_010__mTreeOakLeaf-mesh-inv_bind_matrix-array" count="1" stride="16">
              <param name="TRANSFORM" type="float4x4" />
            </accessor>
          </technique_common>
        </source>
        <source id="L01_010__mTreeOakLeaf-mesh-weight">
          <float_array id="L01_010__mTreeOakLeaf-mesh-weight-array" count="1">1</float_array>
          <technique_common>
            <accessor source="#L01_010__mTreeOakLeaf-mesh-weight-array" count="1" stride="1">
              <param name="WEIGHT" type="float" />
            </accessor>
          </technique_common>
        </source>
        <joints>
          <input semantic="JOINT" source="#L01_010__mTreeOakLeaf-mesh-joint" />
          <input semantic="INV_BIND_MATRIX" source="#L01_010__mTreeOakLeaf-mesh-inv_bind_matrix" />
        </joints>
        <vertex_weights count="832">
          <input semantic="JOINT" source="#L01_010__mTreeOakLeaf-mesh-joint" offset="0" />
          <input semantic="WEIGHT" source="#L01_010__mTreeOakLeaf-mesh-weight" offset="1" />
          <vcount>1 1 1 1 1 1 1 1 1 1 1 1 1 1 1 1 1 1 1 1 1 1 1 1 1 1 1 1 1 1 1 1 1 1 1 1 1 1 1 1 1 1 1 1 1 1 1 1 1 1 1 1 1 1 1 1 1 1 1 1 1 1 1 1 1 1 1 1 1 1 1 1 1 1 1 1 1 1 1 1 1 1 1 1 1 1 1 1 1 1 1 1 1 1 1 1 1 1 1 1 1 1 1 1 1 1 1 1 1 1 1 1 1 1 1 1 1 1 1 1 1 1 1 1 1 1 1 1 1 1 1 1 1 1 1 1 1 1 1 1 1 1 1 1 1 1 1 1 1 1 1 1 1 1 1 1 1 1 1 1 1 1 1 1 1 1 1 1 1 1 1 1 1 1 1 1 1 1 1 1 1 1 1 1 1 1 1 1 1 1 1 1 1 1 1 1 1 1 1 1 1 1 1 1 1 1 1 1 1 1 1 1 1 1 1 1 1 1 1 1 1 1 1 1 1 1 1 1 1 1 1 1 1 1 1 1 1 1 1 1 1 1 1 1 1 1 1 1 1 1 1 1 1 1 1 1 1 1 1 1 1 1 1 1 1 1 1 1 1 1 1 1 1 1 1 1 1 1 1 1 1 1 1 1 1 1 1 1 1 1 1 1 1 1 1 1 1 1 1 1 1 1 1 1 1 1 1 1 1 1 1 1 1 1 1 1 1 1 1 1 1 1 1 1 1 1 1 1 1 1 1 1 1 1 1 1 1 1 1 1 1 1 1 1 1 1 1 1 1 1 1 1 1 1 1 1 1 1 1 1 1 1 1 1 1 1 1 1 1 1 1 1 1 1 1 1 1 1 1 1 1 1 1 1 1 1 1 1 1 1 1 1 1 1 1 1 1 1 1 1 1 1 1 1 1 1 1 1 1 1 1 1 1 1 1 1 1 1 1 1 1 1 1 1 1 1 1 1 1 1 1 1 1 1 1 1 1 1 1 1 1 1 1 1 1 1 1 1 1 1 1 1 1 1 1 1 1 1 1 1 1 1 1 1 1 1 1 1 1 1 1 1 1 1 1 1 1 1 1 1 1 1 1 1 1 1 1 1 1 1 1 1 1 1 1 1 1 1 1 1 1 1 1 1 1 1 1 1 1 1 1 1 1 1 1 1 1 1 1 1 1 1 1 1 1 1 1 1 1 1 1 1 1 1 1 1 1 1 1 1 1 1 1 1 1 1 1 1 1 1 1 1 1 1 1 1 1 1 1 1 1 1 1 1 1 1 1 1 1 1 1 1 1 1 1 1 1 1 1 1 1 1 1 1 1 1 1 1 1 1 1 1 1 1 1 1 1 1 1 1 1 1 1 1 1 1 1 1 1 1 1 1 1 1 1 1 1 1 1 1 1 1 1 1 1 1 1 1 1 1 1 1 1 1 1 1 1 1 1 1 1 1 1 1 1 1 1 1 1 1 1 1 1 1 1 1 1 1 1 1 1 1 1 1 1 1 1 1 1 1 1 1 1 1 1 1 1 1 1 1 1 1 1 1 1 1 1 1 1 1 1 1 1 1 1 1 1 1 1 1 1 1 1 1 1 1 1 1 1 1 1 1 1 1 1 1 1 1 1 1 1 1 1 1 1 1 1 1 1 1 1 1 1 1 1 1 1 1 1 1 1 1 1 1 1 1 1 1 1 1 1 1 1 1 1 1 1 1 1 1 1 1 1 1 1 1 1 1 1 1 1 1 1 1 1 1 1 1 1 1 1 1 1 1 1 1 1 1 1 1 1 1 1 1 1 1 1 1 1 1 1 1 1 1 1 1 1 1 1 1 1 1 1 1 1 1 1 1 1 1 1 1 1 1 1 1 1 1 1 1 1 1 </vcount>
          <v>0 0 0 0 0 0 0 0 0 0 0 0 0 0 0 0 0 0 0 0 0 0 0 0 0 0 0 0 0 0 0 0 0 0 0 0 0 0 0 0 0 0 0 0 0 0 0 0 0 0 0 0 0 0 0 0 0 0 0 0 0 0 0 0 0 0 0 0 0 0 0 0 0 0 0 0 0 0 0 0 0 0 0 0 0 0 0 0 0 0 0 0 0 0 0 0 0 0 0 0 0 0 0 0 0 0 0 0 0 0 0 0 0 0 0 0 0 0 0 0 0 0 0 0 0 0 0 0 0 0 0 0 0 0 0 0 0 0 0 0 0 0 0 0 0 0 0 0 0 0 0 0 0 0 0 0 0 0 0 0 0 0 0 0 0 0 0 0 0 0 0 0 0 0 0 0 0 0 0 0 0 0 0 0 0 0 0 0 0 0 0 0 0 0 0 0 0 0 0 0 0 0 0 0 0 0 0 0 0 0 0 0 0 0 0 0 0 0 0 0 0 0 0 0 0 0 0 0 0 0 0 0 0 0 0 0 0 0 0 0 0 0 0 0 0 0 0 0 0 0 0 0 0 0 0 0 0 0 0 0 0 0 0 0 0 0 0 0 0 0 0 0 0 0 0 0 0 0 0 0 0 0 0 0 0 0 0 0 0 0 0 0 0 0 0 0 0 0 0 0 0 0 0 0 0 0 0 0 0 0 0 0 0 0 0 0 0 0 0 0 0 0 0 0 0 0 0 0 0 0 0 0 0 0 0 0 0 0 0 0 0 0 0 0 0 0 0 0 0 0 0 0 0 0 0 0 0 0 0 0 0 0 0 0 0 0 0 0 0 0 0 0 0 0 0 0 0 0 0 0 0 0 0 0 0 0 0 0 0 0 0 0 0 0 0 0 0 0 0 0 0 0 0 0 0 0 0 0 0 0 0 0 0 0 0 0 0 0 0 0 0 0 0 0 0 0 0 0 0 0 0 0 0 0 0 0 0 0 0 0 0 0 0 0 0 0 0 0 0 0 0 0 0 0 0 0 0 0 0 0 0 0 0 0 0 0 0 0 0 0 0 0 0 0 0 0 0 0 0 0 0 0 0 0 0 0 0 0 0 0 0 0 0 0 0 0 0 0 0 0 0 0 0 0 0 0 0 0 0 0 0 0 0 0 0 0 0 0 0 0 0 0 0 0 0 0 0 0 0 0 0 0 0 0 0 0 0 0 0 0 0 0 0 0 0 0 0 0 0 0 0 0 0 0 0 0 0 0 0 0 0 0 0 0 0 0 0 0 0 0 0 0 0 0 0 0 0 0 0 0 0 0 0 0 0 0 0 0 0 0 0 0 0 0 0 0 0 0 0 0 0 0 0 0 0 0 0 0 0 0 0 0 0 0 0 0 0 0 0 0 0 0 0 0 0 0 0 0 0 0 0 0 0 0 0 0 0 0 0 0 0 0 0 0 0 0 0 0 0 0 0 0 0 0 0 0 0 0 0 0 0 0 0 0 0 0 0 0 0 0 0 0 0 0 0 0 0 0 0 0 0 0 0 0 0 0 0 0 0 0 0 0 0 0 0 0 0 0 0 0 0 0 0 0 0 0 0 0 0 0 0 0 0 0 0 0 0 0 0 0 0 0 0 0 0 0 0 0 0 0 0 0 0 0 0 0 0 0 0 0 0 0 0 0 0 0 0 0 0 0 0 0 0 0 0 0 0 0 0 0 0 0 0 0 0 0 0 0 0 0 0 0 0 0 0 0 0 0 0 0 0 0 0 0 0 0 0 0 0 0 0 0 0 0 0 0 0 0 0 0 0 0 0 0 0 0 0 0 0 0 0 0 0 0 0 0 0 0 0 0 0 0 0 0 0 0 0 0 0 0 0 0 0 0 0 0 0 0 0 0 0 0 0 0 0 0 0 0 0 0 0 0 0 0 0 0 0 0 0 0 0 0 0 0 0 0 0 0 0 0 0 0 0 0 0 0 0 0 0 0 0 0 0 0 0 0 0 0 0 0 0 0 0 0 0 0 0 0 0 0 0 0 0 0 0 0 0 0 0 0 0 0 0 0 0 0 0 0 0 0 0 0 0 0 0 0 0 0 0 0 0 0 0 0 0 0 0 0 0 0 0 0 0 0 0 0 0 0 0 0 0 0 0 0 0 0 0 0 0 0 0 0 0 0 0 0 0 0 0 0 0 0 0 0 0 0 0 0 0 0 0 0 0 0 0 0 0 0 0 0 0 0 0 0 0 0 0 0 0 0 0 0 0 0 0 0 0 0 0 0 0 0 0 0 0 0 0 0 0 0 0 0 0 0 0 0 0 0 0 0 0 0 0 0 0 0 0 0 0 0 0 0 0 0 0 0 0 0 0 0 0 0 0 0 0 0 0 0 0 0 0 0 0 0 0 0 0 0 0 0 0 0 0 0 0 0 0 0 0 0 0 0 0 0 0 0 0 0 0 0 0 0 0 0 0 0 0 0 0 0 0 0 0 0 0 0 0 0 0 0 0 0 0 0 0 0 0 0 0 0 0 0 0 0 0 0 0 0 0 0 0 0 0 0 0 0 0 0 0 0 0 0 0 0 0 0 0 0 0 0 0 0 0 0 0 0 0 0 0 0 0 0 0 0 0 0 0 0 0 0 0 0 0 0 0 0 0 0 0 0 0 0 0 0 0 0 0 0 0 0 0 0 0 0 0 0 0 0 0 0 0 0 0 0 0 0 0 0 0 0 0 0 0 0 0 0 0 0 0 0 0 0 0 0 0 0 0 0 0 0 0 0 0 0 0 0 0 0 0 0 0 0 0 0 0 0 0 0 0 0 0 0 0 0 0 0 0 0 0 0 0 0 0 0 0 0 0 0 0 0 0 0 0 0 0 0 0 0 0 0 0 0 0 0 0 0 0 0 0 0 0 0 0 0 0 0 0 0 0 0 0 0 0 0 0 0 0 0 0 0 0 0 0 0 0 0 0 0 0 0 0 0 0 0 0 0 0 0 0 0 0 0 0 0 0 0 0 0 0 0 0 0 0 0 0 0 0 0 0 0 0 0 0 0 0 0 0 0 0 0 0 0 0 0 0 0 0 0 0 0 0 0 0 0 0 0 0 0 0 0 0 0 0 0 0 0 0 0 0 0 0 0 0 0 0 0 0 0 0 0 0 0 0 0 0 0 0 0 0 0 0 0 0 0 0 0 0 0 0 0 0 0 0 0 0 0 0 0 0 0 0 0 0 0 0 0 0 0 0 0 0 0 0 0 0 0 0 0 0 0 0 0 0 0 0 0 0 0 0 0 0 0 0 0 0 0 0 0 0 0 0 0 0 0 0 0 0 0 0 0 0 0 0 0 0 0 0 0 0 0 0 0 0 0 0 0 0 0 0 0 0 0 0 0 0 0 0 0 0 0 0 0 0 0 0 0 0 0 0 0 0 0 0 0 0 0 0 0 0 0 0 0 0 0 0 0 0 0 0 0 0 0 0 0 0 0 0 0 0 0 0 0 0 0 0 0 0 0 0 0 0 0 0 0 0 0 0 0 0 0 0 0 0 0 0 0 0 0 0 0 0 0 0 0 0 0 0 0 0 0 0 0 0 0 0 0 0 0 0 0 0 0 0 0 0 0 0 0 0 0 0 0 0 0 0 0 0 0 0 0 0 0 0 0 0 0 0 0 0 0 0 0 0 0 0 0 0 0 0 0 0 0 0 0 0 0 0 0 0 0 0 0 0 0 0 0 0 0 0 0 0 0 0 0 </v>
        </vertex_weights>
      </skin>
    </controller>
    <controller id="Armature_L01_017__mShadowShake-mesh">
      <skin source="#L01_017__mShadowShake-mesh">
        <bind_shape_matrix>1 0 0 0 0 1 0 0 0 0 1 0 0 0 0 1</bind_shape_matrix>
        <source id="L01_017__mShadowShake-mesh-joint">
          <Name_array id="L01_017__mShadowShake-mesh-joint-array" count="1">Root</Name_array>
          <technique_common>
            <accessor source="#L01_017__mShadowShake-mesh-joint-array" count="1" stride="1">
              <param name="JOINT" type="name" />
            </accessor>
          </technique_common>
        </source>
        <source id="L01_017__mShadowShake-mesh-inv_bind_matrix">
          <float_array id="L01_017__mShadowShake-mesh-inv_bind_matrix-array" count="16">1 0 0 0 0 1 0 0 0 0 1 0 0 0 0 1</float_array>
          <technique_common>
            <accessor source="#L01_017__mShadowShake-mesh-inv_bind_matrix-array" count="1" stride="16">
              <param name="TRANSFORM" type="float4x4" />
            </accessor>
          </technique_common>
        </source>
        <source id="L01_017__mShadowShake-mesh-weight">
          <float_array id="L01_017__mShadowShake-mesh-weight-array" count="1">1</float_array>
          <technique_common>
            <accessor source="#L01_017__mShadowShake-mesh-weight-array" count="1" stride="1">
              <param name="WEIGHT" type="float" />
            </accessor>
          </technique_common>
        </source>
        <joints>
          <input semantic="JOINT" source="#L01_017__mShadowShake-mesh-joint" />
          <input semantic="INV_BIND_MATRIX" source="#L01_017__mShadowShake-mesh-inv_bind_matrix" />
        </joints>
        <vertex_weights count="216">
          <input semantic="JOINT" source="#L01_017__mShadowShake-mesh-joint" offset="0" />
          <input semantic="WEIGHT" source="#L01_017__mShadowShake-mesh-weight" offset="1" />
          <vcount>1 1 1 1 1 1 1 1 1 1 1 1 1 1 1 1 1 1 1 1 1 1 1 1 1 1 1 1 1 1 1 1 1 1 1 1 1 1 1 1 1 1 1 1 1 1 1 1 1 1 1 1 1 1 1 1 1 1 1 1 1 1 1 1 1 1 1 1 1 1 1 1 1 1 1 1 1 1 1 1 1 1 1 1 1 1 1 1 1 1 1 1 1 1 1 1 1 1 1 1 1 1 1 1 1 1 1 1 1 1 1 1 1 1 1 1 1 1 1 1 1 1 1 1 1 1 1 1 1 1 1 1 1 1 1 1 1 1 1 1 1 1 1 1 1 1 1 1 1 1 1 1 1 1 1 1 1 1 1 1 1 1 1 1 1 1 1 1 1 1 1 1 1 1 1 1 1 1 1 1 1 1 1 1 1 1 1 1 1 1 1 1 1 1 1 1 1 1 1 1 1 1 1 1 1 1 1 1 1 1 1 1 1 1 1 1 </vcount>
          <v>0 0 0 0 0 0 0 0 0 0 0 0 0 0 0 0 0 0 0 0 0 0 0 0 0 0 0 0 0 0 0 0 0 0 0 0 0 0 0 0 0 0 0 0 0 0 0 0 0 0 0 0 0 0 0 0 0 0 0 0 0 0 0 0 0 0 0 0 0 0 0 0 0 0 0 0 0 0 0 0 0 0 0 0 0 0 0 0 0 0 0 0 0 0 0 0 0 0 0 0 0 0 0 0 0 0 0 0 0 0 0 0 0 0 0 0 0 0 0 0 0 0 0 0 0 0 0 0 0 0 0 0 0 0 0 0 0 0 0 0 0 0 0 0 0 0 0 0 0 0 0 0 0 0 0 0 0 0 0 0 0 0 0 0 0 0 0 0 0 0 0 0 0 0 0 0 0 0 0 0 0 0 0 0 0 0 0 0 0 0 0 0 0 0 0 0 0 0 0 0 0 0 0 0 0 0 0 0 0 0 0 0 0 0 0 0 0 0 0 0 0 0 0 0 0 0 0 0 0 0 0 0 0 0 0 0 0 0 0 0 0 0 0 0 0 0 0 0 0 0 0 0 0 0 0 0 0 0 0 0 0 0 0 0 0 0 0 0 0 0 0 0 0 0 0 0 0 0 0 0 0 0 0 0 0 0 0 0 0 0 0 0 0 0 0 0 0 0 0 0 0 0 0 0 0 0 0 0 0 0 0 0 0 0 0 0 0 0 0 0 0 0 0 0 0 0 0 0 0 0 0 0 0 0 0 0 0 0 0 0 0 0 0 0 0 0 0 0 0 0 0 0 0 0 0 0 0 0 0 0 0 0 0 0 0 0 0 0 0 0 0 0 0 0 0 0 0 0 0 0 0 0 0 0 0 0 0 0 0 0 0 0 0 0 0 0 0 0 0 0 0 0 0 0 0 0 0 0 0 0 0 0 0 0 0 0 0 0 0 0 0 0 0 0 0 0 0 0 0 0 0 0 </v>
        </vertex_weights>
      </skin>
    </controller>
    <controller id="Armature_LB014__mTreeOakLeafBack-mesh">
      <skin source="#LB014__mTreeOakLeafBack-mesh">
        <bind_shape_matrix>1 0 0 0 0 1 0 0 0 0 1 0 0 0 0 1</bind_shape_matrix>
        <source id="LB014__mTreeOakLeafBack-mesh-joint">
          <Name_array id="LB014__mTreeOakLeafBack-mesh-joint-array" count="1">Root</Name_array>
          <technique_common>
            <accessor source="#LB014__mTreeOakLeafBack-mesh-joint-array" count="1" stride="1">
              <param name="JOINT" type="name" />
            </accessor>
          </technique_common>
        </source>
        <source id="LB014__mTreeOakLeafBack-mesh-inv_bind_matrix">
          <float_array id="LB014__mTreeOakLeafBack-mesh-inv_bind_matrix-array" count="16">1 0 0 0 0 1 0 0 0 0 1 0 0 0 0 1</float_array>
          <technique_common>
            <accessor source="#LB014__mTreeOakLeafBack-mesh-inv_bind_matrix-array" count="1" stride="16">
              <param name="TRANSFORM" type="float4x4" />
            </accessor>
          </technique_common>
        </source>
        <source id="LB014__mTreeOakLeafBack-mesh-weight">
          <float_array id="LB014__mTreeOakLeafBack-mesh-weight-array" count="1">1</float_array>
          <technique_common>
            <accessor source="#LB014__mTreeOakLeafBack-mesh-weight-array" count="1" stride="1">
              <param name="WEIGHT" type="float" />
            </accessor>
          </technique_common>
        </source>
        <joints>
          <input semantic="JOINT" source="#LB014__mTreeOakLeafBack-mesh-joint" />
          <input semantic="INV_BIND_MATRIX" source="#LB014__mTreeOakLeafBack-mesh-inv_bind_matrix" />
        </joints>
        <vertex_weights count="114">
          <input semantic="JOINT" source="#LB014__mTreeOakLeafBack-mesh-joint" offset="0" />
          <input semantic="WEIGHT" source="#LB014__mTreeOakLeafBack-mesh-weight" offset="1" />
          <vcount>1 1 1 1 1 1 1 1 1 1 1 1 1 1 1 1 1 1 1 1 1 1 1 1 1 1 1 1 1 1 1 1 1 1 1 1 1 1 1 1 1 1 1 1 1 1 1 1 1 1 1 1 1 1 1 1 1 1 1 1 1 1 1 1 1 1 1 1 1 1 1 1 1 1 1 1 1 1 1 1 1 1 1 1 1 1 1 1 1 1 1 1 1 1 1 1 1 1 1 1 1 1 1 1 1 1 1 1 1 1 1 1 1 1 </vcount>
          <v>0 0 0 0 0 0 0 0 0 0 0 0 0 0 0 0 0 0 0 0 0 0 0 0 0 0 0 0 0 0 0 0 0 0 0 0 0 0 0 0 0 0 0 0 0 0 0 0 0 0 0 0 0 0 0 0 0 0 0 0 0 0 0 0 0 0 0 0 0 0 0 0 0 0 0 0 0 0 0 0 0 0 0 0 0 0 0 0 0 0 0 0 0 0 0 0 0 0 0 0 0 0 0 0 0 0 0 0 0 0 0 0 0 0 0 0 0 0 0 0 0 0 0 0 0 0 0 0 0 0 0 0 0 0 0 0 0 0 0 0 0 0 0 0 0 0 0 0 0 0 0 0 0 0 0 0 0 0 0 0 0 0 0 0 0 0 0 0 0 0 0 0 0 0 0 0 0 0 0 0 0 0 0 0 0 0 0 0 0 0 0 0 0 0 0 0 0 0 0 0 0 0 0 0 0 0 0 0 0 0 0 0 0 0 0 0 0 0 0 0 0 0 0 0 0 0 0 0 </v>
        </vertex_weights>
      </skin>
    </controller>
    <controller id="Armature_LB030__mShadow-mesh">
      <skin source="#LB030__mShadow-mesh">
        <bind_shape_matrix>1 0 0 0 0 1 0 0 0 0 1 0 0 0 0 1</bind_shape_matrix>
        <source id="LB030__mShadow-mesh-joint">
          <Name_array id="LB030__mShadow-mesh-joint-array" count="1">Root</Name_array>
          <technique_common>
            <accessor source="#LB030__mShadow-mesh-joint-array" count="1" stride="1">
              <param name="JOINT" type="name" />
            </accessor>
          </technique_common>
        </source>
        <source id="LB030__mShadow-mesh-inv_bind_matrix">
          <float_array id="LB030__mShadow-mesh-inv_bind_matrix-array" count="16">1 0 0 0 0 1 0 0 0 0 1 0 0 0 0 1</float_array>
          <technique_common>
            <accessor source="#LB030__mShadow-mesh-inv_bind_matrix-array" count="1" stride="16">
              <param name="TRANSFORM" type="float4x4" />
            </accessor>
          </technique_common>
        </source>
        <source id="LB030__mShadow-mesh-weight">
          <float_array id="LB030__mShadow-mesh-weight-array" count="1">1</float_array>
          <technique_common>
            <accessor source="#LB030__mShadow-mesh-weight-array" count="1" stride="1">
              <param name="WEIGHT" type="float" />
            </accessor>
          </technique_common>
        </source>
        <joints>
          <input semantic="JOINT" source="#LB030__mShadow-mesh-joint" />
          <input semantic="INV_BIND_MATRIX" source="#LB030__mShadow-mesh-inv_bind_matrix" />
        </joints>
        <vertex_weights count="430">
          <input semantic="JOINT" source="#LB030__mShadow-mesh-joint" offset="0" />
          <input semantic="WEIGHT" source="#LB030__mShadow-mesh-weight" offset="1" />
          <vcount>1 1 1 1 1 1 1 1 1 1 1 1 1 1 1 1 1 1 1 1 1 1 1 1 1 1 1 1 1 1 1 1 1 1 1 1 1 1 1 1 1 1 1 1 1 1 1 1 1 1 1 1 1 1 1 1 1 1 1 1 1 1 1 1 1 1 1 1 1 1 1 1 1 1 1 1 1 1 1 1 1 1 1 1 1 1 1 1 1 1 1 1 1 1 1 1 1 1 1 1 1 1 1 1 1 1 1 1 1 1 1 1 1 1 1 1 1 1 1 1 1 1 1 1 1 1 1 1 1 1 1 1 1 1 1 1 1 1 1 1 1 1 1 1 1 1 1 1 1 1 1 1 1 1 1 1 1 1 1 1 1 1 1 1 1 1 1 1 1 1 1 1 1 1 1 1 1 1 1 1 1 1 1 1 1 1 1 1 1 1 1 1 1 1 1 1 1 1 1 1 1 1 1 1 1 1 1 1 1 1 1 1 1 1 1 1 1 1 1 1 1 1 1 1 1 1 1 1 1 1 1 1 1 1 1 1 1 1 1 1 1 1 1 1 1 1 1 1 1 1 1 1 1 1 1 1 1 1 1 1 1 1 1 1 1 1 1 1 1 1 1 1 1 1 1 1 1 1 1 1 1 1 1 1 1 1 1 1 1 1 1 1 1 1 1 1 1 1 1 1 1 1 1 1 1 1 1 1 1 1 1 1 1 1 1 1 1 1 1 1 1 1 1 1 1 1 1 1 1 1 1 1 1 1 1 1 1 1 1 1 1 1 1 1 1 1 1 1 1 1 1 1 1 1 1 1 1 1 1 1 1 1 1 1 1 1 1 1 1 1 1 1 1 1 1 1 1 1 1 1 1 1 1 1 1 1 1 1 1 1 1 1 1 1 1 1 1 1 1 1 1 1 1 1 1 1 1 1 1 1 1 1 1 1 1 1 1 1 1 1 1 1 1 1 1 1 1 1 1 1 </vcount>
          <v>0 0 0 0 0 0 0 0 0 0 0 0 0 0 0 0 0 0 0 0 0 0 0 0 0 0 0 0 0 0 0 0 0 0 0 0 0 0 0 0 0 0 0 0 0 0 0 0 0 0 0 0 0 0 0 0 0 0 0 0 0 0 0 0 0 0 0 0 0 0 0 0 0 0 0 0 0 0 0 0 0 0 0 0 0 0 0 0 0 0 0 0 0 0 0 0 0 0 0 0 0 0 0 0 0 0 0 0 0 0 0 0 0 0 0 0 0 0 0 0 0 0 0 0 0 0 0 0 0 0 0 0 0 0 0 0 0 0 0 0 0 0 0 0 0 0 0 0 0 0 0 0 0 0 0 0 0 0 0 0 0 0 0 0 0 0 0 0 0 0 0 0 0 0 0 0 0 0 0 0 0 0 0 0 0 0 0 0 0 0 0 0 0 0 0 0 0 0 0 0 0 0 0 0 0 0 0 0 0 0 0 0 0 0 0 0 0 0 0 0 0 0 0 0 0 0 0 0 0 0 0 0 0 0 0 0 0 0 0 0 0 0 0 0 0 0 0 0 0 0 0 0 0 0 0 0 0 0 0 0 0 0 0 0 0 0 0 0 0 0 0 0 0 0 0 0 0 0 0 0 0 0 0 0 0 0 0 0 0 0 0 0 0 0 0 0 0 0 0 0 0 0 0 0 0 0 0 0 0 0 0 0 0 0 0 0 0 0 0 0 0 0 0 0 0 0 0 0 0 0 0 0 0 0 0 0 0 0 0 0 0 0 0 0 0 0 0 0 0 0 0 0 0 0 0 0 0 0 0 0 0 0 0 0 0 0 0 0 0 0 0 0 0 0 0 0 0 0 0 0 0 0 0 0 0 0 0 0 0 0 0 0 0 0 0 0 0 0 0 0 0 0 0 0 0 0 0 0 0 0 0 0 0 0 0 0 0 0 0 0 0 0 0 0 0 0 0 0 0 0 0 0 0 0 0 0 0 0 0 0 0 0 0 0 0 0 0 0 0 0 0 0 0 0 0 0 0 0 0 0 0 0 0 0 0 0 0 0 0 0 0 0 0 0 0 0 0 0 0 0 0 0 0 0 0 0 0 0 0 0 0 0 0 0 0 0 0 0 0 0 0 0 0 0 0 0 0 0 0 0 0 0 0 0 0 0 0 0 0 0 0 0 0 0 0 0 0 0 0 0 0 0 0 0 0 0 0 0 0 0 0 0 0 0 0 0 0 0 0 0 0 0 0 0 0 0 0 0 0 0 0 0 0 0 0 0 0 0 0 0 0 0 0 0 0 0 0 0 0 0 0 0 0 0 0 0 0 0 0 0 0 0 0 0 0 0 0 0 0 0 0 0 0 0 0 0 0 0 0 0 0 0 0 0 0 0 0 0 0 0 0 0 0 0 0 0 0 0 0 0 0 0 0 0 0 0 0 0 0 0 0 0 0 0 0 0 0 0 0 0 0 0 0 0 0 0 0 0 0 0 0 0 0 0 0 0 0 0 0 0 0 0 0 0 0 0 0 0 0 0 0 0 0 0 0 0 0 0 0 0 0 0 0 0 0 0 0 0 0 0 0 0 0 0 0 0 0 0 0 0 0 0 0 0 0 0 0 0 0 0 0 0 0 0 0 0 0 0 0 0 0 0 0 0 0 0 0 0 0 0 0 0 0 0 0 0 0 0 0 0 0 0 0 0 0 0 0 0 0 0 0 0 0 0 0 0 0 0 0 0 0 0 0 0 0 0 0 0 0 0 0 0 0 0 0 0 0 0 0 0 0 0 0 0 0 0 0 0 0 0 0 0 0 0 0 0 0 0 0 0 0 0 0 0 0 0 0 0 0 0 0 0 0 0 0 0 0 0 0 0 0 0 0 0 0 0 0 0 0 0 0 0 0 0 0 0 0 0 0 0 0 0 0 0 0 0 0 0 0 0 </v>
        </vertex_weights>
      </skin>
    </controller>
    <controller id="Armature_ShLeaf_010__mShadowShake-mesh">
      <skin source="#ShLeaf_010__mShadowShake-mesh">
        <bind_shape_matrix>1 0 0 0 0 1 0 0 0 0 1 0 0 0 0 1</bind_shape_matrix>
        <source id="ShLeaf_010__mShadowShake-mesh-joint">
          <Name_array id="ShLeaf_010__mShadowShake-mesh-joint-array" count="1">Root</Name_array>
          <technique_common>
            <accessor source="#ShLeaf_010__mShadowShake-mesh-joint-array" count="1" stride="1">
              <param name="JOINT" type="name" />
            </accessor>
          </technique_common>
        </source>
        <source id="ShLeaf_010__mShadowShake-mesh-inv_bind_matrix">
          <float_array id="ShLeaf_010__mShadowShake-mesh-inv_bind_matrix-array" count="16">1 0 0 0 0 1 0 0 0 0 1 0 0 0 0 1</float_array>
          <technique_common>
            <accessor source="#ShLeaf_010__mShadowShake-mesh-inv_bind_matrix-array" count="1" stride="16">
              <param name="TRANSFORM" type="float4x4" />
            </accessor>
          </technique_common>
        </source>
        <source id="ShLeaf_010__mShadowShake-mesh-weight">
          <float_array id="ShLeaf_010__mShadowShake-mesh-weight-array" count="1">1</float_array>
          <technique_common>
            <accessor source="#ShLeaf_010__mShadowShake-mesh-weight-array" count="1" stride="1">
              <param name="WEIGHT" type="float" />
            </accessor>
          </technique_common>
        </source>
        <joints>
          <input semantic="JOINT" source="#ShLeaf_010__mShadowShake-mesh-joint" />
          <input semantic="INV_BIND_MATRIX" source="#ShLeaf_010__mShadowShake-mesh-inv_bind_matrix" />
        </joints>
        <vertex_weights count="231">
          <input semantic="JOINT" source="#ShLeaf_010__mShadowShake-mesh-joint" offset="0" />
          <input semantic="WEIGHT" source="#ShLeaf_010__mShadowShake-mesh-weight" offset="1" />
          <vcount>1 1 1 1 1 1 1 1 1 1 1 1 1 1 1 1 1 1 1 1 1 1 1 1 1 1 1 1 1 1 1 1 1 1 1 1 1 1 1 1 1 1 1 1 1 1 1 1 1 1 1 1 1 1 1 1 1 1 1 1 1 1 1 1 1 1 1 1 1 1 1 1 1 1 1 1 1 1 1 1 1 1 1 1 1 1 1 1 1 1 1 1 1 1 1 1 1 1 1 1 1 1 1 1 1 1 1 1 1 1 1 1 1 1 1 1 1 1 1 1 1 1 1 1 1 1 1 1 1 1 1 1 1 1 1 1 1 1 1 1 1 1 1 1 1 1 1 1 1 1 1 1 1 1 1 1 1 1 1 1 1 1 1 1 1 1 1 1 1 1 1 1 1 1 1 1 1 1 1 1 1 1 1 1 1 1 1 1 1 1 1 1 1 1 1 1 1 1 1 1 1 1 1 1 1 1 1 1 1 1 1 1 1 1 1 1 1 1 1 1 1 1 1 1 1 1 1 1 1 1 1 </vcount>
          <v>0 0 0 0 0 0 0 0 0 0 0 0 0 0 0 0 0 0 0 0 0 0 0 0 0 0 0 0 0 0 0 0 0 0 0 0 0 0 0 0 0 0 0 0 0 0 0 0 0 0 0 0 0 0 0 0 0 0 0 0 0 0 0 0 0 0 0 0 0 0 0 0 0 0 0 0 0 0 0 0 0 0 0 0 0 0 0 0 0 0 0 0 0 0 0 0 0 0 0 0 0 0 0 0 0 0 0 0 0 0 0 0 0 0 0 0 0 0 0 0 0 0 0 0 0 0 0 0 0 0 0 0 0 0 0 0 0 0 0 0 0 0 0 0 0 0 0 0 0 0 0 0 0 0 0 0 0 0 0 0 0 0 0 0 0 0 0 0 0 0 0 0 0 0 0 0 0 0 0 0 0 0 0 0 0 0 0 0 0 0 0 0 0 0 0 0 0 0 0 0 0 0 0 0 0 0 0 0 0 0 0 0 0 0 0 0 0 0 0 0 0 0 0 0 0 0 0 0 0 0 0 0 0 0 0 0 0 0 0 0 0 0 0 0 0 0 0 0 0 0 0 0 0 0 0 0 0 0 0 0 0 0 0 0 0 0 0 0 0 0 0 0 0 0 0 0 0 0 0 0 0 0 0 0 0 0 0 0 0 0 0 0 0 0 0 0 0 0 0 0 0 0 0 0 0 0 0 0 0 0 0 0 0 0 0 0 0 0 0 0 0 0 0 0 0 0 0 0 0 0 0 0 0 0 0 0 0 0 0 0 0 0 0 0 0 0 0 0 0 0 0 0 0 0 0 0 0 0 0 0 0 0 0 0 0 0 0 0 0 0 0 0 0 0 0 0 0 0 0 0 0 0 0 0 0 0 0 0 0 0 0 0 0 0 0 0 0 0 0 0 0 0 0 0 0 0 0 0 0 0 0 0 0 0 0 0 0 0 0 0 0 0 0 0 0 0 0 0 0 0 0 0 0 0 0 0 0 0 0 0 0 0 0 0 0 0 0 0 0 0 0 0 0 0 0 0 0 0 0 0 0 0 </v>
        </vertex_weights>
      </skin>
    </controller>
    <controller id="Armature_TrunkBottom__mPltTreeOakTrunk-mesh">
      <skin source="#TrunkBottom__mPltTreeOakTrunk-mesh">
        <bind_shape_matrix>1 0 0 0 0 1 0 0 0 0 1 0 0 0 0 1</bind_shape_matrix>
        <source id="TrunkBottom__mPltTreeOakTrunk-mesh-joint">
          <Name_array id="TrunkBottom__mPltTreeOakTrunk-mesh-joint-array" count="1">Root</Name_array>
          <technique_common>
            <accessor source="#TrunkBottom__mPltTreeOakTrunk-mesh-joint-array" count="1" stride="1">
              <param name="JOINT" type="name" />
            </accessor>
          </technique_common>
        </source>
        <source id="TrunkBottom__mPltTreeOakTrunk-mesh-inv_bind_matrix">
          <float_array id="TrunkBottom__mPltTreeOakTrunk-mesh-inv_bind_matrix-array" count="16">1 0 0 0 0 1 0 0 0 0 1 0 0 0 0 1</float_array>
          <technique_common>
            <accessor source="#TrunkBottom__mPltTreeOakTrunk-mesh-inv_bind_matrix-array" count="1" stride="16">
              <param name="TRANSFORM" type="float4x4" />
            </accessor>
          </technique_common>
        </source>
        <source id="TrunkBottom__mPltTreeOakTrunk-mesh-weight">
          <float_array id="TrunkBottom__mPltTreeOakTrunk-mesh-weight-array" count="1">1</float_array>
          <technique_common>
            <accessor source="#TrunkBottom__mPltTreeOakTrunk-mesh-weight-array" count="1" stride="1">
              <param name="WEIGHT" type="float" />
            </accessor>
          </technique_common>
        </source>
        <joints>
          <input semantic="JOINT" source="#TrunkBottom__mPltTreeOakTrunk-mesh-joint" />
          <input semantic="INV_BIND_MATRIX" source="#TrunkBottom__mPltTreeOakTrunk-mesh-inv_bind_matrix" />
        </joints>
        <vertex_weights count="1776">
          <input semantic="JOINT" source="#TrunkBottom__mPltTreeOakTrunk-mesh-joint" offset="0" />
          <input semantic="WEIGHT" source="#TrunkBottom__mPltTreeOakTrunk-mesh-weight" offset="1" />
          <vcount>1 1 1 1 1 1 1 1 1 1 1 1 1 1 1 1 1 1 1 1 1 1 1 1 1 1 1 1 1 1 1 1 1 1 1 1 1 1 1 1 1 1 1 1 1 1 1 1 1 1 1 1 1 1 1 1 1 1 1 1 1 1 1 1 1 1 1 1 1 1 1 1 1 1 1 1 1 1 1 1 1 1 1 1 1 1 1 1 1 1 1 1 1 1 1 1 1 1 1 1 1 1 1 1 1 1 1 1 1 1 1 1 1 1 1 1 1 1 1 1 1 1 1 1 1 1 1 1 1 1 1 1 1 1 1 1 1 1 1 1 1 1 1 1 1 1 1 1 1 1 1 1 1 1 1 1 1 1 1 1 1 1 1 1 1 1 1 1 1 1 1 1 1 1 1 1 1 1 1 1 1 1 1 1 1 1 1 1 1 1 1 1 1 1 1 1 1 1 1 1 1 1 1 1 1 1 1 1 1 1 1 1 1 1 1 1 1 1 1 1 1 1 1 1 1 1 1 1 1 1 1 1 1 1 1 1 1 1 1 1 1 1 1 1 1 1 1 1 1 1 1 1 1 1 1 1 1 1 1 1 1 1 1 1 1 1 1 1 1 1 1 1 1 1 1 1 1 1 1 1 1 1 1 1 1 1 1 1 1 1 1 1 1 1 1 1 1 1 1 1 1 1 1 1 1 1 1 1 1 1 1 1 1 1 1 1 1 1 1 1 1 1 1 1 1 1 1 1 1 1 1 1 1 1 1 1 1 1 1 1 1 1 1 1 1 1 1 1 1 1 1 1 1 1 1 1 1 1 1 1 1 1 1 1 1 1 1 1 1 1 1 1 1 1 1 1 1 1 1 1 1 1 1 1 1 1 1 1 1 1 1 1 1 1 1 1 1 1 1 1 1 1 1 1 1 1 1 1 1 1 1 1 1 1 1 1 1 1 1 1 1 1 1 1 1 1 1 1 1 1 1 1 1 1 1 1 1 1 1 1 1 1 1 1 1 1 1 1 1 1 1 1 1 1 1 1 1 1 1 1 1 1 1 1 1 1 1 1 1 1 1 1 1 1 1 1 1 1 1 1 1 1 1 1 1 1 1 1 1 1 1 1 1 1 1 1 1 1 1 1 1 1 1 1 1 1 1 1 1 1 1 1 1 1 1 1 1 1 1 1 1 1 1 1 1 1 1 1 1 1 1 1 1 1 1 1 1 1 1 1 1 1 1 1 1 1 1 1 1 1 1 1 1 1 1 1 1 1 1 1 1 1 1 1 1 1 1 1 1 1 1 1 1 1 1 1 1 1 1 1 1 1 1 1 1 1 1 1 1 1 1 1 1 1 1 1 1 1 1 1 1 1 1 1 1 1 1 1 1 1 1 1 1 1 1 1 1 1 1 1 1 1 1 1 1 1 1 1 1 1 1 1 1 1 1 1 1 1 1 1 1 1 1 1 1 1 1 1 1 1 1 1 1 1 1 1 1 1 1 1 1 1 1 1 1 1 1 1 1 1 1 1 1 1 1 1 1 1 1 1 1 1 1 1 1 1 1 1 1 1 1 1 1 1 1 1 1 1 1 1 1 1 1 1 1 1 1 1 1 1 1 1 1 1 1 1 1 1 1 1 1 1 1 1 1 1 1 1 1 1 1 1 1 1 1 1 1 1 1 1 1 1 1 1 1 1 1 1 1 1 1 1 1 1 1 1 1 1 1 1 1 1 1 1 1 1 1 1 1 1 1 1 1 1 1 1 1 1 1 1 1 1 1 1 1 1 1 1 1 1 1 1 1 1 1 1 1 1 1 1 1 1 1 1 1 1 1 1 1 1 1 1 1 1 1 1 1 1 1 1 1 1 1 1 1 1 1 1 1 1 1 1 1 1 1 1 1 1 1 1 1 1 1 1 1 1 1 1 1 1 1 1 1 1 1 1 1 1 1 1 1 1 1 1 1 1 1 1 1 1 1 1 1 1 1 1 1 1 1 1 1 1 1 1 1 1 1 1 1 1 1 1 1 1 1 1 1 1 1 1 1 1 1 1 1 1 1 1 1 1 1 1 1 1 1 1 1 1 1 1 1 1 1 1 1 1 1 1 1 1 1 1 1 1 1 1 1 1 1 1 1 1 1 1 1 1 1 1 1 1 1 1 1 1 1 1 1 1 1 1 1 1 1 1 1 1 1 1 1 1 1 1 1 1 1 1 1 1 1 1 1 1 1 1 1 1 1 1 1 1 1 1 1 1 1 1 1 1 1 1 1 1 1 1 1 1 1 1 1 1 1 1 1 1 1 1 1 1 1 1 1 1 1 1 1 1 1 1 1 1 1 1 1 1 1 1 1 1 1 1 1 1 1 1 1 1 1 1 1 1 1 1 1 1 1 1 1 1 1 1 1 1 1 1 1 1 1 1 1 1 1 1 1 1 1 1 1 1 1 1 1 1 1 1 1 1 1 1 1 1 1 1 1 1 1 1 1 1 1 1 1 1 1 1 1 1 1 1 1 1 1 1 1 1 1 1 1 1 1 1 1 1 1 1 1 1 1 1 1 1 1 1 1 1 1 1 1 1 1 1 1 1 1 1 1 1 1 1 1 1 1 1 1 1 1 1 1 1 1 1 1 1 1 1 1 1 1 1 1 1 1 1 1 1 1 1 1 1 1 1 1 1 1 1 1 1 1 1 1 1 1 1 1 1 1 1 1 1 1 1 1 1 1 1 1 1 1 1 1 1 1 1 1 1 1 1 1 1 1 1 1 1 1 1 1 1 1 1 1 1 1 1 1 1 1 1 1 1 1 1 1 1 1 1 1 1 1 1 1 1 1 1 1 1 1 1 1 1 1 1 1 1 1 1 1 1 1 1 1 1 1 1 1 1 1 1 1 1 1 1 1 1 1 1 1 1 1 1 1 1 1 1 1 1 1 1 1 1 1 1 1 1 1 1 1 1 1 1 1 1 1 1 1 1 1 1 1 1 1 1 1 1 1 1 1 1 1 1 1 1 1 1 1 1 1 1 1 1 1 1 1 1 1 1 1 1 1 1 1 1 1 1 1 1 1 1 1 1 1 1 1 1 1 1 1 1 1 1 1 1 1 1 1 1 1 1 1 1 1 1 1 1 1 1 1 1 1 1 1 1 1 1 1 1 1 1 1 1 1 1 1 1 1 1 1 1 1 1 1 1 1 1 1 1 1 1 1 1 1 1 1 1 1 1 1 1 1 1 1 1 1 1 1 1 1 1 1 1 1 1 1 1 1 1 1 1 1 1 1 1 1 1 1 1 1 1 1 1 1 1 1 1 1 1 1 1 1 1 1 1 1 1 1 1 1 1 1 1 1 1 1 1 1 1 1 1 1 1 1 1 1 1 1 1 1 1 1 1 1 1 1 1 1 1 1 1 1 1 1 1 1 1 1 1 1 1 1 1 1 1 1 1 1 1 1 1 1 1 1 1 1 1 1 1 1 1 1 1 1 1 1 1 1 1 1 1 1 1 1 1 1 1 1 1 1 1 1 1 1 1 1 1 1 1 1 1 1 1 1 1 1 1 1 1 1 1 1 1 1 1 1 1 1 1 1 1 1 1 1 1 1 1 1 1 1 1 1 1 1 1 1 1 1 1 1 1 1 1 1 1 1 1 1 1 1 1 1 1 1 1 1 1 1 1 1 1 1 1 1 1 1 1 1 1 1 1 1 1 1 1 1 1 1 1 1 1 1 1 1 1 1 1 1 1 1 1 1 1 1 1 1 1 1 1 1 1 1 1 1 1 1 1 1 1 1 1 1 1 1 1 1 1 1 1 1 1 1 1 1 1 1 1 1 1 1 1 1 1 1 1 1 1 1 1 1 1 1 1 1 1 1 1 1 1 1 1 1 1 1 1 1 1 1 1 1 1 1 1 1 1 1 1 1 1 1 1 1 1 1 1 1 1 1 1 1 1 1 1 1 1 1 1 1 1 1 1 1 1 1 1 1 1 1 1 1 1 1 1 1 1 1 1 1 1 1 1 </vcount>
          <v>0 0 0 0 0 0 0 0 0 0 0 0 0 0 0 0 0 0 0 0 0 0 0 0 0 0 0 0 0 0 0 0 0 0 0 0 0 0 0 0 0 0 0 0 0 0 0 0 0 0 0 0 0 0 0 0 0 0 0 0 0 0 0 0 0 0 0 0 0 0 0 0 0 0 0 0 0 0 0 0 0 0 0 0 0 0 0 0 0 0 0 0 0 0 0 0 0 0 0 0 0 0 0 0 0 0 0 0 0 0 0 0 0 0 0 0 0 0 0 0 0 0 0 0 0 0 0 0 0 0 0 0 0 0 0 0 0 0 0 0 0 0 0 0 0 0 0 0 0 0 0 0 0 0 0 0 0 0 0 0 0 0 0 0 0 0 0 0 0 0 0 0 0 0 0 0 0 0 0 0 0 0 0 0 0 0 0 0 0 0 0 0 0 0 0 0 0 0 0 0 0 0 0 0 0 0 0 0 0 0 0 0 0 0 0 0 0 0 0 0 0 0 0 0 0 0 0 0 0 0 0 0 0 0 0 0 0 0 0 0 0 0 0 0 0 0 0 0 0 0 0 0 0 0 0 0 0 0 0 0 0 0 0 0 0 0 0 0 0 0 0 0 0 0 0 0 0 0 0 0 0 0 0 0 0 0 0 0 0 0 0 0 0 0 0 0 0 0 0 0 0 0 0 0 0 0 0 0 0 0 0 0 0 0 0 0 0 0 0 0 0 0 0 0 0 0 0 0 0 0 0 0 0 0 0 0 0 0 0 0 0 0 0 0 0 0 0 0 0 0 0 0 0 0 0 0 0 0 0 0 0 0 0 0 0 0 0 0 0 0 0 0 0 0 0 0 0 0 0 0 0 0 0 0 0 0 0 0 0 0 0 0 0 0 0 0 0 0 0 0 0 0 0 0 0 0 0 0 0 0 0 0 0 0 0 0 0 0 0 0 0 0 0 0 0 0 0 0 0 0 0 0 0 0 0 0 0 0 0 0 0 0 0 0 0 0 0 0 0 0 0 0 0 0 0 0 0 0 0 0 0 0 0 0 0 0 0 0 0 0 0 0 0 0 0 0 0 0 0 0 0 0 0 0 0 0 0 0 0 0 0 0 0 0 0 0 0 0 0 0 0 0 0 0 0 0 0 0 0 0 0 0 0 0 0 0 0 0 0 0 0 0 0 0 0 0 0 0 0 0 0 0 0 0 0 0 0 0 0 0 0 0 0 0 0 0 0 0 0 0 0 0 0 0 0 0 0 0 0 0 0 0 0 0 0 0 0 0 0 0 0 0 0 0 0 0 0 0 0 0 0 0 0 0 0 0 0 0 0 0 0 0 0 0 0 0 0 0 0 0 0 0 0 0 0 0 0 0 0 0 0 0 0 0 0 0 0 0 0 0 0 0 0 0 0 0 0 0 0 0 0 0 0 0 0 0 0 0 0 0 0 0 0 0 0 0 0 0 0 0 0 0 0 0 0 0 0 0 0 0 0 0 0 0 0 0 0 0 0 0 0 0 0 0 0 0 0 0 0 0 0 0 0 0 0 0 0 0 0 0 0 0 0 0 0 0 0 0 0 0 0 0 0 0 0 0 0 0 0 0 0 0 0 0 0 0 0 0 0 0 0 0 0 0 0 0 0 0 0 0 0 0 0 0 0 0 0 0 0 0 0 0 0 0 0 0 0 0 0 0 0 0 0 0 0 0 0 0 0 0 0 0 0 0 0 0 0 0 0 0 0 0 0 0 0 0 0 0 0 0 0 0 0 0 0 0 0 0 0 0 0 0 0 0 0 0 0 0 0 0 0 0 0 0 0 0 0 0 0 0 0 0 0 0 0 0 0 0 0 0 0 0 0 0 0 0 0 0 0 0 0 0 0 0 0 0 0 0 0 0 0 0 0 0 0 0 0 0 0 0 0 0 0 0 0 0 0 0 0 0 0 0 0 0 0 0 0 0 0 0 0 0 0 0 0 0 0 0 0 0 0 0 0 0 0 0 0 0 0 0 0 0 0 0 0 0 0 0 0 0 0 0 0 0 0 0 0 0 0 0 0 0 0 0 0 0 0 0 0 0 0 0 0 0 0 0 0 0 0 0 0 0 0 0 0 0 0 0 0 0 0 0 0 0 0 0 0 0 0 0 0 0 0 0 0 0 0 0 0 0 0 0 0 0 0 0 0 0 0 0 0 0 0 0 0 0 0 0 0 0 0 0 0 0 0 0 0 0 0 0 0 0 0 0 0 0 0 0 0 0 0 0 0 0 0 0 0 0 0 0 0 0 0 0 0 0 0 0 0 0 0 0 0 0 0 0 0 0 0 0 0 0 0 0 0 0 0 0 0 0 0 0 0 0 0 0 0 0 0 0 0 0 0 0 0 0 0 0 0 0 0 0 0 0 0 0 0 0 0 0 0 0 0 0 0 0 0 0 0 0 0 0 0 0 0 0 0 0 0 0 0 0 0 0 0 0 0 0 0 0 0 0 0 0 0 0 0 0 0 0 0 0 0 0 0 0 0 0 0 0 0 0 0 0 0 0 0 0 0 0 0 0 0 0 0 0 0 0 0 0 0 0 0 0 0 0 0 0 0 0 0 0 0 0 0 0 0 0 0 0 0 0 0 0 0 0 0 0 0 0 0 0 0 0 0 0 0 0 0 0 0 0 0 0 0 0 0 0 0 0 0 0 0 0 0 0 0 0 0 0 0 0 0 0 0 0 0 0 0 0 0 0 0 0 0 0 0 0 0 0 0 0 0 0 0 0 0 0 0 0 0 0 0 0 0 0 0 0 0 0 0 0 0 0 0 0 0 0 0 0 0 0 0 0 0 0 0 0 0 0 0 0 0 0 0 0 0 0 0 0 0 0 0 0 0 0 0 0 0 0 0 0 0 0 0 0 0 0 0 0 0 0 0 0 0 0 0 0 0 0 0 0 0 0 0 0 0 0 0 0 0 0 0 0 0 0 0 0 0 0 0 0 0 0 0 0 0 0 0 0 0 0 0 0 0 0 0 0 0 0 0 0 0 0 0 0 0 0 0 0 0 0 0 0 0 0 0 0 0 0 0 0 0 0 0 0 0 0 0 0 0 0 0 0 0 0 0 0 0 0 0 0 0 0 0 0 0 0 0 0 0 0 0 0 0 0 0 0 0 0 0 0 0 0 0 0 0 0 0 0 0 0 0 0 0 0 0 0 0 0 0 0 0 0 0 0 0 0 0 0 0 0 0 0 0 0 0 0 0 0 0 0 0 0 0 0 0 0 0 0 0 0 0 0 0 0 0 0 0 0 0 0 0 0 0 0 0 0 0 0 0 0 0 0 0 0 0 0 0 0 0 0 0 0 0 0 0 0 0 0 0 0 0 0 0 0 0 0 0 0 0 0 0 0 0 0 0 0 0 0 0 0 0 0 0 0 0 0 0 0 0 0 0 0 0 0 0 0 0 0 0 0 0 0 0 0 0 0 0 0 0 0 0 0 0 0 0 0 0 0 0 0 0 0 0 0 0 0 0 0 0 0 0 0 0 0 0 0 0 0 0 0 0 0 0 0 0 0 0 0 0 0 0 0 0 0 0 0 0 0 0 0 0 0 0 0 0 0 0 0 0 0 0 0 0 0 0 0 0 0 0 0 0 0 0 0 0 0 0 0 0 0 0 0 0 0 0 0 0 0 0 0 0 0 0 0 0 0 0 0 0 0 0 0 0 0 0 0 0 0 0 0 0 0 0 0 0 0 0 0 0 0 0 0 0 0 0 0 0 0 0 0 0 0 0 0 0 0 0 0 0 0 0 0 0 0 0 0 0 0 0 0 0 0 0 0 0 0 0 0 0 0 0 0 0 0 0 0 0 0 0 0 0 0 0 0 0 0 0 0 0 0 0 0 0 0 0 0 0 0 0 0 0 0 0 0 0 0 0 0 0 0 0 0 0 0 0 0 0 0 0 0 0 0 0 0 0 0 0 0 0 0 0 0 0 0 0 0 0 0 0 0 0 0 0 0 0 0 0 0 0 0 0 0 0 0 0 0 0 0 0 0 0 0 0 0 0 0 0 0 0 0 0 0 0 0 0 0 0 0 0 0 0 0 0 0 0 0 0 0 0 0 0 0 0 0 0 0 0 0 0 0 0 0 0 0 0 0 0 0 0 0 0 0 0 0 0 0 0 0 0 0 0 0 0 0 0 0 0 0 0 0 0 0 0 0 0 0 0 0 0 0 0 0 0 0 0 0 0 0 0 0 0 0 0 0 0 0 0 0 0 0 0 0 0 0 0 0 0 0 0 0 0 0 0 0 0 0 0 0 0 0 0 0 0 0 0 0 0 0 0 0 0 0 0 0 0 0 0 0 0 0 0 0 0 0 0 0 0 0 0 0 0 0 0 0 0 0 0 0 0 0 0 0 0 0 0 0 0 0 0 0 0 0 0 0 0 0 0 0 0 0 0 0 0 0 0 0 0 0 0 0 0 0 0 0 0 0 0 0 0 0 0 0 0 0 0 0 0 0 0 0 0 0 0 0 0 0 0 0 0 0 0 0 0 0 0 0 0 0 0 0 0 0 0 0 0 0 0 0 0 0 0 0 0 0 0 0 0 0 0 0 0 0 0 0 0 0 0 0 0 0 0 0 0 0 0 0 0 0 0 0 0 0 0 0 0 0 0 0 0 0 0 0 0 0 0 0 0 0 0 0 0 0 0 0 0 0 0 0 0 0 0 0 0 0 0 0 0 0 0 0 0 0 0 0 0 0 0 0 0 0 0 0 0 0 0 0 0 0 0 0 0 0 0 0 0 0 0 0 0 0 0 0 0 0 0 0 0 0 0 0 0 0 0 0 0 0 0 0 0 0 0 0 0 0 0 0 0 0 0 0 0 0 0 0 0 0 0 0 0 0 0 0 0 0 0 0 0 0 0 0 0 0 0 0 0 0 0 0 0 0 0 0 0 0 0 0 0 0 0 0 0 0 0 0 0 0 0 0 0 0 0 0 0 0 0 0 0 0 0 0 0 0 0 0 0 0 0 0 0 0 0 0 0 0 0 0 0 0 0 0 0 0 0 0 0 0 0 0 0 0 0 0 0 0 0 0 0 0 0 0 0 0 0 0 0 0 0 0 0 0 0 0 0 0 0 0 0 0 0 0 0 0 0 0 0 0 0 0 0 0 0 0 0 0 0 0 0 0 0 0 0 0 0 0 0 0 0 0 0 0 0 0 0 0 0 0 0 0 0 0 0 0 0 0 0 0 0 0 0 0 0 0 0 0 0 0 0 0 0 0 0 0 0 0 0 0 0 0 0 0 0 0 0 0 0 0 0 0 0 0 0 0 0 0 0 0 0 0 0 0 0 0 0 0 0 0 0 0 0 0 0 0 0 0 0 0 0 0 0 0 0 0 0 0 0 0 0 0 0 0 0 0 0 0 0 0 0 0 0 0 0 0 0 0 0 0 0 0 0 0 0 0 0 0 0 0 0 0 0 0 0 0 0 0 0 0 0 0 0 0 0 0 0 0 0 0 0 0 0 0 0 0 0 0 0 0 0 0 0 0 0 0 0 0 0 0 0 0 0 0 0 0 0 0 0 0 0 0 0 0 0 0 0 0 0 0 0 0 0 0 0 0 0 0 0 0 0 0 0 0 0 0 0 0 0 0 0 0 0 0 0 0 0 0 0 0 0 0 0 0 0 0 0 0 0 0 0 0 0 0 0 0 0 0 0 0 0 0 0 0 0 0 0 0 0 0 0 0 0 0 0 0 0 0 0 0 0 0 0 0 0 0 0 0 0 0 0 0 0 0 0 0 0 0 0 0 0 0 0 0 0 0 0 0 0 0 0 0 0 0 0 0 0 0 0 0 0 0 0 0 0 0 0 0 0 0 0 0 0 0 0 0 0 0 0 0 0 0 0 0 0 0 0 0 0 0 0 0 0 0 0 0 0 0 0 0 0 0 0 0 0 0 0 0 0 0 0 0 0 0 0 0 0 0 0 0 0 0 0 0 0 0 0 0 0 0 0 0 0 0 0 0 0 0 0 0 0 0 0 0 0 0 0 0 0 0 0 0 0 0 0 0 0 0 0 0 0 0 0 0 0 0 0 0 0 0 0 0 0 0 0 0 0 0 0 0 0 0 0 0 0 0 0 0 0 0 0 0 0 0 0 0 0 0 0 0 0 0 0 0 0 0 0 0 0 0 0 0 0 0 0 0 0 0 0 0 0 0 0 0 0 0 0 0 0 0 0 0 0 0 0 0 0 0 0 0 0 0 0 0 0 0 0 0 0 0 0 0 0 0 0 0 0 0 0 0 0 0 0 0 0 0 0 0 0 0 0 0 0 0 0 0 0 0 0 0 0 0 0 0 0 0 0 0 0 0 0 0 0 0 0 0 0 0 0 0 0 0 0 0 0 0 0 0 0 0 0 0 0 0 0 0 0 0 0 0 0 0 0 0 0 0 0 0 0 0 0 0 0 0 0 0 0 0 0 0 0 0 0 0 0 0 0 0 0 0 0 0 0 0 0 0 0 0 0 0 0 0 0 0 0 0 0 0 0 0 0 0 0 0 0 0 0 0 0 0 0 0 0 0 0 0 0 0 0 0 0 0 0 0 0 0 0 0 0 0 0 0 0 0 0 0 0 0 0 0 0 0 0 0 0 0 0 0 0 0 0 0 0 0 0 0 0 0 0 0 0 0 0 0 0 0 0 0 0 0 0 0 0 0 0 0 0 0 0 0 0 0 0 0 0 0 0 0 0 0 0 0 0 0 0 0 0 0 0 0 0 0 0 0 0 0 0 0 0 0 0 0 0 0 0 0 0 0 0 0 0 0 0 0 0 0 0 0 0 0 0 0 0 0 0 0 0 0 0 0 0 0 0 0 0 0 0 0 0 0 0 0 0 0 0 0 0 0 0 0 0 0 0 0 0 0 0 0 0 0 0 0 0 0 0 0 0 0 0 0 0 0 0 0 0 0 0 0 0 0 0 0 0 0 0 0 0 0 0 0 0 0 0 0 0 0 0 0 0 0 0 0 0 0 0 0 0 0 0 0 0 0 0 0 0 0 0 0 0 0 0 0 0 0 0 0 0 0 0 0 0 0 0 0 0 0 0 0 0 0 0 0 0 0 0 0 0 0 0 0 0 0 0 0 0 0 0 0 0 0 0 0 0 0 0 0 0 0 0 0 0 0 0 0 0 0 0 0 0 0 0 0 0 0 0 0 0 0 0 0 0 0 0 0 0 0 0 0 0 0 0 0 0 0 0 0 0 0 0 0 0 0 0 0 0 0 0 0 0 0 0 0 0 0 0 0 0 0 0 0 0 0 0 0 0 0 0 0 0 0 0 0 0 0 0 0 0 0 0 0 0 0 0 0 0 0 0 0 0 0 0 0 0 0 0 0 0 0 0 0 0 0 0 0 0 0 0 0 0 0 0 0 0 0 0 0 0 0 0 0 0 0 0 0 0 0 0 0 0 0 0 0 0 0 0 0 0 0 0 0 0 0 0 0 0 0 0 0 0 0 0 0 0 0 0 0 0 0 0 0 0 0 0 0 0 0 0 0 0 0 0 0 0 0 0 0 0 0 0 0 0 0 0 0 0 0 0 0 0 0 0 0 0 0 0 0 0 0 0 0 0 0 0 0 0 0 0 0 0 0 0 0 0 0 0 0 0 0 0 0 0 0 0 0 0 0 0 0 0 0 0 0 0 0 0 0 0 0 0 0 0 0 0 0 0 0 0 0 0 0 0 0 0 0 0 0 0 0 0 0 0 0 0 0 0 0 0 0 0 0 0 0 0 0 0 0 0 0 0 0 0 0 0 0 0 0 0 0 0 0 0 0 0 0 0 0 0 0 0 0 0 0 0 0 0 0 0 0 0 0 0 0 0 0 0 0 0 0 0 0 0 0 0 0 0 0 0 0 0 0 0 0 0 0 0 0 0 0 0 0 0 0 0 0 0 0 0 0 0 0 0 0 0 0 0 0 0 0 0 0 0 0 0 0 </v>
        </vertex_weights>
      </skin>
    </controller>
  </library_controllers>
  <library_visual_scenes>
    <visual_scene id="Scene" name="Scene">
      <node id="Armature" name="Armature" type="NODE">
        <matrix sid="transform">1 0 0 0 0 1 0 0 0 0 1 0 0 0 0 1</matrix>
        <node id="Armature_Root" name="Root" sid="Root" type="JOINT">
          <matrix sid="transform">1 0 0 0 0 1 0 0 0 0 1 0 0 0 0 1</matrix>
        </node>
      </node>
      <node id="L01_010__mTreeOakLeaf" name="L01_010__mTreeOakLeaf" type="NODE">
        <instance_controller url="#Armature_L01_010__mTreeOakLeaf-mesh">
          <skeleton>#Armature_Root</skeleton>
          <bind_material>
            <technique_common>
              <instance_material symbol="mTreeOakLeaf" target="#mTreeOakLeaf" />
              <bind_vertex_input semantic="CHANNEL0" input_semantic="TEXCOORD" input_set="0" />
              <bind_vertex_input semantic="CHANNEL1" input_semantic="TEXCOORD" input_set="1" />
              <bind_vertex_input semantic="CHANNEL2" input_semantic="TEXCOORD" input_set="2" />
            </technique_common>
          </bind_material>
        </instance_controller>
      </node>
      <node id="L01_017__mShadowShake" name="L01_017__mShadowShake" type="NODE">
        <instance_controller url="#Armature_L01_017__mShadowShake-mesh">
          <skeleton>#Armature_Root</skeleton>
          <bind_material>
            <technique_common>
              <instance_material symbol="mShadowShake" target="#mShadowShake" />
              <bind_vertex_input semantic="CHANNEL0" input_semantic="TEXCOORD" input_set="0" />
              <bind_vertex_input semantic="CHANNEL1" input_semantic="TEXCOORD" input_set="1" />
              <bind_vertex_input semantic="CHANNEL2" input_semantic="TEXCOORD" input_set="2" />
            </technique_common>
          </bind_material>
        </instance_controller>
      </node>
      <node id="LB014__mTreeOakLeafBack" name="LB014__mTreeOakLeafBack" type="NODE">
        <instance_controller url="#Armature_LB014__mTreeOakLeafBack-mesh">
          <skeleton>#Armature_Root</skeleton>
          <bind_material>
            <technique_common>
              <instance_material symbol="mTreeOakLeafBack" target="#mTreeOakLeafBack" />
              <bind_vertex_input semantic="CHANNEL0" input_semantic="TEXCOORD" input_set="0" />
              <bind_vertex_input semantic="CHANNEL1" input_semantic="TEXCOORD" input_set="1" />
              <bind_vertex_input semantic="CHANNEL2" input_semantic="TEXCOORD" input_set="2" />
            </technique_common>
          </bind_material>
        </instance_controller>
      </node>
      <node id="LB030__mShadow" name="LB030__mShadow" type="NODE">
        <instance_controller url="#Armature_LB030__mShadow-mesh">
          <skeleton>#Armature_Root</skeleton>
          <bind_material>
            <technique_common>
              <instance_material symbol="mShadow" target="#mShadow" />
              <bind_vertex_input semantic="CHANNEL0" input_semantic="TEXCOORD" input_set="0" />
              <bind_vertex_input semantic="CHANNEL1" input_semantic="TEXCOORD" input_set="1" />
              <bind_vertex_input semantic="CHANNEL2" input_semantic="TEXCOORD" input_set="2" />
            </technique_common>
          </bind_material>
        </instance_controller>
      </node>
      <node id="ShLeaf_010__mShadowShake" name="ShLeaf_010__mShadowShake" type="NODE">
        <instance_controller url="#Armature_ShLeaf_010__mShadowShake-mesh">
          <skeleton>#Armature_Root</skeleton>
          <bind_material>
            <technique_common>
              <instance_material symbol="mShadowShake" target="#mShadowShake" />
              <bind_vertex_input semantic="CHANNEL0" input_semantic="TEXCOORD" input_set="0" />
              <bind_vertex_input semantic="CHANNEL1" input_semantic="TEXCOORD" input_set="1" />
              <bind_vertex_input semantic="CHANNEL2" input_semantic="TEXCOORD" input_set="2" />
            </technique_common>
          </bind_material>
        </instance_controller>
      </node>
      <node id="TrunkBottom__mPltTreeOakTrunk" name="TrunkBottom__mPltTreeOakTrunk" type="NODE">
        <instance_controller url="#Armature_TrunkBottom__mPltTreeOakTrunk-mesh">
          <skeleton>#Armature_Root</skeleton>
          <bind_material>
            <technique_common>
              <instance_material symbol="mPltTreeOakTrunk" target="#mPltTreeOakTrunk" />
              <bind_vertex_input semantic="CHANNEL0" input_semantic="TEXCOORD" input_set="0" />
              <bind_vertex_input semantic="CHANNEL1" input_semantic="TEXCOORD" input_set="1" />
              <bind_vertex_input semantic="CHANNEL2" input_semantic="TEXCOORD" input_set="2" />
            </technique_common>
          </bind_material>
        </instance_controller>
      </node>
    </visual_scene>
  </library_visual_scenes>
  <scene>
    <instance_visual_scene url="#Scene" />
  </scene>
</COLLADA>