<?xml version="1.0" encoding="utf-8"?>
<COLLADA xmlns="http://www.collada.org/2005/11/COLLADASchema" version="1.4.1">
  <asset />
  <library_images>
    <image id="mPltTreeOakLeafColor_Grd">
      <init_from>mPltTreeOakLeafColor_Grd.png</init_from>
    </image>
    <image id="mPltTreeOakTrunkColor_Grd">
      <init_from>mPltTreeOakTrunkColor_Grd.png</init_from>
    </image>
    <image id="mPltTreeOakTrunk_AlbGry">
      <init_from>mPltTreeOakTrunk_AlbGry.png</init_from>
    </image>
    <image id="mPltTreeOakTrunk_Mix">
      <init_from>mPltTreeOakTrunk_Mix.png</init_from>
    </image>
    <image id="mPltTreeOakTrunk_Nrm">
      <init_from>mPltTreeOakTrunk_Nrm.png</init_from>
    </image>
    <image id="mTreeOakLeafBack_AlbGry">
      <init_from>mTreeOakLeafBack_AlbGry.png</init_from>
    </image>
    <image id="mTreeOakLeafBack_Mix">
      <init_from>mTreeOakLeafBack_Mix.png</init_from>
    </image>
    <image id="mTreeOakLeafBack_Nrm">
      <init_from>mTreeOakLeafBack_Nrm.png</init_from>
    </image>
    <image id="mTreeOakLeafBack_OP">
      <init_from>mTreeOakLeafBack_OP.png</init_from>
    </image>
    <image id="mTreeOakLeaf_AlbGry">
      <init_from>mTreeOakLeaf_AlbGry.png</init_from>
    </image>
    <image id="mTreeOakLeaf_Mix">
      <init_from>mTreeOakLeaf_Mix.png</init_from>
    </image>
    <image id="mTreeOakLeaf_Nrm">
      <init_from>mTreeOakLeaf_Nrm.png</init_from>
    </image>
    <image id="mTreeOakLeaf_OP">
      <init_from>mTreeOakLeaf_OP.png</init_from>
    </image>
  </library_images>
  <library_materials>
    <material id="mPltTreeOakTrunk">
      <instance_effect url="#Effect_mPltTreeOakTrunk" />
    </material>
  </library_materials>
  <library_effects>
    <effect id="Effect_mPltTreeOakTrunk">
      <profile_COMMON>
        <newparam sid="surface_mPltTreeOakTrunk-bump">
          <surface type="2D">
            <init_from>mPltTreeOakTrunk_Nrm</init_from>
            <format>A8R8G8B8</format>
          </surface>
        </newparam>
        <newparam sid="sampler_mPltTreeOakTrunk-bump">
          <sampler2D>
            <source>surface_mPltTreeOakTrunk-bump</source>
            <wrap_s>WRAP</wrap_s>
            <wrap_t>WRAP</wrap_t>
          </sampler2D>
        </newparam>
        <newparam sid="surface_mPltTreeOakTrunk-diffuse">
          <surface type="2D">
            <init_from>mPltTreeOakTrunk_AlbGry</init_from>
            <format>A8R8G8B8</format>
          </surface>
        </newparam>
        <newparam sid="sampler_mPltTreeOakTrunk-diffuse">
          <sampler2D>
            <source>surface_mPltTreeOakTrunk-diffuse</source>
            <wrap_s>WRAP</wrap_s>
            <wrap_t>WRAP</wrap_t>
          </sampler2D>
        </newparam>
        <newparam sid="surface_mPltTreeOakTrunk-specular">
          <surface type="2D">
            <init_from>mPltTreeOakTrunk_Mix</init_from>
            <format>A8R8G8B8</format>
          </surface>
        </newparam>
        <newparam sid="sampler_mPltTreeOakTrunk-specular">
          <sampler2D>
            <source>surface_mPltTreeOakTrunk-specular</source>
            <wrap_s>WRAP</wrap_s>
            <wrap_t>WRAP</wrap_t>
          </sampler2D>
        </newparam>
        <technique sid="common">
          <phong>
            <bump>
              <texture texture="sampler_mPltTreeOakTrunk-bump" texcoord="CHANNEL0" />
            </bump>
            <diffuse>
              <texture texture="sampler_mPltTreeOakTrunk-diffuse" texcoord="CHANNEL0" />
            </diffuse>
            <specular>
              <texture texture="sampler_mPltTreeOakTrunk-specular" texcoord="CHANNEL0" />
            </specular>
            <emission>
              <color sid="emission">0 0 0 1</color>
            </emission>
          </phong>
        </technique>
      </profile_COMMON>
    </effect>
  </library_effects>
  <library_geometries>
    <geometry id="TrunkBottom__mPltTreeOakTrunk-mesh" name="TrunkBottom__mPltTreeOakTrunk">
      <mesh>
        <source id="TrunkBottom__mPltTreeOakTrunk-position">
          <float_array id="TrunkBottom__mPltTreeOakTrunk-position-array" count="2919">1.736683 -0.221455 -2.38131 1.303468 0.5943577 -3.056058 1.476319 0.7093759 -2.456412 -0.3353365 0.2743086 -4.774578 0 -0.09607306 -5.140777 -0.003685607 -1.132379 -5.420376 0 -0.09607306 -5.140777 0.3353366 0.2743086 -4.774578 -0.003685607 -1.132379 -5.420376 1.88278 2.187757 -2.345029 1.476319 0.7093759 -2.456412 0.976476 1.390675 -2.78323 0.976476 1.390675 -2.78323 1.106627 2.779917 -2.671631 1.88278 2.187757 -2.345029 1.736683 -0.221455 -2.38131 1.53186 -0.6152585 -3.135856 1.303468 0.5943577 -3.056058 -1.214945 1.641403 2.645813 -1.074625 1.247991 3.07511 -0.8638875 1.451886 2.816313 -0.8638875 1.451886 2.816313 -1.074625 1.247991 3.07511 -0.4480533 0.9878864 2.789362 -0.4480533 0.9878864 2.789362 -0.6930427 0.5943577 3.262759 -0.1824413 0.7093762 2.836432 -0.1824413 0.7093762 2.836432 -0.6930427 0.5943577 3.262759 0.09180071 -0.2214555 2.974992 -0.5546783 -0.6152586 3.507343 0.09180071 -0.2214555 2.974992 -0.6930427 0.5943577 3.262759 -2.41177 1.451886 1.691711 -2.589235 1.247991 1.974681 -2.139547 1.641402 1.97169 -2.514385 0.9878864 1.288084 -2.589235 1.247991 1.974681 -2.41177 1.451886 1.691711 -2.81966 -0.2214555 0.9290666 -2.885443 0.5943577 1.681098 -2.612602 0.7093762 1.138124 -2.885443 0.5943577 1.681098 -2.81966 -0.2214555 0.9290666 -3.157605 -0.6152586 1.616206 -2.46813 0.3696948 4.108501 -1.753059 0.4177931 3.954512 -1.955097 0.8151924 3.808177 -2.46813 0.3696948 4.108501 -2.81504 0.5276479 3.87457 -3.069782 0.000115633 4.225193 -2.81504 0.5276479 3.87457 -3.144722 0.3696948 3.616929 -3.069782 0.000115633 4.225193 -3.015249 0.8151923 3.040119 -3.23631 0.4177931 2.879962 -3.144722 0.3696948 3.616929 -2.46813 0.3696948 4.108501 -3.069782 0.000115633 4.225193 -2.769075 -0.003579372 4.25894 -2.944024 -1.109741 4.461403 -2.545575 -0.01865425 4.258307 -2.769075 -0.003579372 4.25894 -3.069782 0.000115633 4.225193 -3.144722 0.3696948 3.616929 -3.194946 -0.003579372 3.949526 -3.407818 -0.9773155 2.931121 -3.295662 -0.001276588 3.18503 -3.23631 0.4177931 2.879962 -2.769075 -0.003579372 4.25894 -3.069782 0.000115633 4.225193 -3.231464 -1.132379 4.456756 -2.769075 -0.003579372 4.25894 -3.231464 -1.132379 4.456756 -2.944024 -1.109741 4.461403 -3.231464 -1.132379 4.456756 -3.069782 0.000115633 4.225193 -3.194946 -0.003579372 3.949526 -3.144722 0.3696948 3.616929 -3.26341 -0.01865425 3.736769 -3.194946 -0.003579372 3.949526 -3.324707 -1.109741 4.184821 -3.231464 -1.132379 4.456756 -3.194946 -0.003579372 3.949526 -3.194946 -0.003579372 3.949526 -3.26341 -0.01865425 3.736769 -3.324707 -1.109741 4.184821 -1.735626 1.787887 2.388884 -2.16357 2.779917 1.889065 -2.139547 1.641402 1.97169 0.09180071 -0.2214555 2.974992 0.09263979 0.7263622 2.880001 -0.1824413 0.7093762 2.836432 -0.8638875 1.451886 2.816313 -1.128028 2.779917 2.64143 -1.214945 1.641403 2.645813 -2.769833 2.384408 0.9541618 -2.722811 1.524491 0.8894402 -2.41177 1.451886 1.691711 -2.612602 0.7093762 1.138124 -2.739043 0.7263622 0.8899691 -2.81966 -0.2214555 0.9290666 -1.214945 1.641403 2.645813 -1.128028 2.779917 2.64143 -1.735626 1.787887 2.388884 -2.41177 1.451886 1.691711 -2.722811 1.524491 0.8894402 -2.514385 0.9878864 1.288084 -0.4480533 0.9878864 2.789362 -1.074625 1.247991 3.07511 -0.6930427 0.5943577 3.262759 -1.753059 0.4177931 3.954512 -2.46813 0.3696948 4.108501 -2.01393 -0.002878428 4.11534 -2.259582 -1.063369 4.502512 -2.01393 -0.002878428 4.11534 -2.545575 -0.01865425 4.258307 -1.753059 0.4177931 3.954512 -2.01393 -0.002878428 4.11534 -1.726002 -0.9773155 4.153032 -3.575309 -1.063369 3.546581 -3.295662 -0.001276588 3.18503 -3.407818 -0.9773155 2.931121 -2.545575 -0.01865425 4.258307 -2.46813 0.3696948 4.108501 -2.769075 -0.003579372 4.25894 -2.944024 -1.109741 4.461403 -2.259582 -1.063369 4.502512 -2.545575 -0.01865425 4.258307 -3.324707 -1.109741 4.184821 -3.26341 -0.01865425 3.736769 -3.575309 -1.063369 3.546581 -2.545575 -0.01865425 4.258307 -2.01393 -0.002878428 4.11534 -2.46813 0.3696948 4.108501 -3.26341 -0.01865425 3.736769 -3.295662 -0.001276588 3.18503 -3.575309 -1.063369 3.546581 -0.4480533 0.9878864 2.789362 0 1.514908 2.891647 -0.8638875 1.451886 2.816313 2.119718 1.328135 1.988457 2.418759 1.037082 2.153794 2.376779 1.185254 1.717133 2.376779 1.185254 1.717133 2.418759 1.037082 2.153794 2.526338 0.9164779 1.367592 2.526338 0.9164779 1.367592 2.704311 0.5719503 1.878891 2.630873 0.6571515 1.195846 2.630873 0.6571515 1.195846 2.704311 0.5719503 1.878891 2.812289 -0.2214555 0.9290664 2.941346 -0.5650187 1.858078 2.812289 -0.2214555 0.9290664 2.704311 0.5719503 1.878891 0.8965025 1.185254 2.792617 1.082175 1.037082 3.034288 1.233303 1.328135 2.630115 0.5894247 0.9410508 2.83052 1.082175 1.037082 3.034288 0.8965025 1.185254 2.792617 0.09180071 -0.2214555 2.974992 0.7340686 0.5719503 3.187679 0.4096593 0.6256762 2.894154 0.7340686 0.5719503 3.187679 0.09180071 -0.2214555 2.974992 0.5905358 -0.5650187 3.406708 2.820152 0.2374556 3.672029 2.944896 0.3668713 3.008932 2.725198 0.6375457 3.155305 3.048469 -1.001089 3.740608 2.944896 0.3668713 3.008932 2.820152 0.2374556 3.672029 2.944896 0.3668713 3.008932 3.048469 -1.001089 3.740608 3.069533 -0.923473 3.091587 2.820152 0.2374556 3.672029 2.573053 0.3870144 3.851822 2.743446 -0.007418841 4.112936 3.048469 -1.001089 3.740608 2.820152 0.2374556 3.672029 2.790485 -0.01075154 4.009697 2.573053 0.3870144 3.851822 2.311749 0.2374556 4.009845 2.743446 -0.007418841 4.112936 1.879633 0.6375456 3.719037 1.646287 0.3668713 3.874477 2.311749 0.2374556 4.009845 2.820152 0.2374556 3.672029 2.743446 -0.007418841 4.112936 2.790485 -0.01075154 4.009697 2.988131 -1.042914 4.11303 3.048469 -1.001089 3.740608 2.790485 -0.01075154 4.009697 2.743446 -0.007418841 4.112936 2.311749 0.2374556 4.009845 2.630875 -0.01075154 4.115753 2.311749 0.2374556 4.009845 1.646287 0.3668713 3.874477 2.268547 -1.001089 4.258837 2.790485 -0.01075154 4.009697 2.743446 -0.007418841 4.112936 2.88985 -1.063333 4.354236 2.790485 -0.01075154 4.009697 2.88985 -1.063333 4.354236 2.988131 -1.042914 4.11303 2.88985 -1.063333 4.354236 2.743446 -0.007418841 4.112936 2.630875 -0.01075154 4.115753 2.311749 0.2374556 4.009845 2.268547 -1.001089 4.258837 2.630875 -0.01075154 4.115753 1.646287 0.3668713 3.874477 1.66937 -0.923473 4.021944 2.268547 -1.001089 4.258837 2.631431 -1.042914 4.350044 2.88985 -1.063333 4.354236 2.630875 -0.01075154 4.115753 2.630875 -0.01075154 4.115753 2.268547 -1.001089 4.258837 2.631431 -1.042914 4.350044 1.735626 1.445186 2.47401 1.128028 2.779917 2.64143 1.233303 1.328135 2.630115 2.812289 -0.2214555 0.9290664 2.684827 0.7263622 0.8899691 2.630873 0.6571515 1.195846 2.376779 1.185254 1.717133 2.16357 2.779917 1.889065 2.119718 1.328135 1.988457 0.4096593 0.6256762 2.894154 0.09263979 0.7263622 2.880001 0.09180071 -0.2214555 2.974992 2.376779 1.185254 1.717133 2.769833 2.384408 0.9541616 2.16357 2.779917 1.889065 2.119718 1.328135 1.988457 2.16357 2.779917 1.889065 1.735626 1.445186 2.47401 2.376779 1.185254 1.717133 2.722811 1.524491 0.8894402 2.769833 2.384408 0.9541616 0.8965025 1.185254 2.792617 0 1.514908 2.891647 0.5894247 0.9410508 2.83052 2.526338 0.9164779 1.367592 2.418759 1.037082 2.153794 2.704311 0.5719503 1.878891 2.526338 0.9164779 1.367592 2.722811 1.524491 0.8894402 2.376779 1.185254 1.717133 -2.883673 1.328135 -0.3627569 -3.222786 1.037082 -0.320745 -2.93216 1.215893 0.007845593 -2.93216 1.215893 0.007845593 -3.222786 1.037082 -0.320745 -2.8477 0.9164779 0.3785392 -2.8477 0.9164779 0.3785392 -3.292218 0.5719503 0.06949892 -2.850468 0.6571515 0.5928397 -2.850468 0.6571515 0.5928397 -3.292218 0.5719503 0.06949892 -2.81966 -0.2214555 0.9290666 -3.470129 -0.5650187 0.2533387 -2.81966 -0.2214555 0.9290666 -3.292218 0.5719503 0.06949892 -2.366745 1.215893 -1.732324 -2.659008 1.037082 -1.818704 -2.543706 1.328135 -1.402891 -1.743867 -0.2215063 -2.381053 -2.467545 0.5719503 -2.147412 -1.957615 0.6571515 -2.155081 -2.467545 0.5719503 -2.147412 -1.743867 -0.2215063 -2.381053 -2.478546 -0.5650187 -2.381302 -4.511624 0.2746138 -1.327411 -4.214112 0.4079158 -0.6993205 -4.119655 0.6867183 -0.9543077 -4.739729 -0.9904856 -1.217472 -4.214112 0.4079158 -0.6993205 -4.511624 0.2746138 -1.327411 -4.214112 0.4079158 -0.6993205 -4.739729 -0.9904856 -1.217472 -4.364341 -0.9105389 -0.6638832 -4.511624 0.2746138 -1.327411 -4.414567 0.4286637 -1.626837 -4.714645 0.022386 -1.741264 -4.739729 -0.9904856 -1.217472 -4.511624 0.2746138 -1.327411 -4.700223 0.01895322 -1.602861 -4.414567 0.4286637 -1.626837 -4.292491 0.2746138 -1.916722 -4.714645 0.022386 -1.741264 -3.756339 0.6867182 -1.936007 -3.655998 0.4079158 -2.206814 -4.292491 0.2746138 -1.916722 -4.511624 0.2746138 -1.327411 -4.714645 0.022386 -1.741264 -4.700223 0.01895322 -1.602861 -4.914927 -1.033567 -1.564347 -4.739729 -0.9904856 -1.217472 -4.700223 0.01895322 -1.602861 -4.714645 0.022386 -1.741264 -4.292491 0.2746138 -1.916722 -4.613658 0.01895322 -1.835659 -4.292491 0.2746138 -1.916722 -3.655998 0.4079158 -2.206814 -4.403566 -0.9904856 -2.121512 -4.700223 0.01895322 -1.602861 -4.714645 0.022386 -1.741264 -4.979063 -1.054599 -1.824849 -4.700223 0.01895322 -1.602861 -4.979063 -1.054599 -1.824849 -4.914927 -1.033567 -1.564347 -4.979063 -1.054599 -1.824849 -4.714645 0.022386 -1.741264 -4.613658 0.01895322 -1.835659 -4.292491 0.2746138 -1.916722 -4.403566 -0.9904856 -2.121512 -4.613658 0.01895322 -1.835659 -3.655998 0.4079158 -2.206814 -3.760841 -0.9105389 -2.286869 -4.403566 -0.9904856 -2.121512 -4.761182 -1.033567 -1.977812 -4.979063 -1.054599 -1.824849 -4.613658 0.01895322 -1.835659 -4.613658 0.01895322 -1.835659 -4.403566 -0.9904856 -2.121512 -4.761182 -1.033567 -1.977812 -2.808302 1.455664 -0.9124727 -2.671632 2.779917 -1.106627 -2.543706 1.328135 -1.402891 -2.81966 -0.2214555 0.9290666 -2.739043 0.7263622 0.8899691 -2.850468 0.6571515 0.5928397 -2.93216 1.215893 0.007845593 -2.891754 2.779917 -1.04426E-06 -2.883673 1.328135 -0.3627569 -2.93216 1.215893 0.007845593 -2.769833 2.384408 0.9541618 -2.891754 2.779917 -1.04426E-06 -2.883673 1.328135 -0.3627569 -2.891754 2.779917 -1.04426E-06 -2.808302 1.455664 -0.9124727 -2.93216 1.215893 0.007845593 -2.722811 1.524491 0.8894402 -2.769833 2.384408 0.9541618 -2.8477 0.9164779 0.3785392 -3.222786 1.037082 -0.320745 -3.292218 0.5719503 0.06949892 -2.8477 0.9164779 0.3785392 -2.722811 1.524491 0.8894402 -2.93216 1.215893 0.007845593 2.538081 1.641403 -1.426381 2.676895 1.247991 -1.856167 2.354287 1.451886 -1.770665 1.889758 0.7093762 -2.133033 2.478485 0.5943577 -2.232267 1.736683 -0.221455 -2.38131 2.945525 1.451886 0.04897986 3.255424 1.247991 -0.0756362 2.88986 1.641402 -0.3375361 2.791297 0.9878864 0.4358362 3.255424 1.247991 -0.0756362 2.945525 1.451886 0.04897986 2.812289 -0.2214555 0.9290664 3.322498 0.5943577 0.3359841 2.758945 0.7093762 0.6148875 3.322498 0.5943577 0.3359841 2.812289 -0.2214555 0.9290664 3.489583 -0.6152586 0.5717981 3.8225 -0.9773155 -2.322013 4.04824 -0.002878428 -2.145622 4.459595 -1.063369 -2.291118 4.411676 0.3696948 -1.873116 4.55483 0.5276479 -1.479954 4.967012 0.000115633 -1.61388 4.55483 0.5276479 -1.479954 4.670111 0.3696948 -1.077735 4.967012 0.000115633 -1.61388 4.226325 0.8151923 -0.6871892 4.311029 0.4177931 -0.4276834 4.670111 0.3696948 -1.077735 4.411676 0.3696948 -1.873116 4.967012 0.000115633 -1.61388 4.743571 -0.003579372 -1.817933 4.989156 -1.109741 -1.855555 4.562383 -0.01865425 -1.948792 4.743571 -0.003579372 -1.817933 4.967012 0.000115633 -1.61388 4.670111 0.3696948 -1.077735 4.90624 -0.003579372 -1.317291 4.464897 -0.9773155 -0.3449185 4.538361 -0.001276588 -0.6396021 4.311029 0.4177931 -0.4276834 4.743571 -0.003579372 -1.817933 4.967012 0.000115633 -1.61388 5.218969 -1.132379 -1.682842 4.743571 -0.003579372 -1.817933 5.218969 -1.132379 -1.682842 4.989156 -1.109741 -1.855555 5.218969 -1.132379 -1.682842 4.967012 0.000115633 -1.61388 4.90624 -0.003579372 -1.317291 4.670111 0.3696948 -1.077735 4.836572 -0.01865425 -1.104925 4.90624 -0.003579372 -1.317291 5.134565 -1.109741 -1.408035 5.218969 -1.132379 -1.682842 4.90624 -0.003579372 -1.317291 4.90624 -0.003579372 -1.317291 4.836572 -0.01865425 -1.104925 5.134565 -1.109741 -1.408035 2.808302 1.787887 -0.9124725 2.891754 2.779917 0 2.88986 1.641402 -0.3375361 1.476319 0.7093759 -2.456412 1.889758 0.7093762 -2.133033 1.736683 -0.221455 -2.38131 2.769833 2.384408 0.9541616 2.722811 1.524491 0.8894402 2.945525 1.451886 0.04897986 2.758945 0.7093762 0.6148875 2.684827 0.7263622 0.8899691 2.812289 -0.2214555 0.9290664 2.538081 1.641403 -1.426381 2.671633 2.779917 -1.106624 2.808302 1.787887 -0.9124725 2.945525 1.451886 0.04897986 2.722811 1.524491 0.8894402 2.791297 0.9878864 0.4358362 4.459595 -1.063369 -2.291118 4.04824 -0.002878428 -2.145622 4.562383 -0.01865425 -1.948792 3.742658 0.4177931 -2.168845 4.04824 -0.002878428 -2.145622 3.8225 -0.9773155 -2.322013 4.670111 0.3696948 -1.077735 4.538361 -0.001276588 -0.6396021 4.836572 -0.01865425 -1.104925 4.538361 -0.001276588 -0.6396021 4.670111 0.3696948 -1.077735 4.311029 0.4177931 -0.4276834 4.962158 -1.063369 -0.7443884 4.538361 -0.001276588 -0.6396021 4.464897 -0.9773155 -0.3449185 4.562383 -0.01865425 -1.948792 4.411676 0.3696948 -1.873116 4.743571 -0.003579372 -1.817933 4.989156 -1.109741 -1.855555 4.459595 -1.063369 -2.291118 4.562383 -0.01865425 -1.948792 5.134565 -1.109741 -1.408035 4.836572 -0.01865425 -1.104925 4.962158 -1.063369 -0.7443884 4.836572 -0.01865425 -1.104925 4.538361 -0.001276588 -0.6396021 4.962158 -1.063369 -0.7443884 0 -0.09607306 -5.140777 0 0.4401259 -4.789232 0.3353366 0.2743086 -4.774578 -0.3353365 0.2743086 -4.774578 0 0.4401259 -4.789232 0 -0.09607306 -5.140777 -0.9073609 4 -1.284027 -1.898912 4 -1.984858 -2.014442 4 -1.911604 -0.9073609 4 -1.284027 -1.090207 4 -2.497631 -1.205116 4 -2.424377 -1.476158 0.709376 -2.456411 -1.743867 -0.2215063 -2.381053 -1.957615 0.6571515 -2.155081 -2.366745 1.215893 -1.732324 -1.476158 0.709376 -2.456411 -2.044778 2.779917 -2.04478 -0.9763148 1.390675 -2.783229 -1.575701 2.779917 -2.358206 -1.106625 2.779917 -2.671633 -1.726002 -0.9773155 4.153032 -2.01393 -0.002878428 4.11534 -2.259582 -1.063369 4.502512 -1.106253 -0.8529455 3.846013 -1.753059 0.4177931 3.954512 -1.163031 0.5255033 3.631273 -1.735626 1.787887 2.388884 -1.128028 2.779917 2.64143 -2.16357 2.779917 1.889065 -1.128028 2.779917 2.64143 -2.014444 4 1.911603 -1.09021 4 2.49763 1.735626 1.445186 2.47401 2.16357 2.779917 1.889065 1.128028 2.779917 2.64143 2.014444 4 1.911604 1.128028 2.779917 2.64143 1.090209 4 2.497631 2.495353 -0.6152586 -2.488126 1.736683 -0.221455 -2.38131 2.478485 0.5943577 -2.232267 1.889758 0.7093762 -2.133033 2.676895 1.247991 -1.856167 2.354287 1.451886 -1.770665 3.742658 0.4177931 -2.168845 4.411676 0.3696948 -1.873116 4.04824 -0.002878428 -2.145622 4.411676 0.3696948 -1.873116 3.820097 0.8151924 -1.931702 4.562383 -0.01865425 -1.948792 4.04824 -0.002878428 -2.145622 -0.3353365 0.2743086 -4.774578 -0.9235646 0.4177931 -4.019478 -0.6522086 0.7874426 -4.019478 -1.303307 0.5943577 -3.056058 -0.9235646 0.4177931 -4.019478 -0.9763148 1.390675 -2.783229 -1.476158 0.709376 -2.456411 0.6536412 0.7874426 -4.019478 0.9249972 0.4177931 -4.019478 0.3353366 0.2743086 -4.774578 0.9249972 0.4177931 -4.019478 1.303468 0.5943577 -3.056058 0.976476 1.390675 -2.78323 1.476319 0.7093759 -2.456412 -1.056772 -0.9773158 -4.135372 -1.539231 -0.6152585 -3.135856 -0.9235646 0.4177931 -4.019478 -1.303307 0.5943577 -3.056058 1.303468 0.5943577 -3.056058 1.53186 -0.6152585 -3.135856 0.9249972 0.4177931 -4.019478 1.049401 -0.9773158 -4.135372 0.0007163024 0.971986 -4.019477 0 0.4401259 -4.789232 -0.6522086 0.7874426 -4.019478 -0.3353365 0.2743086 -4.774578 -0.003685607 -1.132379 -5.420376 -1.056772 -0.9773158 -4.135372 -0.3353365 0.2743086 -4.774578 -0.9235646 0.4177931 -4.019478 0.976476 1.390675 -2.78323 0.6536412 0.7874426 -4.019478 0 1.690841 -2.949826 0.0007163024 0.971986 -4.019477 0.0007163024 0.971986 -4.019477 0.6536412 0.7874426 -4.019478 0 0.4401259 -4.789232 0.3353366 0.2743086 -4.774578 0.9249972 0.4177931 -4.019478 1.049401 -0.9773158 -4.135372 0.3353366 0.2743086 -4.774578 -0.003685607 -1.132379 -5.420376 -0.9763148 1.390675 -2.783229 -1.106625 2.779917 -2.671633 0 1.690841 -2.949826 1.465077E-06 2.779917 -2.891754 -1.106625 2.779917 -2.671633 1.443342E-06 4 -2.703415 -1.090208 4 -2.497631 -1.539231 -0.6152585 -3.135856 -1.743867 -0.2215063 -2.381053 -1.303307 0.5943577 -3.056058 -1.476158 0.709376 -2.456411 1.106627 2.779917 -2.671631 0.976476 1.390675 -2.78323 0 1.690841 -2.949826 1.465077E-06 2.779917 -2.891754 1.443342E-06 4 -2.703415 1.106627 2.779917 -2.671631 1.090211 4 -2.49763 -0.9763148 1.390675 -2.783229 0 1.690841 -2.949826 -0.6522086 0.7874426 -4.019478 0.0007163024 0.971986 -4.019477 1.88278 2.187757 -2.345029 2.014445 4 -1.911602 2.671633 2.779917 -1.106624 2.631999 4 -1.034551 1.88278 2.187757 -2.345029 1.106627 2.779917 -2.671631 2.014445 4 -1.911602 1.090211 4 -2.49763 -1.575701 2.779917 -2.358206 -1.205737 4 -2.424377 -1.106625 2.779917 -2.671633 -1.090208 4 -2.497631 -2.769833 2.384408 0.9541618 -2.631998 4 1.034552 -2.891754 2.779917 -1.04426E-06 -2.848854 4 0 -2.769833 2.384408 0.9541618 -2.16357 2.779917 1.889065 -2.631998 4 1.034552 -2.014444 4 1.911603 0 2.364737 2.855104 0 4 2.703416 -1.128028 2.779917 2.64143 -1.09021 4 2.49763 0 2.364737 2.855104 1.128028 2.779917 2.64143 0 4 2.703416 1.090209 4 2.497631 2.769833 2.384408 0.9541616 2.631998 4 1.034552 2.16357 2.779917 1.889065 2.014444 4 1.911604 2.769833 2.384408 0.9541616 2.891754 2.779917 0 2.631998 4 1.034552 2.848854 4 0 -1.735626 1.787887 2.388884 -1.833575 1.512112 2.5237 -1.214945 1.641403 2.645813 -1.074625 1.247991 3.07511 -2.589235 1.247991 1.974681 -1.833575 1.512112 2.5237 -2.139547 1.641402 1.97169 -1.735626 1.787887 2.388884 -1.074625 1.247991 3.07511 -1.833575 1.512112 2.5237 -1.47668 1.107759 3.42135 -2.137437 1.356638 2.941929 -0.6930427 0.5943577 3.262759 -1.074625 1.247991 3.07511 -1.163031 0.5255033 3.631273 -1.47668 1.107759 3.42135 -2.137437 1.356638 2.941929 -1.833575 1.512112 2.5237 -2.794955 1.107759 2.464971 -2.589235 1.247991 1.974681 -1.106253 -0.8529455 3.846013 -0.5546783 -0.6152586 3.507343 -1.163031 0.5255033 3.631273 -0.6930427 0.5943577 3.262759 -2.137437 1.356638 2.941929 -2.486815 1.001689 3.422808 -1.47668 1.107759 3.42135 -1.955097 0.8151924 3.808177 -1.47668 1.107759 3.42135 -1.955097 0.8151924 3.808177 -1.163031 0.5255033 3.631273 -1.753059 0.4177931 3.954512 -2.612602 0.7093762 1.138124 -2.885443 0.5943577 1.681098 -2.514385 0.9878864 1.288084 -2.589235 1.247991 1.974681 -2.137437 1.356638 2.941929 -2.794955 1.107759 2.464971 -2.486815 1.001689 3.422808 -3.015249 0.8151923 3.040119 -2.794955 1.107759 2.464971 -2.589235 1.247991 1.974681 -3.096973 0.5255033 2.245773 -2.885443 0.5943577 1.681098 -2.486815 1.001689 3.422808 -2.81504 0.5276479 3.87457 -1.955097 0.8151924 3.808177 -2.46813 0.3696948 4.108501 -2.486815 1.001689 3.422808 -3.015249 0.8151923 3.040119 -2.81504 0.5276479 3.87457 -3.144722 0.3696948 3.616929 -2.794955 1.107759 2.464971 -3.096973 0.5255033 2.245773 -3.015249 0.8151923 3.040119 -3.23631 0.4177931 2.879962 -2.885443 0.5943577 1.681098 -3.157605 -0.6152586 1.616206 -3.096973 0.5255033 2.245773 -3.309253 -0.8529455 2.24544 -3.096973 0.5255033 2.245773 -3.309253 -0.8529455 2.24544 -3.23631 0.4177931 2.879962 -3.407818 -0.9773155 2.931121 -2.41177 1.451886 1.691711 -2.139547 1.641402 1.97169 -2.769833 2.384408 0.9541618 -2.16357 2.779917 1.889065 0 1.514908 2.891647 -0.4480533 0.9878864 2.789362 0.09263979 0.7263622 2.880001 -0.1824413 0.7093762 2.836432 -1.128028 2.779917 2.64143 -0.8638875 1.451886 2.816313 0 2.364737 2.855104 0 1.514908 2.891647 -2.722811 1.524491 0.8894402 -2.739043 0.7263622 0.8899691 -2.514385 0.9878864 1.288084 -2.612602 0.7093762 1.138124 -3.144722 0.3696948 3.616929 -3.295662 -0.001276588 3.18503 -3.26341 -0.01865425 3.736769 -3.23631 0.4177931 2.879962 1.735626 1.445186 2.47401 1.752142 1.228683 2.592938 2.119718 1.328135 1.988457 2.418759 1.037082 2.153794 1.082175 1.037082 3.034288 1.752142 1.228683 2.592938 1.233303 1.328135 2.630115 1.735626 1.445186 2.47401 2.418759 1.037082 2.153794 1.752142 1.228683 2.592938 2.591594 0.8998669 2.610253 2.012537 1.117782 2.992639 2.704311 0.5719503 1.878891 2.418759 1.037082 2.153794 2.879972 0.5079822 2.403182 2.591594 0.8998669 2.610253 2.012537 1.117782 2.992639 1.752142 1.228683 2.592938 1.431234 0.8998669 3.376611 1.082175 1.037082 3.034288 3.068465 -0.7949951 2.440847 2.941346 -0.5650187 1.858078 2.879972 0.5079822 2.403182 2.704311 0.5719503 1.878891 2.591594 0.8998669 2.610253 2.012537 1.117782 2.992639 2.725198 0.6375457 3.155305 2.302394 0.7689623 3.437058 2.879972 0.5079822 2.403182 2.591594 0.8998669 2.610253 2.944896 0.3668713 3.008932 2.725198 0.6375457 3.155305 0.4096593 0.6256762 2.894154 0.7340686 0.5719503 3.187679 0.5894247 0.9410508 2.83052 1.082175 1.037082 3.034288 2.302394 0.7689623 3.437058 2.012537 1.117782 2.992639 1.879633 0.6375456 3.719037 1.431234 0.8998669 3.376611 1.431234 0.8998669 3.376611 1.082175 1.037082 3.034288 1.145274 0.5079822 3.565366 0.7340686 0.5719503 3.187679 3.069533 -0.923473 3.091587 3.068465 -0.7949951 2.440847 2.944896 0.3668713 3.008932 2.879972 0.5079822 2.403182 2.302394 0.7689623 3.437058 2.573053 0.3870144 3.851822 2.725198 0.6375457 3.155305 2.820152 0.2374556 3.672029 2.302394 0.7689623 3.437058 1.879633 0.6375456 3.719037 2.573053 0.3870144 3.851822 2.311749 0.2374556 4.009845 1.879633 0.6375456 3.719037 1.431234 0.8998669 3.376611 1.646287 0.3668713 3.874477 1.145274 0.5079822 3.565366 0.7340686 0.5719503 3.187679 0.5905358 -0.5650187 3.406708 1.145274 0.5079822 3.565366 1.073153 -0.7949951 3.756373 1.145274 0.5079822 3.565366 1.073153 -0.7949951 3.756373 1.646287 0.3668713 3.874477 1.66937 -0.923473 4.021944 2.722811 1.524491 0.8894402 2.526338 0.9164779 1.367592 2.684827 0.7263622 0.8899691 2.630873 0.6571515 1.195846 0 1.514908 2.891647 0.09263979 0.7263622 2.880001 0.5894247 0.9410508 2.83052 0.4096593 0.6256762 2.894154 -2.808302 1.455664 -0.9124727 -2.941603 1.228683 -1.067847 -2.883673 1.328135 -0.3627569 -3.222786 1.037082 -0.320745 -3.292218 0.5719503 0.06949892 -3.222786 1.037082 -0.320745 -3.742501 0.5079822 -0.2514097 -3.630912 0.8998669 -0.5884385 -3.387206 1.117782 -1.238156 -2.941603 1.228683 -1.067847 -3.142615 0.8998669 -1.890478 -2.659008 1.037082 -1.818704 -3.915513 -0.7949951 -0.1434125 -3.470129 -0.5650187 0.2533387 -3.742501 0.5079822 -0.2514097 -3.292218 0.5719503 0.06949892 -2.659008 1.037082 -1.818704 -2.366745 1.215893 -1.732324 -2.467545 0.5719503 -2.147412 -1.957615 0.6571515 -2.155081 -3.630912 0.8998669 -0.5884385 -3.387206 1.117782 -1.238156 -4.119655 0.6867183 -0.9543077 -3.937911 0.8220812 -1.445076 -3.742501 0.5079822 -0.2514097 -3.630912 0.8998669 -0.5884385 -4.214112 0.4079158 -0.6993205 -4.119655 0.6867183 -0.9543077 -3.937911 0.8220812 -1.445076 -3.387206 1.117782 -1.238156 -3.756339 0.6867182 -1.936007 -3.142615 0.8998669 -1.890478 -3.142615 0.8998669 -1.890478 -2.659008 1.037082 -1.818704 -3.022215 0.5079822 -2.211266 -2.467545 0.5719503 -2.147412 -4.364341 -0.9105389 -0.6638832 -3.915513 -0.7949951 -0.1434125 -4.214112 0.4079158 -0.6993205 -3.742501 0.5079822 -0.2514097 -3.937911 0.8220812 -1.445076 -4.414567 0.4286637 -1.626837 -4.119655 0.6867183 -0.9543077 -4.511624 0.2746138 -1.327411 -3.937911 0.8220812 -1.445076 -3.756339 0.6867182 -1.936007 -4.414567 0.4286637 -1.626837 -4.292491 0.2746138 -1.916722 -3.756339 0.6867182 -1.936007 -3.142615 0.8998669 -1.890478 -3.655998 0.4079158 -2.206814 -3.022215 0.5079822 -2.211266 -2.722811 1.524491 0.8894402 -2.8477 0.9164779 0.3785392 -2.739043 0.7263622 0.8899691 -2.850468 0.6571515 0.5928397 -2.366745 1.215893 -1.732324 -2.543706 1.328135 -1.402891 -2.044778 2.779917 -2.04478 -2.671632 2.779917 -1.106627 -2.044778 2.779917 -2.04478 -2.014443 4 -1.911604 -2.631998 4 -1.034553 2.808302 1.787887 -0.9124725 2.966788 1.512112 -0.9639677 2.538081 1.641403 -1.426381 2.676895 1.247991 -1.856167 3.255424 1.247991 -0.0756362 2.966788 1.512112 -0.9639677 2.88986 1.641402 -0.3375361 2.808302 1.787887 -0.9124725 2.676895 1.247991 -1.856167 2.966788 1.512112 -0.9639677 3.205679 1.107759 -1.89996 3.458445 1.356638 -1.123717 2.478485 0.5943577 -2.232267 2.676895 1.247991 -1.856167 3.07532 0.5255033 -2.254149 3.205679 1.107759 -1.89996 3.458445 1.356638 -1.123717 2.966788 1.512112 -0.9639677 3.71004 1.107759 -0.3513697 3.255424 1.247991 -0.0756362 3.458445 1.356638 -1.123717 4.023752 1.001689 -1.307396 3.205679 1.107759 -1.89996 3.820097 0.8151924 -1.931702 3.205679 1.107759 -1.89996 3.820097 0.8151924 -1.931702 3.07532 0.5255033 -2.254149 3.742658 0.4177931 -2.168845 2.758945 0.7093762 0.6148875 3.322498 0.5943577 0.3359841 2.791297 0.9878864 0.4358362 3.255424 1.247991 -0.0756362 3.458445 1.356638 -1.123717 3.71004 1.107759 -0.3513697 4.023752 1.001689 -1.307396 4.226325 0.8151923 -0.6871892 3.71004 1.107759 -0.3513697 3.255424 1.247991 -0.0756362 3.825537 0.5255033 0.003486919 3.322498 0.5943577 0.3359841 4.023752 1.001689 -1.307396 4.55483 0.5276479 -1.479954 3.820097 0.8151924 -1.931702 4.411676 0.3696948 -1.873116 4.023752 1.001689 -1.307396 4.226325 0.8151923 -0.6871892 4.55483 0.5276479 -1.479954 4.670111 0.3696948 -1.077735 3.71004 1.107759 -0.3513697 3.825537 0.5255033 0.003486919 4.226325 0.8151923 -0.6871892 4.311029 0.4177931 -0.4276834 3.322498 0.5943577 0.3359841 3.489583 -0.6152586 0.5717981 3.825537 0.5255033 0.003486919 3.982123 -0.8529455 0.1518736 3.825537 0.5255033 0.003486919 3.982123 -0.8529455 0.1518736 4.311029 0.4177931 -0.4276834 4.464897 -0.9773155 -0.3449185 2.769833 2.384408 0.9541616 2.945525 1.451886 0.04897986 2.891754 2.779917 0 2.88986 1.641402 -0.3375361 2.671633 2.779917 -1.106624 2.538081 1.641403 -1.426381 1.88278 2.187757 -2.345029 2.354287 1.451886 -1.770665 2.354287 1.451886 -1.770665 1.889758 0.7093762 -2.133033 1.88278 2.187757 -2.345029 1.476319 0.7093759 -2.456412 2.722811 1.524491 0.8894402 2.684827 0.7263622 0.8899691 2.791297 0.9878864 0.4358362 2.758945 0.7093762 0.6148875 -1.575701 2.779917 -2.358206 -2.044778 2.779917 -2.04478 -1.898914 4 -1.984857 -2.014443 4 -1.911604 -1.898912 4 -1.984858 -0.9073609 2.803414 -1.528372 -1.5757 2.779917 -2.358206 -0.9073609 4 -1.284027 -0.9073609 4 -1.284027 -1.205116 4 -2.424377 -0.9073609 2.803414 -1.528372 -1.5757 2.779917 -2.358206 2.631999 4 -1.034551 2.848854 4 0 2.891754 2.779917 0 2.671633 2.779917 -1.106624 2.808302 1.787887 -0.9124725 0 1.514908 2.891647 0.8965025 1.185254 2.792617 0 2.364737 2.855104 1.233303 1.328135 2.630115 1.128028 2.779917 2.64143 -3.760841 -0.9105389 -2.286869 -3.655998 0.4079158 -2.206814 -2.478546 -0.5650187 -2.381302 -3.022215 0.5079822 -2.211266 -2.467545 0.5719503 -2.147412 3.742658 0.4177931 -2.168845 3.8225 -0.9773155 -2.322013 3.07532 0.5255033 -2.254149 2.495353 -0.6152586 -2.488126 2.478485 0.5943577 -2.232267 -2.891754 2.779917 -1.04426E-06 -2.848854 4 0 -2.631998 4 -1.034553 -2.671632 2.779917 -1.106627 -2.808302 1.455664 -0.9124727 -2.659008 1.037082 -1.818704 -2.941603 1.228683 -1.067847 -2.543706 1.328135 -1.402891 -2.808302 1.455664 -0.9124727 -3.387206 1.117782 -1.238156 -3.630912 0.8998669 -0.5884385 -3.222786 1.037082 -0.320745 2.631999 4 -1.034551 2.014446 4 -1.911602 2.848856 4 0 1.090212 4 -2.49763 2.014446 4 1.911604 2.631999 4 1.034552 1.090208 4 2.497631 1.525879E-06 4 2.703416 -2.014442 4 1.911603 -1.090208 4 2.49763 1.525879E-06 4 0 -2.631996 4 1.034552 -2.848853 4 -9.637811E-07 1.525879E-06 4 0 -2.631996 4 -1.034553 3.051758E-06 4 -2.703415 -2.014442 4 -1.911604 -1.090207 4 -2.497631 -0.9073609 4 -1.284027</float_array>
          <technique_common>
            <accessor source="#TrunkBottom__mPltTreeOakTrunk-position-array" count="973" stride="3">
              <param name="X" type="float" />
              <param name="Y" type="float" />
              <param name="Z" type="float" />
            </accessor>
          </technique_common>
        </source>
        <source id="TrunkBottom__mPltTreeOakTrunk-normal">
          <float_array id="TrunkBottom__mPltTreeOakTrunk-normal-array" count="2919">0.3287671 -0.7984344 -0.5029354 0.9041096 0.2407045 -0.3542074 0.8023483 0.04305284 -0.5968689 -0.5636008 0.4109589 -0.7162427 0 0.369863 -0.9295499 0 -0.1311155 -0.9921722 0 0.369863 -0.9295499 0.5636008 0.4109589 -0.7162427 0 -0.1311155 -0.9921722 0.6575342 0.04696673 -0.7514677 0.8023483 0.04305284 -0.5968689 0.5127202 0.1017613 -0.853229 0.5127202 0.1017613 -0.853229 0.3659491 0.1213307 -0.9236791 0.6575342 0.04696673 -0.7514677 0.3287671 -0.7984344 -0.5029354 0.9138943 -0.1232877 -0.3855186 0.9041096 0.2407045 -0.3542074 -0.3679061 0.3091977 0.8767123 0.2563601 0.7162427 0.6497065 -0.09197652 0.1272016 0.9882583 -0.09197652 0.1272016 0.9882583 0.2563601 0.7162427 0.6497065 0.1409002 0.18591 0.9726027 0.1409002 0.18591 0.9726027 0.5459883 0.2915851 0.7866927 0.1917808 0.007827789 0.9804305 0.1917808 0.007827789 0.9804305 0.5459883 0.2915851 0.7866927 0.05870841 -0.8003914 0.5968689 0.55773 -0.111546 0.8219178 0.05870841 -0.8003914 0.5968689 0.5459883 0.2915851 0.7866927 -0.8825831 0.109589 0.4559687 -0.7064579 0.704501 -0.05675147 -0.7906067 0.2054795 0.5792564 -0.960861 0.2739726 0.04892368 -0.7064579 0.704501 -0.05675147 -0.8825831 0.109589 0.4559687 -0.5851272 -0.8043053 0.09589041 -0.9021527 0.297456 -0.3111546 -0.9941292 0.109589 -0.01369863 -0.9021527 0.297456 -0.3111546 -0.5851272 -0.8043053 0.09589041 -0.9491194 -0.1056751 -0.2994129 -0.08610567 0.6066536 0.7906067 0.3855186 0.2485323 0.888454 0.04305284 0.6986302 0.7142857 -0.08610567 0.6066536 0.7906067 -0.407045 0.7201566 0.5616438 -0.5518591 0.3424658 0.7592955 -0.407045 0.7201566 0.5616438 -0.7240704 0.6046967 0.3287671 -0.5518591 0.3424658 0.7592955 -0.6868885 0.704501 0.1819961 -0.962818 0.2504892 -0.09589041 -0.7240704 0.6046967 0.3287671 -0.08610567 0.6066536 0.7906067 -0.5518591 0.3424658 0.7592955 -0.05088063 0.1956947 0.9784736 -0.04500978 -0.1741683 0.9843444 0.1232877 0.221135 0.9667319 -0.05088063 0.1956947 0.9784736 -0.5518591 0.3424658 0.7592955 -0.7240704 0.6046967 0.3287671 -0.9158513 0.1956947 0.3502935 -0.9706458 -0.1663405 -0.1722113 -0.9843444 0.1780822 -0.0332681 -0.962818 0.2504892 -0.09589041 -0.05088063 0.1956947 0.9784736 -0.5518591 0.3424658 0.7592955 -0.5792564 -0.1643836 0.7984344 -0.05088063 0.1956947 0.9784736 -0.5792564 -0.1643836 0.7984344 -0.04500978 -0.1741683 0.9843444 -0.5792564 -0.1643836 0.7984344 -0.5518591 0.3424658 0.7592955 -0.9158513 0.1956947 0.3502935 -0.7240704 0.6046967 0.3287671 -0.9569471 0.221135 0.18591 -0.9158513 0.1956947 0.3502935 -0.9217221 -0.1741683 0.3463796 -0.5792564 -0.1643836 0.7984344 -0.9158513 0.1956947 0.3502935 -0.9158513 0.1956947 0.3502935 -0.9569471 0.221135 0.18591 -0.9217221 -0.1741683 0.3463796 -0.5636008 0.2837573 0.7749511 -0.7377691 0.07436399 0.6712329 -0.7906067 0.2054795 0.5792564 0.05870841 -0.8003914 0.5968689 -0.03131115 -0.1135029 0.9921722 0.1917808 0.007827789 0.9804305 -0.09197652 0.1272016 0.9882583 -0.3365949 0.09197652 0.9373777 -0.3679061 0.3091977 0.8767123 -0.9295499 0.04500978 0.3659491 -0.9491194 -0.05088063 0.3091977 -0.8825831 0.109589 0.4559687 -0.9941292 0.109589 -0.01369863 -0.9275929 -0.0998043 0.3600783 -0.5851272 -0.8043053 0.09589041 -0.3679061 0.3091977 0.8767123 -0.3365949 0.09197652 0.9373777 -0.5636008 0.2837573 0.7749511 -0.8825831 0.109589 0.4559687 -0.9491194 -0.05088063 0.3091977 -0.960861 0.2739726 0.04892368 0.1409002 0.18591 0.9726027 0.2563601 0.7162427 0.6497065 0.5459883 0.2915851 0.7866927 0.3855186 0.2485323 0.888454 -0.08610567 0.6066536 0.7906067 0.3463796 0.18591 0.9197652 0.2172211 -0.1174168 0.9686888 0.3463796 0.18591 0.9197652 0.1232877 0.221135 0.9667319 0.3855186 0.2485323 0.888454 0.3463796 0.18591 0.9197652 0.4559687 -0.1585127 0.8747554 -0.9882583 -0.1193738 0.09393346 -0.9843444 0.1780822 -0.0332681 -0.9706458 -0.1663405 -0.1722113 0.1232877 0.221135 0.9667319 -0.08610567 0.6066536 0.7906067 -0.05088063 0.1956947 0.9784736 -0.04500978 -0.1741683 0.9843444 0.2172211 -0.1174168 0.9686888 0.1232877 0.221135 0.9667319 -0.9217221 -0.1741683 0.3463796 -0.9569471 0.221135 0.18591 -0.9882583 -0.1193738 0.09393346 0.1232877 0.221135 0.9667319 0.3463796 0.18591 0.9197652 -0.08610567 0.6066536 0.7906067 -0.9569471 0.221135 0.18591 -0.9843444 0.1780822 -0.0332681 -0.9882583 -0.1193738 0.09393346 0.1409002 0.18591 0.9726027 0.06262231 0.05479452 0.9960861 -0.09197652 0.1272016 0.9882583 0.7221135 0.2700587 0.6360078 0.6457925 0.7592955 0.08023483 0.8786693 0.1076321 0.4637965 0.8786693 0.1076321 0.4637965 0.6457925 0.7592955 0.08023483 0.9569471 0.1585127 0.2407045 0.9569471 0.1585127 0.2407045 0.9471624 0.2915851 -0.1428571 0.9941292 -0.02348337 0.1076321 0.9941292 -0.02348337 0.1076321 0.9471624 0.2915851 -0.1428571 0.5322896 -0.8023483 0.2700587 0.9765166 -0.1193738 -0.183953 0.5322896 -0.8023483 0.2700587 0.9471624 0.2915851 -0.1428571 0.1761252 0.08414873 0.9804305 -0.2485323 0.7749511 0.5792564 0.2407045 0.1565558 0.9589041 -0.1409002 0.2720157 0.9510763 -0.2485323 0.7749511 0.5792564 0.1761252 0.08414873 0.9804305 0.05870841 -0.8003914 0.5968689 -0.5753425 0.3091977 0.7553816 -0.2367906 0.08610567 0.9667319 -0.5753425 0.3091977 0.7553816 0.05870841 -0.8003914 0.5968689 -0.6066536 -0.1135029 0.7866927 0.8551859 0.4187867 0.3052838 0.9765166 0.2093934 0.04305284 0.6399217 0.7240704 0.2563601 0.9784736 -0.1663405 0.1291585 0.9765166 0.2093934 0.04305284 0.8551859 0.4187867 0.3052838 0.9765166 0.2093934 0.04305284 0.9784736 -0.1663405 0.1291585 0.9804305 -0.1996086 -0.009784736 0.8551859 0.4187867 0.3052838 0.3776908 0.7318982 0.5675147 0.5068493 0.4011742 0.7632094 0.9784736 -0.1663405 0.1291585 0.8551859 0.4187867 0.3052838 0.9530333 0.1585127 0.258317 0.3776908 0.7318982 0.5675147 -0.04696673 0.4207436 0.9060665 0.5068493 0.4011742 0.7632094 -0.01369863 0.7299413 0.6829746 -0.3542074 0.2328767 0.9060665 -0.04696673 0.4207436 0.9060665 0.8551859 0.4187867 0.3052838 0.5068493 0.4011742 0.7632094 0.9530333 0.1585127 0.258317 0.9569471 -0.1311155 0.2622309 0.9784736 -0.1663405 0.1291585 0.9530333 0.1585127 0.258317 0.5068493 0.4011742 0.7632094 -0.04696673 0.4207436 0.9060665 -0.1389433 0.1604697 0.9765166 -0.04696673 0.4207436 0.9060665 -0.3542074 0.2328767 0.9060665 -0.2622309 -0.1702544 0.9491194 0.9530333 0.1585127 0.258317 0.5068493 0.4011742 0.7632094 0.5499021 -0.1193738 0.8277887 0.9530333 0.1585127 0.258317 0.5499021 -0.1193738 0.8277887 0.9569471 -0.1311155 0.2622309 0.5499021 -0.1193738 0.8277887 0.5068493 0.4011742 0.7632094 -0.1389433 0.1604697 0.9765166 -0.04696673 0.4207436 0.9060665 -0.2622309 -0.1702544 0.9491194 -0.1389433 0.1604697 0.9765166 -0.3542074 0.2328767 0.9060665 -0.4187867 0.04892368 0.9060665 -0.2622309 -0.1702544 0.9491194 -0.1350294 -0.1291585 0.9823875 0.5499021 -0.1193738 0.8277887 -0.1389433 0.1604697 0.9765166 -0.1389433 0.1604697 0.9765166 -0.2622309 -0.1702544 0.9491194 -0.1350294 -0.1291585 0.9823875 0.5772994 0.2485323 0.776908 0.3405088 0.08414873 0.9354208 0.2407045 0.1565558 0.9589041 0.5322896 -0.8023483 0.2700587 0.960861 -0.1174168 0.2524462 0.9941292 -0.02348337 0.1076321 0.8786693 0.1076321 0.4637965 0.7318982 0.0704501 0.6790606 0.7221135 0.2700587 0.6360078 -0.2367906 0.08610567 0.9667319 -0.03131115 -0.1135029 0.9921722 0.05870841 -0.8003914 0.5968689 0.8786693 0.1076321 0.4637965 0.9373777 0.04500978 0.3444227 0.7318982 0.0704501 0.6790606 0.7221135 0.2700587 0.6360078 0.7318982 0.0704501 0.6790606 0.5772994 0.2485323 0.776908 0.8786693 0.1076321 0.4637965 0.9510763 -0.06262231 0.3052838 0.9373777 0.04500978 0.3444227 0.1761252 0.08414873 0.9804305 0.06262231 0.05479452 0.9960861 -0.1409002 0.2720157 0.9510763 0.9569471 0.1585127 0.2407045 0.6457925 0.7592955 0.08023483 0.9471624 0.2915851 -0.1428571 0.9569471 0.1585127 0.2407045 0.9510763 -0.06262231 0.3052838 0.8786693 0.1076321 0.4637965 -0.960861 0.260274 -0.09197652 -0.5694716 0.7592955 0.3150685 -0.9823875 0.1017613 0.1565558 -0.9823875 0.1017613 0.1565558 -0.5694716 0.7592955 0.3150685 -0.925636 0.1878669 0.3307241 -0.925636 0.1878669 0.3307241 -0.6868885 0.2857143 0.667319 -0.8962818 -0.02348337 0.444227 -0.8962818 -0.02348337 0.444227 -0.6868885 0.2857143 0.667319 -0.5851272 -0.8043053 0.09589041 -0.6810176 -0.1193738 0.7221135 -0.5851272 -0.8043053 0.09589041 -0.6868885 0.2857143 0.667319 -0.7690802 0.1037182 -0.630137 -0.1565558 0.7690802 -0.6203523 -0.8277887 0.1682975 -0.5342466 -0.4598826 -0.8043053 -0.3776908 -0.02935421 0.2994129 -0.9530333 -0.4187867 0.04305284 -0.9080235 -0.02935421 0.2994129 -0.9530333 -0.4598826 -0.8043053 -0.3776908 0.001956947 -0.1154599 -0.9941292 -0.8688846 0.4227006 0.258317 -0.7808219 0.221135 0.5831702 -0.6164383 0.7612525 0.2074364 -0.8630137 -0.1702544 0.4755382 -0.7808219 0.221135 0.5831702 -0.8688846 0.4227006 0.258317 -0.7808219 0.221135 0.5831702 -0.8630137 -0.1702544 0.4755382 -0.7553816 -0.1996086 0.6242661 -0.8688846 0.4227006 0.258317 -0.6379648 0.7318982 -0.2367906 -0.8630137 0.3874756 -0.3209393 -0.8630137 -0.1702544 0.4755382 -0.8688846 0.4227006 0.258317 -0.9217221 0.1663405 0.3522505 -0.6379648 0.7318982 -0.2367906 -0.4911937 0.4246575 -0.7612525 -0.8630137 0.3874756 -0.3209393 -0.3268102 0.7651663 -0.553816 -0.1956947 0.2191781 -0.9549902 -0.4911937 0.4246575 -0.7612525 -0.8688846 0.4227006 0.258317 -0.8630137 0.3874756 -0.3209393 -0.9217221 0.1663405 0.3522505 -0.925636 -0.1506849 0.3502935 -0.8630137 -0.1702544 0.4755382 -0.9217221 0.1663405 0.3522505 -0.8630137 0.3874756 -0.3209393 -0.4911937 0.4246575 -0.7612525 -0.4598826 0.1663405 -0.8727984 -0.4911937 0.4246575 -0.7612525 -0.1956947 0.2191781 -0.9549902 -0.3385518 -0.1741683 -0.9236791 -0.9217221 0.1663405 0.3522505 -0.8630137 0.3874756 -0.3209393 -0.9275929 -0.1369863 -0.3463796 -0.9217221 0.1663405 0.3522505 -0.9275929 -0.1369863 -0.3463796 -0.925636 -0.1506849 0.3502935 -0.9275929 -0.1369863 -0.3463796 -0.8630137 0.3874756 -0.3209393 -0.4598826 0.1663405 -0.8727984 -0.4911937 0.4246575 -0.7612525 -0.3385518 -0.1741683 -0.9236791 -0.4598826 0.1663405 -0.8727984 -0.1956947 0.2191781 -0.9549902 -0.1428571 -0.2074364 -0.9686888 -0.3385518 -0.1741683 -0.9236791 -0.4657534 -0.148728 -0.8727984 -0.9275929 -0.1369863 -0.3463796 -0.4598826 0.1663405 -0.8727984 -0.4598826 0.1663405 -0.8727984 -0.3385518 -0.1741683 -0.9236791 -0.4657534 -0.148728 -0.8727984 -0.9315069 0.2465753 -0.2681018 -0.9138943 0.05479452 -0.4011742 -0.8277887 0.1682975 -0.5342466 -0.5851272 -0.8043053 0.09589041 -0.9275929 -0.0998043 0.3600783 -0.8962818 -0.02348337 0.444227 -0.9823875 0.1017613 0.1565558 -0.9980431 0.04500978 0.005870841 -0.960861 0.260274 -0.09197652 -0.9823875 0.1017613 0.1565558 -0.9295499 0.04500978 0.3659491 -0.9980431 0.04500978 0.005870841 -0.960861 0.260274 -0.09197652 -0.9980431 0.04500978 0.005870841 -0.9315069 0.2465753 -0.2681018 -0.9823875 0.1017613 0.1565558 -0.9491194 -0.05088063 0.3091977 -0.9295499 0.04500978 0.3659491 -0.925636 0.1878669 0.3307241 -0.5694716 0.7592955 0.3150685 -0.6868885 0.2857143 0.667319 -0.925636 0.1878669 0.3307241 -0.9491194 -0.05088063 0.3091977 -0.9823875 0.1017613 0.1565558 0.8199608 0.1976517 -0.5381604 0.1741683 0.7162427 -0.6751468 0.7592955 0.06066536 -0.6477495 0.5479452 -0.1252446 -0.8258317 -0.007827789 0.2915851 -0.9569471 0.3287671 -0.7984344 -0.5029354 0.9804305 0.09197652 0.1761252 0.5381604 0.704501 0.4637965 0.9804305 0.1956947 0.009784736 0.7925636 0.2544031 0.553816 0.5381604 0.704501 0.4637965 0.9804305 0.09197652 0.1761252 0.5322896 -0.8023483 0.2700587 0.5420744 0.2994129 0.7847358 0.7749511 0.09197652 0.6262231 0.5420744 0.2994129 0.7847358 0.5322896 -0.8023483 0.2700587 0.5909981 -0.1056751 0.8003914 0.146771 -0.1585127 -0.9765166 0.260274 0.18591 -0.9471624 0.3933464 -0.1174168 -0.9119374 0.5342466 0.6066536 -0.5890411 0.6594912 0.7201566 -0.2152642 0.8943248 0.3424658 -0.2896282 0.6594912 0.7201566 -0.2152642 0.778865 0.6046967 0.1604697 0.8943248 0.3424658 -0.2896282 0.6614481 0.704501 0.2563601 0.7221135 0.2504892 0.6438356 0.778865 0.6046967 0.1604697 0.5342466 0.6066536 -0.5890411 0.8943248 0.3424658 -0.2896282 0.6164383 0.1956947 -0.7632094 0.6144814 -0.1741683 -0.7690802 0.4696673 0.221135 -0.8551859 0.6164383 0.1956947 -0.7632094 0.8943248 0.3424658 -0.2896282 0.778865 0.6046967 0.1604697 0.9471624 0.1956947 0.2544031 0.6849315 -0.1663405 0.7103718 0.776908 0.1780822 0.6046967 0.7221135 0.2504892 0.6438356 0.6164383 0.1956947 -0.7632094 0.8943248 0.3424658 -0.2896282 0.9373777 -0.1643836 -0.3052838 0.6164383 0.1956947 -0.7632094 0.9373777 -0.1643836 -0.3052838 0.6144814 -0.1741683 -0.7690802 0.9373777 -0.1643836 -0.3052838 0.8943248 0.3424658 -0.2896282 0.9471624 0.1956947 0.2544031 0.778865 0.6046967 0.1604697 0.8845401 0.221135 0.4129159 0.9471624 0.1956947 0.2544031 0.9491194 -0.1741683 0.260274 0.9373777 -0.1643836 -0.3052838 0.9471624 0.1956947 0.2544031 0.9471624 0.1956947 0.2544031 0.8845401 0.221135 0.4129159 0.9491194 -0.1741683 0.260274 0.9197652 0.2778865 -0.2759295 0.9980431 0.04892368 0.007827789 0.9804305 0.1956947 0.009784736 0.8023483 0.04305284 -0.5968689 0.5479452 -0.1252446 -0.8258317 0.3287671 -0.7984344 -0.5029354 0.9373777 0.04500978 0.3444227 0.9510763 -0.06262231 0.3052838 0.9804305 0.09197652 0.1761252 0.7749511 0.09197652 0.6262231 0.960861 -0.1174168 0.2524462 0.5322896 -0.8023483 0.2700587 0.8199608 0.1976517 -0.5381604 0.9001957 0.06066536 -0.4324853 0.9197652 0.2778865 -0.2759295 0.9804305 0.09197652 0.1761252 0.9510763 -0.06262231 0.3052838 0.7925636 0.2544031 0.553816 0.3933464 -0.1174168 -0.9119374 0.260274 0.18591 -0.9471624 0.4696673 0.221135 -0.8551859 0.2113503 0.2485323 -0.9452055 0.260274 0.18591 -0.9471624 0.146771 -0.1585127 -0.9765166 0.778865 0.6046967 0.1604697 0.776908 0.1780822 0.6046967 0.8845401 0.221135 0.4129159 0.776908 0.1780822 0.6046967 0.778865 0.6046967 0.1604697 0.7221135 0.2504892 0.6438356 0.8551859 -0.1193738 0.5048923 0.776908 0.1780822 0.6046967 0.6849315 -0.1663405 0.7103718 0.4696673 0.221135 -0.8551859 0.5342466 0.6066536 -0.5890411 0.6164383 0.1956947 -0.7632094 0.6144814 -0.1741683 -0.7690802 0.3933464 -0.1174168 -0.9119374 0.4696673 0.221135 -0.8551859 0.9491194 -0.1741683 0.260274 0.8845401 0.221135 0.4129159 0.8551859 -0.1193738 0.5048923 0.8845401 0.221135 0.4129159 0.776908 0.1780822 0.6046967 0.8551859 -0.1193738 0.5048923 0 0.369863 -0.9295499 0 0.6731898 -0.7377691 0.5636008 0.4109589 -0.7162427 -0.5636008 0.4109589 -0.7162427 0 0.6731898 -0.7377691 0 0.369863 -0.9295499 0 1 0 0 1 0 0 1 0 0 1 0 0 1 0 0 1 0 -0.8317025 0.03913894 -0.553816 -0.4598826 -0.8043053 -0.3776908 -0.4187867 0.04305284 -0.9080235 -0.7690802 0.1037182 -0.630137 -0.8317025 0.03913894 -0.553816 -0.7064579 0.06457926 -0.704501 -0.6007828 0.1643836 -0.7827789 -0.5870842 0.01369863 -0.8101761 -0.3835616 0.09589041 -0.9178082 0.4559687 -0.1585127 0.8747554 0.3463796 0.18591 0.9197652 0.2172211 -0.1174168 0.9686888 0.4872798 -0.148728 0.8610567 0.3855186 0.2485323 0.888454 0.4774951 0.2681018 0.8375734 -0.5636008 0.2837573 0.7749511 -0.3365949 0.09197652 0.9373777 -0.7377691 0.07436399 0.6712329 -0.3365949 0.09197652 0.9373777 -0.6849315 0.1037182 0.7201566 -0.3561644 0.1272016 0.925636 0.5772994 0.2485323 0.776908 0.7318982 0.0704501 0.6790606 0.3405088 0.08414873 0.9354208 0.6849315 0.1037182 0.7201566 0.3405088 0.08414873 0.9354208 0.3561644 0.1272016 0.925636 0.009784736 -0.111546 -0.9941292 0.3287671 -0.7984344 -0.5029354 -0.007827789 0.2915851 -0.9569471 0.5479452 -0.1252446 -0.8258317 0.1741683 0.7162427 -0.6751468 0.7592955 0.06066536 -0.6477495 0.2113503 0.2485323 -0.9452055 0.5342466 0.6066536 -0.5890411 0.260274 0.18591 -0.9471624 0.5342466 0.6066536 -0.5890411 0.3855186 0.6986302 -0.6027398 0.4696673 0.221135 -0.8551859 0.260274 0.18591 -0.9471624 -0.5636008 0.4109589 -0.7162427 -0.8297456 0.1819961 -0.5264188 -0.4677104 0.6477495 -0.6007828 -0.8982387 0.2504892 -0.3620352 -0.8297456 0.1819961 -0.5264188 -0.6007828 0.1643836 -0.7827789 -0.8317025 0.03913894 -0.553816 0.4677104 0.6477495 -0.6007828 0.8297456 0.1819961 -0.5264188 0.5636008 0.4109589 -0.7162427 0.8297456 0.1819961 -0.5264188 0.9041096 0.2407045 -0.3542074 0.5127202 0.1017613 -0.853229 0.8023483 0.04305284 -0.5968689 -0.853229 -0.1800391 -0.4892368 -0.9217221 -0.1135029 -0.37182 -0.8297456 0.1819961 -0.5264188 -0.8982387 0.2504892 -0.3620352 0.9041096 0.2407045 -0.3542074 0.9138943 -0.1232877 -0.3855186 0.8297456 0.1819961 -0.5264188 0.853229 -0.1800391 -0.4892368 0 0.7827789 -0.6223092 0 0.6731898 -0.7377691 -0.4677104 0.6477495 -0.6007828 -0.5636008 0.4109589 -0.7162427 0 -0.1311155 -0.9921722 -0.853229 -0.1800391 -0.4892368 -0.5636008 0.4109589 -0.7162427 -0.8297456 0.1819961 -0.5264188 0.5127202 0.1017613 -0.853229 0.4677104 0.6477495 -0.6007828 0 0.3600783 -0.9334638 0 0.7827789 -0.6223092 0 0.7827789 -0.6223092 0.4677104 0.6477495 -0.6007828 0 0.6731898 -0.7377691 0.5636008 0.4109589 -0.7162427 0.8297456 0.1819961 -0.5264188 0.853229 -0.1800391 -0.4892368 0.5636008 0.4109589 -0.7162427 0 -0.1311155 -0.9921722 -0.6007828 0.1643836 -0.7827789 -0.3835616 0.09589041 -0.9178082 0 0.3600783 -0.9334638 0 0.1154599 -0.9941292 -0.3835616 0.09589041 -0.9178082 0 0.1545988 -0.9882583 -0.3620352 0.1409002 -0.9217221 -0.9217221 -0.1135029 -0.37182 -0.4598826 -0.8043053 -0.3776908 -0.8982387 0.2504892 -0.3620352 -0.8317025 0.03913894 -0.553816 0.3659491 0.1213307 -0.9236791 0.5127202 0.1017613 -0.853229 0 0.3600783 -0.9334638 0 0.1154599 -0.9941292 0 0.1545988 -0.9882583 0.3659491 0.1213307 -0.9236791 0.3542074 0.148728 -0.9236791 -0.6007828 0.1643836 -0.7827789 0 0.3600783 -0.9334638 -0.4677104 0.6477495 -0.6007828 0 0.7827789 -0.6223092 0.6575342 0.04696673 -0.7514677 0.6908023 0.1154599 -0.7123288 0.9001957 0.06066536 -0.4324853 0.9060665 0.08023483 -0.4129159 0.6575342 0.04696673 -0.7514677 0.3659491 0.1213307 -0.9236791 0.6908023 0.1154599 -0.7123288 0.3542074 0.148728 -0.9236791 -0.5479452 0.1232877 -0.8277887 -0.5479452 0.1232877 -0.8277887 -0.3835616 0.09589041 -0.9178082 -0.3620352 0.1409002 -0.9217221 -0.9295499 0.04500978 0.3659491 -0.9119374 0.08414873 0.3992172 -0.9980431 0.04500978 0.005870841 -0.9980431 0.07240704 -0.001956947 -0.9295499 0.04500978 0.3659491 -0.7377691 0.07436399 0.6712329 -0.9119374 0.08414873 0.3992172 -0.6849315 0.1037182 0.7201566 0.03522505 0.08023483 0.9960861 0 0.1350294 0.9902152 -0.3365949 0.09197652 0.9373777 -0.3561644 0.1272016 0.925636 0.03522505 0.08023483 0.9960861 0.3405088 0.08414873 0.9354208 0 0.1350294 0.9902152 0.3561644 0.1272016 0.925636 0.9373777 0.04500978 0.3444227 0.9119374 0.08414873 0.3992172 0.7318982 0.0704501 0.6790606 0.6849315 0.1037182 0.7201566 0.9373777 0.04500978 0.3444227 0.9980431 0.04892368 0.007827789 0.9119374 0.08414873 0.3992172 0.9980431 0.07240704 -0.001956947 -0.5636008 0.2837573 0.7749511 -0.3072407 0.853229 0.4227006 -0.3679061 0.3091977 0.8767123 0.2563601 0.7162427 0.6497065 -0.7064579 0.704501 -0.05675147 -0.3072407 0.853229 0.4227006 -0.7906067 0.2054795 0.5792564 -0.5636008 0.2837573 0.7749511 0.2563601 0.7162427 0.6497065 -0.3072407 0.853229 0.4227006 0.1819961 0.7553816 0.62818 -0.2367906 0.9158513 0.3268102 0.5459883 0.2915851 0.7866927 0.2563601 0.7162427 0.6497065 0.4774951 0.2681018 0.8375734 0.1819961 0.7553816 0.62818 -0.2367906 0.9158513 0.3268102 -0.3072407 0.853229 0.4227006 -0.6516634 0.7592955 0.01761252 -0.7064579 0.704501 -0.05675147 0.4872798 -0.148728 0.8610567 0.55773 -0.111546 0.8219178 0.4774951 0.2681018 0.8375734 0.5459883 0.2915851 0.7866927 -0.2367906 0.9158513 0.3268102 -0.3365949 0.8199608 0.4637965 0.1819961 0.7553816 0.62818 0.04305284 0.6986302 0.7142857 0.1819961 0.7553816 0.62818 0.04305284 0.6986302 0.7142857 0.4774951 0.2681018 0.8375734 0.3855186 0.2485323 0.888454 -0.9941292 0.109589 -0.01369863 -0.9021527 0.297456 -0.3111546 -0.960861 0.2739726 0.04892368 -0.7064579 0.704501 -0.05675147 -0.2367906 0.9158513 0.3268102 -0.6516634 0.7592955 0.01761252 -0.3365949 0.8199608 0.4637965 -0.6868885 0.704501 0.1819961 -0.6516634 0.7592955 0.01761252 -0.7064579 0.704501 -0.05675147 -0.9412916 0.2720157 -0.2015656 -0.9021527 0.297456 -0.3111546 -0.3365949 0.8199608 0.4637965 -0.407045 0.7201566 0.5616438 0.04305284 0.6986302 0.7142857 -0.08610567 0.6066536 0.7906067 -0.3365949 0.8199608 0.4637965 -0.6868885 0.704501 0.1819961 -0.407045 0.7201566 0.5616438 -0.7240704 0.6046967 0.3287671 -0.6516634 0.7592955 0.01761252 -0.9412916 0.2720157 -0.2015656 -0.6868885 0.704501 0.1819961 -0.962818 0.2504892 -0.09589041 -0.9021527 0.297456 -0.3111546 -0.9491194 -0.1056751 -0.2994129 -0.9412916 0.2720157 -0.2015656 -0.9667319 -0.148728 -0.2074364 -0.9412916 0.2720157 -0.2015656 -0.9667319 -0.148728 -0.2074364 -0.962818 0.2504892 -0.09589041 -0.9706458 -0.1663405 -0.1722113 -0.8825831 0.109589 0.4559687 -0.7906067 0.2054795 0.5792564 -0.9295499 0.04500978 0.3659491 -0.7377691 0.07436399 0.6712329 0.06262231 0.05479452 0.9960861 0.1409002 0.18591 0.9726027 -0.03131115 -0.1135029 0.9921722 0.1917808 0.007827789 0.9804305 -0.3365949 0.09197652 0.9373777 -0.09197652 0.1272016 0.9882583 0.03522505 0.08023483 0.9960861 0.06262231 0.05479452 0.9960861 -0.9491194 -0.05088063 0.3091977 -0.9275929 -0.0998043 0.3600783 -0.960861 0.2739726 0.04892368 -0.9941292 0.109589 -0.01369863 -0.7240704 0.6046967 0.3287671 -0.9843444 0.1780822 -0.0332681 -0.9569471 0.221135 0.18591 -0.962818 0.2504892 -0.09589041 0.5772994 0.2485323 0.776908 0.2465753 0.888454 0.3874756 0.7221135 0.2700587 0.6360078 0.6457925 0.7592955 0.08023483 -0.2485323 0.7749511 0.5792564 0.2465753 0.888454 0.3874756 0.2407045 0.1565558 0.9589041 0.5772994 0.2485323 0.776908 0.6457925 0.7592955 0.08023483 0.2465753 0.888454 0.3874756 0.6046967 0.7925636 0.08610567 0.221135 0.9158513 0.334638 0.9471624 0.2915851 -0.1428571 0.6457925 0.7592955 0.08023483 0.9510763 0.2876712 -0.1193738 0.6046967 0.7925636 0.08610567 0.221135 0.9158513 0.334638 0.2465753 0.888454 0.3874756 -0.1624266 0.7945206 0.5831702 -0.2485323 0.7749511 0.5792564 0.9784736 -0.1624266 -0.1252446 0.9765166 -0.1193738 -0.183953 0.9510763 0.2876712 -0.1193738 0.9471624 0.2915851 -0.1428571 0.6046967 0.7925636 0.08610567 0.221135 0.9158513 0.334638 0.6399217 0.7240704 0.2563601 0.3209393 0.81409 0.483366 0.9510763 0.2876712 -0.1193738 0.6046967 0.7925636 0.08610567 0.9765166 0.2093934 0.04305284 0.6399217 0.7240704 0.2563601 -0.2367906 0.08610567 0.9667319 -0.5753425 0.3091977 0.7553816 -0.1409002 0.2720157 0.9510763 -0.2485323 0.7749511 0.5792564 0.3209393 0.81409 0.483366 0.221135 0.9158513 0.334638 -0.01369863 0.7299413 0.6829746 -0.1624266 0.7945206 0.5831702 -0.1624266 0.7945206 0.5831702 -0.2485323 0.7749511 0.5792564 -0.4970646 0.2896282 0.8180039 -0.5753425 0.3091977 0.7553816 0.9804305 -0.1996086 -0.009784736 0.9784736 -0.1624266 -0.1252446 0.9765166 0.2093934 0.04305284 0.9510763 0.2876712 -0.1193738 0.3209393 0.81409 0.483366 0.3776908 0.7318982 0.5675147 0.6399217 0.7240704 0.2563601 0.8551859 0.4187867 0.3052838 0.3209393 0.81409 0.483366 -0.01369863 0.7299413 0.6829746 0.3776908 0.7318982 0.5675147 -0.04696673 0.4207436 0.9060665 -0.01369863 0.7299413 0.6829746 -0.1624266 0.7945206 0.5831702 -0.3542074 0.2328767 0.9060665 -0.4970646 0.2896282 0.8180039 -0.5753425 0.3091977 0.7553816 -0.6066536 -0.1135029 0.7866927 -0.4970646 0.2896282 0.8180039 -0.518591 -0.1624266 0.8395303 -0.4970646 0.2896282 0.8180039 -0.518591 -0.1624266 0.8395303 -0.3542074 0.2328767 0.9060665 -0.4187867 0.04892368 0.9060665 0.9510763 -0.06262231 0.3052838 0.9569471 0.1585127 0.2407045 0.960861 -0.1174168 0.2524462 0.9941292 -0.02348337 0.1076321 0.06262231 0.05479452 0.9960861 -0.03131115 -0.1135029 0.9921722 -0.1409002 0.2720157 0.9510763 -0.2367906 0.08610567 0.9667319 -0.9315069 0.2465753 -0.2681018 -0.4266145 0.888454 -0.1682975 -0.960861 0.260274 -0.09197652 -0.5694716 0.7592955 0.3150685 -0.6868885 0.2857143 0.667319 -0.5694716 0.7592955 0.3150685 -0.6712329 0.2876712 0.6829746 -0.4990215 0.8082192 0.3111546 -0.3307241 0.9354208 -0.1252446 -0.4266145 0.888454 -0.1682975 -0.1663405 0.8101761 -0.5616438 -0.1565558 0.7690802 -0.6203523 -0.6868885 -0.1624266 0.7084149 -0.6810176 -0.1193738 0.7221135 -0.6712329 0.2876712 0.6829746 -0.6868885 0.2857143 0.667319 -0.1565558 0.7690802 -0.6203523 -0.7690802 0.1037182 -0.630137 -0.02935421 0.2994129 -0.9530333 -0.4187867 0.04305284 -0.9080235 -0.4990215 0.8082192 0.3111546 -0.3307241 0.9354208 -0.1252446 -0.6164383 0.7612525 0.2074364 -0.4853229 0.8551859 -0.1819961 -0.6712329 0.2876712 0.6829746 -0.4990215 0.8082192 0.3111546 -0.7808219 0.221135 0.5831702 -0.6164383 0.7612525 0.2074364 -0.4853229 0.8551859 -0.1819961 -0.3307241 0.9354208 -0.1252446 -0.3268102 0.7651663 -0.553816 -0.1663405 0.8101761 -0.5616438 -0.1663405 0.8101761 -0.5616438 -0.1565558 0.7690802 -0.6203523 -0.04109589 0.2896282 -0.9569471 -0.02935421 0.2994129 -0.9530333 -0.7553816 -0.1996086 0.6242661 -0.6868885 -0.1624266 0.7084149 -0.7808219 0.221135 0.5831702 -0.6712329 0.2876712 0.6829746 -0.4853229 0.8551859 -0.1819961 -0.6379648 0.7318982 -0.2367906 -0.6164383 0.7612525 0.2074364 -0.8688846 0.4227006 0.258317 -0.4853229 0.8551859 -0.1819961 -0.3268102 0.7651663 -0.553816 -0.6379648 0.7318982 -0.2367906 -0.4911937 0.4246575 -0.7612525 -0.3268102 0.7651663 -0.553816 -0.1663405 0.8101761 -0.5616438 -0.1956947 0.2191781 -0.9549902 -0.04109589 0.2896282 -0.9569471 -0.9491194 -0.05088063 0.3091977 -0.925636 0.1878669 0.3307241 -0.9275929 -0.0998043 0.3600783 -0.8962818 -0.02348337 0.444227 -0.7690802 0.1037182 -0.630137 -0.8277887 0.1682975 -0.5342466 -0.7064579 0.06457926 -0.704501 -0.9138943 0.05479452 -0.4011742 -0.7064579 0.06457926 -0.704501 -0.6810176 0.111546 -0.7240704 -0.9119374 0.08219178 -0.4011742 0.9197652 0.2778865 -0.2759295 0.4970646 0.853229 -0.1604697 0.8199608 0.1976517 -0.5381604 0.1741683 0.7162427 -0.6751468 0.5381604 0.704501 0.4637965 0.4970646 0.853229 -0.1604697 0.9804305 0.1956947 0.009784736 0.9197652 0.2778865 -0.2759295 0.1741683 0.7162427 -0.6751468 0.4970646 0.853229 -0.1604697 0.221135 0.7553816 -0.6164383 0.3835616 0.9158513 -0.1252446 -0.007827789 0.2915851 -0.9569471 0.1741683 0.7162427 -0.6751468 0.1056751 0.2681018 -0.9569471 0.221135 0.7553816 -0.6164383 0.3835616 0.9158513 -0.1252446 0.4970646 0.853229 -0.1604697 0.5381604 0.7592955 0.3679061 0.5381604 0.704501 0.4637965 0.3835616 0.9158513 -0.1252446 0.5440313 0.8199608 -0.1780822 0.221135 0.7553816 -0.6164383 0.3855186 0.6986302 -0.6027398 0.221135 0.7553816 -0.6164383 0.3855186 0.6986302 -0.6027398 0.1056751 0.2681018 -0.9569471 0.2113503 0.2485323 -0.9452055 0.7749511 0.09197652 0.6262231 0.5420744 0.2994129 0.7847358 0.7925636 0.2544031 0.553816 0.5381604 0.704501 0.4637965 0.3835616 0.9158513 -0.1252446 0.5381604 0.7592955 0.3679061 0.5440313 0.8199608 -0.1780822 0.6614481 0.704501 0.2563601 0.5381604 0.7592955 0.3679061 0.5381604 0.704501 0.4637965 0.6438356 0.2720157 0.7162427 0.5420744 0.2994129 0.7847358 0.5440313 0.8199608 -0.1780822 0.6594912 0.7201566 -0.2152642 0.3855186 0.6986302 -0.6027398 0.5342466 0.6066536 -0.5890411 0.5440313 0.8199608 -0.1780822 0.6614481 0.704501 0.2563601 0.6594912 0.7201566 -0.2152642 0.778865 0.6046967 0.1604697 0.5381604 0.7592955 0.3679061 0.6438356 0.2720157 0.7162427 0.6614481 0.704501 0.2563601 0.7221135 0.2504892 0.6438356 0.5420744 0.2994129 0.7847358 0.5909981 -0.1056751 0.8003914 0.6438356 0.2720157 0.7162427 0.6594912 -0.148728 0.7358121 0.6438356 0.2720157 0.7162427 0.6594912 -0.148728 0.7358121 0.7221135 0.2504892 0.6438356 0.6849315 -0.1663405 0.7103718 0.9373777 0.04500978 0.3444227 0.9804305 0.09197652 0.1761252 0.9980431 0.04892368 0.007827789 0.9804305 0.1956947 0.009784736 0.9001957 0.06066536 -0.4324853 0.8199608 0.1976517 -0.5381604 0.6575342 0.04696673 -0.7514677 0.7592955 0.06066536 -0.6477495 0.7592955 0.06066536 -0.6477495 0.5479452 -0.1252446 -0.8258317 0.6575342 0.04696673 -0.7514677 0.8023483 0.04305284 -0.5968689 0.9510763 -0.06262231 0.3052838 0.960861 -0.1174168 0.2524462 0.7925636 0.2544031 0.553816 0.7749511 0.09197652 0.6262231 -0.5479452 0.1056751 -0.8297456 -0.7064579 0.06457926 -0.704501 -0.5479452 0.1056751 -0.8297456 -0.6810176 0.111546 -0.7240704 0.6438356 0.260274 -0.7181996 0.6555773 0.2739726 -0.704501 0.7181996 0.369863 -0.5890411 0.5694716 0.1643836 -0.8062623 -0.9667319 -0.05088063 0.2524462 -0.9021527 0.09001957 0.4207436 -0.8864971 0.1154599 0.4481409 -0.7553816 0.2622309 0.6007828 0.9060665 0.08023483 -0.4129159 0.9980431 0.07240704 -0.001956947 0.9980431 0.04892368 0.007827789 0.9001957 0.06066536 -0.4324853 0.9197652 0.2778865 -0.2759295 0.06262231 0.05479452 0.9960861 0.1761252 0.08414873 0.9804305 0.03522505 0.08023483 0.9960861 0.2407045 0.1565558 0.9589041 0.3405088 0.08414873 0.9354208 -0.1428571 -0.2074364 -0.9686888 -0.1956947 0.2191781 -0.9549902 0.001956947 -0.1154599 -0.9941292 -0.04109589 0.2896282 -0.9569471 -0.02935421 0.2994129 -0.9530333 0.2113503 0.2485323 -0.9452055 0.146771 -0.1585127 -0.9765166 0.1056751 0.2681018 -0.9569471 0.009784736 -0.111546 -0.9941292 -0.007827789 0.2915851 -0.9569471 -0.9980431 0.04500978 0.005870841 -0.9980431 0.07240704 -0.001956947 -0.9119374 0.08219178 -0.4011742 -0.9138943 0.05479452 -0.4011742 -0.9315069 0.2465753 -0.2681018 -0.1565558 0.7690802 -0.6203523 -0.4266145 0.888454 -0.1682975 -0.8277887 0.1682975 -0.5342466 -0.9315069 0.2465753 -0.2681018 -0.3307241 0.9354208 -0.1252446 -0.4990215 0.8082192 0.3111546 -0.5694716 0.7592955 0.3150685 0 1 0 0 1 0 0 1 0 0 1 0 0 1 0 0 1 0 0 1 0 0 1 0 0 1 0 0 1 0 0 1 0 0 1 0 0 1 0 0 1 0 0 1 0 0 1 0 0 1 0 0 1 0 0 1 0</float_array>
          <technique_common>
            <accessor source="#TrunkBottom__mPltTreeOakTrunk-normal-array" count="973" stride="3">
              <param name="X" type="float" />
              <param name="Y" type="float" />
              <param name="Z" type="float" />
            </accessor>
          </technique_common>
        </source>
        <source id="TrunkBottom__mPltTreeOakTrunk-color">
          <float_array id="TrunkBottom__mPltTreeOakTrunk-color-array" count="3892">1 1 1 1 1 1 1 1 1 1 1 1 1 1 1 1 1 1 1 1 1 1 1 1 1 1 1 1 1 1 1 1 1 1 1 1 1 1 1 1 1 1 1 1 1 1 1 1 1 1 1 1 1 1 1 1 1 1 1 1 1 1 1 1 1 1 1 1 1 1 1 1 1 1 1 1 1 1 1 1 1 1 1 1 1 1 1 1 1 1 1 1 1 1 1 1 1 1 1 1 1 1 1 1 1 1 1 1 1 1 1 1 1 1 1 1 1 1 1 1 1 1 1 1 1 1 1 1 1 1 1 1 1 1 1 1 1 1 1 1 1 1 1 1 1 1 1 1 1 1 1 1 1 1 1 1 1 1 1 1 1 1 1 1 1 1 1 1 1 1 1 1 1 1 1 1 1 1 1 1 1 1 1 1 1 1 1 1 1 1 1 1 1 1 1 1 1 1 1 1 1 1 1 1 1 1 1 1 1 1 1 1 1 1 1 1 1 1 1 1 1 1 1 1 1 1 1 1 1 1 1 1 1 1 1 1 1 1 1 1 1 1 1 1 1 1 1 1 1 1 1 1 1 1 1 1 1 1 1 1 1 1 1 1 1 1 1 1 1 1 1 1 1 1 1 1 1 1 1 1 1 1 1 1 1 1 1 1 1 1 1 1 1 1 1 1 1 1 1 1 1 1 1 1 1 1 1 1 1 1 1 1 1 1 1 1 1 1 1 1 1 1 1 1 1 1 1 1 1 1 1 1 1 1 1 1 1 1 1 1 1 1 1 1 1 1 1 1 1 1 1 1 1 1 1 1 1 1 1 1 1 1 1 1 1 1 1 1 1 1 1 1 1 1 1 1 1 1 1 1 1 1 1 1 1 1 1 1 1 1 1 1 1 1 1 1 1 1 1 1 1 1 1 1 1 1 1 1 1 1 1 1 1 1 1 1 1 1 1 1 1 1 1 1 1 1 1 1 1 1 1 1 1 1 1 1 1 1 1 1 1 1 1 1 1 1 1 1 1 1 1 1 1 1 1 1 1 1 1 1 1 1 1 1 1 1 1 1 1 1 1 1 1 1 1 1 1 1 1 1 1 1 1 1 1 1 1 1 1 1 1 1 1 1 1 1 1 1 1 1 1 1 1 1 1 1 1 1 1 1 1 1 1 1 1 1 1 1 1 1 1 1 1 1 1 1 1 1 1 1 1 1 1 1 1 1 1 1 1 1 1 1 1 1 1 1 1 1 1 1 1 1 1 1 1 1 1 1 1 1 1 1 1 1 1 1 1 1 1 1 1 1 1 1 1 1 1 1 1 1 1 1 1 1 1 1 1 1 1 1 1 1 1 1 1 1 1 1 1 1 1 1 1 1 1 1 1 1 1 1 1 1 1 1 1 1 1 1 1 1 1 1 1 1 1 1 1 1 1 1 1 1 1 1 1 1 1 1 1 1 1 1 1 1 1 1 1 1 1 1 1 1 1 1 1 1 1 1 1 1 1 1 1 1 1 1 1 1 1 1 1 1 1 1 1 1 1 1 1 1 1 1 1 1 1 1 1 1 1 1 1 1 1 1 1 1 1 1 1 1 1 1 1 1 1 1 1 1 1 1 1 1 1 1 1 1 1 1 1 1 1 1 1 1 1 1 1 1 1 1 1 1 1 1 1 1 1 1 1 1 1 1 1 1 1 1 1 1 1 1 1 1 1 1 1 1 1 1 1 1 1 1 1 1 1 1 1 1 1 1 1 1 1 1 1 1 1 1 1 1 1 1 1 1 1 1 1 1 1 1 1 1 1 1 1 1 1 1 1 1 1 1 1 1 1 1 1 1 1 1 1 1 1 1 1 1 1 1 1 1 1 1 1 1 1 1 1 1 1 1 1 1 1 1 1 1 1 1 1 1 1 1 1 1 1 1 1 1 1 1 1 1 1 1 1 1 1 1 1 1 1 1 1 1 1 1 1 1 1 1 1 1 1 1 1 1 1 1 1 1 1 1 1 1 1 1 1 1 1 1 1 1 1 1 1 1 1 1 1 1 1 1 1 1 1 1 1 1 1 1 1 1 1 1 1 1 1 1 1 1 1 1 1 1 1 1 1 1 1 1 1 1 1 1 1 1 1 1 1 1 1 1 1 1 1 1 1 1 1 1 1 1 1 1 1 1 1 1 1 1 1 1 1 1 1 1 1 1 1 1 1 1 1 1 1 1 1 1 1 1 1 1 1 1 1 1 1 1 1 1 1 1 1 1 1 1 1 1 1 1 1 1 1 1 1 1 1 1 1 1 1 1 1 1 1 1 1 1 1 1 1 1 1 1 1 1 1 1 1 1 1 1 1 1 1 1 1 1 1 1 1 1 1 1 1 1 1 1 1 1 1 1 1 1 1 1 1 1 1 1 1 1 1 1 1 1 1 1 1 1 1 1 1 1 1 1 1 1 1 1 1 1 1 1 1 1 1 1 1 1 1 1 1 1 1 1 1 1 1 1 1 1 1 1 1 1 1 1 1 1 1 1 1 1 1 1 1 1 1 1 1 1 1 1 1 1 1 1 1 1 1 1 1 1 1 1 1 1 1 1 1 1 1 1 1 1 1 1 1 1 1 1 1 1 1 1 1 1 1 1 1 1 1 1 1 1 1 1 1 1 1 1 1 1 1 1 1 1 1 1 1 1 1 1 1 1 1 1 1 1 1 1 1 1 1 1 1 1 1 1 1 1 1 1 1 1 1 1 1 1 1 1 1 1 1 1 1 1 1 1 1 1 1 1 1 1 1 1 1 1 1 1 1 1 1 1 1 1 1 1 1 1 1 1 1 1 1 1 1 1 1 1 1 1 1 1 1 1 1 1 1 1 1 1 1 1 1 1 1 1 1 1 1 1 1 1 1 1 1 1 1 1 1 1 1 1 1 1 1 1 1 1 1 1 1 1 1 1 1 1 1 1 1 1 1 1 1 1 1 1 1 1 1 1 1 1 1 1 1 1 1 1 1 1 1 1 1 1 1 1 1 1 1 1 1 1 1 1 1 1 1 1 1 1 1 1 1 1 1 1 1 1 1 1 1 1 1 1 1 1 1 1 1 1 1 1 1 1 1 1 1 1 1 1 1 1 1 1 1 1 1 1 1 1 1 1 1 1 1 1 1 1 1 1 1 1 1 1 1 1 1 1 1 1 1 1 1 1 1 1 1 1 1 1 1 1 1 1 1 1 1 1 1 1 1 1 1 1 1 1 1 1 1 1 1 1 1 1 1 1 1 1 1 1 1 1 1 1 1 1 1 1 1 1 1 1 1 1 1 1 1 1 1 1 1 1 1 1 1 1 1 1 1 1 1 1 1 1 1 1 1 1 1 1 1 1 1 1 1 1 1 1 1 1 1 1 1 1 1 1 1 1 1 1 1 1 1 1 1 1 1 1 1 1 1 1 1 1 1 1 1 1 1 1 1 1 1 1 1 1 1 1 1 1 1 1 1 1 1 1 1 1 1 1 1 1 1 1 1 1 1 1 1 1 1 1 1 1 1 1 1 1 1 1 1 1 1 1 1 1 1 1 1 1 1 1 1 1 1 1 1 1 1 1 1 1 1 1 1 1 1 1 1 1 1 1 1 1 1 1 1 1 1 1 1 1 1 1 1 1 1 1 1 1 1 1 1 1 1 1 1 1 1 1 1 1 1 1 1 1 1 1 1 1 1 1 1 1 1 1 1 1 1 1 1 1 1 1 1 1 1 1 1 1 1 1 1 1 1 1 1 1 1 1 1 1 1 1 1 1 1 1 1 1 1 1 1 1 1 1 1 1 1 1 1 1 1 1 1 1 1 1 1 1 1 1 1 1 1 1 1 1 1 1 1 1 1 1 1 1 1 1 1 1 1 1 1 1 1 1 1 1 1 1 1 1 1 1 1 1 1 1 1 1 1 1 1 1 1 1 1 1 1 1 1 1 1 1 1 1 1 1 1 1 1 1 1 1 1 1 1 1 1 1 1 1 1 1 1 1 1 1 1 1 1 1 1 1 1 1 1 1 1 1 1 1 1 1 1 1 1 1 1 1 1 1 1 1 1 1 1 1 1 1 1 1 1 1 1 1 1 1 1 1 1 1 1 1 1 1 1 1 1 1 1 1 1 1 1 1 1 1 1 1 1 1 1 1 1 1 1 1 1 1 1 1 1 1 1 1 1 1 1 1 1 1 1 1 1 1 1 1 1 1 1 1 1 1 1 1 1 1 1 1 1 1 1 1 1 1 1 1 1 1 1 1 1 1 1 1 1 1 1 1 1 1 1 1 1 1 1 1 1 1 1 1 1 1 1 1 1 1 1 1 1 1 1 1 1 1 1 1 1 1 1 1 1 1 1 1 1 1 1 1 1 1 1 1 1 1 1 1 1 1 1 1 1 1 1 1 1 1 1 1 1 1 1 1 1 1 1 1 1 1 1 1 1 1 1 1 1 1 1 1 1 1 1 1 1 1 1 1 1 1 1 1 1 1 1 1 1 1 1 1 1 1 1 1 1 1 1 1 1 1 1 1 1 1 1 1 1 1 1 1 1 1 1 1 1 1 1 1 1 1 1 1 1 1 1 1 1 1 1 1 1 1 1 1 1 1 1 1 1 1 1 1 1 1 1 1 1 1 1 1 1 1 1 1 1 1 1 1 1 1 1 1 1 1 1 1 1 1 1 1 1 1 1 1 1 1 1 1 1 1 1 1 1 1 1 1 1 1 1 1 1 1 1 1 1 1 1 1 1 1 1 1 1 1 1 1 1 1 1 1 1 1 1 1 1 1 1 1 1 1 1 1 1 1 1 1 1 1 1 1 1 1 1 1 1 1 1 1 1 1 1 1 1 1 1 1 1 1 1 1 1 1 1 1 1 1 1 1 1 1 1 1 1 1 1 1 1 1 1 1 1 1 1 1 1 1 1 1 1 1 1 1 1 1 1 1 1 1 1 1 1 1 1 1 1 1 1 1 1 1 1 1 1 1 1 1 1 1 1 1 1 1 1 1 1 1 1 1 1 1 1 1 1 1 1 1 1 1 1 1 1 1 1 1 1 1 1 1 1 1 1 1 1 1 1 1 1 1 1 1 1 1 1 1 1 1 1 1 1 1 1 1 1 1 1 1 1 1 1 1 1 1 1 1 1 1 1 1 1 1 1 1 1 1 1 1 1 1 1 1 1 1 1 1 1 1 1 1 1 1 1 1 1 1 1 1 1 1 1 1 1 1 1 1 1 1 1 1 1 1 1 1 1 1 1 1 1 1 1 1 1 1 1 1 1 1 1 1 1 1 1 1 1 1 1 1 1 1 1 1 1 1 1 1 1 1 1 1 1 1 1 1 1 1 1 1 1 1 1 1 1 1 1 1 1 1 1 1 1 1 1 1 1 1 1 1 1 1 1 1 1 1 1 1 1 1 1 1 1 1 1 1 1 1 1 1 1 1 1 1 1 1 1 1 1 1 1 1 1 1 1 1 1 1 1 1 1 1 1 1 1 1 1 1 1 1 1 1 1 1 1 1 1 1 1 1 1 1 1 1 1 1 1 1 1 1 1 1 1 1 1 1 1 1 1 1 1 1 1 1 1 1 1 1 1 1 1 1 1 1 1 1 1 1 1 1 1 1 1 1 1 1 1 1 1 1 1 1 1 1 1 1 1 1 1 1 1 1 1 1 1 1 1 1 1 1 1 1 1 1 1 1 1 1 1 1 1 1 1 1 1 1 1 1 1 1 1 1 1 1 1 1 1 1 1 1 1 1 1 1 1 1 1 1 1 1 1 1 1 1 1 1 1 1 1 1 1 1 1 1 1 1 1 1 1 1 1 1 1 1 1 1 1 1 1 1 1 1 1 1 1 1 1 1 1 1 1 1 1 1 1 1 1 1 1 1 1 1 1 1 1 1 1 1 1 1 1 1 1 1 1 1 1 1 1 1 1 1 1 1 1 1 1 1 1 1 1 1 1 1 1 1 1 1 1 1 1 1 1 1 1 1 1 1 1 1 1 1 1 1 1 1 1 1 1 1 1 1 1 1 1 1 1 1 1 1 1 1 1 1 1 1 1 1 1 1 1 1 1 1 1 1 1 1 1 1 1 1 1 1 1 1 1 1 1 1 1 1 1 1 1 1 1 1 1 1 1 1 1 1 1 1 1 1 1 1 1 1 1 1 1 1 1 1 1 1 1 1 1 1 1 1 1 1 1 1 1 1 1 1 1 1 1 1 1 1 1 1 1 1 1 1 1 1 1 1 1 1 1 1 1 1 1 1 1 1 1 1 1 1 1 1 1 1 1 1 1 1 1 1 1 1 1 1 1 1 1 1 1 1 1 1 1 1 1 1 1 1 1 1 1 1 1 1 1 1 1 1 1 1 1 1 1 1 1 1 1 1 1 1 1 1 1 1 1 1 1 1 1 1 1 1 1 1 1 1 1 1 1 1 1 1 1 1 1 1 1 1 1 1 1 1 1 1 1 1 1 1 1 1 1 1 1 1 1 1 1 1 1 1 1 1 1 1 1 1 1 1 1 1 1 1 1 1 1 1 1 1 1 1 1 1 1 1 1 1 1 1 1 1 1 1 1 1 1 1 1 1 1 1 1 1 1 1 1 1 1 1 1 1 1 1 1 1 1 1 1 1 1 1 1 1 1 1 1 1 1 1 1 1 1 1 1 1 1 1 1 1 1 1 1 1 1 1 1 1 1 1 1 1 1 1 1 1 1 1 1 1 1 1 1 1 1 1 1 1 1 1 1 1 1 1 1 1 1 1 1 1 1 1 1 1 1 1 1 1 1 1 1 1 1 1 1 1 1 1 1 1 1 1 1 1 1 1 1 1 1 1 1 1 1 1 1 1 1 1 1 1 1 1 1 1 1 1 1 1 1 1 1 1 1 1 1 1 1 1 1 1 1 1 1 1 1 1 1 1 1 1 1 1 1 1 1 1 1 1 1 1 1 1 1 1 1 1 1 1 1 1 1 1 1 1 1 1 1 1 1 1 1 1 1 1 1 1 1 1 1 1 1 1 1 1 1 1 1 1 1 1 1 1 1 1 1 1 1 1 1 1 1 1 1 1 1 1 1 1 1 1 1 1 1 1 1 1 1 1 1 1 1 1 1 1 1 1 1 1 1 1 1 1 1 1 1 1 1 1 1 1 1 1 1 1 1 1 1 1 1 1 1 1 1 1 1 1 1 1 1 1 1 1 1 1 1 1 1 1 1 1 1 1 1 1 1 1 1 1 1 1 1 1 1 1 1 1 1 1 1 1 1 1 1 1 1 1 1 1 1 1 1 1 1 1 1 1 1 1 1 1 1 1 1 1 1 1 1 1 1 1 1 1 1 1 1 1 1 1 1 1 1 1 1 1 1 1 1 1 1 1 1 1 1 1 1 1 1 1 1 1 1 1 1 1 1 1 1 1 1 1 1 1 1 1 1 1 1 1 1 1 1 1 1 1 1 1 1 1 1 1 1 1 1 1 1 1 1 1 1 1 1 1 1 1 1 1 1 1 1 1 1 1 1 1 1 1 1 1 1 1 1 1 1 1 1 1 1 1 1 1 1 1 1 1 1 1 1 1 1 1 1 1 1 1 1 1 1 1 1 1 1 1 1 1 1 1 1 1 1 1 1 1 1 1 1 1 1 1 1 1 1 1 1 1 1 1 1 1 1 1 1 1 1 1 1 1 1 1 1 1 1 1 1 1 1 1 1 1 1 1 1 1 1 1 1 1 1 1 1 1 1 1 1 1 1 1 1 1 1 1 1 1 1 1 1 1 1 1 1 1 1 1 1 1 1 1 1 1 1 1 1 1 1 1 1 1 1 1 1 1 1 1 1 1 1 1 1 1 1 1 1 1 1 1 1 1 1 1 1 1 1 1 1 1 1 1 1 1 1 1 1 1 1 1 1 1 1 1 1 1 1 1 1 1 1 1 1 1 1 1 1 1 1 1 1 1 1 1 1 1 1 1 1 1 1 1 1 1 1 1 1 1 1 1 1 1 1 1 1 1 1 1 1 1 1 1 1 1 1 1 1 1 1 1 1 1 1 1 1 1 1 1 1 1 1 1 1 1 1 1 1 1 1 1 1 1 1 1 1 1 1 1 1 1 1 1 1 1 1 1 1 1 1 1 1 1 1 1 1 1 1 1 1 1 1 1 1 1 1 1 1 1 1 1 1 1 1 1 1 1 1 1 1 1 1 1 1 1 1 1 1 1 1 1 1 1 1 1 1 1 1 1 1 1 0 0 0 1 0 0 0 1 0 0 0 1 0 0 0 1 0 0 0 1 0 0 0 1 0 0 0 1 0 0 0 1 1 1 1 1 1 1 1 1 1 1 1 1 1 1 1 1 1 1 1 1 1 1 1 1 1 1 1 1 1 1 1 1 1 1 1 1 1 1 1 1 1 1 1 1 1 1 1 1 1 1 1 1 1 1 1 1 1 1 1 1 1 1 1 1 1 1 1 1 1 1 1 1 1 1 1 1 1 1 1 1 1 1 1 1 1 1 1 1 1 1 1 1 1 1 1 1 1 1 1 1 1 1 1 1 1 1 1 1 1 1 1 1 1 1 1 1 1 1 1 1 1 1 1 1 1 1 1 1 1 1 1 1 1 1 1 1 1 1 1 1 1 1 1 1 1 1 1 1 1 1 1 1 1 1 1 1 1 1 1 1 1 1 1 1 1 1 1 1 1 1 1 1 1 1 1 1 1 1 1 1 1 1 1 1 1 1 1 1 1 1 1 1 1 1 1 1 1 1 1 1 1 1 1 1</float_array>
          <technique_common>
            <accessor source="#TrunkBottom__mPltTreeOakTrunk-color-array" count="973" stride="4">
              <param name="R" type="float" />
              <param name="G" type="float" />
              <param name="B" type="float" />
              <param name="A" type="float" />
            </accessor>
          </technique_common>
        </source>
        <source id="TrunkBottom__mPltTreeOakTrunk-texcoord">
          <float_array id="TrunkBottom__mPltTreeOakTrunk-texcoord-array" count="1946">0.9135576 0.07754636 0.9329061 0.07588309 0.9299916 0.09654385 0.02099641 0.03735411 0.004150454 0.02925152 0.004150454 0.01004046 0.9940795 0.02819866 0.971252 0.0363012 0.9940795 0.008987546 0.8993515 0.140856 0.9299916 0.09654385 0.9626306 0.09987032 0.9626306 0.09987032 0.9400168 0.1661708 0.8993515 0.140856 0.9135576 0.07754636 0.9185321 0.06857407 0.9329061 0.07588309 0.4337224 0.115816 0.4467231 0.09591824 0.4523385 0.1132219 0.4523385 0.1132219 0.4467231 0.09591824 0.4743572 0.1012436 0.4743572 0.1012436 0.4764324 0.07780576 0.4869459 0.08447397 0.4869459 0.08447397 0.4764324 0.07780576 0.501915 0.06880295 0.4958572 0.0604257 0.501915 0.06880295 0.4764324 0.07780576 0.3430686 0.1122454 0.3498131 0.09591824 0.3620661 0.115465 0.3253681 0.1058366 0.3498131 0.09591824 0.3430686 0.1122454 0.2944076 0.07916379 0.3189441 0.08302432 0.3116961 0.09285116 0.3189441 0.08302432 0.2944076 0.07916379 0.2945754 0.06715494 0.4235294 0.03163195 0.4538491 0.04449528 0.4314336 0.04928666 0.4235294 0.03163195 0.397116 0.03358513 0.397116 0.01985198 0.397116 0.03358513 0.3730373 0.03189135 0.397116 0.01985198 0.3638514 0.04968339 0.3422599 0.04541087 0.3730373 0.03189135 0.4235294 0.03163195 0.397116 0.01985198 0.4123903 0.0178836 0.4527047 0.005996823 0.4379492 0.01928741 0.4123903 0.0178836 0.397116 0.01985198 0.3730373 0.03189135 0.3825895 0.01734948 0.313283 0.03265429 0.33608 0.03196764 0.3422599 0.04541087 0.4123903 0.0178836 0.397116 0.01985198 0.397116 0.0003204346 0.4123903 0.0178836 0.397116 0.0003204346 0.4527047 0.005996823 0.397116 0.0003204346 0.397116 0.01985198 0.3825895 0.01734948 0.3730373 0.03189135 0.3562524 0.01905853 0.3825895 0.01734948 0.3541924 0.01101702 0.397116 0.0003204346 0.3825895 0.01734948 0.3825895 0.01734948 0.3562524 0.01905853 0.3541924 0.01101702 0.397116 0.1174182 0.3612726 0.1657282 0.3620661 0.115465 0.501915 0.06880295 0.5011673 0.08682382 0.4869459 0.08447397 0.4523385 0.1132219 0.4362554 0.1657282 0.4337224 0.115816 0.300557 0.1462119 0.2937972 0.117937 0.3430686 0.1122454 0.3116961 0.09285116 0.2946975 0.09678799 0.2944076 0.07916379 0.4337224 0.115816 0.4362554 0.1657282 0.397116 0.1174182 0.3430686 0.1122454 0.2937972 0.117937 0.3253681 0.1058366 0.4743572 0.1012436 0.4467231 0.09591824 0.4764324 0.07780576 0.4538491 0.04449528 0.4235294 0.03163195 0.4586862 0.0314641 0.4690318 0.01583886 0.4586862 0.0314641 0.4379492 0.01928741 0.4538491 0.04449528 0.4586862 0.0314641 0.482475 0.02871746 0.3261311 0.02319372 0.33608 0.03196764 0.313283 0.03265429 0.4379492 0.01928741 0.4235294 0.03163195 0.4123903 0.0178836 0.4527047 0.005996823 0.4690318 0.01583886 0.4379492 0.01928741 0.3541924 0.01101702 0.3562524 0.01905853 0.3261311 0.02319372 0.4379492 0.01928741 0.4586862 0.0314641 0.4235294 0.03163195 0.3562524 0.01905853 0.33608 0.03196764 0.3261311 0.02319372 0.4743572 0.1012436 0.4982834 0.1146715 0.4523385 0.1132219 0.6400855 0.1120318 0.6530861 0.08995193 0.6587015 0.1079118 0.6587015 0.1079118 0.6530861 0.08995193 0.6815289 0.1013657 0.6815289 0.1013657 0.6827955 0.08113223 0.6928359 0.09884793 0.6928359 0.09884793 0.6827955 0.08113223 0.7080186 0.07811093 0.7008469 0.0561837 0.7080186 0.07811093 0.6827955 0.08113223 0.5494316 0.1069352 0.5561761 0.08995193 0.5684291 0.1106584 0.5317311 0.1030442 0.5561761 0.08995193 0.5494316 0.1069352 0.501915 0.06880295 0.5308003 0.07769895 0.5146258 0.08473337 0.5308003 0.07769895 0.501915 0.06880295 0.5066606 0.06051725 0.6298924 0.03207445 0.6602121 0.04269475 0.6377966 0.04750133 0.6649271 0.02355993 0.6602121 0.04269475 0.6298924 0.03207445 0.6602121 0.04269475 0.6649271 0.02355993 0.6782483 0.0362249 0.6298924 0.03207445 0.603479 0.03402764 0.603479 0.02029449 0.6649271 0.02355993 0.6298924 0.03207445 0.6187533 0.01834136 0.603479 0.03402764 0.5794003 0.03234911 0.603479 0.02029449 0.5702144 0.04789805 0.5524681 0.04454106 0.5794003 0.03234911 0.6298924 0.03207445 0.603479 0.02029449 0.6187533 0.01834136 0.6440833 0.01098651 0.6649271 0.02355993 0.6187533 0.01834136 0.603479 0.02029449 0.5794003 0.03234911 0.5889525 0.0178073 0.5794003 0.03234911 0.5524681 0.04454106 0.5362173 0.03053331 0.6187533 0.01834136 0.603479 0.02029449 0.603479 0.0007629395 0.6187533 0.01834136 0.603479 0.0007629395 0.6440833 0.01098651 0.603479 0.0007629395 0.603479 0.02029449 0.5889525 0.0178073 0.5794003 0.03234911 0.5362173 0.03053331 0.5889525 0.0178073 0.5524681 0.04454106 0.526482 0.03797972 0.5362173 0.03053331 0.5531853 0.0218662 0.603479 0.0007629395 0.5889525 0.0178073 0.5889525 0.0178073 0.5362173 0.03053331 0.5531853 0.0218662 0.603479 0.112871 0.5676356 0.1657282 0.5684291 0.1106584 0.7080186 0.07811093 0.7073014 0.1028 0.6928359 0.09884793 0.6587015 0.1079118 0.6426185 0.1657282 0.6400855 0.1120318 0.5146258 0.08473337 0.5011673 0.08682382 0.501915 0.06880295 0.6587015 0.1079118 0.7117418 0.1492637 0.6426185 0.1657282 0.6400855 0.1120318 0.6426185 0.1657282 0.603479 0.112871 0.6587015 0.1079118 0.7063707 0.1185931 0.7117418 0.1492637 0.5494316 0.1069352 0.4982834 0.1146715 0.5317311 0.1030442 0.6815289 0.1013657 0.6530861 0.08995193 0.6827955 0.08113223 0.6815289 0.1013657 0.7063707 0.1185931 0.6587015 0.1079118 0.2273747 0.1148089 0.2403601 0.08995193 0.2459907 0.1106889 0.2459907 0.1106889 0.2403601 0.08995193 0.2688029 0.1041581 0.2688029 0.1041581 0.2700694 0.08113223 0.2805829 0.09842068 0.2805829 0.09842068 0.2700694 0.08113223 0.2944076 0.07916379 0.2830854 0.0644694 0.2944076 0.07916379 0.2700694 0.08113223 0.1367056 0.1097276 0.1434501 0.08995193 0.1557031 0.1134356 0.08853284 0.07806516 0.1125963 0.08033878 0.1035172 0.09726101 0.1125963 0.08033878 0.08853284 0.07806516 0.09445334 0.06857407 0.2171817 0.0370031 0.2475013 0.0476234 0.2250706 0.05242997 0.2571298 0.02925152 0.2475013 0.0476234 0.2171817 0.0370031 0.2475013 0.0476234 0.2571298 0.02925152 0.268162 0.0414893 0.2171817 0.0370031 0.1907683 0.03895628 0.1907683 0.02522314 0.2571298 0.02925152 0.2171817 0.0370031 0.2060273 0.02327001 0.1907683 0.03895628 0.1666896 0.03726256 0.1907683 0.02522314 0.1575036 0.0528115 0.1359121 0.04855418 0.1666896 0.03726256 0.2171817 0.0370031 0.1907683 0.02522314 0.2060273 0.02327001 0.2363012 0.01347369 0.2571298 0.02925152 0.2060273 0.02327001 0.1907683 0.02522314 0.1666896 0.03726256 0.1762417 0.02273595 0.1666896 0.03726256 0.1359121 0.04855418 0.1267262 0.0271458 0.2060273 0.02327001 0.1907683 0.02522314 0.1907683 0.005691588 0.2060273 0.02327001 0.1907683 0.005691588 0.2363012 0.01347369 0.1907683 0.005691588 0.1907683 0.02522314 0.1762417 0.02273595 0.1666896 0.03726256 0.1267262 0.0271458 0.1762417 0.02273595 0.1359121 0.04855418 0.1142901 0.03663689 0.1267262 0.0271458 0.1478447 0.01638818 0.1907683 0.005691588 0.1762417 0.02273595 0.1762417 0.02273595 0.1267262 0.0271458 0.1478447 0.01638818 0.1907683 0.1156634 0.1797208 0.1624933 0.1557031 0.1134356 0.2944076 0.07916379 0.2946975 0.09678799 0.2805829 0.09842068 0.2459907 0.1106889 0.2408331 0.1624933 0.2273747 0.1148089 0.2459907 0.1106889 0.300557 0.1462119 0.2408331 0.1624933 0.2273747 0.1148089 0.2408331 0.1624933 0.1907683 0.1156634 0.2459907 0.1106889 0.2937972 0.117937 0.300557 0.1462119 0.2688029 0.1041581 0.2403601 0.08995193 0.2700694 0.08113223 0.2688029 0.1041581 0.2937972 0.117937 0.2459907 0.1106889 0.8464485 0.1140764 0.8594491 0.09323263 0.8650644 0.1114824 0.8996719 0.09564352 0.8891432 0.07910275 0.9135576 0.07754636 0.7557793 0.1105058 0.7625391 0.09323263 0.7747921 0.1137102 0.7380942 0.1058366 0.7625391 0.09323263 0.7557793 0.1105058 0.7080186 0.07811093 0.7316701 0.08033878 0.7246662 0.1010758 0.7316701 0.08033878 0.7080186 0.07811093 0.717586 0.06381321 0.8934005 0.03962767 0.8714122 0.03683525 0.8762341 0.02604717 0.8362554 0.0370031 0.8098421 0.03895628 0.8098421 0.02522314 0.8098421 0.03895628 0.7857633 0.03726256 0.8098421 0.02522314 0.7765774 0.0528115 0.7577325 0.04855418 0.7857633 0.03726256 0.8362554 0.0370031 0.8098421 0.02522314 0.8251011 0.02327001 0.8553903 0.01347369 0.8506752 0.02465856 0.8251011 0.02327001 0.8098421 0.02522314 0.7857633 0.03726256 0.7953155 0.02273595 0.741619 0.03144884 0.7553979 0.03642327 0.7577325 0.04855418 0.8251011 0.02327001 0.8098421 0.02522314 0.8098421 0.005691588 0.8251011 0.02327001 0.8098421 0.005691588 0.8553903 0.01347369 0.8098421 0.005691588 0.8098421 0.02522314 0.7953155 0.02273595 0.7857633 0.03726256 0.7689632 0.02442968 0.7953155 0.02273595 0.7669184 0.01638818 0.8098421 0.005691588 0.7953155 0.02273595 0.7953155 0.02273595 0.7689632 0.02442968 0.7669184 0.01638818 0.8098421 0.1156787 0.7796445 0.1624933 0.7747921 0.1137102 0.9299916 0.09654385 0.8996719 0.09564352 0.9135576 0.07754636 0.7117418 0.1492637 0.7063707 0.1185931 0.7557793 0.1105058 0.7246662 0.1010758 0.7073014 0.1028 0.7080186 0.07811093 0.8464485 0.1140764 0.8339055 0.1624933 0.8098421 0.1156787 0.7557793 0.1105058 0.7063707 0.1185931 0.7380942 0.1058366 0.8762341 0.02604717 0.8714122 0.03683525 0.8506752 0.02465856 0.8665751 0.0476234 0.8714122 0.03683525 0.8934005 0.03962767 0.7857633 0.03726256 0.7553979 0.03642327 0.7689632 0.02442968 0.7553979 0.03642327 0.7857633 0.03726256 0.7577325 0.04855418 0.7489433 0.02613872 0.7553979 0.03642327 0.741619 0.03144884 0.8506752 0.02465856 0.8362554 0.0370031 0.8251011 0.02327001 0.8553903 0.01347369 0.8762341 0.02604717 0.8506752 0.02465856 0.7669184 0.01638818 0.7689632 0.02442968 0.7489433 0.02613872 0.7689632 0.02442968 0.7553979 0.03642327 0.7489433 0.02613872 0.9940795 0.02819866 0.9940795 0.04007018 0.971252 0.0363012 0.02099641 0.03735411 0.004150454 0.04113835 0.004150454 0.02925152 0.8068056 0.9254292 0.7691768 0.9636225 0.7588617 0.9609674 0.8068056 0.9254292 0.8023193 0.9879912 0.7908598 0.9757992 0.07624933 0.09820706 0.08853284 0.07806516 0.1035172 0.09726101 0.1367056 0.1097276 0.07624933 0.09820706 0.1262684 0.1624933 0.0436408 0.1016861 0.09314107 0.1643397 0.05999848 0.1661708 0.482475 0.02871746 0.4586862 0.0314641 0.4690318 0.01583886 0.4885786 0.04782176 0.4538491 0.04449528 0.4658274 0.06393528 0.397116 0.1174182 0.4362554 0.1657282 0.3612726 0.1657282 0.4362554 0.1657282 0.3725033 0.2238041 0.4362554 0.2238041 0.603479 0.112871 0.6426185 0.1657282 0.5676356 0.1657282 0.6300145 0.2238041 0.5676356 0.1657282 0.5637751 0.2238041 0.9061418 0.06529337 0.9135576 0.07754636 0.8891432 0.07910275 0.8996719 0.09564352 0.8594491 0.09323263 0.8650644 0.1114824 0.8665751 0.0476234 0.8362554 0.0370031 0.8714122 0.03683525 0.8362554 0.0370031 0.8441596 0.05242997 0.8506752 0.02465856 0.8714122 0.03683525 0.02099641 0.03735411 0.05195697 0.04678416 0.0268101 0.04678416 0.06451514 0.07693601 0.05195697 0.04678416 0.0436408 0.1016861 0.07624933 0.09820706 0.9653468 0.04571605 0.9520867 0.04571605 0.971252 0.0363012 0.9520867 0.04571605 0.9329061 0.07588309 0.9626306 0.09987032 0.9299916 0.09654385 0.0657969 0.04678416 0.0815137 0.06880295 0.05195697 0.04678416 0.06451514 0.07693601 0.9329061 0.07588309 0.9185321 0.06857407 0.9520867 0.04571605 0.9415122 0.04550242 0.004150454 0.05055314 0.004150454 0.04113835 0.0268101 0.04678416 0.02099641 0.03735411 0.004150454 0.01004046 0.0657969 0.04678416 0.02099641 0.03735411 0.05195697 0.04678416 0.9626306 0.09987032 0.9653468 0.04571605 0.9929351 0.1017472 0.9940795 0.04950029 0.9940795 0.04950029 0.9653468 0.04571605 0.9940795 0.04007018 0.971252 0.0363012 0.9520867 0.04571605 0.9415122 0.04550242 0.971252 0.0363012 0.9940795 0.008987546 0.0436408 0.1016861 0.05999848 0.1661708 0.004150454 0.1028 0.004150454 0.1661708 0.05999848 0.1661708 0.01390097 0.2241092 0.06865034 0.2241092 0.0815137 0.06880295 0.08853284 0.07806516 0.06451514 0.07693601 0.07624933 0.09820706 0.9400168 0.1661708 0.9626306 0.09987032 0.9929351 0.1017472 0.9929351 0.1661708 0.9900969 0.2264134 0.9400168 0.1661708 0.9374685 0.2264134 0.0436408 0.1016861 0.004150454 0.1028 0.0268101 0.04678416 0.004150454 0.05055314 0.8993515 0.140856 0.8825513 0.2238041 0.8339055 0.1624933 0.8250706 0.2238041 0.8993515 0.140856 0.9400168 0.1661708 0.8825513 0.2238041 0.9374685 0.2264134 0.09314107 0.1643397 0.07475395 0.2240787 0.05999848 0.1661708 0.06865034 0.2241092 0.300557 0.1462119 0.3063706 0.2238041 0.2408331 0.1624933 0.2449989 0.2238041 0.300557 0.1462119 0.3612726 0.1657282 0.3063706 0.2238041 0.3725033 0.2238041 0.5019913 0.1446403 0.5000229 0.2238041 0.4362554 0.1657282 0.4362554 0.2238041 0.5019913 0.1446403 0.5676356 0.1657282 0.5000229 0.2238041 0.5637751 0.2238041 0.7117418 0.1492637 0.6969405 0.2238041 0.6426185 0.1657282 0.6300145 0.2238041 0.7117418 0.1492637 0.7796445 0.1624933 0.6969405 0.2238041 0.7606928 0.2238041 0.397116 0.1174182 0.397116 0.09925991 0.4337224 0.115816 0.4467231 0.09591824 0.3498131 0.09591824 0.397116 0.09925991 0.3620661 0.115465 0.397116 0.1174182 0.4467231 0.09591824 0.397116 0.09925991 0.4396124 0.07621884 0.397116 0.08078128 0.4764324 0.07780576 0.4467231 0.09591824 0.4658274 0.06393528 0.4396124 0.07621884 0.397116 0.08078128 0.397116 0.09925991 0.3574884 0.07614249 0.3498131 0.09591824 0.4885786 0.04782176 0.4958572 0.0604257 0.4658274 0.06393528 0.4764324 0.07780576 0.397116 0.08078128 0.397116 0.05215532 0.4396124 0.07621884 0.4314336 0.04928666 0.4396124 0.07621884 0.4314336 0.04928666 0.4658274 0.06393528 0.4538491 0.04449528 0.3116961 0.09285116 0.3189441 0.08302432 0.3253681 0.1058366 0.3498131 0.09591824 0.397116 0.08078128 0.3574884 0.07614249 0.397116 0.05215532 0.3638514 0.04968339 0.3574884 0.07614249 0.3498131 0.09591824 0.3295033 0.06834513 0.3189441 0.08302432 0.397116 0.05215532 0.397116 0.03358513 0.4314336 0.04928666 0.4235294 0.03163195 0.397116 0.05215532 0.3638514 0.04968339 0.397116 0.03358513 0.3730373 0.03189135 0.3574884 0.07614249 0.3295033 0.06834513 0.3638514 0.04968339 0.3422599 0.04541087 0.3189441 0.08302432 0.2945754 0.06715494 0.3295033 0.06834513 0.3025559 0.05493248 0.3295033 0.06834513 0.3025559 0.05493248 0.3422599 0.04541087 0.313283 0.03265429 0.3430686 0.1122454 0.3620661 0.115465 0.300557 0.1462119 0.3612726 0.1657282 0.4982834 0.1146715 0.4743572 0.1012436 0.5011673 0.08682382 0.4869459 0.08447397 0.4362554 0.1657282 0.4523385 0.1132219 0.5019913 0.1446403 0.4982834 0.1146715 0.2937972 0.117937 0.2946975 0.09678799 0.3253681 0.1058366 0.3116961 0.09285116 0.3730373 0.03189135 0.33608 0.03196764 0.3562524 0.01905853 0.3422599 0.04541087 0.603479 0.112871 0.603479 0.09329367 0.6400855 0.1120318 0.6530861 0.08995193 0.5561761 0.08995193 0.603479 0.09329367 0.5684291 0.1106584 0.603479 0.112871 0.6530861 0.08995193 0.603479 0.09329367 0.6459754 0.07360953 0.603479 0.07640195 0.6827955 0.08113223 0.6530861 0.08995193 0.6721904 0.06048673 0.6459754 0.07360953 0.603479 0.07640195 0.603479 0.09329367 0.5638666 0.07353324 0.5561761 0.08995193 0.6916915 0.04803538 0.7008469 0.0561837 0.6721904 0.06048673 0.6827955 0.08113223 0.6459754 0.07360953 0.603479 0.07640195 0.6377966 0.04750133 0.603479 0.05037004 0.6721904 0.06048673 0.6459754 0.07360953 0.6602121 0.04269475 0.6377966 0.04750133 0.5146258 0.08473337 0.5308003 0.07769895 0.5317311 0.1030442 0.5561761 0.08995193 0.603479 0.05037004 0.603479 0.07640195 0.5702144 0.04789805 0.5638666 0.07353324 0.5638666 0.07353324 0.5561761 0.08995193 0.5413596 0.06393528 0.5308003 0.07769895 0.6782483 0.0362249 0.6916915 0.04803538 0.6602121 0.04269475 0.6721904 0.06048673 0.603479 0.05037004 0.603479 0.03402764 0.6377966 0.04750133 0.6298924 0.03207445 0.603479 0.05037004 0.5702144 0.04789805 0.603479 0.03402764 0.5794003 0.03234911 0.5702144 0.04789805 0.5638666 0.07353324 0.5524681 0.04454106 0.5413596 0.06393528 0.5308003 0.07769895 0.5066606 0.06051725 0.5413596 0.06393528 0.5135576 0.05859464 0.5413596 0.06393528 0.5135576 0.05859464 0.5524681 0.04454106 0.526482 0.03797972 0.7063707 0.1185931 0.6815289 0.1013657 0.7073014 0.1028 0.6928359 0.09884793 0.4982834 0.1146715 0.5011673 0.08682382 0.5317311 0.1030442 0.5146258 0.08473337 0.1907683 0.1156634 0.1907683 0.09329367 0.2273747 0.1148089 0.2403601 0.08995193 0.2700694 0.08113223 0.2403601 0.08995193 0.2594797 0.06657511 0.2332494 0.07360953 0.1907683 0.07640195 0.1907683 0.09329367 0.1511406 0.07353324 0.1434501 0.08995193 0.2762188 0.05606163 0.2830854 0.0644694 0.2594797 0.06657511 0.2700694 0.08113223 0.1434501 0.08995193 0.1367056 0.1097276 0.1125963 0.08033878 0.1035172 0.09726101 0.2332494 0.07360953 0.1907683 0.07640195 0.2250706 0.05242997 0.1907683 0.05529869 0.2594797 0.06657511 0.2332494 0.07360953 0.2475013 0.0476234 0.2250706 0.05242997 0.1907683 0.05529869 0.1907683 0.07640195 0.1575036 0.0528115 0.1511406 0.07353324 0.1511406 0.07353324 0.1434501 0.08995193 0.1231556 0.06700236 0.1125963 0.08033878 0.268162 0.0414893 0.2762188 0.05606163 0.2475013 0.0476234 0.2594797 0.06657511 0.1907683 0.05529869 0.1907683 0.03895628 0.2250706 0.05242997 0.2171817 0.0370031 0.1907683 0.05529869 0.1575036 0.0528115 0.1907683 0.03895628 0.1666896 0.03726256 0.1575036 0.0528115 0.1511406 0.07353324 0.1359121 0.04855418 0.1231556 0.06700236 0.2937972 0.117937 0.2688029 0.1041581 0.2946975 0.09678799 0.2805829 0.09842068 0.1367056 0.1097276 0.1557031 0.1134356 0.1262684 0.1624933 0.1797208 0.1624933 0.1262684 0.1624933 0.1174792 0.2238041 0.1812467 0.2238041 0.8098421 0.1156787 0.8098421 0.09657437 0.8464485 0.1140764 0.8594491 0.09323263 0.7625391 0.09323263 0.8098421 0.09657437 0.7747921 0.1137102 0.8098421 0.1156787 0.8594491 0.09323263 0.8098421 0.09657437 0.8523232 0.07487601 0.8098421 0.07943845 0.8891432 0.07910275 0.8594491 0.09323263 0.8785535 0.06657511 0.8523232 0.07487601 0.8098421 0.07943845 0.8098421 0.09657437 0.7702144 0.07479972 0.7625391 0.09323263 0.8098421 0.07943845 0.8098421 0.05529869 0.8523232 0.07487601 0.8441596 0.05242997 0.8523232 0.07487601 0.8441596 0.05242997 0.8785535 0.06657511 0.8665751 0.0476234 0.7246662 0.1010758 0.7316701 0.08033878 0.7380942 0.1058366 0.7625391 0.09323263 0.8098421 0.07943845 0.7702144 0.07479972 0.8098421 0.05529869 0.7765774 0.0528115 0.7702144 0.07479972 0.7625391 0.09323263 0.7422293 0.06700236 0.7316701 0.08033878 0.8098421 0.05529869 0.8098421 0.03895628 0.8441596 0.05242997 0.8362554 0.0370031 0.8098421 0.05529869 0.7765774 0.0528115 0.8098421 0.03895628 0.7857633 0.03726256 0.7702144 0.07479972 0.7422293 0.06700236 0.7765774 0.0528115 0.7577325 0.04855418 0.7316701 0.08033878 0.717586 0.06381321 0.7422293 0.06700236 0.7256275 0.05200273 0.7422293 0.06700236 0.7256275 0.05200273 0.7577325 0.04855418 0.741619 0.03144884 0.7117418 0.1492637 0.7557793 0.1105058 0.7796445 0.1624933 0.7747921 0.1137102 0.8339055 0.1624933 0.8464485 0.1140764 0.8993515 0.140856 0.8650644 0.1114824 0.8650644 0.1114824 0.8996719 0.09564352 0.8993515 0.140856 0.9299916 0.09654385 0.7063707 0.1185931 0.7073014 0.1028 0.7380942 0.1058366 0.7246662 0.1010758 0.09314107 0.1643397 0.1262684 0.1624933 0.1113756 0.2238498 0.1174792 0.2238041 0.7691768 0.9636225 0.7986572 0.9383688 0.7770504 0.974609 0.8068056 0.9254292 0.8068056 0.9254292 0.7908598 0.9757992 0.7986572 0.9383688 0.7770504 0.974609 0.8250706 0.2238041 0.7606928 0.2238041 0.7796445 0.1624933 0.8339055 0.1624933 0.8098421 0.1156787 0.4982834 0.1146715 0.5494316 0.1069352 0.5019913 0.1446403 0.5684291 0.1106584 0.5676356 0.1657282 0.1142901 0.03663689 0.1359121 0.04855418 0.09445334 0.06857407 0.1231556 0.06700236 0.1125963 0.08033878 0.8665751 0.0476234 0.8934005 0.03962767 0.8785535 0.06657511 0.9061418 0.06529337 0.8891432 0.07910275 0.2408331 0.1624933 0.2449989 0.2238041 0.1812467 0.2238041 0.1797208 0.1624933 0.1907683 0.1156634 0.1434501 0.08995193 0.1907683 0.09329367 0.1557031 0.1134356 0.1907683 0.1156634 0.1907683 0.07640195 0.2332494 0.07360953 0.2403601 0.08995193 0.9773251 0.920531 0.9483024 0.9609674 0.9875334 0.8728313 0.9048448 0.9879912 0.9483024 0.7846799 0.9773251 0.8251316 0.9048448 0.7576715 0.8535745 0.7481804 0.7588617 0.7846799 0.8023193 0.7576715 0.8535745 0.8728313 0.7298238 0.8251316 0.7196307 0.8728313 0.8535745 0.8728313 0.7298238 0.920531 0.8535745 0.997467 0.7588617 0.9609674 0.8023193 0.9879912 0.8068056 0.9254292</float_array>
          <technique_common>
            <accessor source="#TrunkBottom__mPltTreeOakTrunk-texcoord-array" count="973" stride="2">
              <param name="S" type="float" />
              <param name="T" type="float" />
            </accessor>
          </technique_common>
        </source>
        <vertices id="TrunkBottom__mPltTreeOakTrunk-vertex">
          <input semantic="POSITION" source="#TrunkBottom__mPltTreeOakTrunk-position" />
        </vertices>
        <triangles material="mPltTreeOakTrunk" count="422">
          <input semantic="VERTEX" source="#TrunkBottom__mPltTreeOakTrunk-vertex" offset="0" />
          <input semantic="NORMAL" source="#TrunkBottom__mPltTreeOakTrunk-normal" offset="1" />
          <input semantic="COLOR" source="#TrunkBottom__mPltTreeOakTrunk-color" offset="2" set="0" />
          <input semantic="TEXCOORD" source="#TrunkBottom__mPltTreeOakTrunk-texcoord" offset="3" set="0" />
          <p>0 0 0 0 1 1 1 1 2 2 2 2 3 3 3 3 4 4 4 4 5 5 5 5 6 6 6 6 7 7 7 7 8 8 8 8 9 9 9 9 10 10 10 10 11 11 11 11 12 12 12 12 13 13 13 13 14 14 14 14 15 15 15 15 16 16 16 16 17 17 17 17 18 18 18 18 19 19 19 19 20 20 20 20 21 21 21 21 22 22 22 22 23 23 23 23 24 24 24 24 25 25 25 25 26 26 26 26 27 27 27 27 28 28 28 28 29 29 29 29 30 30 30 30 31 31 31 31 32 32 32 32 33 33 33 33 34 34 34 34 35 35 35 35 36 36 36 36 37 37 37 37 38 38 38 38 39 39 39 39 40 40 40 40 41 41 41 41 42 42 42 42 43 43 43 43 44 44 44 44 45 45 45 45 46 46 46 46 47 47 47 47 48 48 48 48 49 49 49 49 50 50 50 50 51 51 51 51 52 52 52 52 53 53 53 53 54 54 54 54 55 55 55 55 56 56 56 56 57 57 57 57 58 58 58 58 59 59 59 59 60 60 60 60 61 61 61 61 62 62 62 62 63 63 63 63 64 64 64 64 65 65 65 65 66 66 66 66 67 67 67 67 68 68 68 68 69 69 69 69 70 70 70 70 71 71 71 71 72 72 72 72 73 73 73 73 74 74 74 74 75 75 75 75 76 76 76 76 77 77 77 77 78 78 78 78 79 79 79 79 80 80 80 80 81 81 81 81 82 82 82 82 83 83 83 83 84 84 84 84 85 85 85 85 86 86 86 86 87 87 87 87 88 88 88 88 89 89 89 89 90 90 90 90 91 91 91 91 92 92 92 92 93 93 93 93 94 94 94 94 95 95 95 95 96 96 96 96 97 97 97 97 98 98 98 98 99 99 99 99 100 100 100 100 101 101 101 101 102 102 102 102 103 103 103 103 104 104 104 104 105 105 105 105 106 106 106 106 107 107 107 107 108 108 108 108 109 109 109 109 110 110 110 110 111 111 111 111 112 112 112 112 113 113 113 113 114 114 114 114 115 115 115 115 116 116 116 116 117 117 117 117 118 118 118 118 119 119 119 119 120 120 120 120 121 121 121 121 122 122 122 122 123 123 123 123 124 124 124 124 125 125 125 125 126 126 126 126 127 127 127 127 128 128 128 128 129 129 129 129 130 130 130 130 131 131 131 131 132 132 132 132 133 133 133 133 134 134 134 134 135 135 135 135 136 136 136 136 137 137 137 137 138 138 138 138 139 139 139 139 140 140 140 140 141 141 141 141 142 142 142 142 143 143 143 143 144 144 144 144 145 145 145 145 146 146 146 146 147 147 147 147 148 148 148 148 149 149 149 149 150 150 150 150 151 151 151 151 152 152 152 152 153 153 153 153 154 154 154 154 155 155 155 155 156 156 156 156 157 157 157 157 158 158 158 158 159 159 159 159 160 160 160 160 161 161 161 161 162 162 162 162 163 163 163 163 164 164 164 164 165 165 165 165 166 166 166 166 167 167 167 167 168 168 168 168 169 169 169 169 170 170 170 170 171 171 171 171 172 172 172 172 173 173 173 173 174 174 174 174 175 175 175 175 176 176 176 176 177 177 177 177 178 178 178 178 179 179 179 179 180 180 180 180 181 181 181 181 182 182 182 182 183 183 183 183 184 184 184 184 185 185 185 185 186 186 186 186 187 187 187 187 188 188 188 188 189 189 189 189 190 190 190 190 191 191 191 191 192 192 192 192 193 193 193 193 194 194 194 194 195 195 195 195 196 196 196 196 197 197 197 197 198 198 198 198 199 199 199 199 200 200 200 200 201 201 201 201 202 202 202 202 203 203 203 203 204 204 204 204 205 205 205 205 206 206 206 206 207 207 207 207 208 208 208 208 209 209 209 209 210 210 210 210 211 211 211 211 212 212 212 212 213 213 213 213 214 214 214 214 215 215 215 215 216 216 216 216 217 217 217 217 218 218 218 218 219 219 219 219 220 220 220 220 221 221 221 221 222 222 222 222 223 223 223 223 224 224 224 224 225 225 225 225 226 226 226 226 227 227 227 227 228 228 228 228 229 229 229 229 230 230 230 230 231 231 231 231 232 232 232 232 233 233 233 233 234 234 234 234 235 235 235 235 236 236 236 236 237 237 237 237 238 238 238 238 239 239 239 239 240 240 240 240 241 241 241 241 242 242 242 242 243 243 243 243 244 244 244 244 245 245 245 245 246 246 246 246 247 247 247 247 248 248 248 248 249 249 249 249 250 250 250 250 251 251 251 251 252 252 252 252 253 253 253 253 254 254 254 254 255 255 255 255 256 256 256 256 257 257 257 257 258 258 258 258 259 259 259 259 260 260 260 260 261 261 261 261 262 262 262 262 263 263 263 263 264 264 264 264 265 265 265 265 266 266 266 266 267 267 267 267 268 268 268 268 269 269 269 269 270 270 270 270 271 271 271 271 272 272 272 272 273 273 273 273 274 274 274 274 275 275 275 275 276 276 276 276 277 277 277 277 278 278 278 278 279 279 279 279 280 280 280 280 281 281 281 281 282 282 282 282 283 283 283 283 284 284 284 284 285 285 285 285 286 286 286 286 287 287 287 287 288 288 288 288 289 289 289 289 290 290 290 290 291 291 291 291 292 292 292 292 293 293 293 293 294 294 294 294 295 295 295 295 296 296 296 296 297 297 297 297 298 298 298 298 299 299 299 299 300 300 300 300 301 301 301 301 302 302 302 302 303 303 303 303 304 304 304 304 305 305 305 305 306 306 306 306 307 307 307 307 308 308 308 308 309 309 309 309 310 310 310 310 311 311 311 311 312 312 312 312 313 313 313 313 314 314 314 314 315 315 315 315 316 316 316 316 317 317 317 317 318 318 318 318 319 319 319 319 320 320 320 320 321 321 321 321 322 322 322 322 323 323 323 323 324 324 324 324 325 325 325 325 326 326 326 326 327 327 327 327 328 328 328 328 329 329 329 329 330 330 330 330 331 331 331 331 332 332 332 332 333 333 333 333 334 334 334 334 335 335 335 335 336 336 336 336 337 337 337 337 338 338 338 338 339 339 339 339 340 340 340 340 341 341 341 341 342 342 342 342 343 343 343 343 344 344 344 344 345 345 345 345 346 346 346 346 347 347 347 347 348 348 348 348 349 349 349 349 350 350 350 350 351 351 351 351 352 352 352 352 353 353 353 353 354 354 354 354 355 355 355 355 356 356 356 356 357 357 357 357 358 358 358 358 359 359 359 359 360 360 360 360 361 361 361 361 362 362 362 362 363 363 363 363 364 364 364 364 365 365 365 365 366 366 366 366 367 367 367 367 368 368 368 368 369 369 369 369 370 370 370 370 371 371 371 371 372 372 372 372 373 373 373 373 374 374 374 374 375 375 375 375 376 376 376 376 377 377 377 377 378 378 378 378 379 379 379 379 380 380 380 380 381 381 381 381 382 382 382 382 383 383 383 383 384 384 384 384 385 385 385 385 386 386 386 386 387 387 387 387 388 388 388 388 389 389 389 389 390 390 390 390 391 391 391 391 392 392 392 392 393 393 393 393 394 394 394 394 395 395 395 395 396 396 396 396 397 397 397 397 398 398 398 398 399 399 399 399 400 400 400 400 401 401 401 401 402 402 402 402 403 403 403 403 404 404 404 404 405 405 405 405 406 406 406 406 407 407 407 407 408 408 408 408 409 409 409 409 410 410 410 410 411 411 411 411 412 412 412 412 413 413 413 413 414 414 414 414 415 415 415 415 416 416 416 416 417 417 417 417 418 418 418 418 419 419 419 419 420 420 420 420 421 421 421 421 422 422 422 422 423 423 423 423 424 424 424 424 425 425 425 425 426 426 426 426 427 427 427 427 428 428 428 428 429 429 429 429 430 430 430 430 431 431 431 431 432 432 432 432 433 433 433 433 434 434 434 434 435 435 435 435 436 436 436 436 437 437 437 437 438 438 438 438 439 439 439 439 440 440 440 440 441 441 441 441 442 442 442 442 443 443 443 443 444 444 444 444 445 445 445 445 446 446 446 446 447 447 447 447 448 448 448 448 449 449 449 449 450 450 450 450 451 451 451 451 452 452 452 452 453 453 453 453 454 454 454 454 455 455 455 455 456 456 456 456 457 457 457 457 458 458 458 458 459 459 459 459 460 460 460 460 461 461 461 461 462 462 462 462 463 463 463 463 464 464 464 464 465 465 465 465 466 466 466 466 467 467 467 467 468 468 468 468 469 469 469 469 470 470 470 470 471 471 471 471 472 472 472 472 473 473 473 473 473 473 473 473 474 474 474 474 475 475 475 475 474 474 474 474 476 476 476 476 475 475 475 475 475 475 475 475 476 476 476 476 477 477 477 477 476 476 476 476 478 478 478 478 477 477 477 477 477 477 477 477 478 478 478 478 479 479 479 479 480 480 480 480 481 481 481 481 482 482 482 482 480 480 480 480 483 483 483 483 484 484 484 484 483 483 483 483 485 485 485 485 484 484 484 484 486 486 486 486 487 487 487 487 488 488 488 488 488 488 488 488 489 489 489 489 490 490 490 490 489 489 489 489 491 491 491 491 490 490 490 490 492 492 492 492 493 493 493 493 494 494 494 494 493 493 493 493 495 495 495 495 496 496 496 496 495 495 495 495 497 497 497 497 496 496 496 496 498 498 498 498 499 499 499 499 500 500 500 500 500 500 500 500 501 501 501 501 502 502 502 502 501 501 501 501 503 503 503 503 502 502 502 502 504 504 504 504 505 505 505 505 506 506 506 506 507 507 507 507 504 504 504 504 508 508 508 508 509 509 509 509 510 510 510 510 507 507 507 507 511 511 511 511 512 512 512 512 513 513 513 513 514 514 514 514 513 513 513 513 515 515 515 515 516 516 516 516 513 513 513 513 514 514 514 514 517 517 517 517 516 516 516 516 514 514 514 514 518 518 518 518 519 519 519 519 520 520 520 520 521 521 521 521 518 518 518 518 522 522 522 522 518 518 518 518 523 523 523 523 522 522 522 522 522 522 522 522 523 523 523 523 524 524 524 524 525 525 525 525 526 526 526 526 527 527 527 527 526 526 526 526 528 528 528 528 527 527 527 527 529 529 529 529 530 530 530 530 531 531 531 531 530 530 530 530 532 532 532 532 531 531 531 531 533 533 533 533 534 534 534 534 535 535 535 535 534 534 534 534 536 536 536 536 535 535 535 535 537 537 537 537 538 538 538 538 539 539 539 539 538 538 538 538 540 540 540 540 539 539 539 539 541 541 541 541 542 542 542 542 543 543 543 543 542 542 542 542 544 544 544 544 543 543 543 543 545 545 545 545 546 546 546 546 547 547 547 547 546 546 546 546 548 548 548 548 547 547 547 547 549 549 549 549 550 550 550 550 551 551 551 551 550 550 550 550 552 552 552 552 551 551 551 551 553 553 553 553 554 554 554 554 555 555 555 555 554 554 554 554 556 556 556 556 555 555 555 555 556 556 556 556 557 557 557 557 558 558 558 558 557 557 557 557 559 559 559 559 558 558 558 558 560 560 560 560 561 561 561 561 562 562 562 562 561 561 561 561 563 563 563 563 562 562 562 562 564 564 564 564 565 565 565 565 566 566 566 566 567 567 567 567 564 564 564 564 566 566 566 566 567 567 567 567 568 568 568 568 569 569 569 569 568 568 568 568 570 570 570 570 569 569 569 569 571 571 571 571 572 572 572 572 573 573 573 573 572 572 572 572 574 574 574 574 573 573 573 573 575 575 575 575 576 576 576 576 577 577 577 577 576 576 576 576 578 578 578 578 577 577 577 577 579 579 579 579 580 580 580 580 581 581 581 581 580 580 580 580 582 582 582 582 581 581 581 581 583 583 583 583 584 584 584 584 585 585 585 585 584 584 584 584 586 586 586 586 585 585 585 585 587 587 587 587 588 588 588 588 589 589 589 589 588 588 588 588 590 590 590 590 589 589 589 589 591 591 591 591 592 592 592 592 593 593 593 593 592 592 592 592 594 594 594 594 593 593 593 593 595 595 595 595 596 596 596 596 597 597 597 597 596 596 596 596 598 598 598 598 597 597 597 597 599 599 599 599 600 600 600 600 601 601 601 601 600 600 600 600 602 602 602 602 601 601 601 601 603 603 603 603 604 604 604 604 605 605 605 605 604 604 604 604 606 606 606 606 605 605 605 605 607 607 607 607 608 608 608 608 609 609 609 609 608 608 608 608 610 610 610 610 609 609 609 609 611 611 611 611 612 612 612 612 613 613 613 613 612 612 612 612 614 614 614 614 613 613 613 613 615 615 615 615 616 616 616 616 617 617 617 617 616 616 616 616 618 618 618 618 617 617 617 617 619 619 619 619 620 620 620 620 621 621 621 621 620 620 620 620 622 622 622 622 621 621 621 621 623 623 623 623 624 624 624 624 625 625 625 625 624 624 624 624 626 626 626 626 625 625 625 625 627 627 627 627 628 628 628 628 629 629 629 629 628 628 628 628 630 630 630 630 629 629 629 629 631 631 631 631 632 632 632 632 633 633 633 633 632 632 632 632 634 634 634 634 633 633 633 633 635 635 635 635 636 636 636 636 637 637 637 637 636 636 636 636 638 638 638 638 637 637 637 637 639 639 639 639 640 640 640 640 641 641 641 641 640 640 640 640 642 642 642 642 641 641 641 641 643 643 643 643 644 644 644 644 645 645 645 645 644 644 644 644 646 646 646 646 645 645 645 645 647 647 647 647 648 648 648 648 649 649 649 649 648 648 648 648 650 650 650 650 649 649 649 649 651 651 651 651 652 652 652 652 653 653 653 653 652 652 652 652 654 654 654 654 653 653 653 653 655 655 655 655 656 656 656 656 657 657 657 657 656 656 656 656 658 658 658 658 657 657 657 657 659 659 659 659 660 660 660 660 661 661 661 661 660 660 660 660 662 662 662 662 661 661 661 661 663 663 663 663 664 664 664 664 665 665 665 665 664 664 664 664 666 666 666 666 665 665 665 665 667 667 667 667 668 668 668 668 669 669 669 669 668 668 668 668 670 670 670 670 669 669 669 669 671 671 671 671 672 672 672 672 673 673 673 673 672 672 672 672 674 674 674 674 673 673 673 673 675 675 675 675 676 676 676 676 677 677 677 677 676 676 676 676 678 678 678 678 677 677 677 677 679 679 679 679 680 680 680 680 681 681 681 681 680 680 680 680 682 682 682 682 681 681 681 681 683 683 683 683 684 684 684 684 685 685 685 685 684 684 684 684 686 686 686 686 685 685 685 685 687 687 687 687 688 688 688 688 689 689 689 689 688 688 688 688 690 690 690 690 689 689 689 689 691 691 691 691 692 692 692 692 693 693 693 693 692 692 692 692 691 691 691 691 694 694 694 694 695 695 695 695 696 696 696 696 697 697 697 697 696 696 696 696 698 698 698 698 697 697 697 697 699 699 699 699 700 700 700 700 701 701 701 701 700 700 700 700 702 702 702 702 701 701 701 701 703 703 703 703 704 704 704 704 705 705 705 705 704 704 704 704 706 706 706 706 705 705 705 705 707 707 707 707 708 708 708 708 709 709 709 709 708 708 708 708 710 710 710 710 709 709 709 709 711 711 711 711 712 712 712 712 713 713 713 713 712 712 712 712 714 714 714 714 713 713 713 713 715 715 715 715 716 716 716 716 717 717 717 717 716 716 716 716 718 718 718 718 717 717 717 717 719 719 719 719 720 720 720 720 721 721 721 721 720 720 720 720 722 722 722 722 721 721 721 721 723 723 723 723 724 724 724 724 725 725 725 725 724 724 724 724 726 726 726 726 725 725 725 725 727 727 727 727 728 728 728 728 729 729 729 729 728 728 728 728 730 730 730 730 729 729 729 729 731 731 731 731 732 732 732 732 733 733 733 733 732 732 732 732 734 734 734 734 733 733 733 733 735 735 735 735 736 736 736 736 737 737 737 737 736 736 736 736 738 738 738 738 737 737 737 737 739 739 739 739 740 740 740 740 741 741 741 741 740 740 740 740 742 742 742 742 741 741 741 741 743 743 743 743 744 744 744 744 745 745 745 745 744 744 744 744 746 746 746 746 745 745 745 745 747 747 747 747 748 748 748 748 749 749 749 749 748 748 748 748 750 750 750 750 749 749 749 749 751 751 751 751 752 752 752 752 753 753 753 753 752 752 752 752 754 754 754 754 753 753 753 753 755 755 755 755 756 756 756 756 757 757 757 757 756 756 756 756 758 758 758 758 757 757 757 757 759 759 759 759 760 760 760 760 761 761 761 761 760 760 760 760 762 762 762 762 761 761 761 761 763 763 763 763 764 764 764 764 765 765 765 765 764 764 764 764 766 766 766 766 765 765 765 765 767 767 767 767 768 768 768 768 769 769 769 769 768 768 768 768 770 770 770 770 769 769 769 769 771 771 771 771 772 772 772 772 773 773 773 773 772 772 772 772 774 774 774 774 773 773 773 773 775 775 775 775 776 776 776 776 777 777 777 777 776 776 776 776 778 778 778 778 777 777 777 777 779 779 779 779 780 780 780 780 781 781 781 781 780 780 780 780 782 782 782 782 781 781 781 781 783 783 783 783 784 784 784 784 785 785 785 785 784 784 784 784 786 786 786 786 785 785 785 785 787 787 787 787 788 788 788 788 789 789 789 789 788 788 788 788 790 790 790 790 789 789 789 789 791 791 791 791 792 792 792 792 793 793 793 793 792 792 792 792 794 794 794 794 793 793 793 793 795 795 795 795 796 796 796 796 797 797 797 797 796 796 796 796 798 798 798 798 797 797 797 797 799 799 799 799 800 800 800 800 801 801 801 801 800 800 800 800 802 802 802 802 801 801 801 801 803 803 803 803 804 804 804 804 805 805 805 805 804 804 804 804 806 806 806 806 805 805 805 805 807 807 807 807 808 808 808 808 809 809 809 809 808 808 808 808 810 810 810 810 809 809 809 809 811 811 811 811 812 812 812 812 813 813 813 813 812 812 812 812 814 814 814 814 813 813 813 813 815 815 815 815 816 816 816 816 817 817 817 817 816 816 816 816 818 818 818 818 817 817 817 817 819 819 819 819 820 820 820 820 821 821 821 821 820 820 820 820 822 822 822 822 821 821 821 821 823 823 823 823 824 824 824 824 825 825 825 825 824 824 824 824 826 826 826 826 825 825 825 825 827 827 827 827 828 828 828 828 829 829 829 829 828 828 828 828 830 830 830 830 829 829 829 829 831 831 831 831 830 830 830 830 832 832 832 832 830 830 830 830 833 833 833 833 832 832 832 832 834 834 834 834 835 835 835 835 836 836 836 836 835 835 835 835 837 837 837 837 836 836 836 836 838 838 838 838 839 839 839 839 840 840 840 840 839 839 839 839 841 841 841 841 840 840 840 840 842 842 842 842 843 843 843 843 844 844 844 844 843 843 843 843 845 845 845 845 844 844 844 844 846 846 846 846 847 847 847 847 848 848 848 848 847 847 847 847 849 849 849 849 848 848 848 848 850 850 850 850 851 851 851 851 852 852 852 852 851 851 851 851 853 853 853 853 852 852 852 852 854 854 854 854 855 855 855 855 856 856 856 856 855 855 855 855 857 857 857 857 856 856 856 856 858 858 858 858 859 859 859 859 860 860 860 860 859 859 859 859 861 861 861 861 860 860 860 860 862 862 862 862 863 863 863 863 864 864 864 864 863 863 863 863 865 865 865 865 864 864 864 864 866 866 866 866 867 867 867 867 868 868 868 868 867 867 867 867 869 869 869 869 868 868 868 868 870 870 870 870 871 871 871 871 872 872 872 872 871 871 871 871 873 873 873 873 872 872 872 872 874 874 874 874 875 875 875 875 876 876 876 876 875 875 875 875 877 877 877 877 876 876 876 876 878 878 878 878 879 879 879 879 880 880 880 880 879 879 879 879 881 881 881 881 880 880 880 880 882 882 882 882 883 883 883 883 884 884 884 884 883 883 883 883 885 885 885 885 884 884 884 884 886 886 886 886 887 887 887 887 888 888 888 888 887 887 887 887 889 889 889 889 888 888 888 888 890 890 890 890 891 891 891 891 892 892 892 892 891 891 891 891 893 893 893 893 892 892 892 892 894 894 894 894 895 895 895 895 896 896 896 896 895 895 895 895 897 897 897 897 896 896 896 896 898 898 898 898 899 899 899 899 900 900 900 900 899 899 899 899 901 901 901 901 900 900 900 900 902 902 902 902 903 903 903 903 904 904 904 904 903 903 903 903 905 905 905 905 904 904 904 904 906 906 906 906 907 907 907 907 908 908 908 908 907 907 907 907 909 909 909 909 908 908 908 908 910 910 910 910 911 911 911 911 912 912 912 912 911 911 911 911 913 913 913 913 912 912 912 912 914 914 914 914 915 915 915 915 916 916 916 916 914 914 914 914 917 917 917 917 915 915 915 915 918 918 918 918 919 919 919 919 920 920 920 920 920 920 920 920 919 919 919 919 921 921 921 921 922 922 922 922 923 923 923 923 924 924 924 924 925 925 925 925 922 922 922 922 924 924 924 924 926 926 926 926 925 925 925 925 924 924 924 924 927 927 927 927 928 928 928 928 929 929 929 929 928 928 928 928 930 930 930 930 929 929 929 929 929 929 929 929 930 930 930 930 931 931 931 931 932 932 932 932 933 933 933 933 934 934 934 934 933 933 933 933 935 935 935 935 934 934 934 934 934 934 934 934 935 935 935 935 936 936 936 936 937 937 937 937 938 938 938 938 939 939 939 939 938 938 938 938 940 940 940 940 939 939 939 939 939 939 939 939 940 940 940 940 941 941 941 941 942 942 942 942 943 943 943 943 944 944 944 944 945 945 945 945 942 942 942 942 944 944 944 944 946 946 946 946 942 942 942 942 945 945 945 945 947 947 947 947 948 948 948 948 949 949 949 949 948 948 948 948 950 950 950 950 949 949 949 949 948 948 948 948 951 951 951 951 952 952 952 952 953 953 953 953 948 948 948 948 952 952 952 952 954 954 954 954 955 955 955 955 956 956 956 956 955 955 955 955 957 957 957 957 956 956 956 956 956 956 956 956 958 958 958 958 959 959 959 959 960 960 960 960 958 958 958 958 961 961 961 961 958 958 958 958 962 962 962 962 961 961 961 961 962 962 962 962 958 958 958 958 956 956 956 956 961 961 961 961 962 962 962 962 963 963 963 963 964 964 964 964 962 962 962 962 956 956 956 956 965 965 965 965 962 962 962 962 964 964 964 964 966 966 966 966 965 965 965 965 964 964 964 964 956 956 956 956 957 957 957 957 967 967 967 967 966 966 966 966 967 967 967 967 968 968 968 968 957 957 957 957 969 969 969 969 967 967 967 967 967 967 967 967 970 970 970 970 968 968 968 968 967 967 967 967 969 969 969 969 971 971 971 971 970 970 970 970 967 967 967 967 972 972 972 972 967 967 967 967 971 971 971 971 972 972 972 972 </p>
        </triangles>
      </mesh>
    </geometry>
  </library_geometries>
  <library_controllers>
    <controller id="Armature_TrunkBottom__mPltTreeOakTrunk-mesh">
      <skin source="#TrunkBottom__mPltTreeOakTrunk-mesh">
        <bind_shape_matrix>1 0 0 0 0 1 0 0 0 0 1 0 0 0 0 1</bind_shape_matrix>
        <source id="TrunkBottom__mPltTreeOakTrunk-mesh-joint">
          <Name_array id="TrunkBottom__mPltTreeOakTrunk-mesh-joint-array" count="1">Root</Name_array>
          <technique_common>
            <accessor source="#TrunkBottom__mPltTreeOakTrunk-mesh-joint-array" count="1" stride="1">
              <param name="JOINT" type="name" />
            </accessor>
          </technique_common>
        </source>
        <source id="TrunkBottom__mPltTreeOakTrunk-mesh-inv_bind_matrix">
          <float_array id="TrunkBottom__mPltTreeOakTrunk-mesh-inv_bind_matrix-array" count="16">1 0 0 0 0 1 0 0 0 0 1 0 0 0 0 1</float_array>
          <technique_common>
            <accessor source="#TrunkBottom__mPltTreeOakTrunk-mesh-inv_bind_matrix-array" count="1" stride="16">
              <param name="TRANSFORM" type="float4x4" />
            </accessor>
          </technique_common>
        </source>
        <source id="TrunkBottom__mPltTreeOakTrunk-mesh-weight">
          <float_array id="TrunkBottom__mPltTreeOakTrunk-mesh-weight-array" count="1">1</float_array>
          <technique_common>
            <accessor source="#TrunkBottom__mPltTreeOakTrunk-mesh-weight-array" count="1" stride="1">
              <param name="WEIGHT" type="float" />
            </accessor>
          </technique_common>
        </source>
        <joints>
          <input semantic="JOINT" source="#TrunkBottom__mPltTreeOakTrunk-mesh-joint" />
          <input semantic="INV_BIND_MATRIX" source="#TrunkBottom__mPltTreeOakTrunk-mesh-inv_bind_matrix" />
        </joints>
        <vertex_weights count="973">
          <input semantic="JOINT" source="#TrunkBottom__mPltTreeOakTrunk-mesh-joint" offset="0" />
          <input semantic="WEIGHT" source="#TrunkBottom__mPltTreeOakTrunk-mesh-weight" offset="1" />
          <vcount>1 1 1 1 1 1 1 1 1 1 1 1 1 1 1 1 1 1 1 1 1 1 1 1 1 1 1 1 1 1 1 1 1 1 1 1 1 1 1 1 1 1 1 1 1 1 1 1 1 1 1 1 1 1 1 1 1 1 1 1 1 1 1 1 1 1 1 1 1 1 1 1 1 1 1 1 1 1 1 1 1 1 1 1 1 1 1 1 1 1 1 1 1 1 1 1 1 1 1 1 1 1 1 1 1 1 1 1 1 1 1 1 1 1 1 1 1 1 1 1 1 1 1 1 1 1 1 1 1 1 1 1 1 1 1 1 1 1 1 1 1 1 1 1 1 1 1 1 1 1 1 1 1 1 1 1 1 1 1 1 1 1 1 1 1 1 1 1 1 1 1 1 1 1 1 1 1 1 1 1 1 1 1 1 1 1 1 1 1 1 1 1 1 1 1 1 1 1 1 1 1 1 1 1 1 1 1 1 1 1 1 1 1 1 1 1 1 1 1 1 1 1 1 1 1 1 1 1 1 1 1 1 1 1 1 1 1 1 1 1 1 1 1 1 1 1 1 1 1 1 1 1 1 1 1 1 1 1 1 1 1 1 1 1 1 1 1 1 1 1 1 1 1 1 1 1 1 1 1 1 1 1 1 1 1 1 1 1 1 1 1 1 1 1 1 1 1 1 1 1 1 1 1 1 1 1 1 1 1 1 1 1 1 1 1 1 1 1 1 1 1 1 1 1 1 1 1 1 1 1 1 1 1 1 1 1 1 1 1 1 1 1 1 1 1 1 1 1 1 1 1 1 1 1 1 1 1 1 1 1 1 1 1 1 1 1 1 1 1 1 1 1 1 1 1 1 1 1 1 1 1 1 1 1 1 1 1 1 1 1 1 1 1 1 1 1 1 1 1 1 1 1 1 1 1 1 1 1 1 1 1 1 1 1 1 1 1 1 1 1 1 1 1 1 1 1 1 1 1 1 1 1 1 1 1 1 1 1 1 1 1 1 1 1 1 1 1 1 1 1 1 1 1 1 1 1 1 1 1 1 1 1 1 1 1 1 1 1 1 1 1 1 1 1 1 1 1 1 1 1 1 1 1 1 1 1 1 1 1 1 1 1 1 1 1 1 1 1 1 1 1 1 1 1 1 1 1 1 1 1 1 1 1 1 1 1 1 1 1 1 1 1 1 1 1 1 1 1 1 1 1 1 1 1 1 1 1 1 1 1 1 1 1 1 1 1 1 1 1 1 1 1 1 1 1 1 1 1 1 1 1 1 1 1 1 1 1 1 1 1 1 1 1 1 1 1 1 1 1 1 1 1 1 1 1 1 1 1 1 1 1 1 1 1 1 1 1 1 1 1 1 1 1 1 1 1 1 1 1 1 1 1 1 1 1 1 1 1 1 1 1 1 1 1 1 1 1 1 1 1 1 1 1 1 1 1 1 1 1 1 1 1 1 1 1 1 1 1 1 1 1 1 1 1 1 1 1 1 1 1 1 1 1 1 1 1 1 1 1 1 1 1 1 1 1 1 1 1 1 1 1 1 1 1 1 1 1 1 1 1 1 1 1 1 1 1 1 1 1 1 1 1 1 1 1 1 1 1 1 1 1 1 1 1 1 1 1 1 1 1 1 1 1 1 1 1 1 1 1 1 1 1 1 1 1 1 1 1 1 1 1 1 1 1 1 1 1 1 1 1 1 1 1 1 1 1 1 1 1 1 1 1 1 1 1 1 1 1 1 1 1 1 1 1 1 1 1 1 1 1 1 1 1 1 1 1 1 1 1 1 1 1 1 1 1 1 1 1 1 1 1 1 1 1 1 1 1 1 1 1 1 1 1 1 1 1 1 1 1 1 1 1 1 1 1 1 1 1 1 1 1 1 1 1 1 1 1 1 1 1 1 1 1 1 1 1 1 1 1 1 1 1 1 1 1 1 1 1 1 1 1 1 1 1 1 1 1 1 1 1 1 1 1 1 1 1 1 1 1 1 1 1 1 1 1 1 1 1 1 1 1 1 1 1 1 1 1 1 1 1 1 1 1 1 1 1 1 1 1 1 1 1 1 1 1 1 1 1 1 1 1 1 1 1 1 1 1 1 1 1 1 1 1 1 1 1 1 1 1 1 1 1 1 1 1 1 1 1 1 1 1 1 1 1 1 1 1 1 1 1 1 1 1 1 1 1 1 1 1 1 1 1 1 </vcount>
          <v>0 0 0 0 0 0 0 0 0 0 0 0 0 0 0 0 0 0 0 0 0 0 0 0 0 0 0 0 0 0 0 0 0 0 0 0 0 0 0 0 0 0 0 0 0 0 0 0 0 0 0 0 0 0 0 0 0 0 0 0 0 0 0 0 0 0 0 0 0 0 0 0 0 0 0 0 0 0 0 0 0 0 0 0 0 0 0 0 0 0 0 0 0 0 0 0 0 0 0 0 0 0 0 0 0 0 0 0 0 0 0 0 0 0 0 0 0 0 0 0 0 0 0 0 0 0 0 0 0 0 0 0 0 0 0 0 0 0 0 0 0 0 0 0 0 0 0 0 0 0 0 0 0 0 0 0 0 0 0 0 0 0 0 0 0 0 0 0 0 0 0 0 0 0 0 0 0 0 0 0 0 0 0 0 0 0 0 0 0 0 0 0 0 0 0 0 0 0 0 0 0 0 0 0 0 0 0 0 0 0 0 0 0 0 0 0 0 0 0 0 0 0 0 0 0 0 0 0 0 0 0 0 0 0 0 0 0 0 0 0 0 0 0 0 0 0 0 0 0 0 0 0 0 0 0 0 0 0 0 0 0 0 0 0 0 0 0 0 0 0 0 0 0 0 0 0 0 0 0 0 0 0 0 0 0 0 0 0 0 0 0 0 0 0 0 0 0 0 0 0 0 0 0 0 0 0 0 0 0 0 0 0 0 0 0 0 0 0 0 0 0 0 0 0 0 0 0 0 0 0 0 0 0 0 0 0 0 0 0 0 0 0 0 0 0 0 0 0 0 0 0 0 0 0 0 0 0 0 0 0 0 0 0 0 0 0 0 0 0 0 0 0 0 0 0 0 0 0 0 0 0 0 0 0 0 0 0 0 0 0 0 0 0 0 0 0 0 0 0 0 0 0 0 0 0 0 0 0 0 0 0 0 0 0 0 0 0 0 0 0 0 0 0 0 0 0 0 0 0 0 0 0 0 0 0 0 0 0 0 0 0 0 0 0 0 0 0 0 0 0 0 0 0 0 0 0 0 0 0 0 0 0 0 0 0 0 0 0 0 0 0 0 0 0 0 0 0 0 0 0 0 0 0 0 0 0 0 0 0 0 0 0 0 0 0 0 0 0 0 0 0 0 0 0 0 0 0 0 0 0 0 0 0 0 0 0 0 0 0 0 0 0 0 0 0 0 0 0 0 0 0 0 0 0 0 0 0 0 0 0 0 0 0 0 0 0 0 0 0 0 0 0 0 0 0 0 0 0 0 0 0 0 0 0 0 0 0 0 0 0 0 0 0 0 0 0 0 0 0 0 0 0 0 0 0 0 0 0 0 0 0 0 0 0 0 0 0 0 0 0 0 0 0 0 0 0 0 0 0 0 0 0 0 0 0 0 0 0 0 0 0 0 0 0 0 0 0 0 0 0 0 0 0 0 0 0 0 0 0 0 0 0 0 0 0 0 0 0 0 0 0 0 0 0 0 0 0 0 0 0 0 0 0 0 0 0 0 0 0 0 0 0 0 0 0 0 0 0 0 0 0 0 0 0 0 0 0 0 0 0 0 0 0 0 0 0 0 0 0 0 0 0 0 0 0 0 0 0 0 0 0 0 0 0 0 0 0 0 0 0 0 0 0 0 0 0 0 0 0 0 0 0 0 0 0 0 0 0 0 0 0 0 0 0 0 0 0 0 0 0 0 0 0 0 0 0 0 0 0 0 0 0 0 0 0 0 0 0 0 0 0 0 0 0 0 0 0 0 0 0 0 0 0 0 0 0 0 0 0 0 0 0 0 0 0 0 0 0 0 0 0 0 0 0 0 0 0 0 0 0 0 0 0 0 0 0 0 0 0 0 0 0 0 0 0 0 0 0 0 0 0 0 0 0 0 0 0 0 0 0 0 0 0 0 0 0 0 0 0 0 0 0 0 0 0 0 0 0 0 0 0 0 0 0 0 0 0 0 0 0 0 0 0 0 0 0 0 0 0 0 0 0 0 0 0 0 0 0 0 0 0 0 0 0 0 0 0 0 0 0 0 0 0 0 0 0 0 0 0 0 0 0 0 0 0 0 0 0 0 0 0 0 0 0 0 0 0 0 0 0 0 0 0 0 0 0 0 0 0 0 0 0 0 0 0 0 0 0 0 0 0 0 0 0 0 0 0 0 0 0 0 0 0 0 0 0 0 0 0 0 0 0 0 0 0 0 0 0 0 0 0 0 0 0 0 0 0 0 0 0 0 0 0 0 0 0 0 0 0 0 0 0 0 0 0 0 0 0 0 0 0 0 0 0 0 0 0 0 0 0 0 0 0 0 0 0 0 0 0 0 0 0 0 0 0 0 0 0 0 0 0 0 0 0 0 0 0 0 0 0 0 0 0 0 0 0 0 0 0 0 0 0 0 0 0 0 0 0 0 0 0 0 0 0 0 0 0 0 0 0 0 0 0 0 0 0 0 0 0 0 0 0 0 0 0 0 0 0 0 0 0 0 0 0 0 0 0 0 0 0 0 0 0 0 0 0 0 0 0 0 0 0 0 0 0 0 0 0 0 0 0 0 0 0 0 0 0 0 0 0 0 0 0 0 0 0 0 0 0 0 0 0 0 0 0 0 0 0 0 0 0 0 0 0 0 0 0 0 0 0 0 0 0 0 0 0 0 0 0 0 0 0 0 0 0 0 0 0 0 0 0 0 0 0 0 0 0 0 0 0 0 0 0 0 0 0 0 0 0 0 0 0 0 0 0 0 0 0 0 0 0 0 0 0 0 0 0 0 0 0 0 0 0 0 0 0 0 0 0 0 0 0 0 0 0 0 0 0 0 0 0 0 0 0 0 0 0 0 0 0 0 0 0 0 0 0 0 0 0 0 0 0 0 0 0 0 0 0 0 0 0 0 0 0 0 0 0 0 0 0 0 0 0 0 0 0 0 0 0 0 0 0 0 0 0 0 0 0 0 0 0 0 0 0 0 0 0 0 0 0 0 0 0 0 0 0 0 0 0 0 0 0 0 0 0 0 0 0 0 0 0 0 0 0 0 0 0 0 0 0 0 0 0 0 0 0 0 0 0 0 0 0 0 0 0 0 0 0 0 0 0 0 0 0 0 0 0 0 0 0 0 0 0 0 0 0 0 0 0 0 0 0 0 0 0 0 0 0 0 0 0 0 0 0 0 0 0 0 0 0 0 0 0 0 0 0 0 0 0 0 0 0 0 0 0 0 0 0 0 0 0 0 0 0 0 0 0 0 0 0 0 0 0 0 0 0 0 0 0 0 0 0 0 0 0 0 0 0 0 0 0 0 0 0 0 0 0 0 0 0 0 0 0 0 0 0 0 0 0 0 0 0 0 0 0 0 0 0 0 0 0 0 0 0 0 0 0 0 0 0 0 0 0 0 0 0 0 0 0 0 0 0 0 0 0 0 0 0 0 0 0 0 0 0 0 0 0 0 0 0 0 0 0 0 0 0 0 0 0 0 0 0 0 0 0 0 0 0 0 0 0 0 0 0 0 0 0 0 0 0 0 0 0 0 0 0 0 0 0 0 0 0 0 0 0 0 0 0 0 0 0 0 0 0 0 0 0 0 0 0 0 0 0 0 0 0 0 0 0 0 0 0 0 0 0 0 0 0 0 0 0 0 0 0 0 0 0 0 0 0 0 0 0 0 0 0 0 0 0 0 0 0 0 0 0 0 0 0 0 0 0 0 0 0 0 0 0 0 0 0 0 0 0 0 0 0 0 0 0 0 0 0 0 0 0 0 0 0 0 0 0 0 0 0 0 0 0 0 0 0 0 0 0 0 0 0 0 0 0 0 0 0 0 0 0 0 0 0 0 0 0 0 0 0 0 0 0 0 0 0 0 0 0 0 0 0 0 0 0 0 0 0 0 0 0 0 0 0 0 0 0 0 0 0 0 0 0 0 0 0 0 0 0 0 0 0 0 0 0 0 0 0 0 0 0 0 0 0 0 0 0 0 0 0 0 0 0 0 0 0 0 0 0 0 0 0 0 0 0 0 0 0 0 0 0 0 0 0 0 0 0 0 0 0 0 0 0 0 0 0 0 0 0 0 0 0 0 0 0 0 0 0 0 0 0 0 0 0 0 0 0 0 0 0 0 0 0 0 0 0 0 0 0 0 0 0 0 0 0 0 0 0 0 0 0 0 0 0 0 0 0 0 0 0 0 0 0 0 0 0 0 0 0 0 0 0 0 0 0 0 0 0 0 0 0 0 0 0 0 0 0 0 0 0 0 0 0 0 0 0 0 0 0 0 0 0 0 0 0 0 0 0 0 0 0 0 0 0 0 0 0 0 0 0 0 0 0 0 0 0 0 0 0 0 0 0 0 0 0 0 0 0 0 0 0 0 0 0 0 0 0 0 0 0 0 0 </v>
        </vertex_weights>
      </skin>
    </controller>
  </library_controllers>
  <library_visual_scenes>
    <visual_scene id="Scene" name="Scene">
      <node id="Armature" name="Armature" type="NODE">
        <matrix sid="transform">1 0 0 0 0 1 0 0 0 0 1 0 0 0 0 1</matrix>
        <node id="Armature_Root" name="Root" sid="Root" type="JOINT">
          <matrix sid="transform">1 0 0 0 0 1 0 0 0 0 1 0 0 0 0 1</matrix>
        </node>
      </node>
      <node id="TrunkBottom__mPltTreeOakTrunk" name="TrunkBottom__mPltTreeOakTrunk" type="NODE">
        <instance_controller url="#Armature_TrunkBottom__mPltTreeOakTrunk-mesh">
          <skeleton>#Armature_Root</skeleton>
          <bind_material>
            <technique_common>
              <instance_material symbol="mPltTreeOakTrunk" target="#mPltTreeOakTrunk" />
              <bind_vertex_input semantic="CHANNEL0" input_semantic="TEXCOORD" input_set="0" />
              <bind_vertex_input semantic="CHANNEL1" input_semantic="TEXCOORD" input_set="1" />
              <bind_vertex_input semantic="CHANNEL2" input_semantic="TEXCOORD" input_set="2" />
            </technique_common>
          </bind_material>
        </instance_controller>
      </node>
    </visual_scene>
  </library_visual_scenes>
  <scene>
    <instance_visual_scene url="#Scene" />
  </scene>
</COLLADA>