<?xml version="1.0" encoding="utf-8"?>
<COLLADA xmlns="http://www.collada.org/2005/11/COLLADASchema" version="1.4.1">
  <asset />
  <library_images>
    <image id="mPltTreeOakLeafColor_Grd">
      <init_from>mPltTreeOakLeafColor_Grd.png</init_from>
    </image>
    <image id="mPltTreeOakTrunkColor_Grd">
      <init_from>mPltTreeOakTrunkColor_Grd.png</init_from>
    </image>
    <image id="mPltTreeOakTrunk_AlbGry">
      <init_from>mPltTreeOakTrunk_AlbGry.png</init_from>
    </image>
    <image id="mPltTreeOakTrunk_Mix">
      <init_from>mPltTreeOakTrunk_Mix.png</init_from>
    </image>
    <image id="mPltTreeOakTrunk_Nrm">
      <init_from>mPltTreeOakTrunk_Nrm.png</init_from>
    </image>
    <image id="mTreeOakLeafBack_AlbGry">
      <init_from>mTreeOakLeafBack_AlbGry.png</init_from>
    </image>
    <image id="mTreeOakLeafBack_Mix">
      <init_from>mTreeOakLeafBack_Mix.png</init_from>
    </image>
    <image id="mTreeOakLeafBack_Nrm">
      <init_from>mTreeOakLeafBack_Nrm.png</init_from>
    </image>
    <image id="mTreeOakLeafBack_OP">
      <init_from>mTreeOakLeafBack_OP.png</init_from>
    </image>
    <image id="mTreeOakLeaf_AlbGry">
      <init_from>mTreeOakLeaf_AlbGry.png</init_from>
    </image>
    <image id="mTreeOakLeaf_Mix">
      <init_from>mTreeOakLeaf_Mix.png</init_from>
    </image>
    <image id="mTreeOakLeaf_Nrm">
      <init_from>mTreeOakLeaf_Nrm.png</init_from>
    </image>
    <image id="mTreeOakLeaf_OP">
      <init_from>mTreeOakLeaf_OP.png</init_from>
    </image>
  </library_images>
  <library_materials>
    <material id="mPltTreeOakTrunk">
      <instance_effect url="#Effect_mPltTreeOakTrunk" />
    </material>
    <material id="mTreeOakLeaf">
      <instance_effect url="#Effect_mTreeOakLeaf" />
    </material>
    <material id="mTreeOakLeafBack">
      <instance_effect url="#Effect_mTreeOakLeafBack" />
    </material>
  </library_materials>
  <library_effects>
    <effect id="Effect_mPltTreeOakTrunk">
      <profile_COMMON>
        <newparam sid="surface_mPltTreeOakTrunk-bump">
          <surface type="2D">
            <init_from>mPltTreeOakTrunk_Nrm</init_from>
            <format>A8R8G8B8</format>
          </surface>
        </newparam>
        <newparam sid="sampler_mPltTreeOakTrunk-bump">
          <sampler2D>
            <source>surface_mPltTreeOakTrunk-bump</source>
            <wrap_s>WRAP</wrap_s>
            <wrap_t>WRAP</wrap_t>
          </sampler2D>
        </newparam>
        <newparam sid="surface_mPltTreeOakTrunk-diffuse">
          <surface type="2D">
            <init_from>mPltTreeOakTrunk_AlbGry</init_from>
            <format>A8R8G8B8</format>
          </surface>
        </newparam>
        <newparam sid="sampler_mPltTreeOakTrunk-diffuse">
          <sampler2D>
            <source>surface_mPltTreeOakTrunk-diffuse</source>
            <wrap_s>WRAP</wrap_s>
            <wrap_t>WRAP</wrap_t>
          </sampler2D>
        </newparam>
        <newparam sid="surface_mPltTreeOakTrunk-specular">
          <surface type="2D">
            <init_from>mPltTreeOakTrunk_Mix</init_from>
            <format>A8R8G8B8</format>
          </surface>
        </newparam>
        <newparam sid="sampler_mPltTreeOakTrunk-specular">
          <sampler2D>
            <source>surface_mPltTreeOakTrunk-specular</source>
            <wrap_s>WRAP</wrap_s>
            <wrap_t>WRAP</wrap_t>
          </sampler2D>
        </newparam>
        <technique sid="common">
          <phong>
            <bump>
              <texture texture="sampler_mPltTreeOakTrunk-bump" texcoord="CHANNEL0" />
            </bump>
            <diffuse>
              <texture texture="sampler_mPltTreeOakTrunk-diffuse" texcoord="CHANNEL0" />
            </diffuse>
            <specular>
              <texture texture="sampler_mPltTreeOakTrunk-specular" texcoord="CHANNEL0" />
            </specular>
            <emission>
              <color sid="emission">0 0 0 1</color>
            </emission>
          </phong>
        </technique>
      </profile_COMMON>
    </effect>
    <effect id="Effect_mTreeOakLeaf">
      <profile_COMMON>
        <newparam sid="surface_mTreeOakLeaf-bump">
          <surface type="2D">
            <init_from>mTreeOakLeaf_Nrm</init_from>
            <format>A8R8G8B8</format>
          </surface>
        </newparam>
        <newparam sid="sampler_mTreeOakLeaf-bump">
          <sampler2D>
            <source>surface_mTreeOakLeaf-bump</source>
            <wrap_s>WRAP</wrap_s>
            <wrap_t>WRAP</wrap_t>
          </sampler2D>
        </newparam>
        <newparam sid="surface_mTreeOakLeaf-specular">
          <surface type="2D">
            <init_from>mTreeOakLeaf_Mix</init_from>
            <format>A8R8G8B8</format>
          </surface>
        </newparam>
        <newparam sid="sampler_mTreeOakLeaf-specular">
          <sampler2D>
            <source>surface_mTreeOakLeaf-specular</source>
            <wrap_s>WRAP</wrap_s>
            <wrap_t>WRAP</wrap_t>
          </sampler2D>
        </newparam>
        <newparam sid="surface_mTreeOakLeaf-diffuse">
          <surface type="2D">
            <init_from>mTreeOakLeaf_AlbGry</init_from>
            <format>A8R8G8B8</format>
          </surface>
        </newparam>
        <newparam sid="sampler_mTreeOakLeaf-diffuse">
          <sampler2D>
            <source>surface_mTreeOakLeaf-diffuse</source>
            <wrap_s>WRAP</wrap_s>
            <wrap_t>WRAP</wrap_t>
          </sampler2D>
        </newparam>
        <technique sid="common">
          <phong>
            <bump>
              <texture texture="sampler_mTreeOakLeaf-bump" texcoord="CHANNEL0" />
            </bump>
            <specular>
              <texture texture="sampler_mTreeOakLeaf-specular" texcoord="CHANNEL0" />
            </specular>
            <diffuse>
              <texture texture="sampler_mTreeOakLeaf-diffuse" texcoord="CHANNEL0" />
            </diffuse>
            <emission>
              <color sid="emission">0 0 0 1</color>
            </emission>
          </phong>
        </technique>
      </profile_COMMON>
    </effect>
    <effect id="Effect_mTreeOakLeafBack">
      <profile_COMMON>
        <newparam sid="surface_mTreeOakLeafBack-bump">
          <surface type="2D">
            <init_from>mTreeOakLeafBack_Nrm</init_from>
            <format>A8R8G8B8</format>
          </surface>
        </newparam>
        <newparam sid="sampler_mTreeOakLeafBack-bump">
          <sampler2D>
            <source>surface_mTreeOakLeafBack-bump</source>
            <wrap_s>WRAP</wrap_s>
            <wrap_t>WRAP</wrap_t>
          </sampler2D>
        </newparam>
        <newparam sid="surface_mTreeOakLeafBack-diffuse">
          <surface type="2D">
            <init_from>mTreeOakLeafBack_AlbGry</init_from>
            <format>A8R8G8B8</format>
          </surface>
        </newparam>
        <newparam sid="sampler_mTreeOakLeafBack-diffuse">
          <sampler2D>
            <source>surface_mTreeOakLeafBack-diffuse</source>
            <wrap_s>WRAP</wrap_s>
            <wrap_t>WRAP</wrap_t>
          </sampler2D>
        </newparam>
        <newparam sid="surface_mTreeOakLeafBack-specular">
          <surface type="2D">
            <init_from>mTreeOakLeafBack_Mix</init_from>
            <format>A8R8G8B8</format>
          </surface>
        </newparam>
        <newparam sid="sampler_mTreeOakLeafBack-specular">
          <sampler2D>
            <source>surface_mTreeOakLeafBack-specular</source>
            <wrap_s>WRAP</wrap_s>
            <wrap_t>WRAP</wrap_t>
          </sampler2D>
        </newparam>
        <technique sid="common">
          <phong>
            <bump>
              <texture texture="sampler_mTreeOakLeafBack-bump" texcoord="CHANNEL0" />
            </bump>
            <diffuse>
              <texture texture="sampler_mTreeOakLeafBack-diffuse" texcoord="CHANNEL0" />
            </diffuse>
            <specular>
              <texture texture="sampler_mTreeOakLeafBack-specular" texcoord="CHANNEL0" />
            </specular>
            <emission>
              <color sid="emission">0 0 0 1</color>
            </emission>
          </phong>
        </technique>
      </profile_COMMON>
    </effect>
  </library_effects>
  <library_geometries>
    <geometry id="L01_019__mTreeOakLeaf-mesh" name="L01_019__mTreeOakLeaf">
      <mesh>
        <source id="L01_019__mTreeOakLeaf-position">
          <float_array id="L01_019__mTreeOakLeaf-position-array" count="1320">-0.363976 9.043767 1.556182 -1.321956 11.9587 0.4847483 -2.518702 9.604614 1.480015 -2.795681 11.23629 0.8631613 0.3484669 12.08259 0.3263282 -1.321956 11.9587 0.4847483 1.101943 10.57881 0.8619682 -0.363976 9.043767 1.556182 2.429992 10.75708 -2.729489 0.3168802 13.21977 -2.549413 1.493789 11.34755 -0.7960847 0.38063 12.71073 -0.9451208 0.6870079 13.22314 -4.190679 0.3168802 13.21977 -2.549413 1.84683 11.93732 -4.533415 2.429992 10.75708 -2.729489 -1.27587 6.494891 1.094698 -1.365374 9.74341 1.134895 -3.200628 7.607439 0.9506958 -2.999737 9.361699 0.9931625 0.2873664 9.458115 1.268373 -1.365374 9.74341 1.134895 0.5845327 7.718089 1.267602 -1.27587 6.494891 1.094698 -4.148915 7.275728 1.719494 -3.939916 10.35518 0.7017372 -5.895243 8.323415 0.8162311 -5.543181 9.987289 0.3396115 -2.379564 10.09077 1.272835 -3.939916 10.35518 0.7017372 -2.252314 8.442221 1.890971 -4.148915 7.275728 1.719494 -5.6265 9.602777 -0.3778951 -4.158663 12.45846 -0.880921 -6.410905 11.06864 -1.860849 -5.44889 12.54657 -1.960035 -3.169821 11.784 0.3014762 -4.158663 12.45846 -0.880921 -3.786693 10.19021 0.7433739 -5.6265 9.602777 -0.3778951 -6.450557 11.12458 -1.717823 -4.199121 13.4629 -1.557169 -6.198221 12.61111 -3.357867 -4.91415 13.78362 -3.048076 -3.94637 12.66206 -0.09924864 -4.199121 13.4629 -1.557169 -5.084068 11.31934 0.03773443 -6.450557 11.12458 -1.717823 -4.169806 12.47898 -1.29002 -3.077058 14.15958 -3.848146 -5.43699 12.80902 -3.092384 -4.630909 13.74888 -4.351942 -1.747577 14.2252 -2.8191 -3.077058 14.15958 -3.848146 -2.116916 13.35732 -1.326998 -4.169806 12.47898 -1.29002 3.848518 5.363383 3.641132 3.405069 8.491189 2.877792 1.807773 6.237796 3.456865 1.816839 7.952763 3.034495 5.084352 8.387393 2.877822 3.405069 8.491189 2.877792 5.570415 6.737921 3.276544 3.848518 5.363383 3.641132 1.448374 11.74033 1.052538 4.232297 11.35502 -0.5795816 1.509774 11.80165 -1.173594 3.130517 11.56814 -1.835605 4.762464 11.22101 1.011558 4.232297 11.35502 -0.5795816 3.388667 11.40197 2.105145 1.448374 11.74033 1.052538 6.989903 9.801103 0.8522276 4.269208 11.5782 0.8995962 5.592417 9.742775 2.586247 4.184469 10.7902 2.385801 4.912578 12.00132 -0.5963342 4.269208 11.5782 0.8995962 6.431159 11.1372 -0.8477318 6.989903 9.801103 0.8522276 7.417868 7.863708 -0.5825606 5.669573 10.47829 0.2359422 6.662796 8.155009 1.493061 5.739253 9.646422 1.698843 5.958863 10.77331 -1.395019 5.669573 10.47829 0.2359422 6.915883 9.452338 -2.069662 7.417868 7.863708 -0.5825606 0.258018 11.52261 -0.5680553 -1.074264 13.93978 -2.284103 -1.707771 12.40497 -0.002108168 -2.228608 13.70311 -1.080602 0.3536325 13.68013 -3.135254 -1.074264 13.93978 -2.284103 1.265872 12.37823 -2.367872 0.258018 11.52261 -0.5680553 4.717483 3.796766 1.145895 3.997192 6.955122 1.407564 2.61728 4.493356 1.40494 2.472194 6.249595 1.523953 5.670084 7.012156 1.237447 3.997192 6.955122 1.407564 6.299783 5.371094 1.074996 4.717483 3.796766 1.145895 4.64722 6.399518 -0.6282002 4.95642 9.624599 -0.8846146 2.877204 7.749033 -0.5330908 3.291008 9.458401 -0.6956281 6.558344 9.128605 -1.020953 4.95642 9.624599 -0.8846146 6.639556 7.368897 -0.9076759 4.64722 6.399518 -0.6282002 5.722373 4.307866 1.667002 4.590263 7.350514 1.819062 3.653027 4.74548 2.366639 3.262933 6.468096 2.36355 6.150045 7.608196 1.243353 4.590263 7.350514 1.819062 6.977712 6.057973 1.0767 5.722373 4.307866 1.667002 1.492654 3.889523 1.769091 2.278323 7.003167 2.269539 -0.06505752 5.434751 2.155089 0.5995846 7.053167 2.397104 3.795742 6.313854 2.039218 2.278323 7.003167 2.269539 3.615276 4.583062 1.742924 1.492654 3.889523 1.769091 -0.4383953 4.786488 1.210899 0.9589167 7.642131 1.88568 -1.635446 6.658692 1.369357 -0.6603987 8.083134 1.743309 2.291327 6.614789 1.8895 0.9589167 7.642131 1.88568 1.763349 4.967544 1.537622 -0.4383953 4.786488 1.210899 3.077303 3.731285 0.4640201 3.024703 6.9766 0.6303656 1.176957 4.849017 0.7842602 1.396227 6.60072 0.8394495 4.663978 6.686131 0.3871258 3.024703 6.9766 0.6303656 4.939828 4.946997 0.2633858 3.077303 3.731285 0.4640201 1.941722 6.061294 1.495054 2.409011 9.277526 1.495011 0.2329459 7.485043 1.367717 0.7311864 9.179465 1.384448 3.990888 8.71521 1.605583 2.409011 9.277526 1.495011 3.986488 6.950077 1.622361 1.941722 6.061294 1.495054 -2.270749 13.70621 -0.1057332 -3.924071 13.47838 0.121326 -4.191864 12.20024 1.310546 -2.303858 11.32478 2.105651 -0.3920465 12.16161 1.310729 -0.6242259 13.44507 0.1212627 1.345539 11.90016 2.062684 -0.1479182 11.9275 1.284371 -1.179262 10.64644 1.928417 -0.1960909 9.439089 3.521801 1.895541 10.00129 4.066052 2.52246 11.36749 3.140591 5.17271 10.79876 2.064538 4.344951 9.941947 3.25518 5.296164 8.538251 3.74957 7.234373 8.359385 2.665805 7.690207 9.934473 1.149719 6.423782 11.1547 0.9973524 2.556121 12.65528 1.223848 1.060843 12.23112 1.872823 1.296978 11.26926 3.335238 3.442138 10.93646 3.835964 4.950235 11.83953 2.45853 4.23332 12.72652 1.111209 2.556829 12.60063 -0.1472416 0.9260657 12.44655 -0.5394229 0.06045961 11.68558 0.7989455 1.372411 11.18813 2.529415 3.53598 11.7063 2.335318 3.944399 12.46469 0.7945274 -2.621699 14.94 -2.215775 -4.272945 14.78668 -1.921132 -4.52952 14.01296 -0.3542511 -2.633927 13.50287 0.6991881 -0.7295432 14.02611 -0.3432864 -0.9729648 14.79824 -1.911901 -4.130586 14.10318 -0.6941505 -5.315243 14.20899 -1.886764 -6.58525 13.02249 -1.572319 -6.218834 11.80042 0.2540127 -4.350929 12.23408 1.398597 -3.374701 13.52456 0.6931455 -0.8188701 13.9717 -0.5391397 -2.116904 13.69058 0.4967253 -1.590751 12.68985 1.853665 0.5652819 12.13694 1.758747 1.726082 12.90326 0.01160551 0.7633657 13.87609 -1.103188 -2.931645 14.63095 -2.904872 -1.619292 14.41841 -1.87071 -0.1365933 14.2512 -2.81582 -0.4731603 14.37242 -5.014734 -2.577424 14.67953 -5.696617 -3.739206 14.79041 -4.372244 4.315668 12.27153 1.04519 3.682855 11.66733 2.484433 4.872193 10.62105 3.265701 6.776759 10.4433 2.123674 6.911755 11.58008 0.2061974 5.453807 12.50035 -0.172612 -4.270352 12.86155 0.01687892 -5.666805 12.86701 -0.9248347 -6.667172 11.47009 -0.5156083 -5.78081 10.18497 1.073744 -3.8084 10.82437 1.90319 -3.184036 12.30652 1.175594 -6.039751 12.31023 -1.940395 -7.054025 11.92266 -3.228019 -7.935934 10.43591 -2.865531 -7.434257 9.57567 -0.8726693 -5.929904 10.68163 0.3524772 -5.311805 12.13632 -0.4335399 -3.292858 14.65747 -3.030849 -4.18082 14.6366 -4.461941 -5.80095 14.00663 -4.149038 -6.137645 13.45719 -2.016449 -4.428885 13.77077 -0.6132332 -2.989006 14.43189 -1.391475 -1.254554 14.81953 -2.847326 -1.664944 14.42856 -1.261244 -0.2791548 13.69146 -0.4513882 1.518192 13.52148 -1.756702 1.321883 14.28482 -3.846195 -0.2748466 14.94397 -4.209475 -2.959173 14.28338 -3.201496 -1.982974 14.45668 -4.563088 -2.919411 14.09911 -6.017331 -5.035611 13.54838 -5.591202 -5.658813 13.52612 -3.44683 -4.36172 13.95916 -2.330573 -3.666066 13.99735 -3.923676 -2.653113 14.11657 -5.264068 -3.507632 13.56465 -6.70794 -5.596299 12.90587 -6.299677 -6.297091 13.03189 -4.183026 -5.075346 13.65402 -3.071141 0.3787966 13.63655 -1.472343 -0.1379385 13.0497 0.01947867 0.8689089 11.68146 0.5029785 2.456754 11.18675 -0.9793153 2.550509 12.45348 -2.816105 1.322191 13.72038 -2.862933 -0.3113208 12.95916 0.1577615 -1.785596 12.59167 0.8846689 -1.63694 11.09499 1.810652 0.4010882 10.19977 1.720042 1.926881 11.2886 0.5061229 1.30923 12.76008 -0.2483689 -6.280033 11.17955 -2.73448 -7.162359 11.04551 -4.162929 -7.759772 9.393013 -4.341689 -7.168036 8.054048 -2.66234 -5.937809 8.962377 -1.034861 -5.580037 10.67184 -1.291219 2.889056 11.39275 2.344639 1.344196 10.93434 2.834744 1.447843 9.518663 3.885797 3.535756 8.814846 4.215121 5.158679 9.964589 3.199534 4.5667 11.32185 2.238591 0.8473656 10.59375 2.543128 -0.768769 10.49169 2.07985 -1.467001 8.984629 2.68055 -0.02078891 7.737473 3.827836 2.049642 8.544036 4.051392 2.285245 10.10935 3.270189 2.866427 12.17766 0.6358045 4.322608 11.88808 1.431179 5.578183 11.4967 0.2522224 4.84826 11.51221 -1.852573 2.693362 12.00619 -2.168178 1.81717 12.3306 -0.6704994 3.799174 11.73941 -0.9592267 4.848863 11.35496 0.3006484 6.376473 10.76013 -0.3567457 6.41987 10.7119 -2.583623 4.578938 11.40247 -3.642529 3.287583 11.91289 -2.552633 2.490716 12.18943 0.6358045 2.754302 12.43151 -1.010054 1.266621 12.10886 -1.905762 -0.4345515 11.50134 -0.6018745 -0.03240132 11.38857 1.591927 1.626496 11.80606 2.027535 -1.588923 14.25488 -3.264337 0.09368896 14.2102 -3.203056 0.7352023 13.73713 -4.779209 -0.8486681 13.36195 -6.300322 -2.964795 13.6288 -5.638506 -3.11954 14.11621 -3.948986 -2.940889 11.85567 1.008764 -4.564074 11.76376 0.5685813 -5.270061 10.2739 1.202208 -3.821849 9.029367 2.349824 -1.740211 9.817001 2.533192 -1.49859 11.36726 1.7243 -0.4069295 10.98654 -0.4558962 -1.756397 10.36521 0.3377154 -1.413682 8.727458 0.9033084 0.6408772 8.030648 0.3969124 1.942042 9.459184 -0.7226685 1.15768 11.00095 -1.074404 6.037399 9.804981 1.775037 5.027154 8.865046 2.740884 5.707483 7.244397 2.914785 7.633288 6.974282 1.827813 8.411618 8.739492 0.7028949 7.375321 10.1637 0.8200254 -5.024958 13.5779 -2.26124 -5.741936 13.65968 -3.783143 -7.07326 12.50287 -3.877792 -7.366314 11.33897 -2.000921 -5.975889 11.7849 -0.3112243 -4.788721 13.0364 -0.6858873 -2.119235 14.2314 -1.822061 -3.770779 14.26895 -2.150584 -4.609274 13.1009 -1.124822 -3.245709 11.98379 0.2375093 -1.072188 12.48275 0.1189706 -0.6989858 13.73236 -1.070655 -2.937187 12.22605 -0.3405192 -4.540938 11.98753 -0.7966195 -5.122339 10.45034 -0.1496204 -3.585212 9.351652 1.030766 -1.582143 10.31971 1.225173 -1.466492 11.87437 0.3971413 -2.718463 10.74671 1.360659 -4.377 10.45522 1.325657 -4.70906 8.828096 1.927146 -2.873125 7.715466 2.522619 -0.9259851 8.782357 2.28262 -1.091683 10.4158 1.634241 -1.785168 12.86776 0.1789603 -3.422287 12.55901 0.426852 -3.619893 10.9957 1.224726 -1.688575 9.963728 1.634904 0.1732888 11.01981 0.9982309 -0.1282182 12.58024 0.2300116 -0.2873716 13.95477 -2.809337 0.2638826 13.25021 -1.382221 1.753496 12.35465 -1.696251 2.405179 12.44426 -3.824742 1.120868 13.61995 -5.223137 -0.2857742 14.34917 -4.444942 -5.285271 11.44791 -0.4134457 -6.44927 11.4518 -1.630831 -7.407677 9.970758 -1.543883 -6.782822 8.610698 0.1062639 -5.0812 9.290644 1.38273 -4.428758 10.86146 0.9106486 -5.1288 9.498846 -2.122614 -6.510994 9.570404 -3.082486 -7.186859 7.950109 -3.275986 -6.021999 6.37535 -2.214654 -4.214913 7.046443 -1.087144 -3.930003 8.785953 -1.181641 3.090002 11.59736 -0.4135449 4.715273 11.19452 -0.231469 5.349898 10.57275 -1.757982 3.833702 10.5236 -3.389524 1.782772 11.2465 -2.88128 1.617432 11.77972 -1.206667 3.53223 9.682787 2.7356 2.055451 9.05687 3.249687 2.297375 7.449398 3.94041 4.423967 6.786211 3.909123 5.909384 8.205715 3.034052 5.192106 9.71396 2.462468 -3.625576 9.246334 0.7110238 -5.225156 8.726581 0.6208242 -5.287159 6.965359 0.7384916 -3.280206 6.024537 0.9625192 -1.521581 7.400248 1.005717 -1.955083 9.104568 0.8528614 0.5890598 10.95304 0.1747142 -0.8549261 10.64293 0.9844514 -0.8938901 8.956874 1.509123 0.9334044 7.814346 0.944484 2.513108 8.928596 -0.1736339 2.103747 10.61869 -0.4769692 -5.52512 10.38103 -0.8389488 -6.790784 10.23133 -1.940138 -7.400379 8.573685 -1.92585 -6.325233 7.250218 -0.4920821 -4.674796 8.177868 0.6922868 -4.423734 9.887898 0.3334534 -4.958765 9.596409 -0.661723 -6.369722 9.21186 -1.497341 -6.714591 7.48838 -1.323348 -5.209793 6.407659 -0.08608602 -3.524506 7.61971 0.7372882 -3.599345 9.326222 0.2920797 5.717734 8.675002 1.83544 4.588705 7.825612 2.752372 4.958838 6.099275 2.703867 6.754087 5.615647 1.476521 7.804178 7.331752 0.5072452 7.059554 8.896226 0.8448132 1.026877 9.277149 3.158242 -0.471828 9.579838 2.451701 -1.397403 8.078915 2.351051 -0.3106947 6.315181 3.170501 1.737753 6.681158 3.981137 2.250942 8.366291 3.867299 -1.915147 13.90146 -3.216833 -2.603627 13.766 -1.685631 -1.493633 12.91631 -0.6060362 0.4101586 12.31367 -1.593757 0.6420126 12.85268 -3.7485 -0.7492206 13.7109 -4.414775 5.025094 7.790816 -0.8160475 3.891189 6.695788 -0.2226602 4.539112 5.055543 -0.3195019 6.594806 4.967587 -1.173656 7.521847 6.909586 -1.770682 6.481301 8.30616 -1.482862 1.146531 8.356617 2.472186 -0.5248611 8.517677 2.340111 -1.293499 6.940349 2.542149 0.1595857 5.289429 2.897393 2.322303 5.843875 2.946907 2.615276 7.565782 2.691567 2.565594 7.661638 2.243766 0.9208355 7.324849 2.378958 0.6899209 5.606196 2.714373 2.600621 4.468272 2.846836 4.486135 5.626438 2.54568 4.217544 7.342745 2.232399</float_array>
          <technique_common>
            <accessor source="#L01_019__mTreeOakLeaf-position-array" count="440" stride="3">
              <param name="X" type="float" />
              <param name="Y" type="float" />
              <param name="Z" type="float" />
            </accessor>
          </technique_common>
        </source>
        <source id="L01_019__mTreeOakLeaf-normal">
          <float_array id="L01_019__mTreeOakLeaf-normal-array" count="1320">0.07044991 0.3561644 0.9315066 0.07044991 0.3561644 0.9315066 0.07044991 0.3561644 0.9315066 0.07044991 0.3561644 0.9315066 0.07044991 0.3561644 0.9315066 0.07044991 0.3561644 0.9315066 0.07044991 0.3561644 0.9315066 0.07044991 0.3561644 0.9315066 0.7592953 0.6301366 0.1643834 0.7592953 0.6301366 0.1643834 0.7592953 0.6301366 0.1643834 0.7592953 0.6301366 0.1643834 0.7592953 0.6301366 0.1643834 0.7592953 0.6301366 0.1643834 0.7592953 0.6301366 0.1643834 0.7592953 0.6301366 0.1643834 -0.07436419 -0.02152634 0.9960859 -0.07436419 -0.02152634 0.9960859 -0.07436419 -0.02152634 0.9960859 -0.07436419 -0.02152634 0.9960859 -0.07436419 -0.02152634 0.9960859 -0.07436419 -0.02152634 0.9960859 -0.07436419 -0.02152634 0.9960859 -0.07436419 -0.02152634 0.9960859 -0.2720158 0.3111547 0.9099801 -0.2720158 0.3111547 0.9099801 -0.2720158 0.3111547 0.9099801 -0.2720158 0.3111547 0.9099801 -0.2720158 0.3111547 0.9099801 -0.2720158 0.3111547 0.9099801 -0.2720158 0.3111547 0.9099801 -0.2720158 0.3111547 0.9099801 -0.5655577 0.4070451 0.7181993 -0.5655577 0.4070451 0.7181993 -0.5655577 0.4070451 0.7181993 -0.5655577 0.4070451 0.7181993 -0.5655577 0.4070451 0.7181993 -0.5655577 0.4070451 0.7181993 -0.5655577 0.4070451 0.7181993 -0.5655577 0.4070451 0.7181993 -0.6634049 0.5968689 0.4520545 -0.6634049 0.5968689 0.4520545 -0.6634049 0.5968689 0.4520545 -0.6634049 0.5968689 0.4520545 -0.6634049 0.5968689 0.4520545 -0.6634049 0.5968689 0.4520545 -0.6634049 0.5968689 0.4520545 -0.6634049 0.5968689 0.4520545 -0.3502935 0.8414872 0.4129156 -0.3502935 0.8414872 0.4129156 -0.3502935 0.8414872 0.4129156 -0.3502935 0.8414872 0.4129156 -0.3502935 0.8414872 0.4129156 -0.3502935 0.8414872 0.4129156 -0.3502935 0.8414872 0.4129156 -0.3502935 0.8414872 0.4129156 0.02348317 0.2328767 0.9726024 0.02348317 0.2328767 0.9726024 0.02348317 0.2328767 0.9726024 0.02348317 0.2328767 0.9726024 0.02348317 0.2328767 0.9726024 0.02348317 0.2328767 0.9726024 0.02348317 0.2328767 0.9726024 0.02348317 0.2328767 0.9726024 0.1526419 0.988258 0.04109568 0.1526419 0.988258 0.04109568 0.1526419 0.988258 0.04109568 0.1526419 0.988258 0.04109568 0.1526419 0.988258 0.04109568 0.1526419 0.988258 0.04109568 0.1526419 0.988258 0.04109568 0.1526419 0.988258 0.04109568 0.5068491 0.7514674 0.4207434 0.5068491 0.7514674 0.4207434 0.5068491 0.7514674 0.4207434 0.5068491 0.7514674 0.4207434 0.5068491 0.7514674 0.4207434 0.5068491 0.7514674 0.4207434 0.5068491 0.7514674 0.4207434 0.5068491 0.7514674 0.4207434 0.845401 0.4833657 0.2289627 0.845401 0.4833657 0.2289627 0.845401 0.4833657 0.2289627 0.845401 0.4833657 0.2289627 0.845401 0.4833657 0.2289627 0.845401 0.4833657 0.2289627 0.845401 0.4833657 0.2289627 0.845401 0.4833657 0.2289627 0.475538 0.6634048 0.5792561 0.475538 0.6634048 0.5792561 0.475538 0.6634048 0.5792561 0.475538 0.6634048 0.5792561 0.475538 0.6634048 0.5792561 0.475538 0.6634048 0.5792561 0.475538 0.6634048 0.5792561 0.475538 0.6634048 0.5792561 0.1115457 -0.0645792 0.9921719 0.1115457 -0.0645792 0.9921719 0.1115457 -0.0645792 0.9921719 0.1115457 -0.0645792 0.9921719 0.1115457 -0.0645792 0.9921719 0.1115457 -0.0645792 0.9921719 0.1115457 -0.0645792 0.9921719 0.1115457 -0.0645792 0.9921719 0.1115458 0.06066538 0.9921719 0.1115458 0.06066538 0.9921719 0.1115458 0.06066538 0.9921719 0.1115458 0.06066538 0.9921719 0.1115458 0.06066538 0.9921719 0.1115458 0.06066538 0.9921719 0.1115458 0.06066538 0.9921719 0.1115458 0.06066538 0.9921719 0.3424655 0.07240701 0.9373775 0.3424655 0.07240701 0.9373775 0.3424655 0.07240701 0.9373775 0.3424655 0.07240701 0.9373775 0.3424655 0.07240701 0.9373775 0.3424655 0.07240701 0.9373775 0.3424655 0.07240701 0.9373775 0.3424655 0.07240701 0.9373775 0.07436376 -0.1839529 0.9804304 0.07436376 -0.1839529 0.9804304 0.07436376 -0.1839529 0.9804304 0.07436376 -0.1839529 0.9804304 0.07436376 -0.1839529 0.9804304 0.07436376 -0.1839529 0.9804304 0.07436376 -0.1839529 0.9804304 0.07436376 -0.1839529 0.9804304 -0.1272018 -0.1761251 0.9765164 -0.1272018 -0.1761251 0.9765164 -0.1272018 -0.1761251 0.9765164 -0.1272018 -0.1761251 0.9765164 -0.1272018 -0.1761251 0.9765164 -0.1272018 -0.1761251 0.9765164 -0.1272018 -0.1761251 0.9765164 -0.1272018 -0.1761251 0.9765164 0.1448139 -0.05675142 0.9882581 0.1448139 -0.05675142 0.9882581 0.1448139 -0.05675142 0.9882581 0.1448139 -0.05675142 0.9882581 0.1448139 -0.05675142 0.9882581 0.1448139 -0.05675142 0.9882581 0.1448139 -0.05675142 0.9882581 0.1448139 -0.05675142 0.9882581 -0.06066556 7.214379E-08 0.9980428 -0.06066556 7.214379E-08 0.9980428 -0.06066556 7.214379E-08 0.9980428 -0.06066556 7.214379E-08 0.9980428 -0.06066556 7.214379E-08 0.9980428 -0.06066556 7.214379E-08 0.9980428 -0.06066556 7.214379E-08 0.9980428 -0.06066556 7.214379E-08 0.9980428 0.01369851 0.6751466 0.7377688 0.01369851 0.6751466 0.7377688 0.01369851 0.6751466 0.7377688 0.01369851 0.6751466 0.7377688 0.01369851 0.6751466 0.7377688 0.01369851 0.6751466 0.7377688 -0.3483366 0.6223092 0.7005868 -0.3483366 0.6223092 0.7005868 -0.3483366 0.6223092 0.7005868 -0.3483366 0.6223092 0.7005868 -0.3483366 0.6223092 0.7005868 -0.3483366 0.6223092 0.7005868 0.4559684 0.547945 0.7025437 0.4559684 0.547945 0.7025437 0.4559684 0.547945 0.7025437 0.4559684 0.547945 0.7025437 0.4559684 0.547945 0.7025437 0.4559684 0.547945 0.7025437 0.009784667 0.8317024 0.5538157 0.009784667 0.8317024 0.5538157 0.009784667 0.8317024 0.5538157 0.009784667 0.8317024 0.5538157 0.009784667 0.8317024 0.5538157 0.009784667 0.8317024 0.5538157 0.5166339 0.6379645 0.5714284 0.5166339 0.6379645 0.5714284 0.5166339 0.6379645 0.5714284 0.5166339 0.6379645 0.5714284 0.5166339 0.6379645 0.5714284 0.5166339 0.6379645 0.5714284 0.003913853 0.8943246 0.4500976 0.003913853 0.8943246 0.4500976 0.003913853 0.8943246 0.4500976 0.003913853 0.8943246 0.4500976 0.003913853 0.8943246 0.4500976 0.003913853 0.8943246 0.4500976 -0.4931507 0.667319 0.5577297 -0.4931507 0.667319 0.5577297 -0.4931507 0.667319 0.5577297 -0.4931507 0.667319 0.5577297 -0.4931507 0.667319 0.5577297 -0.4931507 0.667319 0.5577297 0.2446183 0.8199607 0.5185907 0.2446183 0.8199607 0.5185907 0.2446183 0.8199607 0.5185907 0.2446183 0.8199607 0.5185907 0.2446183 0.8199607 0.5185907 0.2446183 0.8199607 0.5185907 0.1350294 0.990215 0.02348316 0.1350294 0.990215 0.02348316 0.1350294 0.990215 0.02348316 0.1350294 0.990215 0.02348316 0.1350294 0.990215 0.02348316 0.1350294 0.990215 0.02348316 0.3796476 0.7847356 0.4892366 0.3796476 0.7847356 0.4892366 0.3796476 0.7847356 0.4892366 0.3796476 0.7847356 0.4892366 0.3796476 0.7847356 0.4892366 0.3796476 0.7847356 0.4892366 -0.4677104 0.5322897 0.7064576 -0.4677104 0.5322897 0.7064576 -0.4677104 0.5322897 0.7064576 -0.4677104 0.5322897 0.7064576 -0.4677104 0.5322897 0.7064576 -0.4677104 0.5322897 0.7064576 -0.7338551 0.5303327 0.4246573 -0.7338551 0.5303327 0.4246573 -0.7338551 0.5303327 0.4246573 -0.7338551 0.5303327 0.4246573 -0.7338551 0.5303327 0.4246573 -0.7338551 0.5303327 0.4246573 -0.328767 0.9236789 0.1976514 -0.328767 0.9236789 0.1976514 -0.328767 0.9236789 0.1976514 -0.328767 0.9236789 0.1976514 -0.328767 0.9236789 0.1976514 -0.328767 0.9236789 0.1976514 0.3150684 0.9021524 0.2974558 0.3150684 0.9021524 0.2974558 0.3150684 0.9021524 0.2974558 0.3150684 0.9021524 0.2974558 0.3150684 0.9021524 0.2974558 0.3150684 0.9021524 0.2974558 -0.2739725 0.9589039 -0.0665364 -0.2739725 0.9589039 -0.0665364 -0.2739725 0.9589039 -0.0665364 -0.2739725 0.9589039 -0.0665364 -0.2739725 0.9589039 -0.0665364 -0.2739725 0.9589039 -0.0665364 -0.3365947 0.9275928 -0.1643837 -0.3365947 0.9275928 -0.1643837 -0.3365947 0.9275928 -0.1643837 -0.3365947 0.9275928 -0.1643837 -0.3365947 0.9275928 -0.1643837 -0.3365947 0.9275928 -0.1643837 0.6360076 0.620352 0.4579254 0.6360076 0.620352 0.4579254 0.6360076 0.620352 0.4579254 0.6360076 0.620352 0.4579254 0.6360076 0.620352 0.4579254 0.6360076 0.620352 0.4579254 0.2759293 0.5205478 0.8082189 0.2759293 0.5205478 0.8082189 0.2759293 0.5205478 0.8082189 0.2759293 0.5205478 0.8082189 0.2759293 0.5205478 0.8082189 0.2759293 0.5205478 0.8082189 -0.8336594 0.2407047 0.4990213 -0.8336594 0.2407047 0.4990213 -0.8336594 0.2407047 0.4990213 -0.8336594 0.2407047 0.4990213 -0.8336594 0.2407047 0.4990213 -0.8336594 0.2407047 0.4990213 0.08414857 0.5929549 0.8003911 0.08414857 0.5929549 0.8003911 0.08414857 0.5929549 0.8003911 0.08414857 0.5929549 0.8003911 0.08414857 0.5929549 0.8003911 0.08414857 0.5929549 0.8003911 -0.2661449 0.4540117 0.8493147 -0.2661449 0.4540117 0.8493147 -0.2661449 0.4540117 0.8493147 -0.2661449 0.4540117 0.8493147 -0.2661449 0.4540117 0.8493147 -0.2661449 0.4540117 0.8493147 0.2328767 0.9686885 -0.08414889 0.2328767 0.9686885 -0.08414889 0.2328767 0.9686885 -0.08414889 0.2328767 0.9686885 -0.08414889 0.2328767 0.9686885 -0.08414889 0.2328767 0.9686885 -0.08414889 0.3600782 0.9315066 -0.02348353 0.3600782 0.9315066 -0.02348353 0.3600782 0.9315066 -0.02348353 0.3600782 0.9315066 -0.02348353 0.3600782 0.9315066 -0.02348353 0.3600782 0.9315066 -0.02348353 -0.2759295 0.95499 0.101761 -0.2759295 0.95499 0.101761 -0.2759295 0.95499 0.101761 -0.2759295 0.95499 0.101761 -0.2759295 0.95499 0.101761 -0.2759295 0.95499 0.101761 0.02935432 0.9589038 -0.2837575 0.02935432 0.9589038 -0.2837575 0.02935432 0.9589038 -0.2837575 0.02935432 0.9589038 -0.2837575 0.02935432 0.9589038 -0.2837575 0.02935432 0.9589038 -0.2837575 -0.2504893 0.4696673 0.8454009 -0.2504893 0.4696673 0.8454009 -0.2504893 0.4696673 0.8454009 -0.2504893 0.4696673 0.8454009 -0.2504893 0.4696673 0.8454009 -0.2504893 0.4696673 0.8454009 0.3483364 0.3639921 0.8649704 0.3483364 0.3639921 0.8649704 0.3483364 0.3639921 0.8649704 0.3483364 0.3639921 0.8649704 0.3483364 0.3639921 0.8649704 0.3483364 0.3639921 0.8649704 0.508806 0.293542 0.808219 0.508806 0.293542 0.808219 0.508806 0.293542 0.808219 0.508806 0.293542 0.808219 0.508806 0.293542 0.808219 0.508806 0.293542 0.808219 -0.6340508 0.6927592 0.3424655 -0.6340508 0.6927592 0.3424655 -0.6340508 0.6927592 0.3424655 -0.6340508 0.6927592 0.3424655 -0.6340508 0.6927592 0.3424655 -0.6340508 0.6927592 0.3424655 -0.1193739 0.6966731 0.7084146 -0.1193739 0.6966731 0.7084146 -0.1193739 0.6966731 0.7084146 -0.1193739 0.6966731 0.7084146 -0.1193739 0.6966731 0.7084146 -0.1193739 0.6966731 0.7084146 -0.299413 0.4579256 0.8375731 -0.299413 0.4579256 0.8375731 -0.299413 0.4579256 0.8375731 -0.299413 0.4579256 0.8375731 -0.299413 0.4579256 0.8375731 -0.299413 0.4579256 0.8375731 -0.0763211 0.3522505 0.9334635 -0.0763211 0.3522505 0.9334635 -0.0763211 0.3522505 0.9334635 -0.0763211 0.3522505 0.9334635 -0.0763211 0.3522505 0.9334635 -0.0763211 0.3522505 0.9334635 0.05870824 0.44227 0.8943245 0.05870824 0.44227 0.8943245 0.05870824 0.44227 0.8943245 0.05870824 0.44227 0.8943245 0.05870824 0.44227 0.8943245 0.05870824 0.44227 0.8943245 0.5401173 0.8199605 0.1898237 0.5401173 0.8199605 0.1898237 0.5401173 0.8199605 0.1898237 0.5401173 0.8199605 0.1898237 0.5401173 0.8199605 0.1898237 0.5401173 0.8199605 0.1898237 -0.6418786 0.444227 0.6242658 -0.6418786 0.444227 0.6242658 -0.6418786 0.444227 0.6242658 -0.6418786 0.444227 0.6242658 -0.6418786 0.444227 0.6242658 -0.6418786 0.444227 0.6242658 -0.5557731 0.1272017 0.8219176 -0.5557731 0.1272017 0.8219176 -0.5557731 0.1272017 0.8219176 -0.5557731 0.1272017 0.8219176 -0.5557731 0.1272017 0.8219176 -0.5557731 0.1272017 0.8219176 0.2544032 0.9256357 -0.2798435 0.2544032 0.9256357 -0.2798435 0.2544032 0.9256357 -0.2798435 0.2544032 0.9256357 -0.2798435 0.2544032 0.9256357 -0.2798435 0.2544032 0.9256357 -0.2798435 0.1506847 0.4031311 0.9021524 0.1506847 0.4031311 0.9021524 0.1506847 0.4031311 0.9021524 0.1506847 0.4031311 0.9021524 0.1506847 0.4031311 0.9021524 0.1506847 0.4031311 0.9021524 -0.07045028 0.06262237 0.9960859 -0.07045028 0.06262237 0.9960859 -0.07045028 0.06262237 0.9960859 -0.07045028 0.06262237 0.9960859 -0.07045028 0.06262237 0.9960859 -0.07045028 0.06262237 0.9960859 0.436399 0.2524461 0.8630134 0.436399 0.2524461 0.8630134 0.436399 0.2524461 0.8630134 0.436399 0.2524461 0.8630134 0.436399 0.2524461 0.8630134 0.436399 0.2524461 0.8630134 -0.6497064 0.2387477 0.7221132 -0.6497064 0.2387477 0.7221132 -0.6497064 0.2387477 0.7221132 -0.6497064 0.2387477 0.7221132 -0.6497064 0.2387477 0.7221132 -0.6497064 0.2387477 0.7221132 -0.5322897 0.1839531 0.8258314 -0.5322897 0.1839531 0.8258314 -0.5322897 0.1839531 0.8258314 -0.5322897 0.1839531 0.8258314 -0.5322897 0.1839531 0.8258314 -0.5322897 0.1839531 0.8258314 0.5870839 0.09589031 0.8023482 0.5870839 0.09589031 0.8023482 0.5870839 0.09589031 0.8023482 0.5870839 0.09589031 0.8023482 0.5870839 0.09589031 0.8023482 0.5870839 0.09589031 0.8023482 -0.3874756 0.1702545 0.9060662 -0.3874756 0.1702545 0.9060662 -0.3874756 0.1702545 0.9060662 -0.3874756 0.1702545 0.9060662 -0.3874756 0.1702545 0.9060662 -0.3874756 0.1702545 0.9060662 0.4227005 0.8688843 0.2602738 0.4227005 0.8688843 0.2602738 0.4227005 0.8688843 0.2602738 0.4227005 0.8688843 0.2602738 0.4227005 0.8688843 0.2602738 0.4227005 0.8688843 0.2602738 0.3953031 0.09393341 0.9138941 0.3953031 0.09393341 0.9138941 0.3953031 0.09393341 0.9138941 0.3953031 0.09393341 0.9138941 0.3953031 0.09393341 0.9138941 0.3953031 0.09393341 0.9138941 -0.0587086 0.1467711 0.988258 -0.0587086 0.1467711 0.988258 -0.0587086 0.1467711 0.988258 -0.0587086 0.1467711 0.988258 -0.0587086 0.1467711 0.988258 -0.0587086 0.1467711 0.988258 0.05088042 0.1780822 0.9823872 0.05088042 0.1780822 0.9823872 0.05088042 0.1780822 0.9823872 0.05088042 0.1780822 0.9823872 0.05088042 0.1780822 0.9823872 0.05088042 0.1780822 0.9823872</float_array>
          <technique_common>
            <accessor source="#L01_019__mTreeOakLeaf-normal-array" count="440" stride="3">
              <param name="X" type="float" />
              <param name="Y" type="float" />
              <param name="Z" type="float" />
            </accessor>
          </technique_common>
        </source>
        <source id="L01_019__mTreeOakLeaf-color">
          <float_array id="L01_019__mTreeOakLeaf-color-array" count="1760">1 1 1 0.0009994507 1 1 1 0.0009994507 1 1 1 0.0009994507 1 1 1 0.0009994507 1 1 1 0.0009994507 1 1 1 0.0009994507 1 1 1 0.0009994507 1 1 1 0.0009994507 1 1 1 0.0009994507 1 1 1 0.0009994507 1 1 1 0.0009994507 1 1 1 0.0009994507 1 1 1 0.0009994507 1 1 1 0.0009994507 1 1 1 0.0009994507 1 1 1 0.0009994507 1 1 1 0.0009994507 1 1 1 0.0009994507 1 1 1 0.0009994507 1 1 1 0.0009994507 1 1 1 0.0009994507 1 1 1 0.0009994507 1 1 1 0.0009994507 1 1 1 0.0009994507 -4 10.09375 0.7998047 1 -4 10.09375 0.7998047 1 -4 10.09375 0.7998047 1 -4 10.09375 0.7998047 1 -4 10.09375 0.7998047 1 -4 10.09375 0.7998047 1 -4 10.09375 0.7998047 1 -4 10.09375 0.7998047 1 1 1 1 0.0009994507 1 1 1 0.0009994507 1 1 1 0.0009994507 1 1 1 0.0009994507 1 1 1 0.0009994507 1 1 1 0.0009994507 1 1 1 0.0009994507 1 1 1 0.0009994507 1 1 1 0.0009994507 1 1 1 0.0009994507 1 1 1 0.0009994507 1 1 1 0.0009994507 1 1 1 0.0009994507 1 1 1 0.0009994507 1 1 1 0.0009994507 1 1 1 0.0009994507 1 1 1 0.0009994507 1 1 1 0.0009994507 1 1 1 0.0009994507 1 1 1 0.0009994507 1 1 1 0.0009994507 1 1 1 0.0009994507 1 1 1 0.0009994507 1 1 1 0.0009994507 3.398438 8.296875 2.898438 1 3.398438 8.296875 2.898438 1 3.398438 8.296875 2.898438 1 3.398438 8.296875 2.898438 1 3.398438 8.296875 2.898438 1 3.398438 8.296875 2.898438 1 3.398438 8.296875 2.898438 1 3.398438 8.296875 2.898438 1 1 1 1 0.0009994507 1 1 1 0.0009994507 1 1 1 0.0009994507 1 1 1 0.0009994507 1 1 1 0.0009994507 1 1 1 0.0009994507 1 1 1 0.0009994507 1 1 1 0.0009994507 1 1 1 0.0009994507 1 1 1 0.0009994507 1 1 1 0.0009994507 1 1 1 0.0009994507 1 1 1 0.0009994507 1 1 1 0.0009994507 1 1 1 0.0009994507 1 1 1 0.0009994507 1 1 1 0.0009994507 1 1 1 0.0009994507 1 1 1 0.0009994507 1 1 1 0.0009994507 1 1 1 0.0009994507 1 1 1 0.0009994507 1 1 1 0.0009994507 1 1 1 0.0009994507 1 1 1 0.0009994507 1 1 1 0.0009994507 1 1 1 0.0009994507 1 1 1 0.0009994507 1 1 1 0.0009994507 1 1 1 0.0009994507 1 1 1 0.0009994507 1 1 1 0.0009994507 4 6.699219 1.399414 1 4 6.699219 1.399414 1 4 6.699219 1.399414 1 4 6.699219 1.399414 1 4 6.699219 1.399414 1 4 6.699219 1.399414 1 4 6.699219 1.399414 1 4 6.699219 1.399414 1 1 1 1 0.0009994507 1 1 1 0.0009994507 1 1 1 0.0009994507 1 1 1 0.0009994507 1 1 1 0.0009994507 1 1 1 0.0009994507 1 1 1 0.0009994507 1 1 1 0.0009994507 4.699219 7.097656 1.799805 1 4.699219 7.097656 1.799805 1 4.699219 7.097656 1.799805 1 4.699219 7.097656 1.799805 1 4.699219 7.097656 1.799805 1 4.699219 7.097656 1.799805 1 4.699219 7.097656 1.799805 1 4.699219 7.097656 1.799805 1 2.199219 6.796875 2.199219 1 2.199219 6.796875 2.199219 1 2.199219 6.796875 2.199219 1 2.199219 6.796875 2.199219 1 2.199219 6.796875 2.199219 1 2.199219 6.796875 2.199219 1 2.199219 6.796875 2.199219 1 2.199219 6.796875 2.199219 1 0.8999023 7.398438 1.799805 1 0.8999023 7.398438 1.799805 1 0.8999023 7.398438 1.799805 1 0.8999023 7.398438 1.799805 1 0.8999023 7.398438 1.799805 1 0.8999023 7.398438 1.799805 1 0.8999023 7.398438 1.799805 1 0.8999023 7.398438 1.799805 1 3 6.796875 0.5996094 1 3 6.796875 0.5996094 1 3 6.796875 0.5996094 1 3 6.796875 0.5996094 1 3 6.796875 0.5996094 1 3 6.796875 0.5996094 1 3 6.796875 0.5996094 1 3 6.796875 0.5996094 1 0.8999023 7.398438 1.799805 0.0009994507 0.8999023 7.398438 1.799805 0.0009994507 0.8999023 7.398438 1.799805 0.0009994507 0.8999023 7.398438 1.799805 0.0009994507 0.8999023 7.398438 1.799805 0.0009994507 0.8999023 7.398438 1.799805 0.0009994507 0.8999023 7.398438 1.799805 0.0009994507 0.8999023 7.398438 1.799805 0.0009994507 -2.298828 13.5 0 1 -2.298828 13.5 0 1 -2.298828 13.5 0 1 -2.298828 13.5 0 1 -2.298828 13.5 0 1 -2.298828 13.5 0 1 1.199219 11.69531 2.199219 1 1.199219 11.69531 2.199219 1 1.199219 11.69531 2.199219 1 1.199219 11.69531 2.199219 1 1.199219 11.69531 2.199219 1 1.199219 11.69531 2.199219 1 5.296875 10.59375 2.099609 1 5.296875 10.59375 2.099609 1 5.296875 10.59375 2.099609 1 5.296875 10.59375 2.099609 1 5.296875 10.59375 2.099609 1 5.296875 10.59375 2.099609 1 2.599609 12.5 1.399414 1 2.599609 12.5 1.399414 1 2.599609 12.5 1.399414 1 2.599609 12.5 1.399414 1 2.599609 12.5 1.399414 1 2.599609 12.5 1.399414 1 1 1 1 0.0009994507 1 1 1 0.0009994507 1 1 1 0.0009994507 1 1 1 0.0009994507 1 1 1 0.0009994507 1 1 1 0.0009994507 -2.599609 14.79688 -2 0.7998047 -2.599609 14.79688 -2 0.7998047 -2.599609 14.79688 -2 0.7998047 -2.599609 14.79688 -2 0.7998047 -2.599609 14.79688 -2 0.7998047 -2.599609 14.79688 -2 0.7998047 -4.296875 13.89844 -0.5996094 1 -4.296875 13.89844 -0.5996094 1 -4.296875 13.89844 -0.5996094 1 -4.296875 13.89844 -0.5996094 1 -4.296875 13.89844 -0.5996094 1 -4.296875 13.89844 -0.5996094 1 -0.699707 13.79688 -0.3999023 1 -0.699707 13.79688 -0.3999023 1 -0.699707 13.79688 -0.3999023 1 -0.699707 13.79688 -0.3999023 1 -0.699707 13.79688 -0.3999023 1 -0.699707 13.79688 -0.3999023 1 -2.798828 14.59375 -3 0.5 -2.798828 14.59375 -3 0.5 -2.798828 14.59375 -3 0.5 -2.798828 14.59375 -3 0.5 -2.798828 14.59375 -3 0.5 -2.798828 14.59375 -3 0.5 4.5 12.09375 1.099609 1 4.5 12.09375 1.099609 1 4.5 12.09375 1.099609 1 4.5 12.09375 1.099609 1 4.5 12.09375 1.099609 1 4.5 12.09375 1.099609 1 -4.398438 12.69531 0.09997559 1 -4.398438 12.69531 0.09997559 1 -4.398438 12.69531 0.09997559 1 -4.398438 12.69531 0.09997559 1 -4.398438 12.69531 0.09997559 1 -4.398438 12.69531 0.09997559 1 -6.097656 12.09375 -1.899414 1 -6.097656 12.09375 -1.899414 1 -6.097656 12.09375 -1.899414 1 -6.097656 12.09375 -1.899414 1 -6.097656 12.09375 -1.899414 1 -6.097656 12.09375 -1.899414 1 -3.5 14.59375 -3 1 -3.5 14.59375 -3 1 -3.5 14.59375 -3 1 -3.5 14.59375 -3 1 -3.5 14.59375 -3 1 -3.5 14.59375 -3 1 -1.099609 14.69531 -2.798828 0.5996094 -1.099609 14.69531 -2.798828 0.5996094 -1.099609 14.69531 -2.798828 0.5996094 -1.099609 14.69531 -2.798828 0.5996094 -1.099609 14.69531 -2.798828 0.5996094 -1.099609 14.69531 -2.798828 0.5996094 -3.099609 14.19531 -3.398438 1 -3.099609 14.19531 -3.398438 1 -3.099609 14.19531 -3.398438 1 -3.099609 14.19531 -3.398438 1 -3.099609 14.19531 -3.398438 1 -3.099609 14.19531 -3.398438 1 -3.798828 13.89844 -4.097656 1 -3.798828 13.89844 -4.097656 1 -3.798828 13.89844 -4.097656 1 -3.798828 13.89844 -4.097656 1 -3.798828 13.89844 -4.097656 1 -3.798828 13.89844 -4.097656 1 1 1 1 0.0009994507 1 1 1 0.0009994507 1 1 1 0.0009994507 1 1 1 0.0009994507 1 1 1 0.0009994507 1 1 1 0.0009994507 1 1 1 0.0009994507 1 1 1 0.0009994507 1 1 1 0.0009994507 1 1 1 0.0009994507 1 1 1 0.0009994507 1 1 1 0.0009994507 -6.296875 11 -2.699219 1 -6.296875 11 -2.699219 1 -6.296875 11 -2.699219 1 -6.296875 11 -2.699219 1 -6.296875 11 -2.699219 1 -6.296875 11 -2.699219 1 2.898438 11.19531 2.5 1 2.898438 11.19531 2.5 1 2.898438 11.19531 2.5 1 2.898438 11.19531 2.5 1 2.898438 11.19531 2.5 1 2.898438 11.19531 2.5 1 0.7998047 10.39844 2.599609 1 0.7998047 10.39844 2.599609 1 0.7998047 10.39844 2.599609 1 0.7998047 10.39844 2.599609 1 0.7998047 10.39844 2.599609 1 0.7998047 10.39844 2.599609 1 1 1 1 0.0009994507 1 1 1 0.0009994507 1 1 1 0.0009994507 1 1 1 0.0009994507 1 1 1 0.0009994507 1 1 1 0.0009994507 4 11.69531 -1.099609 1 4 11.69531 -1.099609 1 4 11.69531 -1.099609 1 4 11.69531 -1.099609 1 4 11.69531 -1.099609 1 4 11.69531 -1.099609 1 1 1 1 0.0009994507 1 1 1 0.0009994507 1 1 1 0.0009994507 1 1 1 0.0009994507 1 1 1 0.0009994507 1 1 1 0.0009994507 -1.5 14.19531 -3.5 1 -1.5 14.19531 -3.5 1 -1.5 14.19531 -3.5 1 -1.5 14.19531 -3.5 1 -1.5 14.19531 -3.5 1 -1.5 14.19531 -3.5 1 -3 11.69531 1.099609 1 -3 11.69531 1.099609 1 -3 11.69531 1.099609 1 -3 11.69531 1.099609 1 -3 11.69531 1.099609 1 -3 11.69531 1.099609 1 1 1 1 0.0009994507 1 1 1 0.0009994507 1 1 1 0.0009994507 1 1 1 0.0009994507 1 1 1 0.0009994507 1 1 1 0.0009994507 6.097656 9.59375 1.799805 1 6.097656 9.59375 1.799805 1 6.097656 9.59375 1.799805 1 6.097656 9.59375 1.799805 1 6.097656 9.59375 1.799805 1 6.097656 9.59375 1.799805 1 -5.199219 13.39844 -2.199219 0.5 -5.199219 13.39844 -2.199219 0.5 -5.199219 13.39844 -2.199219 0.5 -5.199219 13.39844 -2.199219 0.5 -5.199219 13.39844 -2.199219 0.5 -5.199219 13.39844 -2.199219 0.5 1 1 1 0.0009994507 1 1 1 0.0009994507 1 1 1 0.0009994507 1 1 1 0.0009994507 1 1 1 0.0009994507 1 1 1 0.0009994507 1 1 1 0.0009994507 1 1 1 0.0009994507 1 1 1 0.0009994507 1 1 1 0.0009994507 1 1 1 0.0009994507 1 1 1 0.0009994507 -2.699219 10.5 1.399414 1 -2.699219 10.5 1.399414 1 -2.699219 10.5 1.399414 1 -2.699219 10.5 1.399414 1 -2.699219 10.5 1.399414 1 -2.699219 10.5 1.399414 1 1 1 1 0.0009994507 1 1 1 0.0009994507 1 1 1 0.0009994507 1 1 1 0.0009994507 1 1 1 0.0009994507 1 1 1 0.0009994507 1 1 1 0.0009994507 1 1 1 0.0009994507 1 1 1 0.0009994507 1 1 1 0.0009994507 1 1 1 0.0009994507 1 1 1 0.0009994507 -5.398438 11.29688 -0.3999023 1 -5.398438 11.29688 -0.3999023 1 -5.398438 11.29688 -0.3999023 1 -5.398438 11.29688 -0.3999023 1 -5.398438 11.29688 -0.3999023 1 -5.398438 11.29688 -0.3999023 1 -5.199219 9.296875 -2.099609 1 -5.199219 9.296875 -2.099609 1 -5.199219 9.296875 -2.099609 1 -5.199219 9.296875 -2.099609 1 -5.199219 9.296875 -2.099609 1 -5.199219 9.296875 -2.099609 1 1 1 1 0.0009994507 1 1 1 0.0009994507 1 1 1 0.0009994507 1 1 1 0.0009994507 1 1 1 0.0009994507 1 1 1 0.0009994507 3.599609 9.5 2.798828 1 3.599609 9.5 2.798828 1 3.599609 9.5 2.798828 1 3.599609 9.5 2.798828 1 3.599609 9.5 2.798828 1 3.599609 9.5 2.798828 1 -3.599609 9 0.699707 1 -3.599609 9 0.699707 1 -3.599609 9 0.699707 1 -3.599609 9 0.699707 1 -3.599609 9 0.699707 1 -3.599609 9 0.699707 1 1 1 1 0.0009994507 1 1 1 0.0009994507 1 1 1 0.0009994507 1 1 1 0.0009994507 1 1 1 0.0009994507 1 1 1 0.0009994507 -5.597656 10.19531 -0.7998047 1 -5.597656 10.19531 -0.7998047 1 -5.597656 10.19531 -0.7998047 1 -5.597656 10.19531 -0.7998047 1 -5.597656 10.19531 -0.7998047 1 -5.597656 10.19531 -0.7998047 1 -5 9.398438 -0.5996094 0.7998047 -5 9.398438 -0.5996094 0.7998047 -5 9.398438 -0.5996094 0.7998047 -5 9.398438 -0.5996094 0.7998047 -5 9.398438 -0.5996094 0.7998047 -5 9.398438 -0.5996094 0.7998047 5.796875 8.5 1.799805 1 5.796875 8.5 1.799805 1 5.796875 8.5 1.799805 1 5.796875 8.5 1.799805 1 5.796875 8.5 1.799805 1 5.796875 8.5 1.799805 1 0.8999023 9.09375 3.199219 1 0.8999023 9.09375 3.199219 1 0.8999023 9.09375 3.199219 1 0.8999023 9.09375 3.199219 1 0.8999023 9.09375 3.199219 1 0.8999023 9.09375 3.199219 1 1 1 1 0.0009994507 1 1 1 0.0009994507 1 1 1 0.0009994507 1 1 1 0.0009994507 1 1 1 0.0009994507 1 1 1 0.0009994507 5.097656 7.597656 -0.7998047 1 5.097656 7.597656 -0.7998047 1 5.097656 7.597656 -0.7998047 1 5.097656 7.597656 -0.7998047 1 5.097656 7.597656 -0.7998047 1 5.097656 7.597656 -0.7998047 1 1.099609 8.09375 2.5 1 1.099609 8.09375 2.5 1 1.099609 8.09375 2.5 1 1.099609 8.09375 2.5 1 1.099609 8.09375 2.5 1 1.099609 8.09375 2.5 1 2.599609 7.398438 2.298828 1 2.599609 7.398438 2.298828 1 2.599609 7.398438 2.298828 1 2.599609 7.398438 2.298828 1 2.599609 7.398438 2.298828 1 2.599609 7.398438 2.298828 1</float_array>
          <technique_common>
            <accessor source="#L01_019__mTreeOakLeaf-color-array" count="440" stride="4">
              <param name="R" type="float" />
              <param name="G" type="float" />
              <param name="B" type="float" />
              <param name="A" type="float" />
            </accessor>
          </technique_common>
        </source>
        <source id="L01_019__mTreeOakLeaf-texcoord">
          <float_array id="L01_019__mTreeOakLeaf-texcoord-array" count="880">0.8388672 0.3554688 0.8388672 0.6557617 0.6640625 0.4609375 0.6845703 0.625 0.9775391 0.6257324 0.8388672 0.6557617 0.9985352 0.4619141 0.8388672 0.3554688 0.8388672 0.3554688 0.8388672 0.6557617 0.6640625 0.4609375 0.6845703 0.625 0.9775391 0.6257324 0.8388672 0.6557617 0.9985352 0.4619141 0.8388672 0.3554688 0.8388672 0.3554688 0.8388672 0.6557617 0.6640625 0.4609375 0.6845703 0.625 0.9775391 0.6257324 0.8388672 0.6557617 0.9985352 0.4619141 0.8388672 0.3554688 0.8388672 0.3554688 0.8388672 0.6557617 0.6640625 0.4609375 0.6845703 0.625 0.9775391 0.6257324 0.8388672 0.6557617 0.9985352 0.4619141 0.8388672 0.3554688 0.8388672 0.3554688 0.8388672 0.6557617 0.6640625 0.4609375 0.6845703 0.625 0.9775391 0.6257324 0.8388672 0.6557617 0.9985352 0.4619141 0.8388672 0.3554688 0.8388672 0.3554688 0.8388672 0.6557617 0.6640625 0.4609375 0.6845703 0.625 0.9775391 0.6257324 0.8388672 0.6557617 0.9985352 0.4619141 0.8388672 0.3554688 0.8388672 0.3554688 0.8388672 0.6557617 0.6640625 0.4609375 0.6845703 0.625 0.9775391 0.6257324 0.8388672 0.6557617 0.9985352 0.4619141 0.8388672 0.3554688 0.8388672 0.3554688 0.8388672 0.6557617 0.6640625 0.4609375 0.6845703 0.625 0.9775391 0.6257324 0.8388672 0.6557617 0.9985352 0.4619141 0.8388672 0.3554688 0.8388672 0.3554688 0.8388672 0.6557617 0.6640625 0.4609375 0.6845703 0.625 0.9775391 0.6257324 0.8388672 0.6557617 0.9985352 0.4619141 0.8388672 0.3554688 0.8388672 0.3554688 0.8388672 0.6557617 0.6640625 0.4609375 0.6845703 0.625 0.9775391 0.6257324 0.8388672 0.6557617 0.9985352 0.4619141 0.8388672 0.3554688 0.8388672 0.3554688 0.8388672 0.6557617 0.6640625 0.4609375 0.6845703 0.625 0.9775391 0.6257324 0.8388672 0.6557617 0.9985352 0.4619141 0.8388672 0.3554688 0.8388672 0.009277344 0.8388672 0.3095703 0.6650391 0.1147461 0.6860352 0.2788086 0.980957 0.2797852 0.8388672 0.3095703 1.000977 0.1157227 0.8388672 0.009277344 0.8388672 0.009277344 0.8388672 0.3095703 0.6650391 0.1147461 0.6860352 0.2788086 0.980957 0.2797852 0.8388672 0.3095703 1.000977 0.1157227 0.8388672 0.009277344 0.8388672 0.009277344 0.8388672 0.3095703 0.6650391 0.1147461 0.6860352 0.2788086 0.980957 0.2797852 0.8388672 0.3095703 1.000977 0.1157227 0.8388672 0.009277344 0.8388672 0.009277344 0.8388672 0.3095703 0.6650391 0.1147461 0.6860352 0.2788086 0.980957 0.2797852 0.8388672 0.3095703 1.000977 0.1157227 0.8388672 0.009277344 0.8388672 0.009277344 0.8388672 0.3095703 0.6650391 0.1147461 0.6860352 0.2788086 0.980957 0.2797852 0.8388672 0.3095703 1.000977 0.1157227 0.8388672 0.009277344 0.8388672 0.009277344 0.8388672 0.3095703 0.6650391 0.1147461 0.6860352 0.2788086 0.980957 0.2797852 0.8388672 0.3095703 1.000977 0.1157227 0.8388672 0.009277344 0.8388672 0.009277344 0.8388672 0.3095703 0.6650391 0.1147461 0.6860352 0.2788086 0.980957 0.2797852 0.8388672 0.3095703 1.000977 0.1157227 0.8388672 0.009277344 0.8388672 0.009277344 0.8388672 0.3095703 0.6650391 0.1147461 0.6860352 0.2788086 0.980957 0.2797852 0.8388672 0.3095703 1.000977 0.1157227 0.8388672 0.009277344 0.1706543 0.9875488 0.03341675 0.9568787 0.01262665 0.7983398 0.1706543 0.6928711 0.3286133 0.7991943 0.3078613 0.9577026 0.1706543 0.9875488 0.03341675 0.9568787 0.01262665 0.7983398 0.1706543 0.6928711 0.3286133 0.7991943 0.3078613 0.9577026 0.1706543 0.9875488 0.03341675 0.9568787 0.01262665 0.7983398 0.1706543 0.6928711 0.3286133 0.7991943 0.3078613 0.9577026 0.1706543 0.9875488 0.03341675 0.9568787 0.01262665 0.7983398 0.1706543 0.6928711 0.3286133 0.7991943 0.3078613 0.9577026 0.1706543 0.9875488 0.03341675 0.9568787 0.01262665 0.7983398 0.1706543 0.6928711 0.3286133 0.7991943 0.3078613 0.9577026 0.1706543 0.9875488 0.03341675 0.9568787 0.01262665 0.7983398 0.1706543 0.6928711 0.3286133 0.7991943 0.3078613 0.9577026 0.5043945 0.9928436 0.3669434 0.9621582 0.3461914 0.8035889 0.5043945 0.6982422 0.6621094 0.8045654 0.6416016 0.9630127 0.5043945 0.9928436 0.3669434 0.9621582 0.3461914 0.8035889 0.5043945 0.6982422 0.6621094 0.8045654 0.6416016 0.9630127 0.5043945 0.9928436 0.3669434 0.9621582 0.3461914 0.8035889 0.5043945 0.6982422 0.6621094 0.8045654 0.6416016 0.9630127 0.5043945 0.9928436 0.3669434 0.9621582 0.3461914 0.8035889 0.5043945 0.6982422 0.6621094 0.8045654 0.6416016 0.9630127 0.8393555 0.9917374 0.6933594 0.9610596 0.6723633 0.8024902 0.8393555 0.6970215 0.9985352 0.8034668 0.9775391 0.9619141 0.8393555 0.9917374 0.6933594 0.9610596 0.6723633 0.8024902 0.8393555 0.6970215 0.9985352 0.8034668 0.9775391 0.9619141 0.8393555 0.9917374 0.6933594 0.9610596 0.6723633 0.8024902 0.8393555 0.6970215 0.9985352 0.8034668 0.9775391 0.9619141 0.8393555 0.9917374 0.6933594 0.9610596 0.6723633 0.8024902 0.8393555 0.6970215 0.9985352 0.8034668 0.9775391 0.9619141 0.8393555 0.9917374 0.6933594 0.9610596 0.6723633 0.8024902 0.8393555 0.6970215 0.9985352 0.8034668 0.9775391 0.9619141 0.8393555 0.9917374 0.6933594 0.9610596 0.6723633 0.8024902 0.8393555 0.6970215 0.9985352 0.8034668 0.9775391 0.9619141 0.8393555 0.9917374 0.6933594 0.9610596 0.6723633 0.8024902 0.8393555 0.6970215 0.9985352 0.8034668 0.9775391 0.9619141 0.8393555 0.9917374 0.6933594 0.9610596 0.6723633 0.8024902 0.8393555 0.6970215 0.9985352 0.8034668 0.9775391 0.9619141 0.8393555 0.9917374 0.6933594 0.9610596 0.6723633 0.8024902 0.8393555 0.6970215 0.9985352 0.8034668 0.9775391 0.9619141 0.8393555 0.9917374 0.6933594 0.9610596 0.6723633 0.8024902 0.8393555 0.6970215 0.9985352 0.8034668 0.9775391 0.9619141 0.8393555 0.9917374 0.6933594 0.9610596 0.6723633 0.8024902 0.8393555 0.6970215 0.9985352 0.8034668 0.9775391 0.9619141 0.8393555 0.9917374 0.6933594 0.9610596 0.6723633 0.8024902 0.8393555 0.6970215 0.9985352 0.8034668 0.9775391 0.9619141 0.8393555 0.9917374 0.6933594 0.9610596 0.6723633 0.8024902 0.8393555 0.6970215 0.9985352 0.8034668 0.9775391 0.9619141 0.8393555 0.9917374 0.6933594 0.9610596 0.6723633 0.8024902 0.8393555 0.6970215 0.9985352 0.8034668 0.9775391 0.9619141 0.1706543 0.6560059 0.02601624 0.6252441 0.004096985 0.4667969 0.1706543 0.3613281 0.3371582 0.4677734 0.3151855 0.6262207 0.1706543 0.6560059 0.02601624 0.6252441 0.004096985 0.4667969 0.1706543 0.3613281 0.3371582 0.4677734 0.3151855 0.6262207 0.1706543 0.6560059 0.02601624 0.6252441 0.004096985 0.4667969 0.1706543 0.3613281 0.3371582 0.4677734 0.3151855 0.6262207 0.1706543 0.6560059 0.02601624 0.6252441 0.004096985 0.4667969 0.1706543 0.3613281 0.3371582 0.4677734 0.3151855 0.6262207 0.1706543 0.6560059 0.02601624 0.6252441 0.004096985 0.4667969 0.1706543 0.3613281 0.3371582 0.4677734 0.3151855 0.6262207 0.5029297 0.6486816 0.3564453 0.6179199 0.3344727 0.4594727 0.5029297 0.3540039 0.6674805 0.4604492 0.6459961 0.6188965 0.5029297 0.6486816 0.3564453 0.6179199 0.3344727 0.4594727 0.5029297 0.3540039 0.6674805 0.4604492 0.6459961 0.6188965 0.5029297 0.6486816 0.3564453 0.6179199 0.3344727 0.4594727 0.5029297 0.3540039 0.6674805 0.4604492 0.6459961 0.6188965 0.5029297 0.6486816 0.3564453 0.6179199 0.3344727 0.4594727 0.5029297 0.3540039 0.6674805 0.4604492 0.6459961 0.6188965 0.5029297 0.6486816 0.3564453 0.6179199 0.3344727 0.4594727 0.5029297 0.3540039 0.6674805 0.4604492 0.6459961 0.6188965 0.5029297 0.6486816 0.3564453 0.6179199 0.3344727 0.4594727 0.5029297 0.3540039 0.6674805 0.4604492 0.6459961 0.6188965 0.5029297 0.6486816 0.3564453 0.6179199 0.3344727 0.4594727 0.5029297 0.3540039 0.6674805 0.4604492 0.6459961 0.6188965 0.5029297 0.6486816 0.3564453 0.6179199 0.3344727 0.4594727 0.5029297 0.3540039 0.6674805 0.4604492 0.6459961 0.6188965 0.5029297 0.6486816 0.3564453 0.6179199 0.3344727 0.4594727 0.5029297 0.3540039 0.6674805 0.4604492 0.6459961 0.6188965 0.1706543 0.3076172 0.02142334 0.2768555 -0.0004963875 0.1181641 0.1706543 0.01269531 0.3371582 0.1191406 0.3151855 0.277832 0.1706543 0.3076172 0.02142334 0.2768555 -0.0004963875 0.1181641 0.1706543 0.01269531 0.3371582 0.1191406 0.3151855 0.277832 0.1706543 0.3076172 0.02142334 0.2768555 -0.0004963875 0.1181641 0.1706543 0.01269531 0.3371582 0.1191406 0.3151855 0.277832 0.1706543 0.3076172 0.02142334 0.2768555 -0.0004963875 0.1181641 0.1706543 0.01269531 0.3371582 0.1191406 0.3151855 0.277832 0.1706543 0.3076172 0.02142334 0.2768555 -0.0004963875 0.1181641 0.1706543 0.01269531 0.3371582 0.1191406 0.3151855 0.277832 0.1706543 0.3076172 0.02142334 0.2768555 -0.0004963875 0.1181641 0.1706543 0.01269531 0.3371582 0.1191406 0.3151855 0.277832 0.503418 0.3076172 0.3544922 0.2763672 0.3322754 0.1157227 0.503418 0.008789063 0.6713867 0.1166992 0.6489258 0.2773438 0.503418 0.3076172 0.3544922 0.2763672 0.3322754 0.1157227 0.503418 0.008789063 0.6713867 0.1166992 0.6489258 0.2773438 0.503418 0.3076172 0.3544922 0.2763672 0.3322754 0.1157227 0.503418 0.008789063 0.6713867 0.1166992 0.6489258 0.2773438 0.503418 0.3076172 0.3544922 0.2763672 0.3322754 0.1157227 0.503418 0.008789063 0.6713867 0.1166992 0.6489258 0.2773438</float_array>
          <technique_common>
            <accessor source="#L01_019__mTreeOakLeaf-texcoord-array" count="440" stride="2">
              <param name="S" type="float" />
              <param name="T" type="float" />
            </accessor>
          </technique_common>
        </source>
        <source id="L01_019__mTreeOakLeaf-texcoord_1">
          <float_array id="L01_019__mTreeOakLeaf-texcoord-array_1" count="880">0.02389563 0.001998961 0.02389563 0.07612723 0.001968414 0.02673382 0.003295949 0.07098496 0.04451057 0.07098496 0.02389563 0.07612723 0.0458381 0.02673382 0.02389563 0.001998961 0.02389563 0.001998961 0.02389563 0.07612723 0.001968414 0.02673382 0.003295949 0.07098496 0.04451057 0.07098496 0.02389563 0.07612723 0.0458381 0.02673382 0.02389563 0.001998961 0.02389563 0.001998961 0.02389563 0.07612723 0.001968414 0.02673382 0.003295949 0.07098496 0.04451057 0.07098496 0.02389563 0.07612723 0.0458381 0.02673382 0.02389563 0.001998961 0.02389563 0.001998961 0.02389563 0.07612723 0.001968414 0.02673382 0.003295949 0.07098496 0.04451057 0.07098496 0.02389563 0.07612723 0.0458381 0.02673382 0.02389563 0.001998961 0.02389563 0.001998961 0.02389563 0.07612723 0.001968414 0.02673382 0.003295949 0.07098496 0.04451057 0.07098496 0.02389563 0.07612723 0.0458381 0.02673382 0.02389563 0.001998961 0.02389563 0.001998961 0.02389563 0.07612723 0.001968414 0.02673382 0.003295949 0.07098496 0.04451057 0.07098496 0.02389563 0.07612723 0.0458381 0.02673382 0.02389563 0.001998961 0.02389563 0.001998961 0.02389563 0.07612723 0.001968414 0.02673382 0.003295949 0.07098496 0.04451057 0.07098496 0.02389563 0.07612723 0.0458381 0.02673382 0.02389563 0.001998961 0.02389563 0.001998961 0.02389563 0.07612723 0.001968414 0.02673382 0.003295949 0.07098496 0.04451057 0.07098496 0.02389563 0.07612723 0.0458381 0.02673382 0.02389563 0.001998961 0.02389563 0.001998961 0.02389563 0.07612723 0.001968414 0.02673382 0.003295949 0.07098496 0.04451057 0.07098496 0.02389563 0.07612723 0.0458381 0.02673382 0.02389563 0.001998961 0.02389563 0.001998961 0.02389563 0.07612723 0.001968414 0.02673382 0.003295949 0.07098496 0.04451057 0.07098496 0.02389563 0.07612723 0.0458381 0.02673382 0.02389563 0.001998961 0.02389563 0.001998961 0.02389563 0.07612723 0.001968414 0.02673382 0.003295949 0.07098496 0.04451057 0.07098496 0.02389563 0.07612723 0.0458381 0.02673382 0.02389563 0.001998961 0.02389563 0.001998961 0.02389563 0.07612723 0.001968414 0.02673382 0.003295949 0.07098496 0.04451057 0.07098496 0.02389563 0.07612723 0.0458381 0.02673382 0.02389563 0.001998961 0.02389563 0.001998961 0.02389563 0.07612723 0.001968414 0.02673382 0.003295949 0.07098496 0.04451057 0.07098496 0.02389563 0.07612723 0.0458381 0.02673382 0.02389563 0.001998961 0.02389563 0.001998961 0.02389563 0.07612723 0.001968414 0.02673382 0.003295949 0.07098496 0.04451057 0.07098496 0.02389563 0.07612723 0.0458381 0.02673382 0.02389563 0.001998961 0.02389563 0.001998961 0.02389563 0.07612723 0.001968414 0.02673382 0.003295949 0.07098496 0.04451057 0.07098496 0.02389563 0.07612723 0.0458381 0.02673382 0.02389563 0.001998961 0.02389563 0.001998961 0.02389563 0.07612723 0.001968414 0.02673382 0.003295949 0.07098496 0.04451057 0.07098496 0.02389563 0.07612723 0.0458381 0.02673382 0.02389563 0.001998961 0.02389563 0.001998961 0.02389563 0.07612723 0.001968414 0.02673382 0.003295949 0.07098496 0.04451057 0.07098496 0.02389563 0.07612723 0.0458381 0.02673382 0.02389563 0.001998961 0.02389563 0.001998961 0.02389563 0.07612723 0.001968414 0.02673382 0.003295949 0.07098496 0.04451057 0.07098496 0.02389563 0.07612723 0.0458381 0.02673382 0.02389563 0.001998961 0.02389563 0.001998961 0.02389563 0.07612723 0.001968414 0.02673382 0.003295949 0.07098496 0.04451057 0.07098496 0.02389563 0.07612723 0.0458381 0.02673382 0.02389563 0.001998961 0.02389563 0.07612723 0.003295949 0.07098496 0.001968414 0.02673382 0.02389563 0.001998961 0.0458381 0.02673382 0.04451057 0.07098496 0.02389563 0.07612723 0.003295949 0.07098496 0.001968414 0.02673382 0.02389563 0.001998961 0.0458381 0.02673382 0.04451057 0.07098496 0.02389563 0.07612723 0.003295949 0.07098496 0.001968414 0.02673382 0.02389563 0.001998961 0.0458381 0.02673382 0.04451057 0.07098496 0.02389563 0.07612723 0.003295949 0.07098496 0.001968414 0.02673382 0.02389563 0.001998961 0.0458381 0.02673382 0.04451057 0.07098496 0.02389563 0.07612723 0.003295949 0.07098496 0.001968414 0.02673382 0.02389563 0.001998961 0.0458381 0.02673382 0.04451057 0.07098496 0.02389563 0.07612723 0.003295949 0.07098496 0.001968414 0.02673382 0.02389563 0.001998961 0.0458381 0.02673382 0.04451057 0.07098496 0.02389563 0.07612723 0.003295949 0.07098496 0.001968414 0.02673382 0.02389563 0.001998961 0.0458381 0.02673382 0.04451057 0.07098496 0.02389563 0.07612723 0.003295949 0.07098496 0.001968414 0.02673382 0.02389563 0.001998961 0.0458381 0.02673382 0.04451057 0.07098496 0.02389563 0.07612723 0.003295949 0.07098496 0.001968414 0.02673382 0.02389563 0.001998961 0.0458381 0.02673382 0.04451057 0.07098496 0.02389563 0.07612723 0.003295949 0.07098496 0.001968414 0.02673382 0.02389563 0.001998961 0.0458381 0.02673382 0.04451057 0.07098496 0.02389563 0.07612723 0.003295949 0.07098496 0.001968414 0.02673382 0.02389563 0.001998961 0.0458381 0.02673382 0.04451057 0.07098496 0.02389563 0.07612723 0.003295949 0.07098496 0.001968414 0.02673382 0.02389563 0.001998961 0.0458381 0.02673382 0.04451057 0.07098496 0.02389563 0.07612723 0.003295949 0.07098496 0.001968414 0.02673382 0.02389563 0.001998961 0.0458381 0.02673382 0.04451057 0.07098496 0.02389563 0.07612723 0.003295949 0.07098496 0.001968414 0.02673382 0.02389563 0.001998961 0.0458381 0.02673382 0.04451057 0.07098496 0.02389563 0.07612723 0.003295949 0.07098496 0.001968414 0.02673382 0.02389563 0.001998961 0.0458381 0.02673382 0.04451057 0.07098496 0.02389563 0.07612723 0.003295949 0.07098496 0.001968414 0.02673382 0.02389563 0.001998961 0.0458381 0.02673382 0.04451057 0.07098496 0.02389563 0.07612723 0.003295949 0.07098496 0.001968414 0.02673382 0.02389563 0.001998961 0.0458381 0.02673382 0.04451057 0.07098496 0.02389563 0.07612723 0.003295949 0.07098496 0.001968414 0.02673382 0.02389563 0.001998961 0.0458381 0.02673382 0.04451057 0.07098496 0.02389563 0.07612723 0.003295949 0.07098496 0.001968414 0.02673382 0.02389563 0.001998961 0.0458381 0.02673382 0.04451057 0.07098496 0.02389563 0.07612723 0.003295949 0.07098496 0.001968414 0.02673382 0.02389563 0.001998961 0.0458381 0.02673382 0.04451057 0.07098496 0.02389563 0.07612723 0.003295949 0.07098496 0.001968414 0.02673382 0.02389563 0.001998961 0.0458381 0.02673382 0.04451057 0.07098496 0.02389563 0.07612723 0.003295949 0.07098496 0.001968414 0.02673382 0.02389563 0.001998961 0.0458381 0.02673382 0.04451057 0.07098496 0.02389563 0.07612723 0.003295949 0.07098496 0.001968414 0.02673382 0.02389563 0.001998961 0.0458381 0.02673382 0.04451057 0.07098496 0.02389563 0.07612723 0.003295949 0.07098496 0.001968414 0.02673382 0.02389563 0.001998961 0.0458381 0.02673382 0.04451057 0.07098496 0.02389563 0.07612723 0.003295949 0.07098496 0.001968414 0.02673382 0.02389563 0.001998961 0.0458381 0.02673382 0.04451057 0.07098496 0.02389563 0.07612723 0.003295949 0.07098496 0.001968414 0.02673382 0.02389563 0.001998961 0.0458381 0.02673382 0.04451057 0.07098496 0.02389563 0.07612723 0.003295949 0.07098496 0.001968414 0.02673382 0.02389563 0.001998961 0.0458381 0.02673382 0.04451057 0.07098496 0.02389563 0.07612723 0.003295949 0.07098496 0.001968414 0.02673382 0.02389563 0.001998961 0.0458381 0.02673382 0.04451057 0.07098496 0.02389563 0.07612723 0.003295949 0.07098496 0.001968414 0.02673382 0.02389563 0.001998961 0.0458381 0.02673382 0.04451057 0.07098496 0.02389563 0.07612723 0.003295949 0.07098496 0.001968414 0.02673382 0.02389563 0.001998961 0.0458381 0.02673382 0.04451057 0.07098496 0.02389563 0.07612723 0.003295949 0.07098496 0.001968414 0.02673382 0.02389563 0.001998961 0.0458381 0.02673382 0.04451057 0.07098496 0.02389563 0.07612723 0.003295949 0.07098496 0.001968414 0.02673382 0.02389563 0.001998961 0.0458381 0.02673382 0.04451057 0.07098496 0.02389563 0.07612723 0.003295949 0.07098496 0.001968414 0.02673382 0.02389563 0.001998961 0.0458381 0.02673382 0.04451057 0.07098496 0.02389563 0.07612723 0.003295949 0.07098496 0.001968414 0.02673382 0.02389563 0.001998961 0.0458381 0.02673382 0.04451057 0.07098496 0.02389563 0.07612723 0.003295949 0.07098496 0.001968414 0.02673382 0.02389563 0.001998961 0.0458381 0.02673382 0.04451057 0.07098496 0.02389563 0.07612723 0.003295949 0.07098496 0.001968414 0.02673382 0.02389563 0.001998961 0.0458381 0.02673382 0.04451057 0.07098496 0.02389563 0.07612723 0.003295949 0.07098496 0.001968414 0.02673382 0.02389563 0.001998961 0.0458381 0.02673382 0.04451057 0.07098496 0.02389563 0.07612723 0.003295949 0.07098496 0.001968414 0.02673382 0.02389563 0.001998961 0.0458381 0.02673382 0.04451057 0.07098496 0.02389563 0.07612723 0.003295949 0.07098496 0.001968414 0.02673382 0.02389563 0.001998961 0.0458381 0.02673382 0.04451057 0.07098496 0.02389563 0.07612723 0.003295949 0.07098496 0.001968414 0.02673382 0.02389563 0.001998961 0.0458381 0.02673382 0.04451057 0.07098496 0.02389563 0.07612723 0.003295949 0.07098496 0.001968414 0.02673382 0.02389563 0.001998961 0.0458381 0.02673382 0.04451057 0.07098496 0.02389563 0.07612723 0.003295949 0.07098496 0.001968414 0.02673382 0.02389563 0.001998961 0.0458381 0.02673382 0.04451057 0.07098496 0.02389563 0.07612723 0.003295949 0.07098496 0.001968414 0.02673382 0.02389563 0.001998961 0.0458381 0.02673382 0.04451057 0.07098496 0.02389563 0.07612723 0.003295949 0.07098496 0.001968414 0.02673382 0.02389563 0.001998961 0.0458381 0.02673382 0.04451057 0.07098496 0.02389563 0.07612723 0.003295949 0.07098496 0.001968414 0.02673382 0.02389563 0.001998961 0.0458381 0.02673382 0.04451057 0.07098496 0.02389563 0.07612723 0.003295949 0.07098496 0.001968414 0.02673382 0.02389563 0.001998961 0.0458381 0.02673382 0.04451057 0.07098496 0.02389563 0.07612723 0.003295949 0.07098496 0.001968414 0.02673382 0.02389563 0.001998961 0.0458381 0.02673382 0.04451057 0.07098496 0.02389563 0.07612723 0.003295949 0.07098496 0.001968414 0.02673382 0.02389563 0.001998961 0.0458381 0.02673382 0.04451057 0.07098496</float_array>
          <technique_common>
            <accessor source="#L01_019__mTreeOakLeaf-texcoord-array_1" count="440" stride="2">
              <param name="S" type="float" />
              <param name="T" type="float" />
            </accessor>
          </technique_common>
        </source>
        <vertices id="L01_019__mTreeOakLeaf-vertex">
          <input semantic="POSITION" source="#L01_019__mTreeOakLeaf-position" />
        </vertices>
        <triangles material="mTreeOakLeaf" count="268">
          <input semantic="VERTEX" source="#L01_019__mTreeOakLeaf-vertex" offset="0" />
          <input semantic="NORMAL" source="#L01_019__mTreeOakLeaf-normal" offset="1" />
          <input semantic="COLOR" source="#L01_019__mTreeOakLeaf-color" offset="2" set="0" />
          <input semantic="TEXCOORD" source="#L01_019__mTreeOakLeaf-texcoord" offset="3" set="0" />
          <input semantic="TEXCOORD" source="#L01_019__mTreeOakLeaf-texcoord_1" offset="4" set="1" />
          <p>0 0 0 0 0 1 1 1 1 1 2 2 2 2 2 1 1 1 1 1 3 3 3 3 3 2 2 2 2 2 4 4 4 4 4 5 5 5 5 5 6 6 6 6 6 5 5 5 5 5 7 7 7 7 7 6 6 6 6 6 8 8 8 8 8 9 9 9 9 9 10 10 10 10 10 9 9 9 9 9 11 11 11 11 11 10 10 10 10 10 12 12 12 12 12 13 13 13 13 13 14 14 14 14 14 13 13 13 13 13 15 15 15 15 15 14 14 14 14 14 16 16 16 16 16 17 17 17 17 17 18 18 18 18 18 17 17 17 17 17 19 19 19 19 19 18 18 18 18 18 20 20 20 20 20 21 21 21 21 21 22 22 22 22 22 21 21 21 21 21 23 23 23 23 23 22 22 22 22 22 24 24 24 24 24 25 25 25 25 25 26 26 26 26 26 25 25 25 25 25 27 27 27 27 27 26 26 26 26 26 28 28 28 28 28 29 29 29 29 29 30 30 30 30 30 29 29 29 29 29 31 31 31 31 31 30 30 30 30 30 32 32 32 32 32 33 33 33 33 33 34 34 34 34 34 33 33 33 33 33 35 35 35 35 35 34 34 34 34 34 36 36 36 36 36 37 37 37 37 37 38 38 38 38 38 37 37 37 37 37 39 39 39 39 39 38 38 38 38 38 40 40 40 40 40 41 41 41 41 41 42 42 42 42 42 41 41 41 41 41 43 43 43 43 43 42 42 42 42 42 44 44 44 44 44 45 45 45 45 45 46 46 46 46 46 45 45 45 45 45 47 47 47 47 47 46 46 46 46 46 48 48 48 48 48 49 49 49 49 49 50 50 50 50 50 49 49 49 49 49 51 51 51 51 51 50 50 50 50 50 52 52 52 52 52 53 53 53 53 53 54 54 54 54 54 53 53 53 53 53 55 55 55 55 55 54 54 54 54 54 56 56 56 56 56 57 57 57 57 57 58 58 58 58 58 57 57 57 57 57 59 59 59 59 59 58 58 58 58 58 60 60 60 60 60 61 61 61 61 61 62 62 62 62 62 61 61 61 61 61 63 63 63 63 63 62 62 62 62 62 64 64 64 64 64 65 65 65 65 65 66 66 66 66 66 65 65 65 65 65 67 67 67 67 67 66 66 66 66 66 68 68 68 68 68 69 69 69 69 69 70 70 70 70 70 69 69 69 69 69 71 71 71 71 71 70 70 70 70 70 72 72 72 72 72 73 73 73 73 73 74 74 74 74 74 73 73 73 73 73 75 75 75 75 75 74 74 74 74 74 76 76 76 76 76 77 77 77 77 77 78 78 78 78 78 77 77 77 77 77 79 79 79 79 79 78 78 78 78 78 80 80 80 80 80 81 81 81 81 81 82 82 82 82 82 81 81 81 81 81 83 83 83 83 83 82 82 82 82 82 84 84 84 84 84 85 85 85 85 85 86 86 86 86 86 85 85 85 85 85 87 87 87 87 87 86 86 86 86 86 88 88 88 88 88 89 89 89 89 89 90 90 90 90 90 89 89 89 89 89 91 91 91 91 91 90 90 90 90 90 92 92 92 92 92 93 93 93 93 93 94 94 94 94 94 93 93 93 93 93 95 95 95 95 95 94 94 94 94 94 96 96 96 96 96 97 97 97 97 97 98 98 98 98 98 97 97 97 97 97 99 99 99 99 99 98 98 98 98 98 100 100 100 100 100 101 101 101 101 101 102 102 102 102 102 101 101 101 101 101 103 103 103 103 103 102 102 102 102 102 104 104 104 104 104 105 105 105 105 105 106 106 106 106 106 105 105 105 105 105 107 107 107 107 107 106 106 106 106 106 108 108 108 108 108 109 109 109 109 109 110 110 110 110 110 109 109 109 109 109 111 111 111 111 111 110 110 110 110 110 112 112 112 112 112 113 113 113 113 113 114 114 114 114 114 113 113 113 113 113 115 115 115 115 115 114 114 114 114 114 116 116 116 116 116 117 117 117 117 117 118 118 118 118 118 117 117 117 117 117 119 119 119 119 119 118 118 118 118 118 120 120 120 120 120 121 121 121 121 121 122 122 122 122 122 121 121 121 121 121 123 123 123 123 123 122 122 122 122 122 124 124 124 124 124 125 125 125 125 125 126 126 126 126 126 125 125 125 125 125 127 127 127 127 127 126 126 126 126 126 128 128 128 128 128 129 129 129 129 129 130 130 130 130 130 129 129 129 129 129 131 131 131 131 131 130 130 130 130 130 132 132 132 132 132 133 133 133 133 133 134 134 134 134 134 133 133 133 133 133 135 135 135 135 135 134 134 134 134 134 136 136 136 136 136 137 137 137 137 137 138 138 138 138 138 137 137 137 137 137 139 139 139 139 139 138 138 138 138 138 140 140 140 140 140 141 141 141 141 141 142 142 142 142 142 141 141 141 141 141 143 143 143 143 143 142 142 142 142 142 144 144 144 144 144 145 145 145 145 145 146 146 146 146 146 145 145 145 145 145 147 147 147 147 147 146 146 146 146 146 148 148 148 148 148 149 149 149 149 149 150 150 150 150 150 149 149 149 149 149 151 151 151 151 151 150 150 150 150 150 152 152 152 152 152 153 153 153 153 153 154 154 154 154 154 155 155 155 155 155 152 152 152 152 152 154 154 154 154 154 152 152 152 152 152 155 155 155 155 155 156 156 156 156 156 157 157 157 157 157 152 152 152 152 152 156 156 156 156 156 158 158 158 158 158 159 159 159 159 159 160 160 160 160 160 161 161 161 161 161 158 158 158 158 158 160 160 160 160 160 158 158 158 158 158 161 161 161 161 161 162 162 162 162 162 163 163 163 163 163 158 158 158 158 158 162 162 162 162 162 164 164 164 164 164 165 165 165 165 165 166 166 166 166 166 167 167 167 167 167 164 164 164 164 164 166 166 166 166 166 164 164 164 164 164 167 167 167 167 167 168 168 168 168 168 169 169 169 169 169 164 164 164 164 164 168 168 168 168 168 170 170 170 170 170 171 171 171 171 171 172 172 172 172 172 173 173 173 173 173 170 170 170 170 170 172 172 172 172 172 170 170 170 170 170 173 173 173 173 173 174 174 174 174 174 175 175 175 175 175 170 170 170 170 170 174 174 174 174 174 176 176 176 176 176 177 177 177 177 177 178 178 178 178 178 179 179 179 179 179 176 176 176 176 176 178 178 178 178 178 176 176 176 176 176 179 179 179 179 179 180 180 180 180 180 181 181 181 181 181 176 176 176 176 176 180 180 180 180 180 182 182 182 182 182 183 183 183 183 183 184 184 184 184 184 185 185 185 185 185 182 182 182 182 182 184 184 184 184 184 182 182 182 182 182 185 185 185 185 185 186 186 186 186 186 187 187 187 187 187 182 182 182 182 182 186 186 186 186 186 188 188 188 188 188 189 189 189 189 189 190 190 190 190 190 191 191 191 191 191 188 188 188 188 188 190 190 190 190 190 188 188 188 188 188 191 191 191 191 191 192 192 192 192 192 193 193 193 193 193 188 188 188 188 188 192 192 192 192 192 194 194 194 194 194 195 195 195 195 195 196 196 196 196 196 197 197 197 197 197 194 194 194 194 194 196 196 196 196 196 194 194 194 194 194 197 197 197 197 197 198 198 198 198 198 199 199 199 199 199 194 194 194 194 194 198 198 198 198 198 200 200 200 200 200 201 201 201 201 201 202 202 202 202 202 203 203 203 203 203 200 200 200 200 200 202 202 202 202 202 200 200 200 200 200 203 203 203 203 203 204 204 204 204 204 205 205 205 205 205 200 200 200 200 200 204 204 204 204 204 206 206 206 206 206 207 207 207 207 207 208 208 208 208 208 209 209 209 209 209 206 206 206 206 206 208 208 208 208 208 206 206 206 206 206 209 209 209 209 209 210 210 210 210 210 211 211 211 211 211 206 206 206 206 206 210 210 210 210 210 212 212 212 212 212 213 213 213 213 213 214 214 214 214 214 215 215 215 215 215 212 212 212 212 212 214 214 214 214 214 212 212 212 212 212 215 215 215 215 215 216 216 216 216 216 217 217 217 217 217 212 212 212 212 212 216 216 216 216 216 218 218 218 218 218 219 219 219 219 219 220 220 220 220 220 221 221 221 221 221 218 218 218 218 218 220 220 220 220 220 218 218 218 218 218 221 221 221 221 221 222 222 222 222 222 223 223 223 223 223 218 218 218 218 218 222 222 222 222 222 224 224 224 224 224 225 225 225 225 225 226 226 226 226 226 227 227 227 227 227 224 224 224 224 224 226 226 226 226 226 224 224 224 224 224 227 227 227 227 227 228 228 228 228 228 229 229 229 229 229 224 224 224 224 224 228 228 228 228 228 230 230 230 230 230 231 231 231 231 231 232 232 232 232 232 233 233 233 233 233 230 230 230 230 230 232 232 232 232 232 230 230 230 230 230 233 233 233 233 233 234 234 234 234 234 235 235 235 235 235 230 230 230 230 230 234 234 234 234 234 236 236 236 236 236 237 237 237 237 237 238 238 238 238 238 239 239 239 239 239 236 236 236 236 236 238 238 238 238 238 236 236 236 236 236 239 239 239 239 239 240 240 240 240 240 241 241 241 241 241 236 236 236 236 236 240 240 240 240 240 242 242 242 242 242 243 243 243 243 243 244 244 244 244 244 245 245 245 245 245 242 242 242 242 242 244 244 244 244 244 242 242 242 242 242 245 245 245 245 245 246 246 246 246 246 247 247 247 247 247 242 242 242 242 242 246 246 246 246 246 248 248 248 248 248 249 249 249 249 249 250 250 250 250 250 251 251 251 251 251 248 248 248 248 248 250 250 250 250 250 248 248 248 248 248 251 251 251 251 251 252 252 252 252 252 253 253 253 253 253 248 248 248 248 248 252 252 252 252 252 254 254 254 254 254 255 255 255 255 255 256 256 256 256 256 257 257 257 257 257 254 254 254 254 254 256 256 256 256 256 254 254 254 254 254 257 257 257 257 257 258 258 258 258 258 259 259 259 259 259 254 254 254 254 254 258 258 258 258 258 260 260 260 260 260 261 261 261 261 261 262 262 262 262 262 263 263 263 263 263 260 260 260 260 260 262 262 262 262 262 260 260 260 260 260 263 263 263 263 263 264 264 264 264 264 265 265 265 265 265 260 260 260 260 260 264 264 264 264 264 266 266 266 266 266 267 267 267 267 267 268 268 268 268 268 269 269 269 269 269 266 266 266 266 266 268 268 268 268 268 266 266 266 266 266 269 269 269 269 269 270 270 270 270 270 271 271 271 271 271 266 266 266 266 266 270 270 270 270 270 272 272 272 272 272 273 273 273 273 273 274 274 274 274 274 275 275 275 275 275 272 272 272 272 272 274 274 274 274 274 272 272 272 272 272 275 275 275 275 275 276 276 276 276 276 277 277 277 277 277 272 272 272 272 272 276 276 276 276 276 278 278 278 278 278 279 279 279 279 279 280 280 280 280 280 281 281 281 281 281 278 278 278 278 278 280 280 280 280 280 278 278 278 278 278 281 281 281 281 281 282 282 282 282 282 283 283 283 283 283 278 278 278 278 278 282 282 282 282 282 284 284 284 284 284 285 285 285 285 285 286 286 286 286 286 287 287 287 287 287 284 284 284 284 284 286 286 286 286 286 284 284 284 284 284 287 287 287 287 287 288 288 288 288 288 289 289 289 289 289 284 284 284 284 284 288 288 288 288 288 290 290 290 290 290 291 291 291 291 291 292 292 292 292 292 293 293 293 293 293 290 290 290 290 290 292 292 292 292 292 290 290 290 290 290 293 293 293 293 293 294 294 294 294 294 295 295 295 295 295 290 290 290 290 290 294 294 294 294 294 296 296 296 296 296 297 297 297 297 297 298 298 298 298 298 299 299 299 299 299 296 296 296 296 296 298 298 298 298 298 296 296 296 296 296 299 299 299 299 299 300 300 300 300 300 301 301 301 301 301 296 296 296 296 296 300 300 300 300 300 302 302 302 302 302 303 303 303 303 303 304 304 304 304 304 305 305 305 305 305 302 302 302 302 302 304 304 304 304 304 302 302 302 302 302 305 305 305 305 305 306 306 306 306 306 307 307 307 307 307 302 302 302 302 302 306 306 306 306 306 308 308 308 308 308 309 309 309 309 309 310 310 310 310 310 311 311 311 311 311 308 308 308 308 308 310 310 310 310 310 308 308 308 308 308 311 311 311 311 311 312 312 312 312 312 313 313 313 313 313 308 308 308 308 308 312 312 312 312 312 314 314 314 314 314 315 315 315 315 315 316 316 316 316 316 317 317 317 317 317 314 314 314 314 314 316 316 316 316 316 314 314 314 314 314 317 317 317 317 317 318 318 318 318 318 319 319 319 319 319 314 314 314 314 314 318 318 318 318 318 320 320 320 320 320 321 321 321 321 321 322 322 322 322 322 323 323 323 323 323 320 320 320 320 320 322 322 322 322 322 320 320 320 320 320 323 323 323 323 323 324 324 324 324 324 325 325 325 325 325 320 320 320 320 320 324 324 324 324 324 326 326 326 326 326 327 327 327 327 327 328 328 328 328 328 329 329 329 329 329 326 326 326 326 326 328 328 328 328 328 326 326 326 326 326 329 329 329 329 329 330 330 330 330 330 331 331 331 331 331 326 326 326 326 326 330 330 330 330 330 332 332 332 332 332 333 333 333 333 333 334 334 334 334 334 335 335 335 335 335 332 332 332 332 332 334 334 334 334 334 332 332 332 332 332 335 335 335 335 335 336 336 336 336 336 337 337 337 337 337 332 332 332 332 332 336 336 336 336 336 338 338 338 338 338 339 339 339 339 339 340 340 340 340 340 341 341 341 341 341 338 338 338 338 338 340 340 340 340 340 338 338 338 338 338 341 341 341 341 341 342 342 342 342 342 343 343 343 343 343 338 338 338 338 338 342 342 342 342 342 344 344 344 344 344 345 345 345 345 345 346 346 346 346 346 347 347 347 347 347 344 344 344 344 344 346 346 346 346 346 344 344 344 344 344 347 347 347 347 347 348 348 348 348 348 349 349 349 349 349 344 344 344 344 344 348 348 348 348 348 350 350 350 350 350 351 351 351 351 351 352 352 352 352 352 353 353 353 353 353 350 350 350 350 350 352 352 352 352 352 350 350 350 350 350 353 353 353 353 353 354 354 354 354 354 355 355 355 355 355 350 350 350 350 350 354 354 354 354 354 356 356 356 356 356 357 357 357 357 357 358 358 358 358 358 359 359 359 359 359 356 356 356 356 356 358 358 358 358 358 356 356 356 356 356 359 359 359 359 359 360 360 360 360 360 361 361 361 361 361 356 356 356 356 356 360 360 360 360 360 362 362 362 362 362 363 363 363 363 363 364 364 364 364 364 365 365 365 365 365 362 362 362 362 362 364 364 364 364 364 362 362 362 362 362 365 365 365 365 365 366 366 366 366 366 367 367 367 367 367 362 362 362 362 362 366 366 366 366 366 368 368 368 368 368 369 369 369 369 369 370 370 370 370 370 371 371 371 371 371 368 368 368 368 368 370 370 370 370 370 368 368 368 368 368 371 371 371 371 371 372 372 372 372 372 373 373 373 373 373 368 368 368 368 368 372 372 372 372 372 374 374 374 374 374 375 375 375 375 375 376 376 376 376 376 377 377 377 377 377 374 374 374 374 374 376 376 376 376 376 374 374 374 374 374 377 377 377 377 377 378 378 378 378 378 379 379 379 379 379 374 374 374 374 374 378 378 378 378 378 380 380 380 380 380 381 381 381 381 381 382 382 382 382 382 383 383 383 383 383 380 380 380 380 380 382 382 382 382 382 380 380 380 380 380 383 383 383 383 383 384 384 384 384 384 385 385 385 385 385 380 380 380 380 380 384 384 384 384 384 386 386 386 386 386 387 387 387 387 387 388 388 388 388 388 389 389 389 389 389 386 386 386 386 386 388 388 388 388 388 386 386 386 386 386 389 389 389 389 389 390 390 390 390 390 391 391 391 391 391 386 386 386 386 386 390 390 390 390 390 392 392 392 392 392 393 393 393 393 393 394 394 394 394 394 395 395 395 395 395 392 392 392 392 392 394 394 394 394 394 392 392 392 392 392 395 395 395 395 395 396 396 396 396 396 397 397 397 397 397 392 392 392 392 392 396 396 396 396 396 398 398 398 398 398 399 399 399 399 399 400 400 400 400 400 401 401 401 401 401 398 398 398 398 398 400 400 400 400 400 398 398 398 398 398 401 401 401 401 401 402 402 402 402 402 403 403 403 403 403 398 398 398 398 398 402 402 402 402 402 404 404 404 404 404 405 405 405 405 405 406 406 406 406 406 407 407 407 407 407 404 404 404 404 404 406 406 406 406 406 404 404 404 404 404 407 407 407 407 407 408 408 408 408 408 409 409 409 409 409 404 404 404 404 404 408 408 408 408 408 410 410 410 410 410 411 411 411 411 411 412 412 412 412 412 413 413 413 413 413 410 410 410 410 410 412 412 412 412 412 410 410 410 410 410 413 413 413 413 413 414 414 414 414 414 415 415 415 415 415 410 410 410 410 410 414 414 414 414 414 416 416 416 416 416 417 417 417 417 417 418 418 418 418 418 419 419 419 419 419 416 416 416 416 416 418 418 418 418 418 416 416 416 416 416 419 419 419 419 419 420 420 420 420 420 421 421 421 421 421 416 416 416 416 416 420 420 420 420 420 422 422 422 422 422 423 423 423 423 423 424 424 424 424 424 425 425 425 425 425 422 422 422 422 422 424 424 424 424 424 422 422 422 422 422 425 425 425 425 425 426 426 426 426 426 427 427 427 427 427 422 422 422 422 422 426 426 426 426 426 428 428 428 428 428 429 429 429 429 429 430 430 430 430 430 431 431 431 431 431 428 428 428 428 428 430 430 430 430 430 428 428 428 428 428 431 431 431 431 431 432 432 432 432 432 433 433 433 433 433 428 428 428 428 428 432 432 432 432 432 434 434 434 434 434 435 435 435 435 435 436 436 436 436 436 437 437 437 437 437 434 434 434 434 434 436 436 436 436 436 434 434 434 434 434 437 437 437 437 437 438 438 438 438 438 439 439 439 439 439 434 434 434 434 434 438 438 438 438 438 </p>
        </triangles>
      </mesh>
    </geometry>
    <geometry id="LB018__mTreeOakLeafBack-mesh" name="LB018__mTreeOakLeafBack">
      <mesh>
        <source id="LB018__mTreeOakLeafBack-position">
          <float_array id="LB018__mTreeOakLeafBack-position-array" count="144">0.9299288 5.979635 -1.255334 2.198777 4.317663 -1.062181 1.453431 6.982423 -1.582404 3.993299 8.012877 -2.245442 5.928569 4.186506 -1.639716 4.94116 7.935451 -2.381591 6.780963 5.994269 -2.21442 -2.45997 12.35467 -0.0683238 -0.6118102 11.04769 -0.1530669 -2.696353 13.03686 -1.113445 -1.574594 13.57263 -3.889851 2.008297 10.64495 -3.246446 -0.882654 13.43838 -4.649599 1.519892 11.8823 -5.052847 -6.091877 11.6436 -3.455163 -5.238889 10.79624 -2.134699 -5.651299 12.47946 -3.787023 -3.715089 13.84245 -3.406105 -2.481906 11.6433 -0.7215662 -3.016765 14.02676 -3.024089 -1.755345 13.12713 -1.352762 0.2131591 10.96247 -0.6633242 1.30721 10.46348 1.058158 0.8390708 11.0394 -1.657774 3.479422 10.77036 -2.610948 5.014594 9.792983 1.318589 4.417031 10.59258 -2.500246 6.051823 9.947551 -0.4772776 0.08452415 9.070435 1.033327 1.535397 7.339544 1.235273 0.6122313 10.20316 0.7980115 3.33351 11.50435 0.3799916 5.600634 7.451726 0.9317229 4.36847 11.48463 0.3111697 6.452528 9.487472 0.5155506 1.251461 9.04589 0.1458268 1.777646 7.052285 0.5434529 2.149642 9.804721 0.08210381 4.960502 9.894879 0.2902442 5.242094 5.644642 1.070933 5.823144 9.495854 0.4302415 6.775139 7.044078 0.9435719 1.809471 6.251631 -2.495368 2.428416 11.25761 -5.150065 -2.046462 12.78716 -6.03521 -4.470791 5.464641 -2.176144 -6.505556 6.843607 -2.942413 -6.299977 12.29422 -5.840331</float_array>
          <technique_common>
            <accessor source="#LB018__mTreeOakLeafBack-position-array" count="48" stride="3">
              <param name="X" type="float" />
              <param name="Y" type="float" />
              <param name="Z" type="float" />
            </accessor>
          </technique_common>
        </source>
        <source id="LB018__mTreeOakLeafBack-normal">
          <float_array id="LB018__mTreeOakLeafBack-normal-array" count="144">0.1663403 0.2250489 0.9608607 0.1663403 0.2250489 0.9608607 0.1565555 0.2309197 0.9608607 0.1663403 0.2250489 0.9608607 0.1565555 0.2309197 0.9608607 0.1663403 0.2250489 0.9608607 0.1663403 0.2250489 0.9608607 0.5577298 0.7475535 0.362035 0.5577298 0.7475535 0.362035 0.547945 0.7514674 0.3659489 0.5577298 0.7475535 0.362035 0.547945 0.7514674 0.3659489 0.5577298 0.7475535 0.362035 0.5577298 0.7475535 0.362035 -0.5029354 0.5342466 0.6810173 -0.5029354 0.5342466 0.6810173 -0.5088063 0.5362036 0.6731895 -0.5029354 0.5342466 0.6810173 -0.5088063 0.5362036 0.6731895 -0.5029354 0.5342466 0.6810173 -0.5029354 0.5342466 0.6810173 0.1722113 0.9686885 0.1839528 0.1722113 0.9686885 0.1839528 0.1624266 0.9706455 0.178082 0.1722113 0.9686885 0.1839528 0.1624266 0.9706455 0.178082 0.1722113 0.9686885 0.1839528 0.1722113 0.9686885 0.1839528 0.07827767 0.1663405 0.9823872 0.07827767 0.1663405 0.9823872 0.06849294 0.1722113 0.9823872 0.07827767 0.1663405 0.9823872 0.06849294 0.1722113 0.9823872 0.07827767 0.1663405 0.9823872 0.07827767 0.1663405 0.9823872 -0.07240722 0.1663405 0.9843441 -0.07240722 0.1663405 0.9843441 -0.07827806 0.1741683 0.9823872 -0.07240722 0.1663405 0.9843441 -0.07827806 0.1741683 0.9823872 -0.07240722 0.1663405 0.9843441 -0.07240722 0.1663405 0.9843441 -0.01369878 0.4696673 0.8825828 -0.005870997 0.4618395 0.8864967 -0.005870997 0.4618395 0.8864967 -0.005870997 0.4618395 0.8864967 -0.005870997 0.4618395 0.8864967 -0.01369878 0.4696673 0.8825828</float_array>
          <technique_common>
            <accessor source="#LB018__mTreeOakLeafBack-normal-array" count="48" stride="3">
              <param name="X" type="float" />
              <param name="Y" type="float" />
              <param name="Z" type="float" />
            </accessor>
          </technique_common>
        </source>
        <source id="LB018__mTreeOakLeafBack-color">
          <float_array id="LB018__mTreeOakLeafBack-color-array" count="192">4.5 8 -2.298828 1 4.5 8 -2.298828 1 4.5 8 -2.298828 1 4.5 8 -2.298828 1 4.5 8 -2.298828 1 4.5 8 -2.298828 1 4.5 8 -2.298828 1 1 1 1 0.0009994507 1 1 1 0.0009994507 1 1 1 0.0009994507 1 1 1 0.0009994507 1 1 1 0.0009994507 1 1 1 0.0009994507 1 1 1 0.0009994507 1 1 1 0.0009994507 1 1 1 0.0009994507 1 1 1 0.0009994507 1 1 1 0.0009994507 1 1 1 0.0009994507 1 1 1 0.0009994507 1 1 1 0.0009994507 10.79688 16.09375 0.1999512 0.0009994507 10.79688 16.09375 0.1999512 0.0009994507 10.79688 16.09375 0.1999512 0.0009994507 10.79688 16.09375 0.1999512 0.0009994507 10.79688 16.09375 0.1999512 0.0009994507 10.79688 16.09375 0.1999512 0.0009994507 10.79688 16.09375 0.1999512 0.0009994507 10.79688 16.09375 0.1999512 0.0009994507 10.79688 16.09375 0.1999512 0.0009994507 10.79688 16.09375 0.1999512 0.0009994507 10.79688 16.09375 0.1999512 0.0009994507 10.79688 16.09375 0.1999512 0.0009994507 10.79688 16.09375 0.1999512 0.0009994507 10.79688 16.09375 0.1999512 0.0009994507 10.79688 16.09375 0.1999512 0.0009994507 10.79688 16.09375 0.1999512 0.0009994507 10.79688 16.09375 0.1999512 0.0009994507 10.79688 16.09375 0.1999512 0.0009994507 10.79688 16.09375 0.1999512 0.0009994507 10.79688 16.09375 0.1999512 0.0009994507 10.79688 16.09375 0.1999512 0.0009994507 -2.298828 8.296875 -3.798828 0.5996094 -2.298828 8.296875 -3.798828 0.0009994507 -2.298828 8.296875 -3.798828 0.0009994507 -2.298828 8.296875 -3.798828 0.5996094 -2.298828 8.296875 -3.798828 0.5996094 -2.298828 8.296875 -3.798828 0.0009994507</float_array>
          <technique_common>
            <accessor source="#LB018__mTreeOakLeafBack-color-array" count="48" stride="4">
              <param name="R" type="float" />
              <param name="G" type="float" />
              <param name="B" type="float" />
              <param name="A" type="float" />
            </accessor>
          </technique_common>
        </source>
        <source id="LB018__mTreeOakLeafBack-texcoord">
          <float_array id="LB018__mTreeOakLeafBack-texcoord-array" count="96">0.02700888 0.2784814 0.1331523 0.1031221 0.1309549 0.3592334 0.4987945 0.4033021 0.6133 0.01687676 0.61919 0.374279 0.7878353 0.1627247 0.02700888 0.2784814 0.1331523 0.1031221 0.1309549 0.3592334 0.4987945 0.4033021 0.6133 0.01687676 0.61919 0.374279 0.7878353 0.1627247 0.02700888 0.2784814 0.1331523 0.1031221 0.1309549 0.3592334 0.4987945 0.4033021 0.6133 0.01687676 0.61919 0.374279 0.7878353 0.1627247 0.02700888 0.2784814 0.1331523 0.1031221 0.1309549 0.3592334 0.4987945 0.4033021 0.6133 0.01687676 0.61919 0.374279 0.7878353 0.1627247 0.02700888 0.2784814 0.1331523 0.1031221 0.1309549 0.3592334 0.4987945 0.4033021 0.6133 0.01687676 0.61919 0.374279 0.7878353 0.1627247 0.02700888 0.2784814 0.1331523 0.1031221 0.1309549 0.3592334 0.4987945 0.4033021 0.6133 0.01687676 0.61919 0.374279 0.7878353 0.1627247 0.9256569 0.4737999 0.9829707 0.8810694 0.4842982 1.002045 0.2323069 0.4051942 0.004028443 0.5157323 0.01458785 0.9588305</float_array>
          <technique_common>
            <accessor source="#LB018__mTreeOakLeafBack-texcoord-array" count="48" stride="2">
              <param name="S" type="float" />
              <param name="T" type="float" />
            </accessor>
          </technique_common>
        </source>
        <source id="LB018__mTreeOakLeafBack-texcoord_1">
          <float_array id="LB018__mTreeOakLeafBack-texcoord-array_1" count="96">-0.04376221 0.04638672 -0.02838135 0.001953125 -0.02890015 0.06640625 0.02389526 0.07617188 0.04089355 -0.02050781 0.0413208 0.06933594 0.065979 0.015625 -0.04376221 0.04638672 -0.02838135 0.001953125 -0.02890015 0.06640625 0.02389526 0.07617188 0.04089355 -0.02050781 0.0413208 0.06933594 0.065979 0.015625 -0.04376221 0.04638672 -0.02838135 0.001953125 -0.02890015 0.06640625 0.02389526 0.07617188 0.04089355 -0.02050781 0.0413208 0.06933594 0.065979 0.015625 -0.04376221 0.04638672 -0.02838135 0.001953125 -0.02890015 0.06640625 0.02389526 0.07617188 0.04089355 -0.02050781 0.0413208 0.06933594 0.065979 0.015625 -0.04376221 0.04638672 -0.02838135 0.001953125 -0.02890015 0.06640625 0.02389526 0.07617188 0.04089355 -0.02050781 0.0413208 0.06933594 0.065979 0.015625 -0.04376221 0.04638672 -0.02838135 0.001953125 -0.02890015 0.06640625 0.02389526 0.07617188 0.04089355 -0.02050781 0.0413208 0.06933594 0.065979 0.015625 0.08508301 -0.05859375 0.09307861 0.04541016 0.02389526 0.07617188 -0.01072693 -0.07519531 -0.04229736 -0.04589844 -0.04089355 0.06884766</float_array>
          <technique_common>
            <accessor source="#LB018__mTreeOakLeafBack-texcoord-array_1" count="48" stride="2">
              <param name="S" type="float" />
              <param name="T" type="float" />
            </accessor>
          </technique_common>
        </source>
        <vertices id="LB018__mTreeOakLeafBack-vertex">
          <input semantic="POSITION" source="#LB018__mTreeOakLeafBack-position" />
        </vertices>
        <triangles material="mTreeOakLeafBack" count="34">
          <input semantic="VERTEX" source="#LB018__mTreeOakLeafBack-vertex" offset="0" />
          <input semantic="NORMAL" source="#LB018__mTreeOakLeafBack-normal" offset="1" />
          <input semantic="COLOR" source="#LB018__mTreeOakLeafBack-color" offset="2" set="0" />
          <input semantic="TEXCOORD" source="#LB018__mTreeOakLeafBack-texcoord" offset="3" set="0" />
          <input semantic="TEXCOORD" source="#LB018__mTreeOakLeafBack-texcoord_1" offset="4" set="1" />
          <p>0 0 0 0 0 1 1 1 1 1 2 2 2 2 2 1 1 1 1 1 3 3 3 3 3 2 2 2 2 2 3 3 3 3 3 1 1 1 1 1 4 4 4 4 4 5 5 5 5 5 3 3 3 3 3 4 4 4 4 4 5 5 5 5 5 4 4 4 4 4 6 6 6 6 6 7 7 7 7 7 8 8 8 8 8 9 9 9 9 9 8 8 8 8 8 10 10 10 10 10 9 9 9 9 9 10 10 10 10 10 8 8 8 8 8 11 11 11 11 11 12 12 12 12 12 10 10 10 10 10 11 11 11 11 11 12 12 12 12 12 11 11 11 11 11 13 13 13 13 13 14 14 14 14 14 15 15 15 15 15 16 16 16 16 16 15 15 15 15 15 17 17 17 17 17 16 16 16 16 16 17 17 17 17 17 15 15 15 15 15 18 18 18 18 18 19 19 19 19 19 17 17 17 17 17 18 18 18 18 18 19 19 19 19 19 18 18 18 18 18 20 20 20 20 20 21 21 21 21 21 22 22 22 22 22 23 23 23 23 23 22 22 22 22 22 24 24 24 24 24 23 23 23 23 23 24 24 24 24 24 22 22 22 22 22 25 25 25 25 25 26 26 26 26 26 24 24 24 24 24 25 25 25 25 25 26 26 26 26 26 25 25 25 25 25 27 27 27 27 27 28 28 28 28 28 29 29 29 29 29 30 30 30 30 30 29 29 29 29 29 31 31 31 31 31 30 30 30 30 30 31 31 31 31 31 29 29 29 29 29 32 32 32 32 32 33 33 33 33 33 31 31 31 31 31 32 32 32 32 32 33 33 33 33 33 32 32 32 32 32 34 34 34 34 34 35 35 35 35 35 36 36 36 36 36 37 37 37 37 37 36 36 36 36 36 38 38 38 38 38 37 37 37 37 37 38 38 38 38 38 36 36 36 36 36 39 39 39 39 39 40 40 40 40 40 38 38 38 38 38 39 39 39 39 39 40 40 40 40 40 39 39 39 39 39 41 41 41 41 41 42 42 42 42 42 43 43 43 43 43 44 44 44 44 44 42 42 42 42 42 44 44 44 44 44 45 45 45 45 45 45 45 45 45 45 44 44 44 44 44 46 46 46 46 46 46 46 46 46 46 44 44 44 44 44 47 47 47 47 47 </p>
        </triangles>
      </mesh>
    </geometry>
    <geometry id="TrunkBottom__mPltTreeOakTrunk-mesh" name="TrunkBottom__mPltTreeOakTrunk">
      <mesh>
        <source id="TrunkBottom__mPltTreeOakTrunk-position">
          <float_array id="TrunkBottom__mPltTreeOakTrunk-position-array" count="5349">1.060233 -0.1310625 -1.450455 0.7954216 0.345457 -1.862909 0.9010802 0.4126397 -1.496362 -0.2063337 0.1585149 -2.913392 -0.001351891 -0.05782668 -3.137239 -0.003604922 -0.6631376 -3.30815 -0.001351891 -0.05782668 -3.137239 0.2036299 0.1585148 -2.913392 -0.003604922 -0.6631376 -3.30815 0.3982006 0.4582387 -2.451821 0.5640728 0.2423248 -2.451821 0.2036299 0.1585148 -2.913392 1.12775 1.30371 -1.404965 0.9010802 0.4126397 -1.496362 0.5955405 0.8105891 -1.696137 0.5955405 0.8105891 -1.696137 0.6629033 1.658362 -1.600571 1.12775 1.30371 -1.404965 1.060233 -0.1310625 -1.450455 0.9350306 -0.3610849 -1.911688 0.7954216 0.345457 -1.862909 -0.7440137 0.9570412 1.622484 -0.6582403 0.7272478 1.884901 -0.5294221 0.8463439 1.726706 -0.5294221 0.8463439 1.726706 -0.6582403 0.7272478 1.884901 -0.2752344 0.5753196 1.710231 -0.2752344 0.5753196 1.710231 -0.4249896 0.3454579 1.999605 -0.1128733 0.4126406 1.739004 -0.1128733 0.4126406 1.739004 -0.4249896 0.3454579 1.999605 0.05476298 -0.131062 1.823702 -0.3404115 -0.361084 2.149113 0.05476298 -0.131062 1.823702 -0.4249896 0.3454579 1.999605 -1.475599 0.8463438 1.039268 -1.584079 0.7272477 1.21224 -1.309197 0.9570411 1.210411 -1.538324 0.5753195 0.7925422 -1.584079 0.7272477 1.21224 -1.475599 0.8463438 1.039268 -1.724931 -0.1310622 0.5730848 -1.765142 0.3454578 1.032781 -1.598362 0.4126405 0.7008758 -1.765142 0.3454578 1.032781 -1.724931 -0.1310622 0.5730848 -1.931507 -0.3610842 0.9931138 -1.510051 0.2142316 2.516584 -1.072948 0.2423259 2.422455 -1.196448 0.4744485 2.333004 -1.510051 0.2142316 2.516584 -1.722107 0.3064926 2.373588 -1.877824 -0.001641154 2.587914 -1.722107 0.3064926 2.373588 -1.923632 0.2142315 2.216099 -1.877824 -0.001641154 2.587914 -1.844489 0.4744484 1.863512 -1.979617 0.2423259 1.765613 -1.923632 0.2142315 2.216099 -1.510051 0.2142316 2.516584 -1.877824 -0.001641154 2.587914 -1.69401 -0.003799434 2.608543 -1.800951 -0.649913 2.732302 -1.55739 -0.01260474 2.608156 -1.69401 -0.003799434 2.608543 -1.877824 -0.001641154 2.587914 -1.923632 0.2142315 2.216099 -1.954333 -0.003799458 2.419406 -2.084455 -0.572563 1.796884 -2.015898 -0.002454487 1.952092 -1.979617 0.2423259 1.765613 -1.69401 -0.003799434 2.608543 -1.877824 -0.001641154 2.587914 -1.976655 -0.6631362 2.729462 -1.69401 -0.003799434 2.608543 -1.976655 -0.6631362 2.729462 -1.800951 -0.649913 2.732302 -1.976655 -0.6631362 2.729462 -1.877824 -0.001641154 2.587914 -1.954333 -0.003799458 2.419406 -1.923632 0.2142315 2.216099 -1.996183 -0.01260478 2.289354 -1.954333 -0.003799458 2.419406 -2.033652 -0.6499131 2.563236 -1.976655 -0.6631362 2.729462 -1.954333 -0.003799458 2.419406 -1.954333 -0.003799458 2.419406 -1.996183 -0.01260478 2.289354 -2.033652 -0.6499131 2.563236 -1.062291 1.042603 1.46543 -1.295657 1.658363 1.130884 -1.309197 0.9570411 1.210411 0.05476298 -0.131062 1.823702 0.055276 0.4225622 1.765636 -0.1128733 0.4126406 1.739004 -0.5294221 0.8463439 1.726706 -0.6754586 1.658363 1.581484 -0.7440137 0.9570412 1.622484 -1.658755 1.421488 0.570959 -1.665729 0.8887523 0.5488623 -1.475599 0.8463438 1.039268 -1.598362 0.4126405 0.7008758 -1.675652 0.4225621 0.5491856 -1.724931 -0.1310622 0.5730848 -0.7440137 0.9570412 1.622484 -0.6754586 1.658363 1.581484 -1.062291 1.042603 1.46543 -1.475599 0.8463438 1.039268 -1.665729 0.8887523 0.5488623 -1.538324 0.5753195 0.7925422 -0.2752344 0.5753196 1.710231 -0.6582403 0.7272478 1.884901 -0.4249896 0.3454579 1.999605 -1.072948 0.2423259 2.422455 -1.510051 0.2142316 2.516584 -1.232411 -0.003390048 2.520764 -1.382571 -0.6228269 2.757432 -1.232411 -0.003390048 2.520764 -1.55739 -0.01260474 2.608156 -1.072948 0.2423259 2.422455 -1.232411 -0.003390048 2.520764 -1.056409 -0.5725629 2.543804 -2.186838 -0.622827 2.173098 -2.015898 -0.002454487 1.952092 -2.084455 -0.572563 1.796884 -1.55739 -0.01260474 2.608156 -1.510051 0.2142316 2.516584 -1.69401 -0.003799434 2.608543 -1.800951 -0.649913 2.732302 -1.382571 -0.6228269 2.757432 -1.55739 -0.01260474 2.608156 -2.033652 -0.6499131 2.563236 -1.996183 -0.01260478 2.289354 -2.186838 -0.622827 2.173098 -1.55739 -0.01260474 2.608156 -1.232411 -0.003390048 2.520764 -1.510051 0.2142316 2.516584 -1.996183 -0.01260478 2.289354 -2.015898 -0.002454487 1.952092 -2.186838 -0.622827 2.173098 -0.2752344 0.5753196 1.710231 -0.001352054 0.8831554 1.772755 -0.5294221 0.8463439 1.726706 1.451506 0.6906025 1.054808 1.477167 0.6040549 1.321727 1.542927 0.5336093 0.8411434 1.542927 0.5336093 0.8411434 1.651717 0.3323694 1.153687 1.606827 0.3821357 0.7361603 1.606827 0.3821357 0.7361603 1.651717 0.3323694 1.153687 1.717721 -0.1310624 0.5730854 1.79661 -0.331739 1.140964 1.717721 -0.1310624 0.5730854 1.651717 0.3323694 1.153687 0.5466547 0.6906027 1.712221 0.6601508 0.604055 1.859948 0.7525311 0.7740603 1.612888 0.3589466 0.5479627 1.73539 0.6601508 0.604055 1.859948 0.5466547 0.6906027 1.712221 0.05476298 -0.131062 1.823702 0.4473633 0.3323696 1.953712 0.2490611 0.3637511 1.774288 1.722527 0.1369898 2.249781 1.79878 0.212582 1.844449 1.664485 0.3706841 1.933923 1.862091 -0.5864494 2.291701 1.79878 0.212582 1.844449 1.722527 0.1369898 2.249781 1.79878 0.212582 1.844449 1.862091 -0.5864494 2.291701 1.874967 -0.5411136 1.894973 1.722527 0.1369898 2.249781 1.571483 0.2243478 2.359683 1.675639 -0.006042301 2.519295 1.862091 -0.5864494 2.291701 1.722527 0.1369898 2.249781 1.704393 -0.007988966 2.456188 1.571483 0.2243478 2.359683 1.411755 0.1369899 2.456278 1.675639 -0.006042301 2.519295 1.147614 0.3706842 2.278516 1.004976 0.2125822 2.373532 1.411755 0.1369899 2.456278 1.722527 0.1369898 2.249781 1.675639 -0.006042301 2.519295 1.704393 -0.007988966 2.456188 1.825208 -0.6108792 2.519353 1.862091 -0.5864494 2.291701 1.704393 -0.007988966 2.456188 1.675639 -0.006042301 2.519295 1.411755 0.1369899 2.456278 1.606828 -0.007988947 2.521017 1.411755 0.1369899 2.456278 1.004976 0.2125822 2.373532 1.385347 -0.5864493 2.60848 1.704393 -0.007988966 2.456188 1.675639 -0.006042301 2.519295 1.765132 -0.622806 2.666795 1.704393 -0.007988966 2.456188 1.765132 -0.622806 2.666795 1.825208 -0.6108792 2.519353 1.765132 -0.622806 2.666795 1.675639 -0.006042301 2.519295 1.606828 -0.007988947 2.521017 1.411755 0.1369899 2.456278 1.385347 -0.5864493 2.60848 1.606828 -0.007988947 2.521017 1.004976 0.2125822 2.373532 1.019086 -0.5411134 2.463674 1.385347 -0.5864493 2.60848 1.607167 -0.6108792 2.664233 1.765132 -0.622806 2.666795 1.606828 -0.007988947 2.521017 1.606828 -0.007988947 2.521017 1.385347 -0.5864493 2.60848 1.607167 -0.6108792 2.664233 1.059587 0.8424304 1.517466 0.67572 1.658363 1.581484 0.7525311 0.7740603 1.612888 1.717721 -0.1310624 0.5730854 1.639807 0.4225619 0.5491863 1.606827 0.3821357 0.7361603 1.451506 0.6906025 1.054808 1.295918 1.658363 1.130884 1.294372 0.7740602 1.220661 0.2490611 0.3637511 1.774288 0.055276 0.4225622 1.765636 0.05476298 -0.131062 1.823702 1.451506 0.6906025 1.054808 1.659017 1.421487 0.5709596 1.295918 1.658363 1.130884 1.294372 0.7740602 1.220661 1.295918 1.658363 1.130884 1.059587 0.8424304 1.517466 1.451506 0.6906025 1.054808 1.663025 0.8887521 0.548863 1.659017 1.421487 0.5709596 0.5466547 0.6906027 1.712221 -0.001352054 0.8831554 1.772755 0.3589466 0.5479627 1.73539 1.542927 0.5336093 0.8411434 1.477167 0.6040549 1.321727 1.651717 0.3323694 1.153687 1.542927 0.5336093 0.8411434 1.663025 0.8887521 0.548863 1.451506 0.6906025 1.054808 -1.76406 0.7740601 -0.2165705 -1.97135 0.6040547 -0.1908899 -1.793699 0.7084988 0.009968317 -1.793699 0.7084988 0.009968317 -1.97135 0.6040547 -0.1908899 -1.742071 0.5336094 0.2365629 -1.742071 0.5336094 0.2365629 -2.013793 0.3323694 0.04765524 -1.743763 0.3821358 0.3675587 -1.743763 0.3821358 0.3675587 -2.013793 0.3323694 0.04765524 -1.724931 -0.1310622 0.5730848 -2.122544 -0.3317389 0.1600313 -1.724931 -0.1310622 0.5730848 -2.013793 0.3323694 0.04765524 -1.448076 0.7084985 -1.053748 -1.626728 0.6040546 -1.10655 -1.556248 0.77406 -0.8523749 -1.067329 -0.1310923 -1.450298 -1.509693 0.3323691 -1.30748 -1.197987 0.3821354 -1.312168 -1.509693 0.3323691 -1.30748 -1.067329 -0.1310923 -1.450298 -1.516417 -0.3317393 -1.45045 -2.759181 0.1586937 -0.8062368 -2.57732 0.2365561 -0.4223025 -2.519581 0.3994057 -0.578169 -2.898615 -0.5802561 -0.7390342 -2.57732 0.2365561 -0.4223025 -2.759181 0.1586937 -0.8062368 -2.57732 0.2365561 -0.4223025 -2.898615 -0.5802561 -0.7390342 -2.669151 -0.5335588 -0.4006407 -2.759181 0.1586937 -0.8062368 -2.699853 0.2486749 -0.9892671 -2.883282 0.01136636 -1.059213 -2.898615 -0.5802561 -0.7390342 -2.759181 0.1586937 -0.8062368 -2.874466 0.009361269 -0.9746115 -2.699853 0.2486749 -0.9892671 -2.625231 0.1586937 -1.166466 -2.883282 0.01136636 -1.059213 -2.297496 0.3994056 -1.178254 -2.236161 0.2365558 -1.343791 -2.625231 0.1586937 -1.166466 -2.759181 0.1586937 -0.8062368 -2.883282 0.01136636 -1.059213 -2.874466 0.009361269 -0.9746115 -3.005709 -0.60542 -0.9510688 -2.898615 -0.5802561 -0.7390342 -2.874466 0.009361269 -0.9746115 -2.883282 0.01136636 -1.059213 -2.625231 0.1586937 -1.166466 -2.821552 0.009361236 -1.116915 -2.625231 0.1586937 -1.166466 -2.236161 0.2365558 -1.343791 -2.693128 -0.5802562 -1.291648 -2.874466 0.009361269 -0.9746115 -2.883282 0.01136636 -1.059213 -3.044913 -0.6177049 -1.110307 -2.874466 0.009361269 -0.9746115 -3.044913 -0.6177049 -1.110307 -3.005709 -0.60542 -0.9510688 -3.044913 -0.6177049 -1.110307 -2.883282 0.01136636 -1.059213 -2.821552 0.009361236 -1.116915 -2.625231 0.1586937 -1.166466 -2.693128 -0.5802562 -1.291648 -2.821552 0.009361236 -1.116915 -2.236161 0.2365558 -1.343791 -2.300248 -0.5335591 -1.392726 -2.693128 -0.5802562 -1.291648 -2.911729 -0.6054201 -1.203808 -3.044913 -0.6177049 -1.110307 -2.821552 0.009361236 -1.116915 -2.821552 0.009361236 -1.116915 -2.693128 -0.5802562 -1.291648 -2.911729 -0.6054201 -1.203808 -1.717988 0.8485501 -0.5525963 -1.599941 1.658363 -0.6632722 -1.556248 0.77406 -0.8523749 -1.724931 -0.1310622 0.5730848 -1.675652 0.4225621 0.5491856 -1.743763 0.3821358 0.3675587 -1.793699 0.7084988 0.009968317 -1.731775 1.658363 -0.0005005111 -1.76406 0.7740601 -0.2165705 -1.793699 0.7084988 0.009968317 -1.658755 1.421488 0.570959 -1.731775 1.658363 -0.0005005111 -1.76406 0.7740601 -0.2165705 -1.731775 1.658363 -0.0005005111 -1.717988 0.8485501 -0.5525963 -1.793699 0.7084988 0.009968317 -1.665729 0.8887523 0.5488623 -1.658755 1.421488 0.570959 -1.742071 0.5336094 0.2365629 -1.97135 0.6040547 -0.1908899 -2.013793 0.3323694 0.04765524 -1.742071 0.5336094 0.2365629 -1.665729 0.8887523 0.5488623 -1.793699 0.7084988 0.009968317 1.550106 0.9570405 -0.8667333 1.634959 0.727247 -1.129449 1.437758 0.8463432 -1.077184 1.153804 0.4126399 -1.29869 1.513676 0.3454571 -1.359349 1.060233 -0.1310625 -1.450455 1.523987 -0.3610849 -1.515748 1.060233 -0.1310625 -1.450455 1.513676 0.3454571 -1.359349 1.799165 0.8463434 0.03511328 1.988597 0.7272472 -0.04106097 1.765139 0.9570406 -0.201153 1.704889 0.5753192 0.2715877 1.988597 0.7272472 -0.04106097 1.799165 0.8463434 0.03511328 1.717721 -0.1310624 0.5730854 2.029597 0.3454574 0.210551 1.685114 0.4126402 0.3810367 2.029597 0.3454574 0.210551 1.717721 -0.1310624 0.5730854 2.131732 -0.3610846 0.3546975 2.695381 0.2142305 -1.13981 2.28643 0.242325 -1.320581 2.333766 0.4744476 -1.175622 2.335235 -0.5725639 -1.414208 2.473223 -0.003391067 -1.306385 2.724673 -0.6228281 -1.395322 2.695381 0.2142305 -1.13981 2.782887 0.3064916 -0.8994809 3.034843 -0.001642192 -0.9813461 2.782887 0.3064916 -0.8994809 2.853355 0.2142306 -0.6536158 3.034843 -0.001642192 -0.9813461 2.582081 0.4744477 -0.4148859 2.633859 0.2423251 -0.2562573 2.853355 0.2142306 -0.6536158 2.695381 0.2142305 -1.13981 3.034843 -0.001642192 -0.9813461 2.898259 -0.003800482 -1.106078 3.048379 -0.6499141 -1.129075 2.787504 -0.01260579 -1.186068 2.898259 -0.003800482 -1.106078 3.034843 -0.001642192 -0.9813461 2.853355 0.2142306 -0.6536158 2.997694 -0.003800425 -0.8000494 2.727914 -0.5725637 -0.2056654 2.77282 -0.00245526 -0.3857972 2.633859 0.2423251 -0.2562573 2.898259 -0.003800482 -1.106078 3.034843 -0.001642192 -0.9813461 3.188857 -0.6631373 -1.0235 2.898259 -0.003800482 -1.106078 3.188857 -0.6631373 -1.0235 3.048379 -0.6499141 -1.129075 3.188857 -0.6631373 -1.0235 3.034843 -0.001642192 -0.9813461 2.997694 -0.003800425 -0.8000494 2.853355 0.2142306 -0.6536158 2.955108 -0.01260569 -0.6702361 2.997694 -0.003800425 -0.8000494 3.137263 -0.6499141 -0.8555186 3.188857 -0.6631373 -1.0235 2.997694 -0.003800425 -0.8000494 2.997694 -0.003800425 -0.8000494 2.955108 -0.01260569 -0.6702361 3.137263 -0.6499141 -0.8555186 1.715284 1.042602 -0.5525956 1.732037 1.658362 -0.0004991649 1.765139 0.9570406 -0.201153 0.9010802 0.4126397 -1.496362 1.153804 0.4126399 -1.29869 1.060233 -0.1310625 -1.450455 1.659017 1.421487 0.5709596 1.663025 0.8887521 0.548863 1.799165 0.8463434 0.03511328 1.685114 0.4126402 0.3810367 1.639807 0.4225619 0.5491863 1.717721 -0.1310624 0.5730854 1.550106 0.9570405 -0.8667333 1.600204 1.658362 -0.6632698 1.715284 1.042602 -0.5525956 1.799165 0.8463434 0.03511328 1.663025 0.8887521 0.548863 1.704889 0.5753192 0.2715877 2.28643 0.242325 -1.320581 2.695381 0.2142305 -1.13981 2.473223 -0.003391067 -1.306385 2.724673 -0.6228281 -1.395322 2.473223 -0.003391067 -1.306385 2.787504 -0.01260579 -1.186068 2.28643 0.242325 -1.320581 2.473223 -0.003391067 -1.306385 2.335235 -0.5725639 -1.414208 2.853355 0.2142306 -0.6536158 2.77282 -0.00245526 -0.3857972 2.955108 -0.01260569 -0.6702361 2.77282 -0.00245526 -0.3857972 2.853355 0.2142306 -0.6536158 2.633859 0.2423251 -0.2562573 3.031875 -0.6228279 -0.4498501 2.77282 -0.00245526 -0.3857972 2.727914 -0.5725637 -0.2056654 2.787504 -0.01260579 -1.186068 2.695381 0.2142305 -1.13981 2.898259 -0.003800482 -1.106078 3.048379 -0.6499141 -1.129075 2.724673 -0.6228281 -1.395322 2.787504 -0.01260579 -1.186068 3.137263 -0.6499141 -0.8555186 2.955108 -0.01260569 -0.6702361 3.031875 -0.6228279 -0.4498501 2.787504 -0.01260579 -1.186068 2.473223 -0.003391067 -1.306385 2.695381 0.2142305 -1.13981 2.955108 -0.01260569 -0.6702361 2.77282 -0.00245526 -0.3857972 3.031875 -0.6228279 -0.4498501 -0.001351891 -0.05782668 -3.137239 -0.001351836 0.2553695 -2.92235 0.2036299 0.1585148 -2.913392 -0.2063337 0.1585149 -2.913392 -0.001351836 0.2553695 -2.92235 -0.001351891 -0.05782668 -3.137239 1.702363 7.130903 -0.3176171 2.199175 7.437866 -0.2100918 2.226947 7.218795 -0.295137 1.733793 6.088342 0.0005375698 1.685514 6.446537 -0.2933891 2.329143 6.895427 -0.00477413 1.685514 6.446537 -0.2933891 2.257587 7.021778 -0.2100917 2.329143 6.895427 -0.00477413 1.733793 6.088342 0.0005375698 2.329143 6.895427 -0.00477413 1.685514 6.446537 0.2655331 2.329143 6.895427 -0.00477413 2.257587 7.021778 0.2005434 1.685514 6.446537 0.2655331 1.685514 6.446537 0.2655331 2.257587 7.021778 0.2005434 1.667003 6.740048 0.3493001 2.257587 7.021778 0.2005434 2.226947 7.218795 0.2855887 1.667003 6.740048 0.3493001 1.667003 6.740048 0.3493001 2.226947 7.218795 0.2855887 1.702363 7.130903 0.2897611 2.226947 7.218795 0.2855887 2.199175 7.437866 0.2005434 1.702363 7.130903 0.2897611 1.702363 7.130903 0.2897611 2.199175 7.437866 0.2005434 1.728457 7.427739 0.0005376404 2.199175 7.437866 0.2005434 2.216313 7.546301 -0.004774193 1.728457 7.427739 0.0005376404 1.702363 7.130903 -0.3176171 1.728457 7.427739 0.0005376404 2.199175 7.437866 -0.2100918 1.728457 7.427739 0.0005376404 2.216313 7.546301 -0.004774193 2.199175 7.437866 -0.2100918 2.226947 7.218795 -0.295137 2.199175 7.437866 -0.2100918 2.915448 7.56195 -0.1706754 2.915448 7.56195 -0.1706754 2.199175 7.437866 -0.2100918 2.84067 7.703789 -0.004774072 2.226947 7.218795 -0.295137 2.915448 7.56195 -0.1706754 2.257587 7.021778 -0.2100917 2.915448 7.56195 -0.1706754 2.968325 7.461654 -0.1220839 2.257587 7.021778 -0.2100917 2.257587 7.021778 -0.2100917 2.968325 7.461654 -0.1220839 2.329143 6.895427 -0.00477413 2.968325 7.461654 -0.1220839 2.990226 7.42011 -0.004774024 2.329143 6.895427 -0.00477413 2.216313 7.546301 -0.004774193 2.84067 7.703789 -0.004774072 2.199175 7.437866 -0.2100918 3.084181 7.714559 -0.004774022 3.015808 7.648379 -0.08772468 2.961161 7.752035 -0.00477405 3.015808 7.648379 -0.08772468 3.084181 7.714559 -0.004774022 3.054449 7.575085 -0.06342898 3.054449 7.575085 -0.06342898 3.084181 7.714559 -0.004774022 3.070455 7.544724 -0.004774014 3.070455 7.544724 -0.004774014 3.084181 7.714559 -0.004774022 3.054449 7.575085 0.05388094 3.054449 7.575085 0.05388094 3.084181 7.714559 -0.004774022 3.015808 7.648379 0.07817662 3.015808 7.648379 0.07817662 3.084181 7.714559 -0.004774022 2.977167 7.721675 0.05388092 2.977167 7.721675 0.05388092 3.084181 7.714559 -0.004774022 2.961161 7.752035 -0.00477405 1.702363 7.130903 -0.3176171 1.345576 7.194633 -0.3848481 1.728457 7.427739 0.0005376404 1.728457 7.427739 0.0005376404 1.345576 7.194633 -0.3848481 1.466394 7.618054 3.128606E-05 1.728457 7.427739 0.0005376404 1.466394 7.618054 3.128606E-05 1.345576 7.194633 0.421757 1.728457 7.427739 0.0005376404 1.345576 7.194633 0.421757 1.702363 7.130903 0.2897611 1.49704 4.989501 1.566422E-05 1.733793 6.088342 0.0005375698 1.505218 6.006127 0.3476931 -1.646389 6.579469 0.0005368353 -2.216107 7.33147 -0.004775105 -1.557237 7.002384 -0.3117747 -1.646389 6.579469 0.0005368353 -1.557237 7.002384 0.2839172 -2.216107 7.33147 -0.004775105 -2.216107 7.33147 -0.004775105 -1.557237 7.002384 0.2839172 -2.121296 7.450853 0.2005425 -1.557237 7.002384 0.2839172 -1.53638 7.295895 0.3734958 -2.121296 7.450853 0.2005425 -2.121296 7.450853 0.2005425 -1.53638 7.295895 0.3734958 -2.065283 7.644395 0.2855878 -1.53638 7.295895 0.3734958 -1.535951 7.862214 0.309826 -2.065283 7.644395 0.2855878 -2.065283 7.644395 0.2855878 -1.535951 7.862214 0.309826 -2.010145 7.860178 0.2005425 -1.535951 7.862214 0.309826 -1.565713 8.15905 0.0005369096 -2.010145 7.860178 0.2005425 -2.010145 7.860178 0.2005425 -1.565713 8.15905 0.0005369096 -2.017893 7.969808 -0.004775101 -1.535951 7.862214 -0.3376835 -2.010145 7.860178 -0.2100927 -1.565713 8.15905 0.0005369096 -3.091438 8.134802 -0.0634303 -3.106538 8.101861 -0.004775336 -3.138438 8.269059 -0.004775353 -1.409553 4.313151 0.5074912 -1.023279 4.97616 0.8491612 -1.361907 4.97616 0.4595622 -1.078896 4.313151 0.9377224 -0.5659807 4.97616 1.109483 -1.023279 4.97616 0.8491612 1.357896 4.97616 0.459563 1.505218 6.006127 0.3476931 1.370358 5.948589 0.4570847 -1.535951 7.862214 -0.3376835 -1.565713 8.15905 0.0005369096 -1.276753 7.920966 -0.3848487 -0.9953797 7.252376 0.7664951 -0.9628702 7.920967 0.7111043 -1.319229 7.259338 0.4546058 -1.319229 7.259338 0.4546058 -0.9628702 7.920967 0.7111043 -1.276753 7.920966 0.4217564 -1.565713 8.15905 0.0005369096 -1.414548 8.308792 3.064383E-05 -1.276753 7.920966 -0.3848487 -1.565713 8.15905 0.0005369096 -1.276753 7.920966 0.4217564 -1.414548 8.308792 3.064383E-05 -1.276753 7.920966 0.4217564 -0.9628702 7.920967 0.7111043 -1.25942 8.308792 0.3574114 1.345576 7.194633 0.421757 1.466394 7.618054 3.128606E-05 1.275775 7.461772 0.3574123 1.306953 8.831643 -0.3415817 0.9973059 8.836345 -0.5423214 1.032622 9.135658 -0.4830693 -1.025825 8.836345 -0.542322 -1.335472 8.831643 -0.3415822 -1.061141 9.135658 -0.4830697 0.9973054 8.836345 0.5423209 1.306952 8.831643 0.3415811 1.032622 9.135658 0.4830686 -1.943416 10.35929 -1.02289E-06 -1.833024 10.15693 -0.2245396 -1.98033 10.08058 -0.1587738 -1.943416 10.35929 -1.02289E-06 -1.98033 10.08058 -0.1587738 -2.041347 10.04896 -1.024823E-06 -1.943416 10.35929 -1.02289E-06 -2.041347 10.04896 -1.024823E-06 -1.98033 10.08058 0.1587717 -1.943416 10.35929 -1.02289E-06 -1.98033 10.08058 0.1587717 -1.833024 10.15693 0.2245376 -1.943416 10.35929 -1.02289E-06 -1.833024 10.15693 0.2245376 -1.685717 10.23327 0.1587718 -1.943416 10.35929 -1.02289E-06 -1.685717 10.23327 0.1587718 -1.624701 10.26489 -9.507743E-07 1.674361 10.14925 -0.2440736 1.784381 10.38453 -2.467156E-07 1.82117 10.06049 -0.1725861 1.82117 10.06049 -0.1725861 1.784381 10.38453 -2.467156E-07 1.881981 10.02372 -2.04849E-07 1.881981 10.02372 -2.04849E-07 1.784381 10.38453 -2.467156E-07 1.82117 10.06049 0.1725857 1.82117 10.06049 0.1725857 1.784381 10.38453 -2.467156E-07 1.674361 10.14925 0.2440731 1.674361 10.14925 0.2440731 1.784381 10.38453 -2.467156E-07 1.527551 10.23801 0.1725856 1.527551 10.23801 0.1725856 1.784381 10.38453 -2.467156E-07 1.46674 10.27477 -3.064386E-07 -0.7734767 9.193745 0.3415807 -0.001333069 9.130924 0.3835835 -0.001332924 9.301105 -5.546675E-07 -0.001333069 9.130924 0.3835835 0.7449577 9.193745 0.341581 -0.001332924 9.301105 -5.546675E-07 -1.565713 8.15905 0.0005369096 -1.535951 7.862214 0.309826 -1.276753 7.920966 0.4217564 -1.476025 4.97616 3.067897E-05 -1.401291 6.556995 0.3716975 -1.646389 6.579469 0.0005368353 1.466394 7.618054 3.128606E-05 1.345576 7.194633 -0.3848481 1.275775 7.461772 -0.357412 1.357896 4.97616 0.459563 1.49704 4.989501 1.566422E-05 1.505218 6.006127 0.3476931 -1.646389 6.579469 0.0005368353 -1.401291 6.556995 0.3716975 -1.557237 7.002384 0.2839172 1.505218 6.006127 0.3476931 1.733793 6.088342 0.0005375698 1.685514 6.446537 0.2655331 -0.9036857 0.4126399 -1.496362 -1.067329 -0.1310923 -1.450298 -1.197987 0.3821354 -1.312168 -1.448076 0.7084985 -1.053748 -0.9036857 0.4126399 -1.496362 -1.224511 1.658362 -1.225143 -0.5981455 0.8105893 -1.696137 -0.9435754 1.658362 -1.412858 -0.6626399 1.658362 -1.600572 -1.056409 -0.5725629 2.543804 -1.232411 -0.003390048 2.520764 -1.382571 -0.6228269 2.757432 -0.6775739 -0.4999179 2.356132 -1.072948 0.2423259 2.422455 -0.7122802 0.3052398 2.224868 -1.062291 1.042603 1.46543 -0.6754586 1.658363 1.581484 -1.295657 1.658363 1.130884 -0.6754586 1.658363 1.581484 -1.193429 2.400001 1.136676 -0.6465448 2.400001 1.483438 1.059587 0.8424304 1.517466 1.295918 1.658363 1.130884 0.67572 1.658363 1.581484 1.190528 2.400001 1.136677 0.67572 1.658363 1.581484 0.6436437 2.400001 1.483438 -1.557237 7.002384 -0.3117747 -2.216107 7.33147 -0.004775105 -2.121296 7.450853 -0.2100927 -2.216107 7.33147 -0.004775105 -2.983404 8.035853 -0.1220852 -2.933518 8.144673 -0.1706766 -2.121296 7.450853 -0.2100927 -2.983404 8.035853 -0.1220852 -3.091438 8.134802 -0.0634303 -2.933518 8.144673 -0.1706766 -3.054983 8.214325 -0.08772597 -3.091438 8.134802 -0.0634303 -3.138438 8.269059 -0.004775353 -2.983404 8.035853 -0.1220852 -2.216107 7.33147 -0.004775105 -3.004066 7.990778 -0.004775308 -3.004066 7.990778 -0.004775308 -3.091438 8.134802 -0.0634303 -3.106538 8.101861 -0.004775336 -2.86297 8.298568 -0.004775297 -2.010145 7.860178 -0.2100927 -2.933518 8.144673 -0.1706766 -2.86297 8.298568 -0.004775297 -3.054983 8.214325 -0.08772597 -2.989867 8.330634 -0.004775326 -3.138438 8.269059 -0.004775353 -3.054983 8.214325 -0.08772597 -3.106538 8.101861 -0.004775336 -3.091438 8.134802 0.05387963 -3.138438 8.269059 -0.004775353 -3.091438 8.134802 0.05387963 -3.004066 7.990778 -0.004775308 -2.983404 8.035853 0.1125346 -3.091438 8.134802 0.05387963 -3.054983 8.214325 0.07817532 -3.138438 8.269059 -0.004775353 -2.933518 8.144673 0.161126 -3.091438 8.134802 0.05387963 -2.983404 8.035853 0.1125346 -3.054983 8.214325 0.07817532 -3.018527 8.293849 0.05387963 -3.138438 8.269059 -0.004775353 -2.883633 8.253491 0.1125346 -3.054983 8.214325 0.07817532 -2.933518 8.144673 0.161126 -3.018527 8.293849 0.05387963 -2.989867 8.330634 -0.004775326 -3.138438 8.269059 -0.004775353 -2.86297 8.298568 -0.004775297 -3.018527 8.293849 0.05387963 -2.883633 8.253491 0.1125346 -1.450267 3.598784 0.545803 -1.109987 3.598784 1.008513 -1.409553 4.313151 0.5074912 -1.109987 3.598784 1.008513 -1.558845 2.400001 0.6177104 -1.193429 2.400001 1.136676 -1.109987 3.598784 1.008513 -0.6007203 3.598784 1.317687 -1.078896 4.313151 0.9377224 -0.6007203 3.598784 1.317687 -1.193429 2.400001 1.136676 -0.6465449 2.400001 1.483438 -1.078895 4.31315 -0.9377241 -1.409553 4.31315 -0.5074931 -1.023278 4.97616 -0.8491627 -1.450267 3.598784 -0.5458049 -1.078895 4.31315 -0.9377241 -1.109986 3.598784 -1.008515 -1.558845 2.4 -0.606612 -1.109986 3.598784 -1.008515 -1.193428 2.4 -1.125577 -1.023278 4.97616 -0.8491627 -1.409553 4.31315 -0.5074931 -1.361907 4.97616 -0.4595641 -1.361907 4.97616 -0.4595641 -0.9628687 7.920966 -0.7111068 -1.276753 7.920966 -0.3848487 -0.5840325 4.313151 1.225194 0.00772595 4.97616 1.200896 -0.5659807 4.97616 1.109483 -0.5840325 4.313151 1.225194 -1.078896 4.313151 0.9377224 -0.6007203 3.598784 1.317687 -0.9953797 7.252376 0.7664951 -0.5141282 7.745502 0.9010446 -0.9628702 7.920967 0.7111043 -0.9628702 7.920967 0.7111043 -0.6996196 8.814945 0.6381261 -1.025825 8.836345 0.5423204 -1.276753 7.920966 -0.3848487 -1.414548 8.308792 3.064383E-05 -1.259419 8.308792 -0.3574135 -1.508592 8.746412 -8.360437E-07 -1.259419 8.308792 -0.3574135 -1.335472 8.831643 -0.3415822 -1.414548 8.308792 3.064383E-05 -1.276753 7.920966 0.4217564 -1.25942 8.308792 0.3574114 -1.25942 8.308792 0.3574114 -1.508592 8.746412 -8.360437E-07 -1.335472 8.831643 0.3415806 -1.335472 8.831643 0.3415806 -1.025825 8.836345 0.5423204 -1.061141 9.135658 0.4830682 -1.25942 8.308792 0.3574114 -1.025825 8.836345 0.5423204 -0.9628702 7.920967 0.7111043 0.9932678 7.073946 0.7111058 1.345576 7.194633 0.421757 1.275775 7.461772 0.3574123 1.382819 6.665603 0.4546064 0.9932678 7.073946 0.7111058 1.025778 6.58082 0.766496 -0.2063337 0.1585149 -2.913392 -0.565901 0.2423249 -2.451821 -0.4000286 0.4582387 -2.451821 -0.7980269 0.3454572 -1.862909 -0.565901 0.2423249 -2.451821 -0.5981455 0.8105893 -1.696137 -0.9036857 0.4126399 -1.496362 1.294372 0.7740602 1.220661 1.477167 0.6040549 1.321727 1.451506 0.6906025 1.054808 1.069683 0.7159697 1.590163 1.477167 0.6040549 1.321727 1.059587 0.8424304 1.517466 -2.065283 7.644395 -0.295138 -2.121296 7.450853 -0.2100927 -2.933518 8.144673 -0.1706766 -1.535951 7.862214 -0.3376835 -1.557237 7.002384 -0.3117747 -2.121296 7.450853 -0.2100927 1.370358 5.948589 0.4570847 1.505218 6.006127 0.3476931 1.382819 6.665603 0.4546064 1.505218 6.006127 0.3476931 1.685514 6.446537 0.2655331 1.667003 6.740048 0.3493001 -0.6473272 -0.5725641 -2.522664 -0.9422405 -0.3610848 -1.911688 -0.565901 0.2423249 -2.451821 -0.7980269 0.3454572 -1.862909 0.7954216 0.345457 -1.862909 0.9350306 -0.3610849 -1.911688 0.5640728 0.2423248 -2.451821 0.6401174 -0.5725642 -2.522663 -0.0009139552 0.5660312 -2.45182 -0.001351836 0.2553695 -2.92235 -0.4000286 0.4582387 -2.451821 -0.2063337 0.1585149 -2.913392 -0.003604922 -0.6631376 -3.30815 -0.6473272 -0.5725641 -2.522664 -0.2063337 0.1585149 -2.913392 -0.565901 0.2423249 -2.451821 0.5955405 0.8105891 -1.696137 0.3982006 0.4582387 -2.451821 -0.001351752 0.9859176 -1.797973 -0.0009139552 0.5660312 -2.45182 -0.0009139552 0.5660312 -2.45182 0.3982006 0.4582387 -2.451821 -0.001351836 0.2553695 -2.92235 0.2036299 0.1585148 -2.913392 0.5640728 0.2423248 -2.451821 0.6401174 -0.5725642 -2.522663 0.2036299 0.1585148 -2.913392 -0.003604922 -0.6631376 -3.30815 -0.5981455 0.8105893 -1.696137 -0.6626399 1.658362 -1.600572 -0.001351752 0.9859176 -1.797973 0.0001318636 1.658362 -1.732405 -0.6626399 1.658362 -1.600572 -0.001449231 2.4 -1.594104 -0.6465436 2.4 -1.472338 -0.9422405 -0.3610848 -1.911688 -1.067329 -0.1310923 -1.450298 -0.7980269 0.3454572 -1.862909 -0.9036857 0.4126399 -1.496362 0.6629033 1.658362 -1.600571 0.5955405 0.8105891 -1.696137 -0.001351752 0.9859176 -1.797973 0.0001318636 1.658362 -1.732405 -0.001449231 2.4 -1.594104 0.6629033 1.658362 -1.600571 0.6436449 2.4 -1.472337 -0.5981455 0.8105893 -1.696137 -0.001351752 0.9859176 -1.797973 -0.4000286 0.4582387 -2.451821 -0.0009139552 0.5660312 -2.45182 1.12775 1.30371 -1.404965 1.190529 2.4 -1.125575 1.600204 1.658362 -0.6632698 1.555946 2.4 -0.6066098 1.12775 1.30371 -1.404965 0.6629033 1.658362 -1.600571 1.190529 2.4 -1.125575 0.6436449 2.4 -1.472337 -0.9435754 1.658362 -1.412858 -0.7149041 2.4 -1.428993 -0.6626399 1.658362 -1.600572 -0.6465436 2.4 -1.472338 -1.658755 1.421488 0.570959 -1.558846 2.400001 0.6177104 -1.731775 1.658363 -0.0005005111 -1.687162 2.400001 0.005549143 -1.658755 1.421488 0.570959 -1.295657 1.658363 1.130884 -1.558846 2.400001 0.6177104 -1.193429 2.400001 1.136676 0.0001307205 1.409707 1.709456 -0.001450527 2.400001 1.605204 -0.6754586 1.658363 1.581484 -0.6465448 2.400001 1.483438 0.0001307205 1.409707 1.709456 0.67572 1.658363 1.581484 -0.001450527 2.400001 1.605204 0.6436437 2.400001 1.483438 1.659017 1.421487 0.5709596 1.555945 2.400001 0.6177116 1.295918 1.658363 1.130884 1.190528 2.400001 1.136677 1.659017 1.421487 0.5709596 1.732037 1.658362 -0.0004991649 1.555945 2.400001 0.6177116 1.684262 2.400001 0.005550416 -0.6582403 0.7272478 1.884901 -1.122165 0.8815223 1.54784 -0.9040052 0.6453381 2.096548 -1.307907 0.7907089 1.803491 -0.4249896 0.3454579 1.999605 -0.6582403 0.7272478 1.884901 -0.7122802 0.3052398 2.224868 -0.9040052 0.6453381 2.096548 -1.307907 0.7907089 1.803491 -1.122165 0.8815223 1.54784 -1.70983 0.6453381 1.51194 -1.584079 0.7272477 1.21224 -0.6775739 -0.4999179 2.356132 -0.3404115 -0.361084 2.149113 -0.7122802 0.3052398 2.224868 -0.4249896 0.3454579 1.999605 -1.307907 0.7907089 1.803491 -1.521472 0.5833819 2.097439 -0.9040052 0.6453381 2.096548 -1.196448 0.4744485 2.333004 -0.9040052 0.6453381 2.096548 -1.196448 0.4744485 2.333004 -0.7122802 0.3052398 2.224868 -1.072948 0.2423259 2.422455 -1.598362 0.4126405 0.7008758 -1.765142 0.3454578 1.032781 -1.538324 0.5753195 0.7925422 -1.584079 0.7272477 1.21224 -1.307907 0.7907089 1.803491 -1.70983 0.6453381 1.51194 -1.521472 0.5833819 2.097439 -1.844489 0.4744484 1.863512 -1.70983 0.6453381 1.51194 -1.584079 0.7272477 1.21224 -1.894445 0.3052397 1.37795 -1.765142 0.3454578 1.032781 -1.521472 0.5833819 2.097439 -1.722107 0.3064926 2.373588 -1.196448 0.4744485 2.333004 -1.510051 0.2142316 2.516584 -1.521472 0.5833819 2.097439 -1.844489 0.4744484 1.863512 -1.722107 0.3064926 2.373588 -1.923632 0.2142315 2.216099 -1.70983 0.6453381 1.51194 -1.894445 0.3052397 1.37795 -1.844489 0.4744484 1.863512 -1.979617 0.2423259 1.765613 -1.765142 0.3454578 1.032781 -1.931507 -0.3610842 0.9931138 -1.894445 0.3052397 1.37795 -2.024206 -0.499918 1.377747 -1.894445 0.3052397 1.37795 -2.024206 -0.499918 1.377747 -1.979617 0.2423259 1.765613 -2.084455 -0.572563 1.796884 -1.475599 0.8463438 1.039268 -1.309197 0.9570411 1.210411 -1.658755 1.421488 0.570959 -1.295657 1.658363 1.130884 0.055276 0.4225622 1.765636 -0.001352054 0.8831554 1.772755 -0.1128733 0.4126406 1.739004 -0.2752344 0.5753196 1.710231 -0.6754586 1.658363 1.581484 -0.5294221 0.8463439 1.726706 0.0001307205 1.409707 1.709456 -0.001352054 0.8831554 1.772755 -1.665729 0.8887523 0.5488623 -1.675652 0.4225621 0.5491856 -1.538324 0.5753195 0.7925422 -1.598362 0.4126405 0.7008758 -1.923632 0.2142315 2.216099 -2.015898 -0.002454487 1.952092 -1.996183 -0.01260478 2.289354 -1.979617 0.2423259 1.765613 0.6601508 0.604055 1.859948 1.069683 0.7159697 1.590163 0.7525311 0.7740603 1.612888 1.059587 0.8424304 1.517466 1.477167 0.6040549 1.321727 1.069683 0.7159697 1.590163 1.582816 0.5239069 1.600748 1.228855 0.6511921 1.834489 1.651717 0.3323694 1.153687 1.477167 0.6040549 1.321727 1.759094 0.2950054 1.474171 1.582816 0.5239069 1.600748 1.228855 0.6511921 1.834489 1.069683 0.7159697 1.590163 0.8735209 0.5239071 2.0692 0.6601508 0.604055 1.859948 1.874314 -0.4660692 1.497194 1.79661 -0.331739 1.140964 1.759094 0.2950054 1.474171 1.651717 0.3323694 1.153687 1.759094 0.2950054 1.474171 1.582816 0.5239069 1.600748 1.79878 0.212582 1.844449 1.664485 0.3706841 1.933923 0.2490611 0.3637511 1.774288 0.4473633 0.3323696 1.953712 0.3589466 0.5479627 1.73539 0.6601508 0.604055 1.859948 0.8735209 0.5239071 2.0692 0.6601508 0.604055 1.859948 0.6987213 0.2950056 2.184581 0.4473633 0.3323696 1.953712 1.874967 -0.5411136 1.894973 1.874314 -0.4660692 1.497194 1.79878 0.212582 1.844449 1.759094 0.2950054 1.474171 1.406037 0.4474451 2.10615 1.571483 0.2243478 2.359683 1.664485 0.3706841 1.933923 1.722527 0.1369898 2.249781 1.406037 0.4474451 2.10615 1.147614 0.3706842 2.278516 1.571483 0.2243478 2.359683 1.411755 0.1369899 2.456278 1.147614 0.3706842 2.278516 0.8735209 0.5239071 2.0692 1.004976 0.2125822 2.373532 0.6987213 0.2950056 2.184581 0.6987213 0.2950056 2.184581 0.654636 -0.4660689 2.301338 1.004976 0.2125822 2.373532 1.019086 -0.5411134 2.463674 1.663025 0.8887521 0.548863 1.542927 0.5336093 0.8411434 1.639807 0.4225619 0.5491863 1.606827 0.3821357 0.7361603 -0.001352054 0.8831554 1.772755 0.055276 0.4225622 1.765636 0.3589466 0.5479627 1.73539 0.2490611 0.3637511 1.774288 -1.717988 0.8485501 -0.5525963 -1.799471 0.7159694 -0.6475725 -1.76406 0.7740601 -0.2165705 -1.97135 0.6040547 -0.1908899 -1.626728 0.6040546 -1.10655 -1.799471 0.7159694 -0.6475725 -1.556248 0.77406 -0.8523749 -1.717988 0.8485501 -0.5525963 -1.97135 0.6040547 -0.1908899 -1.799471 0.7159694 -0.6475725 -2.220826 0.5239068 -0.3545235 -2.071855 0.6511917 -0.7516776 -2.013793 0.3323694 0.04765524 -1.97135 0.6040547 -0.1908899 -2.289037 0.2950053 -0.1485072 -2.220826 0.5239068 -0.3545235 -2.071855 0.6511917 -0.7516776 -1.799471 0.7159694 -0.6475725 -1.922344 0.5239066 -1.150423 -1.626728 0.6040546 -1.10655 -2.394795 -0.4660692 -0.08249156 -2.122544 -0.3317389 0.1600313 -2.289037 0.2950053 -0.1485072 -2.013793 0.3323694 0.04765524 -1.626728 0.6040546 -1.10655 -1.448076 0.7084985 -1.053748 -1.509693 0.3323691 -1.30748 -1.197987 0.3821354 -1.312168 -2.220826 0.5239068 -0.3545235 -2.071855 0.6511917 -0.7516776 -2.519581 0.3994057 -0.578169 -2.408486 0.4784717 -0.8781618 -2.289037 0.2950053 -0.1485072 -2.220826 0.5239068 -0.3545235 -2.57732 0.2365561 -0.4223025 -2.519581 0.3994057 -0.578169 -2.408486 0.4784717 -0.8781618 -2.071855 0.6511917 -0.7516776 -2.297496 0.3994056 -1.178254 -1.922344 0.5239066 -1.150423 -1.922344 0.5239066 -1.150423 -1.626728 0.6040546 -1.10655 -1.848747 0.295005 -1.346512 -1.509693 0.3323691 -1.30748 -2.669151 -0.5335588 -0.4006407 -2.394795 -0.4660692 -0.08249156 -2.57732 0.2365561 -0.4223025 -2.289037 0.2950053 -0.1485072 -2.408486 0.4784717 -0.8781618 -2.699853 0.2486749 -0.9892671 -2.519581 0.3994057 -0.578169 -2.759181 0.1586937 -0.8062368 -2.408486 0.4784717 -0.8781618 -2.297496 0.3994056 -1.178254 -2.699853 0.2486749 -0.9892671 -2.625231 0.1586937 -1.166466 -2.297496 0.3994056 -1.178254 -1.922344 0.5239066 -1.150423 -2.236161 0.2365558 -1.343791 -1.848747 0.295005 -1.346512 -1.665729 0.8887523 0.5488623 -1.742071 0.5336094 0.2365629 -1.675652 0.4225621 0.5491856 -1.743763 0.3821358 0.3675587 1.715284 1.042602 -0.5525956 1.812162 0.8815217 -0.5840731 1.550106 0.9570405 -0.8667333 1.634959 0.727247 -1.129449 1.513676 0.3454571 -1.359349 1.153804 0.4126399 -1.29869 1.634959 0.727247 -1.129449 1.437758 0.8463432 -1.077184 1.988597 0.7272472 -0.04106097 1.812162 0.8815217 -0.5840731 1.765139 0.9570406 -0.201153 1.715284 1.042602 -0.5525956 1.634959 0.727247 -1.129449 1.812162 0.8815217 -0.5840731 1.958189 0.6453373 -1.156219 2.112698 0.7907082 -0.6817233 1.513676 0.3454571 -1.359349 1.634959 0.727247 -1.129449 1.878505 0.3052389 -1.372725 1.958189 0.6453373 -1.156219 2.112698 0.7907082 -0.6817233 1.812162 0.8815217 -0.5840731 2.266491 0.6453375 -0.209609 1.988597 0.7272472 -0.04106097 2.112698 0.7907082 -0.6817233 2.458254 0.5833811 -0.7940011 1.958189 0.6453373 -1.156219 2.333766 0.4744476 -1.175622 1.958189 0.6453373 -1.156219 2.333766 0.4744476 -1.175622 1.878505 0.3052389 -1.372725 2.28643 0.242325 -1.320581 1.685114 0.4126402 0.3810367 2.029597 0.3454574 0.210551 1.704889 0.5753192 0.2715877 1.988597 0.7272472 -0.04106097 2.112698 0.7907082 -0.6817233 2.266491 0.6453375 -0.209609 2.458254 0.5833811 -0.7940011 2.582081 0.4744477 -0.4148859 2.266491 0.6453375 -0.209609 1.988597 0.7272472 -0.04106097 2.337091 0.3052392 0.007304871 2.029597 0.3454574 0.210551 2.458254 0.5833811 -0.7940011 2.782887 0.3064916 -0.8994809 2.333766 0.4744476 -1.175622 2.695381 0.2142305 -1.13981 2.458254 0.5833811 -0.7940011 2.582081 0.4744477 -0.4148859 2.782887 0.3064916 -0.8994809 2.853355 0.2142306 -0.6536158 2.266491 0.6453375 -0.209609 2.337091 0.3052392 0.007304871 2.582081 0.4744477 -0.4148859 2.633859 0.2423251 -0.2562573 2.029597 0.3454574 0.210551 2.131732 -0.3610846 0.3546975 2.337091 0.3052392 0.007304871 2.432808 -0.4999185 0.09800954 2.337091 0.3052392 0.007304871 2.432808 -0.4999185 0.09800954 2.633859 0.2423251 -0.2562573 2.727914 -0.5725637 -0.2056654 1.659017 1.421487 0.5709596 1.799165 0.8463434 0.03511328 1.732037 1.658362 -0.0004991649 1.765139 0.9570406 -0.201153 1.600204 1.658362 -0.6632698 1.550106 0.9570405 -0.8667333 1.12775 1.30371 -1.404965 1.437758 0.8463432 -1.077184 1.437758 0.8463432 -1.077184 1.153804 0.4126399 -1.29869 1.12775 1.30371 -1.404965 0.9010802 0.4126397 -1.496362 1.663025 0.8887521 0.548863 1.639807 0.4225619 0.5491863 1.704889 0.5753192 0.2715877 1.685114 0.4126402 0.3810367 -0.9435754 1.658362 -1.412858 -1.224511 1.658362 -1.225143 -1.125068 2.4 -1.168922 -1.193428 2.4 -1.125577 1.685514 6.446537 -0.2933891 1.702363 7.130903 -0.3176171 2.257587 7.021778 -0.2100917 2.226947 7.218795 -0.295137 2.329143 6.895427 -0.00477413 2.990226 7.42011 -0.004774024 2.257587 7.021778 0.2005434 2.968325 7.461654 0.1125359 2.257587 7.021778 0.2005434 2.968325 7.461654 0.1125359 2.226947 7.218795 0.2855887 2.915448 7.56195 0.1611273 2.226947 7.218795 0.2855887 2.915448 7.56195 0.1611273 2.199175 7.437866 0.2005434 2.862572 7.662244 0.1125359 2.199175 7.437866 0.2005434 2.862572 7.662244 0.1125359 2.216313 7.546301 -0.004774193 2.84067 7.703789 -0.004774072 2.961161 7.752035 -0.00477405 3.015808 7.648379 -0.08772468 2.84067 7.703789 -0.004774072 2.915448 7.56195 -0.1706754 3.015808 7.648379 -0.08772468 3.054449 7.575085 -0.06342898 2.915448 7.56195 -0.1706754 2.968325 7.461654 -0.1220839 3.054449 7.575085 -0.06342898 3.070455 7.544724 -0.004774014 2.968325 7.461654 -0.1220839 2.990226 7.42011 -0.004774024 2.990226 7.42011 -0.004774024 3.070455 7.544724 -0.004774014 2.968325 7.461654 0.1125359 3.054449 7.575085 0.05388094 2.968325 7.461654 0.1125359 3.054449 7.575085 0.05388094 2.915448 7.56195 0.1611273 3.015808 7.648379 0.07817662 2.915448 7.56195 0.1611273 3.015808 7.648379 0.07817662 2.862572 7.662244 0.1125359 2.977167 7.721675 0.05388092 2.862572 7.662244 0.1125359 2.977167 7.721675 0.05388092 2.84067 7.703789 -0.004774072 2.961161 7.752035 -0.00477405 1.685514 6.446537 -0.2933891 1.733793 6.088342 0.0005375698 1.357897 4.97616 -0.4595625 1.49704 4.989501 1.566422E-05 1.702363 7.130903 0.2897611 1.345576 7.194633 0.421757 1.667003 6.740048 0.3493001 1.382819 6.665603 0.4546064 -1.535951 7.862214 -0.3376835 -2.065283 7.644395 -0.295138 -2.010145 7.860178 -0.2100927 -2.933518 8.144673 -0.1706766 -1.565713 8.15905 0.0005369096 -2.010145 7.860178 -0.2100927 -2.017893 7.969808 -0.004775101 -2.86297 8.298568 -0.004775297 -2.121296 7.450853 0.2005425 -2.983404 8.035853 0.1125346 -2.216107 7.33147 -0.004775105 -3.004066 7.990778 -0.004775308 -2.121296 7.450853 0.2005425 -2.065283 7.644395 0.2855878 -2.983404 8.035853 0.1125346 -2.933518 8.144673 0.161126 -2.065283 7.644395 0.2855878 -2.010145 7.860178 0.2005425 -2.933518 8.144673 0.161126 -2.883633 8.253491 0.1125346 -2.010145 7.860178 0.2005425 -2.017893 7.969808 -0.004775101 -2.883633 8.253491 0.1125346 -2.86297 8.298568 -0.004775297 0.6436437 2.400001 1.483438 1.190528 2.400001 1.136677 0.6007212 3.598784 1.317687 1.109988 3.598784 1.008514 0.6007212 3.598784 1.317687 0.5834307 4.313151 1.225194 1.078295 4.313151 0.9377233 0.5834307 4.313151 1.225194 0.5814324 4.97616 1.109483 1.032918 4.97616 0.849162 1.025778 6.58082 0.766496 0.5814324 4.97616 1.109483 0.5445268 7.073946 0.9010449 0.9932678 7.073946 0.7111058 0.6711002 8.814945 0.6381264 0.9932678 7.073946 0.7111058 0.9973054 8.836345 0.5423209 1.190528 2.400001 1.136677 1.555945 2.400001 0.6177115 1.109988 3.598784 1.008514 1.450269 3.598784 0.545804 1.408952 4.313151 0.5074922 1.078295 4.313151 0.9377233 1.109988 3.598784 1.008514 -1.409553 4.313151 0.5074912 -1.109987 3.598784 1.008513 -1.078896 4.313151 0.9377224 -1.023279 4.97616 0.8491612 -0.5840325 4.313151 1.225194 4.321337E-07 3.598784 1.426254 -0.0003008544 4.313151 1.326141 0.00772595 4.97616 1.200896 1.078295 4.31315 -0.9377226 1.032918 4.97616 -0.8491615 1.408952 4.31315 -0.5074913 1.357897 4.97616 -0.4595625 -1.361907 4.97616 -0.4595641 -1.525664 4.313151 -5.753623E-07 -1.476025 4.97616 3.067897E-05 -1.361907 4.97616 -0.4595641 -1.646389 6.579469 0.0005368353 -1.557237 7.002384 -0.3117747 -1.409553 4.31315 -0.5074931 -1.525664 4.313151 -5.753623E-07 -1.569758 3.598784 -5.419813E-07 -1.450267 3.598784 -0.5458049 -1.687162 2.400001 0.005549143 -1.558845 2.4 -0.606612 1.078295 4.313151 0.9377233 1.408952 4.313151 0.5074922 1.032918 4.97616 0.849162 1.357896 4.97616 0.459563 1.525064 4.31315 6.106899E-08 1.49704 4.989501 1.566422E-05 1.357896 4.97616 0.459563 1.408952 4.313151 0.5074922 1.56976 3.598784 1.12973E-07 1.525064 4.31315 6.106899E-08 1.450269 3.598784 0.545804 1.684262 2.400001 0.005550415 1.555945 2.400001 0.6177115 1.357897 4.97616 -0.4595625 1.49704 4.989501 1.566422E-05 1.525064 4.31315 6.106899E-08 1.408952 4.31315 -0.5074913 1.525064 4.31315 6.106899E-08 1.56976 3.598784 1.12973E-07 1.450269 3.598784 -0.545803 1.684262 2.400001 0.005550415 1.555945 2.4 -0.6066098 -1.023279 4.97616 0.8491612 -0.5659807 4.97616 1.109483 -0.9953797 7.252376 0.7664951 -0.5141282 7.745502 0.9010446 -0.5141282 7.745502 0.9010446 -0.5659807 4.97616 1.109483 0.01519895 7.073946 0.9752843 0.00772595 4.97616 1.200896 0.5814324 4.97616 1.109483 0.5445268 7.073946 0.9010449 0.01519895 7.073946 0.9752843 0.00772595 4.97616 1.200896 0.5834307 4.313151 1.225194 0.5814324 4.97616 1.109483 -0.0003008544 4.313151 1.326141 0.6007212 3.598784 1.317687 4.321337E-07 3.598784 1.426254 0.6436437 2.400001 1.483438 -0.001450524 2.400001 1.605204 1.345576 7.194633 -0.3848481 1.357897 4.97616 -0.4595625 0.9932694 7.073946 -0.7111049 1.032918 4.97616 -0.8491615 0.007727072 4.97616 -1.200896 0.01519998 7.073946 -0.9752852 1.032918 4.97616 -0.8491615 0.9932694 7.073946 -0.7111049 -0.9628687 7.920966 -0.7111068 0.01519998 7.073946 -0.9752852 -1.023278 4.97616 -0.8491627 0.007727072 4.97616 -1.200896 -1.023278 4.97616 -0.8491627 -1.078895 4.31315 -0.9377241 1.631677E-06 3.598783 -1.426255 -1.109986 3.598784 -1.008515 -1.535951 7.862214 -0.3376835 -1.276753 7.920966 -0.3848487 -1.557237 7.002384 -0.3117747 -1.361907 4.97616 -0.4595641 0.9973059 8.836345 -0.5423214 0.9932694 7.073946 -0.7111049 -0.001332644 8.793388 -0.646593 0.01519998 7.073946 -0.9752852 -1.025825 8.836345 -0.542322 -0.001332644 8.793388 -0.646593 -0.9628687 7.920966 -0.7111068 0.01519998 7.073946 -0.9752852 -0.6996196 8.814945 0.6381261 -0.5141282 7.745502 0.9010446 -0.001333207 8.793388 0.6465922 0.01519895 7.073946 0.9752843 0.6711002 8.814945 0.6381264 -0.001333207 8.793388 0.6465922 0.5445268 7.073946 0.9010449 0.01519895 7.073946 0.9752843 1.306952 8.831643 0.3415811 0.9973054 8.836345 0.5423209 1.275775 7.461772 0.3574123 0.9932678 7.073946 0.7111058 1.275775 7.461772 0.3574123 1.466394 7.618054 3.128606E-05 1.306952 8.831643 0.3415811 1.474794 8.748533 -2.137874E-07 1.275775 7.461772 -0.357412 1.306953 8.831643 -0.3415817 1.466394 7.618054 3.128606E-05 1.474794 8.748533 -2.137874E-07 -0.001332924 9.301105 -5.546675E-07 1.032622 9.135658 -0.4830693 -0.001332644 8.793388 -0.646593 0.9973059 8.836345 -0.5423214 -0.001332924 9.301105 -5.546675E-07 -0.001332644 8.793388 -0.646593 -1.061141 9.135658 -0.4830697 -1.025825 8.836345 -0.542322 -0.6996196 8.814945 0.6381261 -0.7734767 9.193745 0.3415807 -1.025825 8.836345 0.5423204 -1.061141 9.135658 0.4830682 -0.001333207 8.793388 0.6465922 -0.001333069 9.130924 0.3835835 -0.6996196 8.814945 0.6381261 -0.7734767 9.193745 0.3415807 -0.001333207 8.793388 0.6465922 0.6711002 8.814945 0.6381264 -0.001333069 9.130924 0.3835835 0.7449577 9.193745 0.341581 0.6711002 8.814945 0.6381264 0.9973054 8.836345 0.5423209 0.7449577 9.193745 0.341581 1.032622 9.135658 0.4830686 -1.335472 8.831643 -0.3415822 -1.53607 9.355062 -0.2778873 -1.061141 9.135658 -0.4830697 -1.29022 9.488608 -0.3929916 -1.508592 8.746412 -8.360437E-07 -1.676909 9.285723 -9.033029E-07 -1.335472 8.831643 -0.3415822 -1.53607 9.355062 -0.2778873 -1.508592 8.746412 -8.360437E-07 -1.335472 8.831643 0.3415806 -1.676909 9.285723 -9.033029E-07 -1.53607 9.355062 0.2778855 -1.335472 8.831643 0.3415806 -1.061141 9.135658 0.4830682 -1.53607 9.355062 0.2778855 -1.29022 9.488608 0.3929899 -0.7734767 9.193745 0.3415807 -0.915032 9.545897 0.2778856 -1.061141 9.135658 0.4830682 -1.29022 9.488608 0.3929899 -0.001332924 9.301105 -5.546675E-07 -0.759624 9.601604 -7.307704E-07 -0.7734767 9.193745 0.3415807 -0.915032 9.545897 0.2778856 -0.9150321 9.545897 -0.2778872 -1.29022 9.488608 -0.3929916 -1.685717 10.23327 -0.1587737 -1.833024 10.15693 -0.2245396 -1.29022 9.488608 -0.3929916 -1.53607 9.355062 -0.2778873 -1.833024 10.15693 -0.2245396 -1.98033 10.08058 -0.1587738 -1.53607 9.355062 -0.2778873 -1.676909 9.285723 -9.033029E-07 -1.98033 10.08058 -0.1587738 -2.041347 10.04896 -1.024823E-06 -1.53607 9.355062 0.2778855 -1.98033 10.08058 0.1587717 -1.676909 9.285723 -9.033029E-07 -2.041347 10.04896 -1.024823E-06 -1.29022 9.488608 0.3929899 -1.833024 10.15693 0.2245376 -1.53607 9.355062 0.2778855 -1.98033 10.08058 0.1587717 -0.915032 9.545897 0.2778856 -1.685717 10.23327 0.1587718 -1.29022 9.488608 0.3929899 -1.833024 10.15693 0.2245376 -0.759624 9.601604 -7.307704E-07 -1.624701 10.26489 -9.507743E-07 -0.915032 9.545897 0.2778856 -1.685717 10.23327 0.1587718 -0.759624 9.601604 -7.307704E-07 -0.9150321 9.545897 -0.2778872 -1.624701 10.26489 -9.507743E-07 -1.685717 10.23327 -0.1587737 -1.624701 10.26489 -9.507743E-07 -1.685717 10.23327 -0.1587737 -1.943416 10.35929 -1.02289E-06 -1.833024 10.15693 -0.2245396 1.261701 9.488608 -0.392991 1.507552 9.355062 -0.2778867 1.032622 9.135658 -0.4830693 1.306953 8.831643 -0.3415817 1.507552 9.355062 -0.2778867 1.64839 9.285723 -2.095917E-07 1.306953 8.831643 -0.3415817 1.474794 8.748533 -2.137874E-07 1.474794 8.748533 -2.137874E-07 1.64839 9.285723 -2.095917E-07 1.306952 8.831643 0.3415811 1.507552 9.355062 0.2778862 1.306952 8.831643 0.3415811 1.507552 9.355062 0.2778862 1.032622 9.135658 0.4830686 1.261701 9.488608 0.3929904 1.261701 9.488608 0.3929904 0.8865131 9.545897 0.277886 1.032622 9.135658 0.4830686 0.7449577 9.193745 0.341581 0.8865131 9.545897 0.277886 0.7311053 9.601604 -4.197801E-07 0.7449577 9.193745 0.341581 -0.001332924 9.301105 -5.546675E-07 0.8865132 9.545897 -0.2778868 1.527551 10.23801 -0.1725862 1.261701 9.488608 -0.392991 1.674361 10.14925 -0.2440736 1.261701 9.488608 -0.392991 1.674361 10.14925 -0.2440736 1.507552 9.355062 -0.2778867 1.82117 10.06049 -0.1725861 1.507552 9.355062 -0.2778867 1.82117 10.06049 -0.1725861 1.64839 9.285723 -2.095917E-07 1.881981 10.02372 -2.04849E-07 1.881981 10.02372 -2.04849E-07 1.82117 10.06049 0.1725857 1.64839 9.285723 -2.095917E-07 1.507552 9.355062 0.2778862 1.82117 10.06049 0.1725857 1.674361 10.14925 0.2440731 1.507552 9.355062 0.2778862 1.261701 9.488608 0.3929904 1.674361 10.14925 0.2440731 1.527551 10.23801 0.1725856 1.261701 9.488608 0.3929904 0.8865131 9.545897 0.277886 1.527551 10.23801 0.1725856 1.46674 10.27477 -3.064386E-07 0.8865131 9.545897 0.277886 0.7311053 9.601604 -4.197801E-07 0.7311053 9.601604 -4.197801E-07 1.46674 10.27477 -3.064386E-07 0.8865132 9.545897 -0.2778868 1.527551 10.23801 -0.1725862 1.674361 10.14925 -0.2440736 1.527551 10.23801 -0.1725862 1.784381 10.38453 -2.467156E-07 1.46674 10.27477 -3.064386E-07 -1.53638 7.295895 0.3734958 -1.319229 7.259338 0.4546058 -1.535951 7.862214 0.309826 -1.276753 7.920966 0.4217564 -1.53638 7.295895 0.3734958 -1.557237 7.002384 0.2839172 -1.319229 7.259338 0.4546058 -1.401291 6.556995 0.3716975 1.357897 4.97616 -0.4595625 1.345576 7.194633 -0.3848481 1.685514 6.446537 -0.2933891 1.702363 7.130903 -0.3176171 -1.125068 2.4 -1.168922 -0.555888 1.657518 -0.8366911 -0.9435757 1.658362 -1.412857 -0.544718 2.399999 -0.598043 -0.544718 2.399999 -0.598043 -0.7149045 2.4 -1.428993 -0.555888 1.657518 -0.8366911 -0.9435757 1.658362 -1.412857 0.5640728 0.2423248 -2.451821 0.3982006 0.4582387 -2.451821 0.7954216 0.345457 -1.862909 0.5955405 0.8105891 -1.696137 0.9010802 0.4126397 -1.496362 1.555946 2.4 -0.6066098 1.684262 2.400001 0.005550416 1.732037 1.658362 -0.0004991649 1.600204 1.658362 -0.6632698 1.715284 1.042602 -0.5525956 0.4473633 0.3323696 1.953712 0.05476298 -0.131062 1.823702 0.3596257 -0.3317387 2.087598 0.6987213 0.2950056 2.184581 0.654636 -0.4660689 2.301338 -0.001352054 0.8831554 1.772755 0.5466547 0.6906027 1.712221 0.0001307205 1.409707 1.709456 0.7525311 0.7740603 1.612888 0.67572 1.658363 1.581484 -1.509693 0.3323691 -1.30748 -1.516417 -0.3317393 -1.45045 -1.848747 0.295005 -1.346512 -2.300248 -0.5335591 -1.392726 -2.236161 0.2365558 -1.343791 -1.448076 0.7084985 -1.053748 -1.556248 0.77406 -0.8523749 -1.224511 1.658362 -1.225143 -1.599941 1.658363 -0.6632722 -1.193428 2.4 -1.125577 -1.558845 2.4 -0.606612 2.28643 0.242325 -1.320581 2.335235 -0.5725639 -1.414208 1.878505 0.3052389 -1.372725 1.523987 -0.3610849 -1.515748 1.513676 0.3454571 -1.359349 -0.001449231 2.4 -1.594104 1.631677E-06 3.598783 -1.426255 0.6436449 2.4 -1.472337 1.109988 3.598783 -1.008514 1.190529 2.4 -1.125575 1.109988 3.598783 -1.008514 1.555945 2.4 -0.6066098 1.450269 3.598784 -0.545803 1.078295 4.31315 -0.9377226 1.408952 4.31315 -0.5074913 1.109988 3.598783 -1.008514 -1.193428 2.4 -1.125577 -1.109986 3.598784 -1.008515 -0.6465435 2.4 -1.472338 1.631677E-06 3.598783 -1.426255 -0.001449231 2.4 -1.594104 1.109988 3.598783 -1.008514 1.631677E-06 3.598783 -1.426255 1.078295 4.31315 -0.9377226 0.007727072 4.97616 -1.200896 1.032918 4.97616 -0.8491615 -1.361907 4.97616 0.4595622 -1.023279 4.97616 0.8491612 -1.401291 6.556995 0.3716975 -0.9953797 7.252376 0.7664951 -1.319229 7.259338 0.4546058 1.382819 6.665603 0.4546064 1.025778 6.58082 0.766496 1.370358 5.948589 0.4570847 1.032918 4.97616 0.849162 1.357896 4.97616 0.459563 1.345576 7.194633 -0.3848481 0.9932694 7.073946 -0.7111049 1.275775 7.461772 -0.357412 0.9973059 8.836345 -0.5423214 1.306953 8.831643 -0.3415817 -1.335472 8.831643 -0.3415822 -1.025825 8.836345 -0.542322 -1.259419 8.308792 -0.3574135 -0.9628687 7.920966 -0.7111068 -1.276753 7.920966 -0.3848487 -1.29022 9.488608 -0.3929916 -0.9150321 9.545897 -0.2778872 -1.061141 9.135658 -0.4830697 -0.759624 9.601604 -7.307704E-07 -0.001332924 9.301105 -5.546675E-07 -0.001332924 9.301105 -5.546675E-07 0.7311053 9.601604 -4.197801E-07 1.032622 9.135658 -0.4830693 0.8865132 9.545897 -0.2778868 1.261701 9.488608 -0.392991 -1.731775 1.658363 -0.0005005111 -1.687162 2.400001 0.005549143 -1.558845 2.4 -0.606612 -1.599941 1.658363 -0.6632722 -1.717988 0.8485501 -0.5525963 -1.558845 2.400001 0.6177104 -1.450267 3.598784 0.545803 -1.687162 2.400001 0.005549143 -1.569758 3.598784 -5.419813E-07 -1.409553 4.313151 0.5074912 -1.525664 4.313151 -5.753623E-07 -1.361907 4.97616 0.4595622 -1.401291 6.556995 0.3716975 -1.476025 4.97616 3.067897E-05 -1.525664 4.313151 -5.753623E-07 -0.001450524 2.400001 1.605204 4.321337E-07 3.598784 1.426254 -0.6465449 2.400001 1.483438 -0.6007203 3.598784 1.317687 -0.5840325 4.313151 1.225194 -1.062291 1.042603 1.46543 -1.122165 0.8815223 1.54784 -0.7440137 0.9570412 1.622484 -0.6582403 0.7272478 1.884901 -1.062291 1.042603 1.46543 -1.309197 0.9570411 1.210411 -1.584079 0.7272477 1.21224 1.582816 0.5239069 1.600748 1.228855 0.6511921 1.834489 1.664485 0.3706841 1.933923 1.406037 0.4474451 2.10615 0.8735209 0.5239071 2.0692 1.147614 0.3706842 2.278516 1.406037 0.4474451 2.10615 -0.001450294 2.4 1.605204 0.6436436 2.4 1.483438 1.190527 2.4 1.136676 -0.001450717 2.4 1.136676 1.555944 2.4 0.6177115 -0.6465459 2.4 1.483437 1.684261 2.4 0.005550415 -1.193429 2.4 1.136675 1.555945 2.4 -0.6066098 1.190528 2.4 -1.125575 0.6436446 2.4 -1.472337 -0.00145065 2.4 0.005549778 -1.558846 2.4 0.6177104 -1.687163 2.4 0.005549141 -0.00145065 2.4 0.005549778 -1.558846 2.4 -0.6066118 -0.001449201 2.4 -1.594104 -1.193428 2.4 -1.125577 -0.6465439 2.4 -1.472338 -0.544718 2.399999 -0.598043 -1.125068 2.4 -1.168922 -0.7149045 2.4 -1.428993 1.190529 2.4 -1.125575 1.555945 2.4 -0.6066098 1.684262 2.4 0.005550415 -0.001450036 2.4 0.005549779 1.555945 2.400001 0.6177115 0.6436451 2.4 -1.472337 -0.001449369 2.4 -1.594104 1.190529 2.400001 1.136677 -0.6465427 2.4 -1.472338 -0.001450107 2.400001 1.136676 0.6436437 2.400001 1.483438 -0.001449559 2.400001 1.605204 -0.6465451 2.400001 1.483438 -1.193429 2.400001 1.136676 -1.558845 2.400001 0.6177104 -1.687162 2.4 0.005549143 -1.558845 2.4 -0.606612 -1.193428 2.4 -1.125577 -0.544718 2.4 -0.598043 -1.126898 2.4 -1.167761 -0.714302 2.4 -1.429374</float_array>
          <technique_common>
            <accessor source="#TrunkBottom__mPltTreeOakTrunk-position-array" count="1783" stride="3">
              <param name="X" type="float" />
              <param name="Y" type="float" />
              <param name="Z" type="float" />
            </accessor>
          </technique_common>
        </source>
        <source id="TrunkBottom__mPltTreeOakTrunk-normal">
          <float_array id="TrunkBottom__mPltTreeOakTrunk-normal-array" count="5349">0.3287671 -0.7984344 -0.5029351 0.9041094 0.2407042 -0.3542073 0.8023483 0.04305262 -0.5968687 -0.5636005 0.4109589 -0.7162426 2.159647E-07 0.3698629 -0.9295497 1.991681E-07 -0.1311155 -0.9921719 2.159647E-07 0.3698629 -0.9295497 0.5636008 0.4109587 -0.7162425 1.991681E-07 -0.1311155 -0.9921719 0.4677104 0.6477491 -0.6007828 0.8297455 0.1819958 -0.5264187 0.5636008 0.4109587 -0.7162425 0.6575342 0.04696654 -0.7514675 0.8023483 0.04305262 -0.5968687 0.5127202 0.1017611 -0.8532287 0.5127202 0.1017611 -0.8532287 0.3659492 0.1213306 -0.9236788 0.6575342 0.04696654 -0.7514675 0.3287671 -0.7984344 -0.5029351 0.9138941 -0.1232879 -0.3855184 0.9041094 0.2407042 -0.3542073 -0.3679062 0.3091978 0.876712 0.2563599 0.7162425 0.6497061 -0.09197669 0.1272016 0.9882581 -0.09197669 0.1272016 0.9882581 0.2563599 0.7162425 0.6497061 0.1409 0.18591 0.9726024 0.1409 0.18591 0.9726024 0.545988 0.291585 0.7866926 0.1917806 0.007827805 0.9804303 0.1917806 0.007827805 0.9804303 0.545988 0.291585 0.7866926 0.05870823 -0.8003911 0.5968689 0.5577297 -0.111546 0.8219177 0.05870823 -0.8003911 0.5968689 0.545988 0.291585 0.7866926 -0.882583 0.1095892 0.4559685 -0.7064577 0.7045009 -0.05675164 -0.7906066 0.2054796 0.5792561 -0.9608608 0.2739727 0.04892356 -0.7064577 0.7045009 -0.05675164 -0.882583 0.1095892 0.4559685 -0.5851271 -0.804305 0.09589052 -0.9021524 0.2974561 -0.3111547 -0.9941289 0.1095892 -0.01369871 -0.9021524 0.2974561 -0.3111547 -0.5851271 -0.804305 0.09589052 -0.9491191 -0.1056749 -0.2994129 -0.08610578 0.6066536 0.7906064 0.3855183 0.2485322 0.8884537 0.04305272 0.69863 0.7142854 -0.08610578 0.6066536 0.7906064 -0.407045 0.7201565 0.5616435 -0.5518591 0.3424658 0.7592952 -0.407045 0.7201565 0.5616435 -0.7240703 0.6046968 0.3287669 -0.5518591 0.3424658 0.7592952 -0.6868883 0.7045009 0.1819959 -0.9628177 0.2504894 -0.0958905 -0.7240703 0.6046968 0.3287669 -0.08610578 0.6066536 0.7906064 -0.5518591 0.3424658 0.7592952 -0.05088081 0.1956947 0.9784733 -0.04500999 -0.1741682 0.9843442 0.1232875 0.221135 0.9667316 -0.05088081 0.1956947 0.9784733 -0.5518591 0.3424658 0.7592952 -0.7240703 0.6046968 0.3287669 -0.9158511 0.1956949 0.3502934 -0.9706455 -0.1663403 -0.1722113 -0.9843442 0.1780824 -0.03326819 -0.9628177 0.2504894 -0.0958905 -0.05088081 0.1956947 0.9784733 -0.5518591 0.3424658 0.7592952 -0.5792564 -0.1643834 0.7984343 -0.05088081 0.1956947 0.9784733 -0.5792564 -0.1643834 0.7984343 -0.04500999 -0.1741682 0.9843442 -0.5792564 -0.1643834 0.7984343 -0.5518591 0.3424658 0.7592952 -0.9158511 0.1956949 0.3502934 -0.7240703 0.6046968 0.3287669 -0.9569469 0.2211352 0.1859098 -0.9158511 0.1956949 0.3502934 -0.9217219 -0.1741681 0.3463795 -0.5792564 -0.1643834 0.7984343 -0.9158511 0.1956949 0.3502934 -0.9158511 0.1956949 0.3502934 -0.9569469 0.2211352 0.1859098 -0.9217219 -0.1741681 0.3463795 -0.5636008 0.2837574 0.7749508 -0.737769 0.07436417 0.6712326 -0.7906066 0.2054796 0.5792561 0.05870823 -0.8003911 0.5968689 -0.03131136 -0.1135028 0.9921719 0.1917806 0.007827805 0.9804303 -0.09197669 0.1272016 0.9882581 -0.336595 0.09197661 0.9373775 -0.3679062 0.3091978 0.876712 -0.9295497 0.04500999 0.365949 -0.9491192 -0.0508804 0.3091975 -0.882583 0.1095892 0.4559685 -0.9941289 0.1095892 -0.01369871 -0.9275928 -0.09980407 0.3600782 -0.5851271 -0.804305 0.09589052 -0.3679062 0.3091978 0.876712 -0.336595 0.09197661 0.9373775 -0.5636008 0.2837574 0.7749508 -0.882583 0.1095892 0.4559685 -0.9491192 -0.0508804 0.3091975 -0.9608608 0.2739727 0.04892356 0.1409 0.18591 0.9726024 0.2563599 0.7162425 0.6497061 0.545988 0.291585 0.7866926 0.3855183 0.2485322 0.8884537 -0.08610578 0.6066536 0.7906064 0.3463794 0.1859099 0.9197649 0.2172209 -0.1174168 0.9686886 0.3463794 0.1859099 0.9197649 0.1232875 0.221135 0.9667316 0.3855183 0.2485322 0.8884537 0.3463794 0.1859099 0.9197649 0.4559684 -0.1585127 0.8747553 -0.9882581 -0.1193735 0.0939334 -0.9843442 0.1780824 -0.03326819 -0.9706455 -0.1663403 -0.1722113 0.1232875 0.221135 0.9667316 -0.08610578 0.6066536 0.7906064 -0.05088081 0.1956947 0.9784733 -0.04500999 -0.1741682 0.9843442 0.2172209 -0.1174168 0.9686886 0.1232875 0.221135 0.9667316 -0.9217219 -0.1741681 0.3463795 -0.9569469 0.2211352 0.1859098 -0.9882581 -0.1193735 0.0939334 0.1232875 0.221135 0.9667316 0.3463794 0.1859099 0.9197649 -0.08610578 0.6066536 0.7906064 -0.9569469 0.2211352 0.1859098 -0.9843442 0.1780824 -0.03326819 -0.9882581 -0.1193735 0.0939334 0.1409 0.18591 0.9726024 0.06262209 0.05479455 0.9960859 -0.09197669 0.1272016 0.9882581 0.8786689 0.1076319 0.4637964 0.6457924 0.7592952 0.08023469 0.9569468 0.1585125 0.2407045 0.9569468 0.1585125 0.2407045 0.9471623 0.2915848 -0.1428571 0.9941289 -0.02348356 0.1076321 0.9941289 -0.02348356 0.1076321 0.9471623 0.2915848 -0.1428571 0.5322894 -0.8023483 0.2700589 0.9765164 -0.119374 -0.1839529 0.5322894 -0.8023483 0.2700589 0.9471623 0.2915848 -0.1428571 0.176125 0.08414873 0.9804303 -0.2485323 0.774951 0.5792561 0.2407043 0.1565557 0.9589038 -0.1409003 0.2720157 0.951076 -0.2485323 0.774951 0.5792561 0.176125 0.08414873 0.9804303 0.05870823 -0.8003911 0.5968689 -0.5753425 0.3091978 0.7553813 -0.2367907 0.08610576 0.9667317 0.8551857 0.4187865 0.3052837 0.9765164 0.2093931 0.04305284 0.6399215 0.7240701 0.2563599 0.9784733 -0.1663407 0.1291586 0.9765164 0.2093931 0.04305284 0.8551857 0.4187865 0.3052837 0.9765164 0.2093931 0.04305284 0.9784733 -0.1663407 0.1291586 0.9804303 -0.1996088 -0.009784632 0.8551857 0.4187865 0.3052837 0.3776906 0.7318981 0.5675144 0.5068491 0.401174 0.7632092 0.9784733 -0.1663407 0.1291586 0.8551857 0.4187865 0.3052837 0.953033 0.1585125 0.258317 0.3776906 0.7318981 0.5675144 -0.04696688 0.4207436 0.9060662 0.5068491 0.401174 0.7632092 -0.01369873 0.7299412 0.6829742 -0.3542075 0.2328768 0.9060662 -0.04696688 0.4207436 0.9060662 0.8551857 0.4187865 0.3052837 0.5068491 0.401174 0.7632092 0.953033 0.1585125 0.258317 0.9569468 -0.1311156 0.262231 0.9784733 -0.1663407 0.1291586 0.953033 0.1585125 0.258317 0.5068491 0.401174 0.7632092 -0.04696688 0.4207436 0.9060662 -0.1389434 0.1604697 0.9765163 -0.04696688 0.4207436 0.9060662 -0.3542075 0.2328768 0.9060662 -0.2622311 -0.1702542 0.9491192 0.953033 0.1585125 0.258317 0.5068491 0.401174 0.7632092 0.5499018 -0.1193738 0.8277885 0.953033 0.1585125 0.258317 0.5499018 -0.1193738 0.8277885 0.9569468 -0.1311156 0.262231 0.5499018 -0.1193738 0.8277885 0.5068491 0.401174 0.7632092 -0.1389434 0.1604697 0.9765163 -0.04696688 0.4207436 0.9060662 -0.2622311 -0.1702542 0.9491192 -0.1389434 0.1604697 0.9765163 -0.3542075 0.2328768 0.9060662 -0.4187868 0.04892381 0.9060663 -0.2622311 -0.1702542 0.9491192 -0.1350295 -0.1291584 0.9823872 0.5499018 -0.1193738 0.8277885 -0.1389434 0.1604697 0.9765163 -0.1389434 0.1604697 0.9765163 -0.2622311 -0.1702542 0.9491192 -0.1350295 -0.1291584 0.9823872 0.5772992 0.2485322 0.7769079 0.3405086 0.08414868 0.9354205 0.2407043 0.1565557 0.9589038 0.5322894 -0.8023483 0.2700589 0.9608607 -0.117417 0.2524462 0.9941289 -0.02348356 0.1076321 0.8786689 0.1076319 0.4637964 0.731898 0.07044997 0.6790605 0.7221132 0.2700585 0.6360077 -0.2367907 0.08610576 0.9667317 -0.03131136 -0.1135028 0.9921719 0.05870823 -0.8003911 0.5968689 0.8786689 0.1076319 0.4637964 0.9373774 0.0450096 0.3444227 0.731898 0.07044997 0.6790605 0.7221132 0.2700585 0.6360077 0.731898 0.07044997 0.6790605 0.5772992 0.2485322 0.7769079 0.8786689 0.1076319 0.4637964 0.951076 -0.06262248 0.3052838 0.9373774 0.0450096 0.3444227 0.176125 0.08414873 0.9804303 0.06262209 0.05479455 0.9960859 -0.1409003 0.2720157 0.951076 0.9569468 0.1585125 0.2407045 0.6457924 0.7592952 0.08023469 0.9471623 0.2915848 -0.1428571 0.9569468 0.1585125 0.2407045 0.951076 -0.06262248 0.3052838 0.8786689 0.1076319 0.4637964 -0.9608607 0.2602741 -0.09197661 -0.5694715 0.7592955 0.3150682 -0.9823872 0.1017614 0.1565557 -0.9823872 0.1017614 0.1565557 -0.5694715 0.7592955 0.3150682 -0.9256358 0.1878671 0.3307239 -0.9256358 0.1878671 0.3307239 -0.6868884 0.2857144 0.6673187 -0.8962817 -0.02348315 0.4442268 -0.8962817 -0.02348315 0.4442268 -0.6868884 0.2857144 0.6673187 -0.5851271 -0.804305 0.09589052 -0.6810176 -0.1193736 0.7221133 -0.5851271 -0.804305 0.09589052 -0.6868884 0.2857144 0.6673187 -0.7690799 0.1037183 -0.6301368 -0.1565555 0.76908 -0.6203523 -0.8277884 0.1682976 -0.5342466 -0.4598824 -0.804305 -0.3776906 -0.02935398 0.2994128 -0.9530331 -0.4187864 0.04305286 -0.9080232 -0.02935398 0.2994128 -0.9530331 -0.4598824 -0.804305 -0.3776906 0.001957147 -0.1154599 -0.9941289 -0.8688844 0.4227007 0.2583168 -0.7808219 0.2211352 0.58317 -0.6164382 0.7612524 0.2074362 -0.8630136 -0.1702542 0.475538 -0.7808219 0.2211352 0.58317 -0.8688844 0.4227007 0.2583168 -0.7808219 0.2211352 0.58317 -0.8630136 -0.1702542 0.475538 -0.7553815 -0.1996084 0.624266 -0.8688844 0.4227007 0.2583168 -0.6379645 0.7318982 -0.2367907 -0.8630134 0.3874756 -0.3209394 -0.8630136 -0.1702542 0.475538 -0.8688844 0.4227007 0.2583168 -0.9217219 0.1663407 0.3522503 -0.6379645 0.7318982 -0.2367907 -0.4911934 0.4246575 -0.7612523 -0.8630134 0.3874756 -0.3209394 -0.3268099 0.7651662 -0.5538161 -0.1956945 0.219178 -0.95499 -0.4911934 0.4246575 -0.7612523 -0.8688844 0.4227007 0.2583168 -0.8630134 0.3874756 -0.3209394 -0.9217219 0.1663407 0.3522503 -0.9256358 -0.1506847 0.3502934 -0.8630136 -0.1702542 0.475538 -0.9217219 0.1663407 0.3522503 -0.8630134 0.3874756 -0.3209394 -0.4911934 0.4246575 -0.7612523 -0.4598823 0.1663405 -0.8727983 -0.4911934 0.4246575 -0.7612523 -0.1956945 0.219178 -0.95499 -0.3385516 -0.1741682 -0.9236788 -0.9217219 0.1663407 0.3522503 -0.8630134 0.3874756 -0.3209394 -0.9275926 -0.1369861 -0.3463796 -0.9217219 0.1663407 0.3522503 -0.9275926 -0.1369861 -0.3463796 -0.9256358 -0.1506847 0.3502934 -0.9275926 -0.1369861 -0.3463796 -0.8630134 0.3874756 -0.3209394 -0.4598823 0.1663405 -0.8727983 -0.4911934 0.4246575 -0.7612523 -0.3385516 -0.1741682 -0.9236788 -0.4598823 0.1663405 -0.8727983 -0.1956945 0.219178 -0.95499 -0.1428569 -0.2074364 -0.9686885 -0.3385516 -0.1741682 -0.9236788 -0.4657531 -0.1487279 -0.8727982 -0.9275926 -0.1369861 -0.3463796 -0.4598823 0.1663405 -0.8727983 -0.4598823 0.1663405 -0.8727983 -0.3385516 -0.1741682 -0.9236788 -0.4657531 -0.1487279 -0.8727982 -0.9315066 0.2465755 -0.2681018 -0.913894 0.05479467 -0.4011741 -0.8277884 0.1682976 -0.5342466 -0.5851271 -0.804305 0.09589052 -0.9275928 -0.09980407 0.3600782 -0.8962817 -0.02348315 0.4442268 -0.9823872 0.1017614 0.1565557 -0.9980428 0.04500998 0.005870771 -0.9608607 0.2602741 -0.09197661 -0.9823872 0.1017614 0.1565557 -0.9295497 0.04500999 0.365949 -0.9980428 0.04500998 0.005870771 -0.9608607 0.2602741 -0.09197661 -0.9980428 0.04500998 0.005870771 -0.9315066 0.2465755 -0.2681018 -0.9823872 0.1017614 0.1565557 -0.9491192 -0.0508804 0.3091975 -0.9295497 0.04500999 0.365949 -0.9256358 0.1878671 0.3307239 -0.5694715 0.7592955 0.3150682 -0.6868884 0.2857144 0.6673187 -0.9256358 0.1878671 0.3307239 -0.9491192 -0.0508804 0.3091975 -0.9823872 0.1017614 0.1565557 0.8199608 0.1976514 -0.5381603 0.1741684 0.7162424 -0.6751468 0.7592955 0.06066515 -0.6477492 0.5479453 -0.1252448 -0.8258315 -0.00782757 0.291585 -0.956947 0.3287671 -0.7984344 -0.5029351 0.009784934 -0.111546 -0.9941289 0.3287671 -0.7984344 -0.5029351 -0.00782757 0.291585 -0.956947 0.9804302 0.0919763 0.1761252 0.5381603 0.7045007 0.4637962 0.9804303 0.1956945 0.009784751 0.7925633 0.2544029 0.5538159 0.5381603 0.7045007 0.4637962 0.9804302 0.0919763 0.1761252 0.5322894 -0.8023483 0.2700589 0.5420741 0.2994128 0.7847356 0.7749508 0.09197637 0.626223 0.5420741 0.2994128 0.7847356 0.5322894 -0.8023483 0.2700589 0.5909978 -0.1056752 0.8003913 0.5342466 0.6066533 -0.5890411 0.2113505 0.2485321 -0.9452053 0.3855187 0.6986299 -0.6027398 0.1467712 -0.1585128 -0.9765163 0.2602741 0.1859098 -0.9471623 0.3933465 -0.1174169 -0.9119371 0.5342466 0.6066533 -0.5890411 0.6594911 0.7201563 -0.2152642 0.8943247 0.3424655 -0.2896281 0.6594911 0.7201563 -0.2152642 0.7788648 0.6046964 0.1604695 0.8943247 0.3424655 -0.2896281 0.6614479 0.7045007 0.2563599 0.7221132 0.2504891 0.6438354 0.7788648 0.6046964 0.1604695 0.5342466 0.6066533 -0.5890411 0.8943247 0.3424655 -0.2896281 0.6164384 0.1956945 -0.7632092 0.6144814 -0.1741684 -0.7690799 0.4696674 0.2211348 -0.8551858 0.6164384 0.1956945 -0.7632092 0.8943247 0.3424655 -0.2896281 0.7788648 0.6046964 0.1604695 0.9471622 0.1956945 0.2544031 0.6849312 -0.1663406 0.7103717 0.7769077 0.178082 0.6046966 0.7221132 0.2504891 0.6438354 0.6164384 0.1956945 -0.7632092 0.8943247 0.3424655 -0.2896281 0.9373775 -0.1643837 -0.3052836 0.6164384 0.1956945 -0.7632092 0.9373775 -0.1643837 -0.3052836 0.6144814 -0.1741684 -0.7690799 0.9373775 -0.1643837 -0.3052836 0.8943247 0.3424655 -0.2896281 0.9471622 0.1956945 0.2544031 0.7788648 0.6046964 0.1604695 0.8845398 0.2211348 0.4129158 0.9471622 0.1956945 0.2544031 0.9491191 -0.1741684 0.260274 0.9373775 -0.1643837 -0.3052836 0.9471622 0.1956945 0.2544031 0.9471622 0.1956945 0.2544031 0.8845398 0.2211348 0.4129158 0.9491191 -0.1741684 0.260274 0.919765 0.2778862 -0.2759295 0.9980428 0.04892346 0.007827836 0.9804303 0.1956945 0.009784751 0.8023483 0.04305262 -0.5968687 0.5479453 -0.1252448 -0.8258315 0.3287671 -0.7984344 -0.5029351 0.9373774 0.0450096 0.3444227 0.951076 -0.06262248 0.3052838 0.9804302 0.0919763 0.1761252 0.7749508 0.09197637 0.626223 0.9608607 -0.117417 0.2524462 0.5322894 -0.8023483 0.2700589 0.8199608 0.1976514 -0.5381603 0.9001956 0.06066513 -0.4324852 0.919765 0.2778862 -0.2759295 0.9804302 0.0919763 0.1761252 0.951076 -0.06262248 0.3052838 0.7925633 0.2544029 0.5538159 0.2113505 0.2485321 -0.9452053 0.5342466 0.6066533 -0.5890411 0.2602741 0.1859098 -0.9471623 0.3933465 -0.1174169 -0.9119371 0.2602741 0.1859098 -0.9471623 0.4696674 0.2211348 -0.8551858 0.2113505 0.2485321 -0.9452053 0.2602741 0.1859098 -0.9471623 0.1467712 -0.1585128 -0.9765163 0.7788648 0.6046964 0.1604695 0.7769077 0.178082 0.6046966 0.8845398 0.2211348 0.4129158 0.7769077 0.178082 0.6046966 0.7788648 0.6046964 0.1604695 0.7221132 0.2504891 0.6438354 0.8551856 -0.1193739 0.5048923 0.7769077 0.178082 0.6046966 0.6849312 -0.1663406 0.7103717 0.4696674 0.2211348 -0.8551858 0.5342466 0.6066533 -0.5890411 0.6164384 0.1956945 -0.7632092 0.6144814 -0.1741684 -0.7690799 0.3933465 -0.1174169 -0.9119371 0.4696674 0.2211348 -0.8551858 0.9491191 -0.1741684 0.260274 0.8845398 0.2211348 0.4129158 0.8551856 -0.1193739 0.5048923 0.4696674 0.2211348 -0.8551858 0.2602741 0.1859098 -0.9471623 0.5342466 0.6066533 -0.5890411 0.8845398 0.2211348 0.4129158 0.7769077 0.178082 0.6046966 0.8551856 -0.1193739 0.5048923 2.159647E-07 0.3698629 -0.9295497 1.940358E-07 0.6731896 -0.737769 0.5636008 0.4109587 -0.7162425 -0.5636005 0.4109589 -0.7162426 1.940358E-07 0.6731896 -0.737769 2.159647E-07 0.3698629 -0.9295497 0.1037184 0.3522503 -0.9295497 -0.1467708 0.6340507 -0.7592955 0.1389434 0.01761243 -0.990215 0.8904107 -0.4540118 0.001957095 0.5322897 -0.2759297 -0.8003911 0.6673188 -0.7416829 0.05283776 0.5322897 -0.2759297 -0.8003911 0.4481409 -0.4951076 -0.7436396 0.6673188 -0.7416829 0.05283776 0.8904107 -0.4540118 0.001957095 0.6673188 -0.7416829 0.05283776 0.5342463 -0.2739726 0.7984344 0.6673188 -0.7416829 0.05283776 0.4559684 -0.5107632 0.7299412 0.5342463 -0.2739726 0.7984344 0.5342463 -0.2739726 0.7984344 0.4559684 -0.5107632 0.7299412 0.3346377 -0.04109589 0.9412913 0.4559684 -0.5107632 0.7299412 0.1545986 0.007827813 0.9882581 0.3346377 -0.04109589 0.9412913 0.3346377 -0.04109589 0.9412913 0.1545986 0.007827813 0.9882581 0.1448139 0.3385518 0.9295496 0.1545986 0.007827813 0.9882581 -0.1213308 0.6027397 0.7886494 0.1448139 0.3385518 0.9295496 0.1448139 0.3385518 0.9295496 -0.1213308 0.6027397 0.7886494 0.07045014 0.9980428 0.001956743 -0.1213308 0.6027397 0.7886494 -0.2309196 0.9726025 -0.001957163 0.07045014 0.9980428 0.001956743 0.1037184 0.3522503 -0.9295497 0.07045014 0.9980428 0.001956743 -0.1467708 0.6340507 -0.7592955 0.07045014 0.9980428 0.001956743 -0.2309196 0.9726025 -0.001957163 -0.1467708 0.6340507 -0.7592955 0.1389434 0.01761243 -0.990215 -0.1467708 0.6340507 -0.7592955 0.2172213 0.06457914 -0.9745594 0.2172213 0.06457914 -0.9745594 -0.1467708 0.6340507 -0.7592955 -0.2641878 0.9647748 -2.170145E-07 0.1389434 0.01761243 -0.990215 0.2172213 0.06457914 -0.9745594 0.4481409 -0.4951076 -0.7436396 0.2172213 0.06457914 -0.9745594 0.5068493 -0.5146772 -0.6927589 0.4481409 -0.4951076 -0.7436396 0.4481409 -0.4951076 -0.7436396 0.5068493 -0.5146772 -0.6927589 0.6673188 -0.7416829 0.05283776 0.5068493 -0.5146772 -0.6927589 0.5929548 -0.7514676 0.2857144 0.6673188 -0.7416829 0.05283776 -0.2309196 0.9726025 -0.001957163 -0.2641878 0.9647748 -2.170145E-07 -0.1467708 0.6340507 -0.7592955 0.845401 0.5322893 -6.065437E-08 0.4559687 0.2700585 -0.847358 -0.1976516 0.9804304 -2.163146E-07 0.4559687 0.2700585 -0.847358 0.845401 0.5322893 -6.065437E-08 0.7612524 -0.191781 -0.620352 0.7612524 -0.191781 -0.620352 0.845401 0.5322893 -6.065437E-08 0.8923677 -0.4500979 1.47087E-07 0.8923677 -0.4500979 1.47087E-07 0.845401 0.5322893 -6.065437E-08 0.7612522 -0.1917809 0.6203523 0.7612522 -0.1917809 0.6203523 0.845401 0.5322893 -6.065437E-08 0.4559684 0.2700586 0.8473579 0.4559684 0.2700586 0.8473579 0.845401 0.5322893 -6.065437E-08 0.04500968 0.7397259 0.6712325 0.04500968 0.7397259 0.6712325 0.845401 0.5322893 -6.065437E-08 -0.1976516 0.9804304 -2.163146E-07 0.1037184 0.3522503 -0.9295497 0.5342466 0.2250487 -0.8140898 0.07045014 0.9980428 0.001956743 0.07045014 0.9980428 0.001956743 0.5342466 0.2250487 -0.8140898 0.9960859 0.08806239 4.100009E-08 0.07045014 0.9980428 0.001956743 0.9960859 0.08806239 4.100009E-08 0.5303324 0.219178 0.8199607 0.07045014 0.9980428 0.001956743 0.5303324 0.219178 0.8199607 0.1448139 0.3385518 0.9295496 0.9960859 -0.09784754 7.978392E-08 0.8904107 -0.4540118 0.001957095 0.7592952 -0.1956948 0.6203523 -0.8923677 -0.4500976 0.001956987 -0.6536202 -0.7553813 0.06066547 -0.5205476 -0.2641878 -0.8121329 -0.8923677 -0.4500976 0.001956987 -0.5244619 -0.2622307 0.810176 -0.6536202 -0.7553813 0.06066547 -0.6536202 -0.7553813 0.06066547 -0.5244619 -0.2622307 0.810176 -0.4324854 -0.5009782 0.7495107 -0.5244619 -0.2622307 0.810176 -0.3483367 -0.03718186 0.9354205 -0.4324854 -0.5009782 0.7495107 -0.4324854 -0.5009782 0.7495107 -0.3483367 -0.03718186 0.9354205 -0.1526421 0.009784823 0.9882581 -0.3483367 -0.03718186 0.9354205 -0.2015657 0.37182 0.9060662 -0.1526421 0.009784823 0.9882581 -0.1526421 0.009784823 0.9882581 -0.2015657 0.37182 0.9060662 0.0978472 0.5792563 0.8082189 -0.2015657 0.37182 0.9060662 -0.2367905 0.9706456 0.00195673 0.0978472 0.5792563 0.8082189 0.0978472 0.5792563 0.8082189 -0.2367905 0.9706456 0.00195673 0.2348337 0.9726024 -0.001957136 -0.1545986 0.3855185 -0.9099802 0.1095892 0.6203521 -0.776908 -0.2367905 0.9706456 0.00195673 -0.692759 -0.2837572 -0.6634049 -0.810176 -0.5870839 7.418497E-08 -0.880626 0.4716243 -1.508779E-07 -0.9158511 0.07632114 0.3953032 -0.6144814 0.09197666 0.7827786 -0.847358 0.03131135 0.5303325 -0.6438356 0.1213309 0.7553813 -0.3072408 0.1369864 0.9412913 -0.6144814 0.09197666 0.7827786 0.8669273 -0.003914044 0.4970645 0.7592952 -0.1956948 0.6203523 0.6849312 0.01565547 0.7279842 -0.1545986 0.3855185 -0.9099802 -0.2367905 0.9706456 0.00195673 -0.5929547 0.2152642 -0.774951 -0.5714287 0.08219193 0.8160467 -0.5029355 0.1682976 0.8473578 -0.6242662 0.04109605 0.7808217 -0.6242662 0.04109605 0.7808217 -0.5029355 0.1682976 0.8473578 -0.6007828 0.1937379 0.7749508 -0.2367905 0.9706456 0.00195673 -0.9999998 -0.001956738 -5.919641E-08 -0.5929547 0.2152642 -0.774951 -0.2367905 0.9706456 0.00195673 -0.6007828 0.1937379 0.7749508 -0.9999998 -0.001956738 -5.919641E-08 -0.6007828 0.1937379 0.7749508 -0.5029355 0.1682976 0.8473578 -0.7455968 0.005871035 0.6653618 0.5303324 0.219178 0.8199607 0.9960859 0.08806239 4.100009E-08 0.7084146 0.07044998 0.7025439 0.7181996 -0.04305302 -0.694716 0.412916 0.1076319 -0.9041094 0.09001976 0.2348335 -0.9667317 -0.4148725 0.08806264 -0.9060663 -0.7240701 -0.06849302 -0.6868883 -0.09001933 0.2348336 -0.9667317 0.4129156 0.107632 0.9041094 0.7181993 -0.04305293 0.6947161 0.09001936 0.2348336 0.9667316 -0.4520546 0.8923678 -2.131069E-07 -0.1193735 0.1937377 -0.9745595 -0.6457922 -0.2328766 -0.7279842 -0.4520546 0.8923678 -2.131069E-07 -0.6457922 -0.2328766 -0.7279842 -0.9041094 -0.4285712 3.551778E-08 -0.4520546 0.8923678 -2.131069E-07 -0.9041094 -0.4285712 3.551778E-08 -0.6457925 -0.2328765 0.7279842 -0.4520546 0.8923678 -2.131069E-07 -0.6457925 -0.2328765 0.7279842 -0.1193739 0.1937378 0.9745594 -0.4520546 0.8923678 -2.131069E-07 -0.1193739 0.1937378 0.9745594 0.3600781 0.5909979 0.7221132 -0.4520546 0.8923678 -2.131069E-07 0.3600781 0.5909979 0.7221132 0.590998 0.806262 -1.329731E-07 0.09393366 0.2152641 -0.9726025 0.4872798 0.8727981 -1.530357E-07 0.6692759 -0.1409003 -0.7299411 0.6692759 -0.1409003 -0.7299411 0.4872798 0.8727981 -1.530357E-07 0.953033 -0.303327 1.200841E-07 0.953033 -0.303327 1.200841E-07 0.4872798 0.8727981 -1.530357E-07 0.6692756 -0.1409003 0.7299412 0.6692756 -0.1409003 0.7299412 0.4872798 0.8727981 -1.530357E-07 0.09393325 0.2152642 0.9726024 0.09393325 0.2152642 0.9726024 0.4872798 0.8727981 -1.530357E-07 -0.4050881 0.5518591 0.7279841 -0.4050881 0.5518591 0.7279841 0.4872798 0.8727981 -1.530357E-07 -0.657534 0.7534246 -1.963687E-07 0.180039 0.5831701 0.7925633 -1.005463E-07 0.7240703 0.688845 -0.003913834 0.9999998 -2.088494E-07 -1.005463E-07 0.7240703 0.688845 -0.1839531 0.5812133 0.7925633 -0.003913834 0.9999998 -2.088494E-07 -0.2367905 0.9706456 0.00195673 -0.2015657 0.37182 0.9060662 -0.6007828 0.1937379 0.7749508 -0.9960859 -0.09393323 -3.977534E-08 -0.7573385 -0.01956927 0.6536201 -0.8923677 -0.4500976 0.001956987 0.9960859 0.08806239 4.100009E-08 0.5342466 0.2250487 -0.8140898 0.7123288 0.06066516 -0.6986299 0.8669273 -0.003914044 0.4970645 0.9960859 -0.09784754 7.978392E-08 0.7592952 -0.1956948 0.6203523 -0.8923677 -0.4500976 0.001956987 -0.7573385 -0.01956927 0.6536201 -0.5244619 -0.2622307 0.810176 0.7592952 -0.1956948 0.6203523 0.8904107 -0.4540118 0.001957095 0.5342463 -0.2739726 0.7984344 -0.8317022 0.03913907 -0.553816 -0.4598824 -0.804305 -0.3776906 -0.4187864 0.04305286 -0.9080232 -0.7690799 0.1037183 -0.6301368 -0.8317022 0.03913907 -0.553816 -0.7064576 0.06457935 -0.7045009 -0.6007825 0.1643836 -0.7827788 -0.5870839 0.04109595 -0.8082191 -0.3835613 0.09589042 -0.917808 0.4559684 -0.1585127 0.8747553 0.3463794 0.1859099 0.9197649 0.2172209 -0.1174168 0.9686886 0.4872795 -0.148728 0.8610566 0.3855183 0.2485322 0.8884537 0.4774948 0.2681017 0.8375732 -0.5636008 0.2837574 0.7749508 -0.336595 0.09197661 0.9373775 -0.737769 0.07436417 0.6712326 -0.336595 0.09197661 0.9373775 -0.6849315 0.1037184 0.7201563 -0.3561645 0.1272017 0.9256358 0.5772992 0.2485322 0.7769079 0.731898 0.07044997 0.6790605 0.3405086 0.08414868 0.9354205 0.6849312 0.1037181 0.7201564 0.3405086 0.08414868 0.9354205 0.3561641 0.1272015 0.9256358 -0.5205476 -0.2641878 -0.8121329 -0.6536202 -0.7553813 0.06066547 -0.4207434 -0.4911936 -0.7612522 -0.6536202 -0.7553813 0.06066547 -0.4774949 -0.5009783 -0.7201563 -0.1643833 0.0763209 -0.9843442 -0.4207434 -0.4911936 -0.7612522 -0.4774949 -0.5009783 -0.7201563 -0.692759 -0.2837572 -0.6634049 -0.1643833 0.0763209 -0.9843442 -0.4520545 0.221135 -0.8649705 -0.692759 -0.2837572 -0.6634049 -0.880626 0.4716243 -1.508779E-07 -0.4774949 -0.5009783 -0.7201563 -0.6536202 -0.7553813 0.06066547 -0.592955 -0.7436396 0.3072408 -0.592955 -0.7436396 0.3072408 -0.692759 -0.2837572 -0.6634049 -0.810176 -0.5870839 7.418497E-08 0.3248532 0.9452052 -1.778224E-07 0.1095892 0.6203521 -0.776908 -0.1643833 0.0763209 -0.9843442 0.3248532 0.9452052 -1.778224E-07 -0.4520545 0.221135 -0.8649705 0.06653625 0.9980428 -2.04242E-07 -0.880626 0.4716243 -1.508779E-07 -0.4520545 0.221135 -0.8649705 -0.810176 -0.5870839 7.418497E-08 -0.6927593 -0.2837571 0.6634049 -0.880626 0.4716243 -1.508779E-07 -0.6927593 -0.2837571 0.6634049 -0.592955 -0.7436396 0.3072408 -0.4344424 -0.5009782 0.7475538 -0.6927593 -0.2837571 0.6634049 -0.4520549 0.2211351 0.8649704 -0.880626 0.4716243 -1.508779E-07 -0.1350295 0.05870849 0.9882581 -0.6927593 -0.2837571 0.6634049 -0.4344424 -0.5009782 0.7475538 -0.4520549 0.2211351 0.8649704 -0.1643836 0.7064579 0.6888451 -0.880626 0.4716243 -1.508779E-07 0.1193736 0.5401174 0.8336592 -0.4520549 0.2211351 0.8649704 -0.1350295 0.05870849 0.9882581 -0.1643836 0.7064579 0.6888451 0.06653625 0.9980428 -2.04242E-07 -0.880626 0.4716243 -1.508779E-07 0.3248532 0.9452052 -1.778224E-07 -0.1643836 0.7064579 0.6888451 0.1193736 0.5401174 0.8336592 -0.9138941 0.09784755 0.3933462 -0.6692759 0.1213309 0.731898 -0.9158511 0.07632114 0.3953032 -0.6692759 0.1213309 0.731898 -0.9119372 0.08414892 0.399217 -0.6849315 0.1037184 0.7201563 -0.6692759 0.1213309 0.731898 -0.3502936 0.1448142 0.9256357 -0.6438356 0.1213309 0.7553813 -0.3502936 0.1448142 0.9256357 -0.6849315 0.1037184 0.7201563 -0.3561645 0.1272017 0.9256358 -0.6281797 0.1193738 -0.7690801 -0.8962814 0.08219192 -0.4344423 -0.616438 0.08806268 -0.7827787 -0.9041092 0.09980445 -0.4129159 -0.6281797 0.1193738 -0.7690801 -0.6673186 0.1213308 -0.735812 -0.9119371 0.08219193 -0.4011742 -0.6673186 0.1213308 -0.735812 -0.6810173 0.1115461 -0.7240703 -0.616438 0.08806268 -0.7827787 -0.8962814 0.08219192 -0.4344423 -0.806262 0.03326823 -0.590998 -0.806262 0.03326823 -0.590998 -0.4794517 0.1800392 -0.8590997 -0.5929547 0.2152642 -0.774951 -0.3268103 0.1487281 0.9334635 0.029354 0.1565558 0.9863011 -0.3072408 0.1369864 0.9412913 -0.3268103 0.1487281 0.9334635 -0.6438356 0.1213309 0.7553813 -0.3502936 0.1448142 0.9256357 -0.5714287 0.08219193 0.8160467 -0.2426616 0.2133073 0.9471622 -0.5029355 0.1682976 0.8473578 -0.5029355 0.1682976 0.8473578 -0.1193739 0.260274 0.9569468 -0.4148729 0.08806274 0.9060663 -0.5929547 0.2152642 -0.774951 -0.9999998 -0.001956738 -5.919641E-08 -0.7514674 -0.01565546 -0.6594911 -0.990215 -0.138943 -3.003564E-08 -0.7514674 -0.01565546 -0.6594911 -0.7240701 -0.06849302 -0.6868883 -0.9999998 -0.001956738 -5.919641E-08 -0.6007828 0.1937379 0.7749508 -0.7455968 0.005871035 0.6653618 -0.7455968 0.005871035 0.6653618 -0.990215 -0.138943 -3.003564E-08 -0.7240704 -0.06849295 0.6868882 -0.7240704 -0.06849295 0.6868882 -0.4148729 0.08806274 0.9060663 -0.09001973 0.2348337 0.9667316 -0.7455968 0.005871035 0.6653618 -0.4148729 0.08806274 0.9060663 -0.5029355 0.1682976 0.8473578 0.4872795 0.1722112 0.8551857 0.5303324 0.219178 0.8199607 0.7084146 0.07044998 0.7025439 0.5636005 0.04109581 0.8238747 0.4872795 0.1722112 0.8551857 0.5401171 0.08610559 0.8375733 -0.5636005 0.4109589 -0.7162426 -0.8297453 0.1819962 -0.5264188 -0.4677101 0.6477494 -0.6007828 -0.8982384 0.2504893 -0.3620352 -0.8297453 0.1819962 -0.5264188 -0.6007825 0.1643836 -0.7827788 -0.8317022 0.03913907 -0.553816 0.7221132 0.2700585 0.6360077 0.6457924 0.7592952 0.08023469 0.8786689 0.1076319 0.4637964 0.2465753 0.8884537 0.3874753 0.6457924 0.7592952 0.08023469 0.5772992 0.2485322 0.7769079 -0.1487277 0.0136986 -0.9882581 -0.4207434 -0.4911936 -0.7612522 -0.1643833 0.0763209 -0.9843442 -0.1545986 0.3855185 -0.9099802 -0.5205476 -0.2641878 -0.8121329 -0.4207434 -0.4911936 -0.7612522 0.6849312 0.01565547 0.7279842 0.7592952 -0.1956948 0.6203523 0.5636005 0.04109581 0.8238747 0.7592952 -0.1956948 0.6203523 0.5342463 -0.2739726 0.7984344 0.3346377 -0.04109589 0.9412913 -0.8532287 -0.1800389 -0.4892367 -0.9217218 -0.1135027 -0.3718199 -0.8297453 0.1819962 -0.5264188 -0.8982384 0.2504893 -0.3620352 0.9041094 0.2407042 -0.3542073 0.9138941 -0.1232879 -0.3855184 0.8297455 0.1819958 -0.5264187 0.8532289 -0.1800393 -0.4892366 1.76481E-07 0.7827786 -0.6223093 1.940358E-07 0.6731896 -0.737769 -0.4677101 0.6477494 -0.6007828 -0.5636005 0.4109589 -0.7162426 1.991681E-07 -0.1311155 -0.9921719 -0.8532287 -0.1800389 -0.4892367 -0.5636005 0.4109589 -0.7162426 -0.8297453 0.1819962 -0.5264188 0.5127202 0.1017611 -0.8532287 0.4677104 0.6477491 -0.6007828 2.16198E-07 0.3600781 -0.9334636 1.76481E-07 0.7827786 -0.6223093 1.76481E-07 0.7827786 -0.6223093 0.4677104 0.6477491 -0.6007828 1.940358E-07 0.6731896 -0.737769 0.5636008 0.4109587 -0.7162425 0.8297455 0.1819958 -0.5264187 0.8532289 -0.1800393 -0.4892366 0.5636008 0.4109587 -0.7162425 1.991681E-07 -0.1311155 -0.9921719 -0.6007825 0.1643836 -0.7827788 -0.3835613 0.09589042 -0.917808 2.16198E-07 0.3600781 -0.9334636 2.142734E-07 0.1154598 -0.9941289 -0.3835613 0.09589042 -0.917808 2.153815E-07 0.1545987 -0.9882581 -0.3620349 0.1409002 -0.9217219 -0.9217218 -0.1135027 -0.3718199 -0.4598824 -0.804305 -0.3776906 -0.8982384 0.2504893 -0.3620352 -0.8317022 0.03913907 -0.553816 0.3659492 0.1213306 -0.9236788 0.5127202 0.1017611 -0.8532287 2.16198E-07 0.3600781 -0.9334636 2.142734E-07 0.1154598 -0.9941289 2.153815E-07 0.1545987 -0.9882581 0.3659492 0.1213306 -0.9236788 0.3542075 0.1487278 -0.9236789 -0.6007825 0.1643836 -0.7827788 2.16198E-07 0.3600781 -0.9334636 -0.4677101 0.6477494 -0.6007828 1.76481E-07 0.7827786 -0.6223093 0.6575342 0.04696654 -0.7514675 0.6908023 0.1154597 -0.7123286 0.9001956 0.06066513 -0.4324852 0.9060664 0.0802346 -0.4129157 0.6575342 0.04696654 -0.7514675 0.3659492 0.1213306 -0.9236788 0.6908023 0.1154597 -0.7123286 0.3542075 0.1487278 -0.9236789 -0.545988 0.1526419 -0.8238747 -0.545988 0.1526419 -0.8238747 -0.3835613 0.09589042 -0.917808 -0.3620349 0.1409002 -0.9217219 -0.9295497 0.04500999 0.365949 -0.9119372 0.08414892 0.399217 -0.9980428 0.04500998 0.005870771 -0.9980428 0.07240724 -0.001957021 -0.9295497 0.04500999 0.365949 -0.737769 0.07436417 0.6712326 -0.9119372 0.08414892 0.399217 -0.6849315 0.1037184 0.7201563 0.03522484 0.08023486 0.9960859 -1.985265E-07 0.1350294 0.990215 -0.336595 0.09197661 0.9373775 -0.3561645 0.1272017 0.9256358 0.03522484 0.08023486 0.9960859 0.3405086 0.08414868 0.9354205 -1.985265E-07 0.1350294 0.990215 0.3561641 0.1272015 0.9256358 0.9373774 0.0450096 0.3444227 0.9119371 0.08414853 0.3992172 0.731898 0.07044997 0.6790605 0.6849312 0.1037181 0.7201564 0.9373774 0.0450096 0.3444227 0.9980428 0.04892346 0.007827836 0.9119371 0.08414853 0.3992172 0.9980428 0.07240682 -0.001956902 0.2563599 0.7162425 0.6497061 -0.3072407 0.8532289 0.4227003 0.181996 0.7553814 0.6281797 -0.2367906 0.9158511 0.3268099 0.545988 0.291585 0.7866926 0.2563599 0.7162425 0.6497061 0.4774948 0.2681017 0.8375732 0.181996 0.7553814 0.6281797 -0.2367906 0.9158511 0.3268099 -0.3072407 0.8532289 0.4227003 -0.6516632 0.7592955 0.01761232 -0.7064577 0.7045009 -0.05675164 0.4872795 -0.148728 0.8610566 0.5577297 -0.111546 0.8219177 0.4774948 0.2681017 0.8375732 0.545988 0.291585 0.7866926 -0.2367906 0.9158511 0.3268099 -0.3365949 0.8199607 0.4637961 0.181996 0.7553814 0.6281797 0.04305272 0.69863 0.7142854 0.181996 0.7553814 0.6281797 0.04305272 0.69863 0.7142854 0.4774948 0.2681017 0.8375732 0.3855183 0.2485322 0.8884537 -0.9941289 0.1095892 -0.01369871 -0.9021524 0.2974561 -0.3111547 -0.9608608 0.2739727 0.04892356 -0.7064577 0.7045009 -0.05675164 -0.2367906 0.9158511 0.3268099 -0.6516632 0.7592955 0.01761232 -0.3365949 0.8199607 0.4637961 -0.6868883 0.7045009 0.1819959 -0.6516632 0.7592955 0.01761232 -0.7064577 0.7045009 -0.05675164 -0.9412913 0.2720158 -0.2015656 -0.9021524 0.2974561 -0.3111547 -0.3365949 0.8199607 0.4637961 -0.407045 0.7201565 0.5616435 0.04305272 0.69863 0.7142854 -0.08610578 0.6066536 0.7906064 -0.3365949 0.8199607 0.4637961 -0.6868883 0.7045009 0.1819959 -0.407045 0.7201565 0.5616435 -0.7240703 0.6046968 0.3287669 -0.6516632 0.7592955 0.01761232 -0.9412913 0.2720158 -0.2015656 -0.6868883 0.7045009 0.1819959 -0.9628177 0.2504894 -0.0958905 -0.9021524 0.2974561 -0.3111547 -0.9491191 -0.1056749 -0.2994129 -0.9412913 0.2720158 -0.2015656 -0.9667316 -0.1487278 -0.2074364 -0.9412913 0.2720158 -0.2015656 -0.9667316 -0.1487278 -0.2074364 -0.9628177 0.2504894 -0.0958905 -0.9706455 -0.1663403 -0.1722113 -0.882583 0.1095892 0.4559685 -0.7906066 0.2054796 0.5792561 -0.9295497 0.04500999 0.365949 -0.737769 0.07436417 0.6712326 -0.03131136 -0.1135028 0.9921719 0.06262209 0.05479455 0.9960859 0.1917806 0.007827805 0.9804303 0.1409 0.18591 0.9726024 -0.336595 0.09197661 0.9373775 -0.09197669 0.1272016 0.9882581 0.03522484 0.08023486 0.9960859 0.06262209 0.05479455 0.9960859 -0.9491192 -0.0508804 0.3091975 -0.9275928 -0.09980407 0.3600782 -0.9608608 0.2739727 0.04892356 -0.9941289 0.1095892 -0.01369871 -0.7240703 0.6046968 0.3287669 -0.9843442 0.1780824 -0.03326819 -0.9569469 0.2211352 0.1859098 -0.9628177 0.2504894 -0.0958905 -0.2485323 0.774951 0.5792561 0.2465753 0.8884537 0.3874753 0.2407043 0.1565557 0.9589038 0.5772992 0.2485322 0.7769079 0.6457924 0.7592952 0.08023469 0.2465753 0.8884537 0.3874753 0.6046966 0.7925633 0.08610553 0.221135 0.915851 0.3346377 0.9471623 0.2915848 -0.1428571 0.6457924 0.7592952 0.08023469 0.9510761 0.287671 -0.1193737 0.6046966 0.7925633 0.08610553 0.221135 0.915851 0.3346377 0.2465753 0.8884537 0.3874753 -0.1624267 0.7945205 0.5831699 -0.2485323 0.774951 0.5792561 0.9784734 -0.1624268 -0.1252445 0.9765164 -0.119374 -0.1839529 0.9510761 0.287671 -0.1193737 0.9471623 0.2915848 -0.1428571 0.9510761 0.287671 -0.1193737 0.6046966 0.7925633 0.08610553 0.9765164 0.2093931 0.04305284 0.6399215 0.7240701 0.2563599 -0.2367907 0.08610576 0.9667317 -0.5753425 0.3091978 0.7553813 -0.1409003 0.2720157 0.951076 -0.2485323 0.774951 0.5792561 -0.1624267 0.7945205 0.5831699 -0.2485323 0.774951 0.5792561 -0.4970646 0.2896283 0.8180037 -0.5753425 0.3091978 0.7553813 0.9804303 -0.1996088 -0.009784632 0.9784734 -0.1624268 -0.1252445 0.9765164 0.2093931 0.04305284 0.9510761 0.287671 -0.1193737 0.3209392 0.8140898 0.4833657 0.3776906 0.7318981 0.5675144 0.6399215 0.7240701 0.2563599 0.8551857 0.4187865 0.3052837 0.3209392 0.8140898 0.4833657 -0.01369873 0.7299412 0.6829742 0.3776906 0.7318981 0.5675144 -0.04696688 0.4207436 0.9060662 -0.01369873 0.7299412 0.6829742 -0.1624267 0.7945205 0.5831699 -0.3542075 0.2328768 0.9060662 -0.4970646 0.2896283 0.8180037 -0.4970646 0.2896283 0.8180037 -0.518591 -0.1624264 0.8395302 -0.3542075 0.2328768 0.9060662 -0.4187868 0.04892381 0.9060663 0.951076 -0.06262248 0.3052838 0.9569468 0.1585125 0.2407045 0.9608607 -0.117417 0.2524462 0.9941289 -0.02348356 0.1076321 0.06262209 0.05479455 0.9960859 -0.03131136 -0.1135028 0.9921719 -0.1409003 0.2720157 0.951076 -0.2367907 0.08610576 0.9667317 -0.9315066 0.2465755 -0.2681018 -0.4266143 0.8884538 -0.1682976 -0.9608607 0.2602741 -0.09197661 -0.5694715 0.7592955 0.3150682 -0.1565555 0.76908 -0.6203523 -0.4266143 0.8884538 -0.1682976 -0.8277884 0.1682976 -0.5342466 -0.9315066 0.2465755 -0.2681018 -0.5694715 0.7592955 0.3150682 -0.4266143 0.8884538 -0.1682976 -0.4990214 0.8082191 0.3111543 -0.3307239 0.9354206 -0.1252448 -0.6868884 0.2857144 0.6673187 -0.5694715 0.7592955 0.3150682 -0.6712328 0.2876714 0.6829743 -0.4990214 0.8082191 0.3111543 -0.3307239 0.9354206 -0.1252448 -0.4266143 0.8884538 -0.1682976 -0.1663403 0.810176 -0.5616439 -0.1565555 0.76908 -0.6203523 -0.6868885 -0.1624264 0.7084147 -0.6810176 -0.1193736 0.7221133 -0.6712328 0.2876714 0.6829743 -0.6868884 0.2857144 0.6673187 -0.1565555 0.76908 -0.6203523 -0.7690799 0.1037183 -0.6301368 -0.02935398 0.2994128 -0.9530331 -0.4187864 0.04305286 -0.9080232 -0.4990214 0.8082191 0.3111543 -0.3307239 0.9354206 -0.1252448 -0.6164382 0.7612524 0.2074362 -0.4853227 0.8551859 -0.1819963 -0.6712328 0.2876714 0.6829743 -0.4990214 0.8082191 0.3111543 -0.7808219 0.2211352 0.58317 -0.6164382 0.7612524 0.2074362 -0.4853227 0.8551859 -0.1819963 -0.3307239 0.9354206 -0.1252448 -0.3268099 0.7651662 -0.5538161 -0.1663403 0.810176 -0.5616439 -0.1663403 0.810176 -0.5616439 -0.1565555 0.76908 -0.6203523 -0.04109566 0.2896281 -0.956947 -0.02935398 0.2994128 -0.9530331 -0.7553815 -0.1996084 0.624266 -0.6868885 -0.1624264 0.7084147 -0.7808219 0.2211352 0.58317 -0.6712328 0.2876714 0.6829743 -0.4853227 0.8551859 -0.1819963 -0.6379645 0.7318982 -0.2367907 -0.6164382 0.7612524 0.2074362 -0.8688844 0.4227007 0.2583168 -0.4853227 0.8551859 -0.1819963 -0.3268099 0.7651662 -0.5538161 -0.6379645 0.7318982 -0.2367907 -0.4911934 0.4246575 -0.7612523 -0.3268099 0.7651662 -0.5538161 -0.1663403 0.810176 -0.5616439 -0.1956945 0.219178 -0.95499 -0.04109566 0.2896281 -0.956947 -0.9491192 -0.0508804 0.3091975 -0.9256358 0.1878671 0.3307239 -0.9275928 -0.09980407 0.3600782 -0.8962817 -0.02348315 0.4442268 0.919765 0.2778862 -0.2759295 0.4970646 0.8532287 -0.1604698 0.8199608 0.1976514 -0.5381603 0.1741684 0.7162424 -0.6751468 -0.00782757 0.291585 -0.956947 0.5479453 -0.1252448 -0.8258315 0.1741684 0.7162424 -0.6751468 0.7592955 0.06066515 -0.6477492 0.5381603 0.7045007 0.4637962 0.4970646 0.8532287 -0.1604698 0.9804303 0.1956945 0.009784751 0.919765 0.2778862 -0.2759295 0.1741684 0.7162424 -0.6751468 0.4970646 0.8532287 -0.1604698 0.2211352 0.7553813 -0.6164384 0.3835616 0.915851 -0.1252448 -0.00782757 0.291585 -0.956947 0.1741684 0.7162424 -0.6751468 0.1056753 0.2681016 -0.956947 0.2211352 0.7553813 -0.6164384 0.3835616 0.915851 -0.1252448 0.4970646 0.8532287 -0.1604698 0.5381603 0.7592952 0.3679059 0.5381603 0.7045007 0.4637962 0.3835616 0.915851 -0.1252448 0.5440313 0.8199605 -0.1780823 0.2211352 0.7553813 -0.6164384 0.3855187 0.6986299 -0.6027398 0.2211352 0.7553813 -0.6164384 0.3855187 0.6986299 -0.6027398 0.1056753 0.2681016 -0.956947 0.2113505 0.2485321 -0.9452053 0.7749508 0.09197637 0.626223 0.5420741 0.2994128 0.7847356 0.7925633 0.2544029 0.5538159 0.5381603 0.7045007 0.4637962 0.3835616 0.915851 -0.1252448 0.5381603 0.7592952 0.3679059 0.5440313 0.8199605 -0.1780823 0.6614479 0.7045007 0.2563599 0.5381603 0.7592952 0.3679059 0.5381603 0.7045007 0.4637962 0.6438353 0.2720155 0.7162425 0.5420741 0.2994128 0.7847356 0.5440313 0.8199605 -0.1780823 0.6594911 0.7201563 -0.2152642 0.3855187 0.6986299 -0.6027398 0.5342466 0.6066533 -0.5890411 0.5440313 0.8199605 -0.1780823 0.6614479 0.7045007 0.2563599 0.6594911 0.7201563 -0.2152642 0.7788648 0.6046964 0.1604695 0.5381603 0.7592952 0.3679059 0.6438353 0.2720155 0.7162425 0.6614479 0.7045007 0.2563599 0.7221132 0.2504891 0.6438354 0.5420741 0.2994128 0.7847356 0.5909978 -0.1056752 0.8003913 0.6438353 0.2720155 0.7162425 0.6594908 -0.148728 0.7358121 0.6438353 0.2720155 0.7162425 0.6594908 -0.148728 0.7358121 0.7221132 0.2504891 0.6438354 0.6849312 -0.1663406 0.7103717 0.9373774 0.0450096 0.3444227 0.9804302 0.0919763 0.1761252 0.9980428 0.04892346 0.007827836 0.9804303 0.1956945 0.009784751 0.9001956 0.06066513 -0.4324852 0.8199608 0.1976514 -0.5381603 0.6575342 0.04696654 -0.7514675 0.7592955 0.06066515 -0.6477492 0.7592955 0.06066515 -0.6477492 0.5479453 -0.1252448 -0.8258315 0.6575342 0.04696654 -0.7514675 0.8023483 0.04305262 -0.5968687 0.951076 -0.06262248 0.3052838 0.9608607 -0.117417 0.2524462 0.7925633 0.2544029 0.5538159 0.7749508 0.09197637 0.626223 -0.545988 0.1350294 -0.8258316 -0.7064576 0.06457935 -0.7045009 -0.545988 0.1350294 -0.8258316 -0.6810173 0.1115461 -0.7240703 0.5322897 -0.2759297 -0.8003911 0.1037184 0.3522503 -0.9295497 0.4481409 -0.4951076 -0.7436396 0.1389434 0.01761243 -0.990215 0.6673188 -0.7416829 0.05283776 0.5929548 -0.7514676 0.2857144 0.4559684 -0.5107632 0.7299412 0.4540114 -0.5303326 0.7162426 0.4559684 -0.5107632 0.7299412 0.4540114 -0.5303326 0.7162426 0.1545986 0.007827813 0.9882581 0.1898236 0.03326811 0.9804303 0.1545986 0.007827813 0.9882581 0.1898236 0.03326811 0.9804303 -0.1213308 0.6027397 0.7886494 -0.06262244 0.5577299 0.8277884 -0.1213308 0.6027397 0.7886494 -0.06262244 0.5577299 0.8277884 -0.2309196 0.9726025 -0.001957163 -0.2641878 0.9647748 -2.170145E-07 -0.1976516 0.9804304 -2.163146E-07 0.4559687 0.2700585 -0.847358 -0.2641878 0.9647748 -2.170145E-07 0.2172213 0.06457914 -0.9745594 0.4559687 0.2700585 -0.847358 0.7612524 -0.191781 -0.620352 0.2172213 0.06457914 -0.9745594 0.5068493 -0.5146772 -0.6927589 0.7612524 -0.191781 -0.620352 0.8923677 -0.4500979 1.47087E-07 0.5068493 -0.5146772 -0.6927589 0.5929548 -0.7514676 0.2857144 0.5929548 -0.7514676 0.2857144 0.8923677 -0.4500979 1.47087E-07 0.4540114 -0.5303326 0.7162426 0.7612522 -0.1917809 0.6203523 0.4540114 -0.5303326 0.7162426 0.7612522 -0.1917809 0.6203523 0.1898236 0.03326811 0.9804303 0.4559684 0.2700586 0.8473579 0.1898236 0.03326811 0.9804303 0.4559684 0.2700586 0.8473579 -0.06262244 0.5577299 0.8277884 0.04500968 0.7397259 0.6712325 -0.06262244 0.5577299 0.8277884 0.04500968 0.7397259 0.6712325 -0.2641878 0.9647748 -2.170145E-07 -0.1976516 0.9804304 -2.163146E-07 0.5322897 -0.2759297 -0.8003911 0.8904107 -0.4540118 0.001957095 0.8669275 -0.003914104 -0.4970644 0.9960859 -0.09784754 7.978392E-08 0.1448139 0.3385518 0.9295496 0.5303324 0.219178 0.8199607 0.3346377 -0.04109589 0.9412913 0.5636005 0.04109581 0.8238747 -0.1545986 0.3855185 -0.9099802 -0.1487277 0.0136986 -0.9882581 0.1095892 0.6203521 -0.776908 -0.1643833 0.0763209 -0.9843442 -0.2367905 0.9706456 0.00195673 0.1095892 0.6203521 -0.776908 0.2348337 0.9726024 -0.001957136 0.3248532 0.9452052 -1.778224E-07 -0.4324854 -0.5009782 0.7495107 -0.4344424 -0.5009782 0.7475538 -0.6536202 -0.7553813 0.06066547 -0.592955 -0.7436396 0.3072408 -0.4324854 -0.5009782 0.7495107 -0.1526421 0.009784823 0.9882581 -0.4344424 -0.5009782 0.7475538 -0.1350295 0.05870849 0.9882581 -0.1526421 0.009784823 0.9882581 0.0978472 0.5792563 0.8082189 -0.1350295 0.05870849 0.9882581 0.1193736 0.5401174 0.8336592 0.0978472 0.5792563 0.8082189 0.2348337 0.9726024 -0.001957136 0.1193736 0.5401174 0.8336592 0.3248532 0.9452052 -1.778224E-07 0.3561641 0.1272015 0.9256358 0.6849312 0.1037181 0.7201564 0.3483363 0.1428571 0.9275927 0.6673187 0.1213306 0.735812 0.3483363 0.1428571 0.9275927 0.324853 0.1409001 0.9354205 0.6418783 0.107632 0.7592954 0.324853 0.1409001 0.9354205 0.3170252 0.1369863 0.9393344 0.6262227 0.08219167 0.774951 0.5401171 0.08610559 0.8375733 0.3170252 0.1369863 0.9393344 0.2485321 0.2074364 0.9471622 0.4872795 0.1722112 0.8551857 0.1193736 0.2641878 0.9569468 0.4872795 0.1722112 0.8551857 0.4129156 0.107632 0.9041094 0.6849312 0.1037181 0.7201564 0.9119371 0.08414853 0.3992172 0.6673187 0.1213306 0.735812 0.9041093 0.09980412 0.4129158 0.8923676 0.06457908 0.4461839 0.6418783 0.107632 0.7592954 0.6673187 0.1213306 0.735812 -0.9158511 0.07632114 0.3953032 -0.6692759 0.1213309 0.731898 -0.6438356 0.1213309 0.7553813 -0.6144814 0.09197666 0.7827786 -0.3268103 0.1487281 0.9334635 0.01565538 0.1526419 0.988258 0.05479431 0.1565558 0.9863011 0.029354 0.1565558 0.9863011 0.6418787 0.1076319 -0.7592953 0.6262231 0.08219158 -0.7749509 0.8923678 0.06457902 -0.4461838 0.8669275 -0.003914104 -0.4970644 -0.806262 0.03326823 -0.590998 -0.9980428 0.06457945 -7.296029E-08 -0.9960859 -0.09393323 -3.977534E-08 -0.806262 0.03326823 -0.590998 -0.8923677 -0.4500976 0.001956987 -0.5205476 -0.2641878 -0.8121329 -0.8962814 0.08219192 -0.4344423 -0.9980428 0.06457945 -7.296029E-08 -0.9960859 0.09001976 -7.815091E-08 -0.9041092 0.09980445 -0.4129159 -0.9980428 0.07240724 -0.001957021 -0.9119371 0.08219193 -0.4011742 0.6418783 0.107632 0.7592954 0.8923676 0.06457908 0.4461839 0.6262227 0.08219167 0.774951 0.8669273 -0.003914044 0.4970645 0.9999998 0.04109567 5.103139E-08 0.9960859 -0.09784754 7.978392E-08 0.8669273 -0.003914044 0.4970645 0.8923676 0.06457908 0.4461839 0.9960859 0.09001934 4.059184E-08 0.9999998 0.04109567 5.103139E-08 0.9041093 0.09980412 0.4129158 0.9980428 0.07240682 -0.001956902 0.9119371 0.08414853 0.3992172 0.8669275 -0.003914104 -0.4970644 0.9960859 -0.09784754 7.978392E-08 0.9999998 0.04109567 5.103139E-08 0.8923678 0.06457902 -0.4461838 0.9999998 0.04109567 5.103139E-08 0.9960859 0.09001934 4.059184E-08 0.9041095 0.09980407 -0.4129157 0.9980428 0.07240682 -0.001956902 0.9060664 0.0802346 -0.4129157 -0.6144814 0.09197666 0.7827786 -0.3072408 0.1369864 0.9412913 -0.5714287 0.08219193 0.8160467 -0.2426616 0.2133073 0.9471622 -0.2426616 0.2133073 0.9471622 -0.3072408 0.1369864 0.9412913 0.02348317 0.2309198 0.9726024 0.029354 0.1565558 0.9863011 0.3170252 0.1369863 0.9393344 0.2485321 0.2074364 0.9471622 0.02348317 0.2309198 0.9726024 0.029354 0.1565558 0.9863011 0.324853 0.1409001 0.9354205 0.3170252 0.1369863 0.9393344 0.05479431 0.1565558 0.9863011 0.3483363 0.1428571 0.9275927 0.01565538 0.1526419 0.988258 0.3561641 0.1272015 0.9256358 -1.985265E-07 0.1350294 0.990215 0.5342466 0.2250487 -0.8140898 0.8669275 -0.003914104 -0.4970644 0.5009785 0.1741681 -0.8473579 0.6262231 0.08219158 -0.7749509 2.153231E-07 0.1604696 -0.9863012 2.168395E-07 0.2270057 -0.9745595 0.6262231 0.08219158 -0.7749509 0.5009785 0.1741681 -0.8473579 -0.4794517 0.1800392 -0.8590997 2.168395E-07 0.2270057 -0.9745595 -0.616438 0.08806268 -0.7827787 2.153231E-07 0.1604696 -0.9863012 -0.616438 0.08806268 -0.7827787 -0.6281797 0.1193738 -0.7690801 2.151482E-07 0.1506848 -0.9882581 -0.6673186 0.1213308 -0.735812 -0.1545986 0.3855185 -0.9099802 -0.5929547 0.2152642 -0.774951 -0.5205476 -0.2641878 -0.8121329 -0.806262 0.03326823 -0.590998 0.412916 0.1076319 -0.9041094 0.5009785 0.1741681 -0.8473579 2.168395E-07 0.3091975 -0.9510761 2.168395E-07 0.2270057 -0.9745595 -0.4148725 0.08806264 -0.9060663 2.168395E-07 0.3091975 -0.9510761 -0.4794517 0.1800392 -0.8590997 2.168395E-07 0.2270057 -0.9745595 -0.1193739 0.260274 0.9569468 -0.2426616 0.2133073 0.9471622 -1.799803E-07 0.3091977 0.951076 0.02348317 0.2309198 0.9726024 0.1193736 0.2641878 0.9569468 -1.799803E-07 0.3091977 0.951076 0.2485321 0.2074364 0.9471622 0.02348317 0.2309198 0.9726024 0.7181993 -0.04305293 0.6947161 0.4129156 0.107632 0.9041094 0.7084146 0.07044998 0.7025439 0.4872795 0.1722112 0.8551857 0.7084146 0.07044998 0.7025439 0.9960859 0.08806239 4.100009E-08 0.7181993 -0.04305293 0.6947161 0.9941289 -0.1017614 8.048377E-08 0.7123288 0.06066516 -0.6986299 0.7181996 -0.04305302 -0.694716 0.9960859 0.08806239 4.100009E-08 0.9941289 -0.1017614 8.048377E-08 -0.003913834 0.9999998 -2.088494E-07 0.09001976 0.2348335 -0.9667317 2.168395E-07 0.3091975 -0.9510761 0.412916 0.1076319 -0.9041094 -0.003913834 0.9999998 -2.088494E-07 2.168395E-07 0.3091975 -0.9510761 -0.09001933 0.2348336 -0.9667317 -0.4148725 0.08806264 -0.9060663 -0.1193739 0.260274 0.9569468 0.180039 0.5831701 0.7925633 -0.4148729 0.08806274 0.9060663 -0.09001973 0.2348337 0.9667316 -1.799803E-07 0.3091977 0.951076 -1.005463E-07 0.7240703 0.688845 -0.1193739 0.260274 0.9569468 0.180039 0.5831701 0.7925633 -1.799803E-07 0.3091977 0.951076 0.1193736 0.2641878 0.9569468 -1.005463E-07 0.7240703 0.688845 -0.1839531 0.5812133 0.7925633 0.1193736 0.2641878 0.9569468 0.4129156 0.107632 0.9041094 -0.1839531 0.5812133 0.7925633 0.09001936 0.2348336 0.9667316 -0.7240701 -0.06849302 -0.6868883 -0.620352 -0.2074363 -0.7573383 -0.09001933 0.2348336 -0.9667317 -0.06066513 0.1937377 -0.9784734 -0.990215 -0.138943 -3.003564E-08 -0.9217219 -0.3894322 2.630297E-08 -0.7240701 -0.06849302 -0.6868883 -0.620352 -0.2074363 -0.7573383 -0.990215 -0.138943 -3.003564E-08 -0.7240704 -0.06849295 0.6868882 -0.9217219 -0.3894322 2.630297E-08 -0.6203523 -0.2074362 0.7573383 -0.7240704 -0.06849295 0.6868882 -0.09001973 0.2348337 0.9667316 -0.6203523 -0.2074362 0.7573383 -0.06066554 0.1937378 0.9784733 0.180039 0.5831701 0.7925633 0.3913892 0.5792562 0.7142854 -0.09001973 0.2348337 0.9667316 -0.06066554 0.1937378 0.9784733 -0.003913834 0.9999998 -2.088494E-07 0.553816 0.8317022 -1.404966E-07 0.180039 0.5831701 0.7925633 0.3913892 0.5792562 0.7142854 0.3913895 0.5792561 -0.7142857 -0.06066513 0.1937377 -0.9784734 0.3600784 0.5909978 -0.7221134 -0.1193735 0.1937377 -0.9745595 -0.06066513 0.1937377 -0.9784734 -0.620352 -0.2074363 -0.7573383 -0.1193735 0.1937377 -0.9745595 -0.6457922 -0.2328766 -0.7279842 -0.620352 -0.2074363 -0.7573383 -0.9217219 -0.3894322 2.630297E-08 -0.6457922 -0.2328766 -0.7279842 -0.9041094 -0.4285712 3.551778E-08 -0.6203523 -0.2074362 0.7573383 -0.6457925 -0.2328765 0.7279842 -0.9217219 -0.3894322 2.630297E-08 -0.9041094 -0.4285712 3.551778E-08 -0.06066554 0.1937378 0.9784733 -0.1193739 0.1937378 0.9745594 -0.6203523 -0.2074362 0.7573383 -0.6457925 -0.2328765 0.7279842 0.3913892 0.5792562 0.7142854 0.3600781 0.5909979 0.7221132 -0.06066554 0.1937378 0.9784733 -0.1193739 0.1937378 0.9745594 0.553816 0.8317022 -1.404966E-07 0.590998 0.806262 -1.329731E-07 0.3913892 0.5792562 0.7142854 0.3600781 0.5909979 0.7221132 0.553816 0.8317022 -1.404966E-07 0.3913895 0.5792561 -0.7142857 0.590998 0.806262 -1.329731E-07 0.3600784 0.5909978 -0.7221134 0.590998 0.806262 -1.329731E-07 0.3600784 0.5909978 -0.7221134 -0.4520546 0.8923678 -2.131069E-07 -0.1193735 0.1937377 -0.9745595 0.07240725 0.1722112 -0.9823873 0.6477494 -0.1761254 -0.7416826 0.09001976 0.2348335 -0.9667317 0.7181996 -0.04305302 -0.694716 0.6477494 -0.1761254 -0.7416826 0.9452052 -0.3268103 1.245165E-07 0.7181996 -0.04305302 -0.694716 0.9941289 -0.1017614 8.048377E-08 0.9941289 -0.1017614 8.048377E-08 0.9452052 -0.3268103 1.245165E-07 0.7181993 -0.04305293 0.6947161 0.6477491 -0.1761253 0.7416829 0.7181993 -0.04305293 0.6947161 0.6477491 -0.1761253 0.7416829 0.09001936 0.2348336 0.9667316 0.07240684 0.1722113 0.9823872 0.07240684 0.1722113 0.9823872 -0.4109589 0.5459883 0.729941 0.09001936 0.2348336 0.9667316 -0.1839531 0.5812133 0.7925633 -0.4109589 0.5459883 0.729941 -0.5929548 0.8043052 -2.03134E-07 -0.1839531 0.5812133 0.7925633 -0.003913834 0.9999998 -2.088494E-07 -0.4109586 0.5459881 -0.7299412 -0.4050878 0.551859 -0.7279843 0.07240725 0.1722112 -0.9823873 0.09393366 0.2152641 -0.9726025 0.07240725 0.1722112 -0.9823873 0.09393366 0.2152641 -0.9726025 0.6477494 -0.1761254 -0.7416826 0.6692759 -0.1409003 -0.7299411 0.6477494 -0.1761254 -0.7416826 0.6692759 -0.1409003 -0.7299411 0.9452052 -0.3268103 1.245165E-07 0.953033 -0.303327 1.200841E-07 0.953033 -0.303327 1.200841E-07 0.6692756 -0.1409003 0.7299412 0.9452052 -0.3268103 1.245165E-07 0.6477491 -0.1761253 0.7416829 0.6692756 -0.1409003 0.7299412 0.09393325 0.2152642 0.9726024 0.6477491 -0.1761253 0.7416829 0.07240684 0.1722113 0.9823872 0.09393325 0.2152642 0.9726024 -0.4050881 0.5518591 0.7279841 0.07240684 0.1722113 0.9823872 -0.4109589 0.5459883 0.729941 -0.4050881 0.5518591 0.7279841 -0.657534 0.7534246 -1.963687E-07 -0.4109589 0.5459883 0.729941 -0.5929548 0.8043052 -2.03134E-07 -0.5929548 0.8043052 -2.03134E-07 -0.657534 0.7534246 -1.963687E-07 -0.4109586 0.5459881 -0.7299412 -0.4050878 0.551859 -0.7279843 0.09393366 0.2152641 -0.9726025 -0.4050878 0.551859 -0.7279843 0.4872798 0.8727981 -1.530357E-07 -0.657534 0.7534246 -1.963687E-07 -0.3483367 -0.03718186 0.9354205 -0.6242662 0.04109605 0.7808217 -0.2015657 0.37182 0.9060662 -0.6007828 0.1937379 0.7749508 -0.3483367 -0.03718186 0.9354205 -0.5244619 -0.2622307 0.810176 -0.6242662 0.04109605 0.7808217 -0.7573385 -0.01956927 0.6536201 0.8669275 -0.003914104 -0.4970644 0.5342466 0.2250487 -0.8140898 0.5322897 -0.2759297 -0.8003911 0.1037184 0.3522503 -0.9295497 0.7299412 0.2798432 -0.624266 0.7318982 0.2857141 -0.6183952 0.774951 0.360078 -0.5205478 0.6849315 0.213307 -0.696673 -0.9784734 -0.04892345 0.1996085 -0.9295497 0.08610587 0.3581212 -0.9295497 0.08806282 0.3600781 -0.8003913 0.2583172 0.5401172 0.8297455 0.1819958 -0.5264187 0.4677104 0.6477491 -0.6007828 0.9041094 0.2407042 -0.3542073 0.5127202 0.1017611 -0.8532287 0.8023483 0.04305262 -0.5968687 0.9060664 0.0802346 -0.4129157 0.9980428 0.07240682 -0.001956902 0.9980428 0.04892346 0.007827836 0.9001956 0.06066513 -0.4324852 0.919765 0.2778862 -0.2759295 -0.5753425 0.3091978 0.7553813 0.05870823 -0.8003911 0.5968689 -0.6066537 -0.1135027 0.7866925 -0.4970646 0.2896283 0.8180037 -0.518591 -0.1624264 0.8395302 0.06262209 0.05479455 0.9960859 0.176125 0.08414873 0.9804303 0.03522484 0.08023486 0.9960859 0.2407043 0.1565557 0.9589038 0.3405086 0.08414868 0.9354205 -0.02935398 0.2994128 -0.9530331 0.001957147 -0.1154599 -0.9941289 -0.04109566 0.2896281 -0.956947 -0.1428569 -0.2074364 -0.9686885 -0.1956945 0.219178 -0.95499 -0.7690799 0.1037183 -0.6301368 -0.8277884 0.1682976 -0.5342466 -0.7064576 0.06457935 -0.7045009 -0.913894 0.05479467 -0.4011741 -0.6810173 0.1115461 -0.7240703 -0.9119371 0.08219193 -0.4011742 0.2113505 0.2485321 -0.9452053 0.1467712 -0.1585128 -0.9765163 0.1056753 0.2681016 -0.956947 0.009784934 -0.111546 -0.9941289 -0.00782757 0.291585 -0.956947 2.153815E-07 0.1545987 -0.9882581 2.151482E-07 0.1506848 -0.9882581 0.3542075 0.1487278 -0.9236789 0.667319 0.1213305 -0.7358119 0.6908023 0.1154597 -0.7123286 0.667319 0.1213305 -0.7358119 0.9060664 0.0802346 -0.4129157 0.9041095 0.09980407 -0.4129157 0.6418787 0.1076319 -0.7592953 0.8923678 0.06457902 -0.4461838 0.667319 0.1213305 -0.7358119 -0.6810173 0.1115461 -0.7240703 -0.6673186 0.1213308 -0.735812 -0.3620349 0.1409002 -0.9217219 2.151482E-07 0.1506848 -0.9882581 2.153815E-07 0.1545987 -0.9882581 0.667319 0.1213305 -0.7358119 2.151482E-07 0.1506848 -0.9882581 0.6418787 0.1076319 -0.7592953 2.153231E-07 0.1604696 -0.9863012 0.6262231 0.08219158 -0.7749509 -0.847358 0.03131135 0.5303325 -0.6144814 0.09197666 0.7827786 -0.7573385 -0.01956927 0.6536201 -0.5714287 0.08219193 0.8160467 -0.6242662 0.04109605 0.7808217 0.5636005 0.04109581 0.8238747 0.5401171 0.08610559 0.8375733 0.6849312 0.01565547 0.7279842 0.6262227 0.08219167 0.774951 0.8669273 -0.003914044 0.4970645 0.5342466 0.2250487 -0.8140898 0.5009785 0.1741681 -0.8473579 0.7123288 0.06066516 -0.6986299 0.412916 0.1076319 -0.9041094 0.7181996 -0.04305302 -0.694716 -0.7240701 -0.06849302 -0.6868883 -0.4148725 0.08806264 -0.9060663 -0.7514674 -0.01565546 -0.6594911 -0.4794517 0.1800392 -0.8590997 -0.5929547 0.2152642 -0.774951 -0.06066513 0.1937377 -0.9784734 0.3913895 0.5792561 -0.7142857 -0.09001933 0.2348336 -0.9667317 0.553816 0.8317022 -1.404966E-07 -0.003913834 0.9999998 -2.088494E-07 -0.003913834 0.9999998 -2.088494E-07 -0.5929548 0.8043052 -2.03134E-07 0.09001976 0.2348335 -0.9667317 -0.4109586 0.5459881 -0.7299412 0.07240725 0.1722112 -0.9823873 -0.9980428 0.04500998 0.005870771 -0.9980428 0.07240724 -0.001957021 -0.9119371 0.08219193 -0.4011742 -0.913894 0.05479467 -0.4011741 -0.9315066 0.2465755 -0.2681018 -0.9119372 0.08414892 0.399217 -0.9138941 0.09784755 0.3933462 -0.9980428 0.07240724 -0.001957021 -0.9960859 0.09001976 -7.815091E-08 -0.9158511 0.07632114 0.3953032 -0.9980428 0.06457945 -7.296029E-08 -0.847358 0.03131135 0.5303325 -0.7573385 -0.01956927 0.6536201 -0.9960859 -0.09393323 -3.977534E-08 -0.9980428 0.06457945 -7.296029E-08 -1.985265E-07 0.1350294 0.990215 0.01565538 0.1526419 0.988258 -0.3561645 0.1272017 0.9256358 -0.3502936 0.1448142 0.9256357 -0.3268103 0.1487281 0.9334635 -0.5636008 0.2837574 0.7749508 -0.3072407 0.8532289 0.4227003 -0.3679062 0.3091978 0.876712 0.2563599 0.7162425 0.6497061 -0.5636008 0.2837574 0.7749508 -0.7906066 0.2054796 0.5792561 -0.7064577 0.7045009 -0.05675164 0.6046966 0.7925633 0.08610553 0.221135 0.915851 0.3346377 0.6399215 0.7240701 0.2563599 0.3209392 0.8140898 0.4833657 -0.1624267 0.7945205 0.5831699 -0.01369873 0.7299412 0.6829742 0.3209392 0.8140898 0.4833657 5.960466E-08 0.9999998 -2.086162E-07 5.960466E-08 0.9999998 -2.086162E-07 5.960466E-08 0.9999998 -2.086162E-07 5.960466E-08 0.9999998 -2.086162E-07 5.960466E-08 0.9999998 -2.086162E-07 5.960466E-08 0.9999998 -2.086162E-07 5.960466E-08 0.9999998 -2.086162E-07 5.960466E-08 0.9999998 -2.086162E-07 5.960466E-08 0.9999998 -2.086162E-07 5.960466E-08 0.9999998 -2.086162E-07 5.960466E-08 0.9999998 -2.086162E-07 5.960466E-08 0.9999998 -2.086162E-07 5.960466E-08 0.9999998 -2.086162E-07 5.960466E-08 0.9999998 -2.086162E-07 5.960466E-08 0.9999998 -2.086162E-07 5.960466E-08 0.9999998 -2.086162E-07 5.960466E-08 0.9999998 -2.086162E-07 5.960466E-08 0.9999998 -2.086162E-07 5.960466E-08 0.9999998 -2.086162E-07 5.960466E-08 0.9999998 -2.086162E-07 5.960466E-08 0.9999998 -2.086162E-07 5.960466E-08 0.9999998 -2.086162E-07 -5.960466E-08 -0.9999998 2.086162E-07 -5.960466E-08 -0.9999998 2.086162E-07 -5.960466E-08 -0.9999998 2.086162E-07 -5.960466E-08 -0.9999998 2.086162E-07 -5.960466E-08 -0.9999998 2.086162E-07 -5.960466E-08 -0.9999998 2.086162E-07 -5.960466E-08 -0.9999998 2.086162E-07 -5.960466E-08 -0.9999998 2.086162E-07 -5.960466E-08 -0.9999998 2.086162E-07 -5.960466E-08 -0.9999998 2.086162E-07 -5.960466E-08 -0.9999998 2.086162E-07 -5.960466E-08 -0.9999998 2.086162E-07 -5.960466E-08 -0.9999998 2.086162E-07 -5.960466E-08 -0.9999998 2.086162E-07 -5.960466E-08 -0.9999998 2.086162E-07 -5.960466E-08 -0.9999998 2.086162E-07 -5.960466E-08 -0.9999998 2.086162E-07 -5.960466E-08 -0.9999998 2.086162E-07 -5.960466E-08 -0.9999998 2.086162E-07 -5.960466E-08 -0.9999998 2.086162E-07 -5.960466E-08 -0.9999998 2.086162E-07</float_array>
          <technique_common>
            <accessor source="#TrunkBottom__mPltTreeOakTrunk-normal-array" count="1783" stride="3">
              <param name="X" type="float" />
              <param name="Y" type="float" />
              <param name="Z" type="float" />
            </accessor>
          </technique_common>
        </source>
        <source id="TrunkBottom__mPltTreeOakTrunk-color">
          <float_array id="TrunkBottom__mPltTreeOakTrunk-color-array" count="7132">1 1 1 1 1 1 1 1 1 1 1 1 1 1 1 1 1 1 1 1 1 1 1 1 1 1 1 1 1 1 1 1 1 1 1 1 1 1 1 1 1 1 1 1 1 1 1 1 1 1 1 1 1 1 1 1 1 1 1 1 1 1 1 1 1 1 1 1 1 1 1 1 1 1 1 1 1 1 1 1 1 1 1 1 1 1 1 1 1 1 1 1 1 1 1 1 1 1 1 1 1 1 1 1 1 1 1 1 1 1 1 1 1 1 1 1 1 1 1 1 1 1 1 1 1 1 1 1 1 1 1 1 1 1 1 1 1 1 1 1 1 1 1 1 1 1 1 1 1 1 1 1 1 1 1 1 1 1 1 1 1 1 1 1 1 1 1 1 1 1 1 1 1 1 1 1 1 1 1 1 1 1 1 1 1 1 1 1 1 1 1 1 1 1 1 1 1 1 1 1 1 1 1 1 1 1 1 1 1 1 1 1 1 1 1 1 1 1 1 1 1 1 1 1 1 1 1 1 1 1 1 1 1 1 1 1 1 1 1 1 1 1 1 1 1 1 1 1 1 1 1 1 1 1 1 1 1 1 1 1 1 1 1 1 1 1 1 1 1 1 1 1 1 1 1 1 1 1 1 1 1 1 1 1 1 1 1 1 1 1 1 1 1 1 1 1 1 1 1 1 1 1 1 1 1 1 1 1 1 1 1 1 1 1 1 1 1 1 1 1 1 1 1 1 1 1 1 1 1 1 1 1 1 1 1 1 1 1 1 1 1 1 1 1 1 1 1 1 1 1 1 1 1 1 1 1 1 1 1 1 1 1 1 1 1 1 1 1 1 1 1 1 1 1 1 1 1 1 1 1 1 1 1 1 1 1 1 1 1 1 1 1 1 1 1 1 1 1 1 1 1 1 1 1 1 1 1 1 1 1 1 1 1 1 1 1 1 1 1 1 1 1 1 1 1 1 1 1 1 1 1 1 1 1 1 1 1 1 1 1 1 1 1 1 1 1 1 1 1 1 1 1 1 1 1 1 1 1 1 1 1 1 1 1 1 1 1 1 1 1 1 1 1 1 1 1 1 1 1 1 1 1 1 1 1 1 1 1 1 1 1 1 1 1 1 1 1 1 1 1 1 1 1 1 1 1 1 1 1 1 1 1 1 1 1 1 1 1 1 1 1 1 1 1 1 1 1 1 1 1 1 1 1 1 1 1 1 1 1 1 1 1 1 1 1 1 1 1 1 1 1 1 1 1 1 1 1 1 1 1 1 1 1 1 1 1 1 1 1 1 1 1 1 1 1 1 1 1 1 1 1 1 1 1 1 1 1 1 1 1 1 1 1 1 1 1 1 1 1 1 1 1 1 1 1 1 1 1 1 1 1 1 1 1 1 1 1 1 1 1 1 1 1 1 1 1 1 1 1 1 1 1 1 1 1 1 1 1 1 1 1 1 1 1 1 1 1 1 1 1 1 1 1 1 1 1 1 1 1 1 1 1 1 1 1 1 1 1 1 1 1 1 1 1 1 1 1 1 1 1 1 1 1 1 1 1 1 1 1 1 1 1 1 1 1 1 1 1 1 1 1 1 1 1 1 1 1 1 1 1 1 1 1 1 1 1 1 1 1 1 1 1 1 1 1 1 1 1 1 1 1 1 1 1 1 1 1 1 1 1 1 1 1 1 1 1 1 1 1 1 1 1 1 1 1 1 1 1 1 1 1 1 1 1 1 1 1 1 1 1 1 1 1 1 1 1 1 1 1 1 1 1 1 1 1 1 1 1 1 1 1 1 1 1 1 1 1 1 1 1 1 1 1 1 1 1 1 1 1 1 1 1 1 1 1 1 1 1 1 1 1 1 1 1 1 1 1 1 1 1 1 1 1 1 1 1 1 1 1 1 1 1 1 1 1 1 1 1 1 1 1 1 1 1 1 1 1 1 1 1 1 1 1 1 1 1 1 1 1 1 1 1 1 1 1 1 1 1 1 1 1 1 1 1 1 1 1 1 1 1 1 1 1 1 1 1 1 1 1 1 1 1 1 1 1 1 1 1 1 1 1 1 1 1 1 1 1 1 1 1 1 1 1 1 1 1 1 1 1 1 1 1 1 1 1 1 1 1 1 1 1 1 1 1 1 1 1 1 1 1 1 1 1 1 1 1 1 1 1 1 1 1 1 1 1 1 1 1 1 1 1 1 1 1 1 1 1 1 1 1 1 1 1 1 1 1 1 1 1 1 1 1 1 1 1 1 1 1 1 1 1 1 1 1 1 1 1 1 1 1 1 1 1 1 1 1 1 1 1 1 1 1 1 1 1 1 1 1 1 1 1 1 1 1 1 1 1 1 1 1 1 1 1 1 1 1 1 1 1 1 1 1 1 1 1 1 1 1 1 1 1 1 1 1 1 1 1 1 1 1 1 1 1 1 1 1 1 1 1 1 1 1 1 1 1 1 1 1 1 1 1 1 1 1 1 1 1 1 1 1 1 1 1 1 1 1 1 1 1 1 1 1 1 1 1 1 1 1 1 1 1 1 1 1 1 1 1 1 1 1 1 1 1 1 1 1 1 1 1 1 1 1 1 1 1 1 1 1 1 1 1 1 1 1 1 1 1 1 1 1 1 1 1 1 1 1 1 1 1 1 1 1 1 1 1 1 1 1 1 1 1 1 1 1 1 1 1 1 1 1 1 1 1 1 1 1 1 1 1 1 1 1 1 1 1 1 1 1 1 1 1 1 1 1 1 1 1 1 1 1 1 1 1 1 1 1 1 1 1 1 1 1 1 1 1 1 1 1 1 1 1 1 1 1 1 1 1 1 1 1 1 1 1 1 1 1 1 1 1 1 1 1 1 1 1 1 1 1 1 1 1 1 1 1 1 1 1 1 1 1 1 1 1 1 1 1 1 1 1 1 1 1 1 1 1 1 1 1 1 1 1 1 1 1 1 1 1 1 1 1 1 1 1 1 1 1 1 1 1 1 1 1 1 1 1 1 1 1 1 1 1 1 1 1 1 1 1 1 1 1 1 1 1 1 1 1 1 1 1 1 1 1 1 1 1 1 1 1 1 1 1 1 1 1 1 1 1 1 1 1 1 1 1 1 1 1 1 1 1 1 1 1 1 1 1 1 1 1 1 1 1 1 1 1 1 1 1 1 1 1 1 1 1 1 1 1 1 1 1 1 1 1 1 1 1 1 1 1 1 1 1 1 1 1 1 1 1 1 1 1 1 1 1 1 1 1 1 1 1 1 1 1 1 1 1 1 1 1 1 1 1 1 1 1 1 1 1 1 1 1 1 1 1 1 1 1 1 1 1 1 1 1 1 1 1 1 1 1 1 1 1 1 1 1 1 1 1 1 1 1 1 1 1 1 1 1 1 1 1 1 1 1 1 1 1 1 1 1 1 1 1 1 1 1 1 1 1 1 1 1 1 1 1 1 1 1 1 1 1 1 1 1 1 1 1 1 1 1 1 1 1 1 1 1 1 1 1 1 1 1 1 1 1 1 1 1 1 1 1 1 1 1 1 1 1 1 1 1 1 1 1 1 1 1 1 1 1 1 1 1 1 1 1 1 1 1 1 1 1 1 1 1 1 1 1 1 1 1 1 1 1 1 1 1 1 1 1 1 1 1 1 1 1 1 1 1 1 1 1 1 1 1 1 1 1 1 1 1 1 1 1 1 1 1 1 1 1 1 1 1 1 1 1 1 1 1 1 1 1 1 1 1 1 1 1 1 1 1 1 1 1 1 1 1 1 1 1 1 1 1 1 1 1 1 1 1 1 1 1 1 1 1 1 1 1 1 1 1 1 1 1 1 1 1 1 1 1 1 1 1 1 1 1 1 1 1 1 1 1 1 1 1 1 1 1 1 1 1 1 1 1 1 1 1 1 1 1 1 1 1 1 1 1 1 1 1 1 1 1 1 1 1 1 1 1 1 1 1 1 1 1 1 1 1 1 1 1 1 1 1 1 1 1 1 1 1 1 1 1 1 1 1 1 1 1 1 1 1 1 1 1 1 1 1 1 1 1 1 1 1 1 1 1 1 1 1 1 1 1 1 1 1 1 1 1 1 1 1 1 1 1 1 1 1 1 1 1 1 1 1 1 1 1 1 1 1 1 1 1 1 1 1 1 1 1 1 1 1 1 1 1 1 1 1 1 1 1 1 1 1 1 1 1 1 1 1 1 1 1 1 1 1 1 1 1 1 1 1 1 1 1 1 1 1 1 1 1 1 1 1 1 1 1 1 1 1 1 1 1 1 1 1 1 1 1 1 1 1 1 1 1 1 1 1 1 1 1 1 1 1 1 1 1 1 1 1 1 1 1 1 1 1 1 1 1 1 1 1 1 1 1 1 1 1 1 1 1 1 1 1 1 1 1 1 1 1 1 1 1 1 1 1 1 1 1 1 1 1 1 1 1 1 1 1 1 1 1 1 1 1 1 1 1 1 1 1 1 1 1 1 1 1 1 1 1 1 1 1 1 1 1 1 1 1 1 1 1 1 1 1 1 1 1 1 1 1 1 1 1 1 1 1 1 1 1 1 1 1 1 1 1 1 1 1 1 1 1 1 1 1 1 1 1 1 1 1 1 1 1 1 1 1 1 1 1 1 1 1 1 1 1 1 1 1 1 1 1 1 1 1 1 1 1 1 1 1 1 1 1 1 1 1 1 1 1 1 1 1 1 1 1 1 1 1 1 1 1 1 1 1 1 1 1 1 1 1 1 1 1 1 1 1 1 1 1 1 1 1 1 1 1 1 1 1 1 1 1 1 1 1 1 1 1 1 1 1 1 1 1 1 1 1 1 1 1 1 1 1 1 1 1 1 1 1 1 1 1 1 1 1 1 1 1 1 1 1 1 1 1 1 1 1 1 1 1 1 1 1 1 1 1 1 1 1 1 1 1 1 1 1 1 1 1 1 1 1 1 1 1 1 1 1 1 1 1 1 1 1 1 1 1 1 1 1 1 1 1 1 1 1 1 1 1 1 1 1 1 1 1 1 1 1 1 1 1 1 1 1 1 1 1 1 1 1 1 1 1 1 1 1 1 1 1 1 1 1 1 1 1 1 1 1 1 1 1 1 1 1 1 1 1 1 1 1 1 1 1 1 1 1 1 1 1 1 1 1 1 1 1 1 1 1 1 1 1 1 1 1 1 1 1 1 1 1 1 1 1 1 1 1 1 1 1 1 1 1 1 1 1 1 1 1 1 1 1 1 1 1 1 1 1 1 1 1 1 1 1 1 1 1 1 1 1 1 1 1 1 1 1 1 1 1 1 1 1 1 1 1 1 1 1 1 1 1 1 1 1 1 1 1 1 1 1 1 1 1 1 1 1 1 1 1 1 1 1 1 1 1 1 1 1 1 1 1 1 1 1 1 1 1 1 1 1 1 1 1 1 1 1 1 1 1 1 1 1 1 1 1 1 1 1 1 1 1 1 1 1 1 1 1 1 1 1 1 1 1 1 1 1 1 1 1 1 1 1 1 1 1 1 1 1 1 1 1 1 1 1 1 1 1 1 1 1 1 1 1 1 1 1 1 1 1 1 1 1 1 1 1 1 1 1 1 1 1 1 1 1 1 1 1 1 1 1 1 1 1 1 1 1 1 1 1 1 1 1 1 1 1 1 1 1 1 1 1 1 1 1 1 1 1 1 1 1 1 1 1 1 1 1 1 1 1 1 1 1 1 1 1 1 1 1 1 1 1 1 1 1 1 1 1 1 1 1 1 1 1 1 1 1 1 1 1 1 1 1 1 1 1 1 1 1 1 1 1 1 1 1 1 1 1 1 1 1 1 1 1 1 1 1 1 1 1 1 1 1 1 1 1 1 1 1 1 1 1 1 1 1 1 1 1 1 1 1 1 1 1 1 1 1 1 1 1 1 1 1 1 1 1 1 1 1 1 1 1 1 1 1 1 1 1 1 1 1 1 1 1 1 1 1 1 1 1 1 1 1 1 1 1 1 1 1 1 1 1 1 1 1 1 1 1 1 1 1 1 1 1 1 1 1 1 1 1 1 1 1 1 1 1 1 1 1 1 1 1 1 1 1 1 1 1 1 1 1 1 1 1 1 1 1 1 1 1 1 1 1 1 1 1 1 1 1 1 1 1 1 1 1 1 1 1 1 1 1 1 1 1 1 1 1 1 1 1 1 1 1 1 1 1 1 1 1 1 1 1 1 1 1 1 1 1 1 1 1 1 1 1 1 1 1 1 1 1 1 1 1 1 1 1 1 1 1 1 1 1 1 1 1 1 1 1 1 1 1 1 1 1 1 1 1 1 1 1 1 1 1 1 1 1 1 1 1 1 1 1 1 1 1 1 1 1 1 1 1 1 1 1 1 1 1 1 1 1 1 1 1 1 1 1 1 1 1 1 1 1 1 1 1 1 1 1 1 1 1 1 1 1 1 1 1 1 1 1 1 1 1 1 1 1 1 1 1 1 1 1 1 1 1 1 1 1 1 1 1 1 1 1 1 1 1 1 1 1 1 1 1 1 1 1 1 1 1 1 1 1 1 1 1 1 1 1 1 1 1 1 1 1 1 1 1 1 1 1 1 1 1 1 1 1 1 1 1 1 1 1 1 1 1 1 1 1 1 1 1 1 1 1 1 1 1 1 1 1 1 1 1 1 1 1 1 1 1 1 1 1 1 1 1 1 1 1 1 1 1 1 1 1 1 1 1 1 1 1 1 1 1 1 1 1 1 1 1 1 1 1 1 1 1 1 1 1 1 1 1 1 1 1 1 1 1 1 1 1 1 1 1 1 1 1 1 1 1 1 1 1 1 1 1 1 1 1 1 1 1 1 1 1 1 1 1 1 1 1 1 1 1 1 1 1 1 1 1 1 1 1 1 1 1 1 1 1 1 1 1 1 1 1 1 1 1 1 1 1 1 1 1 1 1 1 1 1 1 1 1 1 1 1 1 1 1 1 1 1 1 1 1 1 1 1 1 1 1 1 1 1 1 1 1 1 1 1 1 1 1 1 1 1 1 1 1 1 1 1 1 1 1 1 1 1 1 1 1 1 1 1 1 1 1 1 1 1 1 1 1 1 1 1 1 1 1 1 1 1 1 1 1 1 1 1 1 1 1 1 1 1 1 1 1 1 1 1 1 1 1 1 1 1 1 1 1 1 1 1 1 1 1 1 1 1 1 1 1 1 1 1 1 1 1 1 1 1 1 1 1 1 1 1 1 1 1 1 1 1 1 1 1 1 1 1 1 1 1 1 1 1 1 1 1 1 1 1 1 1 1 1 1 1 1 1 1 1 1 1 1 1 1 1 1 1 1 1 1 1 1 1 1 1 1 1 1 1 1 1 1 1 1 1 1 1 1 1 1 1 1 1 1 1 1 1 1 1 1 1 1 1 1 1 1 1 1 1 1 1 1 1 1 1 1 1 1 1 1 1 1 1 1 1 1 1 1 1 1 1 1 1 1 1 1 1 1 1 1 1 1 1 1 1 1 1 1 1 1 1 1 1 1 1 1 1 1 1 1 1 1 1 1 1 1 1 1 1 1 1 1 1 1 1 1 1 1 1 1 1 1 1 1 1 1 1 1 1 1 1 1 1 1 1 1 1 1 1 1 1 1 1 1 1 1 1 1 1 1 1 1 1 1 1 1 1 1 1 1 1 1 1 1 1 1 1 1 1 1 1 1 1 1 1 1 1 1 1 1 1 1 1 1 1 1 1 1 1 1 1 1 1 1 1 1 1 1 1 1 1 1 1 1 1 1 1 1 1 1 1 1 1 1 1 1 1 1 1 1 1 1 1 1 1 1 1 1 1 1 1 1 1 1 1 1 1 1 1 1 1 1 1 1 1 1 1 1 1 1 1 1 1 1 1 1 1 1 1 1 1 1 1 1 1 1 1 1 1 1 1 1 1 1 1 1 1 1 1 1 1 1 1 1 1 1 1 1 1 1 1 1 1 1 1 1 1 1 1 1 1 1 1 1 1 1 1 1 1 1 1 1 1 1 1 1 1 1 1 1 1 1 1 1 1 1 1 1 1 1 1 1 1 1 1 1 1 1 1 1 1 1 1 1 1 1 1 1 1 1 1 1 1 1 1 1 1 1 1 1 1 1 1 1 1 1 1 1 1 1 1 1 1 1 1 1 1 1 1 1 1 1 1 1 1 1 1 1 1 1 1 1 1 1 1 1 1 1 1 1 1 1 1 1 1 1 1 1 1 1 1 1 1 1 1 1 1 1 1 1 1 1 1 1 1 1 1 1 1 1 1 1 1 1 1 1 1 1 1 1 1 1 1 1 1 1 1 1 1 1 1 1 1 1 1 1 1 1 1 1 1 1 1 1 1 1 1 1 1 1 1 1 1 1 1 1 1 1 1 1 1 1 1 1 1 1 1 1 1 1 1 1 1 1 1 1 1 1 1 1 1 1 1 1 1 1 1 1 1 1 1 1 1 1 1 1 1 1 1 1 1 1 1 1 1 1 1 1 1 1 1 1 1 1 1 1 1 1 1 1 1 1 1 1 1 1 1 1 1 1 1 1 1 1 1 1 1 1 1 1 1 1 1 1 1 1 1 1 1 1 1 1 1 1 1 1 1 1 1 1 1 1 1 1 1 1 1 1 1 1 1 1 1 1 1 1 1 1 1 1 1 1 1 1 1 1 1 1 1 1 1 1 1 1 1 1 1 1 1 1 1 1 1 1 1 1 1 1 1 1 1 1 1 1 1 1 1 1 1 1 1 1 1 1 1 1 1 1 1 1 1 1 1 1 1 1 1 1 1 1 1 1 1 1 1 1 1 1 1 1 1 1 1 1 1 1 1 1 1 1 1 1 1 1 1 1 1 1 1 1 1 1 1 1 1 1 1 1 1 1 1 1 1 1 1 1 1 1 1 1 1 1 1 1 1 1 1 1 1 1 1 1 1 1 1 1 1 1 1 1 1 1 1 1 1 1 1 1 1 1 1 1 1 1 1 1 1 1 1 1 1 1 1 1 1 1 1 1 1 1 1 1 1 1 1 1 1 1 1 1 1 1 1 1 1 1 1 1 1 1 1 1 1 1 1 1 1 1 1 1 1 1 1 1 1 1 1 1 1 1 1 1 1 1 1 1 1 1 1 1 1 1 1 1 1 1 1 1 1 1 1 1 1 1 1 1 1 1 1 1 1 1 1 1 1 1 1 1 1 1 1 1 1 1 1 1 1 1 1 1 1 1 1 1 1 1 1 1 1 1 1 1 1 1 1 1 1 1 1 1 1 1 1 1 1 1 1 1 1 1 1 1 1 1 1 1 1 1 1 1 1 1 1 1 1 1 1 1 1 1 1 1 1 1 1 1 1 1 1 1 1 1 1 1 1 1 1 1 1 1 1 1 1 1 1 1 1 1 1 1 1 1 1 1 1 1 1 1 1 1 1 1 1 1 1 1 1 1 1 1 1 1 1 1 1 1 1 1 1 1 1 1 1 1 1 1 1 1 1 1 1 1 1 1 1 1 1 1 1 1 1 1 1 1 1 1 1 1 1 1 1 1 1 1 1 1 1 1 1 1 1 1 1 1 1 1 1 1 1 1 1 1 1 1 1 1 1 1 1 1 1 1 1 1 1 1 1 1 1 1 1 1 1 1 1 1 1 1 1 1 1 1 1 1 1 1 1 1 1 1 1 1 1 1 1 1 1 1 1 1 1 1 1 1 1 1 1 1 1 1 1 1 1 1 1 1 1 1 1 1 1 1 1 1 1 1 1 1 1 1 1 1 1 1 1 1 1 1 1 1 1 1 1 1 1 1 1 1 1 1 1 1 1 1 1 1 1 1 1 1 1 1 1 1 1 1 1 1 1 1 1 1 1 1 1 1 1 1 1 1 1 1 1 1 1 1 1 1 1 1 1 1 1 1 1 1 1 1 1 1 1 1 1 1 1 1 1 1 1 1 1 1 1 1 1 1 1 1 1 1 1 1 1 1 1 1 1 1 1 1 1 1 1 1 1 1 1 1 1 1 1 1 1 1 1 1 1 1 1 1 1 1 1 1 1 1 1 1 1 1 1 1 1 1 1 1 1 1 1 1 1 1 1 1 1 1 1 1 1 1 1 1 1 1 1 1 1 1 1 1 1 1 1 1 1 1 1 1 1 1 1 1 1 1 1 1 1 1 1 1 1 1 1 1 1 1 1 1 1 1 1 1 1 1 1 1 1 1 1 1 1 1 1 1 1 1 1 1 1 1 1 1 1 1 1 1 1 1 1 1 1 1 1 1 1 1 1 1 1 1 1 1 1 1 1 1 1 1 1 1 1 1 1 1 1 1 1 1 1 1 1 1 1 1 1 1 1 1 1 1 1 1 1 1 1 1 1 1 1 1 1 1 1 1 1 1 1 1 1 1 1 1 1 1 1 1 1 1 1 1 1 1 1 1 1 1 1 1 1 1 1 1 1 1 1 1 1 1 1 1 1 1 1 1 1 1 1 1 1 1 1 1 1 1 1 1 1 1 1 1 1 1 1 1 1 1 1 1 1 1 1 1 1 1 1 1 1 1 1 1 1 1 1 1 1 1 1 1 1 1 1 1 1 1 1 1 1 1 1 1 1 1 1 1 1 1 1 1 1 1 1 1 1 1 1 1 1 1 1 1 1 1 1 1 1 1 1 1 1 1 1 1 1 1 1 1 1 1 1 1 1 1 1 1 1 1 1 1 1 1 1 1 1 1 1 1 1 1 1 1 1 1 1 1 1 1 1 1 1 1 1 1 1 1 1 1 1 1 1 1 1 1 1 1 1 1 1 1 1 1 1 1 1 1 1 1 1 1 1 1 1 1 1 1 1 1 1 1 1 1 1 1 1 1 1 1 1 1 1 1 1 1 1 1 1 1 1 1 1 1 1 1 1 1 1 1 1 1 1 1 1 1 1 1 1 1 1 1 1 1 1 1 1 1 1 1 1 1 1 1 1 1 1 1 1 1 1 1 1 1 1 1 1 1 1 1 1 1 1 1 1 1 1 1 1 1 1 1 1 1 1 1 1 1 1 1 1 1 1 1 1 1 1 1 1 1 1 1 1 1 1 1 1 1 1 1 1 1 1 1 1 1 1 1 1 1 1 1 1 1 1 1 1 1 1 1 1 1 1 1 1 1 1 1 1 1 1 1 1 1 1 1 1 1 1 1 1 1 1 1 1 1 1 1 1 1 1 1 1 1 1 1 1 1 1 1 1 1 1 1 1 1 1 1 1 1 1 1 1 1 1 1 1 1 1 1 1 1 1 1 1 1 1 1 1 1 1 1 1 1 1 1 1 1 1 1 1 1 1 1 1 1 1 1 1 1 1 1 1 1 1 1 1 1 1 1 1 1 1 1 1 1 1 1 1 1 1 1 1 1 1 1 1 1 1 1 1 1 1 1 1 1 1 1 1 1 1 1 1 1 1 1 1 1 1 1 1 1 1 1 1 1 1 1 1 1 1 1 1 1 1 1 1 1 1 1 1 1 1 1 1 1 1 1 1 1 1 1 1 1 1 1 1 1 1 1 1 1 1 1 1 1 1 1 1 1 1 1 1 1 1 1 1 1 1 1 1 1 1 1 1 1 1 1 1 1 1 1 1 1 1 1 1 1 1 1 1 1 1 1 1 1 1 1 1 1 1 1 1 1 1 1 1 1 1 1 1 1 1 1 1 1 1 1 1 1 1 1 1 1 1 1 1 1 1 1 1 1 1 1 1 1 1 1 1 1 1 1 1 1 1 1 1 1 1 1 1 1 1 1 1 1 1 1 1 1 1 1 1 1 1 1 1 1 1 1 1 1 1 1 1 1 1 1 1 1 1 1 1 1 1 1 1 1 1 1 1 1 1 1 1 1 1 1 1 1 1 1 1 1 1 1 1 1 1 1 1 1 1 1 1 1 1 1 1 1 1 1 1 1 1 1 1 1 1 1 1 1 1 1 1 1 1 1 1 1 1 1 1 1 1 1 1 1 1 1 1 1 1 1 1 1 1 1 1 1 1 1 1 1 1 1 1 1 1 1 1 1 1 1 1 1 1 1 1 1 1 1 1 1 1 1 1 1 1 1 1 1 1 1 1 1 1 1 1 1 1 1 1 1 1 1 1 1 1 1 1 1 1 1 1 1 1 1 1 1 1 1 1 1 1 1 1 1 1 1 1 1 1 1 1 1 1 1 1 1 1 1 1 1 1 1 1 1 1 1 1 1 1 1 1 1 1 1 1 1 1 1 1 1 1 1 1 1 1 1 1 1 1 1 1 1 1 1 1 1 1 1 1 1 1 1 1 1 1 1 1 1 1 1 1 1 1 1 1 1 1 1 1 1 1 1 1 1 1 1 1 1 1 1 1 1 1 1 1 1 1 1 1 1 1 1 1 1 1 1 1 1 1 1 1 1 1 1 1 1 1 1 1 1 1 1 1 1 1 1 1 1 1 1 1 1 1 1 1 1 1 1 1 1 1 1 1 1 1 1 1 1 1 1 1 1 1 1 1 1 1 1 1 1 1 1 1 1 1 1 1 1 1 1 1 1 1 1 1 1 1 1 1 1 1 1 1 1 1 1 1 1 1 1 1 1 1 1 1 1 1 1 1 1 1 1 1 1 1 1 1 1 1 1 1 1 1 1 1 1 1 1 1 1 1 1 1 1 1 1 1 1 1 1 1 1 1 1 1 1 1 1 1 1 1 1 1 1 1 1 1 1 1 1 1 1 1 1 1 1 1 1 1 1 1 1 1 1 1 1 1 1 1 1 1 1 1 1 1 1 1 1 1 1 1 1 1 1 1 1 1 1 1 1 1 1 1 1 1 1 1 1 1 1 1 1 1 1 1 1 1 1 1 1 1 1 1 1 1 1 1 1 1 1 1 1 1 1 1 1 1 1 1 1 1 1 1 1 1 1 1 1 1 1 1 1 1 1 1 1 1 1 1 1 1 1 1 1 1 1 1 1 1 1 1 1 1 1 1 1 1 1 1 1 1 1 1 1 1 1 1 1 1 1 1 1 1 1 1 1 1 1 1 1 1 1 1 1 1 1 1 1 1 1 1 1 1 1 1 1 1 1 1 1 1 1 1 1 1 1 1 1 1 1 1 1 1 1 1 1 1 1 1 1 1 1 1 1 1 1 1 1 1 1 1 1 1 1 1 1 1 1 1 1 1 1 1 1 1 1 1 1 1 1 1 1 1 1 1 1 1 1 1 1 1 1 1 1 1 1 1 1 1 1 1 1 1 1 1 1 1 1 1 1 1 1 1 1 1 1 1 1 1 1 1 1 1 1 1 1 1 1 1 1 1 1 1 1 1 1 1 1 1 1 1 1 1 1 1 1 1 1 1 1 1 1 1 1 1 1 1 1 1 1 1 1 1 1 1 1 1 1 1 1 1 1 1 1 1 1 1 1 1 1 1 1 1 1 1 1 1 1 1 1 1 1 1 1 1 1 1 1 1 1 1 1 1 1 1 1 1 1 1 1 1 1 1 1 1 1 1 1 1 1 1 1 1 1 1 1 1 1 1 1 1 1 1 1 1 1 1 1 1 1 1 1 1 1 1 1 1 1 1 1 1 1 1 1 1 1 1 1 1 1 1 1 1 1 1 1 1 1 1 1 1 1 1 1 1 1 1 1 1 1 1 1 1 1 1 1 1 1 1 1 1 1 1 1 1 1 1 1 1 1 1 1 1 1 1 1 1 1 1 1 1 1 1 1 1 1 1 1 1 1 1 1 1 1 1 1 1 1 1 1 1 1 1 1 1 1 1 1 1 1 1 1 1 1 1 1 1 1 1 1 1 1 1 1 1 1 1 1 1 1 1 1 1 1 1 1 1 1 1 1 1 1 1 1 1 1 1 1 1 1 1 1 1 1 1 1 1 1 1 1 1 1 1 1 1 1 1 1 1 1 1 1 1 1 1 1 1 1 1 1 1 1 1 1 1 1 1 1 1 1 1 1 1 1 1 1 1 1 1 1 1 1 1 1 1 1 1 1 1 1 1 1 1 1 1 1 1 1 1 1 1 1 1 1 1 1 1 1 1 1 1 1 1 1 1 1 1 1 1 1 1 1 1 1 1 1 1 1 1 1 1 1 1 1 1 1 1 1 1 1 1 1 1 1 1 1 1 1 1 1 1 1 1 1 1 1 1 1 1 1 1 1 1 1 1 1 1 1 1 1 1 1 1 1 1 1 1 1 1 1 1 1 1 1 1 1 1 1 1 1 1 1 1 1 1 1 1 1 1 1 1 1 1 1 1 1 1 1 1 1 1 1 1 1 1 1 1 1 1 1 1 1 1 1 1 1 1 1 1 1 1 1 1 1 1 1 1 1 1 1 1 1 1 1 1 1 1 1 1 1 1 1 1 1 1 1 1 1 1 1 1 1 1 1 1 1 1 1 1 1 1 1 1 1 1 1 1 1 1 1 1 1 1 1 1 1 1 1 1 1 1 1 1 1 1 1 1 1 1 1 1 1 1 1 1 1 1 1 1 1 1 1 1 1 1 1 1 1 1 1 1 1 1 1 1 1 1 1 1 1 1 1 1 0 0 0 1 0 0 0 1 0 0 0 1 0 0 0 1 0 0 0 1 0 0 0 1 0 0 0 1 0 0 0 1 1 1 1 1 1 1 1 1 1 1 1 1 1 1 1 1 1 1 1 1 1 1 1 1 1 1 1 1 1 1 1 1 1 1 1 1 1 1 1 1 1 1 1 1 1 1 1 1 1 1 1 1 1 1 1 1 1 1 1 1 1 1 1 1 1 1 1 1 1 1 1 1 1 1 1 1 1 1 1 1 1 1 1 1 1 1 1 1 1 1 1 1 1 1 1 1 1 1 1 1 1 1 1 1 1 1 1 1 1 1 1 1 1 1 1 1 1 1 1 1 1 1 1 1 1 1 1 1 1 1 1 1 1 1 1 1 1 1 1 1 1 1 1 1 1 1 1 1 1 1 1 1 1 1 1 1 1 1 1 1 1 1 1 1 1 1 1 1 1 1 1 1 1 1 1 1 1 1 1 1 1 1 1 1 1 1 1 1 1 1 1 1 1 1 1 1 1 1 1 1 1 1 1 1 1 1 1 1 1 1 1 1 1 1 1 1 1 1 1 1 1 1 1 1 1 1 1 1 1 1 1 1 1 1 1 1 1 1 1 1 1 1 1 1 1 1 1 1 1 1 1 1 1 1 1 1 1 1 1 1 1 1 1 1 1 1 1 1 1 1 1 1 1 1 1 1 1 1 1 1 1 1 1 1 1 1 1 1 1 1 1 1 1 1 1 1 1 1 1 1 1 1 1 1 1 1 1 1 1 1 1 1 1 1 1 1 1 1 1 1 1 1 1 1 1 1 1 1 1 1 1 1 1 1 1 1 1 1 1 1 1 1 1 1 1 1 1 1 1 1 1 1 1 1 1 1 1 1 1 1 1 1 1 1 1 1 1 1 1 1 1 1 1 1 1 1 1 1 1 1 1 1 1 1 1 1 1 1 1 1 1 1 1 1 1 1 1 1 1 1 1 1 1 1 1 1 1 1 1 1 1 1 1 1 1 1 1 1 1 1 1 1 1 1 1 1 1 1 1 1 1 1 1 1 1 1 1 1 1 1 1 1 1 1 1 1 1 1 1 1 1 1 1 1 1 1 1 1 1 1 1 1 1 1 1 1 1 1 1 1 1 1 1 1 1 1 1 1 1 1 1 1 1 1 1 1 1 1 1 1 1 1 1 1 1 1 1 1 1 1 1 1 1 1 1 1 1 1 1 1 1 1 1 1 1 1 1 1 1 1 1 1 1 1 1 1 1 1 1 1 1 1 1 1 1 1 1 1 1 1 1 1 1 1 1 1 1 1 1 1 1 1 1 1 1 1 1 1 1 1 1 1 1 1 1 1 1 1 1 1 1 1 1 1 1 1 1 1 1 1 1 1 1 1 1 1 1 1 1 1 1 1 1 1 1 1 1 1 1 1 1 1 1 1 1 1 1 1 1 1 1 1 1 1 1 1 1 1 1 1 1 1 1 1 1 1 1 1 1 1 1 1 1 1 1 1 1 1 1 1 1 1 1 1 1 1 1 1 1 1 1 1 1 1 1 1</float_array>
          <technique_common>
            <accessor source="#TrunkBottom__mPltTreeOakTrunk-color-array" count="1783" stride="4">
              <param name="R" type="float" />
              <param name="G" type="float" />
              <param name="B" type="float" />
              <param name="A" type="float" />
            </accessor>
          </technique_common>
        </source>
        <source id="TrunkBottom__mPltTreeOakTrunk-texcoord">
          <float_array id="TrunkBottom__mPltTreeOakTrunk-texcoord-array" count="3566">0.4176458 0.6885281 0.4224677 0.6876431 0.4209418 0.6986603 -0.02148503 0.6670736 -0.02481155 0.66274 -0.02481155 0.6525162 0.4347972 0.6621906 0.4306162 0.6671041 0.4347972 0.6519364 0.4308298 0.6715293 0.4265877 0.673574 0.4306162 0.6671041 0.4103519 0.7223121 0.4209418 0.6986603 0.4239326 0.7004303 0.4239326 0.7004303 0.4312266 0.7358012 0.4103519 0.7223121 0.4176458 0.6885281 0.4202093 0.6837367 0.4224677 0.6876431 0.1713309 0.708945 0.177984 0.6983246 0.1808832 0.7075716 0.1808832 0.7075716 0.177984 0.6983246 0.1921751 0.7011628 0.1921751 0.7011628 0.1932432 0.6886501 0.198645 0.6922208 0.198645 0.6922208 0.1932432 0.6886501 0.2063356 0.6838588 0.2032228 0.6793725 0.2063356 0.6838588 0.1932432 0.6886501 0.1247902 0.7070528 0.1282388 0.6983246 0.1345256 0.7087619 0.1156957 0.7036042 0.1282388 0.6983246 0.1247902 0.7070528 0.09979553 0.6893826 0.1123997 0.6914579 0.1086764 0.6966765 0.1123997 0.6914579 0.09979553 0.6893826 0.09988708 0.6829737 0.1660817 0.6640217 0.1816462 0.6708884 0.1701407 0.673452 0.1660817 0.6640217 0.1525315 0.6650593 0.1525315 0.6577349 0.1525315 0.6650593 0.1401715 0.6641743 0.1525315 0.6577349 0.1354411 0.6736656 0.1243629 0.6713767 0.1401715 0.6641743 0.1660817 0.6640217 0.1525315 0.6577349 0.1603748 0.6566973 0.1810663 0.6503494 0.1734977 0.6574297 0.1603748 0.6566973 0.1525315 0.6577349 0.1401715 0.6641743 0.145085 0.6563921 0.1095004 0.664571 0.121189 0.6642048 0.1243629 0.6713767 0.1603748 0.6566973 0.1525315 0.6577349 0.1525315 0.6472976 0.1603748 0.6566973 0.1525315 0.6472976 0.1810663 0.6503494 0.1525315 0.6472976 0.1525315 0.6577349 0.145085 0.6563921 0.1401715 0.6641743 0.1315348 0.6573076 0.145085 0.6563921 0.1304971 0.653035 0.1525315 0.6472976 0.145085 0.6563921 0.145085 0.6563921 0.1315348 0.6573076 0.1304971 0.653035 0.1525315 0.7097995 0.1341289 0.7355876 0.1345256 0.7087619 0.2063356 0.6838588 0.2059389 0.6934721 0.198645 0.6922208 0.1808832 0.7075716 0.1726127 0.7355876 0.1713309 0.708945 0.1029695 0.7251503 0.09949034 0.7100742 0.1247902 0.7070528 0.1086764 0.6966765 0.09994812 0.6987823 0.09979553 0.6893826 0.1713309 0.708945 0.1726127 0.7355876 0.1525315 0.7097995 0.1247902 0.7070528 0.09949034 0.7100742 0.1156957 0.7036042 0.1921751 0.7011628 0.177984 0.6983246 0.1932432 0.6886501 0.1816462 0.6708884 0.1660817 0.6640217 0.1841487 0.6639302 0.1894589 0.6555986 0.1841487 0.6639302 0.1734977 0.6574297 0.1816462 0.6708884 0.1841487 0.6639302 0.1963561 0.6624653 0.1160924 0.659505 0.121189 0.6642048 0.1095004 0.664571 0.1734977 0.6574297 0.1660817 0.6640217 0.1603748 0.6566973 0.1810663 0.6503494 0.1894589 0.6555986 0.1734977 0.6574297 0.1304971 0.653035 0.1315348 0.6573076 0.1160924 0.659505 0.1734977 0.6574297 0.1841487 0.6639302 0.1660817 0.6640217 0.1315348 0.6573076 0.121189 0.6642048 0.1160924 0.659505 0.1921751 0.7011628 0.204474 0.7083346 0.1808832 0.7075716 0.286813 0.7047334 0.2839442 0.6951506 0.2985321 0.7012238 0.2985321 0.7012238 0.2991729 0.6904203 0.3043306 0.699881 0.3043306 0.699881 0.2991729 0.6904203 0.3121433 0.6888332 0.3084506 0.6771141 0.3121433 0.6888332 0.2991729 0.6904203 0.2307199 0.7042146 0.2341685 0.6951506 0.2404859 0.7061983 0.2216254 0.7021394 0.2341685 0.6951506 0.2307199 0.7042146 0.2063356 0.6838588 0.2211676 0.6886196 0.2128666 0.6923734 0.272042 0.6642659 0.2876064 0.6699423 0.2760704 0.6724753 0.2900174 0.6597186 0.2876064 0.6699423 0.272042 0.6642659 0.2876064 0.6699423 0.2900174 0.6597186 0.2968535 0.6664632 0.272042 0.6642659 0.2584613 0.6653035 0.2584613 0.6579791 0.2900174 0.6597186 0.272042 0.6642659 0.2663045 0.6569414 0.2584613 0.6653035 0.2461013 0.6643879 0.2584613 0.6579791 0.2414014 0.672689 0.2322764 0.6709189 0.2461013 0.6643879 0.272042 0.6642659 0.2584613 0.6579791 0.2663045 0.6569414 0.2793054 0.6530045 0.2900174 0.6597186 0.2663045 0.6569414 0.2584613 0.6579791 0.2461013 0.6643879 0.2510147 0.6566362 0.2461013 0.6643879 0.2322764 0.6709189 0.2239448 0.6634419 0.2663045 0.6569414 0.2584613 0.6579791 0.2584613 0.6475418 0.2663045 0.6569414 0.2584613 0.6475418 0.2793054 0.6530045 0.2584613 0.6475418 0.2584613 0.6579791 0.2510147 0.6566362 0.2461013 0.6643879 0.2239448 0.6634419 0.2510147 0.6566362 0.2322764 0.6709189 0.2189398 0.6674093 0.2239448 0.6634419 0.2326426 0.6588031 0.2584613 0.6475418 0.2510147 0.6566362 0.2510147 0.6566362 0.2239448 0.6634419 0.2326426 0.6588031 0.2584613 0.707358 0.2400586 0.7355876 0.2404859 0.7061983 0.3121433 0.6888332 0.3117771 0.7019868 0.3043306 0.699881 0.286813 0.7047334 0.2785729 0.7355876 0.2772607 0.7069308 0.2128666 0.6923734 0.2059389 0.6934721 0.2063356 0.6838588 0.286813 0.7047334 0.3140355 0.7267983 0.2785729 0.7355876 0.2772607 0.7069308 0.2785729 0.7355876 0.2584613 0.707358 0.286813 0.7047334 0.3112888 0.7104404 0.3140355 0.7267983 0.2307199 0.7042146 0.204474 0.7083346 0.2216254 0.7021394 0.2985321 0.7012238 0.2839442 0.6951506 0.2991729 0.6904203 0.2985321 0.7012238 0.3112888 0.7104404 0.286813 0.7047334 0.06540117 0.7083956 0.0720542 0.6951506 0.07495346 0.7061983 0.07495346 0.7061983 0.0720542 0.6951506 0.08664205 0.7027192 0.08664205 0.7027192 0.08731346 0.6904203 0.09271523 0.6996673 0.09271523 0.6996673 0.08731346 0.6904203 0.09979553 0.6893826 0.09399701 0.6815394 0.09979553 0.6893826 0.08731346 0.6904203 0.01882992 0.7056795 0.02230903 0.6951506 0.02859584 0.7076632 -0.005890072 0.6888027 0.006469924 0.6900235 0.001800592 0.6990265 0.006469924 0.6900235 -0.005890072 0.6888027 -0.002838221 0.6837367 0.06015198 0.6668905 0.07571642 0.6725669 0.06421094 0.6751305 0.08066042 0.66274 0.07571642 0.6725669 0.06015198 0.6668905 0.07571642 0.6725669 0.08066042 0.66274 0.08633687 0.6692709 0.06015198 0.6668905 0.04660176 0.6679281 0.04660176 0.6606036 0.08066042 0.66274 0.06015198 0.6668905 0.05444502 0.659566 0.04660176 0.6679281 0.03424177 0.6670431 0.04660176 0.6606036 0.0295114 0.6753136 0.01843318 0.6730552 0.03424177 0.6670431 0.06015198 0.6668905 0.04660176 0.6606036 0.05444502 0.659566 0.06997894 0.6543474 0.08066042 0.66274 0.05444502 0.659566 0.04660176 0.6606036 0.03424177 0.6670431 0.03912473 0.6592609 0.03424177 0.6670431 0.01843318 0.6730552 0.01373333 0.6616413 0.05444502 0.659566 0.04660176 0.6606036 0.04660176 0.6501663 0.05444502 0.659566 0.04660176 0.6501663 0.06997894 0.6543474 0.04660176 0.6501663 0.04660176 0.6606036 0.03912473 0.6592609 0.03424177 0.6670431 0.01373333 0.6616413 0.03912473 0.6592609 0.01843318 0.6730552 0.007354961 0.6667074 0.01373333 0.6616413 0.0245674 0.6559038 0.04660176 0.6501663 0.03912473 0.6592609 0.03912473 0.6592609 0.01373333 0.6616413 0.0245674 0.6559038 0.04660176 0.7088534 0.04092532 0.7338481 0.02859584 0.7076632 0.09979553 0.6893826 0.09994812 0.6987823 0.09271523 0.6996673 0.07495346 0.7061983 0.07229835 0.7338481 0.06540117 0.7083956 0.07495346 0.7061983 0.1029695 0.7251503 0.07229835 0.7338481 0.06540117 0.7083956 0.07229835 0.7338481 0.04660176 0.7088534 0.07495346 0.7061983 0.09949034 0.7100742 0.1029695 0.7251503 0.08664205 0.7027192 0.0720542 0.6951506 0.08731346 0.6904203 0.08664205 0.7027192 0.09949034 0.7100742 0.07495346 0.7061983 0.3831904 0.7080294 0.389874 0.6968902 0.3927427 0.7066256 0.4105045 0.698172 0.4051027 0.6893521 0.4176458 0.6885281 0.413831 0.6819666 0.4176458 0.6885281 0.4051027 0.6893521 0.3366497 0.7061068 0.3401288 0.6968902 0.3464156 0.7078158 0.3275551 0.7036042 0.3401288 0.6968902 0.3366497 0.7061068 0.3121433 0.6888332 0.3242897 0.6900235 0.3206885 0.7010712 0.3242897 0.6900235 0.3121433 0.6888332 0.3170568 0.6812037 0.3779717 0.6668905 0.3935362 0.6725669 0.3820307 0.6751305 0.4073 0.6682943 0.3960082 0.6667989 0.3984802 0.6610309 0.3779717 0.6668905 0.364391 0.6679281 0.364391 0.6606036 0.364391 0.6679281 0.352031 0.6670431 0.364391 0.6606036 0.3473312 0.6753136 0.3376568 0.6730552 0.352031 0.6670431 0.3779717 0.6668905 0.364391 0.6606036 0.3722343 0.659566 0.3877987 0.6543474 0.3853572 0.6602985 0.3722343 0.659566 0.364391 0.6606036 0.352031 0.6670431 0.3569445 0.6592609 0.3293863 0.6639302 0.3364666 0.6665853 0.3376568 0.6730552 0.3722343 0.659566 0.364391 0.6606036 0.364391 0.6501663 0.3722343 0.659566 0.364391 0.6501663 0.3877987 0.6543474 0.364391 0.6501663 0.364391 0.6606036 0.3569445 0.6592609 0.352031 0.6670431 0.3434248 0.6601764 0.3569445 0.6592609 0.3423567 0.6559038 0.364391 0.6501663 0.3569445 0.6592609 0.3569445 0.6592609 0.3434248 0.6601764 0.3423567 0.6559038 0.364391 0.7088839 0.3489181 0.7338481 0.3464156 0.7078158 0.4209418 0.6986603 0.4105045 0.698172 0.4176458 0.6885281 0.3140355 0.7267983 0.3112888 0.7104404 0.3366497 0.7061068 0.3206885 0.7010712 0.3117771 0.7019868 0.3121433 0.6888332 0.3831904 0.7080294 0.376751 0.7338481 0.364391 0.7088839 0.3366497 0.7061068 0.3112888 0.7104404 0.3275551 0.7036042 0.3935362 0.6725669 0.3779717 0.6668905 0.3960082 0.6667989 0.3984802 0.6610309 0.3960082 0.6667989 0.3853572 0.6602985 0.3935362 0.6725669 0.3960082 0.6667989 0.4073 0.6682943 0.352031 0.6670431 0.3364666 0.6665853 0.3434248 0.6601764 0.3364666 0.6665853 0.352031 0.6670431 0.3376568 0.6730552 0.33314 0.6610919 0.3364666 0.6665853 0.3293863 0.6639302 0.3853572 0.6602985 0.3779717 0.6668905 0.3722343 0.659566 0.3877987 0.6543474 0.3984802 0.6610309 0.3853572 0.6602985 0.3423567 0.6559038 0.3434248 0.6601764 0.33314 0.6610919 0.3853572 0.6602985 0.3960082 0.6667989 0.3779717 0.6668905 0.3434248 0.6601764 0.3364666 0.6665853 0.33314 0.6610919 0.4347972 0.6621906 0.4347972 0.6685385 0.4306162 0.6671041 -0.02148503 0.6670736 -0.02481155 0.6690878 -0.02481155 0.66274 0.3552355 1.021821 0.3962218 1.032899 0.3948485 1.036988 0.3428755 1.048616 0.3458357 1.037996 0.3913389 1.044404 0.3458357 1.037996 0.3933836 1.042207 0.3913389 1.044404 0.3375042 0.91171 0.3581347 0.9367046 0.3213904 0.9226356 0.3581347 0.9367046 0.34785 0.9392682 0.3213904 0.9226356 0.3213904 0.9226356 0.34785 0.9392682 0.3153172 0.9426863 0.34785 0.9392682 0.3436689 0.9437544 0.3153172 0.9426863 0.3153172 0.9426863 0.3436689 0.9437544 0.3165075 0.9594714 0.3436689 0.9437544 0.3492538 0.9604175 0.3165075 0.9594714 0.3165075 0.9594714 0.3492538 0.9604175 0.3374737 0.9698477 0.3492538 0.9604175 0.3520005 0.9666128 0.3374737 0.9698477 0.3552355 1.021821 0.3600269 1.013214 0.3962218 1.032899 0.3600269 1.013214 0.3950621 1.028016 0.3962218 1.032899 0.3948485 1.036988 0.3962218 1.032899 0.4283883 1.042482 0.4283883 1.042482 0.3962218 1.032899 0.4290597 1.035981 0.3948485 1.036988 0.4283883 1.042482 0.3933836 1.042207 0.4283883 1.042482 0.4271676 1.047151 0.3933836 1.042207 0.3933836 1.042207 0.4271676 1.047151 0.3913389 1.044404 0.4271676 1.047151 0.4241462 1.049135 0.3913389 1.044404 0.3950621 1.028016 0.4290597 1.035981 0.3962218 1.032899 0.4398938 1.045228 0.43025 1.045961 0.4304331 1.040925 0.43025 1.045961 0.4398938 1.045228 0.4306772 1.047639 0.4306772 1.047639 0.4398938 1.045228 0.4301279 1.050386 0.4370556 1.033906 0.4398938 1.045228 0.435255 1.035646 0.435255 1.035646 0.4398938 1.045228 0.4333018 1.037599 0.4333018 1.037599 0.4398938 1.045228 0.4324473 1.039064 0.4324473 1.039064 0.4398938 1.045228 0.4304331 1.040925 0.3584399 0.9594714 0.369274 0.9617298 0.3374737 0.9698477 0.3374737 0.9698477 0.369274 0.9617298 0.3364971 0.9789117 0.3374737 0.9698477 0.3364971 0.9789117 0.3038118 0.9617298 0.3374737 0.9698477 0.3038118 0.9617298 0.3165075 0.9594714 0.3364971 0.8863491 0.3375042 0.91171 0.3156835 0.9082919 0.05798517 0.9989623 0.05533006 1.01767 0.04669332 0.9984435 0.07489242 0.9128391 0.08120976 0.9304483 0.05444502 0.9383526 0.05444502 0.9383526 0.0826136 0.9315165 0.05691702 0.9422284 0.0826136 0.9315165 0.09079257 0.9380779 0.05691702 0.9422284 0.05691702 0.9422284 0.09079257 0.9380779 0.05948057 0.9524827 0.09079257 0.9380779 0.08264413 0.9583728 0.05948057 0.9524827 0.05948057 0.9524827 0.08264413 0.9583728 0.06140324 0.9581591 0.08264413 0.9583728 0.07443465 0.9626759 0.06140324 0.9581591 0.06140324 0.9581591 0.07443465 0.9626759 0.06292917 0.9619434 0.01260414 0.9984435 0.01242103 1.01767 0.00347911 0.9984435 0.03372295 1.045351 0.03769036 1.045351 0.02603229 1.050356 0.1059297 0.8545183 0.1370891 0.8851283 0.1012604 0.8870815 0.1398969 0.8545183 0.1726127 0.8857387 0.1370891 0.8851283 0.3035371 0.886288 0.3156835 0.9082919 0.3035371 0.9081088 0.06625568 0.9583728 0.07443465 0.9626759 0.04724265 0.9621571 0.1361431 0.9380779 0.1361431 0.9616077 0.1089511 0.9419843 0.1089511 0.9419843 0.1361431 0.9616077 0.1016266 0.9621571 0.07443465 0.9626759 0.07443465 0.9751884 0.04724265 0.9621571 0.07443465 0.9626759 0.1016266 0.9621571 0.07443465 0.9751884 0.1016266 0.9621571 0.1361431 0.9616077 0.1071505 0.9751884 0.3038118 0.9617298 0.3364971 0.9789117 0.3035371 0.9751884 0.3035371 0.993408 0.2708212 0.9940184 0.2825404 1.004364 0.1361431 0.9940184 0.1068758 0.993408 0.1295206 1.004364 0.2708212 0.9940184 0.3035371 0.993408 0.2825404 1.004364 0.07113864 1.062716 0.07776117 1.051729 0.06915494 1.049989 0.07113864 1.062716 0.06915494 1.049989 0.06558428 1.049257 0.07113864 1.062716 0.06558428 1.049257 0.06915494 1.049989 0.07113864 1.062716 0.06915494 1.049989 0.07776117 1.051729 0.07113864 1.062716 0.07776117 1.051729 0.0863979 1.053468 0.07113864 1.062716 0.0863979 1.053468 0.09930723 1.05417 0.3277993 1.051546 0.3359478 1.06241 0.3364055 1.049532 0.3364055 1.049532 0.3359478 1.06241 0.3399457 1.048707 0.3399457 1.048707 0.3359478 1.06241 0.3364055 1.049532 0.3364055 1.049532 0.3359478 1.06241 0.3277993 1.051546 0.3277993 1.051546 0.3359478 1.06241 0.3192236 1.05356 0.3192236 1.05356 0.3359478 1.06241 0.3087558 1.054415 0.161626 1.011658 0.2053591 1.010224 0.2053591 1.023499 0.2053591 1.010224 0.2504654 1.011658 0.2053591 1.023499 0.07443465 0.9626759 0.08264413 0.9583728 0.1016266 0.9621571 0.07443465 0.8870815 0.09985656 0.9065218 0.07489242 0.9128391 0.3364971 0.9789117 0.369274 0.9617298 0.3689993 0.9751884 0.3035371 0.886288 0.3364971 0.8863491 0.3156835 0.9082919 0.07489242 0.9128391 0.09985656 0.9065218 0.0826136 0.9315165 0.3156835 0.9082919 0.3375042 0.91171 0.3213904 0.9226356 -0.009460738 0.6995453 -0.005890072 0.6888027 0.001800592 0.6990265 0.01882992 0.7056795 -0.009460738 0.6995453 0.01348918 0.7338481 -0.01281777 0.7014069 0.007293924 0.7348247 0.001129185 0.7358012 0.1963561 0.6624653 0.1841487 0.6639302 0.1894589 0.6555986 0.199469 0.6726584 0.1816462 0.6708884 0.1878109 0.6812647 0.1525315 0.7097995 0.1726127 0.7355876 0.1341289 0.7355876 0.1726127 0.7355876 0.1398969 0.7665639 0.1726127 0.7665639 0.2584613 0.707358 0.2785729 0.7355876 0.2400586 0.7355876 0.2720725 0.7665639 0.2400586 0.7355876 0.2380749 0.7665639 0.04669332 0.9984435 0.05533006 1.01767 0.04589984 1.01767 0.05536058 1.01767 0.03900266 1.039521 0.02557451 1.039521 0.04589984 1.01767 0.03900266 1.039521 0.03372295 1.045351 0.02557451 1.039521 0.02700888 1.045351 0.03372295 1.045351 0.02548296 1.050356 0.03900266 1.039521 0.05536058 1.01767 0.04687643 1.039521 0.04690695 1.039521 0.03372295 1.045351 0.03765984 1.045351 0.00347911 1.039521 0.01242103 1.01767 0.02557451 1.039521 0.00347911 1.039521 0.02645955 1.045351 0.01217689 1.045351 0.0253914 1.050356 0.02645955 1.045351 -0.007324442 1.045351 -0.003784295 1.045351 -0.01812799 1.050356 -0.003784295 1.045351 -0.01690725 1.039521 -0.009735405 1.039521 -0.003784295 1.045351 0.002288888 1.045351 -0.01812799 1.050356 0.002410962 1.039521 -0.003784295 1.045351 -0.009735405 1.039521 0.002288888 1.045351 -0.01251259 1.045351 -0.01812799 1.050356 -0.005676443 1.039521 0.002288888 1.045351 0.002410962 1.039521 -0.01251259 1.045351 -0.008362072 1.045351 -0.01812799 1.050356 0.00347911 1.039521 -0.01251259 1.045351 -0.005676443 1.039521 0.1059297 0.8229926 0.1398969 0.8229926 0.1059297 0.8545183 0.1398969 0.8229926 0.1059297 0.7665639 0.1398969 0.7665639 0.1398969 0.8229926 0.1726127 0.8229926 0.1398969 0.8545183 0.1726127 0.8229926 0.1398969 0.7665639 0.1726127 0.7665639 0.008972442 0.8545183 0.0417188 0.8545183 0.008972442 0.8870815 0.0417188 0.8229926 0.008972442 0.8545183 0.008972442 0.8229926 0.0417188 0.7665639 0.008972442 0.8229926 0.008972442 0.7665639 0.008972442 0.8870815 0.0417188 0.8545183 0.0417188 0.8870815 0.0417188 0.8870815 0.008972442 0.9600208 0.04724265 0.9621571 0.1726127 0.8545183 0.2053591 0.8870815 0.1726127 0.8857387 0.1726127 0.8545183 0.1398969 0.8545183 0.1726127 0.8229926 0.1361431 0.9380779 0.1726127 0.9616077 0.1361431 0.9616077 0.1361431 0.9616077 0.1711173 0.9981689 0.1361431 0.9940184 0.04724265 0.9621571 0.07443465 0.9751884 0.0417188 0.9751884 0.07443465 0.9902341 0.0417188 0.9751884 0.0417188 0.993408 0.07443465 0.9751884 0.1016266 0.9621571 0.1071505 0.9751884 0.1071505 0.9751884 0.07443465 0.9902341 0.1070284 0.993408 0.1070284 0.993408 0.1361431 0.9940184 0.1295206 1.004364 0.1071505 0.9751884 0.1361431 0.9940184 0.1361431 0.9616077 0.2708212 0.9616077 0.3038118 0.9617298 0.3035371 0.9751884 0.3038118 0.9401532 0.2708212 0.9616077 0.2708212 0.9380779 -0.02148503 0.6670736 -0.01745659 0.6721091 -0.02078311 0.6721091 -0.01232948 0.6881924 -0.01745659 0.6721091 -0.01281777 0.7014069 -0.009460738 0.6995453 0.2772607 0.7069308 0.2839442 0.6951506 0.286813 0.7047334 0.2584613 0.6969207 0.2839442 0.6951506 0.2584613 0.707358 0.0298471 1.01767 0.04589984 1.01767 0.02557451 1.039521 0.01260414 0.9984435 0.04669332 0.9984435 0.04589984 1.01767 0.3035371 0.9081088 0.3156835 0.9082919 0.3038118 0.9401532 0.3156835 0.9082919 0.3213904 0.9226356 0.3153172 0.9426863 -0.01132237 0.6721091 -0.009491256 0.6838588 -0.01745659 0.6721091 -0.01232948 0.6881924 0.4224677 0.6876431 0.4202093 0.6837367 0.4265877 0.673574 0.424604 0.6714072 -0.02481155 0.6741233 -0.02481155 0.6690878 -0.02078311 0.6721091 -0.02148503 0.6670736 -0.02481155 0.6525162 -0.01132237 0.6721091 -0.02148503 0.6670736 -0.01745659 0.6721091 0.4239326 0.7004303 0.4308298 0.6715293 0.4342479 0.7014374 0.4347972 0.6735435 0.4347972 0.6735435 0.4308298 0.6715293 0.4347972 0.6685385 0.4306162 0.6671041 0.4265877 0.673574 0.424604 0.6714072 0.4306162 0.6671041 0.4347972 0.6519364 -0.01281777 0.7014069 0.001129185 0.7358012 -0.02481155 0.7019868 -0.02481155 0.7358012 0.001129185 0.7358012 -0.02029481 0.7667165 -0.01608326 0.7667165 -0.009491256 0.6838588 -0.005890072 0.6888027 -0.01232948 0.6881924 -0.009460738 0.6995453 0.4312266 0.7358012 0.4239326 0.7004303 0.4342479 0.7014374 0.4342479 0.7358012 0.4329356 0.7679678 0.4312266 0.7358012 0.4299142 0.7679678 -0.01281777 0.7014069 -0.02481155 0.7019868 -0.02078311 0.6721091 -0.02481155 0.6741233 0.4103519 0.7223121 0.4017151 0.7665639 0.376751 0.7338481 0.3722343 0.7665639 0.4103519 0.7223121 0.4312266 0.7358012 0.4017151 0.7665639 0.4299142 0.7679678 0.007293924 0.7348247 -0.01297037 0.7667165 0.001129185 0.7358012 -0.01608326 0.7667165 0.1029695 0.7251503 0.1059297 0.7665639 0.07229835 0.7338481 0.07443465 0.7665639 0.1029695 0.7251503 0.1341289 0.7355876 0.1059297 0.7665639 0.1398969 0.7665639 0.2063662 0.7243263 0.2053591 0.7665639 0.1726127 0.7355876 0.1726127 0.7665639 0.2063662 0.7243263 0.2400586 0.7355876 0.2053591 0.7665639 0.2380749 0.7665639 0.3140355 0.7267983 0.3064364 0.7665639 0.2785729 0.7355876 0.2720725 0.7665639 0.3140355 0.7267983 0.3489181 0.7338481 0.3064364 0.7665639 0.3391827 0.7665639 0.177984 0.6983246 0.1525315 0.7001251 0.1743522 0.6878262 0.1525315 0.6902372 0.1932432 0.6886501 0.177984 0.6983246 0.1878109 0.6812647 0.1743522 0.6878262 0.1525315 0.6902372 0.1525315 0.7001251 0.1321757 0.6877651 0.1282388 0.6983246 0.199469 0.6726584 0.2032228 0.6793725 0.1878109 0.6812647 0.1932432 0.6886501 0.1525315 0.6902372 0.1525315 0.6749779 0.1743522 0.6878262 0.1701407 0.673452 0.1743522 0.6878262 0.1701407 0.673452 0.1878109 0.6812647 0.1816462 0.6708884 0.1086764 0.6966765 0.1123997 0.6914579 0.1156957 0.7036042 0.1282388 0.6983246 0.1525315 0.6902372 0.1321757 0.6877651 0.1525315 0.6749779 0.1354411 0.6736656 0.1321757 0.6877651 0.1282388 0.6983246 0.117832 0.6836146 0.1123997 0.6914579 0.1525315 0.6749779 0.1525315 0.6650593 0.1701407 0.673452 0.1660817 0.6640217 0.1525315 0.6749779 0.1354411 0.6736656 0.1525315 0.6650593 0.1401715 0.6641743 0.1321757 0.6877651 0.117832 0.6836146 0.1354411 0.6736656 0.1243629 0.6713767 0.1123997 0.6914579 0.09988708 0.6829737 0.117832 0.6836146 0.1039766 0.6764427 0.117832 0.6836146 0.1039766 0.6764427 0.1243629 0.6713767 0.1095004 0.664571 0.1247902 0.7070528 0.1345256 0.7087619 0.1029695 0.7251503 0.1341289 0.7355876 0.2059389 0.6934721 0.204474 0.7083346 0.198645 0.6922208 0.1921751 0.7011628 0.1726127 0.7355876 0.1808832 0.7075716 0.2063662 0.7243263 0.204474 0.7083346 0.09949034 0.7100742 0.09994812 0.6987823 0.1156957 0.7036042 0.1086764 0.6966765 0.1401715 0.6641743 0.121189 0.6642048 0.1315348 0.6573076 0.1243629 0.6713767 0.2341685 0.6951506 0.2584613 0.6969207 0.2404859 0.7061983 0.2584613 0.707358 0.2839442 0.6951506 0.2584613 0.6969207 0.280282 0.6864223 0.2584613 0.6879177 0.2991729 0.6904203 0.2839442 0.6951506 0.2937407 0.6794336 0.280282 0.6864223 0.2584613 0.6879177 0.2584613 0.6969207 0.2381359 0.6863918 0.2341685 0.6951506 0.3037507 0.6727805 0.3084506 0.6771141 0.2937407 0.6794336 0.2991729 0.6904203 0.2937407 0.6794336 0.280282 0.6864223 0.2876064 0.6699423 0.2760704 0.6724753 0.2128666 0.6923734 0.2211676 0.6886196 0.2216254 0.7021394 0.2341685 0.6951506 0.2381359 0.6863918 0.2341685 0.6951506 0.2265694 0.6812647 0.2211676 0.6886196 0.2968535 0.6664632 0.3037507 0.6727805 0.2876064 0.6699423 0.2937407 0.6794336 0.2584613 0.6740318 0.2584613 0.6653035 0.2760704 0.6724753 0.272042 0.6642659 0.2584613 0.6740318 0.2414014 0.672689 0.2584613 0.6653035 0.2461013 0.6643879 0.2414014 0.672689 0.2381359 0.6863918 0.2322764 0.6709189 0.2265694 0.6812647 0.2265694 0.6812647 0.2123173 0.678396 0.2322764 0.6709189 0.2189398 0.6674093 0.3112888 0.7104404 0.2985321 0.7012238 0.3117771 0.7019868 0.3043306 0.699881 0.204474 0.7083346 0.2059389 0.6934721 0.2216254 0.7021394 0.2128666 0.6923734 0.04660176 0.7088534 0.04660176 0.6969207 0.06540117 0.7083956 0.0720542 0.6951506 0.02230903 0.6951506 0.04660176 0.6969207 0.02859584 0.7076632 0.04660176 0.7088534 0.0720542 0.6951506 0.04660176 0.6969207 0.06839198 0.6864223 0.04660176 0.6879177 0.08731346 0.6904203 0.0720542 0.6951506 0.08188116 0.6826686 0.06839198 0.6864223 0.04660176 0.6879177 0.04660176 0.6969207 0.02624592 0.6863918 0.02230903 0.6951506 0.09045687 0.6770531 0.09399701 0.6815394 0.08188116 0.6826686 0.08731346 0.6904203 0.02230903 0.6951506 0.01882992 0.7056795 0.006469924 0.6900235 0.001800592 0.6990265 0.06839198 0.6864223 0.04660176 0.6879177 0.06421094 0.6751305 0.04660176 0.6766564 0.08188116 0.6826686 0.06839198 0.6864223 0.07571642 0.6725669 0.06421094 0.6751305 0.04660176 0.6766564 0.04660176 0.6879177 0.0295114 0.6753136 0.02624592 0.6863918 0.02624592 0.6863918 0.02230903 0.6951506 0.0118717 0.6828822 0.006469924 0.6900235 0.08633687 0.6692709 0.09045687 0.6770531 0.07571642 0.6725669 0.08188116 0.6826686 0.04660176 0.6766564 0.04660176 0.6679281 0.06421094 0.6751305 0.06015198 0.6668905 0.04660176 0.6766564 0.0295114 0.6753136 0.04660176 0.6679281 0.03424177 0.6670431 0.0295114 0.6753136 0.02624592 0.6863918 0.01843318 0.6730552 0.0118717 0.6828822 0.09949034 0.7100742 0.08664205 0.7027192 0.09994812 0.6987823 0.09271523 0.6996673 0.364391 0.7088839 0.364391 0.6986908 0.3831904 0.7080294 0.389874 0.6968902 0.4051027 0.6893521 0.4105045 0.698172 0.389874 0.6968902 0.3927427 0.7066256 0.3401288 0.6968902 0.364391 0.6986908 0.3464156 0.7078158 0.364391 0.7088839 0.389874 0.6968902 0.364391 0.6986908 0.3862117 0.6870937 0.364391 0.6895352 0.4051027 0.6893521 0.389874 0.6968902 0.3996704 0.6826686 0.3862117 0.6870937 0.364391 0.6895352 0.364391 0.6986908 0.3440657 0.6870632 0.3401288 0.6968902 0.364391 0.6895352 0.364391 0.6766564 0.3862117 0.6870937 0.3820307 0.6751305 0.3862117 0.6870937 0.3820307 0.6751305 0.3996704 0.6826686 0.3935362 0.6725669 0.3206885 0.7010712 0.3242897 0.6900235 0.3275551 0.7036042 0.3401288 0.6968902 0.364391 0.6895352 0.3440657 0.6870632 0.364391 0.6766564 0.3473312 0.6753136 0.3440657 0.6870632 0.3401288 0.6968902 0.3296915 0.6828822 0.3242897 0.6900235 0.364391 0.6766564 0.364391 0.6679281 0.3820307 0.6751305 0.3779717 0.6668905 0.364391 0.6766564 0.3473312 0.6753136 0.364391 0.6679281 0.352031 0.6670431 0.3440657 0.6870632 0.3296915 0.6828822 0.3473312 0.6753136 0.3376568 0.6730552 0.3242897 0.6900235 0.3170568 0.6812037 0.3296915 0.6828822 0.3211768 0.6748863 0.3296915 0.6828822 0.3211768 0.6748863 0.3376568 0.6730552 0.3293863 0.6639302 0.3140355 0.7267983 0.3366497 0.7061068 0.3489181 0.7338481 0.3464156 0.7078158 0.376751 0.7338481 0.3831904 0.7080294 0.4103519 0.7223121 0.3927427 0.7066256 0.3927427 0.7066256 0.4105045 0.698172 0.4103519 0.7223121 0.4209418 0.6986603 0.3112888 0.7104404 0.3117771 0.7019868 0.3275551 0.7036042 0.3206885 0.7010712 0.007293924 0.7348247 0.01348918 0.7338481 0.005829035 0.7665944 0.008972442 0.7665639 0.3458357 1.037996 0.3552355 1.021821 0.3933836 1.042207 0.3948485 1.036988 0.3978393 1.010804 0.4330882 1.020325 0.397412 1.01352 0.43202 1.024567 0.397412 1.01352 0.43202 1.024567 0.3967101 1.018189 0.4309519 1.02884 0.3967101 1.018189 0.4309519 1.02884 0.3962829 1.022706 0.4298837 1.033082 0.3962829 1.022706 0.4298837 1.033082 0.3950621 1.028016 0.4290597 1.035981 0.4304331 1.040925 0.43025 1.045961 0.4290597 1.035981 0.4283883 1.042482 0.43025 1.045961 0.4306772 1.047639 0.4283883 1.042482 0.4271676 1.047151 0.4306772 1.047639 0.4301279 1.050386 0.4271676 1.047151 0.4241462 1.049135 0.4330882 1.020325 0.4370556 1.033906 0.43202 1.024567 0.435255 1.035646 0.43202 1.024567 0.435255 1.035646 0.4309519 1.02884 0.4333018 1.037599 0.4309519 1.02884 0.4333018 1.037599 0.4298837 1.033082 0.4324473 1.039064 0.4298837 1.033082 0.4324473 1.039064 0.4290597 1.035981 0.4304331 1.040925 0.3522141 0.9168676 0.3375042 0.91171 0.3689993 0.886288 0.3364971 0.8863491 0.3165075 0.9594714 0.3038118 0.9617298 0.3153172 0.9426863 0.3038118 0.9401532 0.01260414 0.9984435 0.0298471 1.01767 0.01242103 1.01767 0.02557451 1.039521 0.00347911 0.9984435 0.01242103 1.01767 0.003448592 1.01767 0.00347911 1.039521 -0.02288888 1.005768 -0.009735405 1.039521 -0.02465896 1.01767 -0.01687674 1.039521 -0.02288888 1.005768 -0.00839259 1.005768 -0.009735405 1.039521 0.002410962 1.039521 -0.00839259 1.005768 -0.01498459 1.005768 0.002410962 1.039521 -0.005676443 1.039521 -0.01498459 1.005768 0.003448592 1.01767 -0.005676443 1.039521 0.00347911 1.039521 0.2380749 0.7665639 0.2720725 0.7665639 0.2380749 0.8229926 0.2708212 0.8229926 0.2380749 0.8229926 0.2380749 0.8545183 0.2708212 0.8545183 0.2380749 0.8545183 0.2380749 0.8870815 0.2708212 0.8870815 0.2708212 0.9380779 0.2380749 0.8870815 0.2380749 0.9616077 0.2708212 0.9616077 0.2395703 0.9981689 0.2708212 0.9616077 0.2708212 0.9940184 0.2720725 0.7665639 0.3064364 0.7665639 0.2708212 0.8229926 0.3035371 0.8229926 0.3035371 0.8545183 0.2708212 0.8545183 0.2708212 0.8229926 0.1059297 0.8545183 0.1398969 0.8229926 0.1398969 0.8545183 0.1370891 0.8851283 0.1726127 0.8545183 0.2053591 0.8229926 0.2053591 0.8545183 0.2053591 0.8870815 0.4017151 0.8545183 0.4017151 0.8870815 0.3689993 0.8545183 0.3689993 0.886288 0.0417188 0.8870815 0.07443465 0.8545183 0.07443465 0.8870815 0.0417188 0.8870815 0.07489242 0.9128391 0.06625568 0.9315165 0.0417188 0.8545183 0.07443465 0.8545183 0.07443465 0.8229926 0.0417188 0.8229926 0.07443465 0.7665639 0.0417188 0.7665639 0.2708212 0.8545183 0.3035371 0.8545183 0.2708212 0.8870815 0.3035371 0.886288 0.3362834 0.8545183 0.3364971 0.8863491 0.3035371 0.886288 0.3035371 0.8545183 0.3362834 0.8229926 0.3362834 0.8545183 0.3035371 0.8229926 0.3391827 0.7665639 0.3064364 0.7665639 0.3689993 0.886288 0.3364971 0.8863491 0.3362834 0.8545183 0.3689993 0.8545183 0.3362834 0.8545183 0.3362834 0.8229926 0.3689993 0.8229926 0.3391827 0.7665639 0.3722343 0.7665639 0.1370891 0.8851283 0.1726127 0.8857387 0.1361431 0.9380779 0.1726127 0.9616077 0.1726127 0.9616077 0.1726127 0.8857387 0.2053591 0.9616077 0.2053591 0.8870815 0.2380749 0.8870815 0.2380749 0.9616077 0.2053591 0.9616077 0.2053591 0.8870815 0.2380749 0.8545183 0.2380749 0.8870815 0.2053591 0.8545183 0.2380749 0.8229926 0.2053591 0.8229926 0.2380749 0.7665639 0.2053591 0.7665639 0.369274 0.9617298 0.3689993 0.886288 0.4017151 0.9600208 0.4017151 0.8870815 0.4329356 0.8870815 0.4375439 0.9600208 0.4017151 0.8870815 0.4017151 0.9600208 0.008972442 0.9600208 -0.02810755 0.9600208 0.008972442 0.8870815 -0.02349925 0.8870815 0.008972442 0.8870815 0.008972442 0.8545183 -0.02349925 0.8229926 0.008972442 0.8229926 0.06625568 0.9583728 0.04724265 0.9621571 0.06625568 0.9315165 0.0417188 0.8870815 0.4017151 0.9942015 0.4017151 0.9600208 0.4375134 0.9940184 0.4375439 0.9600208 0.008972442 0.9940184 -0.02810755 0.9940184 0.008972442 0.9600208 -0.02810755 0.9600208 0.1711173 0.9981689 0.1726127 0.9616077 0.2053591 0.9986877 0.2053591 0.9616077 0.2395703 0.9981689 0.2053591 0.9986877 0.2380749 0.9616077 0.2053591 0.9616077 0.3035371 0.993408 0.2708212 0.9940184 0.3035371 0.9751884 0.2708212 0.9616077 0.3035371 0.9751884 0.3364971 0.9789117 0.3035371 0.993408 0.3362529 0.9902341 0.3689993 0.9751884 0.3689993 0.9935911 0.3364971 0.9789117 0.3362529 0.9902341 0.2053591 1.023499 0.2825404 1.004364 0.2053591 0.9986877 0.2708212 0.9940184 0.2053591 1.023499 0.2053591 0.9986877 0.1295206 1.004364 0.1361431 0.9940184 0.1711173 0.9981689 0.161626 1.011658 0.1361431 0.9940184 0.1295206 1.004364 0.2053591 0.9986877 0.2053591 1.010224 0.1711173 0.9981689 0.161626 1.011658 0.2053591 0.9986877 0.2395703 0.9981689 0.2053591 1.010224 0.2504654 1.011658 0.2395703 0.9981689 0.2708212 0.9940184 0.2504654 1.011658 0.2825404 1.004364 0.1068758 0.993408 0.0951262 1.020264 0.1295206 1.004364 0.1175878 1.023286 0.07443465 0.9902341 0.06949065 1.018677 0.1068758 0.993408 0.0951262 1.020264 0.07443465 0.9902341 0.1070284 0.993408 0.06949065 1.018677 0.0951262 1.020264 0.1070284 0.993408 0.1295206 1.004364 0.0951262 1.020264 0.1175878 1.023286 0.161626 1.011658 0.153325 1.027314 0.1295206 1.004364 0.1175878 1.023286 0.2053591 1.023499 0.1624195 1.028565 0.161626 1.011658 0.153325 1.027314 0.153325 1.027314 0.1175878 1.023286 0.0863979 1.053468 0.07776117 1.051729 0.1175878 1.023286 0.0951262 1.020264 0.07776117 1.051729 0.06915494 1.049989 0.0951262 1.020264 0.06949065 1.018677 0.06915494 1.049989 0.06558428 1.049257 0.0951262 1.020264 0.06915494 1.049989 0.06949065 1.018677 0.06558428 1.049257 0.1175878 1.023286 0.07776117 1.051729 0.0951262 1.020264 0.06915494 1.049989 0.153325 1.027314 0.0863979 1.053468 0.1175878 1.023286 0.07776117 1.051729 0.1624195 1.028565 0.09930723 1.05417 0.153325 1.027314 0.0863979 1.053468 0.1624195 1.028565 0.153325 1.027314 0.09930723 1.05417 0.0863979 1.053468 0.09930723 1.05417 0.0863979 1.053468 0.07113864 1.062716 0.07776117 1.051729 0.2886441 1.025758 0.3180334 1.020264 0.2825404 1.004364 0.3035371 0.993408 0.3180334 1.020264 0.3351848 1.018677 0.3035371 0.993408 0.3362529 0.9902341 0.3362529 0.9902341 0.3351848 1.018677 0.3035371 0.993408 0.3180334 1.020264 0.3035371 0.993408 0.3180334 1.020264 0.2825404 1.004364 0.2886441 1.025758 0.2886441 1.025758 0.2587359 1.027314 0.2825404 1.004364 0.2504654 1.011658 0.2587359 1.027314 0.2496414 1.028565 0.2504654 1.011658 0.2053591 1.023499 0.2587359 1.027314 0.3192236 1.05356 0.2886441 1.025758 0.3277993 1.051546 0.2886441 1.025758 0.3277993 1.051546 0.3180334 1.020264 0.3364055 1.049532 0.3180334 1.020264 0.3364055 1.049532 0.3351848 1.018677 0.3399457 1.048707 0.3399457 1.048707 0.3364055 1.049532 0.3351848 1.018677 0.3180334 1.020264 0.3364055 1.049532 0.3277993 1.051546 0.3180334 1.020264 0.2886441 1.025758 0.3277993 1.051546 0.3192236 1.05356 0.2886441 1.025758 0.2587359 1.027314 0.3192236 1.05356 0.3087558 1.054415 0.2587359 1.027314 0.2496414 1.028565 0.2496414 1.028565 0.3087558 1.054415 0.2587359 1.027314 0.3192236 1.05356 0.3277993 1.051546 0.3192236 1.05356 0.3359478 1.06241 0.3087558 1.054415 0.09079257 0.9380779 0.1089511 0.9419843 0.08264413 0.9583728 0.1016266 0.9621571 0.09079257 0.9380779 0.0826136 0.9315165 0.1089511 0.9419843 0.09985656 0.9065218 0.3689993 0.886288 0.369274 0.9617298 0.3522141 0.9168676 0.3584399 0.9594714 0.78576 0.9441511 0.8095034 0.9247719 0.7924742 0.9525743 0.8167363 0.9147313 0.8167363 0.9147313 0.8026368 0.9538255 0.8095034 0.9247719 0.7924742 0.9525743 0.4265877 0.673574 0.4308298 0.6715293 0.4224677 0.6876431 0.4239326 0.7004303 0.4209418 0.6986603 0.3722343 0.7665639 0.3391827 0.7665639 0.3489181 0.7338481 0.376751 0.7338481 0.364391 0.7088839 0.2211676 0.6886196 0.2063356 0.6838588 0.2087771 0.6794336 0.2265694 0.6812647 0.2123173 0.678396 0.204474 0.7083346 0.2307199 0.7042146 0.2063662 0.7243263 0.2404859 0.7061983 0.2400586 0.7355876 0.006469924 0.6900235 -0.002838221 0.6837367 0.0118717 0.6828822 0.007354961 0.6667074 0.01843318 0.6730552 0.01882992 0.7056795 0.02859584 0.7076632 0.01348918 0.7338481 0.04092532 0.7338481 0.008972442 0.7665639 0.0417188 0.7665639 0.3935362 0.6725669 0.4073 0.6682943 0.3996704 0.6826686 0.413831 0.6819666 0.4051027 0.6893521 0.4329356 0.7679678 0.4329356 0.8229926 0.4299142 0.7679678 0.4017151 0.8229926 0.4017151 0.7665639 0.4017151 0.8229926 0.3722343 0.7665639 0.3689993 0.8229926 0.4017151 0.8545183 0.3689993 0.8545183 0.4017151 0.8229926 0.008972442 0.7665639 0.008972442 0.8229926 -0.01608326 0.7667165 -0.02349925 0.8229926 -0.02029481 0.7667165 0.4017151 0.8229926 0.4329356 0.8229926 0.4017151 0.8545183 0.4329356 0.8870815 0.4017151 0.8870815 0.1012604 0.8870815 0.1370891 0.8851283 0.09985656 0.9065218 0.1361431 0.9380779 0.1089511 0.9419843 0.3038118 0.9401532 0.2708212 0.9380779 0.3035371 0.9081088 0.2708212 0.8870815 0.3035371 0.886288 0.369274 0.9617298 0.4017151 0.9600208 0.3689993 0.9751884 0.4017151 0.9942015 0.3689993 0.9935911 0.0417188 0.993408 0.008972442 0.9940184 0.0417188 0.9751884 0.008972442 0.9600208 0.04724265 0.9621571 0.1175878 1.023286 0.153325 1.027314 0.1295206 1.004364 0.1624195 1.028565 0.2053591 1.023499 0.2053591 1.023499 0.2496414 1.028565 0.2825404 1.004364 0.2587359 1.027314 0.2886441 1.025758 0.07229835 0.7338481 0.07443465 0.7665639 0.0417188 0.7665639 0.04092532 0.7338481 0.04660176 0.7088534 0.1059297 0.7665639 0.1059297 0.8229926 0.07443465 0.7665639 0.07443465 0.8229926 0.1059297 0.8545183 0.07443465 0.8545183 0.1012604 0.8870815 0.09985656 0.9065218 0.07443465 0.8870815 0.07443465 0.8545183 0.2053591 0.7665639 0.2053591 0.8229926 0.1726127 0.7665639 0.1726127 0.8229926 0.1726127 0.8545183 0.1525315 0.7097995 0.1525315 0.7001251 0.1713309 0.708945 0.177984 0.6983246 0.1525315 0.7097995 0.1345256 0.7087619 0.1282388 0.6983246 0.280282 0.6864223 0.2584613 0.6879177 0.2760704 0.6724753 0.2584613 0.6740318 0.2381359 0.6863918 0.2414014 0.672689 0.2584613 0.6740318 0.854091 0.7788324 0.8945585 0.7861263 0.9291971 0.8068483 0.8537248 0.8069704 0.9522691 0.8378246 0.8136235 0.7861263 0.960387 0.8744774 0.7793207 0.8068483 0.9517807 0.911069 0.9288614 0.9421064 0.8945585 0.9628285 0.854091 0.8744774 0.7564012 0.8378857 0.7474288 0.8744774 0.854091 0.8744774 0.7564012 0.911069 0.854091 0.9701224 0.7777337 0.9410993 0.8134098 0.9624928 0.8167363 0.9147313 0.78576 0.9441511 0.8026368 0.9538255 0.9291971 0.9418012 0.9522691 0.9108554 0.960387 0.8743553 0.8539079 0.8743553 0.9522691 0.8378246 0.8946501 0.9624928 0.8539079 0.9701224 0.9291971 0.8068483 0.8134098 0.9624928 0.8535417 0.8070009 0.8946501 0.7862178 0.8539079 0.7788324 0.8131657 0.7862178 0.7786188 0.8068789 0.7555467 0.8378246 0.7474288 0.8743553 0.7555467 0.9108554 0.7777337 0.9410993 0.8167363 0.9147313 0.7868282 0.9438459 0.8040712 0.9531541</float_array>
          <technique_common>
            <accessor source="#TrunkBottom__mPltTreeOakTrunk-texcoord-array" count="1783" stride="2">
              <param name="S" type="float" />
              <param name="T" type="float" />
            </accessor>
          </technique_common>
        </source>
        <vertices id="TrunkBottom__mPltTreeOakTrunk-vertex">
          <input semantic="POSITION" source="#TrunkBottom__mPltTreeOakTrunk-position" />
        </vertices>
        <triangles material="mPltTreeOakTrunk" count="824">
          <input semantic="VERTEX" source="#TrunkBottom__mPltTreeOakTrunk-vertex" offset="0" />
          <input semantic="NORMAL" source="#TrunkBottom__mPltTreeOakTrunk-normal" offset="1" />
          <input semantic="COLOR" source="#TrunkBottom__mPltTreeOakTrunk-color" offset="2" set="0" />
          <input semantic="TEXCOORD" source="#TrunkBottom__mPltTreeOakTrunk-texcoord" offset="3" set="0" />
          <p>0 0 0 0 1 1 1 1 2 2 2 2 3 3 3 3 4 4 4 4 5 5 5 5 6 6 6 6 7 7 7 7 8 8 8 8 9 9 9 9 10 10 10 10 11 11 11 11 12 12 12 12 13 13 13 13 14 14 14 14 15 15 15 15 16 16 16 16 17 17 17 17 18 18 18 18 19 19 19 19 20 20 20 20 21 21 21 21 22 22 22 22 23 23 23 23 24 24 24 24 25 25 25 25 26 26 26 26 27 27 27 27 28 28 28 28 29 29 29 29 30 30 30 30 31 31 31 31 32 32 32 32 33 33 33 33 34 34 34 34 35 35 35 35 36 36 36 36 37 37 37 37 38 38 38 38 39 39 39 39 40 40 40 40 41 41 41 41 42 42 42 42 43 43 43 43 44 44 44 44 45 45 45 45 46 46 46 46 47 47 47 47 48 48 48 48 49 49 49 49 50 50 50 50 51 51 51 51 52 52 52 52 53 53 53 53 54 54 54 54 55 55 55 55 56 56 56 56 57 57 57 57 58 58 58 58 59 59 59 59 60 60 60 60 61 61 61 61 62 62 62 62 63 63 63 63 64 64 64 64 65 65 65 65 66 66 66 66 67 67 67 67 68 68 68 68 69 69 69 69 70 70 70 70 71 71 71 71 72 72 72 72 73 73 73 73 74 74 74 74 75 75 75 75 76 76 76 76 77 77 77 77 78 78 78 78 79 79 79 79 80 80 80 80 81 81 81 81 82 82 82 82 83 83 83 83 84 84 84 84 85 85 85 85 86 86 86 86 87 87 87 87 88 88 88 88 89 89 89 89 90 90 90 90 91 91 91 91 92 92 92 92 93 93 93 93 94 94 94 94 95 95 95 95 96 96 96 96 97 97 97 97 98 98 98 98 99 99 99 99 100 100 100 100 101 101 101 101 102 102 102 102 103 103 103 103 104 104 104 104 105 105 105 105 106 106 106 106 107 107 107 107 108 108 108 108 109 109 109 109 110 110 110 110 111 111 111 111 112 112 112 112 113 113 113 113 114 114 114 114 115 115 115 115 116 116 116 116 117 117 117 117 118 118 118 118 119 119 119 119 120 120 120 120 121 121 121 121 122 122 122 122 123 123 123 123 124 124 124 124 125 125 125 125 126 126 126 126 127 127 127 127 128 128 128 128 129 129 129 129 130 130 130 130 131 131 131 131 132 132 132 132 133 133 133 133 134 134 134 134 135 135 135 135 136 136 136 136 137 137 137 137 138 138 138 138 139 139 139 139 140 140 140 140 141 141 141 141 142 142 142 142 143 143 143 143 144 144 144 144 145 145 145 145 146 146 146 146 147 147 147 147 148 148 148 148 149 149 149 149 150 150 150 150 151 151 151 151 152 152 152 152 153 153 153 153 154 154 154 154 155 155 155 155 156 156 156 156 157 157 157 157 158 158 158 158 159 159 159 159 160 160 160 160 161 161 161 161 162 162 162 162 163 163 163 163 164 164 164 164 165 165 165 165 166 166 166 166 167 167 167 167 168 168 168 168 169 169 169 169 170 170 170 170 171 171 171 171 172 172 172 172 173 173 173 173 174 174 174 174 175 175 175 175 176 176 176 176 177 177 177 177 178 178 178 178 179 179 179 179 180 180 180 180 181 181 181 181 182 182 182 182 183 183 183 183 184 184 184 184 185 185 185 185 186 186 186 186 187 187 187 187 188 188 188 188 189 189 189 189 190 190 190 190 191 191 191 191 192 192 192 192 193 193 193 193 194 194 194 194 195 195 195 195 196 196 196 196 197 197 197 197 198 198 198 198 199 199 199 199 200 200 200 200 201 201 201 201 202 202 202 202 203 203 203 203 204 204 204 204 205 205 205 205 206 206 206 206 207 207 207 207 208 208 208 208 209 209 209 209 210 210 210 210 211 211 211 211 212 212 212 212 213 213 213 213 214 214 214 214 215 215 215 215 216 216 216 216 217 217 217 217 218 218 218 218 219 219 219 219 220 220 220 220 221 221 221 221 222 222 222 222 223 223 223 223 224 224 224 224 225 225 225 225 226 226 226 226 227 227 227 227 228 228 228 228 229 229 229 229 230 230 230 230 231 231 231 231 232 232 232 232 233 233 233 233 234 234 234 234 235 235 235 235 236 236 236 236 237 237 237 237 238 238 238 238 239 239 239 239 240 240 240 240 241 241 241 241 242 242 242 242 243 243 243 243 244 244 244 244 245 245 245 245 246 246 246 246 247 247 247 247 248 248 248 248 249 249 249 249 250 250 250 250 251 251 251 251 252 252 252 252 253 253 253 253 254 254 254 254 255 255 255 255 256 256 256 256 257 257 257 257 258 258 258 258 259 259 259 259 260 260 260 260 261 261 261 261 262 262 262 262 263 263 263 263 264 264 264 264 265 265 265 265 266 266 266 266 267 267 267 267 268 268 268 268 269 269 269 269 270 270 270 270 271 271 271 271 272 272 272 272 273 273 273 273 274 274 274 274 275 275 275 275 276 276 276 276 277 277 277 277 278 278 278 278 279 279 279 279 280 280 280 280 281 281 281 281 282 282 282 282 283 283 283 283 284 284 284 284 285 285 285 285 286 286 286 286 287 287 287 287 288 288 288 288 289 289 289 289 290 290 290 290 291 291 291 291 292 292 292 292 293 293 293 293 294 294 294 294 295 295 295 295 296 296 296 296 297 297 297 297 298 298 298 298 299 299 299 299 300 300 300 300 301 301 301 301 302 302 302 302 303 303 303 303 304 304 304 304 305 305 305 305 306 306 306 306 307 307 307 307 308 308 308 308 309 309 309 309 310 310 310 310 311 311 311 311 312 312 312 312 313 313 313 313 314 314 314 314 315 315 315 315 316 316 316 316 317 317 317 317 318 318 318 318 319 319 319 319 320 320 320 320 321 321 321 321 322 322 322 322 323 323 323 323 324 324 324 324 325 325 325 325 326 326 326 326 327 327 327 327 328 328 328 328 329 329 329 329 330 330 330 330 331 331 331 331 332 332 332 332 333 333 333 333 334 334 334 334 335 335 335 335 336 336 336 336 337 337 337 337 338 338 338 338 339 339 339 339 340 340 340 340 341 341 341 341 342 342 342 342 343 343 343 343 344 344 344 344 345 345 345 345 346 346 346 346 347 347 347 347 348 348 348 348 349 349 349 349 350 350 350 350 351 351 351 351 352 352 352 352 353 353 353 353 354 354 354 354 355 355 355 355 356 356 356 356 357 357 357 357 358 358 358 358 359 359 359 359 360 360 360 360 361 361 361 361 362 362 362 362 363 363 363 363 364 364 364 364 365 365 365 365 366 366 366 366 367 367 367 367 368 368 368 368 369 369 369 369 370 370 370 370 371 371 371 371 372 372 372 372 373 373 373 373 374 374 374 374 375 375 375 375 376 376 376 376 377 377 377 377 378 378 378 378 379 379 379 379 380 380 380 380 381 381 381 381 382 382 382 382 383 383 383 383 384 384 384 384 385 385 385 385 386 386 386 386 387 387 387 387 388 388 388 388 389 389 389 389 390 390 390 390 391 391 391 391 392 392 392 392 393 393 393 393 394 394 394 394 395 395 395 395 396 396 396 396 397 397 397 397 398 398 398 398 399 399 399 399 400 400 400 400 401 401 401 401 402 402 402 402 403 403 403 403 404 404 404 404 405 405 405 405 406 406 406 406 407 407 407 407 408 408 408 408 409 409 409 409 410 410 410 410 411 411 411 411 412 412 412 412 413 413 413 413 414 414 414 414 415 415 415 415 416 416 416 416 417 417 417 417 418 418 418 418 419 419 419 419 420 420 420 420 421 421 421 421 422 422 422 422 423 423 423 423 424 424 424 424 425 425 425 425 426 426 426 426 427 427 427 427 428 428 428 428 429 429 429 429 430 430 430 430 431 431 431 431 432 432 432 432 433 433 433 433 434 434 434 434 435 435 435 435 436 436 436 436 437 437 437 437 438 438 438 438 439 439 439 439 440 440 440 440 441 441 441 441 442 442 442 442 443 443 443 443 444 444 444 444 445 445 445 445 446 446 446 446 447 447 447 447 448 448 448 448 449 449 449 449 450 450 450 450 451 451 451 451 452 452 452 452 453 453 453 453 454 454 454 454 455 455 455 455 456 456 456 456 457 457 457 457 458 458 458 458 459 459 459 459 460 460 460 460 461 461 461 461 462 462 462 462 463 463 463 463 464 464 464 464 465 465 465 465 466 466 466 466 467 467 467 467 468 468 468 468 469 469 469 469 470 470 470 470 471 471 471 471 472 472 472 472 473 473 473 473 474 474 474 474 475 475 475 475 476 476 476 476 477 477 477 477 478 478 478 478 479 479 479 479 480 480 480 480 481 481 481 481 482 482 482 482 483 483 483 483 484 484 484 484 485 485 485 485 486 486 486 486 487 487 487 487 488 488 488 488 489 489 489 489 490 490 490 490 491 491 491 491 492 492 492 492 493 493 493 493 494 494 494 494 495 495 495 495 496 496 496 496 497 497 497 497 498 498 498 498 499 499 499 499 500 500 500 500 501 501 501 501 502 502 502 502 503 503 503 503 504 504 504 504 505 505 505 505 506 506 506 506 507 507 507 507 508 508 508 508 509 509 509 509 510 510 510 510 511 511 511 511 512 512 512 512 513 513 513 513 514 514 514 514 515 515 515 515 516 516 516 516 517 517 517 517 518 518 518 518 519 519 519 519 520 520 520 520 521 521 521 521 522 522 522 522 523 523 523 523 524 524 524 524 525 525 525 525 526 526 526 526 527 527 527 527 528 528 528 528 529 529 529 529 530 530 530 530 531 531 531 531 532 532 532 532 533 533 533 533 534 534 534 534 535 535 535 535 536 536 536 536 537 537 537 537 538 538 538 538 539 539 539 539 540 540 540 540 541 541 541 541 542 542 542 542 543 543 543 543 544 544 544 544 545 545 545 545 546 546 546 546 547 547 547 547 548 548 548 548 549 549 549 549 550 550 550 550 551 551 551 551 552 552 552 552 553 553 553 553 554 554 554 554 555 555 555 555 556 556 556 556 557 557 557 557 558 558 558 558 559 559 559 559 560 560 560 560 561 561 561 561 562 562 562 562 563 563 563 563 564 564 564 564 565 565 565 565 566 566 566 566 567 567 567 567 568 568 568 568 569 569 569 569 570 570 570 570 571 571 571 571 572 572 572 572 573 573 573 573 574 574 574 574 575 575 575 575 576 576 576 576 577 577 577 577 578 578 578 578 579 579 579 579 580 580 580 580 581 581 581 581 582 582 582 582 583 583 583 583 584 584 584 584 585 585 585 585 586 586 586 586 587 587 587 587 588 588 588 588 589 589 589 589 590 590 590 590 591 591 591 591 592 592 592 592 593 593 593 593 594 594 594 594 595 595 595 595 596 596 596 596 597 597 597 597 598 598 598 598 599 599 599 599 600 600 600 600 601 601 601 601 602 602 602 602 603 603 603 603 604 604 604 604 605 605 605 605 606 606 606 606 607 607 607 607 608 608 608 608 609 609 609 609 610 610 610 610 611 611 611 611 612 612 612 612 613 613 613 613 614 614 614 614 615 615 615 615 616 616 616 616 617 617 617 617 618 618 618 618 619 619 619 619 620 620 620 620 621 621 621 621 622 622 622 622 623 623 623 623 624 624 624 624 625 625 625 625 626 626 626 626 627 627 627 627 628 628 628 628 629 629 629 629 630 630 630 630 631 631 631 631 632 632 632 632 633 633 633 633 634 634 634 634 635 635 635 635 636 636 636 636 637 637 637 637 638 638 638 638 639 639 639 639 640 640 640 640 641 641 641 641 642 642 642 642 643 643 643 643 644 644 644 644 645 645 645 645 646 646 646 646 647 647 647 647 648 648 648 648 649 649 649 649 650 650 650 650 651 651 651 651 652 652 652 652 653 653 653 653 654 654 654 654 655 655 655 655 656 656 656 656 657 657 657 657 658 658 658 658 659 659 659 659 660 660 660 660 661 661 661 661 662 662 662 662 663 663 663 663 664 664 664 664 665 665 665 665 666 666 666 666 667 667 667 667 668 668 668 668 669 669 669 669 670 670 670 670 671 671 671 671 672 672 672 672 673 673 673 673 674 674 674 674 675 675 675 675 676 676 676 676 677 677 677 677 678 678 678 678 679 679 679 679 680 680 680 680 681 681 681 681 682 682 682 682 683 683 683 683 684 684 684 684 685 685 685 685 686 686 686 686 687 687 687 687 688 688 688 688 689 689 689 689 690 690 690 690 691 691 691 691 692 692 692 692 693 693 693 693 694 694 694 694 695 695 695 695 696 696 696 696 697 697 697 697 698 698 698 698 699 699 699 699 700 700 700 700 701 701 701 701 702 702 702 702 703 703 703 703 704 704 704 704 704 704 704 704 705 705 705 705 706 706 706 706 705 705 705 705 707 707 707 707 706 706 706 706 706 706 706 706 707 707 707 707 708 708 708 708 707 707 707 707 709 709 709 709 708 708 708 708 708 708 708 708 709 709 709 709 710 710 710 710 711 711 711 711 712 712 712 712 713 713 713 713 711 711 711 711 714 714 714 714 715 715 715 715 714 714 714 714 716 716 716 716 715 715 715 715 717 717 717 717 718 718 718 718 719 719 719 719 719 719 719 719 720 720 720 720 721 721 721 721 720 720 720 720 722 722 722 722 721 721 721 721 723 723 723 723 724 724 724 724 725 725 725 725 724 724 724 724 726 726 726 726 727 727 727 727 726 726 726 726 728 728 728 728 727 727 727 727 729 729 729 729 730 730 730 730 731 731 731 731 731 731 731 731 732 732 732 732 733 733 733 733 734 734 734 734 735 735 735 735 736 736 736 736 736 736 736 736 737 737 737 737 738 738 738 738 737 737 737 737 739 739 739 739 738 738 738 738 739 739 739 739 740 740 740 740 741 741 741 741 742 742 742 742 743 743 743 743 744 744 744 744 742 742 742 742 745 745 745 745 746 746 746 746 745 745 745 745 747 747 747 747 746 746 746 746 748 748 748 748 749 749 749 749 750 750 750 750 751 751 751 751 750 750 750 750 752 752 752 752 753 753 753 753 751 751 751 751 752 752 752 752 754 754 754 754 753 753 753 753 755 755 755 755 756 756 756 756 757 757 757 757 758 758 758 758 759 759 759 759 756 756 756 756 760 760 760 760 761 761 761 761 759 759 759 759 760 760 760 760 762 762 762 762 763 763 763 763 764 764 764 764 765 765 765 765 763 763 763 763 766 766 766 766 767 767 767 767 765 765 765 765 766 766 766 766 768 768 768 768 769 769 769 769 770 770 770 770 771 771 771 771 769 769 769 769 772 772 772 772 773 773 773 773 771 771 771 771 772 772 772 772 774 774 774 774 775 775 775 775 776 776 776 776 777 777 777 777 775 775 775 775 778 778 778 778 779 779 779 779 777 777 777 777 778 778 778 778 780 780 780 780 781 781 781 781 782 782 782 782 783 783 783 783 780 780 780 780 784 784 784 784 785 785 785 785 783 783 783 783 784 784 784 784 786 786 786 786 787 787 787 787 788 788 788 788 789 789 789 789 786 786 786 786 790 790 790 790 791 791 791 791 789 789 789 789 790 790 790 790 792 792 792 792 793 793 793 793 794 794 794 794 795 795 795 795 793 793 793 793 796 796 796 796 797 797 797 797 795 795 795 795 796 796 796 796 798 798 798 798 795 795 795 795 799 799 799 799 800 800 800 800 798 798 798 798 799 799 799 799 801 801 801 801 802 802 802 802 803 803 803 803 801 801 801 801 804 804 804 804 805 805 805 805 804 804 804 804 806 806 806 806 805 805 805 805 807 807 807 807 808 808 808 808 809 809 809 809 810 810 810 810 809 809 809 809 811 811 811 811 811 811 811 811 812 812 812 812 810 810 810 810 813 813 813 813 814 814 814 814 815 815 815 815 816 816 816 816 814 814 814 814 817 817 817 817 818 818 818 818 816 816 816 816 817 817 817 817 819 819 819 819 820 820 820 820 821 821 821 821 820 820 820 820 822 822 822 822 823 823 823 823 822 822 822 822 824 824 824 824 823 823 823 823 825 825 825 825 826 826 826 826 827 827 827 827 825 825 825 825 828 828 828 828 829 829 829 829 828 828 828 828 830 830 830 830 829 829 829 829 831 831 831 831 832 832 832 832 833 833 833 833 831 831 831 831 834 834 834 834 835 835 835 835 834 834 834 834 836 836 836 836 835 835 835 835 837 837 837 837 838 838 838 838 839 839 839 839 840 840 840 840 838 838 838 838 841 841 841 841 842 842 842 842 840 840 840 840 841 841 841 841 843 843 843 843 844 844 844 844 845 845 845 845 846 846 846 846 845 845 845 845 847 847 847 847 848 848 848 848 845 845 845 845 846 846 846 846 849 849 849 849 848 848 848 848 846 846 846 846 850 850 850 850 851 851 851 851 852 852 852 852 853 853 853 853 854 854 854 854 850 850 850 850 855 855 855 855 853 853 853 853 850 850 850 850 856 856 856 856 857 857 857 857 858 858 858 858 859 859 859 859 860 860 860 860 856 856 856 856 860 860 860 860 861 861 861 861 856 856 856 856 862 862 862 862 863 863 863 863 864 864 864 864 865 865 865 865 866 866 866 866 864 864 864 864 866 866 866 866 867 867 867 867 864 864 864 864 868 868 868 868 869 869 869 869 870 870 870 870 869 869 869 869 871 871 871 871 870 870 870 870 872 872 872 872 873 873 873 873 874 874 874 874 873 873 873 873 875 875 875 875 874 874 874 874 876 876 876 876 877 877 877 877 878 878 878 878 877 877 877 877 879 879 879 879 878 878 878 878 880 880 880 880 881 881 881 881 882 882 882 882 881 881 881 881 883 883 883 883 882 882 882 882 884 884 884 884 885 885 885 885 886 886 886 886 885 885 885 885 887 887 887 887 886 886 886 886 888 888 888 888 889 889 889 889 890 890 890 890 889 889 889 889 891 891 891 891 890 890 890 890 892 892 892 892 893 893 893 893 894 894 894 894 893 893 893 893 895 895 895 895 894 894 894 894 896 896 896 896 897 897 897 897 898 898 898 898 897 897 897 897 899 899 899 899 898 898 898 898 899 899 899 899 900 900 900 900 901 901 901 901 900 900 900 900 902 902 902 902 901 901 901 901 903 903 903 903 904 904 904 904 905 905 905 905 904 904 904 904 906 906 906 906 905 905 905 905 907 907 907 907 908 908 908 908 909 909 909 909 910 910 910 910 907 907 907 907 909 909 909 909 910 910 910 910 911 911 911 911 912 912 912 912 911 911 911 911 913 913 913 913 912 912 912 912 914 914 914 914 915 915 915 915 916 916 916 916 915 915 915 915 917 917 917 917 916 916 916 916 918 918 918 918 919 919 919 919 920 920 920 920 919 919 919 919 921 921 921 921 920 920 920 920 922 922 922 922 923 923 923 923 924 924 924 924 923 923 923 923 925 925 925 925 924 924 924 924 926 926 926 926 927 927 927 927 928 928 928 928 927 927 927 927 929 929 929 929 928 928 928 928 930 930 930 930 931 931 931 931 932 932 932 932 931 931 931 931 933 933 933 933 932 932 932 932 934 934 934 934 935 935 935 935 936 936 936 936 935 935 935 935 937 937 937 937 936 936 936 936 938 938 938 938 939 939 939 939 940 940 940 940 939 939 939 939 941 941 941 941 940 940 940 940 942 942 942 942 943 943 943 943 944 944 944 944 943 943 943 943 945 945 945 945 944 944 944 944 946 946 946 946 947 947 947 947 948 948 948 948 947 947 947 947 949 949 949 949 948 948 948 948 950 950 950 950 951 951 951 951 952 952 952 952 951 951 951 951 953 953 953 953 952 952 952 952 954 954 954 954 955 955 955 955 956 956 956 956 955 955 955 955 957 957 957 957 956 956 956 956 958 958 958 958 959 959 959 959 960 960 960 960 959 959 959 959 961 961 961 961 960 960 960 960 962 962 962 962 963 963 963 963 964 964 964 964 963 963 963 963 965 965 965 965 964 964 964 964 966 966 966 966 967 967 967 967 968 968 968 968 967 967 967 967 969 969 969 969 968 968 968 968 970 970 970 970 971 971 971 971 972 972 972 972 971 971 971 971 973 973 973 973 972 972 972 972 974 974 974 974 975 975 975 975 976 976 976 976 975 975 975 975 977 977 977 977 976 976 976 976 978 978 978 978 979 979 979 979 980 980 980 980 979 979 979 979 981 981 981 981 980 980 980 980 982 982 982 982 983 983 983 983 984 984 984 984 983 983 983 983 985 985 985 985 984 984 984 984 986 986 986 986 987 987 987 987 988 988 988 988 987 987 987 987 989 989 989 989 988 988 988 988 990 990 990 990 991 991 991 991 992 992 992 992 991 991 991 991 993 993 993 993 992 992 992 992 994 994 994 994 995 995 995 995 996 996 996 996 995 995 995 995 997 997 997 997 996 996 996 996 998 998 998 998 999 999 999 999 1000 1000 1000 1000 999 999 999 999 1001 1001 1001 1001 1000 1000 1000 1000 1002 1002 1002 1002 1003 1003 1003 1003 1004 1004 1004 1004 1003 1003 1003 1003 1005 1005 1005 1005 1004 1004 1004 1004 1006 1006 1006 1006 1007 1007 1007 1007 1008 1008 1008 1008 1007 1007 1007 1007 1009 1009 1009 1009 1008 1008 1008 1008 1010 1010 1010 1010 1011 1011 1011 1011 1012 1012 1012 1012 1011 1011 1011 1011 1013 1013 1013 1013 1012 1012 1012 1012 1014 1014 1014 1014 1015 1015 1015 1015 1016 1016 1016 1016 1015 1015 1015 1015 1017 1017 1017 1017 1016 1016 1016 1016 1018 1018 1018 1018 1019 1019 1019 1019 1020 1020 1020 1020 1019 1019 1019 1019 1021 1021 1021 1021 1020 1020 1020 1020 1022 1022 1022 1022 1023 1023 1023 1023 1024 1024 1024 1024 1023 1023 1023 1023 1025 1025 1025 1025 1024 1024 1024 1024 1026 1026 1026 1026 1027 1027 1027 1027 1028 1028 1028 1028 1027 1027 1027 1027 1026 1026 1026 1026 1029 1029 1029 1029 1030 1030 1030 1030 1031 1031 1031 1031 1032 1032 1032 1032 1031 1031 1031 1031 1033 1033 1033 1033 1032 1032 1032 1032 1034 1034 1034 1034 1035 1035 1035 1035 1036 1036 1036 1036 1035 1035 1035 1035 1037 1037 1037 1037 1036 1036 1036 1036 1038 1038 1038 1038 1039 1039 1039 1039 1040 1040 1040 1040 1039 1039 1039 1039 1041 1041 1041 1041 1040 1040 1040 1040 1042 1042 1042 1042 1043 1043 1043 1043 1044 1044 1044 1044 1043 1043 1043 1043 1045 1045 1045 1045 1044 1044 1044 1044 1046 1046 1046 1046 1047 1047 1047 1047 1048 1048 1048 1048 1047 1047 1047 1047 1049 1049 1049 1049 1048 1048 1048 1048 1050 1050 1050 1050 1051 1051 1051 1051 1052 1052 1052 1052 1051 1051 1051 1051 1053 1053 1053 1053 1052 1052 1052 1052 1054 1054 1054 1054 1055 1055 1055 1055 1056 1056 1056 1056 1055 1055 1055 1055 1057 1057 1057 1057 1056 1056 1056 1056 1058 1058 1058 1058 1059 1059 1059 1059 1060 1060 1060 1060 1059 1059 1059 1059 1061 1061 1061 1061 1060 1060 1060 1060 1062 1062 1062 1062 1063 1063 1063 1063 1064 1064 1064 1064 1063 1063 1063 1063 1065 1065 1065 1065 1064 1064 1064 1064 1066 1066 1066 1066 1067 1067 1067 1067 1068 1068 1068 1068 1067 1067 1067 1067 1069 1069 1069 1069 1068 1068 1068 1068 1070 1070 1070 1070 1071 1071 1071 1071 1072 1072 1072 1072 1071 1071 1071 1071 1073 1073 1073 1073 1072 1072 1072 1072 1074 1074 1074 1074 1075 1075 1075 1075 1076 1076 1076 1076 1075 1075 1075 1075 1077 1077 1077 1077 1076 1076 1076 1076 1078 1078 1078 1078 1079 1079 1079 1079 1080 1080 1080 1080 1079 1079 1079 1079 1081 1081 1081 1081 1080 1080 1080 1080 1082 1082 1082 1082 1083 1083 1083 1083 1084 1084 1084 1084 1083 1083 1083 1083 1085 1085 1085 1085 1084 1084 1084 1084 1086 1086 1086 1086 1087 1087 1087 1087 1088 1088 1088 1088 1087 1087 1087 1087 1089 1089 1089 1089 1088 1088 1088 1088 1090 1090 1090 1090 1091 1091 1091 1091 1092 1092 1092 1092 1091 1091 1091 1091 1093 1093 1093 1093 1092 1092 1092 1092 1094 1094 1094 1094 1095 1095 1095 1095 1096 1096 1096 1096 1095 1095 1095 1095 1097 1097 1097 1097 1096 1096 1096 1096 1098 1098 1098 1098 1099 1099 1099 1099 1100 1100 1100 1100 1099 1099 1099 1099 1101 1101 1101 1101 1100 1100 1100 1100 1102 1102 1102 1102 1103 1103 1103 1103 1104 1104 1104 1104 1103 1103 1103 1103 1105 1105 1105 1105 1104 1104 1104 1104 1106 1106 1106 1106 1107 1107 1107 1107 1108 1108 1108 1108 1107 1107 1107 1107 1109 1109 1109 1109 1108 1108 1108 1108 1110 1110 1110 1110 1111 1111 1111 1111 1112 1112 1112 1112 1111 1111 1111 1111 1113 1113 1113 1113 1112 1112 1112 1112 1114 1114 1114 1114 1115 1115 1115 1115 1116 1116 1116 1116 1115 1115 1115 1115 1117 1117 1117 1117 1116 1116 1116 1116 1118 1118 1118 1118 1119 1119 1119 1119 1120 1120 1120 1120 1119 1119 1119 1119 1121 1121 1121 1121 1120 1120 1120 1120 1122 1122 1122 1122 1123 1123 1123 1123 1124 1124 1124 1124 1123 1123 1123 1123 1125 1125 1125 1125 1124 1124 1124 1124 1126 1126 1126 1126 1127 1127 1127 1127 1128 1128 1128 1128 1127 1127 1127 1127 1129 1129 1129 1129 1128 1128 1128 1128 1130 1130 1130 1130 1131 1131 1131 1131 1132 1132 1132 1132 1131 1131 1131 1131 1133 1133 1133 1133 1132 1132 1132 1132 1134 1134 1134 1134 1135 1135 1135 1135 1136 1136 1136 1136 1135 1135 1135 1135 1137 1137 1137 1137 1136 1136 1136 1136 1138 1138 1138 1138 1139 1139 1139 1139 1140 1140 1140 1140 1139 1139 1139 1139 1141 1141 1141 1141 1140 1140 1140 1140 1142 1142 1142 1142 1143 1143 1143 1143 1144 1144 1144 1144 1143 1143 1143 1143 1145 1145 1145 1145 1144 1144 1144 1144 1146 1146 1146 1146 1147 1147 1147 1147 1148 1148 1148 1148 1147 1147 1147 1147 1149 1149 1149 1149 1148 1148 1148 1148 1150 1150 1150 1150 1151 1151 1151 1151 1152 1152 1152 1152 1151 1151 1151 1151 1153 1153 1153 1153 1152 1152 1152 1152 1154 1154 1154 1154 1155 1155 1155 1155 1156 1156 1156 1156 1155 1155 1155 1155 1157 1157 1157 1157 1156 1156 1156 1156 1158 1158 1158 1158 1159 1159 1159 1159 1160 1160 1160 1160 1159 1159 1159 1159 1161 1161 1161 1161 1160 1160 1160 1160 1162 1162 1162 1162 1163 1163 1163 1163 1164 1164 1164 1164 1163 1163 1163 1163 1165 1165 1165 1165 1164 1164 1164 1164 1166 1166 1166 1166 1167 1167 1167 1167 1168 1168 1168 1168 1167 1167 1167 1167 1169 1169 1169 1169 1168 1168 1168 1168 1170 1170 1170 1170 1171 1171 1171 1171 1172 1172 1172 1172 1171 1171 1171 1171 1173 1173 1173 1173 1172 1172 1172 1172 1174 1174 1174 1174 1175 1175 1175 1175 1176 1176 1176 1176 1175 1175 1175 1175 1177 1177 1177 1177 1176 1176 1176 1176 1178 1178 1178 1178 1179 1179 1179 1179 1180 1180 1180 1180 1179 1179 1179 1179 1181 1181 1181 1181 1180 1180 1180 1180 1182 1182 1182 1182 1183 1183 1183 1183 1184 1184 1184 1184 1183 1183 1183 1183 1185 1185 1185 1185 1184 1184 1184 1184 1186 1186 1186 1186 1187 1187 1187 1187 1188 1188 1188 1188 1187 1187 1187 1187 1189 1189 1189 1189 1188 1188 1188 1188 1190 1190 1190 1190 1191 1191 1191 1191 1192 1192 1192 1192 1191 1191 1191 1191 1193 1193 1193 1193 1192 1192 1192 1192 1194 1194 1194 1194 1195 1195 1195 1195 1196 1196 1196 1196 1195 1195 1195 1195 1197 1197 1197 1197 1196 1196 1196 1196 1198 1198 1198 1198 1199 1199 1199 1199 1200 1200 1200 1200 1199 1199 1199 1199 1201 1201 1201 1201 1200 1200 1200 1200 1202 1202 1202 1202 1203 1203 1203 1203 1204 1204 1204 1204 1203 1203 1203 1203 1205 1205 1205 1205 1204 1204 1204 1204 1206 1206 1206 1206 1207 1207 1207 1207 1208 1208 1208 1208 1207 1207 1207 1207 1209 1209 1209 1209 1208 1208 1208 1208 1210 1210 1210 1210 1211 1211 1211 1211 1212 1212 1212 1212 1211 1211 1211 1211 1213 1213 1213 1213 1212 1212 1212 1212 1214 1214 1214 1214 1215 1215 1215 1215 1216 1216 1216 1216 1215 1215 1215 1215 1217 1217 1217 1217 1216 1216 1216 1216 1218 1218 1218 1218 1219 1219 1219 1219 1220 1220 1220 1220 1219 1219 1219 1219 1221 1221 1221 1221 1220 1220 1220 1220 1222 1222 1222 1222 1223 1223 1223 1223 1224 1224 1224 1224 1223 1223 1223 1223 1225 1225 1225 1225 1224 1224 1224 1224 1226 1226 1226 1226 1227 1227 1227 1227 1228 1228 1228 1228 1227 1227 1227 1227 1229 1229 1229 1229 1228 1228 1228 1228 1230 1230 1230 1230 1231 1231 1231 1231 1232 1232 1232 1232 1231 1231 1231 1231 1233 1233 1233 1233 1232 1232 1232 1232 1234 1234 1234 1234 1235 1235 1235 1235 1236 1236 1236 1236 1235 1235 1235 1235 1237 1237 1237 1237 1236 1236 1236 1236 1238 1238 1238 1238 1239 1239 1239 1239 1240 1240 1240 1240 1239 1239 1239 1239 1241 1241 1241 1241 1240 1240 1240 1240 1242 1242 1242 1242 1243 1243 1243 1243 1244 1244 1244 1244 1243 1243 1243 1243 1245 1245 1245 1245 1244 1244 1244 1244 1246 1246 1246 1246 1247 1247 1247 1247 1248 1248 1248 1248 1247 1247 1247 1247 1249 1249 1249 1249 1248 1248 1248 1248 1250 1250 1250 1250 1251 1251 1251 1251 1252 1252 1252 1252 1251 1251 1251 1251 1253 1253 1253 1253 1252 1252 1252 1252 1254 1254 1254 1254 1255 1255 1255 1255 1256 1256 1256 1256 1255 1255 1255 1255 1257 1257 1257 1257 1256 1256 1256 1256 1258 1258 1258 1258 1259 1259 1259 1259 1260 1260 1260 1260 1259 1259 1259 1259 1261 1261 1261 1261 1260 1260 1260 1260 1262 1262 1262 1262 1263 1263 1263 1263 1264 1264 1264 1264 1263 1263 1263 1263 1265 1265 1265 1265 1264 1264 1264 1264 1266 1266 1266 1266 1267 1267 1267 1267 1268 1268 1268 1268 1267 1267 1267 1267 1269 1269 1269 1269 1268 1268 1268 1268 1270 1270 1270 1270 1271 1271 1271 1271 1272 1272 1272 1272 1271 1271 1271 1271 1273 1273 1273 1273 1272 1272 1272 1272 1274 1274 1274 1274 1275 1275 1275 1275 1276 1276 1276 1276 1275 1275 1275 1275 1277 1277 1277 1277 1276 1276 1276 1276 1278 1278 1278 1278 1279 1279 1279 1279 1280 1280 1280 1280 1279 1279 1279 1279 1281 1281 1281 1281 1280 1280 1280 1280 1282 1282 1282 1282 1283 1283 1283 1283 1284 1284 1284 1284 1283 1283 1283 1283 1285 1285 1285 1285 1284 1284 1284 1284 1286 1286 1286 1286 1287 1287 1287 1287 1288 1288 1288 1288 1287 1287 1287 1287 1289 1289 1289 1289 1288 1288 1288 1288 1290 1290 1290 1290 1291 1291 1291 1291 1292 1292 1292 1292 1291 1291 1291 1291 1293 1293 1293 1293 1292 1292 1292 1292 1294 1294 1294 1294 1295 1295 1295 1295 1296 1296 1296 1296 1295 1295 1295 1295 1297 1297 1297 1297 1296 1296 1296 1296 1298 1298 1298 1298 1299 1299 1299 1299 1300 1300 1300 1300 1300 1300 1300 1300 1299 1299 1299 1299 1301 1301 1301 1301 1302 1302 1302 1302 1303 1303 1303 1303 1304 1304 1304 1304 1303 1303 1303 1303 1305 1305 1305 1305 1304 1304 1304 1304 1306 1306 1306 1306 1307 1307 1307 1307 1308 1308 1308 1308 1307 1307 1307 1307 1309 1309 1309 1309 1308 1308 1308 1308 1310 1310 1310 1310 1311 1311 1311 1311 1312 1312 1312 1312 1311 1311 1311 1311 1313 1313 1313 1313 1312 1312 1312 1312 1314 1314 1314 1314 1315 1315 1315 1315 1316 1316 1316 1316 1315 1315 1315 1315 1317 1317 1317 1317 1316 1316 1316 1316 1318 1318 1318 1318 1319 1319 1319 1319 1320 1320 1320 1320 1319 1319 1319 1319 1321 1321 1321 1321 1320 1320 1320 1320 1322 1322 1322 1322 1321 1321 1321 1321 1323 1323 1323 1323 1321 1321 1321 1321 1324 1324 1324 1324 1323 1323 1323 1323 1325 1325 1325 1325 1324 1324 1324 1324 1326 1326 1326 1326 1324 1324 1324 1324 1327 1327 1327 1327 1326 1326 1326 1326 1328 1328 1328 1328 1329 1329 1329 1329 1327 1327 1327 1327 1330 1330 1330 1330 1329 1329 1329 1329 1328 1328 1328 1328 1331 1331 1331 1331 1330 1330 1330 1330 1328 1328 1328 1328 1332 1332 1332 1332 1330 1330 1330 1330 1333 1333 1333 1333 1334 1334 1334 1334 1332 1332 1332 1332 1333 1333 1333 1333 1335 1335 1335 1335 1336 1336 1336 1336 1337 1337 1337 1337 1336 1336 1336 1336 1338 1338 1338 1338 1337 1337 1337 1337 1338 1338 1338 1338 1339 1339 1339 1339 1340 1340 1340 1340 1341 1341 1341 1341 1338 1338 1338 1338 1340 1340 1340 1340 1342 1342 1342 1342 1343 1343 1343 1343 1344 1344 1344 1344 1344 1344 1344 1344 1345 1345 1345 1345 1342 1342 1342 1342 1346 1346 1346 1346 1347 1347 1347 1347 1348 1348 1348 1348 1348 1348 1348 1348 1349 1349 1349 1349 1346 1346 1346 1346 1350 1350 1350 1350 1351 1351 1351 1351 1352 1352 1352 1352 1351 1351 1351 1351 1353 1353 1353 1353 1352 1352 1352 1352 1354 1354 1354 1354 1355 1355 1355 1355 1356 1356 1356 1356 1357 1357 1357 1357 1356 1356 1356 1356 1358 1358 1358 1358 1359 1359 1359 1359 1357 1357 1357 1357 1358 1358 1358 1358 1360 1360 1360 1360 1361 1361 1361 1361 1354 1354 1354 1354 1362 1362 1362 1362 1361 1361 1361 1361 1360 1360 1360 1360 1363 1363 1363 1363 1362 1362 1362 1362 1360 1360 1360 1360 1364 1364 1364 1364 1362 1362 1362 1362 1363 1363 1363 1363 1365 1365 1365 1365 1364 1364 1364 1364 1363 1363 1363 1363 1366 1366 1366 1366 1367 1367 1367 1367 1368 1368 1368 1368 1367 1367 1367 1367 1369 1369 1369 1369 1368 1368 1368 1368 1370 1370 1370 1370 1371 1371 1371 1371 1372 1372 1372 1372 1373 1373 1373 1373 1370 1370 1370 1370 1372 1372 1372 1372 1374 1374 1374 1374 1375 1375 1375 1375 1373 1373 1373 1373 1376 1376 1376 1376 1374 1374 1374 1374 1373 1373 1373 1373 1377 1377 1377 1377 1374 1374 1374 1374 1376 1376 1376 1376 1378 1378 1378 1378 1377 1377 1377 1377 1376 1376 1376 1376 1379 1379 1379 1379 1380 1380 1380 1380 1381 1381 1381 1381 1382 1382 1382 1382 1379 1379 1379 1379 1381 1381 1381 1381 1382 1382 1382 1382 1383 1383 1383 1383 1384 1384 1384 1384 1385 1385 1385 1385 1382 1382 1382 1382 1384 1384 1384 1384 1385 1385 1385 1385 1384 1384 1384 1384 1386 1386 1386 1386 1387 1387 1387 1387 1385 1385 1385 1385 1386 1386 1386 1386 1388 1388 1388 1388 1389 1389 1389 1389 1390 1390 1390 1390 1389 1389 1389 1389 1391 1391 1391 1391 1390 1390 1390 1390 1392 1392 1392 1392 1393 1393 1393 1393 1394 1394 1394 1394 1393 1393 1393 1393 1395 1395 1395 1395 1394 1394 1394 1394 1396 1396 1396 1396 1397 1397 1397 1397 1398 1398 1398 1398 1399 1399 1399 1399 1396 1396 1396 1396 1398 1398 1398 1398 1400 1400 1400 1400 1401 1401 1401 1401 1399 1399 1399 1399 1402 1402 1402 1402 1400 1400 1400 1400 1399 1399 1399 1399 1403 1403 1403 1403 1400 1400 1400 1400 1402 1402 1402 1402 1404 1404 1404 1404 1403 1403 1403 1403 1402 1402 1402 1402 1405 1405 1405 1405 1403 1403 1403 1403 1404 1404 1404 1404 1406 1406 1406 1406 1405 1405 1405 1405 1404 1404 1404 1404 1407 1407 1407 1407 1408 1408 1408 1408 1409 1409 1409 1409 1408 1408 1408 1408 1410 1410 1410 1410 1409 1409 1409 1409 1411 1411 1411 1411 1412 1412 1412 1412 1413 1413 1413 1413 1412 1412 1412 1412 1414 1414 1414 1414 1413 1413 1413 1413 1415 1415 1415 1415 1416 1416 1416 1416 1417 1417 1417 1417 1416 1416 1416 1416 1418 1418 1418 1418 1417 1417 1417 1417 1419 1419 1419 1419 1418 1418 1418 1418 1420 1420 1420 1420 1418 1418 1418 1418 1421 1421 1421 1421 1420 1420 1420 1420 1420 1420 1420 1420 1421 1421 1421 1421 1422 1422 1422 1422 1423 1423 1423 1423 1424 1424 1424 1424 1425 1425 1425 1425 1424 1424 1424 1424 1426 1426 1426 1426 1425 1425 1425 1425 1427 1427 1427 1427 1428 1428 1428 1428 1429 1429 1429 1429 1428 1428 1428 1428 1430 1430 1430 1430 1429 1429 1429 1429 1431 1431 1431 1431 1432 1432 1432 1432 1433 1433 1433 1433 1432 1432 1432 1432 1434 1434 1434 1434 1433 1433 1433 1433 1435 1435 1435 1435 1436 1436 1436 1436 1437 1437 1437 1437 1436 1436 1436 1436 1438 1438 1438 1438 1437 1437 1437 1437 1439 1439 1439 1439 1440 1440 1440 1440 1441 1441 1441 1441 1440 1440 1440 1440 1442 1442 1442 1442 1441 1441 1441 1441 1443 1443 1443 1443 1444 1444 1444 1444 1445 1445 1445 1445 1444 1444 1444 1444 1446 1446 1446 1446 1445 1445 1445 1445 1447 1447 1447 1447 1448 1448 1448 1448 1449 1449 1449 1449 1448 1448 1448 1448 1450 1450 1450 1450 1449 1449 1449 1449 1451 1451 1451 1451 1452 1452 1452 1452 1453 1453 1453 1453 1452 1452 1452 1452 1454 1454 1454 1454 1453 1453 1453 1453 1455 1455 1455 1455 1456 1456 1456 1456 1457 1457 1457 1457 1456 1456 1456 1456 1458 1458 1458 1458 1457 1457 1457 1457 1459 1459 1459 1459 1460 1460 1460 1460 1461 1461 1461 1461 1460 1460 1460 1460 1462 1462 1462 1462 1461 1461 1461 1461 1463 1463 1463 1463 1464 1464 1464 1464 1465 1465 1465 1465 1464 1464 1464 1464 1466 1466 1466 1466 1465 1465 1465 1465 1467 1467 1467 1467 1468 1468 1468 1468 1469 1469 1469 1469 1468 1468 1468 1468 1470 1470 1470 1470 1469 1469 1469 1469 1471 1471 1471 1471 1472 1472 1472 1472 1473 1473 1473 1473 1472 1472 1472 1472 1474 1474 1474 1474 1473 1473 1473 1473 1475 1475 1475 1475 1476 1476 1476 1476 1477 1477 1477 1477 1476 1476 1476 1476 1478 1478 1478 1478 1477 1477 1477 1477 1479 1479 1479 1479 1480 1480 1480 1480 1481 1481 1481 1481 1480 1480 1480 1480 1482 1482 1482 1482 1481 1481 1481 1481 1483 1483 1483 1483 1484 1484 1484 1484 1485 1485 1485 1485 1484 1484 1484 1484 1486 1486 1486 1486 1485 1485 1485 1485 1487 1487 1487 1487 1488 1488 1488 1488 1489 1489 1489 1489 1488 1488 1488 1488 1490 1490 1490 1490 1489 1489 1489 1489 1491 1491 1491 1491 1492 1492 1492 1492 1493 1493 1493 1493 1492 1492 1492 1492 1494 1494 1494 1494 1493 1493 1493 1493 1495 1495 1495 1495 1496 1496 1496 1496 1497 1497 1497 1497 1496 1496 1496 1496 1498 1498 1498 1498 1497 1497 1497 1497 1499 1499 1499 1499 1500 1500 1500 1500 1501 1501 1501 1501 1500 1500 1500 1500 1502 1502 1502 1502 1501 1501 1501 1501 1503 1503 1503 1503 1504 1504 1504 1504 1505 1505 1505 1505 1504 1504 1504 1504 1506 1506 1506 1506 1505 1505 1505 1505 1507 1507 1507 1507 1508 1508 1508 1508 1509 1509 1509 1509 1508 1508 1508 1508 1510 1510 1510 1510 1509 1509 1509 1509 1511 1511 1511 1511 1512 1512 1512 1512 1513 1513 1513 1513 1512 1512 1512 1512 1514 1514 1514 1514 1513 1513 1513 1513 1515 1515 1515 1515 1516 1516 1516 1516 1517 1517 1517 1517 1516 1516 1516 1516 1518 1518 1518 1518 1517 1517 1517 1517 1519 1519 1519 1519 1520 1520 1520 1520 1521 1521 1521 1521 1520 1520 1520 1520 1522 1522 1522 1522 1521 1521 1521 1521 1523 1523 1523 1523 1524 1524 1524 1524 1525 1525 1525 1525 1524 1524 1524 1524 1526 1526 1526 1526 1525 1525 1525 1525 1527 1527 1527 1527 1528 1528 1528 1528 1529 1529 1529 1529 1528 1528 1528 1528 1530 1530 1530 1530 1529 1529 1529 1529 1531 1531 1531 1531 1532 1532 1532 1532 1533 1533 1533 1533 1532 1532 1532 1532 1534 1534 1534 1534 1533 1533 1533 1533 1535 1535 1535 1535 1536 1536 1536 1536 1537 1537 1537 1537 1536 1536 1536 1536 1538 1538 1538 1538 1537 1537 1537 1537 1539 1539 1539 1539 1540 1540 1540 1540 1541 1541 1541 1541 1540 1540 1540 1540 1542 1542 1542 1542 1541 1541 1541 1541 1543 1543 1543 1543 1544 1544 1544 1544 1545 1545 1545 1545 1544 1544 1544 1544 1546 1546 1546 1546 1545 1545 1545 1545 1547 1547 1547 1547 1548 1548 1548 1548 1549 1549 1549 1549 1548 1548 1548 1548 1550 1550 1550 1550 1549 1549 1549 1549 1551 1551 1551 1551 1552 1552 1552 1552 1553 1553 1553 1553 1552 1552 1552 1552 1554 1554 1554 1554 1553 1553 1553 1553 1555 1555 1555 1555 1556 1556 1556 1556 1557 1557 1557 1557 1556 1556 1556 1556 1558 1558 1558 1558 1557 1557 1557 1557 1559 1559 1559 1559 1560 1560 1560 1560 1561 1561 1561 1561 1560 1560 1560 1560 1562 1562 1562 1562 1561 1561 1561 1561 1563 1563 1563 1563 1564 1564 1564 1564 1565 1565 1565 1565 1564 1564 1564 1564 1566 1566 1566 1566 1565 1565 1565 1565 1567 1567 1567 1567 1568 1568 1568 1568 1569 1569 1569 1569 1568 1568 1568 1568 1570 1570 1570 1570 1569 1569 1569 1569 1571 1571 1571 1571 1572 1572 1572 1572 1573 1573 1573 1573 1572 1572 1572 1572 1574 1574 1574 1574 1573 1573 1573 1573 1575 1575 1575 1575 1576 1576 1576 1576 1577 1577 1577 1577 1576 1576 1576 1576 1578 1578 1578 1578 1577 1577 1577 1577 1579 1579 1579 1579 1580 1580 1580 1580 1581 1581 1581 1581 1580 1580 1580 1580 1582 1582 1582 1582 1581 1581 1581 1581 1583 1583 1583 1583 1584 1584 1584 1584 1585 1585 1585 1585 1584 1584 1584 1584 1586 1586 1586 1586 1585 1585 1585 1585 1587 1587 1587 1587 1588 1588 1588 1588 1589 1589 1589 1589 1588 1588 1588 1588 1590 1590 1590 1590 1589 1589 1589 1589 1591 1591 1591 1591 1592 1592 1592 1592 1593 1593 1593 1593 1592 1592 1592 1592 1594 1594 1594 1594 1593 1593 1593 1593 1595 1595 1595 1595 1596 1596 1596 1596 1597 1597 1597 1597 1596 1596 1596 1596 1598 1598 1598 1598 1597 1597 1597 1597 1599 1599 1599 1599 1600 1600 1600 1600 1601 1601 1601 1601 1600 1600 1600 1600 1602 1602 1602 1602 1601 1601 1601 1601 1603 1603 1603 1603 1604 1604 1604 1604 1605 1605 1605 1605 1604 1604 1604 1604 1606 1606 1606 1606 1605 1605 1605 1605 1607 1607 1607 1607 1608 1608 1608 1608 1609 1609 1609 1609 1608 1608 1608 1608 1610 1610 1610 1610 1609 1609 1609 1609 1611 1611 1611 1611 1612 1612 1612 1612 1613 1613 1613 1613 1611 1611 1611 1611 1614 1614 1614 1614 1612 1612 1612 1612 1615 1615 1615 1615 1616 1616 1616 1616 1617 1617 1617 1617 1617 1617 1617 1617 1616 1616 1616 1616 1618 1618 1618 1618 1619 1619 1619 1619 1620 1620 1620 1620 1621 1621 1621 1621 1620 1620 1620 1620 1622 1622 1622 1622 1621 1621 1621 1621 1621 1621 1621 1621 1622 1622 1622 1622 1623 1623 1623 1623 1624 1624 1624 1624 1625 1625 1625 1625 1626 1626 1626 1626 1627 1627 1627 1627 1624 1624 1624 1624 1626 1626 1626 1626 1628 1628 1628 1628 1627 1627 1627 1627 1626 1626 1626 1626 1629 1629 1629 1629 1630 1630 1630 1630 1631 1631 1631 1631 1629 1629 1629 1629 1631 1631 1631 1631 1632 1632 1632 1632 1631 1631 1631 1631 1633 1633 1633 1633 1632 1632 1632 1632 1634 1634 1634 1634 1635 1635 1635 1635 1636 1636 1636 1636 1635 1635 1635 1635 1637 1637 1637 1637 1636 1636 1636 1636 1636 1636 1636 1636 1637 1637 1637 1637 1638 1638 1638 1638 1639 1639 1639 1639 1640 1640 1640 1640 1641 1641 1641 1641 1640 1640 1640 1640 1642 1642 1642 1642 1641 1641 1641 1641 1641 1641 1641 1641 1642 1642 1642 1642 1643 1643 1643 1643 1644 1644 1644 1644 1645 1645 1645 1645 1646 1646 1646 1646 1645 1645 1645 1645 1647 1647 1647 1647 1646 1646 1646 1646 1646 1646 1646 1646 1647 1647 1647 1647 1648 1648 1648 1648 1647 1647 1647 1647 1649 1649 1649 1649 1648 1648 1648 1648 1650 1650 1650 1650 1651 1651 1651 1651 1652 1652 1652 1652 1651 1651 1651 1651 1653 1653 1653 1653 1652 1652 1652 1652 1652 1652 1652 1652 1653 1653 1653 1653 1654 1654 1654 1654 1655 1655 1655 1655 1656 1656 1656 1656 1657 1657 1657 1657 1656 1656 1656 1656 1658 1658 1658 1658 1657 1657 1657 1657 1657 1657 1657 1657 1658 1658 1658 1658 1659 1659 1659 1659 1659 1659 1659 1659 1660 1660 1660 1660 1661 1661 1661 1661 1660 1660 1660 1660 1662 1662 1662 1662 1661 1661 1661 1661 1663 1663 1663 1663 1664 1664 1664 1664 1662 1662 1662 1662 1665 1665 1665 1665 1663 1663 1663 1663 1662 1662 1662 1662 1666 1666 1666 1666 1667 1667 1667 1667 1668 1668 1668 1668 1667 1667 1667 1667 1669 1669 1669 1669 1668 1668 1668 1668 1668 1668 1668 1668 1669 1669 1669 1669 1670 1670 1670 1670 1671 1671 1671 1671 1672 1672 1672 1672 1673 1673 1673 1673 1672 1672 1672 1672 1674 1674 1674 1674 1673 1673 1673 1673 1673 1673 1673 1673 1674 1674 1674 1674 1675 1675 1675 1675 1676 1676 1676 1676 1677 1677 1677 1677 1678 1678 1678 1678 1677 1677 1677 1677 1679 1679 1679 1679 1678 1678 1678 1678 1678 1678 1678 1678 1679 1679 1679 1679 1680 1680 1680 1680 1681 1681 1681 1681 1682 1682 1682 1682 1683 1683 1683 1683 1682 1682 1682 1682 1684 1684 1684 1684 1683 1683 1683 1683 1683 1683 1683 1683 1684 1684 1684 1684 1685 1685 1685 1685 1686 1686 1686 1686 1687 1687 1687 1687 1688 1688 1688 1688 1687 1687 1687 1687 1689 1689 1689 1689 1688 1688 1688 1688 1688 1688 1688 1688 1689 1689 1689 1689 1690 1690 1690 1690 1691 1691 1691 1691 1692 1692 1692 1692 1693 1693 1693 1693 1692 1692 1692 1692 1694 1694 1694 1694 1693 1693 1693 1693 1693 1693 1693 1693 1694 1694 1694 1694 1695 1695 1695 1695 1696 1696 1696 1696 1697 1697 1697 1697 1698 1698 1698 1698 1697 1697 1697 1697 1699 1699 1699 1699 1698 1698 1698 1698 1698 1698 1698 1698 1699 1699 1699 1699 1700 1700 1700 1700 1701 1701 1701 1701 1702 1702 1702 1702 1703 1703 1703 1703 1702 1702 1702 1702 1704 1704 1704 1704 1703 1703 1703 1703 1703 1703 1703 1703 1704 1704 1704 1704 1705 1705 1705 1705 1706 1706 1706 1706 1707 1707 1707 1707 1708 1708 1708 1708 1709 1709 1709 1709 1706 1706 1706 1706 1708 1708 1708 1708 1710 1710 1710 1710 1706 1706 1706 1706 1709 1709 1709 1709 1711 1711 1711 1711 1712 1712 1712 1712 1713 1713 1713 1713 1712 1712 1712 1712 1714 1714 1714 1714 1713 1713 1713 1713 1712 1712 1712 1712 1715 1715 1715 1715 1714 1714 1714 1714 1715 1715 1715 1715 1716 1716 1716 1716 1714 1714 1714 1714 1715 1715 1715 1715 1717 1717 1717 1717 1716 1716 1716 1716 1717 1717 1717 1717 1718 1718 1718 1718 1719 1719 1719 1719 1720 1720 1720 1720 1717 1717 1717 1717 1719 1719 1719 1719 1721 1721 1721 1721 1722 1722 1722 1722 1723 1723 1723 1723 1722 1722 1722 1722 1724 1724 1724 1724 1723 1723 1723 1723 1724 1724 1724 1724 1722 1722 1722 1722 1725 1725 1725 1725 1726 1726 1726 1726 1727 1727 1727 1727 1728 1728 1728 1728 1727 1727 1727 1727 1729 1729 1729 1729 1728 1728 1728 1728 1727 1727 1727 1727 1730 1730 1730 1730 1731 1731 1731 1731 1732 1732 1732 1732 1727 1727 1727 1727 1731 1731 1731 1731 1733 1733 1733 1733 1734 1734 1734 1734 1735 1735 1735 1735 1734 1734 1734 1734 1736 1736 1736 1736 1735 1735 1735 1735 1734 1734 1734 1734 1737 1737 1737 1737 1738 1738 1738 1738 1739 1739 1739 1739 1734 1734 1734 1734 1738 1738 1738 1738 1740 1740 1740 1740 1741 1741 1741 1741 1742 1742 1742 1742 1743 1743 1743 1743 1740 1740 1740 1740 1742 1742 1742 1742 1743 1743 1743 1743 1742 1742 1742 1742 1744 1744 1744 1744 1745 1745 1745 1745 1740 1740 1740 1740 1743 1743 1743 1743 1746 1746 1746 1746 1743 1743 1743 1743 1744 1744 1744 1744 1747 1747 1747 1747 1745 1745 1745 1745 1743 1743 1743 1743 1747 1747 1747 1747 1743 1743 1743 1743 1746 1746 1746 1746 1748 1748 1748 1748 1749 1749 1749 1749 1746 1746 1746 1746 1749 1749 1749 1749 1750 1750 1750 1750 1746 1746 1746 1746 1751 1751 1751 1751 1747 1747 1747 1747 1746 1746 1746 1746 1752 1752 1752 1752 1747 1747 1747 1747 1751 1751 1751 1751 1753 1753 1753 1753 1752 1752 1752 1752 1751 1751 1751 1751 1746 1746 1746 1746 1750 1750 1750 1750 1754 1754 1754 1754 1755 1755 1755 1755 1753 1753 1753 1753 1754 1754 1754 1754 1750 1750 1750 1750 1756 1756 1756 1756 1754 1754 1754 1754 1757 1757 1757 1757 1755 1755 1755 1755 1754 1754 1754 1754 1754 1754 1754 1754 1756 1756 1756 1756 1758 1758 1758 1758 1757 1757 1757 1757 1754 1754 1754 1754 1759 1759 1759 1759 1754 1754 1754 1754 1758 1758 1758 1758 1759 1759 1759 1759 1760 1760 1760 1760 1757 1757 1757 1757 1759 1759 1759 1759 1758 1758 1758 1758 1761 1761 1761 1761 1759 1759 1759 1759 1762 1762 1762 1762 1763 1763 1763 1763 1764 1764 1764 1764 1765 1765 1765 1765 1762 1762 1762 1762 1764 1764 1764 1764 1764 1764 1764 1764 1766 1766 1766 1766 1765 1765 1765 1765 1767 1767 1767 1767 1762 1762 1762 1762 1765 1765 1765 1765 1768 1768 1768 1768 1767 1767 1767 1767 1765 1765 1765 1765 1766 1766 1766 1766 1769 1769 1769 1769 1765 1765 1765 1765 1765 1765 1765 1765 1770 1770 1770 1770 1768 1768 1768 1768 1765 1765 1765 1765 1769 1769 1769 1769 1771 1771 1771 1771 1769 1769 1769 1769 1772 1772 1772 1772 1771 1771 1771 1771 1772 1772 1772 1772 1773 1773 1773 1773 1771 1771 1771 1771 1773 1773 1773 1773 1774 1774 1774 1774 1771 1771 1771 1771 1774 1774 1774 1774 1775 1775 1775 1775 1771 1771 1771 1771 1771 1771 1771 1771 1775 1775 1775 1775 1765 1765 1765 1765 1775 1775 1775 1775 1776 1776 1776 1776 1765 1765 1765 1765 1765 1765 1765 1765 1776 1776 1776 1776 1777 1777 1777 1777 1777 1777 1777 1777 1778 1778 1778 1778 1765 1765 1765 1765 1778 1778 1778 1778 1779 1779 1779 1779 1765 1765 1765 1765 1780 1780 1780 1780 1765 1765 1765 1765 1779 1779 1779 1779 1765 1765 1765 1765 1780 1780 1780 1780 1770 1770 1770 1770 1781 1781 1781 1781 1780 1780 1780 1780 1779 1779 1779 1779 1780 1780 1780 1780 1782 1782 1782 1782 1770 1770 1770 1770 1782 1782 1782 1782 1780 1780 1780 1780 1781 1781 1781 1781 </p>
        </triangles>
      </mesh>
    </geometry>
  </library_geometries>
  <library_controllers>
    <controller id="Armature_L01_019__mTreeOakLeaf-mesh">
      <skin source="#L01_019__mTreeOakLeaf-mesh">
        <bind_shape_matrix>1 0 0 0 0 1 0 0 0 0 1 0 0 0 0 1</bind_shape_matrix>
        <source id="L01_019__mTreeOakLeaf-mesh-joint">
          <Name_array id="L01_019__mTreeOakLeaf-mesh-joint-array" count="2">Plant01 PlantTop</Name_array>
          <technique_common>
            <accessor source="#L01_019__mTreeOakLeaf-mesh-joint-array" count="2" stride="1">
              <param name="JOINT" type="name" />
            </accessor>
          </technique_common>
        </source>
        <source id="L01_019__mTreeOakLeaf-mesh-inv_bind_matrix">
          <float_array id="L01_019__mTreeOakLeaf-mesh-inv_bind_matrix-array" count="32">5.960466E-08 0.9999998 -2.086162E-07 -9.632124 -2.086162E-07 5.960466E-08 0.9999998 -9.781444E-14 0.9999998 -2.086162E-07 5.960466E-08 4.467665 0 0 0 1 5.960466E-08 0.9999998 -2.086162E-07 -9.632124 -2.086162E-07 5.960466E-08 0.9999998 -6.892966E-14 0.9999998 -2.086162E-07 5.960466E-08 -3.401983 0 0 0 1</float_array>
          <technique_common>
            <accessor source="#L01_019__mTreeOakLeaf-mesh-inv_bind_matrix-array" count="2" stride="16">
              <param name="TRANSFORM" type="float4x4" />
            </accessor>
          </technique_common>
        </source>
        <source id="L01_019__mTreeOakLeaf-mesh-weight">
          <float_array id="L01_019__mTreeOakLeaf-mesh-weight-array" count="1">1</float_array>
          <technique_common>
            <accessor source="#L01_019__mTreeOakLeaf-mesh-weight-array" count="1" stride="1">
              <param name="WEIGHT" type="float" />
            </accessor>
          </technique_common>
        </source>
        <joints>
          <input semantic="JOINT" source="#L01_019__mTreeOakLeaf-mesh-joint" />
          <input semantic="INV_BIND_MATRIX" source="#L01_019__mTreeOakLeaf-mesh-inv_bind_matrix" />
        </joints>
        <vertex_weights count="440">
          <input semantic="JOINT" source="#L01_019__mTreeOakLeaf-mesh-joint" offset="0" />
          <input semantic="WEIGHT" source="#L01_019__mTreeOakLeaf-mesh-weight" offset="1" />
          <vcount>1 1 1 1 1 1 1 1 1 1 1 1 1 1 1 1 1 1 1 1 1 1 1 1 1 1 1 1 1 1 1 1 1 1 1 1 1 1 1 1 1 1 1 1 1 1 1 1 1 1 1 1 1 1 1 1 1 1 1 1 1 1 1 1 1 1 1 1 1 1 1 1 1 1 1 1 1 1 1 1 1 1 1 1 1 1 1 1 1 1 1 1 1 1 1 1 1 1 1 1 1 1 1 1 1 1 1 1 1 1 1 1 1 1 1 1 1 1 1 1 1 1 1 1 1 1 1 1 1 1 1 1 1 1 1 1 1 1 1 1 1 1 1 1 1 1 1 1 1 1 1 1 1 1 1 1 1 1 1 1 1 1 1 1 1 1 1 1 1 1 1 1 1 1 1 1 1 1 1 1 1 1 1 1 1 1 1 1 1 1 1 1 1 1 1 1 1 1 1 1 1 1 1 1 1 1 1 1 1 1 1 1 1 1 1 1 1 1 1 1 1 1 1 1 1 1 1 1 1 1 1 1 1 1 1 1 1 1 1 1 1 1 1 1 1 1 1 1 1 1 1 1 1 1 1 1 1 1 1 1 1 1 1 1 1 1 1 1 1 1 1 1 1 1 1 1 1 1 1 1 1 1 1 1 1 1 1 1 1 1 1 1 1 1 1 1 1 1 1 1 1 1 1 1 1 1 1 1 1 1 1 1 1 1 1 1 1 1 1 1 1 1 1 1 1 1 1 1 1 1 1 1 1 1 1 1 1 1 1 1 1 1 1 1 1 1 1 1 1 1 1 1 1 1 1 1 1 1 1 1 1 1 1 1 1 1 1 1 1 1 1 1 1 1 1 1 1 1 1 1 1 1 1 1 1 1 1 1 1 1 1 1 1 1 1 1 1 1 1 1 1 1 1 1 1 1 1 1 1 1 1 1 1 1 1 1 1 1 1 1 1 1 1 1 1 1 1 1 1 1 1 1 1 1 1 1 1 1 1 1 </vcount>
          <v>0 0 0 0 0 0 0 0 0 0 0 0 0 0 0 0 0 0 0 0 0 0 0 0 0 0 0 0 0 0 0 0 0 0 0 0 0 0 0 0 0 0 0 0 0 0 0 0 0 0 0 0 0 0 0 0 0 0 0 0 0 0 0 0 0 0 0 0 0 0 0 0 0 0 0 0 0 0 0 0 0 0 0 0 0 0 0 0 0 0 0 0 0 0 0 0 0 0 0 0 0 0 0 0 0 0 0 0 0 0 0 0 1 0 1 0 1 0 1 0 1 0 1 0 1 0 1 0 1 0 1 0 1 0 1 0 1 0 1 0 1 0 1 0 1 0 1 0 1 0 1 0 1 0 1 0 1 0 1 0 1 0 1 0 1 0 1 0 1 0 1 0 1 0 1 0 0 0 0 0 0 0 0 0 0 0 0 0 0 0 0 0 1 0 1 0 1 0 1 0 1 0 1 0 1 0 1 0 1 0 1 0 1 0 1 0 1 0 1 0 1 0 1 0 1 0 1 0 1 0 1 0 1 0 1 0 1 0 1 0 1 0 1 0 1 0 1 0 1 0 1 0 1 0 1 0 1 0 1 0 1 0 1 0 1 0 1 0 1 0 1 0 1 0 1 0 1 0 1 0 1 0 1 0 1 0 1 0 1 0 1 0 1 0 1 0 1 0 1 0 1 0 1 0 0 0 0 0 0 0 0 0 0 0 0 0 1 0 1 0 1 0 1 0 1 0 1 0 1 0 1 0 1 0 1 0 1 0 1 0 1 0 1 0 1 0 1 0 1 0 1 0 1 0 1 0 1 0 1 0 1 0 1 0 0 0 0 0 0 0 0 0 0 0 0 0 0 0 0 0 0 0 0 0 0 0 0 0 0 0 0 0 0 0 0 0 0 0 0 0 0 0 0 0 0 0 0 0 0 0 0 0 1 0 1 0 1 0 1 0 1 0 1 0 0 0 0 0 0 0 0 0 0 0 0 0 0 0 0 0 0 0 0 0 0 0 0 0 0 0 0 0 0 0 0 0 0 0 0 0 0 0 0 0 0 0 0 0 0 0 0 0 0 0 0 0 0 0 0 0 0 0 0 0 0 0 0 0 0 0 0 0 0 0 0 0 0 0 0 0 0 0 0 0 0 0 0 0 0 0 0 0 0 0 0 0 0 0 0 0 0 0 0 0 0 0 0 0 0 0 0 0 1 0 1 0 1 0 1 0 1 0 1 0 1 0 1 0 1 0 1 0 1 0 1 0 1 0 1 0 1 0 1 0 1 0 1 0 1 0 1 0 1 0 1 0 1 0 1 0 1 0 1 0 1 0 1 0 1 0 1 0 0 0 0 0 0 0 0 0 0 0 0 0 0 0 0 0 0 0 0 0 0 0 0 0 0 0 0 0 0 0 0 0 0 0 0 0 1 0 1 0 1 0 1 0 1 0 1 0 0 0 0 0 0 0 0 0 0 0 0 0 0 0 0 0 0 0 0 0 0 0 0 0 0 0 0 0 0 0 0 0 0 0 0 0 0 0 0 0 0 0 0 0 0 0 0 0 0 0 0 0 0 0 0 0 0 0 0 0 0 0 0 0 0 0 0 0 0 0 0 0 0 0 0 0 0 0 0 0 0 0 0 0 0 0 0 0 0 0 0 0 0 0 0 0 1 0 1 0 1 0 1 0 1 0 1 0 1 0 1 0 1 0 1 0 1 0 1 0 0 0 0 0 0 0 0 0 0 0 0 0 0 0 0 0 0 0 0 0 0 0 0 0 0 0 0 0 0 0 0 0 0 0 0 0 0 0 0 0 0 0 0 0 0 0 0 0 1 0 1 0 1 0 1 0 1 0 1 0 1 0 1 0 1 0 1 0 1 0 1 0 0 0 0 0 0 0 0 0 0 0 0 0 1 0 1 0 1 0 1 0 1 0 1 0 1 0 1 0 1 0 1 0 1 0 1 0 1 0 1 0 1 0 1 0 1 0 1 0 </v>
        </vertex_weights>
      </skin>
    </controller>
    <controller id="Armature_LB018__mTreeOakLeafBack-mesh">
      <skin source="#LB018__mTreeOakLeafBack-mesh">
        <bind_shape_matrix>1 0 0 0 0 1 0 0 0 0 1 0 0 0 0 1</bind_shape_matrix>
        <source id="LB018__mTreeOakLeafBack-mesh-joint">
          <Name_array id="LB018__mTreeOakLeafBack-mesh-joint-array" count="2">PlantTop Plant01</Name_array>
          <technique_common>
            <accessor source="#LB018__mTreeOakLeafBack-mesh-joint-array" count="2" stride="1">
              <param name="JOINT" type="name" />
            </accessor>
          </technique_common>
        </source>
        <source id="LB018__mTreeOakLeafBack-mesh-inv_bind_matrix">
          <float_array id="LB018__mTreeOakLeafBack-mesh-inv_bind_matrix-array" count="32">5.960466E-08 0.9999998 -2.086162E-07 -9.632124 -2.086162E-07 5.960466E-08 0.9999998 -6.892966E-14 0.9999998 -2.086162E-07 5.960466E-08 -3.401983 0 0 0 1 5.960466E-08 0.9999998 -2.086162E-07 -9.632124 -2.086162E-07 5.960466E-08 0.9999998 -9.781444E-14 0.9999998 -2.086162E-07 5.960466E-08 4.467665 0 0 0 1</float_array>
          <technique_common>
            <accessor source="#LB018__mTreeOakLeafBack-mesh-inv_bind_matrix-array" count="2" stride="16">
              <param name="TRANSFORM" type="float4x4" />
            </accessor>
          </technique_common>
        </source>
        <source id="LB018__mTreeOakLeafBack-mesh-weight">
          <float_array id="LB018__mTreeOakLeafBack-mesh-weight-array" count="1">1</float_array>
          <technique_common>
            <accessor source="#LB018__mTreeOakLeafBack-mesh-weight-array" count="1" stride="1">
              <param name="WEIGHT" type="float" />
            </accessor>
          </technique_common>
        </source>
        <joints>
          <input semantic="JOINT" source="#LB018__mTreeOakLeafBack-mesh-joint" />
          <input semantic="INV_BIND_MATRIX" source="#LB018__mTreeOakLeafBack-mesh-inv_bind_matrix" />
        </joints>
        <vertex_weights count="48">
          <input semantic="JOINT" source="#LB018__mTreeOakLeafBack-mesh-joint" offset="0" />
          <input semantic="WEIGHT" source="#LB018__mTreeOakLeafBack-mesh-weight" offset="1" />
          <vcount>1 1 1 1 1 1 1 1 1 1 1 1 1 1 1 1 1 1 1 1 1 1 1 1 1 1 1 1 1 1 1 1 1 1 1 1 1 1 1 1 1 1 1 1 1 1 1 1 </vcount>
          <v>0 0 0 0 0 0 0 0 0 0 0 0 0 0 1 0 1 0 1 0 1 0 1 0 1 0 1 0 1 0 1 0 1 0 1 0 1 0 1 0 1 0 0 0 0 0 0 0 0 0 0 0 0 0 0 0 0 0 0 0 0 0 0 0 0 0 0 0 0 0 0 0 0 0 0 0 0 0 0 0 0 0 0 0 1 0 1 0 1 0 1 0 1 0 1 0 </v>
        </vertex_weights>
      </skin>
    </controller>
    <controller id="Armature_TrunkBottom__mPltTreeOakTrunk-mesh">
      <skin source="#TrunkBottom__mPltTreeOakTrunk-mesh">
        <bind_shape_matrix>1 0 0 0 0 1 0 0 0 0 1 0 0 0 0 1</bind_shape_matrix>
        <source id="TrunkBottom__mPltTreeOakTrunk-mesh-joint">
          <Name_array id="TrunkBottom__mPltTreeOakTrunk-mesh-joint-array" count="2">Skl_Root Base</Name_array>
          <technique_common>
            <accessor source="#TrunkBottom__mPltTreeOakTrunk-mesh-joint-array" count="2" stride="1">
              <param name="JOINT" type="name" />
            </accessor>
          </technique_common>
        </source>
        <source id="TrunkBottom__mPltTreeOakTrunk-mesh-inv_bind_matrix">
          <float_array id="TrunkBottom__mPltTreeOakTrunk-mesh-inv_bind_matrix-array" count="32">5.960466E-08 0.9999998 -2.086162E-07 0 -2.086162E-07 5.960466E-08 0.9999998 0 0.9999998 -2.086162E-07 5.960466E-08 0 0 0 0 1 5.960466E-08 0.9999998 -2.086162E-07 -4.549641 -2.086162E-07 5.960466E-08 0.9999998 3.40709E-15 0.9999998 -2.086162E-07 5.960466E-08 -0.0409877 0 0 0 1</float_array>
          <technique_common>
            <accessor source="#TrunkBottom__mPltTreeOakTrunk-mesh-inv_bind_matrix-array" count="2" stride="16">
              <param name="TRANSFORM" type="float4x4" />
            </accessor>
          </technique_common>
        </source>
        <source id="TrunkBottom__mPltTreeOakTrunk-mesh-weight">
          <float_array id="TrunkBottom__mPltTreeOakTrunk-mesh-weight-array" count="1">1</float_array>
          <technique_common>
            <accessor source="#TrunkBottom__mPltTreeOakTrunk-mesh-weight-array" count="1" stride="1">
              <param name="WEIGHT" type="float" />
            </accessor>
          </technique_common>
        </source>
        <joints>
          <input semantic="JOINT" source="#TrunkBottom__mPltTreeOakTrunk-mesh-joint" />
          <input semantic="INV_BIND_MATRIX" source="#TrunkBottom__mPltTreeOakTrunk-mesh-inv_bind_matrix" />
        </joints>
        <vertex_weights count="1783">
          <input semantic="JOINT" source="#TrunkBottom__mPltTreeOakTrunk-mesh-joint" offset="0" />
          <input semantic="WEIGHT" source="#TrunkBottom__mPltTreeOakTrunk-mesh-weight" offset="1" />
          <vcount>1 1 1 1 1 1 1 1 1 1 1 1 1 1 1 1 1 1 1 1 1 1 1 1 1 1 1 1 1 1 1 1 1 1 1 1 1 1 1 1 1 1 1 1 1 1 1 1 1 1 1 1 1 1 1 1 1 1 1 1 1 1 1 1 1 1 1 1 1 1 1 1 1 1 1 1 1 1 1 1 1 1 1 1 1 1 1 1 1 1 1 1 1 1 1 1 1 1 1 1 1 1 1 1 1 1 1 1 1 1 1 1 1 1 1 1 1 1 1 1 1 1 1 1 1 1 1 1 1 1 1 1 1 1 1 1 1 1 1 1 1 1 1 1 1 1 1 1 1 1 1 1 1 1 1 1 1 1 1 1 1 1 1 1 1 1 1 1 1 1 1 1 1 1 1 1 1 1 1 1 1 1 1 1 1 1 1 1 1 1 1 1 1 1 1 1 1 1 1 1 1 1 1 1 1 1 1 1 1 1 1 1 1 1 1 1 1 1 1 1 1 1 1 1 1 1 1 1 1 1 1 1 1 1 1 1 1 1 1 1 1 1 1 1 1 1 1 1 1 1 1 1 1 1 1 1 1 1 1 1 1 1 1 1 1 1 1 1 1 1 1 1 1 1 1 1 1 1 1 1 1 1 1 1 1 1 1 1 1 1 1 1 1 1 1 1 1 1 1 1 1 1 1 1 1 1 1 1 1 1 1 1 1 1 1 1 1 1 1 1 1 1 1 1 1 1 1 1 1 1 1 1 1 1 1 1 1 1 1 1 1 1 1 1 1 1 1 1 1 1 1 1 1 1 1 1 1 1 1 1 1 1 1 1 1 1 1 1 1 1 1 1 1 1 1 1 1 1 1 1 1 1 1 1 1 1 1 1 1 1 1 1 1 1 1 1 1 1 1 1 1 1 1 1 1 1 1 1 1 1 1 1 1 1 1 1 1 1 1 1 1 1 1 1 1 1 1 1 1 1 1 1 1 1 1 1 1 1 1 1 1 1 1 1 1 1 1 1 1 1 1 1 1 1 1 1 1 1 1 1 1 1 1 1 1 1 1 1 1 1 1 1 1 1 1 1 1 1 1 1 1 1 1 1 1 1 1 1 1 1 1 1 1 1 1 1 1 1 1 1 1 1 1 1 1 1 1 1 1 1 1 1 1 1 1 1 1 1 1 1 1 1 1 1 1 1 1 1 1 1 1 1 1 1 1 1 1 1 1 1 1 1 1 1 1 1 1 1 1 1 1 1 1 1 1 1 1 1 1 1 1 1 1 1 1 1 1 1 1 1 1 1 1 1 1 1 1 1 1 1 1 1 1 1 1 1 1 1 1 1 1 1 1 1 1 1 1 1 1 1 1 1 1 1 1 1 1 1 1 1 1 1 1 1 1 1 1 1 1 1 1 1 1 1 1 1 1 1 1 1 1 1 1 1 1 1 1 1 1 1 1 1 1 1 1 1 1 1 1 1 1 1 1 1 1 1 1 1 1 1 1 1 1 1 1 1 1 1 1 1 1 1 1 1 1 1 1 1 1 1 1 1 1 1 1 1 1 1 1 1 1 1 1 1 1 1 1 1 1 1 1 1 1 1 1 1 1 1 1 1 1 1 1 1 1 1 1 1 1 1 1 1 1 1 1 1 1 1 1 1 1 1 1 1 1 1 1 1 1 1 1 1 1 1 1 1 1 1 1 1 1 1 1 1 1 1 1 1 1 1 1 1 1 1 1 1 1 1 1 1 1 1 1 1 1 1 1 1 1 1 1 1 1 1 1 1 1 1 1 1 1 1 1 1 1 1 1 1 1 1 1 1 1 1 1 1 1 1 1 1 1 1 1 1 1 1 1 1 1 1 1 1 1 1 1 1 1 1 1 1 1 1 1 1 1 1 1 1 1 1 1 1 1 1 1 1 1 1 1 1 1 1 1 1 1 1 1 1 1 1 1 1 1 1 1 1 1 1 1 1 1 1 1 1 1 1 1 1 1 1 1 1 1 1 1 1 1 1 1 1 1 1 1 1 1 1 1 1 1 1 1 1 1 1 1 1 1 1 1 1 1 1 1 1 1 1 1 1 1 1 1 1 1 1 1 1 1 1 1 1 1 1 1 1 1 1 1 1 1 1 1 1 1 1 1 1 1 1 1 1 1 1 1 1 1 1 1 1 1 1 1 1 1 1 1 1 1 1 1 1 1 1 1 1 1 1 1 1 1 1 1 1 1 1 1 1 1 1 1 1 1 1 1 1 1 1 1 1 1 1 1 1 1 1 1 1 1 1 1 1 1 1 1 1 1 1 1 1 1 1 1 1 1 1 1 1 1 1 1 1 1 1 1 1 1 1 1 1 1 1 1 1 1 1 1 1 1 1 1 1 1 1 1 1 1 1 1 1 1 1 1 1 1 1 1 1 1 1 1 1 1 1 1 1 1 1 1 1 1 1 1 1 1 1 1 1 1 1 1 1 1 1 1 1 1 1 1 1 1 1 1 1 1 1 1 1 1 1 1 1 1 1 1 1 1 1 1 1 1 1 1 1 1 1 1 1 1 1 1 1 1 1 1 1 1 1 1 1 1 1 1 1 1 1 1 1 1 1 1 1 1 1 1 1 1 1 1 1 1 1 1 1 1 1 1 1 1 1 1 1 1 1 1 1 1 1 1 1 1 1 1 1 1 1 1 1 1 1 1 1 1 1 1 1 1 1 1 1 1 1 1 1 1 1 1 1 1 1 1 1 1 1 1 1 1 1 1 1 1 1 1 1 1 1 1 1 1 1 1 1 1 1 1 1 1 1 1 1 1 1 1 1 1 1 1 1 1 1 1 1 1 1 1 1 1 1 1 1 1 1 1 1 1 1 1 1 1 1 1 1 1 1 1 1 1 1 1 1 1 1 1 1 1 1 1 1 1 1 1 1 1 1 1 1 1 1 1 1 1 1 1 1 1 1 1 1 1 1 1 1 1 1 1 1 1 1 1 1 1 1 1 1 1 1 1 1 1 1 1 1 1 1 1 1 1 1 1 1 1 1 1 1 1 1 1 1 1 1 1 1 1 1 1 1 1 1 1 1 1 1 1 1 1 1 1 1 1 1 1 1 1 1 1 1 1 1 1 1 1 1 1 1 1 1 1 1 1 1 1 1 1 1 1 1 1 1 1 1 1 1 1 1 1 1 1 1 1 1 1 1 1 1 1 1 1 1 1 1 1 1 1 1 1 1 1 1 1 1 1 1 1 1 1 1 1 1 1 1 1 1 1 1 1 1 1 1 1 1 1 1 1 1 1 1 1 1 1 1 1 1 1 1 1 1 1 1 1 1 1 1 1 1 1 1 1 1 1 1 1 1 1 1 1 1 1 1 1 1 1 1 1 1 1 1 1 1 1 1 1 1 1 1 1 1 1 1 1 1 1 1 1 1 1 1 1 1 1 1 1 1 1 1 1 1 1 1 1 1 1 1 1 1 1 1 1 1 1 1 1 1 1 1 1 1 1 1 1 1 1 1 1 1 1 1 1 1 1 1 1 1 1 1 1 1 1 1 1 1 1 1 1 1 1 1 1 1 1 1 1 1 1 1 1 1 1 1 1 1 1 1 1 1 1 1 1 1 1 1 1 1 1 1 1 1 1 1 1 1 1 1 1 1 1 1 1 1 1 1 1 1 1 1 1 1 1 1 1 1 1 1 1 1 1 1 1 1 1 1 1 1 1 1 1 1 1 1 1 1 1 1 1 1 1 1 1 1 1 1 1 1 1 1 1 1 1 1 1 1 1 1 1 1 1 1 1 1 1 1 1 1 1 1 1 1 1 1 1 1 1 1 1 1 1 1 1 1 1 1 1 1 1 1 1 1 1 1 1 1 1 1 1 1 1 1 1 1 1 1 1 1 1 1 1 1 1 1 1 1 1 1 1 1 1 1 1 1 1 1 1 1 1 1 1 1 1 1 1 1 1 1 1 1 1 1 1 1 1 1 1 1 1 1 1 1 1 1 1 1 1 1 1 1 1 1 1 1 1 1 1 1 1 1 1 </vcount>
          <v>0 0 0 0 0 0 0 0 0 0 0 0 0 0 0 0 0 0 0 0 0 0 0 0 0 0 0 0 0 0 0 0 0 0 0 0 0 0 0 0 0 0 0 0 0 0 0 0 0 0 0 0 0 0 0 0 0 0 0 0 0 0 0 0 0 0 0 0 0 0 0 0 0 0 0 0 0 0 0 0 0 0 0 0 0 0 0 0 0 0 0 0 0 0 0 0 0 0 0 0 0 0 0 0 0 0 0 0 0 0 0 0 0 0 0 0 0 0 0 0 0 0 0 0 0 0 0 0 0 0 0 0 0 0 0 0 0 0 0 0 0 0 0 0 0 0 0 0 0 0 0 0 0 0 0 0 0 0 0 0 0 0 0 0 0 0 0 0 0 0 0 0 0 0 0 0 0 0 0 0 0 0 0 0 0 0 0 0 0 0 0 0 0 0 0 0 0 0 0 0 0 0 0 0 0 0 0 0 0 0 0 0 0 0 0 0 0 0 0 0 0 0 0 0 0 0 0 0 0 0 0 0 0 0 0 0 0 0 0 0 0 0 0 0 0 0 0 0 0 0 0 0 0 0 0 0 0 0 0 0 0 0 0 0 0 0 0 0 0 0 0 0 0 0 0 0 0 0 0 0 0 0 0 0 0 0 0 0 0 0 0 0 0 0 0 0 0 0 0 0 0 0 0 0 0 0 0 0 0 0 0 0 0 0 0 0 0 0 0 0 0 0 0 0 0 0 0 0 0 0 0 0 0 0 0 0 0 0 0 0 0 0 0 0 0 0 0 0 0 0 0 0 0 0 0 0 0 0 0 0 0 0 0 0 0 0 0 0 0 0 0 0 0 0 0 0 0 0 0 0 0 0 0 0 0 0 0 0 0 0 0 0 0 0 0 0 0 0 0 0 0 0 0 0 0 0 0 0 0 0 0 0 0 0 0 0 0 0 0 0 0 0 0 0 0 0 0 0 0 0 0 0 0 0 0 0 0 0 0 0 0 0 0 0 0 0 0 0 0 0 0 0 0 0 0 0 0 0 0 0 0 0 0 0 0 0 0 0 0 0 0 0 0 0 0 0 0 0 0 0 0 0 0 0 0 0 0 0 0 0 0 0 0 0 0 0 0 0 0 0 0 0 0 0 0 0 0 0 0 0 0 0 0 0 0 0 0 0 0 0 0 0 0 0 0 0 0 0 0 0 0 0 0 0 0 0 0 0 0 0 0 0 0 0 0 0 0 0 0 0 0 0 0 0 0 0 0 0 0 0 0 0 0 0 0 0 0 0 0 0 0 0 0 0 0 0 0 0 0 0 0 0 0 0 0 0 0 0 0 0 0 0 0 0 0 0 0 0 0 0 0 0 0 0 0 0 0 0 0 0 0 0 0 0 0 0 0 0 0 0 0 0 0 0 0 0 0 0 0 0 0 0 0 0 0 0 0 0 0 0 0 0 0 0 0 0 0 0 0 0 0 0 0 0 0 0 0 0 0 0 0 0 0 0 0 0 0 0 0 0 0 0 0 0 0 0 0 0 0 0 0 0 0 0 0 0 0 0 0 0 0 0 0 0 0 0 0 0 0 0 0 0 0 0 0 0 0 0 0 0 0 0 0 0 0 0 0 0 0 0 0 0 0 0 0 0 0 0 0 0 0 0 0 0 0 0 0 0 0 0 0 0 0 0 0 0 0 0 0 0 0 0 0 0 0 0 0 0 0 0 0 0 0 0 0 0 0 0 0 0 0 0 0 0 0 0 0 0 0 0 0 0 0 0 0 0 0 0 0 0 0 0 0 0 0 0 0 0 0 0 0 0 0 0 0 0 0 0 0 0 0 0 0 0 0 0 0 0 0 0 0 0 0 0 0 0 0 0 0 0 0 0 0 0 0 0 0 0 0 0 0 0 0 0 0 0 0 0 0 0 0 0 0 0 0 0 0 0 0 0 0 0 0 0 0 0 0 0 0 0 0 0 0 0 0 0 0 0 0 0 0 0 0 0 0 0 0 0 0 0 0 0 0 0 0 0 0 0 0 0 0 0 0 0 0 0 0 0 0 0 0 0 0 0 0 0 0 0 0 0 0 0 0 0 0 0 0 0 0 0 0 0 0 0 0 0 0 0 0 0 0 0 0 0 0 0 0 0 1 0 1 0 1 0 1 0 1 0 1 0 1 0 1 0 1 0 1 0 1 0 1 0 1 0 1 0 1 0 1 0 1 0 1 0 1 0 1 0 1 0 1 0 1 0 1 0 1 0 1 0 1 0 1 0 1 0 1 0 1 0 1 0 1 0 1 0 1 0 1 0 1 0 1 0 1 0 1 0 1 0 1 0 1 0 1 0 1 0 1 0 1 0 1 0 1 0 1 0 1 0 1 0 1 0 1 0 1 0 1 0 1 0 1 0 1 0 1 0 1 0 1 0 1 0 1 0 1 0 1 0 1 0 1 0 1 0 1 0 1 0 1 0 1 0 1 0 1 0 1 0 1 0 1 0 1 0 1 0 1 0 1 0 1 0 1 0 1 0 1 0 1 0 1 0 1 0 1 0 1 0 1 0 1 0 1 0 1 0 1 0 1 0 1 0 1 0 1 0 1 0 1 0 1 0 1 0 1 0 1 0 1 0 1 0 1 0 1 0 1 0 1 0 1 0 1 0 1 0 1 0 1 0 1 0 1 0 1 0 1 0 1 0 1 0 1 0 1 0 1 0 1 0 1 0 1 0 1 0 1 0 1 0 1 0 1 0 1 0 1 0 1 0 1 0 1 0 1 0 1 0 1 0 1 0 1 0 1 0 1 0 1 0 1 0 1 0 1 0 1 0 1 0 1 0 1 0 1 0 1 0 1 0 1 0 1 0 1 0 1 0 1 0 1 0 1 0 1 0 1 0 1 0 1 0 1 0 1 0 1 0 1 0 1 0 1 0 1 0 1 0 1 0 1 0 1 0 1 0 1 0 1 0 1 0 1 0 1 0 1 0 1 0 1 0 1 0 1 0 1 0 1 0 1 0 1 0 1 0 1 0 1 0 1 0 1 0 1 0 1 0 1 0 1 0 1 0 1 0 1 0 1 0 1 0 1 0 1 0 1 0 1 0 1 0 1 0 1 0 1 0 1 0 1 0 1 0 1 0 1 0 1 0 1 0 1 0 1 0 1 0 1 0 1 0 0 0 0 0 0 0 0 0 0 0 0 0 0 0 0 0 0 0 0 0 0 0 0 0 0 0 0 0 0 0 0 0 0 0 0 0 0 0 0 0 0 0 0 0 0 0 0 0 0 0 0 0 0 0 1 0 1 0 1 0 1 0 1 0 1 0 1 0 1 0 1 0 1 0 1 0 1 0 1 0 1 0 1 0 1 0 1 0 1 0 1 0 1 0 1 0 1 0 1 0 1 0 1 0 1 0 1 0 1 0 1 0 1 0 1 0 1 0 1 0 1 0 1 0 1 0 1 0 1 0 1 0 1 0 1 0 1 0 1 0 1 0 1 0 1 0 1 0 1 0 1 0 1 0 1 0 1 0 1 0 1 0 1 0 1 0 1 0 1 0 1 0 1 0 1 0 1 0 1 0 1 0 1 0 1 0 1 0 1 0 1 0 1 0 1 0 1 0 1 0 1 0 1 0 1 0 1 0 1 0 1 0 1 0 1 0 1 0 1 0 1 0 1 0 1 0 1 0 1 0 1 0 1 0 1 0 1 0 1 0 1 0 1 0 1 0 1 0 1 0 1 0 1 0 1 0 1 0 1 0 1 0 1 0 1 0 1 0 1 0 1 0 1 0 1 0 1 0 1 0 1 0 0 0 0 0 0 0 0 0 0 0 0 0 0 0 0 0 0 0 0 0 0 0 0 0 0 0 1 0 1 0 1 0 1 0 1 0 1 0 1 0 1 0 1 0 1 0 1 0 1 0 0 0 0 0 0 0 0 0 0 0 0 0 0 0 0 0 0 0 0 0 0 0 0 0 0 0 0 0 0 0 0 0 0 0 0 0 0 0 0 0 0 0 0 0 0 0 0 0 0 0 0 0 0 0 0 0 0 0 0 0 0 0 0 0 0 0 0 0 0 0 0 0 0 0 0 0 0 0 0 0 0 0 0 0 0 0 0 0 0 0 0 0 0 0 0 0 0 0 0 0 0 0 0 0 0 0 0 0 0 0 0 0 0 0 0 0 0 0 0 0 0 0 0 0 0 0 0 0 0 0 0 0 0 0 0 0 0 0 0 0 0 0 0 0 0 0 0 0 0 0 0 0 0 0 0 0 0 0 0 0 0 0 0 0 0 0 0 0 0 0 0 0 0 0 0 0 0 0 0 0 0 0 0 0 0 0 0 0 0 0 0 0 0 0 0 0 0 0 0 0 0 0 0 0 0 0 0 0 0 0 0 0 0 0 0 0 0 0 0 0 0 0 0 0 0 0 0 0 0 0 0 0 0 0 0 0 0 0 0 0 0 0 0 0 0 0 0 0 0 0 0 0 0 0 0 0 0 0 0 0 0 0 0 0 0 0 0 0 0 0 0 0 0 0 0 0 0 0 0 0 0 0 0 0 0 0 0 0 0 0 0 0 0 0 0 0 0 0 0 0 0 0 0 0 0 0 0 0 0 0 0 0 0 0 0 0 0 0 0 0 0 0 0 0 0 0 0 0 0 0 0 0 0 0 0 0 0 0 0 0 0 0 0 0 0 0 0 0 0 0 0 0 0 0 0 0 0 0 0 0 0 0 0 0 0 0 0 0 0 0 0 0 0 0 0 0 0 0 0 0 0 0 0 0 0 0 0 0 0 0 0 0 0 0 0 0 0 0 0 0 0 0 0 0 0 0 0 0 0 0 0 0 0 0 0 0 0 0 0 0 0 0 0 0 0 0 0 0 0 0 0 0 0 0 0 0 0 0 0 0 0 0 0 0 0 0 0 0 0 0 0 0 0 0 0 0 0 0 0 0 0 0 0 0 0 0 0 0 0 0 0 0 0 0 0 0 0 0 0 0 0 0 0 0 0 0 0 0 0 0 0 0 0 0 0 0 0 0 0 0 0 0 0 0 0 0 0 0 0 0 0 0 0 0 0 0 0 0 0 0 0 0 0 0 0 0 0 0 0 0 0 0 0 0 0 0 0 0 0 0 0 0 0 0 0 0 0 0 0 0 0 0 0 0 0 0 0 0 0 0 0 0 0 0 0 0 0 0 0 0 0 0 0 0 0 0 0 0 0 0 0 0 0 0 0 0 0 0 0 0 0 0 0 0 0 0 0 0 0 0 0 0 0 0 0 0 0 0 0 0 0 0 0 0 0 0 0 0 0 0 0 0 0 0 0 0 0 0 0 0 0 0 0 0 0 0 0 0 0 0 0 0 0 0 0 0 0 0 0 0 0 0 0 0 0 0 0 0 0 0 0 0 0 0 0 0 0 0 0 0 0 0 0 0 0 0 0 0 0 0 0 0 0 0 0 0 0 0 0 0 0 0 0 0 0 0 0 0 0 0 0 0 0 0 0 0 0 0 0 0 0 0 0 0 0 0 0 0 0 0 0 0 0 0 0 0 0 0 0 0 0 0 0 0 0 0 0 0 0 0 1 0 1 0 1 0 1 0 1 0 1 0 1 0 1 0 1 0 1 0 1 0 1 0 1 0 1 0 1 0 1 0 1 0 1 0 1 0 1 0 1 0 1 0 1 0 1 0 1 0 1 0 1 0 1 0 1 0 1 0 1 0 1 0 1 0 1 0 1 0 1 0 1 0 1 0 1 0 1 0 1 0 1 0 1 0 1 0 1 0 1 0 1 0 1 0 1 0 1 0 1 0 1 0 1 0 1 0 1 0 1 0 1 0 1 0 1 0 1 0 1 0 1 0 1 0 1 0 1 0 1 0 1 0 1 0 1 0 1 0 1 0 1 0 1 0 1 0 1 0 1 0 1 0 1 0 1 0 1 0 1 0 1 0 1 0 1 0 1 0 1 0 1 0 1 0 1 0 1 0 1 0 1 0 1 0 1 0 1 0 1 0 1 0 1 0 1 0 1 0 1 0 1 0 1 0 1 0 1 0 1 0 1 0 1 0 1 0 1 0 1 0 1 0 1 0 1 0 1 0 1 0 1 0 1 0 1 0 1 0 1 0 1 0 1 0 1 0 1 0 1 0 1 0 1 0 1 0 1 0 1 0 1 0 1 0 1 0 1 0 1 0 1 0 1 0 1 0 1 0 1 0 1 0 1 0 1 0 1 0 1 0 1 0 1 0 1 0 1 0 1 0 1 0 1 0 1 0 1 0 1 0 1 0 1 0 1 0 1 0 1 0 1 0 1 0 1 0 1 0 1 0 1 0 1 0 1 0 1 0 1 0 1 0 1 0 1 0 1 0 1 0 1 0 1 0 1 0 1 0 1 0 1 0 1 0 1 0 1 0 1 0 1 0 1 0 1 0 1 0 1 0 1 0 1 0 1 0 1 0 1 0 1 0 1 0 1 0 1 0 1 0 1 0 1 0 1 0 1 0 1 0 1 0 1 0 1 0 1 0 1 0 1 0 1 0 1 0 1 0 1 0 1 0 1 0 1 0 1 0 1 0 1 0 1 0 1 0 1 0 1 0 1 0 1 0 1 0 1 0 1 0 1 0 1 0 1 0 1 0 1 0 1 0 1 0 1 0 1 0 1 0 1 0 1 0 1 0 1 0 1 0 1 0 1 0 1 0 1 0 1 0 1 0 1 0 1 0 1 0 1 0 1 0 1 0 1 0 1 0 1 0 1 0 1 0 1 0 1 0 1 0 1 0 1 0 1 0 1 0 1 0 1 0 1 0 1 0 1 0 1 0 1 0 1 0 1 0 1 0 1 0 1 0 1 0 1 0 1 0 1 0 1 0 1 0 1 0 1 0 1 0 1 0 1 0 1 0 1 0 1 0 1 0 1 0 1 0 1 0 1 0 1 0 1 0 1 0 1 0 1 0 1 0 1 0 1 0 1 0 1 0 1 0 1 0 1 0 1 0 1 0 1 0 1 0 1 0 1 0 1 0 1 0 1 0 1 0 1 0 1 0 1 0 1 0 1 0 1 0 1 0 1 0 1 0 1 0 1 0 1 0 1 0 1 0 1 0 1 0 1 0 1 0 1 0 1 0 1 0 1 0 1 0 1 0 1 0 1 0 1 0 1 0 1 0 1 0 1 0 1 0 1 0 1 0 1 0 1 0 1 0 1 0 1 0 1 0 1 0 1 0 1 0 1 0 1 0 1 0 1 0 1 0 1 0 0 0 0 0 0 0 0 0 0 0 0 0 0 0 0 0 0 0 0 0 0 0 0 0 0 0 0 0 0 0 0 0 0 0 0 0 0 0 0 0 0 0 0 0 0 0 0 0 0 0 0 0 0 0 0 0 0 0 0 0 0 0 0 0 0 0 0 0 0 0 0 0 0 0 0 0 0 0 0 0 0 0 0 0 0 0 0 0 1 0 1 0 1 0 1 0 1 0 1 0 1 0 1 0 1 0 1 0 1 0 1 0 1 0 1 0 1 0 1 0 1 0 1 0 1 0 1 0 1 0 1 0 1 0 1 0 1 0 1 0 1 0 1 0 1 0 1 0 1 0 1 0 1 0 1 0 1 0 1 0 1 0 1 0 1 0 1 0 1 0 1 0 1 0 1 0 1 0 1 0 1 0 1 0 1 0 1 0 1 0 0 0 0 0 0 0 0 0 0 0 1 0 1 0 1 0 1 0 1 0 1 0 1 0 1 0 1 0 1 0 1 0 1 0 1 0 1 0 1 0 0 0 0 0 0 0 0 0 0 0 0 0 0 0 0 0 0 0 0 0 0 0 0 0 0 0 0 0 0 0 0 0 0 0 0 0 0 0 0 0 0 0 0 0 0 0 0 0 0 0 0 0 0 0 0 0 0 0 0 0 0 0 0 0 0 0 0 0 0 0 0 0 1 0 1 0 1 0 1 0 1 0 1 0 1 0 1 0 1 0 1 0 1 0 1 0 1 0 1 0 1 0 1 0 1 0 1 0 1 0 1 0 1 0 </v>
        </vertex_weights>
      </skin>
    </controller>
  </library_controllers>
  <library_visual_scenes>
    <visual_scene id="Scene" name="Scene">
      <node id="Armature" name="Armature" type="NODE">
        <matrix sid="transform">1 0 0 0 0 1 0 0 0 0 1 0 0 0 0 1</matrix>
        <node id="Armature_Root" name="Root" sid="Root" type="JOINT">
          <matrix sid="transform">1 0 0 0 0 1 0 0 0 0 1 0 0 0 0 1</matrix>
          <node id="Armature_Skl_Root" name="Skl_Root" sid="Skl_Root" type="JOINT">
            <matrix sid="transform">2.086163E-07 -5.960464E-08 1 0 1 2.086163E-07 -5.960464E-08 0 -5.960464E-08 1 2.086163E-07 0 0 0 0 1</matrix>
            <node id="Armature_Base" name="Base" sid="Base" type="JOINT">
              <matrix sid="transform">1 0 0 4.549641 0 1 0 0 0 0 1 0.0409877 0 0 0 1</matrix>
              <node id="Armature_Plant01" name="Plant01" sid="Plant01" type="JOINT">
                <matrix sid="transform">1 0 0 5.082482 0 1 0 0 0 0 1 -4.508653 0 0 0 1</matrix>
              </node>
              <node id="Armature_PlantTop" name="PlantTop" sid="PlantTop" type="JOINT">
                <matrix sid="transform">1 0 0 5.082482 0 1 0 0 0 0 1 3.360996 0 0 0 1</matrix>
              </node>
            </node>
          </node>
        </node>
      </node>
      <node id="L01_019__mTreeOakLeaf" name="L01_019__mTreeOakLeaf" type="NODE">
        <instance_controller url="#Armature_L01_019__mTreeOakLeaf-mesh">
          <skeleton>#Armature_Root</skeleton>
          <bind_material>
            <technique_common>
              <instance_material symbol="mTreeOakLeaf" target="#mTreeOakLeaf" />
              <bind_vertex_input semantic="CHANNEL0" input_semantic="TEXCOORD" input_set="0" />
              <bind_vertex_input semantic="CHANNEL1" input_semantic="TEXCOORD" input_set="1" />
              <bind_vertex_input semantic="CHANNEL2" input_semantic="TEXCOORD" input_set="2" />
            </technique_common>
          </bind_material>
        </instance_controller>
      </node>
      <node id="LB018__mTreeOakLeafBack" name="LB018__mTreeOakLeafBack" type="NODE">
        <instance_controller url="#Armature_LB018__mTreeOakLeafBack-mesh">
          <skeleton>#Armature_Root</skeleton>
          <bind_material>
            <technique_common>
              <instance_material symbol="mTreeOakLeafBack" target="#mTreeOakLeafBack" />
              <bind_vertex_input semantic="CHANNEL0" input_semantic="TEXCOORD" input_set="0" />
              <bind_vertex_input semantic="CHANNEL1" input_semantic="TEXCOORD" input_set="1" />
              <bind_vertex_input semantic="CHANNEL2" input_semantic="TEXCOORD" input_set="2" />
            </technique_common>
          </bind_material>
        </instance_controller>
      </node>
      <node id="TrunkBottom__mPltTreeOakTrunk" name="TrunkBottom__mPltTreeOakTrunk" type="NODE">
        <instance_controller url="#Armature_TrunkBottom__mPltTreeOakTrunk-mesh">
          <skeleton>#Armature_Root</skeleton>
          <bind_material>
            <technique_common>
              <instance_material symbol="mPltTreeOakTrunk" target="#mPltTreeOakTrunk" />
              <bind_vertex_input semantic="CHANNEL0" input_semantic="TEXCOORD" input_set="0" />
              <bind_vertex_input semantic="CHANNEL1" input_semantic="TEXCOORD" input_set="1" />
              <bind_vertex_input semantic="CHANNEL2" input_semantic="TEXCOORD" input_set="2" />
            </technique_common>
          </bind_material>
        </instance_controller>
      </node>
    </visual_scene>
  </library_visual_scenes>
  <scene>
    <instance_visual_scene url="#Scene" />
  </scene>
</COLLADA>